Log file open, 10/02/25 00:33:32
LogWindows: Failed to load 'aqProf.dll' (GetLastError=126)
LogWindows: File 'aqProf.dll' does not exist
LogWindows: Failed to load 'VtuneApi.dll' (GetLastError=126)
LogWindows: File 'VtuneApi.dll' does not exist
LogWindows: Failed to load 'VtuneApi32e.dll' (GetLastError=126)
LogWindows: File 'VtuneApi32e.dll' does not exist
LogConsoleResponse: Display: Failed to find resolution value strings in scalability ini. Falling back to default.
LogConsoleResponse: Display: Failed to find resolution value strings in scalability ini. Falling back to default.
LogInit: Display: Running engine for game: TasteOfMadness
LogPlatformFile: Not using cached read wrapper
LogTaskGraph: Started task graph with 5 named threads and 35 total threads with 3 sets of task threads.
LogStats: Stats thread started at 0.454486
LogICUInternationalization: ICU TimeZone Detection - Raw Offset: -6:00, Platform Override: ''
LogInit: Display: Loading text-based GConfig....
LogPluginManager: Mounting plugin MeshPainting
LogPluginManager: Mounting plugin XGEController
LogPluginManager: Mounting plugin Paper2D
LogPluginManager: Mounting plugin AISupport
LogPluginManager: Mounting plugin LightPropagationVolume
LogPluginManager: Mounting plugin EnvironmentQueryEditor
LogPluginManager: Mounting plugin CameraShakePreviewer
LogPluginManager: Mounting plugin LiveLink
LogPluginManager: Mounting plugin GameplayCameras
LogPluginManager: Mounting plugin OodleData
LogPluginManager: Mounting plugin OodleNetwork
LogPluginManager: Mounting plugin AnimationSharing
LogPluginManager: Mounting plugin CLionSourceCodeAccess
LogPluginManager: Mounting plugin CodeLiteSourceCodeAccess
LogPluginManager: Mounting plugin GitSourceControl
LogPluginManager: Mounting plugin KDevelopSourceCodeAccess
LogPluginManager: Mounting plugin NullSourceCodeAccess
LogPluginManager: Mounting plugin PerforceSourceControl
LogPluginManager: Mounting plugin PlasticSourceControl
LogPluginManager: Mounting plugin PixWinPlugin
LogPluginManager: Mounting plugin PluginUtils
LogPluginManager: Mounting plugin PropertyAccessNode
LogPluginManager: Mounting plugin AssetManagerEditor
LogPluginManager: Mounting plugin RiderSourceCodeAccess
LogPluginManager: Mounting plugin SubversionSourceControl
LogPluginManager: Mounting plugin TextureFormatOodle
LogPluginManager: Mounting plugin UObjectPlugin
LogPluginManager: Mounting plugin VisualStudioCodeSourceCodeAccess
LogPluginManager: Mounting plugin VisualStudioSourceCodeAccess
LogPluginManager: Mounting plugin XCodeSourceCodeAccess
LogPluginManager: Mounting plugin CryptoKeys
LogPluginManager: Mounting plugin CurveEditorTools
LogPluginManager: Mounting plugin DataValidation
LogPluginManager: Mounting plugin FacialAnimation
LogPluginManager: Mounting plugin GeometryMode
LogPluginManager: Mounting plugin GameplayTagsEditor
LogPluginManager: Mounting plugin MacGraphicsSwitching
LogPluginManager: Mounting plugin MaterialAnalyzer
LogPluginManager: Mounting plugin MobileLauncherProfileWizard
LogPluginManager: Mounting plugin PluginBrowser
LogPluginManager: Mounting plugin SpeedTreeImporter
LogPluginManager: Mounting plugin DatasmithContent
LogPluginManager: Mounting plugin Niagara
LogPluginManager: Mounting plugin VariantManagerContent
LogPluginManager: Mounting plugin AlembicImporter
LogPluginManager: Mounting plugin AutomationUtils
LogPluginManager: Mounting plugin BackChannel
LogPluginManager: Mounting plugin ChaosCloth
LogPluginManager: Mounting plugin ChaosClothEditor
LogPluginManager: Mounting plugin ChaosEditor
LogPluginManager: Mounting plugin ChaosSolverPlugin
LogPluginManager: Mounting plugin ChaosNiagara
LogPluginManager: Mounting plugin CharacterAI
LogPluginManager: Mounting plugin GeometryCache
LogPluginManager: Mounting plugin GeometryCollectionPlugin
LogPluginManager: Mounting plugin GeometryProcessing
LogPluginManager: Mounting plugin MotoSynth
LogPluginManager: Mounting plugin OpenImageDenoise
LogPluginManager: Mounting plugin PlanarCut
LogPluginManager: Mounting plugin PlatformCrypto
LogPluginManager: Mounting plugin ProxyLODPlugin
LogPluginManager: Mounting plugin PythonScriptPlugin
LogPluginManager: Mounting plugin SkeletalReduction
LogPluginManager: Mounting plugin LuminPlatformFeatures
LogPluginManager: Mounting plugin MagicLeap
LogPluginManager: Mounting plugin MagicLeapLightEstimation
LogPluginManager: Mounting plugin MagicLeapMedia
LogPluginManager: Mounting plugin AndroidMedia
LogPluginManager: Mounting plugin MagicLeapPassableWorld
LogPluginManager: Mounting plugin MLSDK
LogPluginManager: Mounting plugin AvfMedia
LogPluginManager: Mounting plugin ImgMedia
LogPluginManager: Mounting plugin MediaCompositing
LogPluginManager: Mounting plugin TcpMessaging
LogPluginManager: Mounting plugin UdpMessaging
LogPluginManager: Mounting plugin MediaPlayerEditor
LogPluginManager: Mounting plugin ActorSequence
LogPluginManager: Mounting plugin WebMMedia
LogPluginManager: Mounting plugin WmfMedia
LogPluginManager: Mounting plugin LevelSequenceEditor
LogPluginManager: Mounting plugin MatineeToLevelSequence
LogPluginManager: Mounting plugin TemplateSequence
LogPluginManager: Mounting plugin OnlineSubsystem
LogPluginManager: Mounting plugin OnlineSubsystemNull
LogPluginManager: Mounting plugin LauncherChunkInstaller
LogPluginManager: Mounting plugin ActorLayerUtilities
LogPluginManager: Mounting plugin OnlineSubsystemUtils
LogPluginManager: Mounting plugin AndroidDeviceProfileSelector
LogPluginManager: Mounting plugin AndroidMoviePlayer
LogPluginManager: Mounting plugin AndroidPermission
LogPluginManager: Mounting plugin AppleImageUtils
LogPluginManager: Mounting plugin AppleMoviePlayer
LogPluginManager: Mounting plugin ArchVisCharacter
LogPluginManager: Mounting plugin AssetTags
LogPluginManager: Mounting plugin AudioCapture
LogPluginManager: Mounting plugin AudioSynesthesia
LogPluginManager: Mounting plugin CableComponent
LogPluginManager: Mounting plugin ChunkDownloader
LogPluginManager: Mounting plugin CustomMeshComponent
LogPluginManager: Mounting plugin EditableMesh
LogPluginManager: Mounting plugin ExampleDeviceProfileSelector
LogPluginManager: Mounting plugin GoogleCloudMessaging
LogPluginManager: Mounting plugin GooglePAD
LogPluginManager: Mounting plugin IOSDeviceProfileSelector
LogPluginManager: Mounting plugin LinuxDeviceProfileSelector
LogPluginManager: Mounting plugin LocationServicesBPLibrary
LogPluginManager: Mounting plugin MobilePatchingUtils
LogPluginManager: Mounting plugin OpenXR
LogPluginManager: Mounting plugin OpenXREyeTracker
LogPluginManager: Mounting plugin OpenXRHandTracking
LogPluginManager: Mounting plugin PhysXVehicles
LogPluginManager: Mounting plugin PostSplashScreen
LogPluginManager: Mounting plugin ProceduralMeshComponent
LogPluginManager: Mounting plugin PropertyAccessEditor
LogPluginManager: Mounting plugin RuntimePhysXCooking
LogPluginManager: Mounting plugin SignificanceManager
LogPluginManager: Mounting plugin SoundFields
LogPluginManager: Mounting plugin Synthesis
LogPluginManager: Mounting plugin WebMMoviePlayer
LogPluginManager: Mounting plugin WindowsMoviePlayer
LogPluginManager: Mounting plugin ScreenshotTools
LogPluginManager: Mounting plugin Takes
LogPluginManager: Mounting plugin ContentBrowserAssetDataSource
LogPluginManager: Mounting plugin ContentBrowserClassDataSource
LogPluginManager: Mounting plugin ContentBrowserFileDataSource
LogPluginManager: Mounting plugin OnlineSubsystemGooglePlay
LogPluginManager: Mounting plugin OnlineSubsystemIOS
LogPluginManager: Mounting plugin OculusVR
LogPluginManager: Mounting plugin SteamVR
PixWinPlugin: PIX capture plugin failed to initialize! Check that the process is launched from PIX.
LogInit: Using libcurl 7.55.1-DEV
LogInit:  - built for x86_64-pc-win32
LogInit:  - supports SSL with OpenSSL/1.1.1
LogInit:  - supports HTTP deflate (compression) using libz 1.2.8
LogInit:  - other features:
LogInit:      CURL_VERSION_SSL
LogInit:      CURL_VERSION_LIBZ
LogInit:      CURL_VERSION_IPV6
LogInit:      CURL_VERSION_ASYNCHDNS
LogInit:      CURL_VERSION_LARGEFILE
LogInit:      CURL_VERSION_IDN
LogInit:  CurlRequestOptions (configurable via config and command line):
LogInit:  - bVerifyPeer = true  - Libcurl will verify peer certificate
LogInit:  - bUseHttpProxy = false  - Libcurl will NOT use HTTP proxy
LogInit:  - bDontReuseConnections = false  - Libcurl will reuse connections
LogInit:  - MaxHostConnections = 16  - Libcurl will limit the number of connections to a host
LogInit:  - LocalHostAddr = Default
LogInit:  - BufferSize = 65536
LogOnline: OSS: Creating online subsystem instance for: NULL
LogInit: WinSock: version 1.1 (2.2), MaxSocks=32767, MaxUdp=65467
LogOnline: OSS: TryLoadSubsystemAndSetDefault: Loaded subsystem for module [NULL]
LogOculusPluginWrapper: OculusPlugin initialized successfully
LogHMD: Failed initializing OVRPlugin 1.59.0
LogInit: Build: ++UE4+Release-4.27-CL-18319896
LogInit: Engine Version: 4.27.2-18319896+++UE4+Release-4.27
LogInit: Compatible Engine Version: 4.27.0-17155196+++UE4+Release-4.27
LogInit: Net CL: 17155196
LogInit: OS: Windows 10 (Release 2009) (), CPU: 11th Gen Intel(R) Core(TM) i5-11400H @ 2.70GHz, GPU: Intel(R) UHD Graphics
LogInit: Compiled (64-bit): Nov 30 2021 07:12:08
LogInit: Compiled with Visual C++: 19.24.28315.00
LogInit: Build Configuration: Development
LogInit: Branch Name: ++UE4+Release-4.27
LogInit: Command Line:  -AUTH_LOGIN=unused -AUTH_PASSWORD=2f7c0935d5474a17b6761f78479db85d -AUTH_TYPE=exchangecode -epicapp=UE_4.27 -epicenv=Prod -EpicPortal -epicusername=Geranetor -epicuserid=80d74a91cbd847fe82e7b6a734b4aa1f -epiclocale=en -epicsandboxid=ue
LogInit: Base Directory: F:/Games/UE_4.27/Engine/Binaries/Win64/
LogInit: Allocator: TBB
LogInit: Installed Engine Build: 1
LogDevObjectVersion: Number of dev versions registered: 29
LogDevObjectVersion:   Dev-Blueprints (B0D832E4-1F89-4F0D-ACCF-7EB736FD4AA2): 10
LogDevObjectVersion:   Dev-Build (E1C64328-A22C-4D53-A36C-8E866417BD8C): 0
LogDevObjectVersion:   Dev-Core (375EC13C-06E4-48FB-B500-84F0262A717E): 4
LogDevObjectVersion:   Dev-Editor (E4B068ED-F494-42E9-A231-DA0B2E46BB41): 40
LogDevObjectVersion:   Dev-Framework (CFFC743F-43B0-4480-9391-14DF171D2073): 37
LogDevObjectVersion:   Dev-Mobile (B02B49B5-BB20-44E9-A304-32B752E40360): 3
LogDevObjectVersion:   Dev-Networking (A4E4105C-59A1-49B5-A7C5-40C4547EDFEE): 0
LogDevObjectVersion:   Dev-Online (39C831C9-5AE6-47DC-9A44-9C173E1C8E7C): 0
LogDevObjectVersion:   Dev-Physics (78F01B33-EBEA-4F98-B9B4-84EACCB95AA2): 14
LogDevObjectVersion:   Dev-Platform (6631380F-2D4D-43E0-8009-CF276956A95A): 0
LogDevObjectVersion:   Dev-Rendering (12F88B9F-8875-4AFC-A67C-D90C383ABD29): 45
LogDevObjectVersion:   Dev-Sequencer (7B5AE74C-D270-4C10-A958-57980B212A5A): 13
LogDevObjectVersion:   Dev-VR (D7296918-1DD6-4BDD-9DE2-64A83CC13884): 3
LogDevObjectVersion:   Dev-LoadTimes (C2A15278-BFE7-4AFE-6C17-90FF531DF755): 1
LogDevObjectVersion:   Private-Geometry (6EACA3D4-40EC-4CC1-B786-8BED09428FC5): 3
LogDevObjectVersion:   Dev-AnimPhys (29E575DD-E0A3-4627-9D10-D276232CDCEA): 17
LogDevObjectVersion:   Dev-Anim (AF43A65D-7FD3-4947-9873-3E8ED9C1BB05): 15
LogDevObjectVersion:   Dev-ReflectionCapture (6B266CEC-1EC7-4B8F-A30B-E4D90942FC07): 1
LogDevObjectVersion:   Dev-Automation (0DF73D61-A23F-47EA-B727-89E90C41499A): 1
LogDevObjectVersion:   FortniteMain (601D1886-AC64-4F84-AA16-D3DE0DEAC7D6): 47
LogDevObjectVersion:   FortniteRelease (E7086368-6B23-4C58-8439-1B7016265E91): 1
LogDevObjectVersion:   Dev-Enterprise (9DFFBCD6-494F-0158-E221-12823C92A888): 10
LogDevObjectVersion:   Dev-Niagara (F2AED0AC-9AFE-416F-8664-AA7FFA26D6FC): 1
LogDevObjectVersion:   Dev-Destruction (174F1F0B-B4C6-45A5-B13F-2EE8D0FB917D): 10
LogDevObjectVersion:   Dev-Physics-Ext (35F94A83-E258-406C-A318-09F59610247C): 41
LogDevObjectVersion:   Dev-PhysicsMaterial-Chaos (B68FC16E-8B1B-42E2-B453-215C058844FE): 1
LogDevObjectVersion:   Dev-CineCamera (B2E18506-4273-CFC2-A54E-F4BB758BBA07): 1
LogDevObjectVersion:   Dev-VirtualProduction (64F58936-FD1B-42BA-BA96-7289D5D0FA4E): 1
LogDevObjectVersion:   Dev-MediaFramework (6F0ED827-A609-4895-9C91-998D90180EA4): 2
LogInit: Presizing for max 25165824 objects, including 0 objects not considered by GC, pre-allocating 0 bytes for permanent pool.
LogConfig: Applying CVar settings from Section [/Script/Engine.StreamingSettings] File [F:/Proyectos UE 4.27/TasteOfMadness/TasteOfMadness/Saved/Config/Windows/Engine.ini]
LogConfig: Setting CVar [[s.MinBulkDataSizeForAsyncLoading:131072]]
LogConfig: Setting CVar [[s.AsyncLoadingThreadEnabled:0]]
LogConfig: Setting CVar [[s.EventDrivenLoaderEnabled:1]]
LogConfig: Setting CVar [[s.WarnIfTimeLimitExceeded:0]]
LogConfig: Setting CVar [[s.TimeLimitExceededMultiplier:1.5]]
LogConfig: Setting CVar [[s.TimeLimitExceededMinTime:0.005]]
LogConfig: Setting CVar [[s.UseBackgroundLevelStreaming:1]]
LogConfig: Setting CVar [[s.PriorityAsyncLoadingExtraTime:15.0]]
LogConfig: Setting CVar [[s.LevelStreamingActorsUpdateTimeLimit:5.0]]
LogConfig: Setting CVar [[s.PriorityLevelStreamingActorsUpdateExtraTime:5.0]]
LogConfig: Setting CVar [[s.LevelStreamingComponentsRegistrationGranularity:10]]
LogConfig: Setting CVar [[s.UnregisterComponentsTimeLimit:1.0]]
LogConfig: Setting CVar [[s.LevelStreamingComponentsUnregistrationGranularity:5]]
LogConfig: Setting CVar [[s.FlushStreamingOnExit:1]]
LogInit: Object subsystem initialized
LogConfig: Setting CVar [[con.DebugEarlyDefault:1]]
LogConfig: Setting CVar [[r.setres:1280x720]]
[2025.10.02-06.33.32:642][  0]LogConfig: Setting CVar [[r.VSync:0]]
[2025.10.02-06.33.32:642][  0]LogConfig: Setting CVar [[r.RHICmdBypass:0]]
[2025.10.02-06.33.32:642][  0]LogConfig: Applying CVar settings from Section [/Script/Engine.RendererSettings] File [F:/Proyectos UE 4.27/TasteOfMadness/TasteOfMadness/Saved/Config/Windows/Engine.ini]
[2025.10.02-06.33.32:642][  0]LogConfig: Setting CVar [[r.GPUCrashDebugging:0]]
[2025.10.02-06.33.32:642][  0]LogConfig: Applying CVar settings from Section [/Script/Engine.RendererOverrideSettings] File [F:/Proyectos UE 4.27/TasteOfMadness/TasteOfMadness/Saved/Config/Windows/Engine.ini]
[2025.10.02-06.33.32:642][  0]LogConfig: Applying CVar settings from Section [/Script/Engine.StreamingSettings] File [F:/Proyectos UE 4.27/TasteOfMadness/TasteOfMadness/Saved/Config/Windows/Engine.ini]
[2025.10.02-06.33.32:642][  0]LogConfig: Setting CVar [[s.MinBulkDataSizeForAsyncLoading:131072]]
[2025.10.02-06.33.32:642][  0]LogConfig: Setting CVar [[s.AsyncLoadingThreadEnabled:0]]
[2025.10.02-06.33.32:642][  0]LogConfig: Setting CVar [[s.EventDrivenLoaderEnabled:1]]
[2025.10.02-06.33.32:642][  0]LogConfig: Setting CVar [[s.WarnIfTimeLimitExceeded:0]]
[2025.10.02-06.33.32:642][  0]LogConfig: Setting CVar [[s.TimeLimitExceededMultiplier:1.5]]
[2025.10.02-06.33.32:642][  0]LogConfig: Setting CVar [[s.TimeLimitExceededMinTime:0.005]]
[2025.10.02-06.33.32:642][  0]LogConfig: Setting CVar [[s.UseBackgroundLevelStreaming:1]]
[2025.10.02-06.33.32:642][  0]LogConfig: Setting CVar [[s.PriorityAsyncLoadingExtraTime:15.0]]
[2025.10.02-06.33.32:642][  0]LogConfig: Setting CVar [[s.LevelStreamingActorsUpdateTimeLimit:5.0]]
[2025.10.02-06.33.32:642][  0]LogConfig: Setting CVar [[s.PriorityLevelStreamingActorsUpdateExtraTime:5.0]]
[2025.10.02-06.33.32:642][  0]LogConfig: Setting CVar [[s.LevelStreamingComponentsRegistrationGranularity:10]]
[2025.10.02-06.33.32:642][  0]LogConfig: Setting CVar [[s.UnregisterComponentsTimeLimit:1.0]]
[2025.10.02-06.33.32:642][  0]LogConfig: Setting CVar [[s.LevelStreamingComponentsUnregistrationGranularity:5]]
[2025.10.02-06.33.32:642][  0]LogConfig: Setting CVar [[s.FlushStreamingOnExit:1]]
[2025.10.02-06.33.32:642][  0]LogConfig: Applying CVar settings from Section [/Script/Engine.GarbageCollectionSettings] File [F:/Proyectos UE 4.27/TasteOfMadness/TasteOfMadness/Saved/Config/Windows/Engine.ini]
[2025.10.02-06.33.32:642][  0]LogConfig: Setting CVar [[gc.MaxObjectsNotConsideredByGC:1]]
[2025.10.02-06.33.32:642][  0]LogConfig: Setting CVar [[gc.SizeOfPermanentObjectPool:0]]
[2025.10.02-06.33.32:642][  0]LogConfig: Setting CVar [[gc.FlushStreamingOnGC:0]]
[2025.10.02-06.33.32:642][  0]LogConfig: Setting CVar [[gc.NumRetriesBeforeForcingGC:10]]
[2025.10.02-06.33.32:642][  0]LogConfig: Setting CVar [[gc.AllowParallelGC:1]]
[2025.10.02-06.33.32:642][  0]LogConfig: Setting CVar [[gc.TimeBetweenPurgingPendingKillObjects:61.1]]
[2025.10.02-06.33.32:642][  0]LogConfig: Setting CVar [[gc.MaxObjectsInEditor:25165824]]
[2025.10.02-06.33.32:642][  0]LogConfig: Setting CVar [[gc.IncrementalBeginDestroyEnabled:1]]
[2025.10.02-06.33.32:642][  0]LogConfig: Setting CVar [[gc.CreateGCClusters:1]]
[2025.10.02-06.33.32:642][  0]LogConfig: Setting CVar [[gc.MinGCClusterSize:5]]
[2025.10.02-06.33.32:642][  0]LogConfig: Setting CVar [[gc.ActorClusteringEnabled:0]]
[2025.10.02-06.33.32:642][  0]LogConfig: Setting CVar [[gc.BlueprintClusteringEnabled:0]]
[2025.10.02-06.33.32:642][  0]LogConfig: Setting CVar [[gc.UseDisregardForGCOnDedicatedServers:0]]
[2025.10.02-06.33.32:642][  0]LogConfig: Setting CVar [[gc.MultithreadedDestructionEnabled:1]]
[2025.10.02-06.33.32:642][  0]LogConfig: Applying CVar settings from Section [/Script/Engine.NetworkSettings] File [F:/Proyectos UE 4.27/TasteOfMadness/TasteOfMadness/Saved/Config/Windows/Engine.ini]
[2025.10.02-06.33.32:642][  0]LogConfig: Applying CVar settings from Section [/Script/UnrealEd.CookerSettings] File [F:/Proyectos UE 4.27/TasteOfMadness/TasteOfMadness/Saved/Config/Windows/Engine.ini]
[2025.10.02-06.33.32:659][  0]LogConfig: Applying CVar settings from Section [ViewDistanceQuality@3] File [F:/Proyectos UE 4.27/TasteOfMadness/TasteOfMadness/Saved/Config/Windows/Scalability.ini]
[2025.10.02-06.33.32:659][  0]LogConfig: Setting CVar [[r.SkeletalMeshLODBias:0]]
[2025.10.02-06.33.32:659][  0]LogConfig: Setting CVar [[r.ViewDistanceScale:1.0]]
[2025.10.02-06.33.32:659][  0]LogConfig: Applying CVar settings from Section [AntiAliasingQuality@3] File [F:/Proyectos UE 4.27/TasteOfMadness/TasteOfMadness/Saved/Config/Windows/Scalability.ini]
[2025.10.02-06.33.32:661][  0]LogConfig: Setting CVar [[r.PostProcessAAQuality:4]]
[2025.10.02-06.33.32:661][  0]LogConfig: Applying CVar settings from Section [ShadowQuality@3] File [F:/Proyectos UE 4.27/TasteOfMadness/TasteOfMadness/Saved/Config/Windows/Scalability.ini]
[2025.10.02-06.33.32:661][  0]LogConfig: Setting CVar [[r.LightFunctionQuality:1]]
[2025.10.02-06.33.32:661][  0]LogConfig: Setting CVar [[r.ShadowQuality:5]]
[2025.10.02-06.33.32:661][  0]LogConfig: Setting CVar [[r.Shadow.CSM.MaxCascades:10]]
[2025.10.02-06.33.32:661][  0]LogConfig: Setting CVar [[r.Shadow.MaxResolution:2048]]
[2025.10.02-06.33.32:661][  0]LogConfig: Setting CVar [[r.Shadow.MaxCSMResolution:2048]]
[2025.10.02-06.33.32:661][  0]LogConfig: Setting CVar [[r.Shadow.RadiusThreshold:0.01]]
[2025.10.02-06.33.32:661][  0]LogConfig: Setting CVar [[r.Shadow.DistanceScale:1.0]]
[2025.10.02-06.33.32:661][  0]LogConfig: Setting CVar [[r.Shadow.CSM.TransitionScale:1.0]]
[2025.10.02-06.33.32:661][  0]LogConfig: Setting CVar [[r.Shadow.PreShadowResolutionFactor:1.0]]
[2025.10.02-06.33.32:661][  0]LogConfig: Setting CVar [[r.DistanceFieldShadowing:1]]
[2025.10.02-06.33.32:661][  0]LogConfig: Setting CVar [[r.DistanceFieldAO:1]]
[2025.10.02-06.33.32:661][  0]LogConfig: Setting CVar [[r.AOQuality:2]]
[2025.10.02-06.33.32:661][  0]LogConfig: Setting CVar [[r.VolumetricFog:1]]
[2025.10.02-06.33.32:661][  0]LogConfig: Setting CVar [[r.VolumetricFog.GridPixelSize:8]]
[2025.10.02-06.33.32:661][  0]LogConfig: Setting CVar [[r.VolumetricFog.GridSizeZ:128]]
[2025.10.02-06.33.32:661][  0]LogConfig: Setting CVar [[r.VolumetricFog.HistoryMissSupersampleCount:4]]
[2025.10.02-06.33.32:661][  0]LogConfig: Setting CVar [[r.LightMaxDrawDistanceScale:1]]
[2025.10.02-06.33.32:661][  0]LogConfig: Setting CVar [[r.CapsuleShadows:1]]
[2025.10.02-06.33.32:661][  0]LogConfig: Applying CVar settings from Section [PostProcessQuality@3] File [F:/Proyectos UE 4.27/TasteOfMadness/TasteOfMadness/Saved/Config/Windows/Scalability.ini]
[2025.10.02-06.33.32:661][  0]LogConfig: Setting CVar [[r.MotionBlurQuality:4]]
[2025.10.02-06.33.32:661][  0]LogConfig: Setting CVar [[r.AmbientOcclusionMipLevelFactor:0.4]]
[2025.10.02-06.33.32:661][  0]LogConfig: Setting CVar [[r.AmbientOcclusionMaxQuality:100]]
[2025.10.02-06.33.32:661][  0]LogConfig: Setting CVar [[r.AmbientOcclusionLevels:-1]]
[2025.10.02-06.33.32:661][  0]LogConfig: Setting CVar [[r.AmbientOcclusionRadiusScale:1.0]]
[2025.10.02-06.33.32:661][  0]LogConfig: Setting CVar [[r.DepthOfFieldQuality:2]]
[2025.10.02-06.33.32:661][  0]LogConfig: Setting CVar [[r.RenderTargetPoolMin:400]]
[2025.10.02-06.33.32:661][  0]LogConfig: Setting CVar [[r.LensFlareQuality:2]]
[2025.10.02-06.33.32:661][  0]LogConfig: Setting CVar [[r.SceneColorFringeQuality:1]]
[2025.10.02-06.33.32:661][  0]LogConfig: Setting CVar [[r.EyeAdaptationQuality:2]]
[2025.10.02-06.33.32:661][  0]LogConfig: Setting CVar [[r.BloomQuality:5]]
[2025.10.02-06.33.32:661][  0]LogConfig: Setting CVar [[r.FastBlurThreshold:100]]
[2025.10.02-06.33.32:661][  0]LogConfig: Setting CVar [[r.Upscale.Quality:3]]
[2025.10.02-06.33.32:661][  0]LogConfig: Setting CVar [[r.Tonemapper.GrainQuantization:1]]
[2025.10.02-06.33.32:661][  0]LogConfig: Setting CVar [[r.LightShaftQuality:1]]
[2025.10.02-06.33.32:661][  0]LogConfig: Setting CVar [[r.Filter.SizeScale:1]]
[2025.10.02-06.33.32:661][  0]LogConfig: Setting CVar [[r.Tonemapper.Quality:5]]
[2025.10.02-06.33.32:661][  0]LogConfig: Setting CVar [[r.DOF.Gather.AccumulatorQuality:1        ; higher gathering accumulator quality]]
[2025.10.02-06.33.32:661][  0]LogConfig: Setting CVar [[r.DOF.Gather.PostfilterMethod:1          ; Median3x3 postfilering method]]
[2025.10.02-06.33.32:661][  0]LogConfig: Setting CVar [[r.DOF.Gather.EnableBokehSettings:0       ; no bokeh simulation when gathering]]
[2025.10.02-06.33.32:661][  0]LogConfig: Setting CVar [[r.DOF.Gather.RingCount:4                 ; medium number of samples when gathering]]
[2025.10.02-06.33.32:661][  0]LogConfig: Setting CVar [[r.DOF.Scatter.ForegroundCompositing:1    ; additive foreground scattering]]
[2025.10.02-06.33.32:661][  0]LogConfig: Setting CVar [[r.DOF.Scatter.BackgroundCompositing:2    ; additive background scattering]]
[2025.10.02-06.33.32:661][  0]LogConfig: Setting CVar [[r.DOF.Scatter.EnableBokehSettings:1      ; bokeh simulation when scattering]]
[2025.10.02-06.33.32:661][  0]LogConfig: Setting CVar [[r.DOF.Scatter.MaxSpriteRatio:0.1         ; only a maximum of 10% of scattered bokeh]]
[2025.10.02-06.33.32:661][  0]LogConfig: Setting CVar [[r.DOF.Recombine.Quality:1                ; cheap slight out of focus]]
[2025.10.02-06.33.32:661][  0]LogConfig: Setting CVar [[r.DOF.Recombine.EnableBokehSettings:0    ; no bokeh simulation on slight out of focus]]
[2025.10.02-06.33.32:661][  0]LogConfig: Setting CVar [[r.DOF.TemporalAAQuality:1                ; more stable temporal accumulation]]
[2025.10.02-06.33.32:661][  0]LogConfig: Setting CVar [[r.DOF.Kernel.MaxForegroundRadius:0.025]]
[2025.10.02-06.33.32:661][  0]LogConfig: Setting CVar [[r.DOF.Kernel.MaxBackgroundRadius:0.025]]
[2025.10.02-06.33.32:661][  0]LogConfig: Applying CVar settings from Section [TextureQuality@3] File [F:/Proyectos UE 4.27/TasteOfMadness/TasteOfMadness/Saved/Config/Windows/Scalability.ini]
[2025.10.02-06.33.32:661][  0]LogConfig: Setting CVar [[r.Streaming.MipBias:0]]
[2025.10.02-06.33.32:661][  0]LogConfig: Setting CVar [[r.Streaming.AmortizeCPUToGPUCopy:0]]
[2025.10.02-06.33.32:661][  0]LogConfig: Setting CVar [[r.Streaming.MaxNumTexturesToStreamPerFrame:0]]
[2025.10.02-06.33.32:661][  0]LogConfig: Setting CVar [[r.Streaming.Boost:1]]
[2025.10.02-06.33.32:661][  0]LogConfig: Setting CVar [[r.MaxAnisotropy:8]]
[2025.10.02-06.33.32:661][  0]LogConfig: Setting CVar [[r.VT.MaxAnisotropy:8]]
[2025.10.02-06.33.32:661][  0]LogConfig: Setting CVar [[r.Streaming.LimitPoolSizeToVRAM:0]]
[2025.10.02-06.33.32:661][  0]LogConfig: Setting CVar [[r.Streaming.PoolSize:1000]]
[2025.10.02-06.33.32:661][  0]LogConfig: Setting CVar [[r.Streaming.MaxEffectiveScreenSize:0]]
[2025.10.02-06.33.32:661][  0]LogConfig: Applying CVar settings from Section [EffectsQuality@3] File [F:/Proyectos UE 4.27/TasteOfMadness/TasteOfMadness/Saved/Config/Windows/Scalability.ini]
[2025.10.02-06.33.32:661][  0]LogConfig: Setting CVar [[r.TranslucencyLightingVolumeDim:64]]
[2025.10.02-06.33.32:661][  0]LogConfig: Setting CVar [[r.RefractionQuality:2]]
[2025.10.02-06.33.32:661][  0]LogConfig: Setting CVar [[r.SSR.Quality:3]]
[2025.10.02-06.33.32:661][  0]LogConfig: Setting CVar [[r.SSR.HalfResSceneColor:0]]
[2025.10.02-06.33.32:661][  0]LogConfig: Setting CVar [[r.SceneColorFormat:4]]
[2025.10.02-06.33.32:661][  0]LogConfig: Setting CVar [[r.DetailMode:2]]
[2025.10.02-06.33.32:661][  0]LogConfig: Setting CVar [[r.TranslucencyVolumeBlur:1]]
[2025.10.02-06.33.32:661][  0]LogConfig: Setting CVar [[r.MaterialQualityLevel:1 ; High quality]]
[2025.10.02-06.33.32:661][  0]LogConfig: Setting CVar [[r.AnisotropicMaterials:1]]
[2025.10.02-06.33.32:661][  0]LogConfig: Setting CVar [[r.SSS.Scale:1]]
[2025.10.02-06.33.32:661][  0]LogConfig: Setting CVar [[r.SSS.SampleSet:2]]
[2025.10.02-06.33.32:661][  0]LogConfig: Setting CVar [[r.SSS.Quality:1]]
[2025.10.02-06.33.32:661][  0]LogConfig: Setting CVar [[r.SSS.HalfRes:0]]
[2025.10.02-06.33.32:661][  0]LogConfig: Setting CVar [[r.SSGI.Quality:3]]
[2025.10.02-06.33.32:661][  0]LogConfig: Setting CVar [[r.EmitterSpawnRateScale:1.0]]
[2025.10.02-06.33.32:661][  0]LogConfig: Setting CVar [[r.ParticleLightQuality:2]]
[2025.10.02-06.33.32:661][  0]LogConfig: Setting CVar [[r.SkyAtmosphere.AerialPerspectiveLUT.FastApplyOnOpaque:1 ; Always have FastSkyLUT 1 in this case to avoid wrong sky]]
[2025.10.02-06.33.32:661][  0]LogConfig: Setting CVar [[r.SkyAtmosphere.AerialPerspectiveLUT.SampleCountMaxPerSlice:4]]
[2025.10.02-06.33.32:661][  0]LogConfig: Setting CVar [[r.SkyAtmosphere.AerialPerspectiveLUT.DepthResolution:16.0]]
[2025.10.02-06.33.32:661][  0]LogConfig: Setting CVar [[r.SkyAtmosphere.FastSkyLUT:1]]
[2025.10.02-06.33.32:661][  0]LogConfig: Setting CVar [[r.SkyAtmosphere.FastSkyLUT.SampleCountMin:4.0]]
[2025.10.02-06.33.32:661][  0]LogConfig: Setting CVar [[r.SkyAtmosphere.FastSkyLUT.SampleCountMax:128.0]]
[2025.10.02-06.33.32:661][  0]LogConfig: Setting CVar [[r.SkyAtmosphere.SampleCountMin:4.0]]
[2025.10.02-06.33.32:661][  0]LogConfig: Setting CVar [[r.SkyAtmosphere.SampleCountMax:128.0]]
[2025.10.02-06.33.32:661][  0]LogConfig: Setting CVar [[r.SkyAtmosphere.TransmittanceLUT.UseSmallFormat:0]]
[2025.10.02-06.33.32:661][  0]LogConfig: Setting CVar [[r.SkyAtmosphere.TransmittanceLUT.SampleCount:10.0]]
[2025.10.02-06.33.32:661][  0]LogConfig: Setting CVar [[r.SkyAtmosphere.MultiScatteringLUT.SampleCount:15.0]]
[2025.10.02-06.33.32:661][  0]LogConfig: Setting CVar [[r.SkyLight.RealTimeReflectionCapture:1]]
[2025.10.02-06.33.32:661][  0]LogConfig: Applying CVar settings from Section [FoliageQuality@3] File [F:/Proyectos UE 4.27/TasteOfMadness/TasteOfMadness/Saved/Config/Windows/Scalability.ini]
[2025.10.02-06.33.32:662][  0]LogConfig: Setting CVar [[foliage.DensityScale:1.0]]
[2025.10.02-06.33.32:662][  0]LogConfig: Setting CVar [[grass.DensityScale:1.0]]
[2025.10.02-06.33.32:662][  0]LogConfig: Applying CVar settings from Section [ShadingQuality@3] File [F:/Proyectos UE 4.27/TasteOfMadness/TasteOfMadness/Saved/Config/Windows/Scalability.ini]
[2025.10.02-06.33.32:662][  0]LogConfig: Setting CVar [[r.HairStrands.SkyLighting.IntegrationType:2]]
[2025.10.02-06.33.32:662][  0]LogConfig: Setting CVar [[r.HairStrands.SkyAO.SampleCount:4]]
[2025.10.02-06.33.32:662][  0]LogConfig: Setting CVar [[r.HairStrands.Visibility.MSAA.SamplePerPixel:4]]
[2025.10.02-06.33.32:662][  0]LogInit: Selected Device Profile: [Windows]
[2025.10.02-06.33.32:662][  0]LogInit: Applying CVar settings loaded from the selected device profile: [Windows]
[2025.10.02-06.33.32:662][  0]LogHAL: Display: Platform has ~ 32 GB [34115739648 / 34359738368 / 32], which maps to Largest [LargestMinGB=32, LargerMinGB=12, DefaultMinGB=8, SmallerMinGB=6, SmallestMinGB=0)
[2025.10.02-06.33.32:662][  0]LogInit: Going up to parent DeviceProfile []
[2025.10.02-06.33.32:662][  0]LogConfig: Applying CVar settings from Section [ViewDistanceQuality@3] File [F:/Proyectos UE 4.27/TasteOfMadness/TasteOfMadness/Saved/Config/Windows/Scalability.ini]
[2025.10.02-06.33.32:662][  0]LogConfig: Setting CVar [[r.SkeletalMeshLODBias:0]]
[2025.10.02-06.33.32:662][  0]LogConfig: Setting CVar [[r.ViewDistanceScale:1.0]]
[2025.10.02-06.33.32:662][  0]LogConfig: Applying CVar settings from Section [AntiAliasingQuality@3] File [F:/Proyectos UE 4.27/TasteOfMadness/TasteOfMadness/Saved/Config/Windows/Scalability.ini]
[2025.10.02-06.33.32:662][  0]LogConfig: Setting CVar [[r.PostProcessAAQuality:4]]
[2025.10.02-06.33.32:662][  0]LogConfig: Applying CVar settings from Section [ShadowQuality@3] File [F:/Proyectos UE 4.27/TasteOfMadness/TasteOfMadness/Saved/Config/Windows/Scalability.ini]
[2025.10.02-06.33.32:662][  0]LogConfig: Setting CVar [[r.LightFunctionQuality:1]]
[2025.10.02-06.33.32:662][  0]LogConfig: Setting CVar [[r.ShadowQuality:5]]
[2025.10.02-06.33.32:662][  0]LogConfig: Setting CVar [[r.Shadow.CSM.MaxCascades:10]]
[2025.10.02-06.33.32:662][  0]LogConfig: Setting CVar [[r.Shadow.MaxResolution:2048]]
[2025.10.02-06.33.32:662][  0]LogConfig: Setting CVar [[r.Shadow.MaxCSMResolution:2048]]
[2025.10.02-06.33.32:662][  0]LogConfig: Setting CVar [[r.Shadow.RadiusThreshold:0.01]]
[2025.10.02-06.33.32:662][  0]LogConfig: Setting CVar [[r.Shadow.DistanceScale:1.0]]
[2025.10.02-06.33.32:662][  0]LogConfig: Setting CVar [[r.Shadow.CSM.TransitionScale:1.0]]
[2025.10.02-06.33.32:662][  0]LogConfig: Setting CVar [[r.Shadow.PreShadowResolutionFactor:1.0]]
[2025.10.02-06.33.32:662][  0]LogConfig: Setting CVar [[r.DistanceFieldShadowing:1]]
[2025.10.02-06.33.32:662][  0]LogConfig: Setting CVar [[r.DistanceFieldAO:1]]
[2025.10.02-06.33.32:662][  0]LogConfig: Setting CVar [[r.AOQuality:2]]
[2025.10.02-06.33.32:662][  0]LogConfig: Setting CVar [[r.VolumetricFog:1]]
[2025.10.02-06.33.32:662][  0]LogConfig: Setting CVar [[r.VolumetricFog.GridPixelSize:8]]
[2025.10.02-06.33.32:662][  0]LogConfig: Setting CVar [[r.VolumetricFog.GridSizeZ:128]]
[2025.10.02-06.33.32:662][  0]LogConfig: Setting CVar [[r.VolumetricFog.HistoryMissSupersampleCount:4]]
[2025.10.02-06.33.32:662][  0]LogConfig: Setting CVar [[r.LightMaxDrawDistanceScale:1]]
[2025.10.02-06.33.32:662][  0]LogConfig: Setting CVar [[r.CapsuleShadows:1]]
[2025.10.02-06.33.32:662][  0]LogConfig: Applying CVar settings from Section [PostProcessQuality@3] File [F:/Proyectos UE 4.27/TasteOfMadness/TasteOfMadness/Saved/Config/Windows/Scalability.ini]
[2025.10.02-06.33.32:662][  0]LogConfig: Setting CVar [[r.MotionBlurQuality:4]]
[2025.10.02-06.33.32:662][  0]LogConfig: Setting CVar [[r.AmbientOcclusionMipLevelFactor:0.4]]
[2025.10.02-06.33.32:662][  0]LogConfig: Setting CVar [[r.AmbientOcclusionMaxQuality:100]]
[2025.10.02-06.33.32:662][  0]LogConfig: Setting CVar [[r.AmbientOcclusionLevels:-1]]
[2025.10.02-06.33.32:662][  0]LogConfig: Setting CVar [[r.AmbientOcclusionRadiusScale:1.0]]
[2025.10.02-06.33.32:662][  0]LogConfig: Setting CVar [[r.DepthOfFieldQuality:2]]
[2025.10.02-06.33.32:662][  0]LogConfig: Setting CVar [[r.RenderTargetPoolMin:400]]
[2025.10.02-06.33.32:662][  0]LogConfig: Setting CVar [[r.LensFlareQuality:2]]
[2025.10.02-06.33.32:662][  0]LogConfig: Setting CVar [[r.SceneColorFringeQuality:1]]
[2025.10.02-06.33.32:662][  0]LogConfig: Setting CVar [[r.EyeAdaptationQuality:2]]
[2025.10.02-06.33.32:662][  0]LogConfig: Setting CVar [[r.BloomQuality:5]]
[2025.10.02-06.33.32:662][  0]LogConfig: Setting CVar [[r.FastBlurThreshold:100]]
[2025.10.02-06.33.32:662][  0]LogConfig: Setting CVar [[r.Upscale.Quality:3]]
[2025.10.02-06.33.32:662][  0]LogConfig: Setting CVar [[r.Tonemapper.GrainQuantization:1]]
[2025.10.02-06.33.32:662][  0]LogConfig: Setting CVar [[r.LightShaftQuality:1]]
[2025.10.02-06.33.32:662][  0]LogConfig: Setting CVar [[r.Filter.SizeScale:1]]
[2025.10.02-06.33.32:662][  0]LogConfig: Setting CVar [[r.Tonemapper.Quality:5]]
[2025.10.02-06.33.32:662][  0]LogConfig: Setting CVar [[r.DOF.Gather.AccumulatorQuality:1        ; higher gathering accumulator quality]]
[2025.10.02-06.33.32:662][  0]LogConfig: Setting CVar [[r.DOF.Gather.PostfilterMethod:1          ; Median3x3 postfilering method]]
[2025.10.02-06.33.32:662][  0]LogConfig: Setting CVar [[r.DOF.Gather.EnableBokehSettings:0       ; no bokeh simulation when gathering]]
[2025.10.02-06.33.32:662][  0]LogConfig: Setting CVar [[r.DOF.Gather.RingCount:4                 ; medium number of samples when gathering]]
[2025.10.02-06.33.32:662][  0]LogConfig: Setting CVar [[r.DOF.Scatter.ForegroundCompositing:1    ; additive foreground scattering]]
[2025.10.02-06.33.32:662][  0]LogConfig: Setting CVar [[r.DOF.Scatter.BackgroundCompositing:2    ; additive background scattering]]
[2025.10.02-06.33.32:662][  0]LogConfig: Setting CVar [[r.DOF.Scatter.EnableBokehSettings:1      ; bokeh simulation when scattering]]
[2025.10.02-06.33.32:662][  0]LogConfig: Setting CVar [[r.DOF.Scatter.MaxSpriteRatio:0.1         ; only a maximum of 10% of scattered bokeh]]
[2025.10.02-06.33.32:662][  0]LogConfig: Setting CVar [[r.DOF.Recombine.Quality:1                ; cheap slight out of focus]]
[2025.10.02-06.33.32:662][  0]LogConfig: Setting CVar [[r.DOF.Recombine.EnableBokehSettings:0    ; no bokeh simulation on slight out of focus]]
[2025.10.02-06.33.32:662][  0]LogConfig: Setting CVar [[r.DOF.TemporalAAQuality:1                ; more stable temporal accumulation]]
[2025.10.02-06.33.32:662][  0]LogConfig: Setting CVar [[r.DOF.Kernel.MaxForegroundRadius:0.025]]
[2025.10.02-06.33.32:662][  0]LogConfig: Setting CVar [[r.DOF.Kernel.MaxBackgroundRadius:0.025]]
[2025.10.02-06.33.32:662][  0]LogConfig: Applying CVar settings from Section [TextureQuality@3] File [F:/Proyectos UE 4.27/TasteOfMadness/TasteOfMadness/Saved/Config/Windows/Scalability.ini]
[2025.10.02-06.33.32:663][  0]LogConfig: Setting CVar [[r.Streaming.MipBias:0]]
[2025.10.02-06.33.32:663][  0]LogConfig: Setting CVar [[r.Streaming.AmortizeCPUToGPUCopy:0]]
[2025.10.02-06.33.32:663][  0]LogConfig: Setting CVar [[r.Streaming.MaxNumTexturesToStreamPerFrame:0]]
[2025.10.02-06.33.32:663][  0]LogConfig: Setting CVar [[r.Streaming.Boost:1]]
[2025.10.02-06.33.32:663][  0]LogConfig: Setting CVar [[r.MaxAnisotropy:8]]
[2025.10.02-06.33.32:663][  0]LogConfig: Setting CVar [[r.VT.MaxAnisotropy:8]]
[2025.10.02-06.33.32:663][  0]LogConfig: Setting CVar [[r.Streaming.LimitPoolSizeToVRAM:0]]
[2025.10.02-06.33.32:663][  0]LogConfig: Setting CVar [[r.Streaming.PoolSize:1000]]
[2025.10.02-06.33.32:663][  0]LogConfig: Setting CVar [[r.Streaming.MaxEffectiveScreenSize:0]]
[2025.10.02-06.33.32:663][  0]LogConfig: Applying CVar settings from Section [EffectsQuality@3] File [F:/Proyectos UE 4.27/TasteOfMadness/TasteOfMadness/Saved/Config/Windows/Scalability.ini]
[2025.10.02-06.33.32:663][  0]LogConfig: Setting CVar [[r.TranslucencyLightingVolumeDim:64]]
[2025.10.02-06.33.32:663][  0]LogConfig: Setting CVar [[r.RefractionQuality:2]]
[2025.10.02-06.33.32:663][  0]LogConfig: Setting CVar [[r.SSR.Quality:3]]
[2025.10.02-06.33.32:663][  0]LogConfig: Setting CVar [[r.SSR.HalfResSceneColor:0]]
[2025.10.02-06.33.32:663][  0]LogConfig: Setting CVar [[r.SceneColorFormat:4]]
[2025.10.02-06.33.32:663][  0]LogConfig: Setting CVar [[r.DetailMode:2]]
[2025.10.02-06.33.32:663][  0]LogConfig: Setting CVar [[r.TranslucencyVolumeBlur:1]]
[2025.10.02-06.33.32:663][  0]LogConfig: Setting CVar [[r.MaterialQualityLevel:1 ; High quality]]
[2025.10.02-06.33.32:663][  0]LogConfig: Setting CVar [[r.AnisotropicMaterials:1]]
[2025.10.02-06.33.32:663][  0]LogConfig: Setting CVar [[r.SSS.Scale:1]]
[2025.10.02-06.33.32:663][  0]LogConfig: Setting CVar [[r.SSS.SampleSet:2]]
[2025.10.02-06.33.32:663][  0]LogConfig: Setting CVar [[r.SSS.Quality:1]]
[2025.10.02-06.33.32:663][  0]LogConfig: Setting CVar [[r.SSS.HalfRes:0]]
[2025.10.02-06.33.32:663][  0]LogConfig: Setting CVar [[r.SSGI.Quality:3]]
[2025.10.02-06.33.32:663][  0]LogConfig: Setting CVar [[r.EmitterSpawnRateScale:1.0]]
[2025.10.02-06.33.32:663][  0]LogConfig: Setting CVar [[r.ParticleLightQuality:2]]
[2025.10.02-06.33.32:663][  0]LogConfig: Setting CVar [[r.SkyAtmosphere.AerialPerspectiveLUT.FastApplyOnOpaque:1 ; Always have FastSkyLUT 1 in this case to avoid wrong sky]]
[2025.10.02-06.33.32:663][  0]LogConfig: Setting CVar [[r.SkyAtmosphere.AerialPerspectiveLUT.SampleCountMaxPerSlice:4]]
[2025.10.02-06.33.32:663][  0]LogConfig: Setting CVar [[r.SkyAtmosphere.AerialPerspectiveLUT.DepthResolution:16.0]]
[2025.10.02-06.33.32:663][  0]LogConfig: Setting CVar [[r.SkyAtmosphere.FastSkyLUT:1]]
[2025.10.02-06.33.32:663][  0]LogConfig: Setting CVar [[r.SkyAtmosphere.FastSkyLUT.SampleCountMin:4.0]]
[2025.10.02-06.33.32:663][  0]LogConfig: Setting CVar [[r.SkyAtmosphere.FastSkyLUT.SampleCountMax:128.0]]
[2025.10.02-06.33.32:663][  0]LogConfig: Setting CVar [[r.SkyAtmosphere.SampleCountMin:4.0]]
[2025.10.02-06.33.32:663][  0]LogConfig: Setting CVar [[r.SkyAtmosphere.SampleCountMax:128.0]]
[2025.10.02-06.33.32:663][  0]LogConfig: Setting CVar [[r.SkyAtmosphere.TransmittanceLUT.UseSmallFormat:0]]
[2025.10.02-06.33.32:663][  0]LogConfig: Setting CVar [[r.SkyAtmosphere.TransmittanceLUT.SampleCount:10.0]]
[2025.10.02-06.33.32:663][  0]LogConfig: Setting CVar [[r.SkyAtmosphere.MultiScatteringLUT.SampleCount:15.0]]
[2025.10.02-06.33.32:663][  0]LogConfig: Setting CVar [[r.SkyLight.RealTimeReflectionCapture:1]]
[2025.10.02-06.33.32:663][  0]LogConfig: Applying CVar settings from Section [FoliageQuality@3] File [F:/Proyectos UE 4.27/TasteOfMadness/TasteOfMadness/Saved/Config/Windows/Scalability.ini]
[2025.10.02-06.33.32:663][  0]LogConfig: Setting CVar [[foliage.DensityScale:1.0]]
[2025.10.02-06.33.32:663][  0]LogConfig: Setting CVar [[grass.DensityScale:1.0]]
[2025.10.02-06.33.32:663][  0]LogConfig: Applying CVar settings from Section [ShadingQuality@3] File [F:/Proyectos UE 4.27/TasteOfMadness/TasteOfMadness/Saved/Config/Windows/Scalability.ini]
[2025.10.02-06.33.32:663][  0]LogConfig: Setting CVar [[r.HairStrands.SkyLighting.IntegrationType:2]]
[2025.10.02-06.33.32:663][  0]LogConfig: Setting CVar [[r.HairStrands.SkyAO.SampleCount:4]]
[2025.10.02-06.33.32:663][  0]LogConfig: Setting CVar [[r.HairStrands.Visibility.MSAA.SamplePerPixel:4]]
[2025.10.02-06.33.32:663][  0]LogConfig: Applying CVar settings from Section [Startup] File [../../../Engine/Config/ConsoleVariables.ini]
[2025.10.02-06.33.32:663][  0]LogConfig: Setting CVar [[net.UseAdaptiveNetUpdateFrequency:0]]
[2025.10.02-06.33.32:663][  0]LogConfig: Setting CVar [[p.chaos.AllowCreatePhysxBodies:1]]
[2025.10.02-06.33.32:663][  0]LogConfig: Setting CVar [[fx.SkipVectorVMBackendOptimizations:1]]
[2025.10.02-06.33.32:663][  0]LogConfig: Applying CVar settings from Section [ConsoleVariables] File [F:/Proyectos UE 4.27/TasteOfMadness/TasteOfMadness/Saved/Config/Windows/Engine.ini]
[2025.10.02-06.33.32:663][  0]LogConfig: Applying CVar settings from Section [ConsoleVariables] File [F:/Proyectos UE 4.27/TasteOfMadness/TasteOfMadness/Saved/Config/Windows/Editor.ini]
[2025.10.02-06.33.32:664][  0]LogInit: Computer: LEGIÓN_G
[2025.10.02-06.33.32:664][  0]LogInit: User: gerar
[2025.10.02-06.33.32:664][  0]LogInit: CPU Page size=4096, Cores=6
[2025.10.02-06.33.32:664][  0]LogInit: High frequency timer resolution =10.000000 MHz
[2025.10.02-06.33.32:664][  0]LogMemory: Memory total: Physical=31.8GB (32GB approx)
[2025.10.02-06.33.32:664][  0]LogMemory: Platform Memory Stats for Windows
[2025.10.02-06.33.32:664][  0]LogMemory: Process Physical Memory: 149.71 MB used, 149.71 MB peak
[2025.10.02-06.33.32:664][  0]LogMemory: Process Virtual Memory: 130.21 MB used, 130.21 MB peak
[2025.10.02-06.33.32:664][  0]LogMemory: Physical Memory: 12449.59 MB used,  20085.72 MB free, 32535.30 MB total
[2025.10.02-06.33.32:664][  0]LogMemory: Virtual Memory: 134199256.00 MB used,  18468.42 MB free, 134217728.00 MB total
[2025.10.02-06.33.32:671][  0]LogWindows: WindowsPlatformFeatures enabled
[2025.10.02-06.33.32:719][  0]LogInit: Physics initialised using underlying interface: PhysX
[2025.10.02-06.33.32:720][  0]LogInit: Overriding language with editor language configuration option (en).
[2025.10.02-06.33.32:720][  0]LogInit: Using OS detected locale (es-MX).
[2025.10.02-06.33.32:927][  0]LogInit: Setting process to per monitor DPI aware
[2025.10.02-06.33.32:954][  0]LogWindowsTextInputMethodSystem: Display: IME system deactivated.
[2025.10.02-06.33.32:976][  0]LogSlate: New Slate User Created.  User Index 0, Is Virtual User: 0
[2025.10.02-06.33.32:976][  0]LogSlate: Slate User Registered.  User Index 0, Is Virtual User: 0
[2025.10.02-06.33.33:226][  0]LogD3D11RHI: Loaded GFSDK_Aftermath_Lib.x64.dll
[2025.10.02-06.33.33:243][  0]LogHMD: Failed to initialize OpenVR with code 110
[2025.10.02-06.33.33:244][  0]LogD3D11RHI: D3D11 min allowed feature level: 11_0
[2025.10.02-06.33.33:244][  0]LogD3D11RHI: D3D11 max allowed feature level: 11_0
[2025.10.02-06.33.33:244][  0]LogD3D11RHI: D3D11 adapters:
[2025.10.02-06.33.33:632][  0]LogD3D11RHI:    0. 'NVIDIA GeForce RTX 3050 Ti Laptop GPU' (Feature Level 11_0)
[2025.10.02-06.33.33:632][  0]LogD3D11RHI:       3962/0/16267 MB DedicatedVideo/DedicatedSystem/SharedSystem, Outputs:1, VendorId:0x10de
[2025.10.02-06.33.33:720][  0]LogD3D11RHI:    1. 'Intel(R) UHD Graphics' (Feature Level 11_0)
[2025.10.02-06.33.33:721][  0]LogD3D11RHI:       128/0/16267 MB DedicatedVideo/DedicatedSystem/SharedSystem, Outputs:1, VendorId:0x8086
[2025.10.02-06.33.33:727][  0]LogD3D11RHI:    2. 'Microsoft Basic Render Driver' (Feature Level 11_0)
[2025.10.02-06.33.33:727][  0]LogD3D11RHI:       0/0/16267 MB DedicatedVideo/DedicatedSystem/SharedSystem, Outputs:0, VendorId:0x1414
[2025.10.02-06.33.33:727][  0]LogD3D11RHI: Chosen D3D11 Adapter:
[2025.10.02-06.33.33:727][  0]LogD3D11RHI:     Description : NVIDIA GeForce RTX 3050 Ti Laptop GPU
[2025.10.02-06.33.33:727][  0]LogD3D11RHI:     VendorId    : 10de
[2025.10.02-06.33.33:727][  0]LogD3D11RHI:     DeviceId    : 25e0
[2025.10.02-06.33.33:727][  0]LogD3D11RHI:     SubSysId    : 3e8b17aa
[2025.10.02-06.33.33:727][  0]LogD3D11RHI:     Revision    : 00a1
[2025.10.02-06.33.33:727][  0]LogD3D11RHI:     DedicatedVideoMemory : 4154458112 bytes
[2025.10.02-06.33.33:727][  0]LogD3D11RHI:     DedicatedSystemMemory : 0 bytes
[2025.10.02-06.33.33:727][  0]LogD3D11RHI:     SharedSystemMemory : 17057869824 bytes
[2025.10.02-06.33.33:727][  0]LogD3D11RHI:     AdapterLuid : 0 90531
[2025.10.02-06.33.33:736][  0]LogD3D11RHI: Creating new Direct3DDevice
[2025.10.02-06.33.33:736][  0]LogD3D11RHI:     GPU DeviceId: 0x25e0 (for the marketing name, search the web for "GPU Device Id")
[2025.10.02-06.33.33:736][  0]LogWindows: EnumDisplayDevices:
[2025.10.02-06.33.33:736][  0]LogWindows:    0. 'Intel(R) UHD Graphics' (P:0 D:1)
[2025.10.02-06.33.33:737][  0]LogWindows:    1. 'Intel(R) UHD Graphics' (P:0 D:0)
[2025.10.02-06.33.33:737][  0]LogWindows:    2. 'Intel(R) UHD Graphics' (P:0 D:0)
[2025.10.02-06.33.33:737][  0]LogWindows:    3. 'Intel(R) UHD Graphics' (P:0 D:0)
[2025.10.02-06.33.33:737][  0]LogWindows:    4. 'NVIDIA GeForce RTX 3050 Ti Laptop GPU' (P:1 D:1)
[2025.10.02-06.33.33:737][  0]LogWindows:    5. 'NVIDIA GeForce RTX 3050 Ti Laptop GPU' (P:0 D:0)
[2025.10.02-06.33.33:737][  0]LogWindows:    6. 'NVIDIA GeForce RTX 3050 Ti Laptop GPU' (P:0 D:0)
[2025.10.02-06.33.33:737][  0]LogWindows:    7. 'NVIDIA GeForce RTX 3050 Ti Laptop GPU' (P:0 D:0)
[2025.10.02-06.33.33:737][  0]LogWindows: DebugString: PrimaryIsNotTheChoosenAdapter PrimaryIsNotTheChoosenAdapter PrimaryIsNotTheChoosenAdapter PrimaryIsNotTheChoosenAdapter FoundDriverCount:4 
[2025.10.02-06.33.33:737][  0]LogD3D11RHI:     Adapter Name: NVIDIA GeForce RTX 3050 Ti Laptop GPU
[2025.10.02-06.33.33:737][  0]LogD3D11RHI:   Driver Version: 577.00 (internal:32.0.15.7700, unified:577.00)
[2025.10.02-06.33.33:737][  0]LogD3D11RHI:      Driver Date: 7-14-2025
[2025.10.02-06.33.33:737][  0]LogRHI: Texture pool is 2773 MB (70% of 3962 MB)
[2025.10.02-06.33.33:737][  0]LogD3D11RHI: Creating D3DDevice using adapter:
[2025.10.02-06.33.33:737][  0]LogD3D11RHI:     Description : NVIDIA GeForce RTX 3050 Ti Laptop GPU
[2025.10.02-06.33.33:737][  0]LogD3D11RHI:     VendorId    : 10de
[2025.10.02-06.33.33:737][  0]LogD3D11RHI:     DeviceId    : 25e0
[2025.10.02-06.33.33:737][  0]LogD3D11RHI:     SubSysId    : 3e8b17aa
[2025.10.02-06.33.33:737][  0]LogD3D11RHI:     Revision    : 00a1
[2025.10.02-06.33.33:737][  0]LogD3D11RHI:     DedicatedVideoMemory : 4154458112 bytes
[2025.10.02-06.33.33:737][  0]LogD3D11RHI:     DedicatedSystemMemory : 0 bytes
[2025.10.02-06.33.33:737][  0]LogD3D11RHI:     SharedSystemMemory : 17057869824 bytes
[2025.10.02-06.33.33:737][  0]LogD3D11RHI:     AdapterLuid : 0 90531
[2025.10.02-06.33.33:992][  0]LogD3D11RHI: RHI has support for 64 bit atomics
[2025.10.02-06.33.33:992][  0]LogD3D11RHI: Async texture creation enabled
[2025.10.02-06.33.33:992][  0]LogD3D11RHI: Array index from any shader is supported
[2025.10.02-06.33.33:995][  0]LogD3D11RHI: HDR output is supported on display 0 (NvId: 0x80061087).
[2025.10.02-06.33.34:014][  0]LogD3D11RHI: GPU Timing Frequency: 1000.000000 (Debug: 2 1)
[2025.10.02-06.33.34:051][  0]LogRHI: GeForceNow SDK initialized: 1
[2025.10.02-06.33.34:421][  0]LogTargetPlatformManager: Display: Loaded TargetPlatform 'AllDesktop'
[2025.10.02-06.33.34:441][  0]LogTargetPlatformManager: Display: Loaded TargetPlatform 'Android'
[2025.10.02-06.33.34:441][  0]LogTargetPlatformManager: Display: Loaded TargetPlatform 'Android_ASTC'
[2025.10.02-06.33.34:441][  0]LogTargetPlatformManager: Display: Loaded TargetPlatform 'Android_DXT'
[2025.10.02-06.33.34:441][  0]LogTargetPlatformManager: Display: Loaded TargetPlatform 'Android_ETC2'
[2025.10.02-06.33.34:441][  0]LogTargetPlatformManager: Display: Loaded TargetPlatform 'AndroidClient'
[2025.10.02-06.33.34:441][  0]LogTargetPlatformManager: Display: Loaded TargetPlatform 'Android_ASTCClient'
[2025.10.02-06.33.34:441][  0]LogTargetPlatformManager: Display: Loaded TargetPlatform 'Android_DXTClient'
[2025.10.02-06.33.34:441][  0]LogTargetPlatformManager: Display: Loaded TargetPlatform 'Android_ETC2Client'
[2025.10.02-06.33.34:441][  0]LogTargetPlatformManager: Display: Loaded TargetPlatform 'Android_Multi'
[2025.10.02-06.33.34:441][  0]LogTargetPlatformManager: Display: Loaded TargetPlatform 'Android_MultiClient'
[2025.10.02-06.33.34:462][  0]LogTargetPlatformManager: Display: Loaded TargetPlatform 'IOSClient'
[2025.10.02-06.33.34:462][  0]LogTargetPlatformManager: Display: Loaded TargetPlatform 'IOS'
[2025.10.02-06.33.34:473][  0]LogTargetPlatformManager: Display: Loaded TargetPlatform 'Linux'
[2025.10.02-06.33.34:477][  0]LogTargetPlatformManager: Display: Loaded TargetPlatform 'LinuxNoEditor'
[2025.10.02-06.33.34:483][  0]LogTargetPlatformManager: Display: Loaded TargetPlatform 'LinuxClient'
[2025.10.02-06.33.34:488][  0]LogTargetPlatformManager: Display: Loaded TargetPlatform 'LinuxServer'
[2025.10.02-06.33.34:497][  0]LogTargetPlatformManager: Display: Loaded TargetPlatform 'LinuxAArch64NoEditor'
[2025.10.02-06.33.34:503][  0]LogTargetPlatformManager: Display: Loaded TargetPlatform 'LinuxAArch64Client'
[2025.10.02-06.33.34:508][  0]LogTargetPlatformManager: Display: Loaded TargetPlatform 'LinuxAArch64Server'
[2025.10.02-06.33.34:532][  0]LogTargetPlatformManager: Display: Loaded TargetPlatform 'Lumin'
[2025.10.02-06.33.34:532][  0]LogTargetPlatformManager: Display: Loaded TargetPlatform 'LuminClient'
[2025.10.02-06.33.34:541][  0]LogTargetPlatformManager: Display: Loaded TargetPlatform 'MacNoEditor'
[2025.10.02-06.33.34:547][  0]LogTargetPlatformManager: Display: Loaded TargetPlatform 'Mac'
[2025.10.02-06.33.34:552][  0]LogTargetPlatformManager: Display: Loaded TargetPlatform 'MacClient'
[2025.10.02-06.33.34:557][  0]LogTargetPlatformManager: Display: Loaded TargetPlatform 'MacServer'
[2025.10.02-06.33.34:569][  0]LogTargetPlatformManager: Display: Loaded TargetPlatform 'TVOSClient'
[2025.10.02-06.33.34:569][  0]LogTargetPlatformManager: Display: Loaded TargetPlatform 'TVOS'
[2025.10.02-06.33.34:579][  0]LogTargetPlatformManager: Display: Loaded TargetPlatform 'WindowsNoEditor'
[2025.10.02-06.33.34:585][  0]LogTargetPlatformManager: Display: Loaded TargetPlatform 'Windows'
[2025.10.02-06.33.34:590][  0]LogTargetPlatformManager: Display: Loaded TargetPlatform 'WindowsClient'
[2025.10.02-06.33.34:595][  0]LogTargetPlatformManager: Display: Loaded TargetPlatform 'WindowsServer'
[2025.10.02-06.33.34:595][  0]LogTargetPlatformManager: Display: Building Assets For Windows
[2025.10.02-06.33.34:605][  0]LogAudioDebug: Display: Lib vorbis DLL was dynamically loaded.
[2025.10.02-06.33.34:641][  0]LogTextureFormatOodle: Display: Oodle Texture 2.9.0 init RDO Off
[2025.10.02-06.33.34:680][  0]LogRendererCore: Ray tracing is disabled. Reason: r.RayTracing=0.
[2025.10.02-06.33.34:681][  0]LogShaderCompilers: Guid format shader working directory is -17 characters bigger than the processId version (../../../../../Proyectos UE 4.27/TasteOfMadness/TasteOfMadness/Intermediate/Shaders/WorkingDirectory/20736/).
[2025.10.02-06.33.34:681][  0]LogShaderCompilers: Cleaned the shader compiler working directory 'C:/Users/gerar/AppData/Local/Temp/UnrealShaderWorkingDir/59B30D084DD528243AE9368E2747CC9E/'.
[2025.10.02-06.33.34:681][  0]LogXGEController: Cannot use XGE Controller as Incredibuild is not installed on this machine.
[2025.10.02-06.33.34:681][  0]LogShaderCompilers: Cannot use XGE Shader Compiler as Incredibuild is not installed on this machine.
[2025.10.02-06.33.34:681][  0]LogShaderCompilers: Display: Using Local Shader Compiler.
[2025.10.02-06.33.35:429][  0]LogDerivedDataCache: Display: Max Cache Size: 512 MB
[2025.10.02-06.33.35:486][  0]LogDerivedDataCache: Loaded boot cache 0.06s 96MB C:/Users/gerar/AppData/Local/UnrealEngine/4.27/DerivedDataCache/Boot.ddc.
[2025.10.02-06.33.35:486][  0]LogDerivedDataCache: Display: Loaded Boot cache: C:/Users/gerar/AppData/Local/UnrealEngine/4.27/DerivedDataCache/Boot.ddc
[2025.10.02-06.33.35:486][  0]LogDerivedDataCache: FDerivedDataBackendGraph:  Pak pak cache file ../../../../../Proyectos UE 4.27/TasteOfMadness/TasteOfMadness/DerivedDataCache/DDC.ddp not found, will not use a pak cache.
[2025.10.02-06.33.35:486][  0]LogDerivedDataCache: Unable to find inner node Pak for hierarchical cache Hierarchy.
[2025.10.02-06.33.35:486][  0]LogDerivedDataCache: FDerivedDataBackendGraph:  CompressedPak pak cache file ../../../../../Proyectos UE 4.27/TasteOfMadness/TasteOfMadness/DerivedDataCache/Compressed.ddp not found, will not use a pak cache.
[2025.10.02-06.33.35:486][  0]LogDerivedDataCache: Unable to find inner node CompressedPak for hierarchical cache Hierarchy.
[2025.10.02-06.33.35:503][  0]LogDerivedDataCache: Display: Pak cache opened for reading ../../../Engine/DerivedDataCache/Compressed.ddp.
[2025.10.02-06.33.35:503][  0]LogDerivedDataCache: FDerivedDataBackendGraph:  EnterprisePak pak cache file ../../../Enterprise/DerivedDataCache/Compressed.ddp not found, will not use a pak cache.
[2025.10.02-06.33.35:503][  0]LogDerivedDataCache: Unable to find inner node EnterprisePak for hierarchical cache Hierarchy.
[2025.10.02-06.33.35:511][  0]LogDerivedDataCache: Speed tests for C:/Users/gerar/AppData/Local/UnrealEngine/Common/DerivedDataCache took 0.01 seconds
[2025.10.02-06.33.35:511][  0]LogDerivedDataCache: Display: Performance to C:/Users/gerar/AppData/Local/UnrealEngine/Common/DerivedDataCache: Latency=0.04ms. RandomReadSpeed=1289.26MBs, RandomWriteSpeed=141.70MBs. Assigned SpeedClass 'Local'
[2025.10.02-06.33.35:511][  0]LogDerivedDataCache: Using Local data cache path C:/Users/gerar/AppData/Local/UnrealEngine/Common/DerivedDataCache: Writable
[2025.10.02-06.33.35:512][  0]LogDerivedDataCache: Shared data cache path not found in *engine.ini, will not use an Shared cache.
[2025.10.02-06.33.35:512][  0]LogDerivedDataCache: Unable to find inner node Shared for hierarchical cache Hierarchy.
[2025.10.02-06.33.35:560][  0]LogSlate: Using FreeType 2.10.0
[2025.10.02-06.33.35:560][  0]LogSlate: SlateFontServices - WITH_FREETYPE: 1, WITH_HARFBUZZ: 1
[2025.10.02-06.33.35:594][  0]LogAssetRegistry: FAssetRegistry took 0.0029 seconds to start up
[2025.10.02-06.33.35:831][  0]LogInit: Selected Device Profile: [Windows]
[2025.10.02-06.33.35:831][  0]LogInit: Active device profile: [0000022C47648700][0000022C44FA2800 49] Windows
[2025.10.02-06.33.35:831][  0]LogInit: Profiles: [0000022C47648700][0000022C44FA2800 49] Windows, [0000022C4763B700][0000022C483BA940 49] WindowsNoEditor, [0000022C4764B300][0000022C44FA6A80 49] WindowsServer, [0000022C47638F00][0000022C44FAABC0 49] WindowsClient, [0000022C4764B500][0000022C3B99ED40 49] IOS, [0000022C47623F00][0000022C3B9A2EC0 49] iPadAir, [0000022C4763BB00][0000022C3B9A7040 49] iPadAir2, [0000022C475E0500][0000022C3BE51300 49] IPadPro, [0000022C475E0600][0000022C3B9AB340 49] iPadAir3, [0000022C47620100][0000022C3BE554C0 49] iPadAir4, [0000022C475E2C00][0000022C3BE59640 49] iPadMini2, [0000022C47622500][0000022C3BE5D7C0 49] iPadMini3, [0000022C475E3400][0000022C3BE61940 49] iPadMini4, [0000022C47620F00][0000022C3BE65AC0 49] iPadMini5, [0000022C475CFE00][0000022C3BE6C200 49] iPhone6, [0000022C475CFF00][0000022C3BE68240 49] iPodTouch6, [0000022C4764B900][0000022C3BE74500 49] iPhone7, [0000022C4764A100][0000022C3BE70540 49] iPodTouch7, [0000022C475CC400][0000022C3BE786C0 49] iPhone5S, [0000022C475E3D00][0000022C3BE7C840 49] iPhone6Plus, [0000022C4764B400][0000022C3B99A980 49] iPhone6S, [0000022C475E2000][0000022C3BE80AC0 49] iPhone6SPlus, [0000022C47648900][0000022C3BE84C00 49] iPhone7Plus, [0000022C475E0E00][0000022C3BE88D40 49] iPhoneSE, [0000022C47648200][0000022C44DF4EC0 49] iPhone8, [0000022C475E2400][0000022C44DF9040 49] iPhone8Plus, [0000022C47649E00][0000022C44DFD1C0 49] iPhoneX, [0000022C475E3E00][0000022C44E01340 49] iPhoneXS, [0000022C47649600][0000022C44E054C0 49] iPhoneXSMax, [0000022C475E2500][0000022C44E09640 49] iPhoneXR, [0000022C4764AA00][0000022C44E0D7C0 49] iPhone11, [0000022C475E3A00][0000022C44E11940 49] iPhone11Pro, [0000022C47648F00][0000022C44E15AC0 49] iPhone11ProMax, [0000022C475E2300][0000022C44E180C0 49] iPhoneSE2, [0000022C4764A700][0000022C44E1C240 49] iPhone12Mini, [0000022C475E0700][0000022C44E203C0 49] iPhone12, [0000022C4764B100][0000022C44E24540 49] iPhone12Pro, [0000022C475E3500][0000022C44E286C0 49] iPhone12ProMax, [0000022C47648800][0000022C44E2C840 49] iPadPro105, [0000022C475E1C00][0000022C44E309C0 49] iPadPro129, [0000022C47648300][0000022C44E34B40 49] iPadPro97, [0000022C475E1D00][0000022C44DF0C80 49] iPadPro2_129, [0000022C47648C00][0000022C44E38DC0 49] iPad5, [0000022C475E3000][0000022C44E3CF00 49] iPad6, [0000022C4764AC00][0000022C44E45080 49] iPad7, [0000022C475E2E00][0000022C44E49200 49] iPad8, [0000022C47649800][0000022C44E4D380 49] iPadPro11, [0000022C475E1B00][0000022C44E51500 49] iPadPro2_11, [0000022C47649500][0000022C44E55680 49] iPadPro3_129, [0000022C475E2700][0000022C44E59800 49] iPadPro4_129, [0000022C47648100][0000022C44E5D980 49] AppleTV, [0000022C475E2B00][0000022C44E61B00 49] AppleTV4K, [0000022C47649B00][0000022C44E64100 49] TVOS, [0000022C475E0900][0000022C44E68280 49] Mac, [0000022C47649700][0000022C44E6C400 49] MacClient, [0000022C475E2F00][0000022C4858E580 49] MacNoEditor, [0000022C47648D00][0000022C48592700 49] MacServer, [0000022C475E0300][0000022C48596880 49] Linux, [0000022C4764AE00][0000022C4859AA00 49] LinuxAArch64, [0000022C475E1500][0000022C4859EB80 49] LinuxNoEditor, [0000022C4764A400][0000022C485A2D00 49] LinuxAArch64NoEditor, [0000022C475E0200][0000022C44E40E40 49] LinuxClient, [0000022C4764AD00][0000022C485A6F80 49] LinuxAArch64Client, [0000022C475E0C00][0000022C485AB0C0 49] LinuxServer, [0000022C47648400][0000022C485B3240 49] LinuxAArch64Server, [0000022C475E1000][0000022C485B73C0 49] Android, [0000022C47623900][0000022C485BB540 49] Android_Low, [0000022C475CDB00][0000022C485BF6C0 49] Android_Mid, [0000022C47623000][0000022C485C3840 49] Android_High, [0000022C475CE300][0000022C485C79C0 49] Android_Default, [0000022C47622000][0000022C485CBB40 49] Android_Adreno4xx, [0000022C475CC100][0000022C485CE140 49] Android_Adreno5xx_Low, [0000022C47620B00][0000022C485D22C0 49] Android_Adreno5xx, [0000022C475CD800][0000022C485D6440 49] Android_Adreno6xx, [0000022C47621100][0000022C485DA5C0 49] Android_Adreno6xx_Vulkan, [0000022C475CC800][0000022C485DE740 49] Android_Mali_T6xx, [0000022C47623600][0000022C485E28C0 49] Android_Mali_T7xx, [0000022C475CCD00][0000022C485E6A40 49] Android_Mali_T8xx, [0000022C47623C00][0000022C485EABC0 49] Android_Mali_G71, [0000022C475CD500][0000022C485EED40 49] Android_Mali_G72, [0000022C47623E00][0000022C485F2EC0 49] Android_Mali_G72_Vulkan, [0000022C475CFD00][0000022C485AF000 49] Android_Mali_G76, [0000022C47623A00][0000022C485F7140 49] Android_Mali_G76_Vulkan, [0000022C475CF600][0000022C485FB280 49] Android_Mali_G77, [0000022C47622200][0000022C485FF3C0 49] Android_Mali_G77_Vulkan, [0000022C475CD200][0000022C48607540 49] Android_Mali_G78, [0000022C47620A00][0000022C4860B6C0 49] Android_Mali_G78_Vulkan, [0000022C475CF000][0000022C4860F840 49] Android_Mali_G710, [0000022C47621400][0000022C486139C0 49] Android_Mali_G710_Vulkan, [0000022C475CC700][0000022C48617B40 49] Android_Vulkan_SM5, [0000022C47621800][0000022C4861A140 49] Android_PowerVR_G6xxx, [0000022C475CCE00][0000022C4861E2C0 49] Android_PowerVR_GT7xxx, [0000022C47620200][0000022C48622440 49] Android_PowerVR_GE8xxx, [0000022C475CC600][0000022C486265C0 49] Android_PowerVR_GM9xxx, [0000022C47622600][0000022C4862A740 49] Android_PowerVR_GM9xxx_Vulkan, [0000022C475E0F00][0000022C4862E8C0 49] Android_TegraK1, [0000022C47622A00][0000022C48632A40 49] Android_Unknown_Vulkan, [0000022C475E0D00][0000022C48636BC0 49] Lumin, [0000022C47621200][0000022C4863AD40 49] Lumin_Desktop, [0000022C475E0B00][0000022C4863EEC0 49] HoloLens, 
[2025.10.02-06.33.35:964][  0]LogMeshReduction: Using QuadricMeshReduction for automatic static mesh reduction
[2025.10.02-06.33.35:964][  0]LogMeshReduction: Using SimplygonMeshReduction for automatic skeletal mesh reduction
[2025.10.02-06.33.35:964][  0]LogMeshReduction: Using ProxyLODMeshReduction for automatic mesh merging
[2025.10.02-06.33.35:964][  0]LogMeshReduction: No distributed automatic mesh merging module available
[2025.10.02-06.33.35:964][  0]LogMeshMerging: No distributed automatic mesh merging module available
[2025.10.02-06.33.35:982][  0]LogNetVersion: TasteOfMadness 1.0.0, NetCL: 17155196, EngineNetVer: 17, GameNetVer: 0 (Checksum: 3999798361)
[2025.10.02-06.33.36:417][  0]LogTexture: Default maximum texture size for cubemaps generated from long-lat sources has been changed from 512 to unlimited. In order to preserve old behaiour for '/Engine/MapTemplates/Sky/DaylightAmbientCubemap.DaylightAmbientCubemap', its maximum texture size has been explicitly set to 512.
[2025.10.02-06.33.36:471][  0]LogHMD: PokeAHoleMaterial loaded successfully
[2025.10.02-06.33.36:476][  0]LogUObjectArray: 17178 objects as part of root set at end of initial load.
[2025.10.02-06.33.36:476][  0]LogUObjectAllocator: 4302048 out of 0 bytes used by permanent object pool.
[2025.10.02-06.33.36:476][  0]LogUObjectArray: CloseDisregardForGC: 0/0 objects in disregard for GC pool
[2025.10.02-06.33.36:791][  0]LogNiagaraDebuggerClient: Niagara Debugger Client Initialized | Session: CB9469D54CDF3623C438D081E29967A4 | Instance: D8CC12934AB1650B898E5C9C9367704C (LEGIÓN_G-20736).
[2025.10.02-06.33.36:831][  0]LogPython: Using Python 3.7.7
[2025.10.02-06.33.37:394][  0]LogTcpMessaging: Initializing TcpMessaging bridge
[2025.10.02-06.33.37:400][  0]LogUdpMessaging: Initializing bridge on interface 0.0.0.0:0 to multicast group 230.0.0.1:6666.
[2025.10.02-06.33.37:583][  0]SourceControl: Source control is disabled
[2025.10.02-06.33.37:583][  0]SourceControl: Source control is disabled
[2025.10.02-06.33.37:587][  0]SourceControl: Source control is disabled
[2025.10.02-06.33.37:592][  0]SourceControl: Source control is disabled
[2025.10.02-06.33.37:604][  0]SourceControl: Source control is disabled
[2025.10.02-06.33.37:612][  0]LogUProjectInfo: Found projects:
[2025.10.02-06.33.37:853][  0]LogOpenImageDenoise: OIDN starting up
[2025.10.02-06.33.37:904][  0]LogAndroidPermission: UAndroidPermissionCallbackProxy::GetInstance
[2025.10.02-06.33.37:933][  0]LogAudioCaptureCore: Display: No Audio Capture implementations found. Audio input will be silent.
[2025.10.02-06.33.37:933][  0]LogAudioCaptureCore: Display: No Audio Capture implementations found. Audio input will be silent.
[2025.10.02-06.33.38:067][  0]LogCollectionManager: Loaded 0 collections in 0.000771 seconds
[2025.10.02-06.33.38:096][  0]LogFileCache: Scanning file cache for directory 'F:/Proyectos UE 4.27/TasteOfMadness/TasteOfMadness/Saved/Collections/' took 0.00s
[2025.10.02-06.33.38:096][  0]LogFileCache: Scanning file cache for directory 'F:/Proyectos UE 4.27/TasteOfMadness/TasteOfMadness/Content/Developers/gerar/Collections/' took 0.00s
[2025.10.02-06.33.38:096][  0]LogFileCache: Scanning file cache for directory 'F:/Proyectos UE 4.27/TasteOfMadness/TasteOfMadness/Content/Collections/' took 0.00s
[2025.10.02-06.33.38:096][  0]LogOcInput: OculusInput pre-init called
[2025.10.02-06.33.38:384][  0]LogEngine: Initializing Engine...
[2025.10.02-06.33.38:387][  0]LogHMD: Failed to enumerate extensions. Please check that you have a valid OpenXR runtime installed.
[2025.10.02-06.33.38:388][  0]LogHMD: Failed to initialize OpenVR with code 110
[2025.10.02-06.33.38:388][  0]LogMagicLeap: Warning: VR disabled because ZI is not enabled.  To enable, in the editor, Edit -> Project Settings -> Plugins -> Magic Leap Plugin -> Enable Zero Iteration
[2025.10.02-06.33.38:389][  0]LogStats: UGameplayTagsManager::InitializeManager -  0.000 s
[2025.10.02-06.33.38:507][  0]LogInit: Initializing FReadOnlyCVARCache
[2025.10.02-06.33.38:518][  0]LogAIModule: Creating AISystem for world Untitled
[2025.10.02-06.33.38:518][  0]LogAudio: Display: Initializing Audio Device Manager...
[2025.10.02-06.33.38:523][  0]LogAudio: Display: Loading Default Audio Settings Objects...
[2025.10.02-06.33.38:524][  0]LogAudio: Display: No default SoundConcurrencyObject specified (or failed to load).
[2025.10.02-06.33.38:524][  0]LogAudio: Display: Audio Device Manager Initialized
[2025.10.02-06.33.38:524][  0]LogAudio: Display: Creating Audio Device:                 Id: 1, Scope: Shared, Realtime: True
[2025.10.02-06.33.38:524][  0]LogAudioMixer: Display: Audio Mixer Platform Settings:
[2025.10.02-06.33.38:524][  0]LogAudioMixer: Display: 	Sample Rate:						  48000
[2025.10.02-06.33.38:524][  0]LogAudioMixer: Display: 	Callback Buffer Frame Size Requested: 1024
[2025.10.02-06.33.38:524][  0]LogAudioMixer: Display: 	Callback Buffer Frame Size To Use:	  1024
[2025.10.02-06.33.38:524][  0]LogAudioMixer: Display: 	Number of buffers to queue:			  2
[2025.10.02-06.33.38:524][  0]LogAudioMixer: Display: 	Max Channels (voices):				  32
[2025.10.02-06.33.38:524][  0]LogAudioMixer: Display: 	Number of Async Source Workers:		  0
[2025.10.02-06.33.38:524][  0]LogAudio: Display: AudioDevice MaxSources: 32
[2025.10.02-06.33.38:525][  0]LogAudio: Display: Audio Spatialization Plugin: None (built-in).
[2025.10.02-06.33.38:525][  0]LogAudio: Display: Audio Reverb Plugin: None (built-in).
[2025.10.02-06.33.38:525][  0]LogAudio: Display: Audio Occlusion Plugin: None (built-in).
[2025.10.02-06.33.38:525][  0]LogAudioMixer: Display: Initializing audio mixer.
[2025.10.02-06.33.38:536][  0]LogAudioMixer: Display: 0: FrontLeft
[2025.10.02-06.33.38:536][  0]LogAudioMixer: Display: 1: FrontRight
[2025.10.02-06.33.38:650][  0]LogAudioMixer: Display: Using Audio Device G274F (NVIDIA High Definition Audio)
[2025.10.02-06.33.38:652][  0]LogAudioMixer: Display: Initializing Sound Submixes...
[2025.10.02-06.33.38:655][  0]LogAudioMixer: Display: Creating Master Submix 'MasterSubmixDefault'
[2025.10.02-06.33.38:655][  0]LogAudioMixer: Display: Creating Master Submix 'MasterReverbSubmixDefault'
[2025.10.02-06.33.38:655][  0]LogAudioMixer: Display: Creating Master Submix 'MasterEQSubmixDefault'
[2025.10.02-06.33.38:655][  0]LogAudioMixer: FMixerPlatformXAudio2::StartAudioStream() called
[2025.10.02-06.33.38:655][  0]LogAudioMixer: Display: Output buffers initialized: Frames=1024, Channels=2, Samples=2048
[2025.10.02-06.33.38:658][  0]LogAudioMixer: Display: Starting AudioMixerPlatformInterface::RunInternal()
[2025.10.02-06.33.38:658][  0]LogAudioMixer: Display: FMixerPlatformXAudio2::SubmitBuffer() called for the first time
[2025.10.02-06.33.38:658][  0]LogInit: FAudioDevice initialized.
[2025.10.02-06.33.38:658][  0]LogAudio: Display: Audio Device (ID: 1) registered with world 'Untitled'.
[2025.10.02-06.33.38:658][  0]LogNetVersion: Set ProjectVersion to 1.0.0.0. Version Checksum will be recalculated on next use.
[2025.10.02-06.33.38:731][  0]LogDerivedDataCache: Saved boot cache 0.07s 94MB C:/Users/gerar/AppData/Local/UnrealEngine/4.27/DerivedDataCache/Boot.ddc.
[2025.10.02-06.33.38:731][  0]LogInit: Texture streaming: Enabled
[2025.10.02-06.33.38:745][  0]LogAnalytics: Display: [UEEditor.Rocket.Release] APIServer = https://datarouter.ol.epicgames.com/. AppVersion = 4.27.2-18319896+++UE4+Release-4.27
[2025.10.02-06.33.38:750][  0]LogEngineSessionManager: EngineSessionManager initialized
[2025.10.02-06.33.38:750][  0]LogEditorSessionSummary: Verbose: Initializing EditorSessionSummaryWriter for editor session tracking
[2025.10.02-06.33.38:753][  0]LogEditorSessionSummary: EditorSessionSummaryWriter initialized
[2025.10.02-06.33.38:783][  0]LogInit: Transaction tracking system initialized
[2025.10.02-06.33.38:806][  0]BlueprintLog: New page: Editor Load
[2025.10.02-06.33.38:885][  0]LocalizationService: Localization service is disabled
[2025.10.02-06.33.38:914][  0]TimingProfiler: Initialize
[2025.10.02-06.33.38:914][  0]TimingProfiler: OnSessionChanged
[2025.10.02-06.33.38:914][  0]LoadingProfiler: Initialize
[2025.10.02-06.33.38:914][  0]LoadingProfiler: OnSessionChanged
[2025.10.02-06.33.38:914][  0]NetworkingProfiler: Initialize
[2025.10.02-06.33.38:914][  0]NetworkingProfiler: OnSessionChanged
[2025.10.02-06.33.38:914][  0]MemoryProfiler: Initialize
[2025.10.02-06.33.38:915][  0]MemoryProfiler: OnSessionChanged
[2025.10.02-06.33.39:105][  0]LogCook: Display: CookSettings for Memory: MemoryMaxUsedVirtual 0MiB, MemoryMaxUsedPhysical 16384MiB, MemoryMinFreeVirtual 0MiB, MemoryMinFreePhysical 1024MiB
[2025.10.02-06.33.39:105][  0]LogCook: Display: Mobile HDR setting 1
[2025.10.02-06.33.39:361][  0]LogFileCache: Scanning file cache for directory 'F:/Proyectos UE 4.27/TasteOfMadness/TasteOfMadness/Content/' took 0.01s
[2025.10.02-06.33.39:614][  0]LogInit: Display: Engine is initialized. Leaving FEngineLoop::Init()
[2025.10.02-06.33.39:619][  0]SourceControl: Source control is disabled
[2025.10.02-06.33.39:619][  0]LogUnrealEdMisc: Loading editor; pre map load, took 8.651
[2025.10.02-06.33.39:620][  0]Cmd: MAP LOAD FILE="../../../../../Proyectos UE 4.27/TasteOfMadness/TasteOfMadness/Content/ThirdPersonBP/Maps/ThirdPersonExampleMap.umap" TEMPLATE=0 SHOWPROGRESS=1 FEATURELEVEL=3
[2025.10.02-06.33.39:620][  0]LightingResults: New page: Lighting Build
[2025.10.02-06.33.39:621][  0]LogWorld: UWorld::CleanupWorld for Untitled, bSessionEnded=true, bCleanupResources=true
[2025.10.02-06.33.39:621][  0]LogSlate: InvalidateAllWidgets triggered.  All widgets were invalidated
[2025.10.02-06.33.39:621][  0]MapCheck: New page: Map Check
[2025.10.02-06.33.39:621][  0]LightingResults: New page: Lighting Build
[2025.10.02-06.33.39:626][  0]LogAudio: Display: Audio Device unregistered from world 'None'.
[2025.10.02-06.33.39:630][  0]LogUObjectHash: Compacting FUObjectHashTables data took   0.71ms
[2025.10.02-06.33.40:048][  0]LogAudio: Display: Audio Device (ID: 1) registered with world 'ThirdPersonExampleMap'.
[2025.10.02-06.33.40:049][  0]LogAIModule: Creating AISystem for world ThirdPersonExampleMap
[2025.10.02-06.33.40:056][  0]LogEditorServer: Finished looking for orphan Actors (0.000 secs)
[2025.10.02-06.33.40:068][  0]LogUObjectHash: Compacting FUObjectHashTables data took   0.89ms
[2025.10.02-06.33.40:068][  0]Cmd: MAP CHECKDEP NOCLEARLOG
[2025.10.02-06.33.40:068][  0]MapCheck: Map check complete: 0 Error(s), 0 Warning(s), took 0.123ms to complete.
[2025.10.02-06.33.40:068][  0]LogFileHelpers: Loading map 'ThirdPersonExampleMap' took 0.449
[2025.10.02-06.33.40:071][  0]LogUnrealEdMisc: Total Editor Startup Time, took 9.102
[2025.10.02-06.33.40:186][  0]LogSlate: Updating window title bar state: overlay mode, drag disabled, window buttons hidden, title bar hidden
[2025.10.02-06.33.40:193][  0]LogSlate: Updating window title bar state: overlay mode, drag disabled, window buttons hidden, title bar hidden
[2025.10.02-06.33.40:201][  0]LogSlate: Updating window title bar state: overlay mode, drag disabled, window buttons hidden, title bar hidden
[2025.10.02-06.33.40:208][  0]LogSlate: Updating window title bar state: overlay mode, drag disabled, window buttons hidden, title bar hidden
[2025.10.02-06.33.40:226][  0]LogNativeClassHierarchy: Verbose: Native class hierarchy populated in 0.0112 seconds. Added 3822 classes and 928 folders.
[2025.10.02-06.33.40:230][  0]LogNativeClassHierarchy: Verbose: Native class hierarchy updated for 'WidgetCarousel' in 0.0004 seconds. Added 0 classes and 0 folders.
[2025.10.02-06.33.40:232][  0]LogPakFile: PakFile PrimaryIndexSize=187
[2025.10.02-06.33.40:232][  0]LogPakFile: PakFile PathHashIndexSize=101
[2025.10.02-06.33.40:232][  0]LogPakFile: PakFile FullDirectoryIndexSize=148
[2025.10.02-06.33.40:232][  0]LogShaderLibrary: Display: ShaderCodeLibraryPakFileMountedCallback: PakFile 'F:/Games/UE_4.27/FeaturePacks/FP_FirstPerson.upack' (chunk index -1, root 'root:/') mounted
[2025.10.02-06.33.40:232][  0]LogShaderLibrary: Display: ShaderCodeLibraryPakFileMountedCallback: pending pak file info (ChunkID:-1 Root:root:/ File:F:/Games/UE_4.27/FeaturePacks/FP_FirstPerson.upack)
[2025.10.02-06.33.40:232][  0]LogPakFile: OnPakFileMounted2Time == 0.000046
[2025.10.02-06.33.40:233][  0]LogPakFile: PakFile PrimaryIndexSize=189
[2025.10.02-06.33.40:234][  0]LogPakFile: PakFile PathHashIndexSize=101
[2025.10.02-06.33.40:234][  0]LogPakFile: PakFile FullDirectoryIndexSize=152
[2025.10.02-06.33.40:234][  0]LogShaderLibrary: Display: ShaderCodeLibraryPakFileMountedCallback: PakFile 'F:/Games/UE_4.27/FeaturePacks/FP_FirstPersonBP.upack' (chunk index -1, root 'root:/') mounted
[2025.10.02-06.33.40:234][  0]LogShaderLibrary: Display: ShaderCodeLibraryPakFileMountedCallback: pending pak file info (ChunkID:-1 Root:root:/ File:F:/Games/UE_4.27/FeaturePacks/FP_FirstPersonBP.upack)
[2025.10.02-06.33.40:234][  0]LogPakFile: OnPakFileMounted2Time == 0.000038
[2025.10.02-06.33.40:235][  0]LogPakFile: PakFile PrimaryIndexSize=191
[2025.10.02-06.33.40:235][  0]LogPakFile: PakFile PathHashIndexSize=101
[2025.10.02-06.33.40:235][  0]LogPakFile: PakFile FullDirectoryIndexSize=160
[2025.10.02-06.33.40:235][  0]LogShaderLibrary: Display: ShaderCodeLibraryPakFileMountedCallback: PakFile 'F:/Games/UE_4.27/FeaturePacks/MobileStarterContent.upack' (chunk index -1, root 'root:/') mounted
[2025.10.02-06.33.40:235][  0]LogShaderLibrary: Display: ShaderCodeLibraryPakFileMountedCallback: pending pak file info (ChunkID:-1 Root:root:/ File:F:/Games/UE_4.27/FeaturePacks/MobileStarterContent.upack)
[2025.10.02-06.33.40:235][  0]LogPakFile: OnPakFileMounted2Time == 0.000037
[2025.10.02-06.33.40:236][  0]LogPakFile: PakFile PrimaryIndexSize=185
[2025.10.02-06.33.40:236][  0]LogPakFile: PakFile PathHashIndexSize=101
[2025.10.02-06.33.40:236][  0]LogPakFile: PakFile FullDirectoryIndexSize=148
[2025.10.02-06.33.40:236][  0]LogShaderLibrary: Display: ShaderCodeLibraryPakFileMountedCallback: PakFile 'F:/Games/UE_4.27/FeaturePacks/StarterContent.upack' (chunk index -1, root 'root:/') mounted
[2025.10.02-06.33.40:236][  0]LogShaderLibrary: Display: ShaderCodeLibraryPakFileMountedCallback: pending pak file info (ChunkID:-1 Root:root:/ File:F:/Games/UE_4.27/FeaturePacks/StarterContent.upack)
[2025.10.02-06.33.40:236][  0]LogPakFile: OnPakFileMounted2Time == 0.000036
[2025.10.02-06.33.40:236][  0]LogPakFile: PakFile PrimaryIndexSize=190
[2025.10.02-06.33.40:236][  0]LogPakFile: PakFile PathHashIndexSize=101
[2025.10.02-06.33.40:236][  0]LogPakFile: PakFile FullDirectoryIndexSize=154
[2025.10.02-06.33.40:236][  0]LogShaderLibrary: Display: ShaderCodeLibraryPakFileMountedCallback: PakFile 'F:/Games/UE_4.27/FeaturePacks/TP_2DSideScroller.upack' (chunk index -1, root 'root:/') mounted
[2025.10.02-06.33.40:236][  0]LogShaderLibrary: Display: ShaderCodeLibraryPakFileMountedCallback: pending pak file info (ChunkID:-1 Root:root:/ File:F:/Games/UE_4.27/FeaturePacks/TP_2DSideScroller.upack)
[2025.10.02-06.33.40:236][  0]LogPakFile: OnPakFileMounted2Time == 0.000030
[2025.10.02-06.33.40:238][  0]LogPakFile: PakFile PrimaryIndexSize=192
[2025.10.02-06.33.40:238][  0]LogPakFile: PakFile PathHashIndexSize=101
[2025.10.02-06.33.40:238][  0]LogPakFile: PakFile FullDirectoryIndexSize=158
[2025.10.02-06.33.40:238][  0]LogShaderLibrary: Display: ShaderCodeLibraryPakFileMountedCallback: PakFile 'F:/Games/UE_4.27/FeaturePacks/TP_2DSideScrollerBP.upack' (chunk index -1, root 'root:/') mounted
[2025.10.02-06.33.40:238][  0]LogShaderLibrary: Display: ShaderCodeLibraryPakFileMountedCallback: pending pak file info (ChunkID:-1 Root:root:/ File:F:/Games/UE_4.27/FeaturePacks/TP_2DSideScrollerBP.upack)
[2025.10.02-06.33.40:238][  0]LogPakFile: OnPakFileMounted2Time == 0.000030
[2025.10.02-06.33.40:238][  0]LogPakFile: PakFile PrimaryIndexSize=182
[2025.10.02-06.33.40:238][  0]LogPakFile: PakFile PathHashIndexSize=101
[2025.10.02-06.33.40:238][  0]LogPakFile: PakFile FullDirectoryIndexSize=138
[2025.10.02-06.33.40:238][  0]LogShaderLibrary: Display: ShaderCodeLibraryPakFileMountedCallback: PakFile 'F:/Games/UE_4.27/FeaturePacks/TP_Flying.upack' (chunk index -1, root 'root:/') mounted
[2025.10.02-06.33.40:238][  0]LogShaderLibrary: Display: ShaderCodeLibraryPakFileMountedCallback: pending pak file info (ChunkID:-1 Root:root:/ File:F:/Games/UE_4.27/FeaturePacks/TP_Flying.upack)
[2025.10.02-06.33.40:238][  0]LogPakFile: OnPakFileMounted2Time == 0.000034
[2025.10.02-06.33.40:240][  0]LogPakFile: PakFile PrimaryIndexSize=184
[2025.10.02-06.33.40:240][  0]LogPakFile: PakFile PathHashIndexSize=101
[2025.10.02-06.33.40:240][  0]LogPakFile: PakFile FullDirectoryIndexSize=142
[2025.10.02-06.33.40:240][  0]LogShaderLibrary: Display: ShaderCodeLibraryPakFileMountedCallback: PakFile 'F:/Games/UE_4.27/FeaturePacks/TP_FlyingBP.upack' (chunk index -1, root 'root:/') mounted
[2025.10.02-06.33.40:240][  0]LogShaderLibrary: Display: ShaderCodeLibraryPakFileMountedCallback: pending pak file info (ChunkID:-1 Root:root:/ File:F:/Games/UE_4.27/FeaturePacks/TP_FlyingBP.upack)
[2025.10.02-06.33.40:240][  0]LogPakFile: OnPakFileMounted2Time == 0.000033
[2025.10.02-06.33.40:242][  0]LogPakFile: PakFile PrimaryIndexSize=188
[2025.10.02-06.33.40:242][  0]LogPakFile: PakFile PathHashIndexSize=101
[2025.10.02-06.33.40:242][  0]LogPakFile: PakFile FullDirectoryIndexSize=150
[2025.10.02-06.33.40:242][  0]LogShaderLibrary: Display: ShaderCodeLibraryPakFileMountedCallback: PakFile 'F:/Games/UE_4.27/FeaturePacks/TP_HandheldARBP.upack' (chunk index -1, root 'root:/') mounted
[2025.10.02-06.33.40:242][  0]LogShaderLibrary: Display: ShaderCodeLibraryPakFileMountedCallback: pending pak file info (ChunkID:-1 Root:root:/ File:F:/Games/UE_4.27/FeaturePacks/TP_HandheldARBP.upack)
[2025.10.02-06.33.40:242][  0]LogPakFile: OnPakFileMounted2Time == 0.000047
[2025.10.02-06.33.40:244][  0]LogPakFile: PakFile PrimaryIndexSize=182
[2025.10.02-06.33.40:244][  0]LogPakFile: PakFile PathHashIndexSize=101
[2025.10.02-06.33.40:244][  0]LogPakFile: PakFile FullDirectoryIndexSize=138
[2025.10.02-06.33.40:244][  0]LogShaderLibrary: Display: ShaderCodeLibraryPakFileMountedCallback: PakFile 'F:/Games/UE_4.27/FeaturePacks/TP_Puzzle.upack' (chunk index -1, root 'root:/') mounted
[2025.10.02-06.33.40:244][  0]LogShaderLibrary: Display: ShaderCodeLibraryPakFileMountedCallback: pending pak file info (ChunkID:-1 Root:root:/ File:F:/Games/UE_4.27/FeaturePacks/TP_Puzzle.upack)
[2025.10.02-06.33.40:244][  0]LogPakFile: OnPakFileMounted2Time == 0.000052
[2025.10.02-06.33.40:245][  0]LogPakFile: PakFile PrimaryIndexSize=184
[2025.10.02-06.33.40:245][  0]LogPakFile: PakFile PathHashIndexSize=101
[2025.10.02-06.33.40:245][  0]LogPakFile: PakFile FullDirectoryIndexSize=142
[2025.10.02-06.33.40:245][  0]LogShaderLibrary: Display: ShaderCodeLibraryPakFileMountedCallback: PakFile 'F:/Games/UE_4.27/FeaturePacks/TP_PuzzleBP.upack' (chunk index -1, root 'root:/') mounted
[2025.10.02-06.33.40:245][  0]LogShaderLibrary: Display: ShaderCodeLibraryPakFileMountedCallback: pending pak file info (ChunkID:-1 Root:root:/ File:F:/Games/UE_4.27/FeaturePacks/TP_PuzzleBP.upack)
[2025.10.02-06.33.40:245][  0]LogPakFile: OnPakFileMounted2Time == 0.000041
[2025.10.02-06.33.40:246][  0]LogPakFile: PakFile PrimaryIndexSize=183
[2025.10.02-06.33.40:246][  0]LogPakFile: PakFile PathHashIndexSize=101
[2025.10.02-06.33.40:246][  0]LogPakFile: PakFile FullDirectoryIndexSize=140
[2025.10.02-06.33.40:246][  0]LogShaderLibrary: Display: ShaderCodeLibraryPakFileMountedCallback: PakFile 'F:/Games/UE_4.27/FeaturePacks/TP_Rolling.upack' (chunk index -1, root 'root:/') mounted
[2025.10.02-06.33.40:246][  0]LogShaderLibrary: Display: ShaderCodeLibraryPakFileMountedCallback: pending pak file info (ChunkID:-1 Root:root:/ File:F:/Games/UE_4.27/FeaturePacks/TP_Rolling.upack)
[2025.10.02-06.33.40:246][  0]LogPakFile: OnPakFileMounted2Time == 0.000046
[2025.10.02-06.33.40:248][  0]LogPakFile: PakFile PrimaryIndexSize=185
[2025.10.02-06.33.40:248][  0]LogPakFile: PakFile PathHashIndexSize=101
[2025.10.02-06.33.40:248][  0]LogPakFile: PakFile FullDirectoryIndexSize=144
[2025.10.02-06.33.40:248][  0]LogShaderLibrary: Display: ShaderCodeLibraryPakFileMountedCallback: PakFile 'F:/Games/UE_4.27/FeaturePacks/TP_RollingBP.upack' (chunk index -1, root 'root:/') mounted
[2025.10.02-06.33.40:248][  0]LogShaderLibrary: Display: ShaderCodeLibraryPakFileMountedCallback: pending pak file info (ChunkID:-1 Root:root:/ File:F:/Games/UE_4.27/FeaturePacks/TP_RollingBP.upack)
[2025.10.02-06.33.40:248][  0]LogPakFile: OnPakFileMounted2Time == 0.000037
[2025.10.02-06.33.40:249][  0]LogPakFile: PakFile PrimaryIndexSize=188
[2025.10.02-06.33.40:249][  0]LogPakFile: PakFile PathHashIndexSize=101
[2025.10.02-06.33.40:249][  0]LogPakFile: PakFile FullDirectoryIndexSize=150
[2025.10.02-06.33.40:250][  0]LogShaderLibrary: Display: ShaderCodeLibraryPakFileMountedCallback: PakFile 'F:/Games/UE_4.27/FeaturePacks/TP_SideScroller.upack' (chunk index -1, root 'root:/') mounted
[2025.10.02-06.33.40:250][  0]LogShaderLibrary: Display: ShaderCodeLibraryPakFileMountedCallback: pending pak file info (ChunkID:-1 Root:root:/ File:F:/Games/UE_4.27/FeaturePacks/TP_SideScroller.upack)
[2025.10.02-06.33.40:250][  0]LogPakFile: OnPakFileMounted2Time == 0.000061
[2025.10.02-06.33.40:251][  0]LogPakFile: PakFile PrimaryIndexSize=190
[2025.10.02-06.33.40:251][  0]LogPakFile: PakFile PathHashIndexSize=101
[2025.10.02-06.33.40:251][  0]LogPakFile: PakFile FullDirectoryIndexSize=154
[2025.10.02-06.33.40:251][  0]LogShaderLibrary: Display: ShaderCodeLibraryPakFileMountedCallback: PakFile 'F:/Games/UE_4.27/FeaturePacks/TP_SideScrollerBP.upack' (chunk index -1, root 'root:/') mounted
[2025.10.02-06.33.40:251][  0]LogShaderLibrary: Display: ShaderCodeLibraryPakFileMountedCallback: pending pak file info (ChunkID:-1 Root:root:/ File:F:/Games/UE_4.27/FeaturePacks/TP_SideScrollerBP.upack)
[2025.10.02-06.33.40:251][  0]LogPakFile: OnPakFileMounted2Time == 0.000038
[2025.10.02-06.33.40:253][  0]LogPakFile: PakFile PrimaryIndexSize=187
[2025.10.02-06.33.40:253][  0]LogPakFile: PakFile PathHashIndexSize=101
[2025.10.02-06.33.40:253][  0]LogPakFile: PakFile FullDirectoryIndexSize=148
[2025.10.02-06.33.40:253][  0]LogShaderLibrary: Display: ShaderCodeLibraryPakFileMountedCallback: PakFile 'F:/Games/UE_4.27/FeaturePacks/TP_ThirdPerson.upack' (chunk index -1, root 'root:/') mounted
[2025.10.02-06.33.40:253][  0]LogShaderLibrary: Display: ShaderCodeLibraryPakFileMountedCallback: pending pak file info (ChunkID:-1 Root:root:/ File:F:/Games/UE_4.27/FeaturePacks/TP_ThirdPerson.upack)
[2025.10.02-06.33.40:253][  0]LogPakFile: OnPakFileMounted2Time == 0.000103
[2025.10.02-06.33.40:255][  0]LogPakFile: PakFile PrimaryIndexSize=189
[2025.10.02-06.33.40:255][  0]LogPakFile: PakFile PathHashIndexSize=101
[2025.10.02-06.33.40:255][  0]LogPakFile: PakFile FullDirectoryIndexSize=152
[2025.10.02-06.33.40:255][  0]LogShaderLibrary: Display: ShaderCodeLibraryPakFileMountedCallback: PakFile 'F:/Games/UE_4.27/FeaturePacks/TP_ThirdPersonBP.upack' (chunk index -1, root 'root:/') mounted
[2025.10.02-06.33.40:255][  0]LogShaderLibrary: Display: ShaderCodeLibraryPakFileMountedCallback: pending pak file info (ChunkID:-1 Root:root:/ File:F:/Games/UE_4.27/FeaturePacks/TP_ThirdPersonBP.upack)
[2025.10.02-06.33.40:255][  0]LogPakFile: OnPakFileMounted2Time == 0.000056
[2025.10.02-06.33.40:256][  0]LogPakFile: PakFile PrimaryIndexSize=183
[2025.10.02-06.33.40:256][  0]LogPakFile: PakFile PathHashIndexSize=101
[2025.10.02-06.33.40:256][  0]LogPakFile: PakFile FullDirectoryIndexSize=140
[2025.10.02-06.33.40:256][  0]LogShaderLibrary: Display: ShaderCodeLibraryPakFileMountedCallback: PakFile 'F:/Games/UE_4.27/FeaturePacks/TP_TopDown.upack' (chunk index -1, root 'root:/') mounted
[2025.10.02-06.33.40:256][  0]LogShaderLibrary: Display: ShaderCodeLibraryPakFileMountedCallback: pending pak file info (ChunkID:-1 Root:root:/ File:F:/Games/UE_4.27/FeaturePacks/TP_TopDown.upack)
[2025.10.02-06.33.40:256][  0]LogPakFile: OnPakFileMounted2Time == 0.000077
[2025.10.02-06.33.40:260][  0]LogPakFile: PakFile PrimaryIndexSize=185
[2025.10.02-06.33.40:260][  0]LogPakFile: PakFile PathHashIndexSize=101
[2025.10.02-06.33.40:260][  0]LogPakFile: PakFile FullDirectoryIndexSize=144
[2025.10.02-06.33.40:260][  0]LogShaderLibrary: Display: ShaderCodeLibraryPakFileMountedCallback: PakFile 'F:/Games/UE_4.27/FeaturePacks/TP_TopDownBP.upack' (chunk index -1, root 'root:/') mounted
[2025.10.02-06.33.40:260][  0]LogShaderLibrary: Display: ShaderCodeLibraryPakFileMountedCallback: pending pak file info (ChunkID:-1 Root:root:/ File:F:/Games/UE_4.27/FeaturePacks/TP_TopDownBP.upack)
[2025.10.02-06.33.40:260][  0]LogPakFile: OnPakFileMounted2Time == 0.000051
[2025.10.02-06.33.40:261][  0]LogPakFile: PakFile PrimaryIndexSize=185
[2025.10.02-06.33.40:261][  0]LogPakFile: PakFile PathHashIndexSize=101
[2025.10.02-06.33.40:261][  0]LogPakFile: PakFile FullDirectoryIndexSize=144
[2025.10.02-06.33.40:261][  0]LogShaderLibrary: Display: ShaderCodeLibraryPakFileMountedCallback: PakFile 'F:/Games/UE_4.27/FeaturePacks/TP_TwinStick.upack' (chunk index -1, root 'root:/') mounted
[2025.10.02-06.33.40:261][  0]LogShaderLibrary: Display: ShaderCodeLibraryPakFileMountedCallback: pending pak file info (ChunkID:-1 Root:root:/ File:F:/Games/UE_4.27/FeaturePacks/TP_TwinStick.upack)
[2025.10.02-06.33.40:261][  0]LogPakFile: OnPakFileMounted2Time == 0.000039
[2025.10.02-06.33.40:262][  0]LogPakFile: PakFile PrimaryIndexSize=187
[2025.10.02-06.33.40:263][  0]LogPakFile: PakFile PathHashIndexSize=101
[2025.10.02-06.33.40:263][  0]LogPakFile: PakFile FullDirectoryIndexSize=148
[2025.10.02-06.33.40:263][  0]LogShaderLibrary: Display: ShaderCodeLibraryPakFileMountedCallback: PakFile 'F:/Games/UE_4.27/FeaturePacks/TP_TwinStickBP.upack' (chunk index -1, root 'root:/') mounted
[2025.10.02-06.33.40:263][  0]LogShaderLibrary: Display: ShaderCodeLibraryPakFileMountedCallback: pending pak file info (ChunkID:-1 Root:root:/ File:F:/Games/UE_4.27/FeaturePacks/TP_TwinStickBP.upack)
[2025.10.02-06.33.40:263][  0]LogPakFile: OnPakFileMounted2Time == 0.000037
[2025.10.02-06.33.40:264][  0]LogPakFile: PakFile PrimaryIndexSize=183
[2025.10.02-06.33.40:264][  0]LogPakFile: PakFile PathHashIndexSize=101
[2025.10.02-06.33.40:264][  0]LogPakFile: PakFile FullDirectoryIndexSize=140
[2025.10.02-06.33.40:264][  0]LogShaderLibrary: Display: ShaderCodeLibraryPakFileMountedCallback: PakFile 'F:/Games/UE_4.27/FeaturePacks/TP_Vehicle.upack' (chunk index -1, root 'root:/') mounted
[2025.10.02-06.33.40:264][  0]LogShaderLibrary: Display: ShaderCodeLibraryPakFileMountedCallback: pending pak file info (ChunkID:-1 Root:root:/ File:F:/Games/UE_4.27/FeaturePacks/TP_Vehicle.upack)
[2025.10.02-06.33.40:265][  0]LogPakFile: OnPakFileMounted2Time == 0.000061
[2025.10.02-06.33.40:266][  0]LogPakFile: PakFile PrimaryIndexSize=186
[2025.10.02-06.33.40:266][  0]LogPakFile: PakFile PathHashIndexSize=101
[2025.10.02-06.33.40:266][  0]LogPakFile: PakFile FullDirectoryIndexSize=146
[2025.10.02-06.33.40:266][  0]LogShaderLibrary: Display: ShaderCodeLibraryPakFileMountedCallback: PakFile 'F:/Games/UE_4.27/FeaturePacks/TP_VehicleAdv.upack' (chunk index -1, root 'root:/') mounted
[2025.10.02-06.33.40:266][  0]LogShaderLibrary: Display: ShaderCodeLibraryPakFileMountedCallback: pending pak file info (ChunkID:-1 Root:root:/ File:F:/Games/UE_4.27/FeaturePacks/TP_VehicleAdv.upack)
[2025.10.02-06.33.40:266][  0]LogPakFile: OnPakFileMounted2Time == 0.000242
[2025.10.02-06.33.40:268][  0]LogPakFile: PakFile PrimaryIndexSize=188
[2025.10.02-06.33.40:268][  0]LogPakFile: PakFile PathHashIndexSize=101
[2025.10.02-06.33.40:268][  0]LogPakFile: PakFile FullDirectoryIndexSize=150
[2025.10.02-06.33.40:268][  0]LogShaderLibrary: Display: ShaderCodeLibraryPakFileMountedCallback: PakFile 'F:/Games/UE_4.27/FeaturePacks/TP_VehicleAdvBP.upack' (chunk index -1, root 'root:/') mounted
[2025.10.02-06.33.40:268][  0]LogShaderLibrary: Display: ShaderCodeLibraryPakFileMountedCallback: pending pak file info (ChunkID:-1 Root:root:/ File:F:/Games/UE_4.27/FeaturePacks/TP_VehicleAdvBP.upack)
[2025.10.02-06.33.40:268][  0]LogPakFile: OnPakFileMounted2Time == 0.000046
[2025.10.02-06.33.40:269][  0]LogPakFile: PakFile PrimaryIndexSize=185
[2025.10.02-06.33.40:269][  0]LogPakFile: PakFile PathHashIndexSize=101
[2025.10.02-06.33.40:269][  0]LogPakFile: PakFile FullDirectoryIndexSize=144
[2025.10.02-06.33.40:269][  0]LogShaderLibrary: Display: ShaderCodeLibraryPakFileMountedCallback: PakFile 'F:/Games/UE_4.27/FeaturePacks/TP_VehicleBP.upack' (chunk index -1, root 'root:/') mounted
[2025.10.02-06.33.40:270][  0]LogShaderLibrary: Display: ShaderCodeLibraryPakFileMountedCallback: pending pak file info (ChunkID:-1 Root:root:/ File:F:/Games/UE_4.27/FeaturePacks/TP_VehicleBP.upack)
[2025.10.02-06.33.40:270][  0]LogPakFile: OnPakFileMounted2Time == 0.000375
[2025.10.02-06.33.40:272][  0]LogPakFile: PakFile PrimaryIndexSize=192
[2025.10.02-06.33.40:272][  0]LogPakFile: PakFile PathHashIndexSize=101
[2025.10.02-06.33.40:272][  0]LogPakFile: PakFile FullDirectoryIndexSize=158
[2025.10.02-06.33.40:272][  0]LogShaderLibrary: Display: ShaderCodeLibraryPakFileMountedCallback: PakFile 'F:/Games/UE_4.27/FeaturePacks/TP_VirtualRealityBP.upack' (chunk index -1, root 'root:/') mounted
[2025.10.02-06.33.40:272][  0]LogShaderLibrary: Display: ShaderCodeLibraryPakFileMountedCallback: pending pak file info (ChunkID:-1 Root:root:/ File:F:/Games/UE_4.27/FeaturePacks/TP_VirtualRealityBP.upack)
[2025.10.02-06.33.40:272][  0]LogPakFile: OnPakFileMounted2Time == 0.000054
[2025.10.02-06.33.40:375][  0]LogNativeClassHierarchy: Verbose: Native class hierarchy updated for 'AddContentDialog' in 0.0003 seconds. Added 0 classes and 0 folders.
[2025.10.02-06.33.40:382][  0]LogNativeClassHierarchy: Verbose: Native class hierarchy updated for 'SceneOutliner' in 0.0004 seconds. Added 2 classes and 0 folders.
[2025.10.02-06.33.40:412][  0]LogSlate: Took 0.000349 seconds to synchronously load lazily loaded font '../../../Engine/Content/Slate/Fonts/Roboto-Regular.ttf' (155K)
[2025.10.02-06.33.40:414][  0]LogSlate: Took 0.000307 seconds to synchronously load lazily loaded font '../../../Engine/Content/Editor/Slate/Fonts/FontAwesome.ttf' (139K)
[2025.10.02-06.33.40:415][  0]LogSlate: Took 0.000282 seconds to synchronously load lazily loaded font '../../../Engine/Content/Slate/Fonts/Roboto-Bold.ttf' (160K)
[2025.10.02-06.33.40:520][  0]LogRenderer: Reallocating scene render targets to support 940x432 Format 10 NumSamples 1 (Frame:1).
[2025.10.02-06.33.40:620][  0]LogNativeClassHierarchy: Verbose: Native class hierarchy updated for 'HierarchicalLODOutliner' in 0.0004 seconds. Added 0 classes and 0 folders.
[2025.10.02-06.33.40:620][  0]LogLoad: (Engine Initialization) Total time: 9.65 seconds
[2025.10.02-06.33.40:620][  0]LogLoad: (Engine Initialization) Total Blueprint compile time: 0.00 seconds
[2025.10.02-06.33.40:689][  0]LogAssetRegistry: Asset discovery search completed in 5.0973 seconds
[2025.10.02-06.33.40:699][  0]LogCollectionManager: Fixed up redirectors for 0 collections in 0.000004 seconds (updated 0 objects)
[2025.10.02-06.33.40:700][  0]LogContentStreaming: Texture pool size now 1000 MB
[2025.10.02-06.33.40:784][  3]LogSlate: Took 0.000394 seconds to synchronously load lazily loaded font '../../../Engine/Content/Slate/Fonts/Roboto-Light.ttf' (167K)
[2025.10.02-06.33.43:341][156]LogTemp: Repeating last play command: Selected Viewport
[2025.10.02-06.33.43:348][156]LogPlayLevel: PlayLevel: No blueprints needed recompiling
[2025.10.02-06.33.43:349][156]PIE: New page: PIE session: ThirdPersonExampleMap (1 oct. 2025 19:33:43)
[2025.10.02-06.33.43:351][156]LogOnline: OSS: Creating online subsystem instance for: NULL
[2025.10.02-06.33.43:353][156]LogOnline: OSS: TryLoadSubsystemAndSetDefault: Loaded subsystem for module [NULL]
[2025.10.02-06.33.43:353][156]LogPlayLevel: Creating play world package: /Game/ThirdPersonBP/Maps/UEDPIE_0_ThirdPersonExampleMap
[2025.10.02-06.33.43:366][156]LogPlayLevel: PIE: StaticDuplicateObject took: (0.013621s)
[2025.10.02-06.33.43:367][156]LogAIModule: Creating AISystem for world ThirdPersonExampleMap
[2025.10.02-06.33.43:367][156]LogPlayLevel: PIE: World Init took: (0.001119s)
[2025.10.02-06.33.43:367][156]LogPlayLevel: PIE: Created PIE world by copying editor world from /Game/ThirdPersonBP/Maps/ThirdPersonExampleMap.ThirdPersonExampleMap to /Game/ThirdPersonBP/Maps/UEDPIE_0_ThirdPersonExampleMap.ThirdPersonExampleMap (0.014934s)
[2025.10.02-06.33.43:374][156]LogUObjectHash: Compacting FUObjectHashTables data took   0.79ms
[2025.10.02-06.33.43:375][156]LogAudio: Display: Creating Audio Device:                 Id: 2, Scope: Unique, Realtime: True
[2025.10.02-06.33.43:376][156]LogAudioMixer: Display: Audio Mixer Platform Settings:
[2025.10.02-06.33.43:376][156]LogAudioMixer: Display: 	Sample Rate:						  48000
[2025.10.02-06.33.43:376][156]LogAudioMixer: Display: 	Callback Buffer Frame Size Requested: 1024
[2025.10.02-06.33.43:376][156]LogAudioMixer: Display: 	Callback Buffer Frame Size To Use:	  1024
[2025.10.02-06.33.43:376][156]LogAudioMixer: Display: 	Number of buffers to queue:			  2
[2025.10.02-06.33.43:376][156]LogAudioMixer: Display: 	Max Channels (voices):				  32
[2025.10.02-06.33.43:376][156]LogAudioMixer: Display: 	Number of Async Source Workers:		  0
[2025.10.02-06.33.43:376][156]LogAudio: Display: AudioDevice MaxSources: 32
[2025.10.02-06.33.43:376][156]LogAudio: Display: Audio Spatialization Plugin: None (built-in).
[2025.10.02-06.33.43:376][156]LogAudio: Display: Audio Reverb Plugin: None (built-in).
[2025.10.02-06.33.43:376][156]LogAudio: Display: Audio Occlusion Plugin: None (built-in).
[2025.10.02-06.33.43:376][156]LogAudioMixer: Display: Initializing audio mixer.
[2025.10.02-06.33.43:380][156]LogAudioMixer: Display: 0: FrontLeft
[2025.10.02-06.33.43:380][156]LogAudioMixer: Display: 1: FrontRight
[2025.10.02-06.33.43:389][156]LogAudioMixer: Display: Using Audio Device G274F (NVIDIA High Definition Audio)
[2025.10.02-06.33.43:389][156]LogAudioMixer: Display: Initializing Sound Submixes...
[2025.10.02-06.33.43:389][156]LogAudioMixer: Display: Creating Master Submix 'MasterSubmixDefault'
[2025.10.02-06.33.43:389][156]LogAudioMixer: Display: Creating Master Submix 'MasterReverbSubmixDefault'
[2025.10.02-06.33.43:390][156]LogAudioMixer: Display: Creating Master Submix 'MasterEQSubmixDefault'
[2025.10.02-06.33.43:390][156]LogAudioMixer: FMixerPlatformXAudio2::StartAudioStream() called
[2025.10.02-06.33.43:390][156]LogAudioMixer: Display: Output buffers initialized: Frames=1024, Channels=2, Samples=2048
[2025.10.02-06.33.43:391][156]LogAudioMixer: Display: Starting AudioMixerPlatformInterface::RunInternal()
[2025.10.02-06.33.43:391][156]LogAudioMixer: Display: FMixerPlatformXAudio2::SubmitBuffer() called for the first time
[2025.10.02-06.33.43:391][156]LogInit: FAudioDevice initialized.
[2025.10.02-06.33.43:391][156]LogAudio: Display: Audio Device (ID: 2) registered with world 'ThirdPersonExampleMap'.
[2025.10.02-06.33.43:400][156]LogLoad: Game class is 'BP_GameMode_C'
[2025.10.02-06.33.43:403][156]LogWorld: Bringing World /Game/ThirdPersonBP/Maps/UEDPIE_0_ThirdPersonExampleMap.ThirdPersonExampleMap up for play (max tick rate 60) at 2025.10.02-00.33.43
[2025.10.02-06.33.43:404][156]LogWorld: Bringing up level for play took: 0.001887
[2025.10.02-06.33.43:404][156]LogOnline: OSS: Creating online subsystem instance for: :Context_1
[2025.10.02-06.33.43:408][156]LogNativeClassHierarchy: Verbose: Native class hierarchy updated for 'MovieSceneCapture' in 0.0003 seconds. Added 20 classes and 0 folders.
[2025.10.02-06.33.43:410][156]LogBlueprintUserMessages: [BP_ClareCharacter_C_0] BP_Sarten
[2025.10.02-06.33.43:412][156]LogBlueprintUserMessages: [BP_ClareCharacter_C_0] BP_Olla
[2025.10.02-06.33.43:415][156]LogBlueprintUserMessages: [BP_ClareCharacter_C_0] BP_LlaveInglesa
[2025.10.02-06.33.43:417][156]LogBlueprintUserMessages: [BP_ClareCharacter_C_0] BP_Escoba
[2025.10.02-06.33.43:419][156]LogBlueprintUserMessages: [BP_ClareCharacter_C_0] BP_Trapeador
[2025.10.02-06.33.43:421][156]LogBlueprintUserMessages: [BP_ClareCharacter_C_0] BP_Extintor
[2025.10.02-06.33.43:423][156]LogBlueprintUserMessages: [BP_ClareCharacter_C_0] BP_Cuchillo
[2025.10.02-06.33.43:425][156]PIE: Server logged in
[2025.10.02-06.33.43:427][156]PIE: Play in editor total start time 0.081 seconds.
[2025.10.02-06.33.47:610][405]LogBlueprintUserMessages: [BP_FrancisIA_2] Se ha encontrado la mesa
[2025.10.02-06.33.49:594][524]LogBlueprintUserMessages: [BP_FrancisIA_2] Pedido:8--Crujiente--Dulce--Verde
[2025.10.02-06.33.49:594][524]LogBlueprintUserMessages: [BP_FrancisIA_2] OnreachedTable Iniciado
[2025.10.02-06.33.54:594][824]LogBlueprintUserMessages: [BP_FrancisIA_2] Paciencia agotada, ENTRANDO EN MODO FURIA
[2025.10.02-06.33.56:594][944]LogBlueprintUserMessages: [BP_FrancisIA_2] EnterFury ejecutado
[2025.10.02-06.33.58:594][ 64]LogBlueprintUserMessages: [BP_FrancisIA_2] IsAttacking ejecutado
[2025.10.02-06.34.00:845][199]LogBlueprintUserMessages: [BP_FrancisIA_2] MOVETOTARGET ejecutado
[2025.10.02-06.34.01:095][214]LogBlueprintUserMessages: [BP_FrancisIA_2] MOVETOTARGET ejecutado
[2025.10.02-06.34.01:346][229]LogBlueprintUserMessages: [BP_FrancisIA_2] MOVETOTARGET ejecutado
[2025.10.02-06.34.01:595][244]LogBlueprintUserMessages: [BP_FrancisIA_2] MOVETOTARGET ejecutado
[2025.10.02-06.34.01:595][244]LogBlueprintUserMessages: [BP_FrancisIA_2] TryAttack ejecutado
[2025.10.02-06.34.01:845][259]LogBlueprintUserMessages: [BP_FrancisIA_2] MOVETOTARGET ejecutado
[2025.10.02-06.34.02:095][274]LogBlueprintUserMessages: [BP_FrancisIA_2] MOVETOTARGET ejecutado
[2025.10.02-06.34.02:345][289]LogBlueprintUserMessages: [BP_FrancisIA_2] MOVETOTARGET ejecutado
[2025.10.02-06.34.02:595][304]LogBlueprintUserMessages: [BP_FrancisIA_2] MOVETOTARGET ejecutado
[2025.10.02-06.34.02:595][304]LogBlueprintUserMessages: [BP_FrancisIA_2] TryAttack ejecutado
[2025.10.02-06.34.02:845][319]LogBlueprintUserMessages: [BP_FrancisIA_2] MOVETOTARGET ejecutado
[2025.10.02-06.34.03:096][334]LogBlueprintUserMessages: [BP_FrancisIA_2] MOVETOTARGET ejecutado
[2025.10.02-06.34.03:346][349]LogBlueprintUserMessages: [BP_FrancisIA_2] MOVETOTARGET ejecutado
[2025.10.02-06.34.03:595][364]LogBlueprintUserMessages: [BP_FrancisIA_2] MOVETOTARGET ejecutado
[2025.10.02-06.34.03:596][364]LogBlueprintUserMessages: [BP_FrancisIA_2] TryAttack ejecutado
[2025.10.02-06.34.03:846][379]LogBlueprintUserMessages: [BP_FrancisIA_2] MOVETOTARGET ejecutado
[2025.10.02-06.34.04:095][394]LogBlueprintUserMessages: [BP_FrancisIA_2] MOVETOTARGET ejecutado
[2025.10.02-06.34.04:346][409]LogBlueprintUserMessages: [BP_FrancisIA_2] MOVETOTARGET ejecutado
[2025.10.02-06.34.04:597][424]LogBlueprintUserMessages: [BP_FrancisIA_2] MOVETOTARGET ejecutado
[2025.10.02-06.34.04:597][424]LogBlueprintUserMessages: [BP_FrancisIA_2] TryAttack ejecutado
[2025.10.02-06.34.04:846][439]LogBlueprintUserMessages: [BP_FrancisIA_2] MOVETOTARGET ejecutado
[2025.10.02-06.34.05:096][454]LogBlueprintUserMessages: [BP_FrancisIA_2] MOVETOTARGET ejecutado
[2025.10.02-06.34.05:346][469]LogBlueprintUserMessages: [BP_FrancisIA_2] MOVETOTARGET ejecutado
[2025.10.02-06.34.05:596][484]LogBlueprintUserMessages: [BP_FrancisIA_2] Francis Golpea a Clare
[2025.10.02-06.34.05:596][484]LogBlueprintUserMessages: [BP_ClareCharacter_C_0] Vida40.0
[2025.10.02-06.34.05:596][484]LogBlueprintUserMessages: [BP_FrancisIA_2] Daño ejecutado, daño:10.0
[2025.10.02-06.34.05:596][484]LogBlueprintUserMessages: [BP_FrancisIA_2] MOVETOTARGET ejecutado
[2025.10.02-06.34.05:596][484]LogBlueprintUserMessages: [BP_FrancisIA_2] TryAttack ejecutado
[2025.10.02-06.34.05:842][496]LogSlate: Updating window title bar state: overlay mode, drag disabled, window buttons hidden, title bar hidden
[2025.10.02-06.34.05:842][496]LogWorld: BeginTearingDown for /Game/ThirdPersonBP/Maps/UEDPIE_0_ThirdPersonExampleMap
[2025.10.02-06.34.05:842][496]LogWorld: UWorld::CleanupWorld for ThirdPersonExampleMap, bSessionEnded=true, bCleanupResources=true
[2025.10.02-06.34.05:842][496]LogSlate: InvalidateAllWidgets triggered.  All widgets were invalidated
[2025.10.02-06.34.05:857][496]LogPlayLevel: Display: Shutting down PIE online subsystems
[2025.10.02-06.34.05:859][496]LogSlate: InvalidateAllWidgets triggered.  All widgets were invalidated
[2025.10.02-06.34.05:865][496]LogAudio: Display: Audio Device unregistered from world 'None'.
[2025.10.02-06.34.05:865][496]LogAudioMixer: FMixerPlatformXAudio2::StopAudioStream() called
[2025.10.02-06.34.05:867][496]LogAudioMixer: FMixerPlatformXAudio2::StopAudioStream() called
[2025.10.02-06.34.05:868][496]LogSlate: Updating window title bar state: overlay mode, drag disabled, window buttons hidden, title bar hidden
[2025.10.02-06.34.05:873][496]LogUObjectHash: Compacting FUObjectHashTables data took   0.60ms
[2025.10.02-06.34.05:922][498]LogPlayLevel: Display: Destroying online subsystem :Context_1
[2025.10.02-06.34.08:812][671]LogUObjectHash: Compacting FUObjectHashTables data took   0.83ms
[2025.10.02-06.34.08:826][671]LogSlate: Window 'TasteOfMadness - Unreal Editor' being destroyed
[2025.10.02-06.34.08:830][671]LogWindowsTextInputMethodSystem: Display: IME system deactivated.
[2025.10.02-06.34.08:934][672]Cmd: QUIT_EDITOR
[2025.10.02-06.34.08:934][672]LogCore: Engine exit requested (reason: UUnrealEdEngine::CloseEditor())
[2025.10.02-06.34.08:939][672]LogCore: Engine exit requested (reason: EngineExit() was called; note: exit was already requested)
[2025.10.02-06.34.09:545][672]LogAudio: Display: Beginning Audio Device Manager Shutdown (Module: AudioMixerXAudio2)...
[2025.10.02-06.34.09:545][672]LogAudio: Display: Destroying 1 Remaining Audio Device(s)...
[2025.10.02-06.34.09:545][672]LogAudio: Display: Audio Device unregistered from world 'ThirdPersonExampleMap'.
[2025.10.02-06.34.09:545][672]LogAudioMixer: FMixerPlatformXAudio2::StopAudioStream() called
[2025.10.02-06.34.09:547][672]LogAudioMixer: FMixerPlatformXAudio2::StopAudioStream() called
[2025.10.02-06.34.09:549][672]LogAudio: Display: Audio Device Manager Shutdown
[2025.10.02-06.34.09:558][672]LogExit: Preparing to exit.
[2025.10.02-06.34.10:432][672]LogUObjectHash: Compacting FUObjectHashTables data took   0.98ms
[2025.10.02-06.34.10:559][672]LogDemo: Cleaned up 0 splitscreen connections with owner deletion
[2025.10.02-06.34.10:564][672]LogWorld: UWorld::CleanupWorld for None, bSessionEnded=true, bCleanupResources=true
[2025.10.02-06.34.10:565][672]LogExit: Editor shut down
[2025.10.02-06.34.10:565][672]LogExit: Transaction tracking system shut down
[2025.10.02-06.34.10:758][672]LogExit: Object subsystem successfully closed.
[2025.10.02-06.34.10:785][672]LogShaderCompilers: Display: === FShaderJobCache stats ===
[2025.10.02-06.34.10:785][672]LogShaderCompilers: Display: Total job queries 0, among them cache hits 0 (0.00%)
[2025.10.02-06.34.10:785][672]LogShaderCompilers: Display: Tracking 0 distinct input hashes that result in 0 distinct outputs (0.00%)
[2025.10.02-06.34.10:786][672]LogShaderCompilers: Display: RAM used: 0.00 MB (0.00 GB) of 1638.40 MB (1.60 GB) budget. Usage: 0.00%
[2025.10.02-06.34.10:786][672]LogShaderCompilers: Display: ================================================
[2025.10.02-06.34.10:796][672]LogShaderCompilers: Display: Shaders left to compile 0
[2025.10.02-06.34.10:806][672]LogModuleManager: Shutting down and abandoning module MovieSceneCapture (874)
[2025.10.02-06.34.10:806][672]LogModuleManager: Shutting down and abandoning module Voice (872)
[2025.10.02-06.34.10:806][672]LogModuleManager: Shutting down and abandoning module HierarchicalLODOutliner (870)
[2025.10.02-06.34.10:806][672]LogModuleManager: Shutting down and abandoning module SceneOutliner (868)
[2025.10.02-06.34.10:806][672]LogModuleManager: Shutting down and abandoning module AddContentDialog (866)
[2025.10.02-06.34.10:806][672]LogModuleManager: Shutting down and abandoning module WidgetCarousel (865)
[2025.10.02-06.34.10:806][672]LogModuleManager: Shutting down and abandoning module EditorWidgets (862)
[2025.10.02-06.34.10:806][672]LogModuleManager: Shutting down and abandoning module StatsViewer (860)
[2025.10.02-06.34.10:806][672]LogModuleManager: Shutting down and abandoning module PIEPreviewDeviceProfileSelector (858)
[2025.10.02-06.34.10:806][672]LogModuleManager: Shutting down and abandoning module SequenceRecorderSections (856)
[2025.10.02-06.34.10:806][672]LogModuleManager: Shutting down and abandoning module AutomationWorker (854)
[2025.10.02-06.34.10:806][672]LogModuleManager: Shutting down and abandoning module SteamVREditor (852)
[2025.10.02-06.34.10:806][672]LogModuleManager: Shutting down and abandoning module OculusMR (850)
[2025.10.02-06.34.10:806][672]LogModuleManager: Shutting down and abandoning module TakeRecorderSources (848)
[2025.10.02-06.34.10:806][672]LogModuleManager: Shutting down and abandoning module TakeRecorder (847)
[2025.10.02-06.34.10:806][672]LogModuleManager: Shutting down and abandoning module TakeTrackRecorders (844)
[2025.10.02-06.34.10:806][672]LogModuleManager: Shutting down and abandoning module TakesCore (842)
[2025.10.02-06.34.10:806][672]LogModuleManager: Shutting down and abandoning module OpenXRInput (840)
[2025.10.02-06.34.10:806][672]LogModuleManager: Shutting down and abandoning module GooglePADEditor (838)
[2025.10.02-06.34.10:806][672]LogModuleManager: Shutting down and abandoning module AudioCaptureEditor (836)
[2025.10.02-06.34.10:806][672]LogModuleManager: Shutting down and abandoning module TemplateSequenceEditor (834)
[2025.10.02-06.34.10:806][672]LogModuleManager: Shutting down and abandoning module MatineeToLevelSequence (832)
[2025.10.02-06.34.10:806][672]LogModuleManager: Shutting down and abandoning module LevelSequenceEditor (830)
[2025.10.02-06.34.10:806][672]LogModuleManager: Shutting down and abandoning module WmfMediaFactory (828)
[2025.10.02-06.34.10:806][672]LogModuleManager: Shutting down and abandoning module WmfMediaEditor (826)
[2025.10.02-06.34.10:806][672]LogModuleManager: Shutting down and abandoning module WebMMediaFactory (824)
[2025.10.02-06.34.10:806][672]LogModuleManager: Shutting down and abandoning module WebMMediaEditor (822)
[2025.10.02-06.34.10:806][672]LogModuleManager: Shutting down and abandoning module WebMMedia (820)
[2025.10.02-06.34.10:806][672]LogModuleManager: Shutting down and abandoning module ActorSequenceEditor (818)
[2025.10.02-06.34.10:806][672]LogModuleManager: Shutting down and abandoning module MediaPlayerEditor (816)
[2025.10.02-06.34.10:806][672]LogModuleManager: Shutting down and abandoning module MediaCompositingEditor (814)
[2025.10.02-06.34.10:806][672]LogModuleManager: Shutting down and abandoning module SequenceRecorder (813)
[2025.10.02-06.34.10:806][672]LogModuleManager: Shutting down and abandoning module OpenExrWrapper (810)
[2025.10.02-06.34.10:806][672]LogModuleManager: Shutting down and abandoning module ImgMediaFactory (808)
[2025.10.02-06.34.10:806][672]LogModuleManager: Shutting down and abandoning module ImgMediaEditor (806)
[2025.10.02-06.34.10:806][672]LogModuleManager: Shutting down and abandoning module AvfMediaFactory (804)
[2025.10.02-06.34.10:806][672]LogModuleManager: Shutting down and abandoning module AvfMediaEditor (802)
[2025.10.02-06.34.10:806][672]LogModuleManager: Shutting down and abandoning module AndroidMediaFactory (800)
[2025.10.02-06.34.10:806][672]LogModuleManager: Shutting down and abandoning module AndroidMediaEditor (798)
[2025.10.02-06.34.10:806][672]LogModuleManager: Shutting down and abandoning module MagicLeapMediaCodecFactory (796)
[2025.10.02-06.34.10:807][672]LogModuleManager: Shutting down and abandoning module MagicLeapMediaFactory (794)
[2025.10.02-06.34.10:807][672]LogModuleManager: Shutting down and abandoning module MagicLeapMediaEditor (792)
[2025.10.02-06.34.10:807][672]LogModuleManager: Shutting down and abandoning module PlanarCut (790)
[2025.10.02-06.34.10:807][672]LogModuleManager: Shutting down and abandoning module CharacterAI (788)
[2025.10.02-06.34.10:807][672]LogModuleManager: Shutting down and abandoning module TextureAlignMode (786)
[2025.10.02-06.34.10:807][672]LogModuleManager: Shutting down and abandoning module BspMode (784)
[2025.10.02-06.34.10:807][672]LogModuleManager: Shutting down and abandoning module GeometryMode (782)
[2025.10.02-06.34.10:807][672]LogModuleManager: Shutting down and abandoning module CameraShakePreviewer (780)
[2025.10.02-06.34.10:807][672]LogModuleManager: Shutting down and abandoning module SmartSnapping (778)
[2025.10.02-06.34.10:807][672]LogModuleManager: Shutting down and abandoning module SessionServices (776)
[2025.10.02-06.34.10:807][672]LogModuleManager: Shutting down and abandoning module MeshPaint (774)
[2025.10.02-06.34.10:807][672]LogModuleManager: Shutting down and abandoning module VirtualTexturingEditor (772)
[2025.10.02-06.34.10:807][672]LogModuleManager: Shutting down and abandoning module FoliageEdit (770)
[2025.10.02-06.34.10:807][672]LogModuleManager: Shutting down and abandoning module LandscapeEditor (768)
[2025.10.02-06.34.10:807][672]LogModuleManager: Shutting down and abandoning module MeshPaintMode (766)
[2025.10.02-06.34.10:807][672]LogModuleManager: Shutting down and abandoning module SceneDepthPickerMode (764)
[2025.10.02-06.34.10:807][672]LogModuleManager: Shutting down and abandoning module ActorPickerMode (762)
[2025.10.02-06.34.10:807][672]LogModuleManager: Shutting down and abandoning module PlacementMode (760)
[2025.10.02-06.34.10:807][672]LogModuleManager: Shutting down and abandoning module ViewportSnapping (758)
[2025.10.02-06.34.10:807][672]LogModuleManager: Shutting down and abandoning module ViewportInteraction (756)
[2025.10.02-06.34.10:807][672]LogModuleManager: Shutting down and abandoning module ClothPainter (754)
[2025.10.02-06.34.10:807][672]LogModuleManager: Shutting down and abandoning module SkeletalMeshEditor (753)
[2025.10.02-06.34.10:807][672]LogModuleManager: Shutting down and abandoning module LogVisualizer (750)
[2025.10.02-06.34.10:807][672]LogModuleManager: Shutting down and abandoning module IntroTutorials (748)
[2025.10.02-06.34.10:807][672]LogModuleManager: Shutting down and abandoning module GameProjectGeneration (747)
[2025.10.02-06.34.10:807][672]LogModuleManager: Shutting down and abandoning module LuminPlatformEditor (744)
[2025.10.02-06.34.10:807][672]LogModuleManager: Shutting down and abandoning module IOSPlatformEditor (742)
[2025.10.02-06.34.10:807][672]LogModuleManager: Shutting down and abandoning module AndroidPlatformEditor (740)
[2025.10.02-06.34.10:807][672]LogModuleManager: Shutting down and abandoning module AndroidDeviceDetection (739)
[2025.10.02-06.34.10:973][672]LogModuleManager: Shutting down and abandoning module WindowsPlatformEditor (736)
[2025.10.02-06.34.10:973][672]LogModuleManager: Shutting down and abandoning module LuminRuntimeSettings (734)
[2025.10.02-06.34.10:973][672]LogModuleManager: Shutting down and abandoning module IOSRuntimeSettings (732)
[2025.10.02-06.34.10:973][672]LogModuleManager: Shutting down and abandoning module AndroidRuntimeSettings (730)
[2025.10.02-06.34.10:973][672]LogModuleManager: Shutting down and abandoning module TraceInsights (728)
[2025.10.02-06.34.10:973][672]MemoryProfiler: Shutdown
[2025.10.02-06.34.10:973][672]NetworkingProfiler: Shutdown
[2025.10.02-06.34.10:973][672]LoadingProfiler: Shutdown
[2025.10.02-06.34.10:973][672]TimingProfiler: Shutdown
[2025.10.02-06.34.10:973][672]LogModuleManager: Shutting down and abandoning module TraceServices (727)
[2025.10.02-06.34.10:973][672]LogModuleManager: Shutting down and abandoning module EditorInteractiveToolsFramework (724)
[2025.10.02-06.34.10:973][672]LogModuleManager: Shutting down and abandoning module TimeManagementEditor (722)
[2025.10.02-06.34.10:973][672]LogModuleManager: Shutting down and abandoning module InputBindingEditor (720)
[2025.10.02-06.34.10:973][672]LogModuleManager: Shutting down and abandoning module MergeActors (718)
[2025.10.02-06.34.10:974][672]LogModuleManager: Shutting down and abandoning module LocalizationDashboard (716)
[2025.10.02-06.34.10:974][672]LogModuleManager: Shutting down and abandoning module LocalizationService (715)
[2025.10.02-06.34.10:974][672]LogModuleManager: Shutting down and abandoning module HardwareTargeting (712)
[2025.10.02-06.34.10:974][672]LogModuleManager: Shutting down and abandoning module DeviceProfileEditor (710)
[2025.10.02-06.34.10:974][672]LogModuleManager: Shutting down and abandoning module UndoHistory (708)
[2025.10.02-06.34.10:974][672]LogModuleManager: Shutting down and abandoning module XmlParser (706)
[2025.10.02-06.34.10:974][672]LogModuleManager: Shutting down and abandoning module Blutility (704)
[2025.10.02-06.34.10:974][672]LogModuleManager: Shutting down and abandoning module ProjectSettingsViewer (702)
[2025.10.02-06.34.10:974][672]LogModuleManager: Shutting down and abandoning module ProjectTargetPlatformEditor (701)
[2025.10.02-06.34.10:974][672]LogModuleManager: Shutting down and abandoning module EditorSettingsViewer (698)
[2025.10.02-06.34.10:974][672]LogModuleManager: Shutting down and abandoning module InternationalizationSettings (697)
[2025.10.02-06.34.10:974][672]LogModuleManager: Shutting down and abandoning module SettingsEditor (694)
[2025.10.02-06.34.10:974][672]LogModuleManager: Shutting down and abandoning module ProjectLauncher (692)
[2025.10.02-06.34.10:974][672]LogModuleManager: Shutting down and abandoning module SessionFrontend (690)
[2025.10.02-06.34.10:974][672]LogModuleManager: Shutting down and abandoning module ProfilerClient (688)
[2025.10.02-06.34.10:974][672]LogModuleManager: Shutting down and abandoning module DeviceManager (686)
[2025.10.02-06.34.10:974][672]LogModuleManager: Shutting down and abandoning module TargetDeviceServices (685)
[2025.10.02-06.34.11:007][672]LogModuleManager: Shutting down and abandoning module AutomationController (682)
[2025.10.02-06.34.11:007][672]LogModuleManager: Shutting down and abandoning module AutomationWindow (680)
[2025.10.02-06.34.11:007][672]LogModuleManager: Shutting down and abandoning module Layers (678)
[2025.10.02-06.34.11:007][672]LogModuleManager: Shutting down and abandoning module ComponentVisualizers (676)
[2025.10.02-06.34.11:007][672]LogModuleManager: Shutting down and abandoning module DetailCustomizations (674)
[2025.10.02-06.34.11:007][672]LogModuleManager: Shutting down and abandoning module PackagesDialog (672)
[2025.10.02-06.34.11:007][672]LogModuleManager: Shutting down and abandoning module AnimationBlueprintEditor (670)
[2025.10.02-06.34.11:007][672]LogModuleManager: Shutting down and abandoning module Persona (668)
[2025.10.02-06.34.11:007][672]LogModuleManager: Shutting down and abandoning module AdvancedPreviewScene (667)
[2025.10.02-06.34.11:007][672]LogModuleManager: Shutting down and abandoning module AnimGraph (665)
[2025.10.02-06.34.11:007][672]LogModuleManager: Shutting down and abandoning module Kismet (662)
[2025.10.02-06.34.11:007][672]LogModuleManager: Shutting down and abandoning module KismetWidgets (661)
[2025.10.02-06.34.11:007][672]LogModuleManager: Shutting down and abandoning module GraphEditor (658)
[2025.10.02-06.34.11:007][672]LogModuleManager: Shutting down and abandoning module StructViewer (656)
[2025.10.02-06.34.11:008][672]LogModuleManager: Shutting down and abandoning module ClassViewer (654)
[2025.10.02-06.34.11:008][672]LogModuleManager: Shutting down and abandoning module Toolbox (652)
[2025.10.02-06.34.11:008][672]LogModuleManager: Shutting down and abandoning module ModuleUI (650)
[2025.10.02-06.34.11:008][672]LogModuleManager: Shutting down and abandoning module OutputLog (648)
[2025.10.02-06.34.11:008][672]LogModuleManager: Shutting down and abandoning module GammaUI (646)
[2025.10.02-06.34.11:008][672]LogModuleManager: Shutting down and abandoning module Documentation (644)
[2025.10.02-06.34.11:008][672]LogModuleManager: Shutting down and abandoning module LiveCoding (642)
[2025.10.02-06.34.11:008][672]LogModuleManager: Shutting down and abandoning module LevelSequence (640)
[2025.10.02-06.34.11:008][672]LogModuleManager: Shutting down and abandoning module MovieSceneTracks (638)
[2025.10.02-06.34.11:008][672]LogModuleManager: Shutting down and abandoning module MovieScene (636)
[2025.10.02-06.34.11:008][672]LogModuleManager: Shutting down and abandoning module StreamingPauseRendering (634)
[2025.10.02-06.34.11:008][672]LogModuleManager: Shutting down and abandoning module LauncherPlatform (632)
[2025.10.02-06.34.11:008][672]LogModuleManager: Shutting down and abandoning module AnalyticsET (630)
[2025.10.02-06.34.11:008][672]LogModuleManager: Shutting down and abandoning module PortalServices (628)
[2025.10.02-06.34.11:008][672]LogModuleManager: Shutting down and abandoning module PortalRpc (626)
[2025.10.02-06.34.11:008][672]LogModuleManager: Shutting down and abandoning module MessagingRpc (624)
[2025.10.02-06.34.11:008][672]LogModuleManager: Shutting down and abandoning module AudioMixerXAudio2 (622)
[2025.10.02-06.34.11:008][672]LogModuleManager: Shutting down and abandoning module AudioMixerCore (621)
[2025.10.02-06.34.11:008][672]LogModuleManager: Shutting down and abandoning module AIModule (618)
[2025.10.02-06.34.11:008][672]LogModuleManager: Shutting down and abandoning module GameplayDebugger (617)
[2025.10.02-06.34.11:008][672]LogModuleManager: Shutting down and abandoning module AITestSuite (615)
[2025.10.02-06.34.11:008][672]LogModuleManager: Shutting down and abandoning module NavigationSystem (613)
[2025.10.02-06.34.11:008][672]LogModuleManager: Shutting down and abandoning module ImageWriteQueue (610)
[2025.10.02-06.34.11:015][672]LogModuleManager: Shutting down and abandoning module ProfilerService (608)
[2025.10.02-06.34.11:164][672]LogModuleManager: Shutting down and abandoning module TaskGraph (606)
[2025.10.02-06.34.11:164][672]LogModuleManager: Shutting down and abandoning module AudioSynesthesiaEditor (604)
[2025.10.02-06.34.11:164][672]LogModuleManager: Shutting down and abandoning module OculusEditor (602)
[2025.10.02-06.34.11:165][672]LogModuleManager: Shutting down and abandoning module OculusInput (600)
[2025.10.02-06.34.11:165][672]LogModuleManager: Shutting down and abandoning module ContentBrowserFileDataSource (598)
[2025.10.02-06.34.11:165][672]LogModuleManager: Shutting down and abandoning module ContentBrowserClassDataSource (596)
[2025.10.02-06.34.11:165][672]LogModuleManager: Shutting down and abandoning module ContentBrowserAssetDataSource (594)
[2025.10.02-06.34.11:165][672]LogModuleManager: Shutting down and abandoning module CollectionManager (593)
[2025.10.02-06.34.11:165][672]LogModuleManager: Shutting down and abandoning module TakeSequencer (590)
[2025.10.02-06.34.11:165][672]LogModuleManager: Shutting down and abandoning module TakeMovieScene (588)
[2025.10.02-06.34.11:165][672]LogModuleManager: Shutting down and abandoning module ScreenshotTools (586)
[2025.10.02-06.34.11:165][672]LogModuleManager: Shutting down and abandoning module SynthesisEditor (584)
[2025.10.02-06.34.11:165][672]LogModuleManager: Shutting down and abandoning module Synthesis (582)
[2025.10.02-06.34.11:165][672]LogModuleManager: Shutting down and abandoning module ProceduralMeshComponentEditor (580)
[2025.10.02-06.34.11:165][672]LogModuleManager: Shutting down and abandoning module ProceduralMeshComponent (578)
[2025.10.02-06.34.11:165][672]LogModuleManager: Shutting down and abandoning module OpenXREditor (576)
[2025.10.02-06.34.11:165][672]LogModuleManager: Shutting down and abandoning module MobilePatchingUtils (574)
[2025.10.02-06.34.11:165][672]LogModuleManager: Shutting down and abandoning module GooglePAD (572)
[2025.10.02-06.34.11:165][672]LogModuleManager: Shutting down and abandoning module EditableMesh (570)
[2025.10.02-06.34.11:165][672]LogModuleManager: Shutting down and abandoning module CustomMeshComponent (568)
[2025.10.02-06.34.11:165][672]LogModuleManager: Shutting down and abandoning module CableComponent (566)
[2025.10.02-06.34.11:165][672]LogModuleManager: Shutting down and abandoning module AudioCapture (564)
[2025.10.02-06.34.11:165][672]LogModuleManager: Shutting down and abandoning module AudioCaptureRtAudio (563)
[2025.10.02-06.34.11:165][672]LogModuleManager: Shutting down and abandoning module AssetTags (560)
[2025.10.02-06.34.11:165][672]LogModuleManager: Shutting down and abandoning module ArchVisCharacter (558)
[2025.10.02-06.34.11:165][672]LogModuleManager: Shutting down and abandoning module AppleImageUtilsBlueprintSupport (556)
[2025.10.02-06.34.11:165][672]LogModuleManager: Shutting down and abandoning module AppleImageUtils (554)
[2025.10.02-06.34.11:165][672]LogModuleManager: Shutting down and abandoning module AndroidPermission (552)
[2025.10.02-06.34.11:165][672]LogModuleManager: Shutting down and abandoning module ActorLayerUtilitiesEditor (550)
[2025.10.02-06.34.11:165][672]LogModuleManager: Shutting down and abandoning module ActorLayerUtilities (548)
[2025.10.02-06.34.11:165][672]LogModuleManager: Shutting down and abandoning module TemplateSequence (546)
[2025.10.02-06.34.11:165][672]LogModuleManager: Shutting down and abandoning module MediaCompositing (544)
[2025.10.02-06.34.11:165][672]LogModuleManager: Shutting down and abandoning module ImgMedia (542)
[2025.10.02-06.34.11:165][672]LogModuleManager: Shutting down and abandoning module MagicLeapSharedWorld (540)
[2025.10.02-06.34.11:165][672]LogModuleManager: Shutting down and abandoning module MagicLeapLightEstimation (538)
[2025.10.02-06.34.11:165][672]LogModuleManager: Shutting down and abandoning module MagicLeapHelperVulkan (536)
[2025.10.02-06.34.11:165][672]LogModuleManager: Shutting down and abandoning module MagicLeapHelperOpenGL (534)
[2025.10.02-06.34.11:165][672]LogModuleManager: Shutting down and abandoning module MagicLeapAudio (532)
[2025.10.02-06.34.11:165][672]LogModuleManager: Shutting down and abandoning module OpenImageDenoise (530)
[2025.10.02-06.34.11:165][672]LogOpenImageDenoise: OIDN shutting down
[2025.10.02-06.34.11:165][672]LogModuleManager: Shutting down and abandoning module MotoSynthEditor (528)
[2025.10.02-06.34.11:165][672]LogModuleManager: Shutting down and abandoning module MotoSynth (526)
[2025.10.02-06.34.11:165][672]LogModuleManager: Shutting down and abandoning module MeshConversion (524)
[2025.10.02-06.34.11:165][672]LogModuleManager: Shutting down and abandoning module DynamicMesh (522)
[2025.10.02-06.34.11:165][672]LogModuleManager: Shutting down and abandoning module GeometryAlgorithms (520)
[2025.10.02-06.34.11:165][672]LogModuleManager: Shutting down and abandoning module GeometricObjects (518)
[2025.10.02-06.34.11:165][672]LogModuleManager: Shutting down and abandoning module GeometryCollectionTracks (516)
[2025.10.02-06.34.11:165][672]LogModuleManager: Shutting down and abandoning module GeometryCollectionSequencer (515)
[2025.10.02-06.34.11:165][672]LogModuleManager: Shutting down and abandoning module GeometryCollectionEditor (512)
[2025.10.02-06.34.11:165][672]LogModuleManager: Shutting down and abandoning module GeometryCacheTracks (510)
[2025.10.02-06.34.11:165][672]LogModuleManager: Shutting down and abandoning module GeometryCacheStreamer (508)
[2025.10.02-06.34.11:165][672]LogModuleManager: Shutting down and abandoning module GeometryCacheSequencer (506)
[2025.10.02-06.34.11:165][672]LogModuleManager: Shutting down and abandoning module ChaosNiagara (504)
[2025.10.02-06.34.11:165][672]LogModuleManager: Shutting down and abandoning module ChaosSolverEditor (502)
[2025.10.02-06.34.11:165][672]LogModuleManager: Shutting down and abandoning module FractureEditor (500)
[2025.10.02-06.34.11:165][672]LogModuleManager: Shutting down and abandoning module FieldSystemEngine (499)
[2025.10.02-06.34.11:166][672]LogModuleManager: Shutting down and abandoning module ChaosClothEditor (496)
[2025.10.02-06.34.11:166][672]LogModuleManager: Shutting down and abandoning module BackChannel (494)
[2025.10.02-06.34.11:166][672]LogModuleManager: Shutting down and abandoning module AutomationUtilsEditor (492)
[2025.10.02-06.34.11:166][672]LogModuleManager: Shutting down and abandoning module AutomationUtils (490)
[2025.10.02-06.34.11:166][672]LogModuleManager: Shutting down and abandoning module AlembicImporter (488)
[2025.10.02-06.34.11:166][672]LogModuleManager: Shutting down and abandoning module AlembicLibrary (487)
[2025.10.02-06.34.11:166][672]LogModuleManager: Shutting down and abandoning module GeometryCache (486)
[2025.10.02-06.34.11:166][672]LogModuleManager: Shutting down and abandoning module GeometryCacheEd (485)
[2025.10.02-06.34.11:166][672]LogModuleManager: Shutting down and abandoning module VariantManagerContentEditor (480)
[2025.10.02-06.34.11:166][672]LogModuleManager: Shutting down and abandoning module NiagaraEditorWidgets (478)
[2025.10.02-06.34.11:166][672]LogModuleManager: Shutting down and abandoning module DatasmithContentEditor (476)
[2025.10.02-06.34.11:166][672]LogModuleManager: Shutting down and abandoning module SpeedTreeImporter (474)
[2025.10.02-06.34.11:166][672]LogModuleManager: Shutting down and abandoning module PluginBrowser (472)
[2025.10.02-06.34.11:166][672]LogModuleManager: Shutting down and abandoning module MobileLauncherProfileWizard (470)
[2025.10.02-06.34.11:166][672]LogModuleManager: Shutting down and abandoning module MaterialAnalyzer (468)
[2025.10.02-06.34.11:166][672]LogModuleManager: Shutting down and abandoning module CurveEditorTools (466)
[2025.10.02-06.34.11:166][672]LogModuleManager: Shutting down and abandoning module CryptoKeysOpenSSL (464)
[2025.10.02-06.34.11:166][672]LogModuleManager: Shutting down and abandoning module CryptoKeys (462)
[2025.10.02-06.34.11:166][672]LogModuleManager: Shutting down and abandoning module VisualStudioSourceCodeAccess (460)
[2025.10.02-06.34.11:166][672]LogModuleManager: Shutting down and abandoning module VisualStudioCodeSourceCodeAccess (458)
[2025.10.02-06.34.11:166][672]LogModuleManager: Shutting down and abandoning module UObjectPlugin (456)
[2025.10.02-06.34.11:166][672]LogModuleManager: Shutting down and abandoning module SubversionSourceControl (454)
[2025.10.02-06.34.11:166][672]LogModuleManager: Shutting down and abandoning module RiderSourceCodeAccess (452)
[2025.10.02-06.34.11:166][672]LogModuleManager: Shutting down and abandoning module PluginUtils (450)
[2025.10.02-06.34.11:166][672]LogModuleManager: Shutting down and abandoning module PlasticSourceControl (448)
[2025.10.02-06.34.11:166][672]LogModuleManager: Shutting down and abandoning module PerforceSourceControl (446)
[2025.10.02-06.34.11:166][672]LogModuleManager: Shutting down and abandoning module GitSourceControl (444)
[2025.10.02-06.34.11:166][672]LogModuleManager: Shutting down and abandoning module SourceControl (443)
[2025.10.02-06.34.11:166][672]LogModuleManager: Shutting down and abandoning module CLionSourceCodeAccess (440)
[2025.10.02-06.34.11:166][672]LogModuleManager: Shutting down and abandoning module AnimationSharingEd (438)
[2025.10.02-06.34.11:166][672]LogModuleManager: Shutting down and abandoning module OodleNetworkHandlerComponent (436)
[2025.10.02-06.34.11:166][672]LogModuleManager: Shutting down and abandoning module LiveLinkSequencer (434)
[2025.10.02-06.34.11:166][672]LogModuleManager: Shutting down and abandoning module LiveLinkMovieScene (432)
[2025.10.02-06.34.11:166][672]LogModuleManager: Shutting down and abandoning module LiveLinkGraphNode (430)
[2025.10.02-06.34.11:166][672]LogModuleManager: Shutting down and abandoning module LiveLinkEditor (428)
[2025.10.02-06.34.11:166][672]LogModuleManager: Shutting down and abandoning module LiveLinkComponents (426)
[2025.10.02-06.34.11:166][672]LogModuleManager: Shutting down and abandoning module LiveLink (424)
[2025.10.02-06.34.11:524][672]LogModuleManager: Shutting down and abandoning module LightPropagationVolumeEditor (422)
[2025.10.02-06.34.11:524][672]LogModuleManager: Shutting down and abandoning module PaperTiledImporter (420)
[2025.10.02-06.34.11:524][672]LogModuleManager: Shutting down and abandoning module PaperSpriteSheetImporter (418)
[2025.10.02-06.34.11:524][672]LogModuleManager: Shutting down and abandoning module Paper2DEditor (416)
[2025.10.02-06.34.11:524][672]LogModuleManager: Shutting down and abandoning module MeshPaintingToolset (414)
[2025.10.02-06.34.11:524][672]LogModuleManager: Shutting down and abandoning module MeshPaintEditorMode (412)
[2025.10.02-06.34.11:524][672]LogModuleManager: Shutting down and abandoning module SoundFields (410)
[2025.10.02-06.34.11:524][672]LogModuleManager: Shutting down and abandoning module SignificanceManager (408)
[2025.10.02-06.34.11:524][672]LogModuleManager: Shutting down and abandoning module RuntimePhysXCooking (406)
[2025.10.02-06.34.11:524][672]LogModuleManager: Shutting down and abandoning module PropertyAccessEditor (404)
[2025.10.02-06.34.11:524][672]LogModuleManager: Shutting down and abandoning module PhysXVehiclesEditor (402)
[2025.10.02-06.34.11:524][672]LogModuleManager: Shutting down and abandoning module LocationServicesBPLibrary (398)
[2025.10.02-06.34.11:524][672]LogModuleManager: Shutting down and abandoning module AudioSynesthesia (396)
[2025.10.02-06.34.11:524][672]LogModuleManager: Shutting down and abandoning module AudioSynesthesiaCore (394)
[2025.10.02-06.34.11:524][672]LogModuleManager: Shutting down and abandoning module ActorSequence (392)
[2025.10.02-06.34.11:524][672]LogModuleManager: Shutting down and abandoning module UdpMessaging (390)
[2025.10.02-06.34.11:626][672]LogModuleManager: Shutting down and abandoning module TcpMessaging (388)
[2025.10.02-06.34.11:727][672]LogModuleManager: Shutting down and abandoning module ImgMediaEngine (386)
[2025.10.02-06.34.11:727][672]LogModuleManager: Shutting down and abandoning module MagicLeapARPin (384)
[2025.10.02-06.34.11:727][672]LogModuleManager: Shutting down and abandoning module MagicLeapHandMeshing (382)
[2025.10.02-06.34.11:727][672]LogModuleManager: Shutting down and abandoning module MagicLeapSecureStorage (380)
[2025.10.02-06.34.11:727][672]LogModuleManager: Shutting down and abandoning module MagicLeapPrivileges (378)
[2025.10.02-06.34.11:727][672]LogModuleManager: Shutting down and abandoning module MagicLeapPlanes (376)
[2025.10.02-06.34.11:727][672]LogMagicLeapPlanes: Planes tracker already destroyed.
[2025.10.02-06.34.11:727][672]LogModuleManager: Shutting down and abandoning module MagicLeapImageTracker (374)
[2025.10.02-06.34.11:727][672]LogModuleManager: Shutting down and abandoning module MagicLeapIdentity (372)
[2025.10.02-06.34.11:727][672]LogModuleManager: Shutting down and abandoning module MagicLeapHandTracking (370)
[2025.10.02-06.34.11:727][672]LogModuleManager: Shutting down and abandoning module MagicLeapEyeTracker (368)
[2025.10.02-06.34.11:727][672]LogModuleManager: Shutting down and abandoning module MagicLeapController (366)
[2025.10.02-06.34.11:727][672]LogModuleManager: Shutting down and abandoning module MagicLeapARPinImpl (364)
[2025.10.02-06.34.11:727][672]LogModuleManager: Shutting down and abandoning module MagicLeapAR (362)
[2025.10.02-06.34.11:727][672]LogModuleManager: Shutting down and abandoning module PythonScriptPlugin (360)
[2025.10.02-06.34.11:727][672]LogModuleManager: Shutting down and abandoning module NiagaraAnimNotifies (358)
[2025.10.02-06.34.11:727][672]LogModuleManager: Shutting down and abandoning module Niagara (356)
[2025.10.02-06.34.11:727][672]LogModuleManager: Shutting down and abandoning module SignalProcessing (355)
[2025.10.02-06.34.11:727][672]LogModuleManager: Shutting down and abandoning module NiagaraEditor (353)
[2025.10.02-06.34.11:727][672]LogModuleManager: Shutting down and abandoning module NiagaraCore (350)
[2025.10.02-06.34.11:727][672]LogModuleManager: Shutting down and abandoning module GameplayTagsEditor (348)
[2025.10.02-06.34.11:727][672]LogModuleManager: Shutting down and abandoning module FacialAnimationEditor (346)
[2025.10.02-06.34.11:727][672]LogModuleManager: Shutting down and abandoning module FacialAnimation (344)
[2025.10.02-06.34.11:727][672]LogModuleManager: Shutting down and abandoning module DataValidation (342)
[2025.10.02-06.34.11:727][672]LogModuleManager: Shutting down and abandoning module AssetManagerEditor (340)
[2025.10.02-06.34.11:727][672]LogModuleManager: Shutting down and abandoning module LevelEditor (339)
[2025.10.02-06.34.11:729][672]LogModuleManager: Shutting down and abandoning module PixelInspectorModule (338)
[2025.10.02-06.34.11:729][672]LogModuleManager: Shutting down and abandoning module CommonMenuExtensions (336)
[2025.10.02-06.34.11:729][672]LogModuleManager: Shutting down and abandoning module MainFrame (334)
[2025.10.02-06.34.11:729][672]LogModuleManager: Shutting down and abandoning module HotReload (333)
[2025.10.02-06.34.11:729][672]LogModuleManager: Shutting down and abandoning module ToolMenus (329)
[2025.10.02-06.34.11:729][672]LogModuleManager: Shutting down and abandoning module ContentBrowser (327)
[2025.10.02-06.34.11:729][672]LogModuleManager: Shutting down and abandoning module ContentBrowserData (326)
[2025.10.02-06.34.11:729][672]LogModuleManager: Shutting down and abandoning module TreeMap (323)
[2025.10.02-06.34.11:729][672]LogModuleManager: Shutting down and abandoning module PropertyAccessNode (320)
[2025.10.02-06.34.11:729][672]LogModuleManager: Shutting down and abandoning module AnimationSharing (318)
[2025.10.02-06.34.11:729][672]LogModuleManager: Shutting down and abandoning module GameplayCameras (316)
[2025.10.02-06.34.11:729][672]LogModuleManager: Shutting down and abandoning module EnvironmentQueryEditor (314)
[2025.10.02-06.34.11:729][672]LogModuleManager: Shutting down and abandoning module LightPropagationVolumeRuntime (312)
[2025.10.02-06.34.11:729][672]LogModuleManager: Shutting down and abandoning module Paper2D (310)
[2025.10.02-06.34.11:729][672]LogModuleManager: Shutting down and abandoning module WindowsMoviePlayer (308)
[2025.10.02-06.34.11:730][672]LogModuleManager: Shutting down and abandoning module WebMMoviePlayer (306)
[2025.10.02-06.34.11:730][672]LogModuleManager: Shutting down and abandoning module NetworkReplayStreaming (304)
[2025.10.02-06.34.11:730][672]LogModuleManager: Shutting down and abandoning module PacketHandler (302)
[2025.10.02-06.34.11:730][672]LogModuleManager: Shutting down and abandoning module ClothingSystemEditor (300)
[2025.10.02-06.34.11:730][672]LogModuleManager: Shutting down and abandoning module ClothingSystemRuntimeNv (298)
[2025.10.02-06.34.11:730][672]LogModuleManager: Shutting down and abandoning module MediaAssets (296)
[2025.10.02-06.34.11:730][672]LogModuleManager: Shutting down and abandoning module Overlay (294)
[2025.10.02-06.34.11:730][672]LogModuleManager: Shutting down and abandoning module OverlayEditor (293)
[2025.10.02-06.34.11:730][672]LogModuleManager: Shutting down and abandoning module VREditor (290)
[2025.10.02-06.34.11:730][672]LogModuleManager: Shutting down and abandoning module StringTableEditor (288)
[2025.10.02-06.34.11:730][672]LogModuleManager: Shutting down and abandoning module GameplayTasksEditor (286)
[2025.10.02-06.34.11:730][672]LogModuleManager: Shutting down and abandoning module BehaviorTreeEditor (284)
[2025.10.02-06.34.11:730][672]LogModuleManager: Shutting down and abandoning module FunctionalTesting (282)
[2025.10.02-06.34.11:730][672]LogModuleManager: Shutting down and abandoning module CollisionAnalyzer (280)
[2025.10.02-06.34.11:730][672]LogModuleManager: Shutting down and abandoning module WorkspaceMenuStructure (279)
[2025.10.02-06.34.11:730][672]LogModuleManager: Shutting down and abandoning module UMG (276)
[2025.10.02-06.34.11:730][672]LogModuleManager: Shutting down and abandoning module UMGEditor (275)
[2025.10.02-06.34.11:730][672]LogModuleManager: Shutting down and abandoning module MessageLog (273)
[2025.10.02-06.34.11:730][672]LogModuleManager: Shutting down and abandoning module SlateReflector (268)
[2025.10.02-06.34.11:730][672]LogModuleManager: Shutting down and abandoning module Slate (266)
[2025.10.02-06.34.11:730][672]LogModuleManager: Shutting down and abandoning module SlateCore (264)
[2025.10.02-06.34.11:731][672]LogModuleManager: Shutting down and abandoning module LandscapeEditorUtilities (262)
[2025.10.02-06.34.11:731][672]LogModuleManager: Shutting down and abandoning module UnrealEd (260)
[2025.10.02-06.34.11:731][672]LogModuleManager: Shutting down and abandoning module MRMesh (258)
[2025.10.02-06.34.11:731][672]LogModuleManager: Shutting down and abandoning module SourceCodeAccess (256)
[2025.10.02-06.34.11:731][672]LogModuleManager: Shutting down and abandoning module HeadMountedDisplay (254)
[2025.10.02-06.34.11:731][672]LogModuleManager: Shutting down and abandoning module XAudio2 (252)
[2025.10.02-06.34.11:731][672]LogModuleManager: Shutting down and abandoning module Networking (250)
[2025.10.02-06.34.11:731][672]LogModuleManager: Shutting down and abandoning module Core (248)
[2025.10.02-06.34.11:731][672]LogModuleManager: Shutting down and abandoning module MaterialEditor (246)
[2025.10.02-06.34.11:731][672]LogModuleManager: Shutting down and abandoning module MovieSceneTools (244)
[2025.10.02-06.34.11:731][672]LogModuleManager: Shutting down and abandoning module CurveEditor (243)
[2025.10.02-06.34.11:731][672]LogModuleManager: Shutting down and abandoning module Sequencer (241)
[2025.10.02-06.34.11:732][672]LogModuleManager: Shutting down and abandoning module EditorStyle (240)
[2025.10.02-06.34.11:732][672]LogModuleManager: Shutting down and abandoning module KismetCompiler (236)
[2025.10.02-06.34.11:732][672]LogModuleManager: Shutting down and abandoning module MeshBuilder (234)
[2025.10.02-06.34.11:732][672]LogModuleManager: Shutting down and abandoning module MeshUtilities (232)
[2025.10.02-06.34.11:732][672]LogModuleManager: Shutting down and abandoning module MeshMergeUtilities (231)
[2025.10.02-06.34.11:733][672]LogModuleManager: Shutting down and abandoning module MeshReductionInterface (230)
[2025.10.02-06.34.11:733][672]LogModuleManager: Shutting down and abandoning module MeshBoneReduction (229)
[2025.10.02-06.34.11:733][672]LogModuleManager: Shutting down and abandoning module SkeletalMeshReduction (227)
[2025.10.02-06.34.11:733][672]LogModuleManager: Shutting down and abandoning module ProxyLODMeshReduction (225)
[2025.10.02-06.34.11:733][672]LogModuleManager: Shutting down and abandoning module QuadricMeshReduction (223)
[2025.10.02-06.34.11:733][672]LogModuleManager: Shutting down and abandoning module MaterialBaking (219)
[2025.10.02-06.34.11:733][672]LogModuleManager: Shutting down and abandoning module NullInstallBundleManager (214)
[2025.10.02-06.34.11:733][672]LogModuleManager: Shutting down and abandoning module DerivedDataCache (212)
[2025.10.02-06.34.11:733][672]LogModuleManager: Shutting down and abandoning module TargetPlatform (210)
[2025.10.02-06.34.11:733][672]LogModuleManager: Shutting down and abandoning module VulkanShaderFormat (209)
[2025.10.02-06.34.11:733][672]LogModuleManager: Shutting down and abandoning module ShaderFormatVectorVM (207)
[2025.10.02-06.34.11:733][672]LogModuleManager: Shutting down and abandoning module ShaderFormatOpenGL (205)
[2025.10.02-06.34.11:733][672]LogModuleManager: Shutting down and abandoning module ShaderFormatD3D (203)
[2025.10.02-06.34.11:733][672]LogModuleManager: Shutting down and abandoning module MetalShaderFormat (201)
[2025.10.02-06.34.11:733][672]LogModuleManager: Shutting down and abandoning module TextureFormatOodle (199)
[2025.10.02-06.34.11:733][672]LogModuleManager: Shutting down and abandoning module TextureFormatUncompressed (197)
[2025.10.02-06.34.11:733][672]LogModuleManager: Shutting down and abandoning module TextureFormatPVR (195)
[2025.10.02-06.34.11:733][672]LogModuleManager: Shutting down and abandoning module TextureFormatETC2 (193)
[2025.10.02-06.34.11:733][672]LogModuleManager: Shutting down and abandoning module TextureFormatDXT (191)
[2025.10.02-06.34.11:733][672]LogModuleManager: Shutting down and abandoning module TextureFormatIntelISPCTexComp (189)
[2025.10.02-06.34.11:733][672]LogModuleManager: Shutting down and abandoning module TextureFormatASTC (187)
[2025.10.02-06.34.11:733][672]LogModuleManager: Shutting down and abandoning module ImageWrapper (186)
[2025.10.02-06.34.11:733][672]LogModuleManager: Shutting down and abandoning module AudioFormatOpus (183)
[2025.10.02-06.34.11:733][672]LogModuleManager: Shutting down and abandoning module AudioFormatOgg (181)
[2025.10.02-06.34.11:733][672]LogModuleManager: Shutting down and abandoning module AudioFormatADPCM (179)
[2025.10.02-06.34.11:733][672]LogModuleManager: Shutting down and abandoning module WindowsServerTargetPlatform (177)
[2025.10.02-06.34.11:733][672]LogModuleManager: Shutting down and abandoning module WindowsClientTargetPlatform (175)
[2025.10.02-06.34.11:733][672]LogModuleManager: Shutting down and abandoning module WindowsTargetPlatform (173)
[2025.10.02-06.34.11:733][672]LogModuleManager: Shutting down and abandoning module WindowsNoEditorTargetPlatform (171)
[2025.10.02-06.34.11:733][672]LogModuleManager: Shutting down and abandoning module TVOSTargetPlatform (169)
[2025.10.02-06.34.11:734][672]LogModuleManager: Shutting down and abandoning module MacServerTargetPlatform (167)
[2025.10.02-06.34.11:734][672]LogModuleManager: Shutting down and abandoning module MacClientTargetPlatform (165)
[2025.10.02-06.34.11:734][672]LogModuleManager: Shutting down and abandoning module MacTargetPlatform (163)
[2025.10.02-06.34.11:734][672]LogModuleManager: Shutting down and abandoning module MacNoEditorTargetPlatform (161)
[2025.10.02-06.34.11:734][672]LogModuleManager: Shutting down and abandoning module LuminTargetPlatform (159)
[2025.10.02-06.34.11:734][672]LogModuleManager: Shutting down and abandoning module LinuxAArch64ServerTargetPlatform (157)
[2025.10.02-06.34.11:734][672]LogModuleManager: Shutting down and abandoning module LinuxAArch64ClientTargetPlatform (155)
[2025.10.02-06.34.11:734][672]LogModuleManager: Shutting down and abandoning module LinuxAArch64NoEditorTargetPlatform (153)
[2025.10.02-06.34.11:734][672]LogModuleManager: Shutting down and abandoning module LinuxServerTargetPlatform (151)
[2025.10.02-06.34.11:734][672]LogModuleManager: Shutting down and abandoning module LinuxClientTargetPlatform (149)
[2025.10.02-06.34.11:734][672]LogModuleManager: Shutting down and abandoning module LinuxNoEditorTargetPlatform (147)
[2025.10.02-06.34.11:734][672]LogModuleManager: Shutting down and abandoning module LinuxTargetPlatform (145)
[2025.10.02-06.34.11:734][672]LogModuleManager: Shutting down and abandoning module Messaging (143)
[2025.10.02-06.34.11:734][672]LogModuleManager: Shutting down and abandoning module IOSTargetPlatform (141)
[2025.10.02-06.34.11:735][672]LogModuleManager: Shutting down and abandoning module AndroidTargetPlatform (139)
[2025.10.02-06.34.11:737][672]LogModuleManager: Shutting down and abandoning module AllDesktopTargetPlatform (137)
[2025.10.02-06.34.11:737][672]LogModuleManager: Shutting down and abandoning module D3D11RHI (134)
[2025.10.02-06.34.11:737][672]LogModuleManager: Shutting down and abandoning module InputCore (132)
[2025.10.02-06.34.11:737][672]LogModuleManager: Shutting down and abandoning module Settings (130)
[2025.10.02-06.34.11:737][672]LogModuleManager: Shutting down and abandoning module DirectoryWatcher (128)
[2025.10.02-06.34.11:738][672]LogModuleManager: Shutting down and abandoning module PhysXCooking (126)
[2025.10.02-06.34.11:738][672]LogModuleManager: Shutting down and abandoning module Chaos (124)
[2025.10.02-06.34.11:738][672]LogModuleManager: Shutting down and abandoning module WindowsPlatformFeatures (122)
[2025.10.02-06.34.11:738][672]LogModuleManager: Shutting down and abandoning module GameplayMediaEncoder (121)
[2025.10.02-06.34.11:738][672]LogModuleManager: Shutting down and abandoning module AVEncoder (120)
[2025.10.02-06.34.11:738][672]LogModuleManager: Shutting down and abandoning module SteamVRInputDevice (116)
[2025.10.02-06.34.11:738][672]LogModuleManager: Shutting down and abandoning module SteamVRInput (114)
[2025.10.02-06.34.11:738][672]LogModuleManager: Shutting down and abandoning module SteamVR (112)
[2025.10.02-06.34.11:738][672]LogHMD: Freeing OpenVRDLLHandle.
[2025.10.02-06.34.11:738][672]LogModuleManager: Shutting down and abandoning module OculusHMD (110)
[2025.10.02-06.34.11:738][672]LogModuleManager: Shutting down and abandoning module OpenXRHandTracking (108)
[2025.10.02-06.34.11:738][672]LogSlate: Slate User Destroyed.  User Index 0, Is Virtual User: 0
[2025.10.02-06.34.11:738][672]LogModuleManager: Shutting down and abandoning module OpenXREyeTracker (106)
[2025.10.02-06.34.11:738][672]LogModuleManager: Shutting down and abandoning module OpenXRAR (104)
[2025.10.02-06.34.11:738][672]LogModuleManager: Shutting down and abandoning module AugmentedReality (103)
[2025.10.02-06.34.11:738][672]LogModuleManager: Shutting down and abandoning module OpenXRHMD (100)
[2025.10.02-06.34.11:738][672]LogModuleManager: Shutting down and abandoning module ExampleDeviceProfileSelector (98)
[2025.10.02-06.34.11:738][672]LogModuleManager: Shutting down and abandoning module ChunkDownloader (96)
[2025.10.02-06.34.11:738][672]LogModuleManager: Shutting down and abandoning module OnlineBlueprintSupport (94)
[2025.10.02-06.34.11:738][672]LogModuleManager: Shutting down and abandoning module LauncherChunkInstaller (90)
[2025.10.02-06.34.11:738][672]LogModuleManager: Shutting down and abandoning module OnlineSubsystem (88)
[2025.10.02-06.34.11:740][672]LogModuleManager: Shutting down and abandoning module XMPP (83)
[2025.10.02-06.34.11:740][672]LogModuleManager: Shutting down and abandoning module WebSockets (82)
[2025.10.02-06.34.11:745][672]LogModuleManager: Shutting down and abandoning module HTTP (79)
[2025.10.02-06.34.11:745][672]LogHttp: Display: Http module shutting down, but needs to wait on 1 outstanding Http requests:
[2025.10.02-06.34.11:745][672]LogHttp: Display: 	verb=[POST] url=[https://datarouter.ol.epicgames.com/datarouter/api/v1/public/data?SessionID=%7B9EF0DB5D-4FD9-520B-2C84-0DB7719046DB%7D&AppID=UEEditor.Rocket.Release&AppVersion=4.27.2-18319896%2B%2B%2BUE4%2BRelease-4.27&UserID=fb2bd5594ab4fc7bd890d9ab08cf5a97%7C80d74a91cbd847fe82e7b6a734b4aa1f%7Cc5fcc5a5-3878-4a70-802f-06231ad30ee2&AppEnvironment=datacollector-binary&UploadType=eteventstream] refs=[1] status=Processing
[2025.10.02-06.34.11:745][672]LogHttp: Display: cleaning up 1 outstanding Http requests.
[2025.10.02-06.34.11:747][672]LogModuleManager: Shutting down and abandoning module SSL (78)
[2025.10.02-06.34.11:748][672]LogModuleManager: Shutting down and abandoning module WmfMedia (74)
[2025.10.02-06.34.11:749][672]LogModuleManager: Shutting down and abandoning module Media (73)
[2025.10.02-06.34.11:750][672]LogModuleManager: Shutting down and abandoning module MediaInfo (72)
[2025.10.02-06.34.11:750][672]LogModuleManager: Shutting down and abandoning module ExrReaderGpu (68)
[2025.10.02-06.34.11:750][672]LogModuleManager: Shutting down and abandoning module MLSDK (66)
[2025.10.02-06.34.11:750][672]LogModuleManager: Shutting down and abandoning module MagicLeap (64)
[2025.10.02-06.34.11:750][672]LogModuleManager: Shutting down and abandoning module ChaosCloth (62)
[2025.10.02-06.34.11:750][672]LogModuleManager: Shutting down and abandoning module VariantManagerContent (60)
[2025.10.02-06.34.11:750][672]LogModuleManager: Shutting down and abandoning module NiagaraVertexFactories (58)
[2025.10.02-06.34.11:750][672]LogModuleManager: Shutting down and abandoning module NiagaraShader (56)
[2025.10.02-06.34.11:750][672]LogModuleManager: Shutting down and abandoning module DatasmithContent (54)
[2025.10.02-06.34.11:751][672]LogModuleManager: Shutting down and abandoning module PixWinPlugin (52)
[2025.10.02-06.34.11:751][672]LogModuleManager: Shutting down and abandoning module AISupportModule (50)
[2025.10.02-06.34.11:751][672]LogModuleManager: Shutting down and abandoning module DesktopPlatform (48)
[2025.10.02-06.34.11:751][672]LogModuleManager: Shutting down and abandoning module PythonScriptPluginPreload (46)
[2025.10.02-06.34.11:751][672]LogModuleManager: Shutting down and abandoning module PlatformCryptoOpenSSL (44)
[2025.10.02-06.34.11:751][672]LogModuleManager: Shutting down and abandoning module PlatformCryptoTypes (42)
[2025.10.02-06.34.11:751][672]LogModuleManager: Shutting down and abandoning module PlatformCrypto (40)
[2025.10.02-06.34.11:751][672]LogModuleManager: Shutting down and abandoning module OodleDataCompressionFormat (38)
[2025.10.02-06.34.11:751][672]LogModuleManager: Shutting down and abandoning module XGEController (36)
[2025.10.02-06.34.11:751][672]LogModuleManager: Shutting down and abandoning module AnimationModifiers (34)
[2025.10.02-06.34.11:751][672]LogModuleManager: Shutting down and abandoning module AudioEditor (32)
[2025.10.02-06.34.11:752][672]LogModuleManager: Shutting down and abandoning module PropertyEditor (31)
[2025.10.02-06.34.11:752][672]LogModuleManager: Shutting down and abandoning module TextureCompressor (28)
[2025.10.02-06.34.11:752][672]LogModuleManager: Shutting down and abandoning module RenderCore (26)
[2025.10.02-06.34.11:752][672]LogModuleManager: Shutting down and abandoning module Landscape (24)
[2025.10.02-06.34.11:752][672]LogModuleManager: Shutting down and abandoning module SlateRHIRenderer (22)
[2025.10.02-06.34.11:753][672]LogModuleManager: Shutting down and abandoning module AnimGraphRuntime (20)
[2025.10.02-06.34.11:753][672]LogModuleManager: Shutting down and abandoning module Renderer (18)
[2025.10.02-06.34.11:753][672]LogModuleManager: Shutting down and abandoning module Engine (16)
[2025.10.02-06.34.11:753][672]LogModuleManager: Shutting down and abandoning module CoreUObject (14)
[2025.10.02-06.34.11:753][672]LogModuleManager: Shutting down and abandoning module NetworkFile (12)
[2025.10.02-06.34.11:753][672]LogModuleManager: Shutting down and abandoning module CookedIterativeFile (10)
[2025.10.02-06.34.11:753][672]LogModuleManager: Shutting down and abandoning module StreamingFile (8)
[2025.10.02-06.34.11:753][672]LogModuleManager: Shutting down and abandoning module SandboxFile (6)
[2025.10.02-06.34.11:753][672]LogModuleManager: Shutting down and abandoning module PakFile (4)
[2025.10.02-06.34.11:753][672]LogModuleManager: Shutting down and abandoning module RSA (3)
[2025.10.02-06.34.11:877][672]LogContentStreaming: Display: There are 1 unreleased StreamingManagers
[2025.10.02-06.34.11:902][672]LogD3D11RHI: Shutdown
[2025.10.02-06.34.11:902][672]LogD3D11RHI: CleanupD3DDevice
[2025.10.02-06.34.11:903][672]LogExit: Exiting.
[2025.10.02-06.34.11:910][672]Log file closed, 10/02/25 00:34:11
