Log file open, 09/29/25 22:23:04
LogWindows: Failed to load 'aqProf.dll' (GetLastError=126)
LogWindows: File 'aqProf.dll' does not exist
LogWindows: Failed to load 'VtuneApi.dll' (GetLastError=126)
LogWindows: File 'VtuneApi.dll' does not exist
LogWindows: Failed to load 'VtuneApi32e.dll' (GetLastError=126)
LogWindows: File 'VtuneApi32e.dll' does not exist
LogConsoleResponse: Display: Failed to find resolution value strings in scalability ini. Falling back to default.
LogConsoleResponse: Display: Failed to find resolution value strings in scalability ini. Falling back to default.
LogInit: Display: Running engine for game: TasteOfMadness
LogPlatformFile: Not using cached read wrapper
LogTaskGraph: Started task graph with 5 named threads and 35 total threads with 3 sets of task threads.
LogStats: Stats thread started at 0.251748
LogICUInternationalization: ICU TimeZone Detection - Raw Offset: -6:00, Platform Override: ''
LogInit: Display: Loading text-based GConfig....
LogPluginManager: Mounting plugin MeshPainting
LogPluginManager: Mounting plugin XGEController
LogPluginManager: Mounting plugin Paper2D
LogPluginManager: Mounting plugin AISupport
LogPluginManager: Mounting plugin EnvironmentQueryEditor
LogPluginManager: Mounting plugin CameraShakePreviewer
LogPluginManager: Mounting plugin LiveLink
LogPluginManager: Mounting plugin GameplayCameras
LogPluginManager: Mounting plugin AssetManagerEditor
LogPluginManager: Mounting plugin CryptoKeys
LogPluginManager: Mounting plugin CurveEditorTools
LogPluginManager: Mounting plugin DataValidation
LogPluginManager: Mounting plugin FacialAnimation
LogPluginManager: Mounting plugin GameplayTagsEditor
LogPluginManager: Mounting plugin GeometryMode
LogPluginManager: Mounting plugin OodleData
LogPluginManager: Mounting plugin OodleNetwork
LogPluginManager: Mounting plugin MacGraphicsSwitching
LogPluginManager: Mounting plugin AnimationSharing
LogPluginManager: Mounting plugin MaterialAnalyzer
LogPluginManager: Mounting plugin CLionSourceCodeAccess
LogPluginManager: Mounting plugin CodeLiteSourceCodeAccess
LogPluginManager: Mounting plugin MobileLauncherProfileWizard
LogPluginManager: Mounting plugin PluginBrowser
LogPluginManager: Mounting plugin SpeedTreeImporter
LogPluginManager: Mounting plugin GitSourceControl
LogPluginManager: Mounting plugin KDevelopSourceCodeAccess
LogPluginManager: Mounting plugin NullSourceCodeAccess
LogPluginManager: Mounting plugin PerforceSourceControl
LogPluginManager: Mounting plugin PixWinPlugin
LogPluginManager: Mounting plugin PlasticSourceControl
LogPluginManager: Mounting plugin PluginUtils
LogPluginManager: Mounting plugin PropertyAccessNode
LogPluginManager: Mounting plugin SubversionSourceControl
LogPluginManager: Mounting plugin RiderSourceCodeAccess
LogPluginManager: Mounting plugin TextureFormatOodle
LogPluginManager: Mounting plugin UObjectPlugin
LogPluginManager: Mounting plugin VisualStudioCodeSourceCodeAccess
LogPluginManager: Mounting plugin VisualStudioSourceCodeAccess
LogPluginManager: Mounting plugin XCodeSourceCodeAccess
LogPluginManager: Mounting plugin DatasmithContent
LogPluginManager: Mounting plugin Niagara
LogPluginManager: Mounting plugin AlembicImporter
LogPluginManager: Mounting plugin AutomationUtils
LogPluginManager: Mounting plugin BackChannel
LogPluginManager: Mounting plugin VariantManagerContent
LogPluginManager: Mounting plugin ChaosCloth
LogPluginManager: Mounting plugin ChaosEditor
LogPluginManager: Mounting plugin ChaosClothEditor
LogPluginManager: Mounting plugin ChaosNiagara
LogPluginManager: Mounting plugin ChaosSolverPlugin
LogPluginManager: Mounting plugin CharacterAI
LogPluginManager: Mounting plugin GeometryCache
LogPluginManager: Mounting plugin GeometryCollectionPlugin
LogPluginManager: Mounting plugin GeometryProcessing
LogPluginManager: Mounting plugin MotoSynth
LogPluginManager: Mounting plugin OpenImageDenoise
LogPluginManager: Mounting plugin PlatformCrypto
LogPluginManager: Mounting plugin PlanarCut
LogPluginManager: Mounting plugin ProxyLODPlugin
LogPluginManager: Mounting plugin PythonScriptPlugin
LogPluginManager: Mounting plugin SkeletalReduction
LogPluginManager: Mounting plugin MagicLeap
LogPluginManager: Mounting plugin LuminPlatformFeatures
LogPluginManager: Mounting plugin MagicLeapLightEstimation
LogPluginManager: Mounting plugin MagicLeapMedia
LogPluginManager: Mounting plugin MagicLeapPassableWorld
LogPluginManager: Mounting plugin AndroidMedia
LogPluginManager: Mounting plugin MLSDK
LogPluginManager: Mounting plugin AvfMedia
LogPluginManager: Mounting plugin ImgMedia
LogPluginManager: Mounting plugin MediaCompositing
LogPluginManager: Mounting plugin LightPropagationVolume
LogPluginManager: Mounting plugin MediaPlayerEditor
LogPluginManager: Mounting plugin WebMMedia
LogPluginManager: Mounting plugin WmfMedia
LogPluginManager: Mounting plugin ActorSequence
LogPluginManager: Mounting plugin TcpMessaging
LogPluginManager: Mounting plugin UdpMessaging
LogPluginManager: Mounting plugin LevelSequenceEditor
LogPluginManager: Mounting plugin MatineeToLevelSequence
LogPluginManager: Mounting plugin OnlineSubsystem
LogPluginManager: Mounting plugin TemplateSequence
LogPluginManager: Mounting plugin OnlineSubsystemNull
LogPluginManager: Mounting plugin ActorLayerUtilities
LogPluginManager: Mounting plugin OnlineSubsystemUtils
LogPluginManager: Mounting plugin AndroidDeviceProfileSelector
LogPluginManager: Mounting plugin AndroidPermission
LogPluginManager: Mounting plugin AndroidMoviePlayer
LogPluginManager: Mounting plugin AppleImageUtils
LogPluginManager: Mounting plugin AppleMoviePlayer
LogPluginManager: Mounting plugin ArchVisCharacter
LogPluginManager: Mounting plugin AssetTags
LogPluginManager: Mounting plugin AudioCapture
LogPluginManager: Mounting plugin LauncherChunkInstaller
LogPluginManager: Mounting plugin AudioSynesthesia
LogPluginManager: Mounting plugin CableComponent
LogPluginManager: Mounting plugin ChunkDownloader
LogPluginManager: Mounting plugin CustomMeshComponent
LogPluginManager: Mounting plugin EditableMesh
LogPluginManager: Mounting plugin ExampleDeviceProfileSelector
LogPluginManager: Mounting plugin GoogleCloudMessaging
LogPluginManager: Mounting plugin GooglePAD
LogPluginManager: Mounting plugin IOSDeviceProfileSelector
LogPluginManager: Mounting plugin LinuxDeviceProfileSelector
LogPluginManager: Mounting plugin LocationServicesBPLibrary
LogPluginManager: Mounting plugin MobilePatchingUtils
LogPluginManager: Mounting plugin OpenXREyeTracker
LogPluginManager: Mounting plugin OpenXR
LogPluginManager: Mounting plugin OpenXRHandTracking
LogPluginManager: Mounting plugin PhysXVehicles
LogPluginManager: Mounting plugin PostSplashScreen
LogPluginManager: Mounting plugin ProceduralMeshComponent
LogPluginManager: Mounting plugin PropertyAccessEditor
LogPluginManager: Mounting plugin RuntimePhysXCooking
LogPluginManager: Mounting plugin SignificanceManager
LogPluginManager: Mounting plugin SoundFields
LogPluginManager: Mounting plugin Synthesis
LogPluginManager: Mounting plugin WebMMoviePlayer
LogPluginManager: Mounting plugin WindowsMoviePlayer
LogPluginManager: Mounting plugin ScreenshotTools
LogPluginManager: Mounting plugin Takes
LogPluginManager: Mounting plugin ContentBrowserAssetDataSource
LogPluginManager: Mounting plugin ContentBrowserClassDataSource
LogPluginManager: Mounting plugin ContentBrowserFileDataSource
LogPluginManager: Mounting plugin OnlineSubsystemGooglePlay
LogPluginManager: Mounting plugin OnlineSubsystemIOS
LogPluginManager: Mounting plugin OculusVR
LogPluginManager: Mounting plugin SteamVR
PixWinPlugin: PIX capture plugin failed to initialize! Check that the process is launched from PIX.
LogInit: Using libcurl 7.55.1-DEV
LogInit:  - built for x86_64-pc-win32
LogInit:  - supports SSL with OpenSSL/1.1.1
LogInit:  - supports HTTP deflate (compression) using libz 1.2.8
LogInit:  - other features:
LogInit:      CURL_VERSION_SSL
LogInit:      CURL_VERSION_LIBZ
LogInit:      CURL_VERSION_IPV6
LogInit:      CURL_VERSION_ASYNCHDNS
LogInit:      CURL_VERSION_LARGEFILE
LogInit:      CURL_VERSION_IDN
LogInit:  CurlRequestOptions (configurable via config and command line):
LogInit:  - bVerifyPeer = true  - Libcurl will verify peer certificate
LogInit:  - bUseHttpProxy = false  - Libcurl will NOT use HTTP proxy
LogInit:  - bDontReuseConnections = false  - Libcurl will reuse connections
LogInit:  - MaxHostConnections = 16  - Libcurl will limit the number of connections to a host
LogInit:  - LocalHostAddr = Default
LogInit:  - BufferSize = 65536
LogOnline: OSS: Creating online subsystem instance for: NULL
LogInit: WinSock: version 1.1 (2.2), MaxSocks=32767, MaxUdp=65467
LogOnline: OSS: TryLoadSubsystemAndSetDefault: Loaded subsystem for module [NULL]
LogOculusPluginWrapper: OculusPlugin initialized successfully
LogHMD: Failed initializing OVRPlugin 1.59.0
LogInit: Build: ++UE4+Release-4.27-CL-18319896
LogInit: Engine Version: 4.27.2-18319896+++UE4+Release-4.27
LogInit: Compatible Engine Version: 4.27.0-17155196+++UE4+Release-4.27
LogInit: Net CL: 17155196
LogInit: OS: Windows 10 (Release 2009) (), CPU: 11th Gen Intel(R) Core(TM) i5-11400H @ 2.70GHz, GPU: Intel(R) UHD Graphics
LogInit: Compiled (64-bit): Nov 30 2021 07:12:08
LogInit: Compiled with Visual C++: 19.24.28315.00
LogInit: Build Configuration: Development
LogInit: Branch Name: ++UE4+Release-4.27
LogInit: Command Line:  -AUTH_LOGIN=unused -AUTH_PASSWORD=816b8272eaf04bc0a4e08b38dd3d0976 -AUTH_TYPE=exchangecode -epicapp=UE_4.27 -epicenv=Prod -EpicPortal -epicusername=Geranetor -epicuserid=80d74a91cbd847fe82e7b6a734b4aa1f -epiclocale=en -epicsandboxid=ue
LogInit: Base Directory: F:/Games/UE_4.27/Engine/Binaries/Win64/
LogInit: Allocator: TBB
LogInit: Installed Engine Build: 1
LogDevObjectVersion: Number of dev versions registered: 29
LogDevObjectVersion:   Dev-Blueprints (B0D832E4-1F89-4F0D-ACCF-7EB736FD4AA2): 10
LogDevObjectVersion:   Dev-Build (E1C64328-A22C-4D53-A36C-8E866417BD8C): 0
LogDevObjectVersion:   Dev-Core (375EC13C-06E4-48FB-B500-84F0262A717E): 4
LogDevObjectVersion:   Dev-Editor (E4B068ED-F494-42E9-A231-DA0B2E46BB41): 40
LogDevObjectVersion:   Dev-Framework (CFFC743F-43B0-4480-9391-14DF171D2073): 37
LogDevObjectVersion:   Dev-Mobile (B02B49B5-BB20-44E9-A304-32B752E40360): 3
LogDevObjectVersion:   Dev-Networking (A4E4105C-59A1-49B5-A7C5-40C4547EDFEE): 0
LogDevObjectVersion:   Dev-Online (39C831C9-5AE6-47DC-9A44-9C173E1C8E7C): 0
LogDevObjectVersion:   Dev-Physics (78F01B33-EBEA-4F98-B9B4-84EACCB95AA2): 14
LogDevObjectVersion:   Dev-Platform (6631380F-2D4D-43E0-8009-CF276956A95A): 0
LogDevObjectVersion:   Dev-Rendering (12F88B9F-8875-4AFC-A67C-D90C383ABD29): 45
LogDevObjectVersion:   Dev-Sequencer (7B5AE74C-D270-4C10-A958-57980B212A5A): 13
LogDevObjectVersion:   Dev-VR (D7296918-1DD6-4BDD-9DE2-64A83CC13884): 3
LogDevObjectVersion:   Dev-LoadTimes (C2A15278-BFE7-4AFE-6C17-90FF531DF755): 1
LogDevObjectVersion:   Private-Geometry (6EACA3D4-40EC-4CC1-B786-8BED09428FC5): 3
LogDevObjectVersion:   Dev-AnimPhys (29E575DD-E0A3-4627-9D10-D276232CDCEA): 17
LogDevObjectVersion:   Dev-Anim (AF43A65D-7FD3-4947-9873-3E8ED9C1BB05): 15
LogDevObjectVersion:   Dev-ReflectionCapture (6B266CEC-1EC7-4B8F-A30B-E4D90942FC07): 1
LogDevObjectVersion:   Dev-Automation (0DF73D61-A23F-47EA-B727-89E90C41499A): 1
LogDevObjectVersion:   FortniteMain (601D1886-AC64-4F84-AA16-D3DE0DEAC7D6): 47
LogDevObjectVersion:   FortniteRelease (E7086368-6B23-4C58-8439-1B7016265E91): 1
LogDevObjectVersion:   Dev-Enterprise (9DFFBCD6-494F-0158-E221-12823C92A888): 10
LogDevObjectVersion:   Dev-Niagara (F2AED0AC-9AFE-416F-8664-AA7FFA26D6FC): 1
LogDevObjectVersion:   Dev-Destruction (174F1F0B-B4C6-45A5-B13F-2EE8D0FB917D): 10
LogDevObjectVersion:   Dev-Physics-Ext (35F94A83-E258-406C-A318-09F59610247C): 41
LogDevObjectVersion:   Dev-PhysicsMaterial-Chaos (B68FC16E-8B1B-42E2-B453-215C058844FE): 1
LogDevObjectVersion:   Dev-CineCamera (B2E18506-4273-CFC2-A54E-F4BB758BBA07): 1
LogDevObjectVersion:   Dev-VirtualProduction (64F58936-FD1B-42BA-BA96-7289D5D0FA4E): 1
LogDevObjectVersion:   Dev-MediaFramework (6F0ED827-A609-4895-9C91-998D90180EA4): 2
LogInit: Presizing for max 25165824 objects, including 0 objects not considered by GC, pre-allocating 0 bytes for permanent pool.
LogConfig: Applying CVar settings from Section [/Script/Engine.StreamingSettings] File [F:/Proyectos UE 4.27/TasteOfMadness/TasteOfMadness/Saved/Config/Windows/Engine.ini]
LogConfig: Setting CVar [[s.MinBulkDataSizeForAsyncLoading:131072]]
LogConfig: Setting CVar [[s.AsyncLoadingThreadEnabled:0]]
LogConfig: Setting CVar [[s.EventDrivenLoaderEnabled:1]]
LogConfig: Setting CVar [[s.WarnIfTimeLimitExceeded:0]]
LogConfig: Setting CVar [[s.TimeLimitExceededMultiplier:1.5]]
LogConfig: Setting CVar [[s.TimeLimitExceededMinTime:0.005]]
LogConfig: Setting CVar [[s.UseBackgroundLevelStreaming:1]]
LogConfig: Setting CVar [[s.PriorityAsyncLoadingExtraTime:15.0]]
LogConfig: Setting CVar [[s.LevelStreamingActorsUpdateTimeLimit:5.0]]
LogConfig: Setting CVar [[s.PriorityLevelStreamingActorsUpdateExtraTime:5.0]]
LogConfig: Setting CVar [[s.LevelStreamingComponentsRegistrationGranularity:10]]
LogConfig: Setting CVar [[s.UnregisterComponentsTimeLimit:1.0]]
LogConfig: Setting CVar [[s.LevelStreamingComponentsUnregistrationGranularity:5]]
LogConfig: Setting CVar [[s.FlushStreamingOnExit:1]]
LogInit: Object subsystem initialized
LogConfig: Setting CVar [[con.DebugEarlyDefault:1]]
LogConfig: Setting CVar [[r.setres:1280x720]]
[2025.09.30-04.23.04:398][  0]LogConfig: Setting CVar [[r.VSync:0]]
[2025.09.30-04.23.04:398][  0]LogConfig: Setting CVar [[r.RHICmdBypass:0]]
[2025.09.30-04.23.04:398][  0]LogConfig: Applying CVar settings from Section [/Script/Engine.RendererSettings] File [F:/Proyectos UE 4.27/TasteOfMadness/TasteOfMadness/Saved/Config/Windows/Engine.ini]
[2025.09.30-04.23.04:398][  0]LogConfig: Setting CVar [[r.GPUCrashDebugging:0]]
[2025.09.30-04.23.04:398][  0]LogConfig: Applying CVar settings from Section [/Script/Engine.RendererOverrideSettings] File [F:/Proyectos UE 4.27/TasteOfMadness/TasteOfMadness/Saved/Config/Windows/Engine.ini]
[2025.09.30-04.23.04:398][  0]LogConfig: Applying CVar settings from Section [/Script/Engine.StreamingSettings] File [F:/Proyectos UE 4.27/TasteOfMadness/TasteOfMadness/Saved/Config/Windows/Engine.ini]
[2025.09.30-04.23.04:398][  0]LogConfig: Setting CVar [[s.MinBulkDataSizeForAsyncLoading:131072]]
[2025.09.30-04.23.04:398][  0]LogConfig: Setting CVar [[s.AsyncLoadingThreadEnabled:0]]
[2025.09.30-04.23.04:398][  0]LogConfig: Setting CVar [[s.EventDrivenLoaderEnabled:1]]
[2025.09.30-04.23.04:398][  0]LogConfig: Setting CVar [[s.WarnIfTimeLimitExceeded:0]]
[2025.09.30-04.23.04:398][  0]LogConfig: Setting CVar [[s.TimeLimitExceededMultiplier:1.5]]
[2025.09.30-04.23.04:398][  0]LogConfig: Setting CVar [[s.TimeLimitExceededMinTime:0.005]]
[2025.09.30-04.23.04:398][  0]LogConfig: Setting CVar [[s.UseBackgroundLevelStreaming:1]]
[2025.09.30-04.23.04:398][  0]LogConfig: Setting CVar [[s.PriorityAsyncLoadingExtraTime:15.0]]
[2025.09.30-04.23.04:398][  0]LogConfig: Setting CVar [[s.LevelStreamingActorsUpdateTimeLimit:5.0]]
[2025.09.30-04.23.04:398][  0]LogConfig: Setting CVar [[s.PriorityLevelStreamingActorsUpdateExtraTime:5.0]]
[2025.09.30-04.23.04:398][  0]LogConfig: Setting CVar [[s.LevelStreamingComponentsRegistrationGranularity:10]]
[2025.09.30-04.23.04:398][  0]LogConfig: Setting CVar [[s.UnregisterComponentsTimeLimit:1.0]]
[2025.09.30-04.23.04:398][  0]LogConfig: Setting CVar [[s.LevelStreamingComponentsUnregistrationGranularity:5]]
[2025.09.30-04.23.04:398][  0]LogConfig: Setting CVar [[s.FlushStreamingOnExit:1]]
[2025.09.30-04.23.04:398][  0]LogConfig: Applying CVar settings from Section [/Script/Engine.GarbageCollectionSettings] File [F:/Proyectos UE 4.27/TasteOfMadness/TasteOfMadness/Saved/Config/Windows/Engine.ini]
[2025.09.30-04.23.04:398][  0]LogConfig: Setting CVar [[gc.MaxObjectsNotConsideredByGC:1]]
[2025.09.30-04.23.04:398][  0]LogConfig: Setting CVar [[gc.SizeOfPermanentObjectPool:0]]
[2025.09.30-04.23.04:398][  0]LogConfig: Setting CVar [[gc.FlushStreamingOnGC:0]]
[2025.09.30-04.23.04:398][  0]LogConfig: Setting CVar [[gc.NumRetriesBeforeForcingGC:10]]
[2025.09.30-04.23.04:398][  0]LogConfig: Setting CVar [[gc.AllowParallelGC:1]]
[2025.09.30-04.23.04:398][  0]LogConfig: Setting CVar [[gc.TimeBetweenPurgingPendingKillObjects:61.1]]
[2025.09.30-04.23.04:398][  0]LogConfig: Setting CVar [[gc.MaxObjectsInEditor:25165824]]
[2025.09.30-04.23.04:398][  0]LogConfig: Setting CVar [[gc.IncrementalBeginDestroyEnabled:1]]
[2025.09.30-04.23.04:398][  0]LogConfig: Setting CVar [[gc.CreateGCClusters:1]]
[2025.09.30-04.23.04:398][  0]LogConfig: Setting CVar [[gc.MinGCClusterSize:5]]
[2025.09.30-04.23.04:398][  0]LogConfig: Setting CVar [[gc.ActorClusteringEnabled:0]]
[2025.09.30-04.23.04:398][  0]LogConfig: Setting CVar [[gc.BlueprintClusteringEnabled:0]]
[2025.09.30-04.23.04:398][  0]LogConfig: Setting CVar [[gc.UseDisregardForGCOnDedicatedServers:0]]
[2025.09.30-04.23.04:398][  0]LogConfig: Setting CVar [[gc.MultithreadedDestructionEnabled:1]]
[2025.09.30-04.23.04:398][  0]LogConfig: Applying CVar settings from Section [/Script/Engine.NetworkSettings] File [F:/Proyectos UE 4.27/TasteOfMadness/TasteOfMadness/Saved/Config/Windows/Engine.ini]
[2025.09.30-04.23.04:398][  0]LogConfig: Applying CVar settings from Section [/Script/UnrealEd.CookerSettings] File [F:/Proyectos UE 4.27/TasteOfMadness/TasteOfMadness/Saved/Config/Windows/Engine.ini]
[2025.09.30-04.23.04:414][  0]LogConfig: Applying CVar settings from Section [ViewDistanceQuality@3] File [F:/Proyectos UE 4.27/TasteOfMadness/TasteOfMadness/Saved/Config/Windows/Scalability.ini]
[2025.09.30-04.23.04:414][  0]LogConfig: Setting CVar [[r.SkeletalMeshLODBias:0]]
[2025.09.30-04.23.04:414][  0]LogConfig: Setting CVar [[r.ViewDistanceScale:1.0]]
[2025.09.30-04.23.04:414][  0]LogConfig: Applying CVar settings from Section [AntiAliasingQuality@3] File [F:/Proyectos UE 4.27/TasteOfMadness/TasteOfMadness/Saved/Config/Windows/Scalability.ini]
[2025.09.30-04.23.04:414][  0]LogConfig: Setting CVar [[r.PostProcessAAQuality:4]]
[2025.09.30-04.23.04:414][  0]LogConfig: Applying CVar settings from Section [ShadowQuality@3] File [F:/Proyectos UE 4.27/TasteOfMadness/TasteOfMadness/Saved/Config/Windows/Scalability.ini]
[2025.09.30-04.23.04:414][  0]LogConfig: Setting CVar [[r.LightFunctionQuality:1]]
[2025.09.30-04.23.04:414][  0]LogConfig: Setting CVar [[r.ShadowQuality:5]]
[2025.09.30-04.23.04:414][  0]LogConfig: Setting CVar [[r.Shadow.CSM.MaxCascades:10]]
[2025.09.30-04.23.04:414][  0]LogConfig: Setting CVar [[r.Shadow.MaxResolution:2048]]
[2025.09.30-04.23.04:414][  0]LogConfig: Setting CVar [[r.Shadow.MaxCSMResolution:2048]]
[2025.09.30-04.23.04:414][  0]LogConfig: Setting CVar [[r.Shadow.RadiusThreshold:0.01]]
[2025.09.30-04.23.04:414][  0]LogConfig: Setting CVar [[r.Shadow.DistanceScale:1.0]]
[2025.09.30-04.23.04:414][  0]LogConfig: Setting CVar [[r.Shadow.CSM.TransitionScale:1.0]]
[2025.09.30-04.23.04:414][  0]LogConfig: Setting CVar [[r.Shadow.PreShadowResolutionFactor:1.0]]
[2025.09.30-04.23.04:414][  0]LogConfig: Setting CVar [[r.DistanceFieldShadowing:1]]
[2025.09.30-04.23.04:414][  0]LogConfig: Setting CVar [[r.DistanceFieldAO:1]]
[2025.09.30-04.23.04:414][  0]LogConfig: Setting CVar [[r.AOQuality:2]]
[2025.09.30-04.23.04:414][  0]LogConfig: Setting CVar [[r.VolumetricFog:1]]
[2025.09.30-04.23.04:414][  0]LogConfig: Setting CVar [[r.VolumetricFog.GridPixelSize:8]]
[2025.09.30-04.23.04:415][  0]LogConfig: Setting CVar [[r.VolumetricFog.GridSizeZ:128]]
[2025.09.30-04.23.04:415][  0]LogConfig: Setting CVar [[r.VolumetricFog.HistoryMissSupersampleCount:4]]
[2025.09.30-04.23.04:415][  0]LogConfig: Setting CVar [[r.LightMaxDrawDistanceScale:1]]
[2025.09.30-04.23.04:415][  0]LogConfig: Setting CVar [[r.CapsuleShadows:1]]
[2025.09.30-04.23.04:415][  0]LogConfig: Applying CVar settings from Section [PostProcessQuality@3] File [F:/Proyectos UE 4.27/TasteOfMadness/TasteOfMadness/Saved/Config/Windows/Scalability.ini]
[2025.09.30-04.23.04:415][  0]LogConfig: Setting CVar [[r.MotionBlurQuality:4]]
[2025.09.30-04.23.04:415][  0]LogConfig: Setting CVar [[r.AmbientOcclusionMipLevelFactor:0.4]]
[2025.09.30-04.23.04:415][  0]LogConfig: Setting CVar [[r.AmbientOcclusionMaxQuality:100]]
[2025.09.30-04.23.04:415][  0]LogConfig: Setting CVar [[r.AmbientOcclusionLevels:-1]]
[2025.09.30-04.23.04:415][  0]LogConfig: Setting CVar [[r.AmbientOcclusionRadiusScale:1.0]]
[2025.09.30-04.23.04:415][  0]LogConfig: Setting CVar [[r.DepthOfFieldQuality:2]]
[2025.09.30-04.23.04:415][  0]LogConfig: Setting CVar [[r.RenderTargetPoolMin:400]]
[2025.09.30-04.23.04:415][  0]LogConfig: Setting CVar [[r.LensFlareQuality:2]]
[2025.09.30-04.23.04:415][  0]LogConfig: Setting CVar [[r.SceneColorFringeQuality:1]]
[2025.09.30-04.23.04:415][  0]LogConfig: Setting CVar [[r.EyeAdaptationQuality:2]]
[2025.09.30-04.23.04:415][  0]LogConfig: Setting CVar [[r.BloomQuality:5]]
[2025.09.30-04.23.04:415][  0]LogConfig: Setting CVar [[r.FastBlurThreshold:100]]
[2025.09.30-04.23.04:415][  0]LogConfig: Setting CVar [[r.Upscale.Quality:3]]
[2025.09.30-04.23.04:415][  0]LogConfig: Setting CVar [[r.Tonemapper.GrainQuantization:1]]
[2025.09.30-04.23.04:415][  0]LogConfig: Setting CVar [[r.LightShaftQuality:1]]
[2025.09.30-04.23.04:415][  0]LogConfig: Setting CVar [[r.Filter.SizeScale:1]]
[2025.09.30-04.23.04:415][  0]LogConfig: Setting CVar [[r.Tonemapper.Quality:5]]
[2025.09.30-04.23.04:415][  0]LogConfig: Setting CVar [[r.DOF.Gather.AccumulatorQuality:1        ; higher gathering accumulator quality]]
[2025.09.30-04.23.04:415][  0]LogConfig: Setting CVar [[r.DOF.Gather.PostfilterMethod:1          ; Median3x3 postfilering method]]
[2025.09.30-04.23.04:415][  0]LogConfig: Setting CVar [[r.DOF.Gather.EnableBokehSettings:0       ; no bokeh simulation when gathering]]
[2025.09.30-04.23.04:415][  0]LogConfig: Setting CVar [[r.DOF.Gather.RingCount:4                 ; medium number of samples when gathering]]
[2025.09.30-04.23.04:415][  0]LogConfig: Setting CVar [[r.DOF.Scatter.ForegroundCompositing:1    ; additive foreground scattering]]
[2025.09.30-04.23.04:415][  0]LogConfig: Setting CVar [[r.DOF.Scatter.BackgroundCompositing:2    ; additive background scattering]]
[2025.09.30-04.23.04:415][  0]LogConfig: Setting CVar [[r.DOF.Scatter.EnableBokehSettings:1      ; bokeh simulation when scattering]]
[2025.09.30-04.23.04:415][  0]LogConfig: Setting CVar [[r.DOF.Scatter.MaxSpriteRatio:0.1         ; only a maximum of 10% of scattered bokeh]]
[2025.09.30-04.23.04:415][  0]LogConfig: Setting CVar [[r.DOF.Recombine.Quality:1                ; cheap slight out of focus]]
[2025.09.30-04.23.04:415][  0]LogConfig: Setting CVar [[r.DOF.Recombine.EnableBokehSettings:0    ; no bokeh simulation on slight out of focus]]
[2025.09.30-04.23.04:415][  0]LogConfig: Setting CVar [[r.DOF.TemporalAAQuality:1                ; more stable temporal accumulation]]
[2025.09.30-04.23.04:415][  0]LogConfig: Setting CVar [[r.DOF.Kernel.MaxForegroundRadius:0.025]]
[2025.09.30-04.23.04:415][  0]LogConfig: Setting CVar [[r.DOF.Kernel.MaxBackgroundRadius:0.025]]
[2025.09.30-04.23.04:415][  0]LogConfig: Applying CVar settings from Section [TextureQuality@3] File [F:/Proyectos UE 4.27/TasteOfMadness/TasteOfMadness/Saved/Config/Windows/Scalability.ini]
[2025.09.30-04.23.04:415][  0]LogConfig: Setting CVar [[r.Streaming.MipBias:0]]
[2025.09.30-04.23.04:415][  0]LogConfig: Setting CVar [[r.Streaming.AmortizeCPUToGPUCopy:0]]
[2025.09.30-04.23.04:415][  0]LogConfig: Setting CVar [[r.Streaming.MaxNumTexturesToStreamPerFrame:0]]
[2025.09.30-04.23.04:415][  0]LogConfig: Setting CVar [[r.Streaming.Boost:1]]
[2025.09.30-04.23.04:415][  0]LogConfig: Setting CVar [[r.MaxAnisotropy:8]]
[2025.09.30-04.23.04:415][  0]LogConfig: Setting CVar [[r.VT.MaxAnisotropy:8]]
[2025.09.30-04.23.04:415][  0]LogConfig: Setting CVar [[r.Streaming.LimitPoolSizeToVRAM:0]]
[2025.09.30-04.23.04:415][  0]LogConfig: Setting CVar [[r.Streaming.PoolSize:1000]]
[2025.09.30-04.23.04:415][  0]LogConfig: Setting CVar [[r.Streaming.MaxEffectiveScreenSize:0]]
[2025.09.30-04.23.04:415][  0]LogConfig: Applying CVar settings from Section [EffectsQuality@3] File [F:/Proyectos UE 4.27/TasteOfMadness/TasteOfMadness/Saved/Config/Windows/Scalability.ini]
[2025.09.30-04.23.04:415][  0]LogConfig: Setting CVar [[r.TranslucencyLightingVolumeDim:64]]
[2025.09.30-04.23.04:415][  0]LogConfig: Setting CVar [[r.RefractionQuality:2]]
[2025.09.30-04.23.04:415][  0]LogConfig: Setting CVar [[r.SSR.Quality:3]]
[2025.09.30-04.23.04:415][  0]LogConfig: Setting CVar [[r.SSR.HalfResSceneColor:0]]
[2025.09.30-04.23.04:415][  0]LogConfig: Setting CVar [[r.SceneColorFormat:4]]
[2025.09.30-04.23.04:415][  0]LogConfig: Setting CVar [[r.DetailMode:2]]
[2025.09.30-04.23.04:415][  0]LogConfig: Setting CVar [[r.TranslucencyVolumeBlur:1]]
[2025.09.30-04.23.04:415][  0]LogConfig: Setting CVar [[r.MaterialQualityLevel:1 ; High quality]]
[2025.09.30-04.23.04:415][  0]LogConfig: Setting CVar [[r.AnisotropicMaterials:1]]
[2025.09.30-04.23.04:415][  0]LogConfig: Setting CVar [[r.SSS.Scale:1]]
[2025.09.30-04.23.04:415][  0]LogConfig: Setting CVar [[r.SSS.SampleSet:2]]
[2025.09.30-04.23.04:415][  0]LogConfig: Setting CVar [[r.SSS.Quality:1]]
[2025.09.30-04.23.04:415][  0]LogConfig: Setting CVar [[r.SSS.HalfRes:0]]
[2025.09.30-04.23.04:415][  0]LogConfig: Setting CVar [[r.SSGI.Quality:3]]
[2025.09.30-04.23.04:415][  0]LogConfig: Setting CVar [[r.EmitterSpawnRateScale:1.0]]
[2025.09.30-04.23.04:415][  0]LogConfig: Setting CVar [[r.ParticleLightQuality:2]]
[2025.09.30-04.23.04:415][  0]LogConfig: Setting CVar [[r.SkyAtmosphere.AerialPerspectiveLUT.FastApplyOnOpaque:1 ; Always have FastSkyLUT 1 in this case to avoid wrong sky]]
[2025.09.30-04.23.04:415][  0]LogConfig: Setting CVar [[r.SkyAtmosphere.AerialPerspectiveLUT.SampleCountMaxPerSlice:4]]
[2025.09.30-04.23.04:415][  0]LogConfig: Setting CVar [[r.SkyAtmosphere.AerialPerspectiveLUT.DepthResolution:16.0]]
[2025.09.30-04.23.04:415][  0]LogConfig: Setting CVar [[r.SkyAtmosphere.FastSkyLUT:1]]
[2025.09.30-04.23.04:415][  0]LogConfig: Setting CVar [[r.SkyAtmosphere.FastSkyLUT.SampleCountMin:4.0]]
[2025.09.30-04.23.04:415][  0]LogConfig: Setting CVar [[r.SkyAtmosphere.FastSkyLUT.SampleCountMax:128.0]]
[2025.09.30-04.23.04:415][  0]LogConfig: Setting CVar [[r.SkyAtmosphere.SampleCountMin:4.0]]
[2025.09.30-04.23.04:415][  0]LogConfig: Setting CVar [[r.SkyAtmosphere.SampleCountMax:128.0]]
[2025.09.30-04.23.04:415][  0]LogConfig: Setting CVar [[r.SkyAtmosphere.TransmittanceLUT.UseSmallFormat:0]]
[2025.09.30-04.23.04:415][  0]LogConfig: Setting CVar [[r.SkyAtmosphere.TransmittanceLUT.SampleCount:10.0]]
[2025.09.30-04.23.04:415][  0]LogConfig: Setting CVar [[r.SkyAtmosphere.MultiScatteringLUT.SampleCount:15.0]]
[2025.09.30-04.23.04:415][  0]LogConfig: Setting CVar [[r.SkyLight.RealTimeReflectionCapture:1]]
[2025.09.30-04.23.04:415][  0]LogConfig: Applying CVar settings from Section [FoliageQuality@3] File [F:/Proyectos UE 4.27/TasteOfMadness/TasteOfMadness/Saved/Config/Windows/Scalability.ini]
[2025.09.30-04.23.04:415][  0]LogConfig: Setting CVar [[foliage.DensityScale:1.0]]
[2025.09.30-04.23.04:415][  0]LogConfig: Setting CVar [[grass.DensityScale:1.0]]
[2025.09.30-04.23.04:415][  0]LogConfig: Applying CVar settings from Section [ShadingQuality@3] File [F:/Proyectos UE 4.27/TasteOfMadness/TasteOfMadness/Saved/Config/Windows/Scalability.ini]
[2025.09.30-04.23.04:415][  0]LogConfig: Setting CVar [[r.HairStrands.SkyLighting.IntegrationType:2]]
[2025.09.30-04.23.04:415][  0]LogConfig: Setting CVar [[r.HairStrands.SkyAO.SampleCount:4]]
[2025.09.30-04.23.04:415][  0]LogConfig: Setting CVar [[r.HairStrands.Visibility.MSAA.SamplePerPixel:4]]
[2025.09.30-04.23.04:415][  0]LogInit: Selected Device Profile: [Windows]
[2025.09.30-04.23.04:415][  0]LogInit: Applying CVar settings loaded from the selected device profile: [Windows]
[2025.09.30-04.23.04:415][  0]LogHAL: Display: Platform has ~ 32 GB [34115739648 / 34359738368 / 32], which maps to Largest [LargestMinGB=32, LargerMinGB=12, DefaultMinGB=8, SmallerMinGB=6, SmallestMinGB=0)
[2025.09.30-04.23.04:415][  0]LogInit: Going up to parent DeviceProfile []
[2025.09.30-04.23.04:415][  0]LogConfig: Applying CVar settings from Section [ViewDistanceQuality@3] File [F:/Proyectos UE 4.27/TasteOfMadness/TasteOfMadness/Saved/Config/Windows/Scalability.ini]
[2025.09.30-04.23.04:415][  0]LogConfig: Setting CVar [[r.SkeletalMeshLODBias:0]]
[2025.09.30-04.23.04:415][  0]LogConfig: Setting CVar [[r.ViewDistanceScale:1.0]]
[2025.09.30-04.23.04:415][  0]LogConfig: Applying CVar settings from Section [AntiAliasingQuality@3] File [F:/Proyectos UE 4.27/TasteOfMadness/TasteOfMadness/Saved/Config/Windows/Scalability.ini]
[2025.09.30-04.23.04:415][  0]LogConfig: Setting CVar [[r.PostProcessAAQuality:4]]
[2025.09.30-04.23.04:415][  0]LogConfig: Applying CVar settings from Section [ShadowQuality@3] File [F:/Proyectos UE 4.27/TasteOfMadness/TasteOfMadness/Saved/Config/Windows/Scalability.ini]
[2025.09.30-04.23.04:415][  0]LogConfig: Setting CVar [[r.LightFunctionQuality:1]]
[2025.09.30-04.23.04:415][  0]LogConfig: Setting CVar [[r.ShadowQuality:5]]
[2025.09.30-04.23.04:415][  0]LogConfig: Setting CVar [[r.Shadow.CSM.MaxCascades:10]]
[2025.09.30-04.23.04:415][  0]LogConfig: Setting CVar [[r.Shadow.MaxResolution:2048]]
[2025.09.30-04.23.04:415][  0]LogConfig: Setting CVar [[r.Shadow.MaxCSMResolution:2048]]
[2025.09.30-04.23.04:415][  0]LogConfig: Setting CVar [[r.Shadow.RadiusThreshold:0.01]]
[2025.09.30-04.23.04:415][  0]LogConfig: Setting CVar [[r.Shadow.DistanceScale:1.0]]
[2025.09.30-04.23.04:415][  0]LogConfig: Setting CVar [[r.Shadow.CSM.TransitionScale:1.0]]
[2025.09.30-04.23.04:415][  0]LogConfig: Setting CVar [[r.Shadow.PreShadowResolutionFactor:1.0]]
[2025.09.30-04.23.04:415][  0]LogConfig: Setting CVar [[r.DistanceFieldShadowing:1]]
[2025.09.30-04.23.04:415][  0]LogConfig: Setting CVar [[r.DistanceFieldAO:1]]
[2025.09.30-04.23.04:415][  0]LogConfig: Setting CVar [[r.AOQuality:2]]
[2025.09.30-04.23.04:415][  0]LogConfig: Setting CVar [[r.VolumetricFog:1]]
[2025.09.30-04.23.04:415][  0]LogConfig: Setting CVar [[r.VolumetricFog.GridPixelSize:8]]
[2025.09.30-04.23.04:415][  0]LogConfig: Setting CVar [[r.VolumetricFog.GridSizeZ:128]]
[2025.09.30-04.23.04:415][  0]LogConfig: Setting CVar [[r.VolumetricFog.HistoryMissSupersampleCount:4]]
[2025.09.30-04.23.04:415][  0]LogConfig: Setting CVar [[r.LightMaxDrawDistanceScale:1]]
[2025.09.30-04.23.04:415][  0]LogConfig: Setting CVar [[r.CapsuleShadows:1]]
[2025.09.30-04.23.04:415][  0]LogConfig: Applying CVar settings from Section [PostProcessQuality@3] File [F:/Proyectos UE 4.27/TasteOfMadness/TasteOfMadness/Saved/Config/Windows/Scalability.ini]
[2025.09.30-04.23.04:415][  0]LogConfig: Setting CVar [[r.MotionBlurQuality:4]]
[2025.09.30-04.23.04:415][  0]LogConfig: Setting CVar [[r.AmbientOcclusionMipLevelFactor:0.4]]
[2025.09.30-04.23.04:415][  0]LogConfig: Setting CVar [[r.AmbientOcclusionMaxQuality:100]]
[2025.09.30-04.23.04:415][  0]LogConfig: Setting CVar [[r.AmbientOcclusionLevels:-1]]
[2025.09.30-04.23.04:415][  0]LogConfig: Setting CVar [[r.AmbientOcclusionRadiusScale:1.0]]
[2025.09.30-04.23.04:415][  0]LogConfig: Setting CVar [[r.DepthOfFieldQuality:2]]
[2025.09.30-04.23.04:415][  0]LogConfig: Setting CVar [[r.RenderTargetPoolMin:400]]
[2025.09.30-04.23.04:415][  0]LogConfig: Setting CVar [[r.LensFlareQuality:2]]
[2025.09.30-04.23.04:415][  0]LogConfig: Setting CVar [[r.SceneColorFringeQuality:1]]
[2025.09.30-04.23.04:415][  0]LogConfig: Setting CVar [[r.EyeAdaptationQuality:2]]
[2025.09.30-04.23.04:415][  0]LogConfig: Setting CVar [[r.BloomQuality:5]]
[2025.09.30-04.23.04:415][  0]LogConfig: Setting CVar [[r.FastBlurThreshold:100]]
[2025.09.30-04.23.04:416][  0]LogConfig: Setting CVar [[r.Upscale.Quality:3]]
[2025.09.30-04.23.04:416][  0]LogConfig: Setting CVar [[r.Tonemapper.GrainQuantization:1]]
[2025.09.30-04.23.04:416][  0]LogConfig: Setting CVar [[r.LightShaftQuality:1]]
[2025.09.30-04.23.04:416][  0]LogConfig: Setting CVar [[r.Filter.SizeScale:1]]
[2025.09.30-04.23.04:416][  0]LogConfig: Setting CVar [[r.Tonemapper.Quality:5]]
[2025.09.30-04.23.04:416][  0]LogConfig: Setting CVar [[r.DOF.Gather.AccumulatorQuality:1        ; higher gathering accumulator quality]]
[2025.09.30-04.23.04:416][  0]LogConfig: Setting CVar [[r.DOF.Gather.PostfilterMethod:1          ; Median3x3 postfilering method]]
[2025.09.30-04.23.04:416][  0]LogConfig: Setting CVar [[r.DOF.Gather.EnableBokehSettings:0       ; no bokeh simulation when gathering]]
[2025.09.30-04.23.04:416][  0]LogConfig: Setting CVar [[r.DOF.Gather.RingCount:4                 ; medium number of samples when gathering]]
[2025.09.30-04.23.04:416][  0]LogConfig: Setting CVar [[r.DOF.Scatter.ForegroundCompositing:1    ; additive foreground scattering]]
[2025.09.30-04.23.04:416][  0]LogConfig: Setting CVar [[r.DOF.Scatter.BackgroundCompositing:2    ; additive background scattering]]
[2025.09.30-04.23.04:416][  0]LogConfig: Setting CVar [[r.DOF.Scatter.EnableBokehSettings:1      ; bokeh simulation when scattering]]
[2025.09.30-04.23.04:416][  0]LogConfig: Setting CVar [[r.DOF.Scatter.MaxSpriteRatio:0.1         ; only a maximum of 10% of scattered bokeh]]
[2025.09.30-04.23.04:416][  0]LogConfig: Setting CVar [[r.DOF.Recombine.Quality:1                ; cheap slight out of focus]]
[2025.09.30-04.23.04:416][  0]LogConfig: Setting CVar [[r.DOF.Recombine.EnableBokehSettings:0    ; no bokeh simulation on slight out of focus]]
[2025.09.30-04.23.04:416][  0]LogConfig: Setting CVar [[r.DOF.TemporalAAQuality:1                ; more stable temporal accumulation]]
[2025.09.30-04.23.04:416][  0]LogConfig: Setting CVar [[r.DOF.Kernel.MaxForegroundRadius:0.025]]
[2025.09.30-04.23.04:416][  0]LogConfig: Setting CVar [[r.DOF.Kernel.MaxBackgroundRadius:0.025]]
[2025.09.30-04.23.04:416][  0]LogConfig: Applying CVar settings from Section [TextureQuality@3] File [F:/Proyectos UE 4.27/TasteOfMadness/TasteOfMadness/Saved/Config/Windows/Scalability.ini]
[2025.09.30-04.23.04:416][  0]LogConfig: Setting CVar [[r.Streaming.MipBias:0]]
[2025.09.30-04.23.04:416][  0]LogConfig: Setting CVar [[r.Streaming.AmortizeCPUToGPUCopy:0]]
[2025.09.30-04.23.04:416][  0]LogConfig: Setting CVar [[r.Streaming.MaxNumTexturesToStreamPerFrame:0]]
[2025.09.30-04.23.04:416][  0]LogConfig: Setting CVar [[r.Streaming.Boost:1]]
[2025.09.30-04.23.04:416][  0]LogConfig: Setting CVar [[r.MaxAnisotropy:8]]
[2025.09.30-04.23.04:416][  0]LogConfig: Setting CVar [[r.VT.MaxAnisotropy:8]]
[2025.09.30-04.23.04:416][  0]LogConfig: Setting CVar [[r.Streaming.LimitPoolSizeToVRAM:0]]
[2025.09.30-04.23.04:416][  0]LogConfig: Setting CVar [[r.Streaming.PoolSize:1000]]
[2025.09.30-04.23.04:416][  0]LogConfig: Setting CVar [[r.Streaming.MaxEffectiveScreenSize:0]]
[2025.09.30-04.23.04:416][  0]LogConfig: Applying CVar settings from Section [EffectsQuality@3] File [F:/Proyectos UE 4.27/TasteOfMadness/TasteOfMadness/Saved/Config/Windows/Scalability.ini]
[2025.09.30-04.23.04:416][  0]LogConfig: Setting CVar [[r.TranslucencyLightingVolumeDim:64]]
[2025.09.30-04.23.04:416][  0]LogConfig: Setting CVar [[r.RefractionQuality:2]]
[2025.09.30-04.23.04:416][  0]LogConfig: Setting CVar [[r.SSR.Quality:3]]
[2025.09.30-04.23.04:416][  0]LogConfig: Setting CVar [[r.SSR.HalfResSceneColor:0]]
[2025.09.30-04.23.04:416][  0]LogConfig: Setting CVar [[r.SceneColorFormat:4]]
[2025.09.30-04.23.04:416][  0]LogConfig: Setting CVar [[r.DetailMode:2]]
[2025.09.30-04.23.04:416][  0]LogConfig: Setting CVar [[r.TranslucencyVolumeBlur:1]]
[2025.09.30-04.23.04:416][  0]LogConfig: Setting CVar [[r.MaterialQualityLevel:1 ; High quality]]
[2025.09.30-04.23.04:416][  0]LogConfig: Setting CVar [[r.AnisotropicMaterials:1]]
[2025.09.30-04.23.04:416][  0]LogConfig: Setting CVar [[r.SSS.Scale:1]]
[2025.09.30-04.23.04:416][  0]LogConfig: Setting CVar [[r.SSS.SampleSet:2]]
[2025.09.30-04.23.04:416][  0]LogConfig: Setting CVar [[r.SSS.Quality:1]]
[2025.09.30-04.23.04:416][  0]LogConfig: Setting CVar [[r.SSS.HalfRes:0]]
[2025.09.30-04.23.04:416][  0]LogConfig: Setting CVar [[r.SSGI.Quality:3]]
[2025.09.30-04.23.04:416][  0]LogConfig: Setting CVar [[r.EmitterSpawnRateScale:1.0]]
[2025.09.30-04.23.04:416][  0]LogConfig: Setting CVar [[r.ParticleLightQuality:2]]
[2025.09.30-04.23.04:416][  0]LogConfig: Setting CVar [[r.SkyAtmosphere.AerialPerspectiveLUT.FastApplyOnOpaque:1 ; Always have FastSkyLUT 1 in this case to avoid wrong sky]]
[2025.09.30-04.23.04:416][  0]LogConfig: Setting CVar [[r.SkyAtmosphere.AerialPerspectiveLUT.SampleCountMaxPerSlice:4]]
[2025.09.30-04.23.04:416][  0]LogConfig: Setting CVar [[r.SkyAtmosphere.AerialPerspectiveLUT.DepthResolution:16.0]]
[2025.09.30-04.23.04:416][  0]LogConfig: Setting CVar [[r.SkyAtmosphere.FastSkyLUT:1]]
[2025.09.30-04.23.04:416][  0]LogConfig: Setting CVar [[r.SkyAtmosphere.FastSkyLUT.SampleCountMin:4.0]]
[2025.09.30-04.23.04:416][  0]LogConfig: Setting CVar [[r.SkyAtmosphere.FastSkyLUT.SampleCountMax:128.0]]
[2025.09.30-04.23.04:416][  0]LogConfig: Setting CVar [[r.SkyAtmosphere.SampleCountMin:4.0]]
[2025.09.30-04.23.04:416][  0]LogConfig: Setting CVar [[r.SkyAtmosphere.SampleCountMax:128.0]]
[2025.09.30-04.23.04:416][  0]LogConfig: Setting CVar [[r.SkyAtmosphere.TransmittanceLUT.UseSmallFormat:0]]
[2025.09.30-04.23.04:416][  0]LogConfig: Setting CVar [[r.SkyAtmosphere.TransmittanceLUT.SampleCount:10.0]]
[2025.09.30-04.23.04:416][  0]LogConfig: Setting CVar [[r.SkyAtmosphere.MultiScatteringLUT.SampleCount:15.0]]
[2025.09.30-04.23.04:416][  0]LogConfig: Setting CVar [[r.SkyLight.RealTimeReflectionCapture:1]]
[2025.09.30-04.23.04:416][  0]LogConfig: Applying CVar settings from Section [FoliageQuality@3] File [F:/Proyectos UE 4.27/TasteOfMadness/TasteOfMadness/Saved/Config/Windows/Scalability.ini]
[2025.09.30-04.23.04:416][  0]LogConfig: Setting CVar [[foliage.DensityScale:1.0]]
[2025.09.30-04.23.04:416][  0]LogConfig: Setting CVar [[grass.DensityScale:1.0]]
[2025.09.30-04.23.04:416][  0]LogConfig: Applying CVar settings from Section [ShadingQuality@3] File [F:/Proyectos UE 4.27/TasteOfMadness/TasteOfMadness/Saved/Config/Windows/Scalability.ini]
[2025.09.30-04.23.04:416][  0]LogConfig: Setting CVar [[r.HairStrands.SkyLighting.IntegrationType:2]]
[2025.09.30-04.23.04:416][  0]LogConfig: Setting CVar [[r.HairStrands.SkyAO.SampleCount:4]]
[2025.09.30-04.23.04:416][  0]LogConfig: Setting CVar [[r.HairStrands.Visibility.MSAA.SamplePerPixel:4]]
[2025.09.30-04.23.04:416][  0]LogConfig: Applying CVar settings from Section [Startup] File [../../../Engine/Config/ConsoleVariables.ini]
[2025.09.30-04.23.04:416][  0]LogConfig: Setting CVar [[net.UseAdaptiveNetUpdateFrequency:0]]
[2025.09.30-04.23.04:416][  0]LogConfig: Setting CVar [[p.chaos.AllowCreatePhysxBodies:1]]
[2025.09.30-04.23.04:416][  0]LogConfig: Setting CVar [[fx.SkipVectorVMBackendOptimizations:1]]
[2025.09.30-04.23.04:416][  0]LogConfig: Applying CVar settings from Section [ConsoleVariables] File [F:/Proyectos UE 4.27/TasteOfMadness/TasteOfMadness/Saved/Config/Windows/Engine.ini]
[2025.09.30-04.23.04:416][  0]LogConfig: Applying CVar settings from Section [ConsoleVariables] File [F:/Proyectos UE 4.27/TasteOfMadness/TasteOfMadness/Saved/Config/Windows/Editor.ini]
[2025.09.30-04.23.04:416][  0]LogInit: Computer: LEGIÓN_G
[2025.09.30-04.23.04:416][  0]LogInit: User: gerar
[2025.09.30-04.23.04:416][  0]LogInit: CPU Page size=4096, Cores=6
[2025.09.30-04.23.04:416][  0]LogInit: High frequency timer resolution =10.000000 MHz
[2025.09.30-04.23.04:416][  0]LogMemory: Memory total: Physical=31.8GB (32GB approx)
[2025.09.30-04.23.04:416][  0]LogMemory: Platform Memory Stats for Windows
[2025.09.30-04.23.04:416][  0]LogMemory: Process Physical Memory: 147.88 MB used, 147.88 MB peak
[2025.09.30-04.23.04:416][  0]LogMemory: Process Virtual Memory: 130.38 MB used, 130.38 MB peak
[2025.09.30-04.23.04:416][  0]LogMemory: Physical Memory: 14130.82 MB used,  18404.48 MB free, 32535.30 MB total
[2025.09.30-04.23.04:416][  0]LogMemory: Virtual Memory: 134200112.00 MB used,  17615.67 MB free, 134217728.00 MB total
[2025.09.30-04.23.04:422][  0]LogWindows: WindowsPlatformFeatures enabled
[2025.09.30-04.23.04:461][  0]LogInit: Physics initialised using underlying interface: PhysX
[2025.09.30-04.23.04:461][  0]LogInit: Overriding language with editor language configuration option (en).
[2025.09.30-04.23.04:462][  0]LogInit: Using OS detected locale (es-MX).
[2025.09.30-04.23.04:612][  0]LogInit: Setting process to per monitor DPI aware
[2025.09.30-04.23.04:634][  0]LogWindowsTextInputMethodSystem: Display: IME system deactivated.
[2025.09.30-04.23.04:651][  0]LogSlate: New Slate User Created.  User Index 0, Is Virtual User: 0
[2025.09.30-04.23.04:651][  0]LogSlate: Slate User Registered.  User Index 0, Is Virtual User: 0
[2025.09.30-04.23.04:815][  0]LogD3D11RHI: Loaded GFSDK_Aftermath_Lib.x64.dll
[2025.09.30-04.23.04:830][  0]LogHMD: Failed to initialize OpenVR with code 110
[2025.09.30-04.23.04:830][  0]LogD3D11RHI: D3D11 min allowed feature level: 11_0
[2025.09.30-04.23.04:830][  0]LogD3D11RHI: D3D11 max allowed feature level: 11_0
[2025.09.30-04.23.04:830][  0]LogD3D11RHI: D3D11 adapters:
[2025.09.30-04.23.04:997][  0]LogD3D11RHI:    0. 'NVIDIA GeForce RTX 3050 Ti Laptop GPU' (Feature Level 11_0)
[2025.09.30-04.23.04:997][  0]LogD3D11RHI:       3962/0/16267 MB DedicatedVideo/DedicatedSystem/SharedSystem, Outputs:1, VendorId:0x10de
[2025.09.30-04.23.05:055][  0]LogD3D11RHI:    1. 'Intel(R) UHD Graphics' (Feature Level 11_0)
[2025.09.30-04.23.05:055][  0]LogD3D11RHI:       128/0/16267 MB DedicatedVideo/DedicatedSystem/SharedSystem, Outputs:1, VendorId:0x8086
[2025.09.30-04.23.05:060][  0]LogD3D11RHI:    2. 'Microsoft Basic Render Driver' (Feature Level 11_0)
[2025.09.30-04.23.05:060][  0]LogD3D11RHI:       0/0/16267 MB DedicatedVideo/DedicatedSystem/SharedSystem, Outputs:0, VendorId:0x1414
[2025.09.30-04.23.05:060][  0]LogD3D11RHI: Chosen D3D11 Adapter:
[2025.09.30-04.23.05:060][  0]LogD3D11RHI:     Description : NVIDIA GeForce RTX 3050 Ti Laptop GPU
[2025.09.30-04.23.05:060][  0]LogD3D11RHI:     VendorId    : 10de
[2025.09.30-04.23.05:060][  0]LogD3D11RHI:     DeviceId    : 25e0
[2025.09.30-04.23.05:060][  0]LogD3D11RHI:     SubSysId    : 3e8b17aa
[2025.09.30-04.23.05:060][  0]LogD3D11RHI:     Revision    : 00a1
[2025.09.30-04.23.05:060][  0]LogD3D11RHI:     DedicatedVideoMemory : 4154458112 bytes
[2025.09.30-04.23.05:060][  0]LogD3D11RHI:     DedicatedSystemMemory : 0 bytes
[2025.09.30-04.23.05:060][  0]LogD3D11RHI:     SharedSystemMemory : 17057869824 bytes
[2025.09.30-04.23.05:060][  0]LogD3D11RHI:     AdapterLuid : 0 90531
[2025.09.30-04.23.05:068][  0]LogD3D11RHI: Creating new Direct3DDevice
[2025.09.30-04.23.05:068][  0]LogD3D11RHI:     GPU DeviceId: 0x25e0 (for the marketing name, search the web for "GPU Device Id")
[2025.09.30-04.23.05:068][  0]LogWindows: EnumDisplayDevices:
[2025.09.30-04.23.05:068][  0]LogWindows:    0. 'Intel(R) UHD Graphics' (P:0 D:1)
[2025.09.30-04.23.05:068][  0]LogWindows:    1. 'Intel(R) UHD Graphics' (P:0 D:0)
[2025.09.30-04.23.05:068][  0]LogWindows:    2. 'Intel(R) UHD Graphics' (P:0 D:0)
[2025.09.30-04.23.05:068][  0]LogWindows:    3. 'Intel(R) UHD Graphics' (P:0 D:0)
[2025.09.30-04.23.05:068][  0]LogWindows:    4. 'NVIDIA GeForce RTX 3050 Ti Laptop GPU' (P:1 D:1)
[2025.09.30-04.23.05:069][  0]LogWindows:    5. 'NVIDIA GeForce RTX 3050 Ti Laptop GPU' (P:0 D:0)
[2025.09.30-04.23.05:069][  0]LogWindows:    6. 'NVIDIA GeForce RTX 3050 Ti Laptop GPU' (P:0 D:0)
[2025.09.30-04.23.05:069][  0]LogWindows:    7. 'NVIDIA GeForce RTX 3050 Ti Laptop GPU' (P:0 D:0)
[2025.09.30-04.23.05:069][  0]LogWindows: DebugString: PrimaryIsNotTheChoosenAdapter PrimaryIsNotTheChoosenAdapter PrimaryIsNotTheChoosenAdapter PrimaryIsNotTheChoosenAdapter FoundDriverCount:4 
[2025.09.30-04.23.05:069][  0]LogD3D11RHI:     Adapter Name: NVIDIA GeForce RTX 3050 Ti Laptop GPU
[2025.09.30-04.23.05:069][  0]LogD3D11RHI:   Driver Version: 577.00 (internal:32.0.15.7700, unified:577.00)
[2025.09.30-04.23.05:069][  0]LogD3D11RHI:      Driver Date: 7-14-2025
[2025.09.30-04.23.05:069][  0]LogRHI: Texture pool is 2773 MB (70% of 3962 MB)
[2025.09.30-04.23.05:069][  0]LogD3D11RHI: Creating D3DDevice using adapter:
[2025.09.30-04.23.05:069][  0]LogD3D11RHI:     Description : NVIDIA GeForce RTX 3050 Ti Laptop GPU
[2025.09.30-04.23.05:069][  0]LogD3D11RHI:     VendorId    : 10de
[2025.09.30-04.23.05:069][  0]LogD3D11RHI:     DeviceId    : 25e0
[2025.09.30-04.23.05:069][  0]LogD3D11RHI:     SubSysId    : 3e8b17aa
[2025.09.30-04.23.05:069][  0]LogD3D11RHI:     Revision    : 00a1
[2025.09.30-04.23.05:069][  0]LogD3D11RHI:     DedicatedVideoMemory : 4154458112 bytes
[2025.09.30-04.23.05:069][  0]LogD3D11RHI:     DedicatedSystemMemory : 0 bytes
[2025.09.30-04.23.05:069][  0]LogD3D11RHI:     SharedSystemMemory : 17057869824 bytes
[2025.09.30-04.23.05:069][  0]LogD3D11RHI:     AdapterLuid : 0 90531
[2025.09.30-04.23.05:194][  0]LogD3D11RHI: RHI has support for 64 bit atomics
[2025.09.30-04.23.05:194][  0]LogD3D11RHI: Async texture creation enabled
[2025.09.30-04.23.05:194][  0]LogD3D11RHI: Array index from any shader is supported
[2025.09.30-04.23.05:195][  0]LogD3D11RHI: HDR output is supported on display 0 (NvId: 0x80061087).
[2025.09.30-04.23.05:217][  0]LogD3D11RHI: GPU Timing Frequency: 1000.000000 (Debug: 2 2)
[2025.09.30-04.23.05:248][  0]LogRHI: GeForceNow SDK initialized: 1
[2025.09.30-04.23.05:540][  0]LogTargetPlatformManager: Display: Loaded TargetPlatform 'AllDesktop'
[2025.09.30-04.23.05:557][  0]LogTargetPlatformManager: Display: Loaded TargetPlatform 'Android'
[2025.09.30-04.23.05:557][  0]LogTargetPlatformManager: Display: Loaded TargetPlatform 'Android_ASTC'
[2025.09.30-04.23.05:557][  0]LogTargetPlatformManager: Display: Loaded TargetPlatform 'Android_DXT'
[2025.09.30-04.23.05:557][  0]LogTargetPlatformManager: Display: Loaded TargetPlatform 'Android_ETC2'
[2025.09.30-04.23.05:557][  0]LogTargetPlatformManager: Display: Loaded TargetPlatform 'AndroidClient'
[2025.09.30-04.23.05:557][  0]LogTargetPlatformManager: Display: Loaded TargetPlatform 'Android_ASTCClient'
[2025.09.30-04.23.05:557][  0]LogTargetPlatformManager: Display: Loaded TargetPlatform 'Android_DXTClient'
[2025.09.30-04.23.05:557][  0]LogTargetPlatformManager: Display: Loaded TargetPlatform 'Android_ETC2Client'
[2025.09.30-04.23.05:557][  0]LogTargetPlatformManager: Display: Loaded TargetPlatform 'Android_Multi'
[2025.09.30-04.23.05:557][  0]LogTargetPlatformManager: Display: Loaded TargetPlatform 'Android_MultiClient'
[2025.09.30-04.23.05:576][  0]LogTargetPlatformManager: Display: Loaded TargetPlatform 'IOSClient'
[2025.09.30-04.23.05:576][  0]LogTargetPlatformManager: Display: Loaded TargetPlatform 'IOS'
[2025.09.30-04.23.05:584][  0]LogTargetPlatformManager: Display: Loaded TargetPlatform 'Linux'
[2025.09.30-04.23.05:589][  0]LogTargetPlatformManager: Display: Loaded TargetPlatform 'LinuxNoEditor'
[2025.09.30-04.23.05:592][  0]LogTargetPlatformManager: Display: Loaded TargetPlatform 'LinuxClient'
[2025.09.30-04.23.05:597][  0]LogTargetPlatformManager: Display: Loaded TargetPlatform 'LinuxServer'
[2025.09.30-04.23.05:604][  0]LogTargetPlatformManager: Display: Loaded TargetPlatform 'LinuxAArch64NoEditor'
[2025.09.30-04.23.05:608][  0]LogTargetPlatformManager: Display: Loaded TargetPlatform 'LinuxAArch64Client'
[2025.09.30-04.23.05:612][  0]LogTargetPlatformManager: Display: Loaded TargetPlatform 'LinuxAArch64Server'
[2025.09.30-04.23.05:631][  0]LogTargetPlatformManager: Display: Loaded TargetPlatform 'Lumin'
[2025.09.30-04.23.05:631][  0]LogTargetPlatformManager: Display: Loaded TargetPlatform 'LuminClient'
[2025.09.30-04.23.05:638][  0]LogTargetPlatformManager: Display: Loaded TargetPlatform 'MacNoEditor'
[2025.09.30-04.23.05:641][  0]LogTargetPlatformManager: Display: Loaded TargetPlatform 'Mac'
[2025.09.30-04.23.05:645][  0]LogTargetPlatformManager: Display: Loaded TargetPlatform 'MacClient'
[2025.09.30-04.23.05:649][  0]LogTargetPlatformManager: Display: Loaded TargetPlatform 'MacServer'
[2025.09.30-04.23.05:657][  0]LogTargetPlatformManager: Display: Loaded TargetPlatform 'TVOSClient'
[2025.09.30-04.23.05:657][  0]LogTargetPlatformManager: Display: Loaded TargetPlatform 'TVOS'
[2025.09.30-04.23.05:665][  0]LogTargetPlatformManager: Display: Loaded TargetPlatform 'WindowsNoEditor'
[2025.09.30-04.23.05:670][  0]LogTargetPlatformManager: Display: Loaded TargetPlatform 'Windows'
[2025.09.30-04.23.05:674][  0]LogTargetPlatformManager: Display: Loaded TargetPlatform 'WindowsClient'
[2025.09.30-04.23.05:677][  0]LogTargetPlatformManager: Display: Loaded TargetPlatform 'WindowsServer'
[2025.09.30-04.23.05:677][  0]LogTargetPlatformManager: Display: Building Assets For Windows
[2025.09.30-04.23.05:685][  0]LogAudioDebug: Display: Lib vorbis DLL was dynamically loaded.
[2025.09.30-04.23.05:711][  0]LogTextureFormatOodle: Display: Oodle Texture 2.9.0 init RDO Off
[2025.09.30-04.23.05:741][  0]LogRendererCore: Ray tracing is disabled. Reason: r.RayTracing=0.
[2025.09.30-04.23.05:741][  0]LogShaderCompilers: Guid format shader working directory is -17 characters bigger than the processId version (../../../../../Proyectos UE 4.27/TasteOfMadness/TasteOfMadness/Intermediate/Shaders/WorkingDirectory/32524/).
[2025.09.30-04.23.05:742][  0]LogShaderCompilers: Cleaned the shader compiler working directory 'C:/Users/gerar/AppData/Local/Temp/UnrealShaderWorkingDir/33B79DB240D26D75868D9C96543ECC63/'.
[2025.09.30-04.23.05:742][  0]LogXGEController: Cannot use XGE Controller as Incredibuild is not installed on this machine.
[2025.09.30-04.23.05:742][  0]LogShaderCompilers: Cannot use XGE Shader Compiler as Incredibuild is not installed on this machine.
[2025.09.30-04.23.05:742][  0]LogShaderCompilers: Display: Using Local Shader Compiler.
[2025.09.30-04.23.06:342][  0]LogDerivedDataCache: Display: Max Cache Size: 512 MB
[2025.09.30-04.23.06:389][  0]LogDerivedDataCache: Loaded boot cache 0.05s 94MB C:/Users/gerar/AppData/Local/UnrealEngine/4.27/DerivedDataCache/Boot.ddc.
[2025.09.30-04.23.06:389][  0]LogDerivedDataCache: Display: Loaded Boot cache: C:/Users/gerar/AppData/Local/UnrealEngine/4.27/DerivedDataCache/Boot.ddc
[2025.09.30-04.23.06:389][  0]LogDerivedDataCache: FDerivedDataBackendGraph:  Pak pak cache file ../../../../../Proyectos UE 4.27/TasteOfMadness/TasteOfMadness/DerivedDataCache/DDC.ddp not found, will not use a pak cache.
[2025.09.30-04.23.06:389][  0]LogDerivedDataCache: Unable to find inner node Pak for hierarchical cache Hierarchy.
[2025.09.30-04.23.06:389][  0]LogDerivedDataCache: FDerivedDataBackendGraph:  CompressedPak pak cache file ../../../../../Proyectos UE 4.27/TasteOfMadness/TasteOfMadness/DerivedDataCache/Compressed.ddp not found, will not use a pak cache.
[2025.09.30-04.23.06:389][  0]LogDerivedDataCache: Unable to find inner node CompressedPak for hierarchical cache Hierarchy.
[2025.09.30-04.23.06:403][  0]LogDerivedDataCache: Display: Pak cache opened for reading ../../../Engine/DerivedDataCache/Compressed.ddp.
[2025.09.30-04.23.06:403][  0]LogDerivedDataCache: FDerivedDataBackendGraph:  EnterprisePak pak cache file ../../../Enterprise/DerivedDataCache/Compressed.ddp not found, will not use a pak cache.
[2025.09.30-04.23.06:403][  0]LogDerivedDataCache: Unable to find inner node EnterprisePak for hierarchical cache Hierarchy.
[2025.09.30-04.23.06:508][  0]LogDerivedDataCache: Speed tests for C:/Users/gerar/AppData/Local/UnrealEngine/Common/DerivedDataCache took 0.11 seconds
[2025.09.30-04.23.06:508][  0]LogDerivedDataCache: Display: Performance to C:/Users/gerar/AppData/Local/UnrealEngine/Common/DerivedDataCache: Latency=0.04ms. RandomReadSpeed=1514.89MBs, RandomWriteSpeed=8.89MBs. Assigned SpeedClass 'Local'
[2025.09.30-04.23.06:509][  0]LogDerivedDataCache: Using Local data cache path C:/Users/gerar/AppData/Local/UnrealEngine/Common/DerivedDataCache: Writable
[2025.09.30-04.23.06:509][  0]LogDerivedDataCache: Shared data cache path not found in *engine.ini, will not use an Shared cache.
[2025.09.30-04.23.06:509][  0]LogDerivedDataCache: Unable to find inner node Shared for hierarchical cache Hierarchy.
[2025.09.30-04.23.06:545][  0]LogSlate: Using FreeType 2.10.0
[2025.09.30-04.23.06:546][  0]LogSlate: SlateFontServices - WITH_FREETYPE: 1, WITH_HARFBUZZ: 1
[2025.09.30-04.23.06:568][  0]LogAssetRegistry: FAssetRegistry took 0.0023 seconds to start up
[2025.09.30-04.23.06:782][  0]LogInit: Selected Device Profile: [Windows]
[2025.09.30-04.23.06:782][  0]LogInit: Active device profile: [0000015C93088700][0000015C921A0780 49] Windows
[2025.09.30-04.23.06:782][  0]LogInit: Profiles: [0000015C93088700][0000015C921A0780 49] Windows, [0000015C92E43700][0000015C9219C8C0 49] WindowsNoEditor, [0000015C9308B300][0000015C921A4A00 49] WindowsServer, [0000015C92E40F00][0000015C921A8B40 49] WindowsClient, [0000015C9308B500][0000015C921B0CC0 49] IOS, [0000015C9303BF00][0000015C921B4E40 49] iPadAir, [0000015C92E43B00][0000015C921B8FC0 49] iPadAir2, [0000015C92FEC500][0000015C921C1280 49] IPadPro, [0000015C92FEC600][0000015C921BD2C0 49] iPadAir3, [0000015C93038100][0000015C921C5440 49] iPadAir4, [0000015C92FEEC00][0000015C921C95C0 49] iPadMini2, [0000015C9303A500][0000015C921CD740 49] iPadMini3, [0000015C92FEF400][0000015C921D18C0 49] iPadMini4, [0000015C93038F00][0000015C921D5A40 49] iPadMini5, [0000015C92FE7E00][0000015C921DC180 49] iPhone6, [0000015C92FE7F00][0000015C921D81C0 49] iPodTouch6, [0000015C9308B900][0000015C921E4480 49] iPhone7, [0000015C9308A100][0000015C921E04C0 49] iPodTouch7, [0000015C92FE4400][0000015C921E8640 49] iPhone5S, [0000015C92FEFD00][0000015C921EC7C0 49] iPhone6Plus, [0000015C9308B400][0000015C921F0940 49] iPhone6S, [0000015C92FEE000][0000015C921ACA80 49] iPhone6SPlus, [0000015C93088900][0000015C921F4BC0 49] iPhone7Plus, [0000015C92FECE00][0000015C921F8D00 49] iPhoneSE, [0000015C93088200][0000015C92200E80 49] iPhone8, [0000015C92FEE400][0000015C92205000 49] iPhone8Plus, [0000015C93089E00][0000015C92209180 49] iPhoneX, [0000015C92FEFE00][0000015C9220D300 49] iPhoneXS, [0000015C93089600][0000015C92211480 49] iPhoneXSMax, [0000015C92FEE500][0000015C92215600 49] iPhoneXR, [0000015C9308AA00][0000015C92219780 49] iPhone11, [0000015C92FEFA00][0000015C9221D900 49] iPhone11Pro, [0000015C93088F00][0000015C92221A80 49] iPhone11ProMax, [0000015C92FEE300][0000015C92225C00 49] iPhoneSE2, [0000015C9308A700][0000015C92228200 49] iPhone12Mini, [0000015C92FEC700][0000015C9222C380 49] iPhone12, [0000015C9308B100][0000015C92230500 49] iPhone12Pro, [0000015C92FEF500][0000015C92234680 49] iPhone12ProMax, [0000015C93088800][0000015C92238800 49] iPadPro105, [0000015C92FEDC00][0000015C9223C980 49] iPadPro129, [0000015C93088300][0000015C93250B00 49] iPadPro97, [0000015C92FEDD00][0000015C921FCC40 49] iPadPro2_129, [0000015C93088C00][0000015C93254D80 49] iPad5, [0000015C92FEF000][0000015C93258EC0 49] iPad6, [0000015C9308AC00][0000015C93261040 49] iPad7, [0000015C92FEEE00][0000015C932651C0 49] iPad8, [0000015C93089800][0000015C93269340 49] iPadPro11, [0000015C92FEDB00][0000015C9326D4C0 49] iPadPro2_11, [0000015C93089500][0000015C93271640 49] iPadPro3_129, [0000015C92FEE700][0000015C932757C0 49] iPadPro4_129, [0000015C93088100][0000015C93279940 49] AppleTV, [0000015C92FEEB00][0000015C9327DAC0 49] AppleTV4K, [0000015C93089B00][0000015C932800C0 49] TVOS, [0000015C92FEC900][0000015C93284240 49] Mac, [0000015C93089700][0000015C932883C0 49] MacClient, [0000015C92FEEF00][0000015C9328C540 49] MacNoEditor, [0000015C93088D00][0000015C932906C0 49] MacServer, [0000015C92FEC300][0000015C93294840 49] Linux, [0000015C9308AE00][0000015C932989C0 49] LinuxAArch64, [0000015C92FED500][0000015C9329CB40 49] LinuxNoEditor, [0000015C9308A400][0000015C932A0CC0 49] LinuxAArch64NoEditor, [0000015C92FEC200][0000015C9325CE00 49] LinuxClient, [0000015C9308AD00][0000015C932A4F40 49] LinuxAArch64Client, [0000015C92FECC00][0000015C932B1080 49] LinuxServer, [0000015C93088400][0000015C932BD1C0 49] LinuxAArch64Server, [0000015C92FED000][0000015C8FA35340 49] Android, [0000015C9303B900][0000015C8FA394C0 49] Android_Low, [0000015C92FE5B00][0000015C86A55640 49] Android_Mid, [0000015C9303B000][0000015C86A837C0 49] Android_High, [0000015C92FE6300][0000015C86A87940 49] Android_Default, [0000015C9303A000][0000015C86A8FAC0 49] Android_Adreno4xx, [0000015C92FE4100][0000015C86A9A0C0 49] Android_Adreno5xx_Low, [0000015C93038B00][0000015C86A9E240 49] Android_Adreno5xx, [0000015C92FE5800][0000015C868F03C0 49] Android_Adreno6xx, [0000015C93039100][0000015C86900540 49] Android_Adreno6xx_Vulkan, [0000015C92FE4800][0000015C869046C0 49] Android_Mali_T6xx, [0000015C9303B600][0000015C8691C840 49] Android_Mali_T7xx, [0000015C92FE4D00][0000015C869AA9C0 49] Android_Mali_T8xx, [0000015C9303BC00][0000015C869D2B40 49] Android_Mali_G71, [0000015C92FE5500][0000015C869D6CC0 49] Android_Mali_G72, [0000015C9303BE00][0000015C869DAE40 49] Android_Mali_G72_Vulkan, [0000015C92FE7D00][0000015C8FA30F80 49] Android_Mali_G76, [0000015C9303BA00][0000015C869DF0C0 49] Android_Mali_G76_Vulkan, [0000015C92FE7600][0000015C869E3200 49] Android_Mali_G77, [0000015C9303A200][0000015C869E7340 49] Android_Mali_G77_Vulkan, [0000015C92FE5200][0000015C869EF4C0 49] Android_Mali_G78, [0000015C93038A00][0000015C869F3640 49] Android_Mali_G78_Vulkan, [0000015C92FE7000][0000015C86A217C0 49] Android_Mali_G710, [0000015C93039400][0000015C86A25940 49] Android_Mali_G710_Vulkan, [0000015C92FE4700][0000015C865E1AC0 49] Android_Vulkan_SM5, [0000015C93039800][0000015C865E40C0 49] Android_PowerVR_G6xxx, [0000015C92FE4E00][0000015C865E8240 49] Android_PowerVR_GT7xxx, [0000015C93038200][0000015C865EC3C0 49] Android_PowerVR_GE8xxx, [0000015C92FE4600][0000015C865F0540 49] Android_PowerVR_GM9xxx, [0000015C9303A600][0000015C865F46C0 49] Android_PowerVR_GM9xxx_Vulkan, [0000015C92FECF00][0000015C865F8840 49] Android_TegraK1, [0000015C9303AA00][0000015C865FC9C0 49] Android_Unknown_Vulkan, [0000015C92FECD00][0000015C86600B40 49] Lumin, [0000015C93039200][0000015C86604CC0 49] Lumin_Desktop, [0000015C92FECB00][0000015C86608E40 49] HoloLens, 
[2025.09.30-04.23.06:909][  0]LogMeshReduction: Using QuadricMeshReduction for automatic static mesh reduction
[2025.09.30-04.23.06:909][  0]LogMeshReduction: Using SimplygonMeshReduction for automatic skeletal mesh reduction
[2025.09.30-04.23.06:909][  0]LogMeshReduction: Using ProxyLODMeshReduction for automatic mesh merging
[2025.09.30-04.23.06:909][  0]LogMeshReduction: No distributed automatic mesh merging module available
[2025.09.30-04.23.06:909][  0]LogMeshMerging: No distributed automatic mesh merging module available
[2025.09.30-04.23.06:924][  0]LogNetVersion: TasteOfMadness 1.0.0, NetCL: 17155196, EngineNetVer: 17, GameNetVer: 0 (Checksum: 3999798361)
[2025.09.30-04.23.07:266][  0]LogTexture: Default maximum texture size for cubemaps generated from long-lat sources has been changed from 512 to unlimited. In order to preserve old behaiour for '/Engine/MapTemplates/Sky/DaylightAmbientCubemap.DaylightAmbientCubemap', its maximum texture size has been explicitly set to 512.
[2025.09.30-04.23.07:315][  0]LogHMD: PokeAHoleMaterial loaded successfully
[2025.09.30-04.23.07:319][  0]LogUObjectArray: 17178 objects as part of root set at end of initial load.
[2025.09.30-04.23.07:319][  0]LogUObjectAllocator: 4302048 out of 0 bytes used by permanent object pool.
[2025.09.30-04.23.07:319][  0]LogUObjectArray: CloseDisregardForGC: 0/0 objects in disregard for GC pool
[2025.09.30-04.23.07:587][  0]LogNiagaraDebuggerClient: Niagara Debugger Client Initialized | Session: CF0EC3F3466308AE57A12CABE934A5EE | Instance: 79F1233F464BFBCB14287B8DFF530C14 (LEGIÓN_G-32524).
[2025.09.30-04.23.07:619][  0]LogPython: Using Python 3.7.7
[2025.09.30-04.23.08:087][  0]LogTcpMessaging: Initializing TcpMessaging bridge
[2025.09.30-04.23.08:092][  0]LogUdpMessaging: Initializing bridge on interface 0.0.0.0:0 to multicast group 230.0.0.1:6666.
[2025.09.30-04.23.08:280][  0]SourceControl: Source control is disabled
[2025.09.30-04.23.08:280][  0]SourceControl: Source control is disabled
[2025.09.30-04.23.08:283][  0]SourceControl: Source control is disabled
[2025.09.30-04.23.08:288][  0]SourceControl: Source control is disabled
[2025.09.30-04.23.08:291][  0]SourceControl: Source control is disabled
[2025.09.30-04.23.08:302][  0]LogUProjectInfo: Found projects:
[2025.09.30-04.23.08:445][  0]LogOpenImageDenoise: OIDN starting up
[2025.09.30-04.23.08:488][  0]LogAndroidPermission: UAndroidPermissionCallbackProxy::GetInstance
[2025.09.30-04.23.08:511][  0]LogAudioCaptureCore: Display: No Audio Capture implementations found. Audio input will be silent.
[2025.09.30-04.23.08:511][  0]LogAudioCaptureCore: Display: No Audio Capture implementations found. Audio input will be silent.
[2025.09.30-04.23.08:619][  0]LogCollectionManager: Loaded 0 collections in 0.000554 seconds
[2025.09.30-04.23.08:640][  0]LogFileCache: Scanning file cache for directory 'F:/Proyectos UE 4.27/TasteOfMadness/TasteOfMadness/Saved/Collections/' took 0.00s
[2025.09.30-04.23.08:640][  0]LogFileCache: Scanning file cache for directory 'F:/Proyectos UE 4.27/TasteOfMadness/TasteOfMadness/Content/Developers/gerar/Collections/' took 0.00s
[2025.09.30-04.23.08:640][  0]LogFileCache: Scanning file cache for directory 'F:/Proyectos UE 4.27/TasteOfMadness/TasteOfMadness/Content/Collections/' took 0.00s
[2025.09.30-04.23.08:640][  0]LogOcInput: OculusInput pre-init called
[2025.09.30-04.23.08:838][  0]LogEngine: Initializing Engine...
[2025.09.30-04.23.08:844][  0]LogHMD: Failed to enumerate extensions. Please check that you have a valid OpenXR runtime installed.
[2025.09.30-04.23.08:845][  0]LogHMD: Failed to initialize OpenVR with code 110
[2025.09.30-04.23.08:845][  0]LogMagicLeap: Warning: VR disabled because ZI is not enabled.  To enable, in the editor, Edit -> Project Settings -> Plugins -> Magic Leap Plugin -> Enable Zero Iteration
[2025.09.30-04.23.08:846][  0]LogStats: UGameplayTagsManager::InitializeManager -  0.000 s
[2025.09.30-04.23.08:937][  0]LogInit: Initializing FReadOnlyCVARCache
[2025.09.30-04.23.08:946][  0]LogAIModule: Creating AISystem for world Untitled
[2025.09.30-04.23.08:947][  0]LogAudio: Display: Initializing Audio Device Manager...
[2025.09.30-04.23.08:949][  0]LogAudio: Display: Loading Default Audio Settings Objects...
[2025.09.30-04.23.08:950][  0]LogAudio: Display: No default SoundConcurrencyObject specified (or failed to load).
[2025.09.30-04.23.08:950][  0]LogAudio: Display: Audio Device Manager Initialized
[2025.09.30-04.23.08:950][  0]LogAudio: Display: Creating Audio Device:                 Id: 1, Scope: Shared, Realtime: True
[2025.09.30-04.23.08:950][  0]LogAudioMixer: Display: Audio Mixer Platform Settings:
[2025.09.30-04.23.08:950][  0]LogAudioMixer: Display: 	Sample Rate:						  48000
[2025.09.30-04.23.08:950][  0]LogAudioMixer: Display: 	Callback Buffer Frame Size Requested: 1024
[2025.09.30-04.23.08:950][  0]LogAudioMixer: Display: 	Callback Buffer Frame Size To Use:	  1024
[2025.09.30-04.23.08:950][  0]LogAudioMixer: Display: 	Number of buffers to queue:			  2
[2025.09.30-04.23.08:950][  0]LogAudioMixer: Display: 	Max Channels (voices):				  32
[2025.09.30-04.23.08:950][  0]LogAudioMixer: Display: 	Number of Async Source Workers:		  0
[2025.09.30-04.23.08:950][  0]LogAudio: Display: AudioDevice MaxSources: 32
[2025.09.30-04.23.08:951][  0]LogAudio: Display: Audio Spatialization Plugin: None (built-in).
[2025.09.30-04.23.08:951][  0]LogAudio: Display: Audio Reverb Plugin: None (built-in).
[2025.09.30-04.23.08:951][  0]LogAudio: Display: Audio Occlusion Plugin: None (built-in).
[2025.09.30-04.23.08:951][  0]LogAudioMixer: Display: Initializing audio mixer.
[2025.09.30-04.23.08:960][  0]LogAudioMixer: Display: 0: FrontLeft
[2025.09.30-04.23.08:960][  0]LogAudioMixer: Display: 1: FrontRight
[2025.09.30-04.23.09:116][  0]LogAudioMixer: Display: Using Audio Device Altavoces (Realtek(R) Audio)
[2025.09.30-04.23.09:119][  0]LogAudioMixer: Display: Initializing Sound Submixes...
[2025.09.30-04.23.09:122][  0]LogAudioMixer: Display: Creating Master Submix 'MasterSubmixDefault'
[2025.09.30-04.23.09:122][  0]LogAudioMixer: Display: Creating Master Submix 'MasterReverbSubmixDefault'
[2025.09.30-04.23.09:123][  0]LogAudioMixer: Display: Creating Master Submix 'MasterEQSubmixDefault'
[2025.09.30-04.23.09:123][  0]LogAudioMixer: FMixerPlatformXAudio2::StartAudioStream() called
[2025.09.30-04.23.09:123][  0]LogAudioMixer: Display: Output buffers initialized: Frames=1024, Channels=2, Samples=2048
[2025.09.30-04.23.09:123][  0]LogAudioMixer: Display: Starting AudioMixerPlatformInterface::RunInternal()
[2025.09.30-04.23.09:123][  0]LogAudioMixer: Display: FMixerPlatformXAudio2::SubmitBuffer() called for the first time
[2025.09.30-04.23.09:123][  0]LogInit: FAudioDevice initialized.
[2025.09.30-04.23.09:123][  0]LogAudio: Display: Audio Device (ID: 1) registered with world 'Untitled'.
[2025.09.30-04.23.09:123][  0]LogNetVersion: Set ProjectVersion to 1.0.0.0. Version Checksum will be recalculated on next use.
[2025.09.30-04.23.09:187][  0]LogDerivedDataCache: Saved boot cache 0.06s 94MB C:/Users/gerar/AppData/Local/UnrealEngine/4.27/DerivedDataCache/Boot.ddc.
[2025.09.30-04.23.09:187][  0]LogInit: Texture streaming: Enabled
[2025.09.30-04.23.09:199][  0]LogAnalytics: Display: [UEEditor.Rocket.Release] APIServer = https://datarouter.ol.epicgames.com/. AppVersion = 4.27.2-18319896+++UE4+Release-4.27
[2025.09.30-04.23.09:203][  0]LogEngineSessionManager: EngineSessionManager initialized
[2025.09.30-04.23.09:203][  0]LogEditorSessionSummary: Verbose: Initializing EditorSessionSummaryWriter for editor session tracking
[2025.09.30-04.23.09:206][  0]LogEditorSessionSummary: EditorSessionSummaryWriter initialized
[2025.09.30-04.23.09:229][  0]LogInit: Transaction tracking system initialized
[2025.09.30-04.23.09:250][  0]BlueprintLog: New page: Editor Load
[2025.09.30-04.23.09:307][  0]LocalizationService: Localization service is disabled
[2025.09.30-04.23.09:329][  0]TimingProfiler: Initialize
[2025.09.30-04.23.09:329][  0]TimingProfiler: OnSessionChanged
[2025.09.30-04.23.09:329][  0]LoadingProfiler: Initialize
[2025.09.30-04.23.09:329][  0]LoadingProfiler: OnSessionChanged
[2025.09.30-04.23.09:329][  0]NetworkingProfiler: Initialize
[2025.09.30-04.23.09:329][  0]NetworkingProfiler: OnSessionChanged
[2025.09.30-04.23.09:329][  0]MemoryProfiler: Initialize
[2025.09.30-04.23.09:329][  0]MemoryProfiler: OnSessionChanged
[2025.09.30-04.23.09:457][  0]LogCook: Display: CookSettings for Memory: MemoryMaxUsedVirtual 0MiB, MemoryMaxUsedPhysical 16384MiB, MemoryMinFreeVirtual 0MiB, MemoryMinFreePhysical 1024MiB
[2025.09.30-04.23.09:457][  0]LogCook: Display: Mobile HDR setting 1
[2025.09.30-04.23.09:565][  0]LogFileCache: Scanning file cache for directory 'F:/Proyectos UE 4.27/TasteOfMadness/TasteOfMadness/Content/' took 0.00s
[2025.09.30-04.23.09:804][  0]LogInit: Display: Engine is initialized. Leaving FEngineLoop::Init()
[2025.09.30-04.23.09:807][  0]SourceControl: Source control is disabled
[2025.09.30-04.23.09:807][  0]LogUnrealEdMisc: Loading editor; pre map load, took 6.521
[2025.09.30-04.23.09:807][  0]Cmd: MAP LOAD FILE="../../../../../Proyectos UE 4.27/TasteOfMadness/TasteOfMadness/Content/ThirdPersonBP/Maps/ThirdPersonExampleMap.umap" TEMPLATE=0 SHOWPROGRESS=1 FEATURELEVEL=3
[2025.09.30-04.23.09:807][  0]LightingResults: New page: Lighting Build
[2025.09.30-04.23.09:808][  0]LogWorld: UWorld::CleanupWorld for Untitled, bSessionEnded=true, bCleanupResources=true
[2025.09.30-04.23.09:808][  0]LogSlate: InvalidateAllWidgets triggered.  All widgets were invalidated
[2025.09.30-04.23.09:808][  0]MapCheck: New page: Map Check
[2025.09.30-04.23.09:808][  0]LightingResults: New page: Lighting Build
[2025.09.30-04.23.09:812][  0]LogAudio: Display: Audio Device unregistered from world 'None'.
[2025.09.30-04.23.09:815][  0]LogUObjectHash: Compacting FUObjectHashTables data took   0.58ms
[2025.09.30-04.23.09:907][  0]LogLinker: Warning: [AssetLog] F:\Proyectos UE 4.27\TasteOfMadness\TasteOfMadness\Content\Props\BP_Table.uasset: Failed to load '/Game/Characters/Content_Enemies/Vidrio/Meshes/Cube': Can't find file.
[2025.09.30-04.23.09:907][  0]LogLinker: Warning: [AssetLog] F:\Proyectos UE 4.27\TasteOfMadness\TasteOfMadness\Content\Props\BP_Table.uasset: Failed to load '/Game/Characters/Content_Enemies/Vidrio/Meshes/Cube': Can't find file.
[2025.09.30-04.23.09:907][  0]LogLinker: Warning: [AssetLog] F:\Proyectos UE 4.27\TasteOfMadness\TasteOfMadness\Content\Props\BP_Table.uasset: Failed to load '/Game/Characters/Content_Enemies/Vidrio/Meshes/Cube': Can't find file.
[2025.09.30-04.23.09:907][  0]LogLinker: Warning: [AssetLog] F:\Proyectos UE 4.27\TasteOfMadness\TasteOfMadness\Content\ThirdPersonBP\Maps\ThirdPersonExampleMap.umap: Failed to load '/Game/Characters/Content_Enemies/Vidrio/Meshes/Cube': Can't find file.
[2025.09.30-04.23.09:907][  0]LogLinker: Warning: [AssetLog] F:\Proyectos UE 4.27\TasteOfMadness\TasteOfMadness\Content\ThirdPersonBP\Maps\ThirdPersonExampleMap.umap: Failed to load '/Game/Characters/Content_Enemies/Vidrio/Meshes/Cube': Can't find file.
[2025.09.30-04.23.09:907][  0]LogLinker: Warning: [AssetLog] F:\Proyectos UE 4.27\TasteOfMadness\TasteOfMadness\Content\ThirdPersonBP\Maps\ThirdPersonExampleMap.umap: Failed to load '/Game/Characters/Content_Enemies/Vidrio/Meshes/Cube': Can't find file.
[2025.09.30-04.23.09:907][  0]LoadErrors: Failed to load /Game/Characters/Content_Enemies/Vidrio/Meshes/Cube.Cube Referenced by Cube_GEN_VARIABLE
[2025.09.30-04.23.09:908][  0]LogLinker: Warning: [AssetLog] F:\Proyectos UE 4.27\TasteOfMadness\TasteOfMadness\Content\ThirdPersonBP\Maps\ThirdPersonExampleMap.umap: Failed to load '/Game/Characters/Content_Enemies/Vidrio/Meshes/Cube': Can't find file.
[2025.09.30-04.23.09:908][  0]LoadErrors: Failed to load /Game/Characters/Content_Enemies/Vidrio/Meshes/Cube.Cube Referenced by Cube1_GEN_VARIABLE
[2025.09.30-04.23.10:121][  0]LogAudio: Display: Audio Device (ID: 1) registered with world 'ThirdPersonExampleMap'.
[2025.09.30-04.23.10:122][  0]LogAIModule: Creating AISystem for world ThirdPersonExampleMap
[2025.09.30-04.23.10:133][  0]LogEditorServer: Finished looking for orphan Actors (0.000 secs)
[2025.09.30-04.23.10:141][  0]LogUObjectHash: Compacting FUObjectHashTables data took   1.14ms
[2025.09.30-04.23.10:141][  0]Cmd: MAP CHECKDEP NOCLEARLOG
[2025.09.30-04.23.10:143][  0]MapCheck: Map check complete: 0 Error(s), 0 Warning(s), took 0.172ms to complete.
[2025.09.30-04.23.10:143][  0]LogFileHelpers: Loading map 'ThirdPersonExampleMap' took 0.336
[2025.09.30-04.23.10:146][  0]LogUnrealEdMisc: Total Editor Startup Time, took 6.860
[2025.09.30-04.23.10:263][  0]LogSlate: Updating window title bar state: overlay mode, drag disabled, window buttons hidden, title bar hidden
[2025.09.30-04.23.10:269][  0]LogSlate: Updating window title bar state: overlay mode, drag disabled, window buttons hidden, title bar hidden
[2025.09.30-04.23.10:275][  0]LogSlate: Updating window title bar state: overlay mode, drag disabled, window buttons hidden, title bar hidden
[2025.09.30-04.23.10:279][  0]LogSlate: Updating window title bar state: overlay mode, drag disabled, window buttons hidden, title bar hidden
[2025.09.30-04.23.10:300][  0]LogNativeClassHierarchy: Verbose: Native class hierarchy populated in 0.0081 seconds. Added 3822 classes and 928 folders.
[2025.09.30-04.23.10:305][  0]LogNativeClassHierarchy: Verbose: Native class hierarchy updated for 'WidgetCarousel' in 0.0003 seconds. Added 0 classes and 0 folders.
[2025.09.30-04.23.10:310][  0]LogPakFile: PakFile PrimaryIndexSize=187
[2025.09.30-04.23.10:310][  0]LogPakFile: PakFile PathHashIndexSize=101
[2025.09.30-04.23.10:310][  0]LogPakFile: PakFile FullDirectoryIndexSize=148
[2025.09.30-04.23.10:310][  0]LogShaderLibrary: Display: ShaderCodeLibraryPakFileMountedCallback: PakFile 'F:/Games/UE_4.27/FeaturePacks/FP_FirstPerson.upack' (chunk index -1, root 'root:/') mounted
[2025.09.30-04.23.10:310][  0]LogShaderLibrary: Display: ShaderCodeLibraryPakFileMountedCallback: pending pak file info (ChunkID:-1 Root:root:/ File:F:/Games/UE_4.27/FeaturePacks/FP_FirstPerson.upack)
[2025.09.30-04.23.10:310][  0]LogPakFile: OnPakFileMounted2Time == 0.000048
[2025.09.30-04.23.10:312][  0]LogPakFile: PakFile PrimaryIndexSize=189
[2025.09.30-04.23.10:312][  0]LogPakFile: PakFile PathHashIndexSize=101
[2025.09.30-04.23.10:312][  0]LogPakFile: PakFile FullDirectoryIndexSize=152
[2025.09.30-04.23.10:312][  0]LogShaderLibrary: Display: ShaderCodeLibraryPakFileMountedCallback: PakFile 'F:/Games/UE_4.27/FeaturePacks/FP_FirstPersonBP.upack' (chunk index -1, root 'root:/') mounted
[2025.09.30-04.23.10:312][  0]LogShaderLibrary: Display: ShaderCodeLibraryPakFileMountedCallback: pending pak file info (ChunkID:-1 Root:root:/ File:F:/Games/UE_4.27/FeaturePacks/FP_FirstPersonBP.upack)
[2025.09.30-04.23.10:312][  0]LogPakFile: OnPakFileMounted2Time == 0.000030
[2025.09.30-04.23.10:313][  0]LogPakFile: PakFile PrimaryIndexSize=191
[2025.09.30-04.23.10:313][  0]LogPakFile: PakFile PathHashIndexSize=101
[2025.09.30-04.23.10:313][  0]LogPakFile: PakFile FullDirectoryIndexSize=160
[2025.09.30-04.23.10:313][  0]LogShaderLibrary: Display: ShaderCodeLibraryPakFileMountedCallback: PakFile 'F:/Games/UE_4.27/FeaturePacks/MobileStarterContent.upack' (chunk index -1, root 'root:/') mounted
[2025.09.30-04.23.10:313][  0]LogShaderLibrary: Display: ShaderCodeLibraryPakFileMountedCallback: pending pak file info (ChunkID:-1 Root:root:/ File:F:/Games/UE_4.27/FeaturePacks/MobileStarterContent.upack)
[2025.09.30-04.23.10:313][  0]LogPakFile: OnPakFileMounted2Time == 0.000027
[2025.09.30-04.23.10:315][  0]LogPakFile: PakFile PrimaryIndexSize=185
[2025.09.30-04.23.10:315][  0]LogPakFile: PakFile PathHashIndexSize=101
[2025.09.30-04.23.10:315][  0]LogPakFile: PakFile FullDirectoryIndexSize=148
[2025.09.30-04.23.10:315][  0]LogShaderLibrary: Display: ShaderCodeLibraryPakFileMountedCallback: PakFile 'F:/Games/UE_4.27/FeaturePacks/StarterContent.upack' (chunk index -1, root 'root:/') mounted
[2025.09.30-04.23.10:315][  0]LogShaderLibrary: Display: ShaderCodeLibraryPakFileMountedCallback: pending pak file info (ChunkID:-1 Root:root:/ File:F:/Games/UE_4.27/FeaturePacks/StarterContent.upack)
[2025.09.30-04.23.10:315][  0]LogPakFile: OnPakFileMounted2Time == 0.000029
[2025.09.30-04.23.10:316][  0]LogPakFile: PakFile PrimaryIndexSize=190
[2025.09.30-04.23.10:316][  0]LogPakFile: PakFile PathHashIndexSize=101
[2025.09.30-04.23.10:316][  0]LogPakFile: PakFile FullDirectoryIndexSize=154
[2025.09.30-04.23.10:316][  0]LogShaderLibrary: Display: ShaderCodeLibraryPakFileMountedCallback: PakFile 'F:/Games/UE_4.27/FeaturePacks/TP_2DSideScroller.upack' (chunk index -1, root 'root:/') mounted
[2025.09.30-04.23.10:316][  0]LogShaderLibrary: Display: ShaderCodeLibraryPakFileMountedCallback: pending pak file info (ChunkID:-1 Root:root:/ File:F:/Games/UE_4.27/FeaturePacks/TP_2DSideScroller.upack)
[2025.09.30-04.23.10:316][  0]LogPakFile: OnPakFileMounted2Time == 0.000026
[2025.09.30-04.23.10:318][  0]LogPakFile: PakFile PrimaryIndexSize=192
[2025.09.30-04.23.10:318][  0]LogPakFile: PakFile PathHashIndexSize=101
[2025.09.30-04.23.10:318][  0]LogPakFile: PakFile FullDirectoryIndexSize=158
[2025.09.30-04.23.10:318][  0]LogShaderLibrary: Display: ShaderCodeLibraryPakFileMountedCallback: PakFile 'F:/Games/UE_4.27/FeaturePacks/TP_2DSideScrollerBP.upack' (chunk index -1, root 'root:/') mounted
[2025.09.30-04.23.10:318][  0]LogShaderLibrary: Display: ShaderCodeLibraryPakFileMountedCallback: pending pak file info (ChunkID:-1 Root:root:/ File:F:/Games/UE_4.27/FeaturePacks/TP_2DSideScrollerBP.upack)
[2025.09.30-04.23.10:318][  0]LogPakFile: OnPakFileMounted2Time == 0.000027
[2025.09.30-04.23.10:319][  0]LogPakFile: PakFile PrimaryIndexSize=182
[2025.09.30-04.23.10:319][  0]LogPakFile: PakFile PathHashIndexSize=101
[2025.09.30-04.23.10:319][  0]LogPakFile: PakFile FullDirectoryIndexSize=138
[2025.09.30-04.23.10:319][  0]LogShaderLibrary: Display: ShaderCodeLibraryPakFileMountedCallback: PakFile 'F:/Games/UE_4.27/FeaturePacks/TP_Flying.upack' (chunk index -1, root 'root:/') mounted
[2025.09.30-04.23.10:319][  0]LogShaderLibrary: Display: ShaderCodeLibraryPakFileMountedCallback: pending pak file info (ChunkID:-1 Root:root:/ File:F:/Games/UE_4.27/FeaturePacks/TP_Flying.upack)
[2025.09.30-04.23.10:319][  0]LogPakFile: OnPakFileMounted2Time == 0.000024
[2025.09.30-04.23.10:320][  0]LogPakFile: PakFile PrimaryIndexSize=184
[2025.09.30-04.23.10:320][  0]LogPakFile: PakFile PathHashIndexSize=101
[2025.09.30-04.23.10:320][  0]LogPakFile: PakFile FullDirectoryIndexSize=142
[2025.09.30-04.23.10:320][  0]LogShaderLibrary: Display: ShaderCodeLibraryPakFileMountedCallback: PakFile 'F:/Games/UE_4.27/FeaturePacks/TP_FlyingBP.upack' (chunk index -1, root 'root:/') mounted
[2025.09.30-04.23.10:320][  0]LogShaderLibrary: Display: ShaderCodeLibraryPakFileMountedCallback: pending pak file info (ChunkID:-1 Root:root:/ File:F:/Games/UE_4.27/FeaturePacks/TP_FlyingBP.upack)
[2025.09.30-04.23.10:320][  0]LogPakFile: OnPakFileMounted2Time == 0.000044
[2025.09.30-04.23.10:322][  0]LogPakFile: PakFile PrimaryIndexSize=188
[2025.09.30-04.23.10:322][  0]LogPakFile: PakFile PathHashIndexSize=101
[2025.09.30-04.23.10:322][  0]LogPakFile: PakFile FullDirectoryIndexSize=150
[2025.09.30-04.23.10:322][  0]LogShaderLibrary: Display: ShaderCodeLibraryPakFileMountedCallback: PakFile 'F:/Games/UE_4.27/FeaturePacks/TP_HandheldARBP.upack' (chunk index -1, root 'root:/') mounted
[2025.09.30-04.23.10:322][  0]LogShaderLibrary: Display: ShaderCodeLibraryPakFileMountedCallback: pending pak file info (ChunkID:-1 Root:root:/ File:F:/Games/UE_4.27/FeaturePacks/TP_HandheldARBP.upack)
[2025.09.30-04.23.10:322][  0]LogPakFile: OnPakFileMounted2Time == 0.000026
[2025.09.30-04.23.10:324][  0]LogPakFile: PakFile PrimaryIndexSize=182
[2025.09.30-04.23.10:324][  0]LogPakFile: PakFile PathHashIndexSize=101
[2025.09.30-04.23.10:324][  0]LogPakFile: PakFile FullDirectoryIndexSize=138
[2025.09.30-04.23.10:324][  0]LogShaderLibrary: Display: ShaderCodeLibraryPakFileMountedCallback: PakFile 'F:/Games/UE_4.27/FeaturePacks/TP_Puzzle.upack' (chunk index -1, root 'root:/') mounted
[2025.09.30-04.23.10:324][  0]LogShaderLibrary: Display: ShaderCodeLibraryPakFileMountedCallback: pending pak file info (ChunkID:-1 Root:root:/ File:F:/Games/UE_4.27/FeaturePacks/TP_Puzzle.upack)
[2025.09.30-04.23.10:324][  0]LogPakFile: OnPakFileMounted2Time == 0.000024
[2025.09.30-04.23.10:325][  0]LogPakFile: PakFile PrimaryIndexSize=184
[2025.09.30-04.23.10:325][  0]LogPakFile: PakFile PathHashIndexSize=101
[2025.09.30-04.23.10:325][  0]LogPakFile: PakFile FullDirectoryIndexSize=142
[2025.09.30-04.23.10:325][  0]LogShaderLibrary: Display: ShaderCodeLibraryPakFileMountedCallback: PakFile 'F:/Games/UE_4.27/FeaturePacks/TP_PuzzleBP.upack' (chunk index -1, root 'root:/') mounted
[2025.09.30-04.23.10:325][  0]LogShaderLibrary: Display: ShaderCodeLibraryPakFileMountedCallback: pending pak file info (ChunkID:-1 Root:root:/ File:F:/Games/UE_4.27/FeaturePacks/TP_PuzzleBP.upack)
[2025.09.30-04.23.10:325][  0]LogPakFile: OnPakFileMounted2Time == 0.000027
[2025.09.30-04.23.10:326][  0]LogPakFile: PakFile PrimaryIndexSize=183
[2025.09.30-04.23.10:326][  0]LogPakFile: PakFile PathHashIndexSize=101
[2025.09.30-04.23.10:326][  0]LogPakFile: PakFile FullDirectoryIndexSize=140
[2025.09.30-04.23.10:326][  0]LogShaderLibrary: Display: ShaderCodeLibraryPakFileMountedCallback: PakFile 'F:/Games/UE_4.27/FeaturePacks/TP_Rolling.upack' (chunk index -1, root 'root:/') mounted
[2025.09.30-04.23.10:326][  0]LogShaderLibrary: Display: ShaderCodeLibraryPakFileMountedCallback: pending pak file info (ChunkID:-1 Root:root:/ File:F:/Games/UE_4.27/FeaturePacks/TP_Rolling.upack)
[2025.09.30-04.23.10:326][  0]LogPakFile: OnPakFileMounted2Time == 0.000025
[2025.09.30-04.23.10:328][  0]LogPakFile: PakFile PrimaryIndexSize=185
[2025.09.30-04.23.10:328][  0]LogPakFile: PakFile PathHashIndexSize=101
[2025.09.30-04.23.10:328][  0]LogPakFile: PakFile FullDirectoryIndexSize=144
[2025.09.30-04.23.10:328][  0]LogShaderLibrary: Display: ShaderCodeLibraryPakFileMountedCallback: PakFile 'F:/Games/UE_4.27/FeaturePacks/TP_RollingBP.upack' (chunk index -1, root 'root:/') mounted
[2025.09.30-04.23.10:328][  0]LogShaderLibrary: Display: ShaderCodeLibraryPakFileMountedCallback: pending pak file info (ChunkID:-1 Root:root:/ File:F:/Games/UE_4.27/FeaturePacks/TP_RollingBP.upack)
[2025.09.30-04.23.10:328][  0]LogPakFile: OnPakFileMounted2Time == 0.000026
[2025.09.30-04.23.10:329][  0]LogPakFile: PakFile PrimaryIndexSize=188
[2025.09.30-04.23.10:329][  0]LogPakFile: PakFile PathHashIndexSize=101
[2025.09.30-04.23.10:329][  0]LogPakFile: PakFile FullDirectoryIndexSize=150
[2025.09.30-04.23.10:329][  0]LogShaderLibrary: Display: ShaderCodeLibraryPakFileMountedCallback: PakFile 'F:/Games/UE_4.27/FeaturePacks/TP_SideScroller.upack' (chunk index -1, root 'root:/') mounted
[2025.09.30-04.23.10:329][  0]LogShaderLibrary: Display: ShaderCodeLibraryPakFileMountedCallback: pending pak file info (ChunkID:-1 Root:root:/ File:F:/Games/UE_4.27/FeaturePacks/TP_SideScroller.upack)
[2025.09.30-04.23.10:329][  0]LogPakFile: OnPakFileMounted2Time == 0.000025
[2025.09.30-04.23.10:331][  0]LogPakFile: PakFile PrimaryIndexSize=190
[2025.09.30-04.23.10:331][  0]LogPakFile: PakFile PathHashIndexSize=101
[2025.09.30-04.23.10:331][  0]LogPakFile: PakFile FullDirectoryIndexSize=154
[2025.09.30-04.23.10:331][  0]LogShaderLibrary: Display: ShaderCodeLibraryPakFileMountedCallback: PakFile 'F:/Games/UE_4.27/FeaturePacks/TP_SideScrollerBP.upack' (chunk index -1, root 'root:/') mounted
[2025.09.30-04.23.10:331][  0]LogShaderLibrary: Display: ShaderCodeLibraryPakFileMountedCallback: pending pak file info (ChunkID:-1 Root:root:/ File:F:/Games/UE_4.27/FeaturePacks/TP_SideScrollerBP.upack)
[2025.09.30-04.23.10:331][  0]LogPakFile: OnPakFileMounted2Time == 0.000027
[2025.09.30-04.23.10:331][  0]LogPakFile: PakFile PrimaryIndexSize=187
[2025.09.30-04.23.10:333][  0]LogPakFile: PakFile PathHashIndexSize=101
[2025.09.30-04.23.10:333][  0]LogPakFile: PakFile FullDirectoryIndexSize=148
[2025.09.30-04.23.10:333][  0]LogShaderLibrary: Display: ShaderCodeLibraryPakFileMountedCallback: PakFile 'F:/Games/UE_4.27/FeaturePacks/TP_ThirdPerson.upack' (chunk index -1, root 'root:/') mounted
[2025.09.30-04.23.10:333][  0]LogShaderLibrary: Display: ShaderCodeLibraryPakFileMountedCallback: pending pak file info (ChunkID:-1 Root:root:/ File:F:/Games/UE_4.27/FeaturePacks/TP_ThirdPerson.upack)
[2025.09.30-04.23.10:333][  0]LogPakFile: OnPakFileMounted2Time == 0.000025
[2025.09.30-04.23.10:333][  0]LogPakFile: PakFile PrimaryIndexSize=189
[2025.09.30-04.23.10:333][  0]LogPakFile: PakFile PathHashIndexSize=101
[2025.09.30-04.23.10:333][  0]LogPakFile: PakFile FullDirectoryIndexSize=152
[2025.09.30-04.23.10:333][  0]LogShaderLibrary: Display: ShaderCodeLibraryPakFileMountedCallback: PakFile 'F:/Games/UE_4.27/FeaturePacks/TP_ThirdPersonBP.upack' (chunk index -1, root 'root:/') mounted
[2025.09.30-04.23.10:333][  0]LogShaderLibrary: Display: ShaderCodeLibraryPakFileMountedCallback: pending pak file info (ChunkID:-1 Root:root:/ File:F:/Games/UE_4.27/FeaturePacks/TP_ThirdPersonBP.upack)
[2025.09.30-04.23.10:333][  0]LogPakFile: OnPakFileMounted2Time == 0.000024
[2025.09.30-04.23.10:335][  0]LogPakFile: PakFile PrimaryIndexSize=183
[2025.09.30-04.23.10:335][  0]LogPakFile: PakFile PathHashIndexSize=101
[2025.09.30-04.23.10:335][  0]LogPakFile: PakFile FullDirectoryIndexSize=140
[2025.09.30-04.23.10:335][  0]LogShaderLibrary: Display: ShaderCodeLibraryPakFileMountedCallback: PakFile 'F:/Games/UE_4.27/FeaturePacks/TP_TopDown.upack' (chunk index -1, root 'root:/') mounted
[2025.09.30-04.23.10:335][  0]LogShaderLibrary: Display: ShaderCodeLibraryPakFileMountedCallback: pending pak file info (ChunkID:-1 Root:root:/ File:F:/Games/UE_4.27/FeaturePacks/TP_TopDown.upack)
[2025.09.30-04.23.10:335][  0]LogPakFile: OnPakFileMounted2Time == 0.000028
[2025.09.30-04.23.10:336][  0]LogPakFile: PakFile PrimaryIndexSize=185
[2025.09.30-04.23.10:336][  0]LogPakFile: PakFile PathHashIndexSize=101
[2025.09.30-04.23.10:336][  0]LogPakFile: PakFile FullDirectoryIndexSize=144
[2025.09.30-04.23.10:336][  0]LogShaderLibrary: Display: ShaderCodeLibraryPakFileMountedCallback: PakFile 'F:/Games/UE_4.27/FeaturePacks/TP_TopDownBP.upack' (chunk index -1, root 'root:/') mounted
[2025.09.30-04.23.10:336][  0]LogShaderLibrary: Display: ShaderCodeLibraryPakFileMountedCallback: pending pak file info (ChunkID:-1 Root:root:/ File:F:/Games/UE_4.27/FeaturePacks/TP_TopDownBP.upack)
[2025.09.30-04.23.10:336][  0]LogPakFile: OnPakFileMounted2Time == 0.000028
[2025.09.30-04.23.10:337][  0]LogPakFile: PakFile PrimaryIndexSize=185
[2025.09.30-04.23.10:337][  0]LogPakFile: PakFile PathHashIndexSize=101
[2025.09.30-04.23.10:337][  0]LogPakFile: PakFile FullDirectoryIndexSize=144
[2025.09.30-04.23.10:337][  0]LogShaderLibrary: Display: ShaderCodeLibraryPakFileMountedCallback: PakFile 'F:/Games/UE_4.27/FeaturePacks/TP_TwinStick.upack' (chunk index -1, root 'root:/') mounted
[2025.09.30-04.23.10:337][  0]LogShaderLibrary: Display: ShaderCodeLibraryPakFileMountedCallback: pending pak file info (ChunkID:-1 Root:root:/ File:F:/Games/UE_4.27/FeaturePacks/TP_TwinStick.upack)
[2025.09.30-04.23.10:337][  0]LogPakFile: OnPakFileMounted2Time == 0.000026
[2025.09.30-04.23.10:339][  0]LogPakFile: PakFile PrimaryIndexSize=187
[2025.09.30-04.23.10:339][  0]LogPakFile: PakFile PathHashIndexSize=101
[2025.09.30-04.23.10:339][  0]LogPakFile: PakFile FullDirectoryIndexSize=148
[2025.09.30-04.23.10:339][  0]LogShaderLibrary: Display: ShaderCodeLibraryPakFileMountedCallback: PakFile 'F:/Games/UE_4.27/FeaturePacks/TP_TwinStickBP.upack' (chunk index -1, root 'root:/') mounted
[2025.09.30-04.23.10:339][  0]LogShaderLibrary: Display: ShaderCodeLibraryPakFileMountedCallback: pending pak file info (ChunkID:-1 Root:root:/ File:F:/Games/UE_4.27/FeaturePacks/TP_TwinStickBP.upack)
[2025.09.30-04.23.10:339][  0]LogPakFile: OnPakFileMounted2Time == 0.000026
[2025.09.30-04.23.10:340][  0]LogPakFile: PakFile PrimaryIndexSize=183
[2025.09.30-04.23.10:340][  0]LogPakFile: PakFile PathHashIndexSize=101
[2025.09.30-04.23.10:340][  0]LogPakFile: PakFile FullDirectoryIndexSize=140
[2025.09.30-04.23.10:340][  0]LogShaderLibrary: Display: ShaderCodeLibraryPakFileMountedCallback: PakFile 'F:/Games/UE_4.27/FeaturePacks/TP_Vehicle.upack' (chunk index -1, root 'root:/') mounted
[2025.09.30-04.23.10:340][  0]LogShaderLibrary: Display: ShaderCodeLibraryPakFileMountedCallback: pending pak file info (ChunkID:-1 Root:root:/ File:F:/Games/UE_4.27/FeaturePacks/TP_Vehicle.upack)
[2025.09.30-04.23.10:340][  0]LogPakFile: OnPakFileMounted2Time == 0.000023
[2025.09.30-04.23.10:341][  0]LogPakFile: PakFile PrimaryIndexSize=186
[2025.09.30-04.23.10:341][  0]LogPakFile: PakFile PathHashIndexSize=101
[2025.09.30-04.23.10:341][  0]LogPakFile: PakFile FullDirectoryIndexSize=146
[2025.09.30-04.23.10:341][  0]LogShaderLibrary: Display: ShaderCodeLibraryPakFileMountedCallback: PakFile 'F:/Games/UE_4.27/FeaturePacks/TP_VehicleAdv.upack' (chunk index -1, root 'root:/') mounted
[2025.09.30-04.23.10:341][  0]LogShaderLibrary: Display: ShaderCodeLibraryPakFileMountedCallback: pending pak file info (ChunkID:-1 Root:root:/ File:F:/Games/UE_4.27/FeaturePacks/TP_VehicleAdv.upack)
[2025.09.30-04.23.10:341][  0]LogPakFile: OnPakFileMounted2Time == 0.000024
[2025.09.30-04.23.10:343][  0]LogPakFile: PakFile PrimaryIndexSize=188
[2025.09.30-04.23.10:343][  0]LogPakFile: PakFile PathHashIndexSize=101
[2025.09.30-04.23.10:343][  0]LogPakFile: PakFile FullDirectoryIndexSize=150
[2025.09.30-04.23.10:343][  0]LogShaderLibrary: Display: ShaderCodeLibraryPakFileMountedCallback: PakFile 'F:/Games/UE_4.27/FeaturePacks/TP_VehicleAdvBP.upack' (chunk index -1, root 'root:/') mounted
[2025.09.30-04.23.10:343][  0]LogShaderLibrary: Display: ShaderCodeLibraryPakFileMountedCallback: pending pak file info (ChunkID:-1 Root:root:/ File:F:/Games/UE_4.27/FeaturePacks/TP_VehicleAdvBP.upack)
[2025.09.30-04.23.10:343][  0]LogPakFile: OnPakFileMounted2Time == 0.000047
[2025.09.30-04.23.10:344][  0]LogPakFile: PakFile PrimaryIndexSize=185
[2025.09.30-04.23.10:344][  0]LogPakFile: PakFile PathHashIndexSize=101
[2025.09.30-04.23.10:344][  0]LogPakFile: PakFile FullDirectoryIndexSize=144
[2025.09.30-04.23.10:344][  0]LogShaderLibrary: Display: ShaderCodeLibraryPakFileMountedCallback: PakFile 'F:/Games/UE_4.27/FeaturePacks/TP_VehicleBP.upack' (chunk index -1, root 'root:/') mounted
[2025.09.30-04.23.10:344][  0]LogShaderLibrary: Display: ShaderCodeLibraryPakFileMountedCallback: pending pak file info (ChunkID:-1 Root:root:/ File:F:/Games/UE_4.27/FeaturePacks/TP_VehicleBP.upack)
[2025.09.30-04.23.10:344][  0]LogPakFile: OnPakFileMounted2Time == 0.000029
[2025.09.30-04.23.10:346][  0]LogPakFile: PakFile PrimaryIndexSize=192
[2025.09.30-04.23.10:346][  0]LogPakFile: PakFile PathHashIndexSize=101
[2025.09.30-04.23.10:346][  0]LogPakFile: PakFile FullDirectoryIndexSize=158
[2025.09.30-04.23.10:346][  0]LogShaderLibrary: Display: ShaderCodeLibraryPakFileMountedCallback: PakFile 'F:/Games/UE_4.27/FeaturePacks/TP_VirtualRealityBP.upack' (chunk index -1, root 'root:/') mounted
[2025.09.30-04.23.10:346][  0]LogShaderLibrary: Display: ShaderCodeLibraryPakFileMountedCallback: pending pak file info (ChunkID:-1 Root:root:/ File:F:/Games/UE_4.27/FeaturePacks/TP_VirtualRealityBP.upack)
[2025.09.30-04.23.10:346][  0]LogPakFile: OnPakFileMounted2Time == 0.000023
[2025.09.30-04.23.10:456][  0]LogNativeClassHierarchy: Verbose: Native class hierarchy updated for 'AddContentDialog' in 0.0002 seconds. Added 0 classes and 0 folders.
[2025.09.30-04.23.10:465][  0]LogNativeClassHierarchy: Verbose: Native class hierarchy updated for 'SceneOutliner' in 0.0003 seconds. Added 2 classes and 0 folders.
[2025.09.30-04.23.10:509][  0]LogSlate: Took 0.000284 seconds to synchronously load lazily loaded font '../../../Engine/Content/Slate/Fonts/Roboto-Regular.ttf' (155K)
[2025.09.30-04.23.10:511][  0]LogSlate: Took 0.000952 seconds to synchronously load lazily loaded font '../../../Engine/Content/Editor/Slate/Fonts/FontAwesome.ttf' (139K)
[2025.09.30-04.23.10:512][  0]LogSlate: Took 0.000241 seconds to synchronously load lazily loaded font '../../../Engine/Content/Slate/Fonts/Roboto-Bold.ttf' (160K)
[2025.09.30-04.23.10:586][  0]LogRenderer: Reallocating scene render targets to support 1180x568 Format 10 NumSamples 1 (Frame:1).
[2025.09.30-04.23.10:787][  0]LogNativeClassHierarchy: Verbose: Native class hierarchy updated for 'HierarchicalLODOutliner' in 0.0003 seconds. Added 0 classes and 0 folders.
[2025.09.30-04.23.10:789][  0]LogLoad: (Engine Initialization) Total time: 7.50 seconds
[2025.09.30-04.23.10:789][  0]LogLoad: (Engine Initialization) Total Blueprint compile time: 0.00 seconds
[2025.09.30-04.23.10:833][  0]LogAssetRegistry: Asset discovery search completed in 4.2667 seconds
[2025.09.30-04.23.10:839][  0]LogCollectionManager: Fixed up redirectors for 0 collections in 0.000003 seconds (updated 0 objects)
[2025.09.30-04.23.10:840][  0]LogContentStreaming: Texture pool size now 1000 MB
[2025.09.30-04.23.10:875][  0]LogSlate: Took 0.000599 seconds to synchronously load lazily loaded font '../../../Engine/Content/Slate/Fonts/DroidSansMono.ttf' (77K)
[2025.09.30-04.23.11:024][  3]LogSlate: Took 0.000634 seconds to synchronously load lazily loaded font '../../../Engine/Content/Slate/Fonts/Roboto-Light.ttf' (167K)
[2025.09.30-04.23.57:937][818]LogSlate: Window 'Message Log' being destroyed
[2025.09.30-04.23.57:944][818]LogSlate: Window 'Message Log' being destroyed
[2025.09.30-04.23.59:071][886]MapCheck: New page: Map Check
[2025.09.30-04.23.59:087][886]Cmd: MAP REBUILD ALLVISIBLE
[2025.09.30-04.23.59:087][886]LogEditorServer: Rebuildmap Clear paths rebuilt
[2025.09.30-04.23.59:092][886]LogWorld: UWorld::CleanupWorld for ThirdPersonExampleMap, bSessionEnded=true, bCleanupResources=false
[2025.09.30-04.23.59:102][886]LogNavigationDataBuild: Display: UNavigationSystemV1::Build started...
[2025.09.30-04.23.59:102][886]LogNavigationDataBuild: Display:    Building navigation data using PHYSICS_INTERFACE_PHYSX.
[2025.09.30-04.23.59:102][886]LogNavigationDataBuild: Display:    Building navigation data using WITH_PHYSX.
[2025.09.30-04.23.59:102][886]LogNavigationDataBuild: Display:    Building NavData:  Name Default class /Script/NavigationSystem.RecastNavMesh agent radius 35.0.
[2025.09.30-04.23.59:105][886]LogNavigationDataBuild: Display: UNavigationSystemV1::Build total execution time: 0.00s
[2025.09.30-04.23.59:110][886]LogUObjectHash: Compacting FUObjectHashTables data took   0.63ms
[2025.09.30-04.23.59:154][886]LogLevel: Display: Export Material TexCoord Scales took 0.043 seconds.
[2025.09.30-04.23.59:155][886]TextureStreamingBuild: Display: Build Texture Streaming took 0.001 seconds.
[2025.09.30-04.23.59:159][886]LogUObjectHash: Compacting FUObjectHashTables data took   0.20ms
[2025.09.30-04.23.59:165][886]LightingResults: New page: Lighting Build - 29 sep. 2025 17:23:59
[2025.09.30-04.23.59:196][886]LogSwarmInterface: [OpenConnection] Registering TCP channel ...
[2025.09.30-04.23.59:262][886]LogSwarmInterface: [OpenConnection] Connecting to agent ...
[2025.09.30-04.23.59:274][886]LogSwarmInterface: [TryOpenConnection] Testing the Agent
[2025.09.30-04.23.59:789][886]LogSwarmInterface: [TryOpenConnection] Opening Connection to Agent
[2025.09.30-04.23.59:789][886]LogSwarmInterface: [TryOpenConnection] Local Process ID is 32524
[2025.09.30-04.24.03:169][886]LogStaticLightingSystem: Running Lightmass w/ ImmediateImport mode ENABLED
[2025.09.30-04.24.03:170][886]LogStaticLightingSystem: Running Lightmass w/ ImmediateProcess mode ENABLED
[2025.09.30-04.24.03:170][886]LogStaticLightingSystem: Running Lightmass w/ Sorting mode ENABLED
[2025.09.30-04.24.03:170][886]LogStaticLightingSystem: Running Lightmass w/ Mapping paddings ENABLED
[2025.09.30-04.24.03:170][886]LogStaticLightingSystem: Running Lightmass w/ Mapping debug paddings DISABLED
[2025.09.30-04.24.03:364][886]Cmd: MAP CHECK DONTDISPLAYDIALOG
[2025.09.30-04.24.03:365][886]MapCheck: New page: ThirdPersonExampleMap - 29 sep. 2025 17:24:03
[2025.09.30-04.24.03:365][886]MapCheck: Error: WorldInfo_0 Maps need lighting rebuilt 
[2025.09.30-04.24.03:366][886]MapCheck: Warning: BP_Table_2 Static mesh actor has NULL StaticMesh property 
[2025.09.30-04.24.03:366][886]MapCheck: Warning: BP_Table_2 Static mesh actor has NULL StaticMesh property 
[2025.09.30-04.24.03:367][886]MapCheck: Warning: BP_Table2 Static mesh actor has NULL StaticMesh property 
[2025.09.30-04.24.03:367][886]MapCheck: Warning: BP_Table2 Static mesh actor has NULL StaticMesh property 
[2025.09.30-04.24.03:367][886]MapCheck: Map check complete: 1 Error(s), 4 Warning(s), took 2.075ms to complete.
[2025.09.30-04.24.03:369][886]LogEditorBuildUtils: Build time 0:04
[2025.09.30-04.24.03:411][886]LogMaterial: Display: Missing cached shadermap for FLightmassMaterialRenderer RampMaterial in PCD3D_SM5, Default, SM5 (DDC key hash: 62939B7265EE19D074F9D79E7FBB42A6809E52C1), compiling. 
[2025.09.30-04.24.03:419][886]LogShaderCompilers: Display: Submitted 2 shader compile jobs with 'Low' priority
[2025.09.30-04.24.03:421][886]LogShaderCompilers: Display: Worker (1/9): shaders left to compile 2
[2025.09.30-04.24.03:421][886]LogShaderCompilers: Display: Worker (2/9): shaders left to compile 1
[2025.09.30-04.24.03:421][886]LogShaderCompilers: Display: Started 2 'Local' shader compile jobs with 'Low' priority
[2025.09.30-04.24.03:421][886]LogMaterial: Display: Missing cached shadermap for FLightmassMaterialRenderer RampMaterial in PCD3D_SM5, Default, SM5 (DDC key hash: D8FEC1DF8FD2DBB2046C26FFAB8EC0EA2856CFF3), compiling. 
[2025.09.30-04.24.03:423][886]LogShaderCompilers: Display: Submitted 2 shader compile jobs with 'Low' priority
[2025.09.30-04.24.03:463][886]LogShaderCompilers: Display: Worker (3/9): shaders left to compile 2
[2025.09.30-04.24.03:463][886]LogShaderCompilers: Display: Worker (4/9): shaders left to compile 1
[2025.09.30-04.24.03:463][886]LogShaderCompilers: Display: Started 2 'Local' shader compile jobs with 'Low' priority
[2025.09.30-04.24.03:486][887]LogMaterial: Display: Missing cached shadermap for FLightmassMaterialRenderer CubeMaterial in PCD3D_SM5, Default, SM5 (DDC key hash: 765FDBEB5E12D5A450879354BD4B749E5A971C1F), compiling. 
[2025.09.30-04.24.03:490][887]LogShaderCompilers: Display: Submitted 2 shader compile jobs with 'Low' priority
[2025.09.30-04.24.03:491][887]LogMaterial: Display: Missing cached shadermap for FLightmassMaterialRenderer CubeMaterial in PCD3D_SM5, Default, SM5 (DDC key hash: 2E8EDC03AE267D7ED5A5DCBC70BBC3E8C5503031), compiling. 
[2025.09.30-04.24.03:495][887]LogShaderCompilers: Display: Worker (5/9): shaders left to compile 2
[2025.09.30-04.24.03:495][887]LogShaderCompilers: Display: Worker (6/9): shaders left to compile 1
[2025.09.30-04.24.03:495][887]LogShaderCompilers: Display: Started 2 'Local' shader compile jobs with 'Low' priority
[2025.09.30-04.24.03:495][887]LogShaderCompilers: Display: Submitted 2 shader compile jobs with 'Low' priority
[2025.09.30-04.24.03:526][887]LogShaderCompilers: Display: Worker (7/9): shaders left to compile 2
[2025.09.30-04.24.03:526][887]LogShaderCompilers: Display: Worker (8/9): shaders left to compile 1
[2025.09.30-04.24.03:526][887]LogShaderCompilers: Display: Started 2 'Local' shader compile jobs with 'Low' priority
[2025.09.30-04.24.04:315][894]LogUObjectHash: Compacting FUObjectHashTables data took   0.22ms
[2025.09.30-04.24.07:351][ 60]Job is a success!
[2025.09.30-04.24.07:377][ 61]LogSlate: Took 0.000201 seconds to synchronously load lazily loaded font '../../../Engine/Content/Slate/Fonts/Roboto-Light.ttf' (167K)
[2025.09.30-04.24.07:427][ 61]LogVolumetricLightmapImport: Imported Volumetric Lightmap in 0.010s
[2025.09.30-04.24.07:428][ 61]LogVolumetricLightmapImport:      Indirection Texture 16x16x16 = 0.0Mb
[2025.09.30-04.24.07:428][ 61]LogVolumetricLightmapImport:      BrickData (all levels) 0.2Mb (trimmed 0.0Mb due to 0.010000 MinBrickError)
[2025.09.30-04.24.07:428][ 61]LogVolumetricLightmapImport:      Bricks at depth
[2025.09.30-04.24.07:428][ 61]LogVolumetricLightmapImport:          0: 2.2% covering 100.0% of volume
[2025.09.30-04.24.07:428][ 61]LogVolumetricLightmapImport:          1: 8.9% covering 6.2% of volume
[2025.09.30-04.24.07:428][ 61]LogVolumetricLightmapImport:          2: 88.9% covering 1.0% of volume
[2025.09.30-04.24.07:428][ 61]LogVolumetricLightmapImport:      Bricks in each level
[2025.09.30-04.24.07:428][ 61]LogVolumetricLightmapImport:          ThirdPersonExampleMap 			 45 bricks 	 100.0% (Persistent Level)
[2025.09.30-04.24.07:605][ 61]LogTexture: Display: Building textures: HQ_Lightmap0_1 (OODLE_AutoDXT, 1024X1024)
[2025.09.30-04.24.07:605][ 61]LogTexture: Display: Building textures: SkyOcclusion0_1 (OODLE_AutoDXT, 1024X512)
[2025.09.30-04.24.07:605][ 61]LogTexture: Display: Building textures: LQ_Lightmap_0_1 (OODLE_DXT1, 1024X1024)
[2025.09.30-04.24.07:605][ 61]LogTexture: Display: Building textures: HQ_Lightmap0_2 (OODLE_AutoDXT, 512X512)
[2025.09.30-04.24.07:605][ 61]LogTexture: Display: Building textures: HQ_Lightmap0_3 (OODLE_AutoDXT, 64X64)
[2025.09.30-04.24.07:605][ 61]LogTexture: Display: Building textures: SkyOcclusion0_3 (OODLE_AutoDXT, 64X32)
[2025.09.30-04.24.07:605][ 61]LogTexture: Display: Building textures: LQ_Lightmap_0_3 (OODLE_DXT1, 64X64)
[2025.09.30-04.24.07:605][ 61]LogTexture: Display: Building textures: SkyOcclusion0_2 (OODLE_AutoDXT, 512X256)
[2025.09.30-04.24.07:605][ 61]LogTextureFormatOodle: Display: non-RDO encode 1024 x 512 x 1 to format OODLE_AutoDXT (Oodle OodleTex_BC3) lambda=0 effort=20 
[2025.09.30-04.24.07:605][ 61]LogTexture: Display: Building textures: LQ_Lightmap_0_2 (OODLE_DXT1, 512X512)
[2025.09.30-04.24.07:605][ 61]LogTextureFormatOodle: Display: non-RDO encode 1024 x 1024 x 1 to format OODLE_AutoDXT (Oodle OodleTex_BC3) lambda=0 effort=20 
[2025.09.30-04.24.07:605][ 61]LogTextureFormatOodle: Display: non-RDO encode 1024 x 1024 x 1 to format OODLE_DXT1 (Oodle OodleTex_BC1_WithTransparency) lambda=0 effort=20 
[2025.09.30-04.24.07:605][ 61]LogTexture: Display: Building textures: ShadowMapTexture2D_1 (G8, 32X32)
[2025.09.30-04.24.07:719][ 61]LogTexture: Display: Building textures: ShadowMapTexture2D_0 (G8, 1024X1024)
[2025.09.30-04.24.07:719][ 61]LogStaticLightingSystem: ThirdPersonExampleMap_BuiltData storing lightmap data for 12 meshes in 3 LightmapResourceClusters (4.0 Meshes per cluster).
[2025.09.30-04.24.07:727][ 61]LogUObjectHash: Compacting FUObjectHashTables data took   0.34ms
[2025.09.30-04.24.07:746][ 61]Lightmass on LEGIÓN_G: 2.32 sec total, 84 ms importing, 38 ms setup, 467 ms photons, 1.61 sec processing, 0 ms extra exporting [12/12 mappings]. Threads: 17.7 sec total, 3.58 sec processing.
[2025.09.30-04.24.07:770][ 61]LogStaticLightingSystem: Illumination: 8.55 sec (92 ms encoding lightmaps, 154 ms encoding shadowmaps)
[2025.09.30-04.24.07:770][ 61]LogStaticLightingSystem: Lightmap texture memory:  3.3 MB (3.3 MB streaming, 0.0 MB non-streaming), 6 textures
[2025.09.30-04.24.07:770][ 61]LogStaticLightingSystem: Shadowmap texture memory: 1.3 MB (1.3 MB streaming, 0.0 MB non-streaming), 2 textures
[2025.09.30-04.24.08:175][ 61]DumpUnbuiltLightIteractions
[2025.09.30-04.24.08:175][ 61]Lights with unbuilt interactions: 0
[2025.09.30-04.24.08:175][ 61]
[2025.09.30-04.24.08:175][ 61]Primitives with unbuilt interactions: 0
[2025.09.30-04.24.08:262][ 61]LogTexture: Display: Building textures: NewReflectionComponentTexture3884DE244CA9D1E5320A11B1C608A293 (BGRA8, 128X128)
[2025.09.30-04.24.08:298][ 62]Cmd: MAP CHECK NOTIFYRESULTS
[2025.09.30-04.24.08:298][ 62]MapCheck: New page: ThirdPersonExampleMap - 29 sep. 2025 17:24:08
[2025.09.30-04.24.08:298][ 62]MapCheck: Warning: BP_Table_2 Static mesh actor has NULL StaticMesh property 
[2025.09.30-04.24.08:298][ 62]MapCheck: Warning: BP_Table_2 Static mesh actor has NULL StaticMesh property 
[2025.09.30-04.24.08:298][ 62]MapCheck: Warning: BP_Table2 Static mesh actor has NULL StaticMesh property 
[2025.09.30-04.24.08:298][ 62]MapCheck: Warning: BP_Table2 Static mesh actor has NULL StaticMesh property 
[2025.09.30-04.24.08:298][ 62]MapCheck: Map check complete: 0 Error(s), 4 Warning(s), took 0.428ms to complete.
[2025.09.30-04.24.14:600][439]LogSlate: Window 'Message Log' being destroyed
[2025.09.30-04.24.14:606][439]LogSlate: Window 'Message Log' being destroyed
[2025.09.30-04.24.18:161][652]LogTemp: Repeating last play command: Selected Viewport
[2025.09.30-04.24.18:167][652]LogPlayLevel: PlayLevel: No blueprints needed recompiling
[2025.09.30-04.24.18:167][652]PIE: New page: PIE session: ThirdPersonExampleMap (29 sep. 2025 17:24:18)
[2025.09.30-04.24.18:168][652]LogOnline: OSS: Creating online subsystem instance for: NULL
[2025.09.30-04.24.18:170][652]LogOnline: OSS: TryLoadSubsystemAndSetDefault: Loaded subsystem for module [NULL]
[2025.09.30-04.24.18:171][652]LogPlayLevel: Creating play world package: /Game/ThirdPersonBP/Maps/UEDPIE_0_ThirdPersonExampleMap
[2025.09.30-04.24.18:183][652]LogPlayLevel: PIE: StaticDuplicateObject took: (0.012239s)
[2025.09.30-04.24.18:184][652]LogAIModule: Creating AISystem for world ThirdPersonExampleMap
[2025.09.30-04.24.18:184][652]LogPlayLevel: PIE: World Init took: (0.001117s)
[2025.09.30-04.24.18:184][652]LogPlayLevel: PIE: Created PIE world by copying editor world from /Game/ThirdPersonBP/Maps/ThirdPersonExampleMap.ThirdPersonExampleMap to /Game/ThirdPersonBP/Maps/UEDPIE_0_ThirdPersonExampleMap.ThirdPersonExampleMap (0.013536s)
[2025.09.30-04.24.18:190][652]LogUObjectHash: Compacting FUObjectHashTables data took   0.55ms
[2025.09.30-04.24.18:190][652]LogAudio: Display: Creating Audio Device:                 Id: 2, Scope: Unique, Realtime: True
[2025.09.30-04.24.18:190][652]LogAudioMixer: Display: Audio Mixer Platform Settings:
[2025.09.30-04.24.18:190][652]LogAudioMixer: Display: 	Sample Rate:						  48000
[2025.09.30-04.24.18:190][652]LogAudioMixer: Display: 	Callback Buffer Frame Size Requested: 1024
[2025.09.30-04.24.18:190][652]LogAudioMixer: Display: 	Callback Buffer Frame Size To Use:	  1024
[2025.09.30-04.24.18:190][652]LogAudioMixer: Display: 	Number of buffers to queue:			  2
[2025.09.30-04.24.18:190][652]LogAudioMixer: Display: 	Max Channels (voices):				  32
[2025.09.30-04.24.18:190][652]LogAudioMixer: Display: 	Number of Async Source Workers:		  0
[2025.09.30-04.24.18:190][652]LogAudio: Display: AudioDevice MaxSources: 32
[2025.09.30-04.24.18:191][652]LogAudio: Display: Audio Spatialization Plugin: None (built-in).
[2025.09.30-04.24.18:191][652]LogAudio: Display: Audio Reverb Plugin: None (built-in).
[2025.09.30-04.24.18:191][652]LogAudio: Display: Audio Occlusion Plugin: None (built-in).
[2025.09.30-04.24.18:191][652]LogAudioMixer: Display: Initializing audio mixer.
[2025.09.30-04.24.18:193][652]LogAudioMixer: Display: 0: FrontLeft
[2025.09.30-04.24.18:193][652]LogAudioMixer: Display: 1: FrontRight
[2025.09.30-04.24.18:222][652]LogAudioMixer: Display: Using Audio Device Altavoces (Realtek(R) Audio)
[2025.09.30-04.24.18:222][652]LogAudioMixer: Display: Initializing Sound Submixes...
[2025.09.30-04.24.18:222][652]LogAudioMixer: Display: Creating Master Submix 'MasterSubmixDefault'
[2025.09.30-04.24.18:222][652]LogAudioMixer: Display: Creating Master Submix 'MasterReverbSubmixDefault'
[2025.09.30-04.24.18:222][652]LogAudioMixer: Display: Creating Master Submix 'MasterEQSubmixDefault'
[2025.09.30-04.24.18:222][652]LogAudioMixer: FMixerPlatformXAudio2::StartAudioStream() called
[2025.09.30-04.24.18:222][652]LogAudioMixer: Display: Output buffers initialized: Frames=1024, Channels=2, Samples=2048
[2025.09.30-04.24.18:224][652]LogAudioMixer: Display: Starting AudioMixerPlatformInterface::RunInternal()
[2025.09.30-04.24.18:224][652]LogAudioMixer: Display: FMixerPlatformXAudio2::SubmitBuffer() called for the first time
[2025.09.30-04.24.18:224][652]LogInit: FAudioDevice initialized.
[2025.09.30-04.24.18:224][652]LogAudio: Display: Audio Device (ID: 2) registered with world 'ThirdPersonExampleMap'.
[2025.09.30-04.24.18:231][652]LogLoad: Game class is 'BP_GameMode_C'
[2025.09.30-04.24.18:233][652]LogWorld: Bringing World /Game/ThirdPersonBP/Maps/UEDPIE_0_ThirdPersonExampleMap.ThirdPersonExampleMap up for play (max tick rate 60) at 2025.09.29-22.24.18
[2025.09.30-04.24.18:235][652]LogWorld: Bringing up level for play took: 0.002027
[2025.09.30-04.24.18:235][652]LogOnline: OSS: Creating online subsystem instance for: :Context_1
[2025.09.30-04.24.18:240][652]LogNativeClassHierarchy: Verbose: Native class hierarchy updated for 'MovieSceneCapture' in 0.0003 seconds. Added 20 classes and 0 folders.
[2025.09.30-04.24.18:244][652]PIE: Server logged in
[2025.09.30-04.24.18:246][652]PIE: Play in editor total start time 0.081 seconds.
[2025.09.30-04.24.22:614][912]LogBlueprintUserMessages: [BP_FrancisIA_2] Se ha encontrado la mesa
[2025.09.30-04.24.24:597][ 31]LogBlueprintUserMessages: [BP_FrancisIA_2] OnreachedTable Iniciado
[2025.09.30-04.24.28:598][271]LogBlueprintUserMessages: [BP_FrancisIA_2] Paciencia agotada, ENTRANDO EN MODO FURIA
[2025.09.30-04.24.30:597][391]LogBlueprintUserMessages: [BP_FrancisIA_2] EnterFury ejecutado
[2025.09.30-04.24.32:597][511]LogBlueprintUserMessages: [BP_FrancisIA_2] IsAttacking ejecutado
[2025.09.30-04.24.34:848][646]LogBlueprintUserMessages: [BP_FrancisIA_2] MOVETOTARGET ejecutado
[2025.09.30-04.24.35:098][661]LogBlueprintUserMessages: [BP_FrancisIA_2] MOVETOTARGET ejecutado
[2025.09.30-04.24.35:348][676]LogBlueprintUserMessages: [BP_FrancisIA_2] MOVETOTARGET ejecutado
[2025.09.30-04.24.35:598][691]LogBlueprintUserMessages: [BP_FrancisIA_2] MOVETOTARGET ejecutado
[2025.09.30-04.24.35:848][706]LogBlueprintUserMessages: [BP_FrancisIA_2] MOVETOTARGET ejecutado
[2025.09.30-04.24.36:098][721]LogBlueprintUserMessages: [BP_FrancisIA_2] MOVETOTARGET ejecutado
[2025.09.30-04.24.36:348][736]LogBlueprintUserMessages: [BP_FrancisIA_2] MOVETOTARGET ejecutado
[2025.09.30-04.24.36:598][751]LogBlueprintUserMessages: [BP_FrancisIA_2] MOVETOTARGET ejecutado
[2025.09.30-04.24.36:847][766]LogBlueprintUserMessages: [BP_FrancisIA_2] MOVETOTARGET ejecutado
[2025.09.30-04.24.37:098][781]LogBlueprintUserMessages: [BP_FrancisIA_2] MOVETOTARGET ejecutado
[2025.09.30-04.24.37:348][796]LogBlueprintUserMessages: [BP_FrancisIA_2] MOVETOTARGET ejecutado
[2025.09.30-04.24.37:598][811]LogBlueprintUserMessages: [BP_FrancisIA_2] MOVETOTARGET ejecutado
[2025.09.30-04.24.37:848][826]LogBlueprintUserMessages: [BP_FrancisIA_2] MOVETOTARGET ejecutado
[2025.09.30-04.24.38:098][841]LogBlueprintUserMessages: [BP_FrancisIA_2] MOVETOTARGET ejecutado
[2025.09.30-04.24.38:348][856]LogBlueprintUserMessages: [BP_FrancisIA_2] MOVETOTARGET ejecutado
[2025.09.30-04.24.38:598][871]LogBlueprintUserMessages: [BP_FrancisIA_2] MOVETOTARGET ejecutado
[2025.09.30-04.24.38:848][886]LogBlueprintUserMessages: [BP_FrancisIA_2] MOVETOTARGET ejecutado
[2025.09.30-04.24.39:098][901]LogBlueprintUserMessages: [BP_FrancisIA_2] MOVETOTARGET ejecutado
[2025.09.30-04.24.39:348][916]LogBlueprintUserMessages: [BP_FrancisIA_2] MOVETOTARGET ejecutado
[2025.09.30-04.24.39:597][931]LogBlueprintUserMessages: [BP_FrancisIA_2] MOVETOTARGET ejecutado
[2025.09.30-04.24.39:848][946]LogBlueprintUserMessages: [BP_FrancisIA_2] MOVETOTARGET ejecutado
[2025.09.30-04.24.40:098][961]LogBlueprintUserMessages: [BP_FrancisIA_2] MOVETOTARGET ejecutado
[2025.09.30-04.24.40:348][976]LogBlueprintUserMessages: [BP_FrancisIA_2] MOVETOTARGET ejecutado
[2025.09.30-04.24.40:598][991]LogBlueprintUserMessages: [BP_FrancisIA_2] MOVETOTARGET ejecutado
[2025.09.30-04.24.40:848][  6]LogBlueprintUserMessages: [BP_FrancisIA_2] MOVETOTARGET ejecutado
[2025.09.30-04.24.41:098][ 21]LogBlueprintUserMessages: [BP_FrancisIA_2] MOVETOTARGET ejecutado
[2025.09.30-04.24.41:348][ 36]LogBlueprintUserMessages: [BP_FrancisIA_2] MOVETOTARGET ejecutado
[2025.09.30-04.24.41:598][ 51]LogBlueprintUserMessages: [BP_FrancisIA_2] MOVETOTARGET ejecutado
[2025.09.30-04.24.41:848][ 66]LogBlueprintUserMessages: [BP_FrancisIA_2] MOVETOTARGET ejecutado
[2025.09.30-04.24.42:098][ 81]LogBlueprintUserMessages: [BP_FrancisIA_2] MOVETOTARGET ejecutado
[2025.09.30-04.24.42:347][ 96]LogBlueprintUserMessages: [BP_FrancisIA_2] MOVETOTARGET ejecutado
[2025.09.30-04.24.42:598][111]LogBlueprintUserMessages: [BP_FrancisIA_2] MOVETOTARGET ejecutado
[2025.09.30-04.24.42:848][126]LogBlueprintUserMessages: [BP_FrancisIA_2] MOVETOTARGET ejecutado
[2025.09.30-04.24.43:098][141]LogBlueprintUserMessages: [BP_FrancisIA_2] MOVETOTARGET ejecutado
[2025.09.30-04.24.43:347][156]LogBlueprintUserMessages: [BP_FrancisIA_2] MOVETOTARGET ejecutado
[2025.09.30-04.24.43:598][171]LogBlueprintUserMessages: [BP_FrancisIA_2] MOVETOTARGET ejecutado
[2025.09.30-04.24.43:848][186]LogBlueprintUserMessages: [BP_FrancisIA_2] MOVETOTARGET ejecutado
[2025.09.30-04.24.44:098][201]LogBlueprintUserMessages: [BP_FrancisIA_2] MOVETOTARGET ejecutado
[2025.09.30-04.24.44:347][216]LogBlueprintUserMessages: [BP_FrancisIA_2] MOVETOTARGET ejecutado
[2025.09.30-04.24.44:597][231]LogBlueprintUserMessages: [BP_FrancisIA_2] MOVETOTARGET ejecutado
[2025.09.30-04.24.44:848][246]LogBlueprintUserMessages: [BP_FrancisIA_2] MOVETOTARGET ejecutado
[2025.09.30-04.24.45:098][261]LogBlueprintUserMessages: [BP_FrancisIA_2] MOVETOTARGET ejecutado
[2025.09.30-04.24.45:349][276]LogBlueprintUserMessages: [BP_FrancisIA_2] MOVETOTARGET ejecutado
[2025.09.30-04.24.45:598][291]LogBlueprintUserMessages: [BP_FrancisIA_2] MOVETOTARGET ejecutado
[2025.09.30-04.24.45:848][306]LogBlueprintUserMessages: [BP_FrancisIA_2] MOVETOTARGET ejecutado
[2025.09.30-04.24.46:098][321]LogBlueprintUserMessages: [BP_FrancisIA_2] MOVETOTARGET ejecutado
[2025.09.30-04.24.46:348][336]LogBlueprintUserMessages: [BP_FrancisIA_2] MOVETOTARGET ejecutado
[2025.09.30-04.24.46:597][351]LogBlueprintUserMessages: [BP_FrancisIA_2] MOVETOTARGET ejecutado
[2025.09.30-04.24.46:848][366]LogBlueprintUserMessages: [BP_FrancisIA_2] MOVETOTARGET ejecutado
[2025.09.30-04.24.47:098][381]LogBlueprintUserMessages: [BP_FrancisIA_2] MOVETOTARGET ejecutado
[2025.09.30-04.24.47:348][396]LogBlueprintUserMessages: [BP_FrancisIA_2] MOVETOTARGET ejecutado
[2025.09.30-04.24.47:598][411]LogBlueprintUserMessages: [BP_FrancisIA_2] MOVETOTARGET ejecutado
[2025.09.30-04.24.47:848][426]LogBlueprintUserMessages: [BP_FrancisIA_2] MOVETOTARGET ejecutado
[2025.09.30-04.24.48:098][441]LogBlueprintUserMessages: [BP_FrancisIA_2] MOVETOTARGET ejecutado
[2025.09.30-04.24.48:348][456]LogBlueprintUserMessages: [BP_FrancisIA_2] MOVETOTARGET ejecutado
[2025.09.30-04.24.48:597][471]LogBlueprintUserMessages: [BP_FrancisIA_2] MOVETOTARGET ejecutado
[2025.09.30-04.24.48:849][486]LogBlueprintUserMessages: [BP_FrancisIA_2] MOVETOTARGET ejecutado
[2025.09.30-04.24.49:098][501]LogBlueprintUserMessages: [BP_FrancisIA_2] MOVETOTARGET ejecutado
[2025.09.30-04.24.49:143][501]LogSlate: Updating window title bar state: overlay mode, drag disabled, window buttons hidden, title bar hidden
[2025.09.30-04.24.49:143][501]LogWorld: BeginTearingDown for /Game/ThirdPersonBP/Maps/UEDPIE_0_ThirdPersonExampleMap
[2025.09.30-04.24.49:144][501]LogWorld: UWorld::CleanupWorld for ThirdPersonExampleMap, bSessionEnded=true, bCleanupResources=true
[2025.09.30-04.24.49:144][501]LogSlate: InvalidateAllWidgets triggered.  All widgets were invalidated
[2025.09.30-04.24.49:153][501]LogPlayLevel: Display: Shutting down PIE online subsystems
[2025.09.30-04.24.49:155][501]LogSlate: InvalidateAllWidgets triggered.  All widgets were invalidated
[2025.09.30-04.24.49:159][501]LogAudio: Display: Audio Device unregistered from world 'None'.
[2025.09.30-04.24.49:159][501]LogAudioMixer: FMixerPlatformXAudio2::StopAudioStream() called
[2025.09.30-04.24.49:160][501]LogAudioMixer: FMixerPlatformXAudio2::StopAudioStream() called
[2025.09.30-04.24.49:161][501]LogSlate: Updating window title bar state: overlay mode, drag disabled, window buttons hidden, title bar hidden
[2025.09.30-04.24.49:164][501]LogUObjectHash: Compacting FUObjectHashTables data took   0.52ms
[2025.09.30-04.24.49:213][504]LogPlayLevel: Display: Destroying online subsystem :Context_1
[2025.09.30-04.24.50:714][594]LogEditorViewport: Clicking on Actor (LMB): BP_Table_C (BP_Table2)
[2025.09.30-04.25.05:956][502]Cmd: DELETE
[2025.09.30-04.25.05:956][502]Cmd: ACTOR DELETE
[2025.09.30-04.25.05:959][502]LogEditorActor: Deleted Actor: BP_EnemyCubeCharacter_C
[2025.09.30-04.25.05:964][502]LogUObjectHash: Compacting FUObjectHashTables data took   0.57ms
[2025.09.30-04.25.05:965][502]LogEditorActor: Deleted 1 Actors (0.008 secs)
[2025.09.30-04.25.21:142][413]Cmd: CAMERA ALIGN ACTIVEVIEWPORTONLY
[2025.09.30-04.25.25:964][701]LogAssetEditorSubsystem: Opening Asset editor for Blueprint /Game/Props/BP_Table.BP_Table
[2025.09.30-04.25.26:135][701]LogNativeClassHierarchy: Verbose: Native class hierarchy updated for 'BlueprintGraph' in 0.0004 seconds. Added 126 classes and 0 folders.
[2025.09.30-04.25.26:777][701]LogSlate: Took 0.000219 seconds to synchronously load lazily loaded font '../../../Engine/Content/Slate/Fonts/Roboto-BoldCondensed.ttf' (158K)
[2025.09.30-04.25.27:605][749]LogSlate: Took 0.001055 seconds to synchronously load lazily loaded font '../../../Engine/Content/Slate/Fonts/Roboto-Italic.ttf' (157K)
[2025.09.30-04.25.28:188][783]LogRenderer: Reallocating scene render targets to support 1180x704 Format 10 NumSamples 1 (Frame:1).
[2025.09.30-04.25.37:366][329]LogSlate: Window 'BP_Table' being destroyed
[2025.09.30-04.25.37:412][329]LogWorld: UWorld::CleanupWorld for World_0, bSessionEnded=true, bCleanupResources=true
[2025.09.30-04.25.37:412][329]LogSlate: InvalidateAllWidgets triggered.  All widgets were invalidated
[2025.09.30-04.25.41:692][581]LogEditorViewport: Clicking on Actor (LMB): StaticMeshActor (Floor)
[2025.09.30-04.25.43:118][665]MapCheck: New page: Map Check
[2025.09.30-04.25.43:137][665]Cmd: MAP REBUILD ALLVISIBLE
[2025.09.30-04.25.43:137][665]LogEditorServer: Rebuildmap Clear paths rebuilt
[2025.09.30-04.25.43:139][665]LogWorld: UWorld::CleanupWorld for ThirdPersonExampleMap, bSessionEnded=true, bCleanupResources=false
[2025.09.30-04.25.43:147][665]LogNavigationDataBuild: Display: UNavigationSystemV1::Build started...
[2025.09.30-04.25.43:147][665]LogNavigationDataBuild: Display:    Building navigation data using PHYSICS_INTERFACE_PHYSX.
[2025.09.30-04.25.43:147][665]LogNavigationDataBuild: Display:    Building navigation data using WITH_PHYSX.
[2025.09.30-04.25.43:147][665]LogNavigationDataBuild: Display:    Building NavData:  Name Default class /Script/NavigationSystem.RecastNavMesh agent radius 35.0.
[2025.09.30-04.25.43:150][665]LogNavigationDataBuild: Display: UNavigationSystemV1::Build total execution time: 0.00s
[2025.09.30-04.25.43:168][665]LogUObjectHash: Compacting FUObjectHashTables data took   1.67ms
[2025.09.30-04.25.43:174][665]LogLevel: Display: Export Material TexCoord Scales took 0.005 seconds.
[2025.09.30-04.25.43:176][665]TextureStreamingBuild: Display: Build Texture Streaming took 0.002 seconds.
[2025.09.30-04.25.43:188][665]LogUObjectHash: Compacting FUObjectHashTables data took   1.12ms
[2025.09.30-04.25.43:190][665]LightingResults: New page: Lighting Build - 29 sep. 2025 17:25:43
[2025.09.30-04.25.43:194][665]LogSwarmInterface: [OpenConnection] Registering TCP channel ...
[2025.09.30-04.25.43:201][665]LogSwarmInterface: [OpenConnection] Connecting to agent ...
[2025.09.30-04.25.43:201][665]LogSwarmInterface: [TryOpenConnection] Testing the Agent
[2025.09.30-04.25.43:202][665]LogSwarmInterface: [TryOpenConnection] Opening Connection to Agent
[2025.09.30-04.25.43:202][665]LogSwarmInterface: [TryOpenConnection] Local Process ID is 32524
[2025.09.30-04.25.47:775][665]LogStaticLightingSystem: Running Lightmass w/ ImmediateImport mode ENABLED
[2025.09.30-04.25.47:775][665]LogStaticLightingSystem: Running Lightmass w/ ImmediateProcess mode ENABLED
[2025.09.30-04.25.47:775][665]LogStaticLightingSystem: Running Lightmass w/ Sorting mode ENABLED
[2025.09.30-04.25.47:775][665]LogStaticLightingSystem: Running Lightmass w/ Mapping paddings ENABLED
[2025.09.30-04.25.47:775][665]LogStaticLightingSystem: Running Lightmass w/ Mapping debug paddings DISABLED
[2025.09.30-04.25.47:889][665]Cmd: MAP CHECK DONTDISPLAYDIALOG
[2025.09.30-04.25.47:889][665]MapCheck: New page: ThirdPersonExampleMap - 29 sep. 2025 17:25:47
[2025.09.30-04.25.47:889][665]MapCheck: Warning: BP_Table_2 Static mesh actor has NULL StaticMesh property 
[2025.09.30-04.25.47:889][665]MapCheck: Warning: BP_Table_2 Static mesh actor has NULL StaticMesh property 
[2025.09.30-04.25.47:889][665]MapCheck: Warning: BP_Table2 Static mesh actor has NULL StaticMesh property 
[2025.09.30-04.25.47:889][665]MapCheck: Warning: BP_Table2 Static mesh actor has NULL StaticMesh property 
[2025.09.30-04.25.47:889][665]MapCheck: Map check complete: 0 Error(s), 4 Warning(s), took 0.531ms to complete.
[2025.09.30-04.25.47:891][665]LogEditorBuildUtils: Build time 0:04
[2025.09.30-04.25.48:070][667]LogUObjectHash: Compacting FUObjectHashTables data took   1.18ms
[2025.09.30-04.25.50:390][785]Job is a success!
[2025.09.30-04.25.50:538][786]LogVolumetricLightmapImport: Imported Volumetric Lightmap in 0.009s
[2025.09.30-04.25.50:538][786]LogVolumetricLightmapImport:      Indirection Texture 16x16x16 = 0.0Mb
[2025.09.30-04.25.50:538][786]LogVolumetricLightmapImport:      BrickData (all levels) 0.2Mb (trimmed 0.0Mb due to 0.010000 MinBrickError)
[2025.09.30-04.25.50:538][786]LogVolumetricLightmapImport:      Bricks at depth
[2025.09.30-04.25.50:538][786]LogVolumetricLightmapImport:          0: 2.3% covering 100.0% of volume
[2025.09.30-04.25.50:538][786]LogVolumetricLightmapImport:          1: 9.1% covering 6.2% of volume
[2025.09.30-04.25.50:538][786]LogVolumetricLightmapImport:          2: 88.6% covering 1.0% of volume
[2025.09.30-04.25.50:538][786]LogVolumetricLightmapImport:      Bricks in each level
[2025.09.30-04.25.50:538][786]LogVolumetricLightmapImport:          ThirdPersonExampleMap 			 44 bricks 	 100.0% (Persistent Level)
[2025.09.30-04.25.50:654][786]LogTexture: Display: Building textures: SkyOcclusion1_1 (OODLE_AutoDXT, 1024X512)
[2025.09.30-04.25.50:654][786]LogTexture: Display: Building textures: HQ_Lightmap1_1 (OODLE_AutoDXT, 1024X1024)
[2025.09.30-04.25.50:654][786]LogTexture: Display: Building textures: LQ_Lightmap_1_1 (OODLE_DXT1, 1024X1024)
[2025.09.30-04.25.50:654][786]LogTexture: Display: Building textures: HQ_Lightmap1_2 (OODLE_AutoDXT, 512X512)
[2025.09.30-04.25.50:654][786]LogTexture: Display: Building textures: SkyOcclusion1_2 (OODLE_AutoDXT, 512X256)
[2025.09.30-04.25.50:654][786]LogTexture: Display: Building textures: LQ_Lightmap_1_2 (OODLE_DXT1, 512X512)
[2025.09.30-04.25.50:654][786]LogTexture: Display: Building textures: LQ_Lightmap_1_3 (OODLE_DXT1, 64X64)
[2025.09.30-04.25.50:654][786]LogTexture: Display: Building textures: SkyOcclusion1_3 (OODLE_AutoDXT, 64X32)
[2025.09.30-04.25.50:654][786]LogTexture: Display: Building textures: HQ_Lightmap1_3 (OODLE_AutoDXT, 64X64)
[2025.09.30-04.25.50:654][786]LogTextureFormatOodle: Display: non-RDO encode 1024 x 512 x 1 to format OODLE_AutoDXT (Oodle OodleTex_BC3) lambda=0 effort=20 
[2025.09.30-04.25.50:654][786]LogTextureFormatOodle: Display: non-RDO encode 1024 x 1024 x 1 to format OODLE_AutoDXT (Oodle OodleTex_BC3) lambda=0 effort=20 
[2025.09.30-04.25.50:654][786]LogTextureFormatOodle: Display: non-RDO encode 1024 x 1024 x 1 to format OODLE_DXT1 (Oodle OodleTex_BC1_WithTransparency) lambda=0 effort=20 
[2025.09.30-04.25.50:812][786]LogTexture: Display: Building textures: ShadowMapTexture2D_3 (G8, 32X32)
[2025.09.30-04.25.50:813][786]LogTexture: Display: Building textures: ShadowMapTexture2D_2 (G8, 1024X1024)
[2025.09.30-04.25.50:813][786]LogStaticLightingSystem: ThirdPersonExampleMap_BuiltData storing lightmap data for 12 meshes in 3 LightmapResourceClusters (4.0 Meshes per cluster).
[2025.09.30-04.25.50:830][786]LogUObjectHash: Compacting FUObjectHashTables data took   1.11ms
[2025.09.30-04.25.50:845][786]Lightmass on LEGIÓN_G: 2.26 sec total, 80 ms importing, 53 ms setup, 488 ms photons, 1.52 sec processing, 0 ms extra exporting [12/12 mappings]. Threads: 16.7 sec total, 3.46 sec processing.
[2025.09.30-04.25.50:862][786]LogStaticLightingSystem: Illumination: 7.62 sec (97 ms encoding lightmaps, 145 ms encoding shadowmaps)
[2025.09.30-04.25.50:862][786]LogStaticLightingSystem: Lightmap texture memory:  3.3 MB (3.3 MB streaming, 0.0 MB non-streaming), 6 textures
[2025.09.30-04.25.50:862][786]LogStaticLightingSystem: Shadowmap texture memory: 1.3 MB (1.3 MB streaming, 0.0 MB non-streaming), 2 textures
[2025.09.30-04.25.51:777][786]DumpUnbuiltLightIteractions
[2025.09.30-04.25.51:777][786]Lights with unbuilt interactions: 0
[2025.09.30-04.25.51:777][786]
[2025.09.30-04.25.51:777][786]Primitives with unbuilt interactions: 0
[2025.09.30-04.25.51:847][786]LogTexture: Display: Building textures: NewReflectionComponentTexture3884DE244CA9D1E5320A11B1C608A293 (BGRA8, 128X128)
[2025.09.30-04.25.51:882][787]Cmd: MAP CHECK NOTIFYRESULTS
[2025.09.30-04.25.51:882][787]MapCheck: New page: ThirdPersonExampleMap - 29 sep. 2025 17:25:51
[2025.09.30-04.25.51:883][787]MapCheck: Warning: BP_Table_2 Static mesh actor has NULL StaticMesh property 
[2025.09.30-04.25.51:883][787]MapCheck: Warning: BP_Table_2 Static mesh actor has NULL StaticMesh property 
[2025.09.30-04.25.51:883][787]MapCheck: Warning: BP_Table2 Static mesh actor has NULL StaticMesh property 
[2025.09.30-04.25.51:883][787]MapCheck: Warning: BP_Table2 Static mesh actor has NULL StaticMesh property 
[2025.09.30-04.25.51:883][787]MapCheck: Map check complete: 0 Error(s), 4 Warning(s), took 0.449ms to complete.
[2025.09.30-04.25.53:598][885]LogWindows: LaunchURL https://docs.unrealengine.com/4.27/en//Shared/Editor/MapErrors/index.html?utm_source=editor&utm_medium=docs&utm_campaign=msg_log
[2025.09.30-04.26.07:445][931]LogEditorViewport: Clicking on Actor (LMB): StaticMeshActor (Floor)
[2025.09.30-04.27.55:244][111]Cmd: DELETE
[2025.09.30-04.27.55:244][111]Cmd: ACTOR DELETE
[2025.09.30-04.27.55:246][111]LogEditorActor: Deleted Actor: BP_Table_C
[2025.09.30-04.27.55:259][111]LogUObjectHash: Compacting FUObjectHashTables data took   1.22ms
[2025.09.30-04.27.55:266][111]LogEditorActor: Deleted 1 Actors (0.022 secs)
[2025.09.30-04.27.57:401][239]LogMaterial: Display: Missing cached shadermap for M_DishwasherSecondary in PCD3D_SM5, Default, SM5 (DDC key hash: 8F57618BB5D010EBA3935BC9B79E282488AB14B5), compiling. 
[2025.09.30-04.27.57:427][239]LogShaderCompilers: Display: Submitted 16 shader compile jobs with 'Low' priority
[2025.09.30-04.27.57:428][239]LogMaterial: Display: Missing cached shadermap for M_DishwasherBody in PCD3D_SM5, Default, SM5 (DDC key hash: 21874251F2B5FF80F552E79AF9B6E6B655B44BD9), compiling. 
[2025.09.30-04.27.57:439][239]LogShaderCompilers: Display: Worker (1/9): shaders left to compile 16
[2025.09.30-04.27.57:439][239]LogShaderCompilers: Display: Worker (2/9): shaders left to compile 13
[2025.09.30-04.27.57:439][239]LogShaderCompilers: Display: Worker (3/9): shaders left to compile 10
[2025.09.30-04.27.57:439][239]LogShaderCompilers: Display: Worker (4/9): shaders left to compile 7
[2025.09.30-04.27.57:439][239]LogShaderCompilers: Display: Worker (5/9): shaders left to compile 4
[2025.09.30-04.27.57:439][239]LogShaderCompilers: Display: Worker (6/9): shaders left to compile 1
[2025.09.30-04.27.57:439][239]LogShaderCompilers: Display: Started 16 'Local' shader compile jobs with 'Low' priority
[2025.09.30-04.27.57:439][239]LogShaderCompilers: Display: Submitted 16 shader compile jobs with 'Low' priority
[2025.09.30-04.27.57:439][239]LogStaticMesh: Building static mesh S_Dishwasher...
[2025.09.30-04.27.57:879][239]LogShaderCompilers: Display: Worker (7/9): shaders left to compile 16
[2025.09.30-04.27.57:879][239]LogShaderCompilers: Display: Worker (8/9): shaders left to compile 13
[2025.09.30-04.27.57:879][239]LogShaderCompilers: Display: Started 6 'Local' shader compile jobs with 'Low' priority
[2025.09.30-04.27.58:121][239]LogStaticMesh: Built static mesh [0.68s] /Game/Props/S_Dishwasher.S_Dishwasher
[2025.09.30-04.27.58:282][239]LogShaderCompilers: Display: Worker (6/9): shaders left to compile 10
[2025.09.30-04.27.58:282][239]LogShaderCompilers: Display: Started 2 'Local' shader compile jobs with 'Low' priority
[2025.09.30-04.27.58:282][239]LogShaderCompilers: Display: === FShaderJobCache stats ===
[2025.09.30-04.27.58:282][239]LogShaderCompilers: Display: Total job queries 40, among them cache hits 0 (0.00%)
[2025.09.30-04.27.58:282][239]LogShaderCompilers: Display: Tracking 9 distinct input hashes that result in 5 distinct outputs (55.56%)
[2025.09.30-04.27.58:282][239]LogShaderCompilers: Display: RAM used: 0.02 MB (0.00 GB) of 1638.40 MB (1.60 GB) budget. Usage: 0.00%
[2025.09.30-04.27.58:282][239]LogShaderCompilers: Display: ================================================
[2025.09.30-04.27.58:325][239]LogShaderCompilers: Display: Worker (1/9): shaders left to compile 1
[2025.09.30-04.27.58:325][239]LogShaderCompilers: Display: Started 1 'Local' shader compile jobs with 'ForceLocal' priority
[2025.09.30-04.27.58:330][239]LogActorFactory: Actor Factory created S_Dishwasher
[2025.09.30-04.27.58:491][246]LogShaderCompilers: Display: Worker (7/9): shaders left to compile 2
[2025.09.30-04.27.58:491][246]LogShaderCompilers: Display: Started 1 'Local' shader compile jobs with 'ForceLocal' priority
[2025.09.30-04.27.58:648][255]LogShaderCompilers: Display: Worker (5/9): shaders left to compile 1
[2025.09.30-04.27.58:648][255]LogShaderCompilers: Display: Started 1 'Local' shader compile jobs with 'ForceLocal' priority
[2025.09.30-04.27.58:877][268]LogShaderCompilers: Display: Worker (3/9): shaders left to compile 5
[2025.09.30-04.27.58:877][268]LogShaderCompilers: Display: Started 1 'Local' shader compile jobs with 'Normal' priority
[2025.09.30-04.27.58:930][270]LogShaderCompilers: Display: Worker (1/9): shaders left to compile 4
[2025.09.30-04.27.58:930][270]LogShaderCompilers: Display: Started 1 'Local' shader compile jobs with 'Normal' priority
[2025.09.30-04.27.59:053][277]LogShaderCompilers: Display: Worker (6/9): shaders left to compile 3
[2025.09.30-04.27.59:054][277]LogShaderCompilers: Display: Started 1 'Local' shader compile jobs with 'Normal' priority
[2025.09.30-04.27.59:054][277]LogShaderCompilers: Display: Worker (5/9): shaders left to compile 2
[2025.09.30-04.27.59:054][277]LogShaderCompilers: Display: Started 1 'Local' shader compile jobs with 'Normal' priority
[2025.09.30-04.27.59:124][281]LogShaderCompilers: Display: Worker (8/9): shaders left to compile 1
[2025.09.30-04.27.59:124][281]LogShaderCompilers: Display: Started 1 'Local' shader compile jobs with 'Normal' priority
[2025.09.30-04.27.59:361][290]LogActorFactory: Actor Factory created S_Dishwasher
[2025.09.30-04.28.00:455][351]LogEditorViewport: Clicking on Actor (LMB): StaticMeshActor (Floor)
[2025.09.30-04.28.02:460][470]LogEditorViewport: Clicking on Actor (LMB): StaticMeshActor (S_Dishwasher)
[2025.09.30-04.28.05:408][645]Cmd: DELETE
[2025.09.30-04.28.05:408][645]Cmd: ACTOR DELETE
[2025.09.30-04.28.05:409][645]LogEditorActor: Deleted Actor: StaticMeshActor
[2025.09.30-04.28.05:421][645]LogUObjectHash: Compacting FUObjectHashTables data took   0.70ms
[2025.09.30-04.28.05:424][645]LogEditorActor: Deleted 1 Actors (0.016 secs)
[2025.09.30-04.28.59:154][672]LogSlate: Window 'Message Log' being destroyed
[2025.09.30-04.28.59:161][672]LogSlate: Window 'Message Log' being destroyed
[2025.09.30-04.29.01:231][793]LogAssetEditorSubsystem: Opening Asset editor for Blueprint /Game/Props/BP_Table.BP_Table
[2025.09.30-04.30.20:778][541]LogSlate: Window 'BP_Table' being destroyed
[2025.09.30-04.30.20:832][541]LogWorld: UWorld::CleanupWorld for World_3, bSessionEnded=true, bCleanupResources=true
[2025.09.30-04.30.20:832][541]LogSlate: InvalidateAllWidgets triggered.  All widgets were invalidated
[2025.09.30-04.34.02:613][524]LogUObjectHash: Compacting FUObjectHashTables data took   1.56ms
[2025.09.30-04.34.02:637][524]LogSavePackage: Moving '../../../../../Proyectos UE 4.27/TasteOfMadness/TasteOfMadness/Saved/ThirdPersonExampleMap_Auto16C4D023B4426049FE1F7CD8170BD8462.tmp' to '../../../../../Proyectos UE 4.27/TasteOfMadness/TasteOfMadness/Saved/Autosaves/Game/ThirdPersonBP/Maps/ThirdPersonExampleMap_Auto1.umap'
[2025.09.30-04.34.02:641][524]LogFileHelpers: Editor autosave (incl. external actors) for '/Game/ThirdPersonBP/Maps/ThirdPersonExampleMap' took 0.044
[2025.09.30-04.34.02:641][524]LogFileHelpers: Editor autosave (incl. sublevels & external actors) for all levels took 0.044
[2025.09.30-04.37.51:768][209]LogAssetEditorSubsystem: Opening Asset editor for Blueprint /Game/Props/BP_Table.BP_Table
[2025.09.30-04.38.21:017][939]LogEditorTransaction: Undo Make New Scene Root
[2025.09.30-04.38.26:107][242]LogEditorTransaction: Undo Attach Component
[2025.09.30-04.38.37:685][932]LogEditorTransaction: Undo Modify Component(s)
[2025.09.30-04.38.51:786][774]BlueprintLog: New page: Compile BP_Table
[2025.09.30-04.38.51:818][774]LogUObjectHash: Compacting FUObjectHashTables data took   1.78ms
[2025.09.30-04.38.52:387][806]Cmd: OBJ SAVEPACKAGE PACKAGE="/Game/Props/BP_Table" FILE="../../../../../Proyectos UE 4.27/TasteOfMadness/TasteOfMadness/Content/Props/BP_Table.uasset" SILENT=true
[2025.09.30-04.38.52:394][806]LogSavePackage: Moving '../../../../../Proyectos UE 4.27/TasteOfMadness/TasteOfMadness/Saved/BP_Table5A28972847D4A525F9B919B0591EA198.tmp' to '../../../../../Proyectos UE 4.27/TasteOfMadness/TasteOfMadness/Content/Props/BP_Table.uasset'
[2025.09.30-04.38.52:405][806]AssetCheck: New page: Asset Save: BP_Table
[2025.09.30-04.38.52:405][806]LogContentValidation: Display: Validating Blueprint /Game/Props/BP_Table.BP_Table
[2025.09.30-04.38.54:176][912]LogSlate: Window 'BP_Table' being destroyed
[2025.09.30-04.38.54:181][912]LogSlate: Window 'BP_Table' being destroyed
[2025.09.30-04.38.54:183][912]LogWorld: UWorld::CleanupWorld for World_4, bSessionEnded=true, bCleanupResources=true
[2025.09.30-04.38.54:183][912]LogSlate: InvalidateAllWidgets triggered.  All widgets were invalidated
[2025.09.30-04.38.57:008][ 80]LogEditorViewport: Clicking on Actor (LMB): BP_Table_C (BP_Table2)
[2025.09.30-04.38.59:553][232]LogEditorViewport: Clicking on Actor (LMB): BP_Table_C (BP_Table)
[2025.09.30-04.39.02:095][384]LogTemp: Repeating last play command: Selected Viewport
[2025.09.30-04.39.02:101][384]LogPlayLevel: PlayLevel: No blueprints needed recompiling
[2025.09.30-04.39.02:101][384]PIE: New page: PIE session: ThirdPersonExampleMap (29 sep. 2025 17:39:02)
[2025.09.30-04.39.02:132][384]LogPlayLevel: Creating play world package: /Game/ThirdPersonBP/Maps/UEDPIE_0_ThirdPersonExampleMap
[2025.09.30-04.39.02:140][384]LogPlayLevel: PIE: StaticDuplicateObject took: (0.008709s)
[2025.09.30-04.39.02:141][384]LogAIModule: Creating AISystem for world ThirdPersonExampleMap
[2025.09.30-04.39.02:141][384]LogPlayLevel: PIE: World Init took: (0.001051s)
[2025.09.30-04.39.02:141][384]LogPlayLevel: PIE: Created PIE world by copying editor world from /Game/ThirdPersonBP/Maps/ThirdPersonExampleMap.ThirdPersonExampleMap to /Game/ThirdPersonBP/Maps/UEDPIE_0_ThirdPersonExampleMap.ThirdPersonExampleMap (0.009962s)
[2025.09.30-04.39.02:157][384]LogUObjectHash: Compacting FUObjectHashTables data took   1.50ms
[2025.09.30-04.39.02:159][384]LogAudio: Display: Creating Audio Device:                 Id: 3, Scope: Unique, Realtime: True
[2025.09.30-04.39.02:159][384]LogAudioMixer: Display: Audio Mixer Platform Settings:
[2025.09.30-04.39.02:159][384]LogAudioMixer: Display: 	Sample Rate:						  48000
[2025.09.30-04.39.02:159][384]LogAudioMixer: Display: 	Callback Buffer Frame Size Requested: 1024
[2025.09.30-04.39.02:159][384]LogAudioMixer: Display: 	Callback Buffer Frame Size To Use:	  1024
[2025.09.30-04.39.02:159][384]LogAudioMixer: Display: 	Number of buffers to queue:			  2
[2025.09.30-04.39.02:159][384]LogAudioMixer: Display: 	Max Channels (voices):				  32
[2025.09.30-04.39.02:159][384]LogAudioMixer: Display: 	Number of Async Source Workers:		  0
[2025.09.30-04.39.02:159][384]LogAudio: Display: AudioDevice MaxSources: 32
[2025.09.30-04.39.02:160][384]LogAudio: Display: Audio Spatialization Plugin: None (built-in).
[2025.09.30-04.39.02:160][384]LogAudio: Display: Audio Reverb Plugin: None (built-in).
[2025.09.30-04.39.02:160][384]LogAudio: Display: Audio Occlusion Plugin: None (built-in).
[2025.09.30-04.39.02:160][384]LogAudioMixer: Display: Initializing audio mixer.
[2025.09.30-04.39.02:162][384]LogAudioMixer: Display: 0: FrontLeft
[2025.09.30-04.39.02:162][384]LogAudioMixer: Display: 1: FrontRight
[2025.09.30-04.39.02:192][384]LogAudioMixer: Display: Using Audio Device Altavoces (Realtek(R) Audio)
[2025.09.30-04.39.02:192][384]LogAudioMixer: Display: Initializing Sound Submixes...
[2025.09.30-04.39.02:192][384]LogAudioMixer: Display: Creating Master Submix 'MasterSubmixDefault'
[2025.09.30-04.39.02:192][384]LogAudioMixer: Display: Creating Master Submix 'MasterReverbSubmixDefault'
[2025.09.30-04.39.02:192][384]LogAudioMixer: Display: Creating Master Submix 'MasterEQSubmixDefault'
[2025.09.30-04.39.02:192][384]LogAudioMixer: FMixerPlatformXAudio2::StartAudioStream() called
[2025.09.30-04.39.02:192][384]LogAudioMixer: Display: Output buffers initialized: Frames=1024, Channels=2, Samples=2048
[2025.09.30-04.39.02:193][384]LogAudioMixer: Display: Starting AudioMixerPlatformInterface::RunInternal()
[2025.09.30-04.39.02:193][384]LogAudioMixer: Display: FMixerPlatformXAudio2::SubmitBuffer() called for the first time
[2025.09.30-04.39.02:193][384]LogInit: FAudioDevice initialized.
[2025.09.30-04.39.02:193][384]LogAudio: Display: Audio Device (ID: 3) registered with world 'ThirdPersonExampleMap'.
[2025.09.30-04.39.02:201][384]LogLoad: Game class is 'BP_GameMode_C'
[2025.09.30-04.39.02:202][384]LogWorld: Bringing World /Game/ThirdPersonBP/Maps/UEDPIE_0_ThirdPersonExampleMap.ThirdPersonExampleMap up for play (max tick rate 60) at 2025.09.29-22.39.02
[2025.09.30-04.39.02:203][384]LogWorld: Bringing up level for play took: 0.001127
[2025.09.30-04.39.02:203][384]LogOnline: OSS: Creating online subsystem instance for: :Context_8
[2025.09.30-04.39.02:206][384]PIE: Server logged in
[2025.09.30-04.39.02:206][384]PIE: Play in editor total start time 0.107 seconds.
[2025.09.30-04.39.06:372][633]LogBlueprintUserMessages: [BP_FrancisIA_2] Se ha encontrado la mesa
[2025.09.30-04.39.08:355][752]LogBlueprintUserMessages: [BP_FrancisIA_2] OnreachedTable Iniciado
[2025.09.30-04.39.13:355][ 52]LogBlueprintUserMessages: [BP_FrancisIA_2] Paciencia agotada, ENTRANDO EN MODO FURIA
[2025.09.30-04.39.15:355][172]LogBlueprintUserMessages: [BP_FrancisIA_2] EnterFury ejecutado
[2025.09.30-04.39.17:355][292]LogBlueprintUserMessages: [BP_FrancisIA_2] IsAttacking ejecutado
[2025.09.30-04.39.19:606][427]LogBlueprintUserMessages: [BP_FrancisIA_2] MOVETOTARGET ejecutado
[2025.09.30-04.39.19:857][442]LogBlueprintUserMessages: [BP_FrancisIA_2] MOVETOTARGET ejecutado
[2025.09.30-04.39.20:107][457]LogBlueprintUserMessages: [BP_FrancisIA_2] MOVETOTARGET ejecutado
[2025.09.30-04.39.20:356][472]LogBlueprintUserMessages: [BP_FrancisIA_2] MOVETOTARGET ejecutado
[2025.09.30-04.39.20:606][487]LogBlueprintUserMessages: [BP_FrancisIA_2] MOVETOTARGET ejecutado
[2025.09.30-04.39.20:857][502]LogBlueprintUserMessages: [BP_FrancisIA_2] MOVETOTARGET ejecutado
[2025.09.30-04.39.21:106][517]LogBlueprintUserMessages: [BP_FrancisIA_2] MOVETOTARGET ejecutado
[2025.09.30-04.39.21:357][532]LogBlueprintUserMessages: [BP_FrancisIA_2] MOVETOTARGET ejecutado
[2025.09.30-04.39.21:607][547]LogBlueprintUserMessages: [BP_FrancisIA_2] MOVETOTARGET ejecutado
[2025.09.30-04.39.21:857][562]LogBlueprintUserMessages: [BP_FrancisIA_2] MOVETOTARGET ejecutado
[2025.09.30-04.39.22:107][577]LogBlueprintUserMessages: [BP_FrancisIA_2] MOVETOTARGET ejecutado
[2025.09.30-04.39.22:357][592]LogBlueprintUserMessages: [BP_FrancisIA_2] MOVETOTARGET ejecutado
[2025.09.30-04.39.22:607][607]LogBlueprintUserMessages: [BP_FrancisIA_2] MOVETOTARGET ejecutado
[2025.09.30-04.39.22:856][622]LogBlueprintUserMessages: [BP_FrancisIA_2] MOVETOTARGET ejecutado
[2025.09.30-04.39.23:106][637]LogBlueprintUserMessages: [BP_FrancisIA_2] MOVETOTARGET ejecutado
[2025.09.30-04.39.23:357][652]LogBlueprintUserMessages: [BP_FrancisIA_2] MOVETOTARGET ejecutado
[2025.09.30-04.39.23:607][667]LogBlueprintUserMessages: [BP_FrancisIA_2] MOVETOTARGET ejecutado
[2025.09.30-04.39.23:857][682]LogBlueprintUserMessages: [BP_FrancisIA_2] MOVETOTARGET ejecutado
[2025.09.30-04.39.24:107][697]LogBlueprintUserMessages: [BP_FrancisIA_2] MOVETOTARGET ejecutado
[2025.09.30-04.39.24:357][712]LogBlueprintUserMessages: [BP_FrancisIA_2] MOVETOTARGET ejecutado
[2025.09.30-04.39.24:607][727]LogBlueprintUserMessages: [BP_FrancisIA_2] MOVETOTARGET ejecutado
[2025.09.30-04.39.24:857][742]LogBlueprintUserMessages: [BP_FrancisIA_2] MOVETOTARGET ejecutado
[2025.09.30-04.39.25:106][757]LogBlueprintUserMessages: [BP_FrancisIA_2] MOVETOTARGET ejecutado
[2025.09.30-04.39.25:357][772]LogBlueprintUserMessages: [BP_FrancisIA_2] MOVETOTARGET ejecutado
[2025.09.30-04.39.25:607][787]LogBlueprintUserMessages: [BP_FrancisIA_2] MOVETOTARGET ejecutado
[2025.09.30-04.39.25:857][802]LogBlueprintUserMessages: [BP_FrancisIA_2] MOVETOTARGET ejecutado
[2025.09.30-04.39.26:107][817]LogBlueprintUserMessages: [BP_FrancisIA_2] MOVETOTARGET ejecutado
[2025.09.30-04.39.26:357][832]LogBlueprintUserMessages: [BP_FrancisIA_2] MOVETOTARGET ejecutado
[2025.09.30-04.39.26:607][847]LogBlueprintUserMessages: [BP_FrancisIA_2] MOVETOTARGET ejecutado
[2025.09.30-04.39.26:857][862]LogBlueprintUserMessages: [BP_FrancisIA_2] MOVETOTARGET ejecutado
[2025.09.30-04.39.27:107][877]LogBlueprintUserMessages: [BP_FrancisIA_2] MOVETOTARGET ejecutado
[2025.09.30-04.39.27:357][892]LogBlueprintUserMessages: [BP_FrancisIA_2] MOVETOTARGET ejecutado
[2025.09.30-04.39.27:607][907]LogBlueprintUserMessages: [BP_FrancisIA_2] MOVETOTARGET ejecutado
[2025.09.30-04.39.27:857][922]LogBlueprintUserMessages: [BP_FrancisIA_2] MOVETOTARGET ejecutado
[2025.09.30-04.39.28:107][937]LogBlueprintUserMessages: [BP_FrancisIA_2] MOVETOTARGET ejecutado
[2025.09.30-04.39.28:357][952]LogBlueprintUserMessages: [BP_FrancisIA_2] MOVETOTARGET ejecutado
[2025.09.30-04.39.28:608][967]LogBlueprintUserMessages: [BP_FrancisIA_2] MOVETOTARGET ejecutado
[2025.09.30-04.39.28:857][982]LogBlueprintUserMessages: [BP_FrancisIA_2] MOVETOTARGET ejecutado
[2025.09.30-04.39.29:107][997]LogBlueprintUserMessages: [BP_FrancisIA_2] MOVETOTARGET ejecutado
[2025.09.30-04.39.29:357][ 12]LogBlueprintUserMessages: [BP_FrancisIA_2] MOVETOTARGET ejecutado
[2025.09.30-04.39.29:607][ 27]LogBlueprintUserMessages: [BP_FrancisIA_2] MOVETOTARGET ejecutado
[2025.09.30-04.39.29:857][ 42]LogBlueprintUserMessages: [BP_FrancisIA_2] MOVETOTARGET ejecutado
[2025.09.30-04.39.30:106][ 57]LogBlueprintUserMessages: [BP_FrancisIA_2] MOVETOTARGET ejecutado
[2025.09.30-04.39.30:357][ 72]LogBlueprintUserMessages: [BP_FrancisIA_2] MOVETOTARGET ejecutado
[2025.09.30-04.39.30:607][ 87]LogBlueprintUserMessages: [BP_FrancisIA_2] MOVETOTARGET ejecutado
[2025.09.30-04.39.30:857][102]LogBlueprintUserMessages: [BP_FrancisIA_2] MOVETOTARGET ejecutado
[2025.09.30-04.39.31:107][117]LogBlueprintUserMessages: [BP_FrancisIA_2] MOVETOTARGET ejecutado
[2025.09.30-04.39.31:356][132]LogBlueprintUserMessages: [BP_FrancisIA_2] MOVETOTARGET ejecutado
[2025.09.30-04.39.31:607][147]LogBlueprintUserMessages: [BP_FrancisIA_2] MOVETOTARGET ejecutado
[2025.09.30-04.39.31:857][162]LogBlueprintUserMessages: [BP_FrancisIA_2] MOVETOTARGET ejecutado
[2025.09.30-04.39.32:108][177]LogBlueprintUserMessages: [BP_FrancisIA_2] MOVETOTARGET ejecutado
[2025.09.30-04.39.32:361][192]LogBlueprintUserMessages: [BP_FrancisIA_2] MOVETOTARGET ejecutado
[2025.09.30-04.39.32:611][207]LogBlueprintUserMessages: [BP_FrancisIA_2] MOVETOTARGET ejecutado
[2025.09.30-04.39.32:861][222]LogBlueprintUserMessages: [BP_FrancisIA_2] MOVETOTARGET ejecutado
[2025.09.30-04.39.33:110][237]LogBlueprintUserMessages: [BP_FrancisIA_2] MOVETOTARGET ejecutado
[2025.09.30-04.39.33:360][252]LogBlueprintUserMessages: [BP_FrancisIA_2] MOVETOTARGET ejecutado
[2025.09.30-04.39.33:611][267]LogBlueprintUserMessages: [BP_FrancisIA_2] MOVETOTARGET ejecutado
[2025.09.30-04.39.33:861][282]LogBlueprintUserMessages: [BP_FrancisIA_2] MOVETOTARGET ejecutado
[2025.09.30-04.39.34:111][297]LogBlueprintUserMessages: [BP_FrancisIA_2] MOVETOTARGET ejecutado
[2025.09.30-04.39.34:361][312]LogBlueprintUserMessages: [BP_FrancisIA_2] MOVETOTARGET ejecutado
[2025.09.30-04.39.34:610][327]LogBlueprintUserMessages: [BP_FrancisIA_2] MOVETOTARGET ejecutado
[2025.09.30-04.39.34:860][342]LogBlueprintUserMessages: [BP_FrancisIA_2] MOVETOTARGET ejecutado
[2025.09.30-04.39.35:111][357]LogBlueprintUserMessages: [BP_FrancisIA_2] MOVETOTARGET ejecutado
[2025.09.30-04.39.35:361][372]LogBlueprintUserMessages: [BP_FrancisIA_2] MOVETOTARGET ejecutado
[2025.09.30-04.39.35:611][387]LogBlueprintUserMessages: [BP_FrancisIA_2] MOVETOTARGET ejecutado
[2025.09.30-04.39.35:861][402]LogBlueprintUserMessages: [BP_FrancisIA_2] MOVETOTARGET ejecutado
[2025.09.30-04.39.36:111][417]LogBlueprintUserMessages: [BP_FrancisIA_2] MOVETOTARGET ejecutado
[2025.09.30-04.39.36:361][432]LogBlueprintUserMessages: [BP_FrancisIA_2] MOVETOTARGET ejecutado
[2025.09.30-04.39.36:611][447]LogBlueprintUserMessages: [BP_FrancisIA_2] MOVETOTARGET ejecutado
[2025.09.30-04.39.36:861][462]LogBlueprintUserMessages: [BP_FrancisIA_2] MOVETOTARGET ejecutado
[2025.09.30-04.39.37:111][477]LogBlueprintUserMessages: [BP_FrancisIA_2] MOVETOTARGET ejecutado
[2025.09.30-04.39.37:360][492]LogBlueprintUserMessages: [BP_FrancisIA_2] MOVETOTARGET ejecutado
[2025.09.30-04.39.37:611][507]LogBlueprintUserMessages: [BP_FrancisIA_2] MOVETOTARGET ejecutado
[2025.09.30-04.39.37:861][522]LogBlueprintUserMessages: [BP_FrancisIA_2] MOVETOTARGET ejecutado
[2025.09.30-04.39.38:110][537]LogBlueprintUserMessages: [BP_FrancisIA_2] MOVETOTARGET ejecutado
[2025.09.30-04.39.38:294][546]LogSlate: Updating window title bar state: overlay mode, drag disabled, window buttons hidden, title bar hidden
[2025.09.30-04.39.38:294][546]LogWorld: BeginTearingDown for /Game/ThirdPersonBP/Maps/UEDPIE_0_ThirdPersonExampleMap
[2025.09.30-04.39.38:294][546]LogWorld: UWorld::CleanupWorld for ThirdPersonExampleMap, bSessionEnded=true, bCleanupResources=true
[2025.09.30-04.39.38:294][546]LogSlate: InvalidateAllWidgets triggered.  All widgets were invalidated
[2025.09.30-04.39.38:303][546]LogPlayLevel: Display: Shutting down PIE online subsystems
[2025.09.30-04.39.38:311][546]LogSlate: InvalidateAllWidgets triggered.  All widgets were invalidated
[2025.09.30-04.39.38:321][546]LogAudio: Display: Audio Device unregistered from world 'None'.
[2025.09.30-04.39.38:322][546]LogAudioMixer: FMixerPlatformXAudio2::StopAudioStream() called
[2025.09.30-04.39.38:323][546]LogAudioMixer: FMixerPlatformXAudio2::StopAudioStream() called
[2025.09.30-04.39.38:324][546]LogSlate: Updating window title bar state: overlay mode, drag disabled, window buttons hidden, title bar hidden
[2025.09.30-04.39.38:327][546]LogUObjectHash: Compacting FUObjectHashTables data took   1.19ms
[2025.09.30-04.39.38:380][548]LogPlayLevel: Display: Destroying online subsystem :Context_8
[2025.09.30-04.42.59:558][613]LogAssetEditorSubsystem: Opening Asset editor for AnimBlueprint /Game/Characters/Clare/AnimationBP/ABP_Clare.ABP_Clare
[2025.09.30-04.42.59:579][613]LogNativeClassHierarchy: Verbose: Native class hierarchy updated for 'SkeletonEditor' in 0.0004 seconds. Added 1 classes and 2 folders.
[2025.09.30-04.42.59:585][613]LogTexture: Default maximum texture size for cubemaps generated from long-lat sources has been changed from 512 to unlimited. In order to preserve old behaiour for '/Engine/EditorMaterials/AssetViewer/EpicQuadPanorama_CC+EV1.EpicQuadPanorama_CC+EV1', its maximum texture size has been explicitly set to 512.
[2025.09.30-04.42.59:655][613]LogTexture: Default maximum texture size for cubemaps generated from long-lat sources has been changed from 512 to unlimited. In order to preserve old behaiour for '/Engine/MapTemplates/Sky/SunsetAmbientCubemap.SunsetAmbientCubemap', its maximum texture size has been explicitly set to 512.
[2025.09.30-04.42.59:718][613]LogActorComponent: RegisterComponentWithWorld: (/Engine/Transient.World_8:PersistentLevel.AnimationEditorPreviewActor_0.DebugSkelMeshComponent_0) Already registered. Aborting.
[2025.09.30-04.42.59:722][613]LogNativeClassHierarchy: Verbose: Native class hierarchy updated for 'PinnedCommandList' in 0.0003 seconds. Added 1 classes and 0 folders.
[2025.09.30-04.43.26:599][176]LogSlate: Window 'ABP_Clare' being destroyed
[2025.09.30-04.43.26:609][176]LogWorld: UWorld::CleanupWorld for World_8, bSessionEnded=true, bCleanupResources=true
[2025.09.30-04.43.26:609][176]LogSlate: InvalidateAllWidgets triggered.  All widgets were invalidated
[2025.09.30-04.43.26:616][176]LogWorld: UWorld::CleanupWorld for World_7, bSessionEnded=true, bCleanupResources=true
[2025.09.30-04.43.26:617][176]LogSlate: InvalidateAllWidgets triggered.  All widgets were invalidated
[2025.09.30-04.43.26:675][176]LogWorld: UWorld::CleanupWorld for World_9, bSessionEnded=true, bCleanupResources=true
[2025.09.30-04.43.26:675][176]LogSlate: InvalidateAllWidgets triggered.  All widgets were invalidated
[2025.09.30-04.43.30:937][430]LogAssetEditorSubsystem: Opening Asset editor for AnimMontage /Game/Characters/Clare/Animations/AM_KnifeAttack.AM_KnifeAttack
[2025.09.30-04.43.30:949][430]LogActorComponent: RegisterComponentWithWorld: (/Engine/Transient.World_14:PersistentLevel.AnimationEditorPreviewActor_0.DebugSkelMeshComponent_0) Already registered. Aborting.
[2025.09.30-04.43.44:038][185]LogSlate: Window 'AM_KnifeAttack' being destroyed
[2025.09.30-04.43.44:072][185]LogWorld: UWorld::CleanupWorld for World_14, bSessionEnded=true, bCleanupResources=true
[2025.09.30-04.43.44:072][185]LogSlate: InvalidateAllWidgets triggered.  All widgets were invalidated
[2025.09.30-04.43.44:109][185]LogWorld: UWorld::CleanupWorld for World_15, bSessionEnded=true, bCleanupResources=true
[2025.09.30-04.43.44:109][185]LogSlate: InvalidateAllWidgets triggered.  All widgets were invalidated
[2025.09.30-04.43.45:896][291]LogAssetEditorSubsystem: Opening Asset editor for BlendSpace /Game/Characters/Clare/Animations/ABP_Movement.ABP_Movement
[2025.09.30-04.43.45:902][291]LogActorComponent: RegisterComponentWithWorld: (/Engine/Transient.World_16:PersistentLevel.AnimationEditorPreviewActor_0.DebugSkelMeshComponent_0) Already registered. Aborting.
[2025.09.30-04.43.46:135][291]LogContentBrowser: Verbose: The majority of assets in the view are of type: AnimSequence
[2025.09.30-04.43.55:075][827]LogSlate: Window 'ABP_Movement' being destroyed
[2025.09.30-04.43.55:121][827]LogWorld: UWorld::CleanupWorld for World_16, bSessionEnded=true, bCleanupResources=true
[2025.09.30-04.43.55:121][827]LogSlate: InvalidateAllWidgets triggered.  All widgets were invalidated
[2025.09.30-04.43.55:156][827]LogWorld: UWorld::CleanupWorld for World_17, bSessionEnded=true, bCleanupResources=true
[2025.09.30-04.43.55:157][827]LogSlate: InvalidateAllWidgets triggered.  All widgets were invalidated
[2025.09.30-04.43.56:586][911]LogAssetEditorSubsystem: Opening Asset editor for AnimSequence /Game/Characters/Clare/Animations/A_ClareKnifeAttack.A_ClareKnifeAttack
[2025.09.30-04.43.56:589][911]LogActorComponent: RegisterComponentWithWorld: (/Engine/Transient.World_18:PersistentLevel.AnimationEditorPreviewActor_0.DebugSkelMeshComponent_0) Already registered. Aborting.
[2025.09.30-04.43.56:834][911]LogContentBrowser: Verbose: The majority of assets in the view are of type: AnimSequence
[2025.09.30-04.43.59:239][ 55]LogSlate: Window 'A_ClareKnifeAttack' being destroyed
[2025.09.30-04.43.59:245][ 55]LogWorld: UWorld::CleanupWorld for World_18, bSessionEnded=true, bCleanupResources=true
[2025.09.30-04.43.59:245][ 55]LogSlate: InvalidateAllWidgets triggered.  All widgets were invalidated
[2025.09.30-04.43.59:258][ 55]LogWorld: UWorld::CleanupWorld for World_20, bSessionEnded=true, bCleanupResources=true
[2025.09.30-04.43.59:258][ 55]LogSlate: InvalidateAllWidgets triggered.  All widgets were invalidated
[2025.09.30-04.43.59:300][ 55]LogWorld: UWorld::CleanupWorld for World_19, bSessionEnded=true, bCleanupResources=true
[2025.09.30-04.43.59:300][ 55]LogSlate: InvalidateAllWidgets triggered.  All widgets were invalidated
[2025.09.30-04.44.39:527][876]LogUObjectHash: Compacting FUObjectHashTables data took   3.23ms
[2025.09.30-04.44.39:547][876]LogSavePackage: Moving '../../../../../Proyectos UE 4.27/TasteOfMadness/TasteOfMadness/Saved/ThirdPersonExampleMap_Auto25EA03BF84944FFCE7B48A5A0FC14341F.tmp' to '../../../../../Proyectos UE 4.27/TasteOfMadness/TasteOfMadness/Saved/Autosaves/Game/ThirdPersonBP/Maps/ThirdPersonExampleMap_Auto2.umap'
[2025.09.30-04.44.39:549][876]LogFileHelpers: Editor autosave (incl. external actors) for '/Game/ThirdPersonBP/Maps/ThirdPersonExampleMap' took 0.118
[2025.09.30-04.44.39:549][876]LogFileHelpers: Editor autosave (incl. sublevels & external actors) for all levels took 0.118
[2025.09.30-04.45.10:543][546]LogEditorClassViewer: Warning: Class /Engine/Tutorial/InWorldBlueprintEditing/TutorialAssets/IWBE_Blutility.IWBE_Blutility_C has parent /Script/Blutility.PlacedEditorUtilityBase, but this parent is not found. The Class will not be shown in ClassViewer.
[2025.09.30-04.45.10:602][546]LogContentBrowser: Verbose: The majority of assets in the view are of type: Skeleton
[2025.09.30-04.45.20:185][546]LogSlate: Window 'Create Animation Blueprint' being destroyed
[2025.09.30-04.45.20:195][546]LogContentBrowser: Deferred new asset file creation: NewAnimBlueprint
[2025.09.30-04.45.20:205][546]LogContentBrowser: Creating deferred item: NewAnimBlueprint
[2025.09.30-04.45.30:395][154]LogContentBrowser: Attempting asset rename: NewAnimBlueprint -> ABP_Francis
[2025.09.30-04.45.30:398][154]LogContentBrowser: End creating deferred item NewAnimBlueprint
[2025.09.30-04.45.40:467][757]LogAssetEditorSubsystem: Opening Asset editor for AnimBlueprint /Game/Characters/Francis/Animations/ABP_Francis.ABP_Francis
[2025.09.30-04.45.40:473][757]LogActorComponent: RegisterComponentWithWorld: (/Engine/Transient.World_23:PersistentLevel.AnimationEditorPreviewActor_0.DebugSkelMeshComponent_0) Already registered. Aborting.
[2025.09.30-04.50.38:978][604]LogAssetEditorSubsystem: Opening Asset editor for AnimBlueprint /Game/Characters/Clare/AnimationBP/ABP_Clare.ABP_Clare
[2025.09.30-04.50.38:982][604]LogActorComponent: RegisterComponentWithWorld: (/Engine/Transient.World_26:PersistentLevel.AnimationEditorPreviewActor_0.DebugSkelMeshComponent_0) Already registered. Aborting.
[2025.09.30-04.51.20:760][ 74]LogSlate: Window 'ABP_Clare' being destroyed
[2025.09.30-04.51.20:766][ 74]LogSlate: Window 'ABP_Clare' being destroyed
[2025.09.30-04.51.20:772][ 74]LogWorld: UWorld::CleanupWorld for World_23, bSessionEnded=true, bCleanupResources=true
[2025.09.30-04.51.20:772][ 74]LogSlate: InvalidateAllWidgets triggered.  All widgets were invalidated
[2025.09.30-04.51.20:779][ 74]LogWorld: UWorld::CleanupWorld for World_22, bSessionEnded=true, bCleanupResources=true
[2025.09.30-04.51.20:780][ 74]LogSlate: InvalidateAllWidgets triggered.  All widgets were invalidated
[2025.09.30-04.51.20:839][ 74]LogWorld: UWorld::CleanupWorld for World_24, bSessionEnded=true, bCleanupResources=true
[2025.09.30-04.51.20:839][ 74]LogSlate: InvalidateAllWidgets triggered.  All widgets were invalidated
[2025.09.30-04.51.20:857][ 74]LogWorld: UWorld::CleanupWorld for World_26, bSessionEnded=true, bCleanupResources=true
[2025.09.30-04.51.20:857][ 74]LogSlate: InvalidateAllWidgets triggered.  All widgets were invalidated
[2025.09.30-04.51.20:863][ 74]LogWorld: UWorld::CleanupWorld for World_25, bSessionEnded=true, bCleanupResources=true
[2025.09.30-04.51.20:863][ 74]LogSlate: InvalidateAllWidgets triggered.  All widgets were invalidated
[2025.09.30-04.51.20:898][ 74]LogWorld: UWorld::CleanupWorld for World_27, bSessionEnded=true, bCleanupResources=true
[2025.09.30-04.51.20:898][ 74]LogSlate: InvalidateAllWidgets triggered.  All widgets were invalidated
[2025.09.30-04.51.22:317][158]LogAssetEditorSubsystem: Opening Asset editor for AnimBlueprint /Game/Characters/Clare/AnimationBP/ABP_Clare.ABP_Clare
[2025.09.30-04.51.22:321][158]LogActorComponent: RegisterComponentWithWorld: (/Engine/Transient.World_29:PersistentLevel.AnimationEditorPreviewActor_0.DebugSkelMeshComponent_0) Already registered. Aborting.
[2025.09.30-04.51.25:371][322]LogSlate: Window 'ABP_Clare' being destroyed
[2025.09.30-04.51.25:377][322]LogSlate: Window 'ABP_Clare' being destroyed
[2025.09.30-04.51.25:380][322]LogWorld: UWorld::CleanupWorld for World_29, bSessionEnded=true, bCleanupResources=true
[2025.09.30-04.51.25:380][322]LogSlate: InvalidateAllWidgets triggered.  All widgets were invalidated
[2025.09.30-04.51.25:387][322]LogWorld: UWorld::CleanupWorld for World_28, bSessionEnded=true, bCleanupResources=true
[2025.09.30-04.51.25:387][322]LogSlate: InvalidateAllWidgets triggered.  All widgets were invalidated
[2025.09.30-04.51.25:429][322]LogWorld: UWorld::CleanupWorld for World_30, bSessionEnded=true, bCleanupResources=true
[2025.09.30-04.51.25:429][322]LogSlate: InvalidateAllWidgets triggered.  All widgets were invalidated
[2025.09.30-04.51.34:145][844]LogAssetEditorSubsystem: Opening Asset editor for AnimBlueprint /Game/Characters/Francis/Animations/ABP_Francis.ABP_Francis
[2025.09.30-04.51.34:149][844]LogActorComponent: RegisterComponentWithWorld: (/Engine/Transient.World_33:PersistentLevel.AnimationEditorPreviewActor_0.DebugSkelMeshComponent_0) Already registered. Aborting.
[2025.09.30-04.54.08:767][223]LogAssetEditorSubsystem: Opening Asset editor for AnimSequence /Game/Mannequin/Animations/ThirdPersonIdle.ThirdPersonIdle
[2025.09.30-04.54.08:769][223]LogActorComponent: RegisterComponentWithWorld: (/Engine/Transient.World_35:PersistentLevel.AnimationEditorPreviewActor_0.DebugSkelMeshComponent_0) Already registered. Aborting.
[2025.09.30-04.54.09:002][223]LogContentBrowser: Verbose: The majority of assets in the view are of type: AnimSequence
[2025.09.30-04.54.29:094][948]LogWorld: UWorld::CleanupWorld for World_35, bSessionEnded=true, bCleanupResources=true
[2025.09.30-04.54.29:094][948]LogSlate: InvalidateAllWidgets triggered.  All widgets were invalidated
[2025.09.30-04.54.29:106][948]LogWorld: UWorld::CleanupWorld for World_37, bSessionEnded=true, bCleanupResources=true
[2025.09.30-04.54.29:106][948]LogSlate: InvalidateAllWidgets triggered.  All widgets were invalidated
[2025.09.30-04.54.29:147][948]LogWorld: UWorld::CleanupWorld for World_36, bSessionEnded=true, bCleanupResources=true
[2025.09.30-04.54.29:147][948]LogSlate: InvalidateAllWidgets triggered.  All widgets were invalidated
[2025.09.30-04.54.57:208][638]LogUObjectHash: Compacting FUObjectHashTables data took   3.46ms
[2025.09.30-04.54.57:212][638]LogFileHelpers: Editor autosave (incl. external actors) for '/Game/ThirdPersonBP/Maps/ThirdPersonExampleMap' took 0.080
[2025.09.30-04.56.13:714][ 84]LogAssetEditorSubsystem: Opening Asset editor for BlendSpace1D /Game/Mannequin/Animations/ThirdPerson_IdleRun_2D.ThirdPerson_IdleRun_2D
[2025.09.30-04.56.13:716][ 84]LogActorComponent: RegisterComponentWithWorld: (/Engine/Transient.World_38:PersistentLevel.AnimationEditorPreviewActor_0.DebugSkelMeshComponent_0) Already registered. Aborting.
[2025.09.30-04.56.13:937][ 84]LogContentBrowser: Verbose: The majority of assets in the view are of type: AnimSequence
[2025.09.30-04.56.29:001][985]LogWorld: UWorld::CleanupWorld for World_38, bSessionEnded=true, bCleanupResources=true
[2025.09.30-04.56.29:001][985]LogSlate: InvalidateAllWidgets triggered.  All widgets were invalidated
[2025.09.30-04.56.29:035][985]LogWorld: UWorld::CleanupWorld for World_39, bSessionEnded=true, bCleanupResources=true
[2025.09.30-04.56.29:036][985]LogSlate: InvalidateAllWidgets triggered.  All widgets were invalidated
[2025.09.30-05.03.34:601][273]BlueprintLog: New page: Compile ABP_Francis
[2025.09.30-05.03.34:603][273]LogBlueprint: Warning: [AssetLog] /Game/Characters/Francis/Animations/ABP_Francis.ABP_Francis (no disk path found): [Compiler] Entry node  LocomotionSM  is not connected to state
[2025.09.30-05.03.34:604][273]LogBlueprint: Warning: [AssetLog] /Game/Characters/Francis/Animations/ABP_Francis.ABP_Francis (no disk path found): [Compiler] Idle to Walk  will never be taken, please connect something to  Can Enter Transition
[2025.09.30-05.03.34:604][273]LogBlueprint: Warning: [AssetLog] /Game/Characters/Francis/Animations/ABP_Francis.ABP_Francis (no disk path found): [Compiler] There was no entry state connection in  LocomotionSM
[2025.09.30-05.03.34:635][273]LogUObjectHash: Compacting FUObjectHashTables data took   2.05ms
[2025.09.30-05.03.39:248][546]LogSavePackage: Moving '../../../../../Proyectos UE 4.27/TasteOfMadness/TasteOfMadness/Saved/ABP_Francis78481FFD44D3114A28FA93B50494463A.tmp' to '../../../../../Proyectos UE 4.27/TasteOfMadness/TasteOfMadness/Content/Characters/Francis/Animations/ABP_Francis.uasset'
[2025.09.30-05.03.39:261][546]AssetCheck: New page: Asset Save: ABP_Francis
[2025.09.30-05.03.39:261][546]LogContentValidation: Display: Validating AnimBlueprint /Game/Characters/Francis/Animations/ABP_Francis.ABP_Francis
[2025.09.30-05.04.58:014][252]BlueprintLog: New page: Compile ABP_Francis
[2025.09.30-05.04.58:016][252]LogBlueprint: Warning: [AssetLog] F:\Proyectos UE 4.27\TasteOfMadness\TasteOfMadness\Content\Characters\Francis\Animations\ABP_Francis.uasset: [Compiler] Entry node  LocomotionSM  is not connected to state
[2025.09.30-05.04.58:017][252]LogBlueprint: Warning: [AssetLog] F:\Proyectos UE 4.27\TasteOfMadness\TasteOfMadness\Content\Characters\Francis\Animations\ABP_Francis.uasset: [Compiler] There was no entry state connection in  LocomotionSM
[2025.09.30-05.04.58:042][252]LogUObjectHash: Compacting FUObjectHashTables data took   1.77ms
[2025.09.30-05.05.01:600][461]LogSavePackage: Moving '../../../../../Proyectos UE 4.27/TasteOfMadness/TasteOfMadness/Saved/ABP_FrancisB45C6FF94FB12ACD4341E5BE3D10FDC1.tmp' to '../../../../../Proyectos UE 4.27/TasteOfMadness/TasteOfMadness/Content/Characters/Francis/Animations/ABP_Francis.uasset'
[2025.09.30-05.05.01:613][461]AssetCheck: New page: Asset Save: ABP_Francis
[2025.09.30-05.05.01:613][461]LogContentValidation: Display: Validating AnimBlueprint /Game/Characters/Francis/Animations/ABP_Francis.ABP_Francis
[2025.09.30-05.05.32:443][300]LogSelectionDetails: Warning: NavigateToFunctionSource:  Unable to find symbols for 'UKismetMathLibrary::LessEqual_FloatFloat' [No se puede encontrar el módulo especificado.]
[2025.09.30-05.05.44:403][ 13]BlueprintLog: New page: Compile ABP_Francis
[2025.09.30-05.05.44:406][ 13]LogBlueprint: Warning: [AssetLog] F:\Proyectos UE 4.27\TasteOfMadness\TasteOfMadness\Content\Characters\Francis\Animations\ABP_Francis.uasset: [Compiler] Entry node  LocomotionSM  is not connected to state
[2025.09.30-05.05.44:407][ 13]LogBlueprint: Warning: [AssetLog] F:\Proyectos UE 4.27\TasteOfMadness\TasteOfMadness\Content\Characters\Francis\Animations\ABP_Francis.uasset: [Compiler] There was no entry state connection in  LocomotionSM
[2025.09.30-05.05.44:432][ 13]LogUObjectHash: Compacting FUObjectHashTables data took   1.96ms
[2025.09.30-05.05.46:466][134]BlueprintLog: New page: Compile ABP_Francis
[2025.09.30-05.05.46:468][134]LogBlueprint: Warning: [AssetLog] F:\Proyectos UE 4.27\TasteOfMadness\TasteOfMadness\Content\Characters\Francis\Animations\ABP_Francis.uasset: [Compiler] Entry node  LocomotionSM  is not connected to state
[2025.09.30-05.05.46:468][134]LogBlueprint: Warning: [AssetLog] F:\Proyectos UE 4.27\TasteOfMadness\TasteOfMadness\Content\Characters\Francis\Animations\ABP_Francis.uasset: [Compiler] There was no entry state connection in  LocomotionSM
[2025.09.30-05.05.46:495][134]LogUObjectHash: Compacting FUObjectHashTables data took   1.64ms
[2025.09.30-05.05.47:352][183]LogSavePackage: Moving '../../../../../Proyectos UE 4.27/TasteOfMadness/TasteOfMadness/Saved/ABP_Francis55AB6FF342D23E21A60B9F88A471BC9A.tmp' to '../../../../../Proyectos UE 4.27/TasteOfMadness/TasteOfMadness/Content/Characters/Francis/Animations/ABP_Francis.uasset'
[2025.09.30-05.05.47:364][183]AssetCheck: New page: Asset Save: ABP_Francis
[2025.09.30-05.05.47:364][183]LogContentValidation: Display: Validating AnimBlueprint /Game/Characters/Francis/Animations/ABP_Francis.ABP_Francis
[2025.09.30-05.06.17:611][988]LogUObjectHash: Compacting FUObjectHashTables data took   1.58ms
[2025.09.30-05.06.17:614][988]LogFileHelpers: Editor autosave (incl. external actors) for '/Game/ThirdPersonBP/Maps/ThirdPersonExampleMap' took 0.019
[2025.09.30-05.06.17:615][988]OBJ SavePackage: Generating thumbnails for [1] asset(s) in package [/Game/Characters/Francis/Animations/ABP_Francis] ([2] browsable assets)...
[2025.09.30-05.06.17:615][988]OBJ SavePackage: Finished generating thumbnails for package [/Game/Characters/Francis/Animations/ABP_Francis]
[2025.09.30-05.06.17:626][988]LogSavePackage: Moving '../../../../../Proyectos UE 4.27/TasteOfMadness/TasteOfMadness/Saved/ABP_Francis_Auto3727A1CA546B77FA1EB04E7AAC9D84168.tmp' to '../../../../../Proyectos UE 4.27/TasteOfMadness/TasteOfMadness/Saved/Autosaves/Game/Characters/Francis/Animations/ABP_Francis_Auto3.uasset'
[2025.09.30-05.06.17:627][988]LogFileHelpers: Auto-saving content packages took 0.012
[2025.09.30-05.06.20:803][178]LogAssetEditorSubsystem: Opening Asset editor for Blueprint /Game/Characters/Francis/Blueprints/BP_FrancisIA.BP_FrancisIA
[2025.09.30-05.06.47:945][780]LogSlate: Prevented a slow task dialog from being summoned while a context menu was open
[2025.09.30-05.06.47:963][780]LogEditorClassViewer: Warning: Class /Engine/Tutorial/InWorldBlueprintEditing/TutorialAssets/IWBE_Blutility.IWBE_Blutility_C has parent /Script/Blutility.PlacedEditorUtilityBase, but this parent is not found. The Class will not be shown in ClassViewer.
[2025.09.30-05.07.19:167][643]BlueprintLog: New page: Compile BP_FrancisIA
[2025.09.30-05.07.19:223][643]LogUObjectHash: Compacting FUObjectHashTables data took   1.43ms
[2025.09.30-05.07.20:164][691]LogSavePackage: Moving '../../../../../Proyectos UE 4.27/TasteOfMadness/TasteOfMadness/Saved/BP_FrancisIAB398DEE6404A5CCDAEABDFA013EE8DD6.tmp' to '../../../../../Proyectos UE 4.27/TasteOfMadness/TasteOfMadness/Content/Characters/Francis/Blueprints/BP_FrancisIA.uasset'
[2025.09.30-05.07.20:178][691]AssetCheck: New page: Asset Save: BP_FrancisIA
[2025.09.30-05.07.20:178][691]LogContentValidation: Display: Validating Blueprint /Game/Characters/Francis/Blueprints/BP_FrancisIA.BP_FrancisIA
[2025.09.30-05.07.22:757][846]LogEditorViewport: Clicking on Actor (LMB): StaticMeshActor (Floor)
[2025.09.30-05.07.23:545][892]LogTemp: Repeating last play command: Selected Viewport
[2025.09.30-05.07.23:550][892]LogPlayLevel: PlayLevel: No blueprints needed recompiling
[2025.09.30-05.07.23:551][892]PIE: New page: PIE session: ThirdPersonExampleMap (29 sep. 2025 18:07:23)
[2025.09.30-05.07.23:551][892]LogPlayLevel: Creating play world package: /Game/ThirdPersonBP/Maps/UEDPIE_0_ThirdPersonExampleMap
[2025.09.30-05.07.23:559][892]LogPlayLevel: PIE: StaticDuplicateObject took: (0.009369s)
[2025.09.30-05.07.23:560][892]LogAIModule: Creating AISystem for world ThirdPersonExampleMap
[2025.09.30-05.07.23:561][892]LogPlayLevel: PIE: World Init took: (0.001085s)
[2025.09.30-05.07.23:561][892]LogPlayLevel: PIE: Created PIE world by copying editor world from /Game/ThirdPersonBP/Maps/ThirdPersonExampleMap.ThirdPersonExampleMap to /Game/ThirdPersonBP/Maps/UEDPIE_0_ThirdPersonExampleMap.ThirdPersonExampleMap (0.010618s)
[2025.09.30-05.07.23:578][892]LogUObjectHash: Compacting FUObjectHashTables data took   1.72ms
[2025.09.30-05.07.23:580][892]LogAudio: Display: Creating Audio Device:                 Id: 4, Scope: Unique, Realtime: True
[2025.09.30-05.07.23:580][892]LogAudioMixer: Display: Audio Mixer Platform Settings:
[2025.09.30-05.07.23:580][892]LogAudioMixer: Display: 	Sample Rate:						  48000
[2025.09.30-05.07.23:580][892]LogAudioMixer: Display: 	Callback Buffer Frame Size Requested: 1024
[2025.09.30-05.07.23:580][892]LogAudioMixer: Display: 	Callback Buffer Frame Size To Use:	  1024
[2025.09.30-05.07.23:580][892]LogAudioMixer: Display: 	Number of buffers to queue:			  2
[2025.09.30-05.07.23:580][892]LogAudioMixer: Display: 	Max Channels (voices):				  32
[2025.09.30-05.07.23:580][892]LogAudioMixer: Display: 	Number of Async Source Workers:		  0
[2025.09.30-05.07.23:580][892]LogAudio: Display: AudioDevice MaxSources: 32
[2025.09.30-05.07.23:580][892]LogAudio: Display: Audio Spatialization Plugin: None (built-in).
[2025.09.30-05.07.23:580][892]LogAudio: Display: Audio Reverb Plugin: None (built-in).
[2025.09.30-05.07.23:580][892]LogAudio: Display: Audio Occlusion Plugin: None (built-in).
[2025.09.30-05.07.23:580][892]LogAudioMixer: Display: Initializing audio mixer.
[2025.09.30-05.07.23:583][892]LogAudioMixer: Display: 0: FrontLeft
[2025.09.30-05.07.23:583][892]LogAudioMixer: Display: 1: FrontRight
[2025.09.30-05.07.23:612][892]LogAudioMixer: Display: Using Audio Device Altavoces (Realtek(R) Audio)
[2025.09.30-05.07.23:612][892]LogAudioMixer: Display: Initializing Sound Submixes...
[2025.09.30-05.07.23:613][892]LogAudioMixer: Display: Creating Master Submix 'MasterSubmixDefault'
[2025.09.30-05.07.23:613][892]LogAudioMixer: Display: Creating Master Submix 'MasterReverbSubmixDefault'
[2025.09.30-05.07.23:613][892]LogAudioMixer: Display: Creating Master Submix 'MasterEQSubmixDefault'
[2025.09.30-05.07.23:613][892]LogAudioMixer: FMixerPlatformXAudio2::StartAudioStream() called
[2025.09.30-05.07.23:613][892]LogAudioMixer: Display: Output buffers initialized: Frames=1024, Channels=2, Samples=2048
[2025.09.30-05.07.23:614][892]LogAudioMixer: Display: Starting AudioMixerPlatformInterface::RunInternal()
[2025.09.30-05.07.23:614][892]LogAudioMixer: Display: FMixerPlatformXAudio2::SubmitBuffer() called for the first time
[2025.09.30-05.07.23:614][892]LogInit: FAudioDevice initialized.
[2025.09.30-05.07.23:614][892]LogAudio: Display: Audio Device (ID: 4) registered with world 'ThirdPersonExampleMap'.
[2025.09.30-05.07.23:623][892]LogLoad: Game class is 'BP_GameMode_C'
[2025.09.30-05.07.23:625][892]LogWorld: Bringing World /Game/ThirdPersonBP/Maps/UEDPIE_0_ThirdPersonExampleMap.ThirdPersonExampleMap up for play (max tick rate 60) at 2025.09.29-23.07.23
[2025.09.30-05.07.23:625][892]LogWorld: Bringing up level for play took: 0.001337
[2025.09.30-05.07.23:626][892]LogOnline: OSS: Creating online subsystem instance for: :Context_45
[2025.09.30-05.07.23:628][892]PIE: Server logged in
[2025.09.30-05.07.23:629][892]PIE: Play in editor total start time 0.08 seconds.
[2025.09.30-05.07.27:822][143]LogBlueprintUserMessages: [BP_FrancisIA_2] Se ha encontrado la mesa
[2025.09.30-05.07.29:805][262]LogBlueprintUserMessages: [BP_FrancisIA_2] OnreachedTable Iniciado
[2025.09.30-05.07.33:806][502]LogBlueprintUserMessages: [BP_FrancisIA_2] Paciencia agotada, ENTRANDO EN MODO FURIA
[2025.09.30-05.07.35:805][622]LogBlueprintUserMessages: [BP_FrancisIA_2] EnterFury ejecutado
[2025.09.30-05.07.37:805][742]LogBlueprintUserMessages: [BP_FrancisIA_2] IsAttacking ejecutado
[2025.09.30-05.07.40:055][877]LogBlueprintUserMessages: [BP_FrancisIA_2] MOVETOTARGET ejecutado
[2025.09.30-05.07.40:305][892]LogBlueprintUserMessages: [BP_FrancisIA_2] MOVETOTARGET ejecutado
[2025.09.30-05.07.40:556][907]LogBlueprintUserMessages: [BP_FrancisIA_2] MOVETOTARGET ejecutado
[2025.09.30-05.07.40:805][922]LogBlueprintUserMessages: [BP_FrancisIA_2] MOVETOTARGET ejecutado
[2025.09.30-05.07.41:055][937]LogBlueprintUserMessages: [BP_FrancisIA_2] MOVETOTARGET ejecutado
[2025.09.30-05.07.41:305][952]LogBlueprintUserMessages: [BP_FrancisIA_2] MOVETOTARGET ejecutado
[2025.09.30-05.07.41:555][967]LogBlueprintUserMessages: [BP_FrancisIA_2] MOVETOTARGET ejecutado
[2025.09.30-05.07.41:806][982]LogBlueprintUserMessages: [BP_FrancisIA_2] MOVETOTARGET ejecutado
[2025.09.30-05.07.42:055][997]LogBlueprintUserMessages: [BP_FrancisIA_2] MOVETOTARGET ejecutado
[2025.09.30-05.07.42:306][ 12]LogBlueprintUserMessages: [BP_FrancisIA_2] MOVETOTARGET ejecutado
[2025.09.30-05.07.42:555][ 27]LogBlueprintUserMessages: [BP_FrancisIA_2] MOVETOTARGET ejecutado
[2025.09.30-05.07.42:806][ 42]LogBlueprintUserMessages: [BP_FrancisIA_2] MOVETOTARGET ejecutado
[2025.09.30-05.07.43:056][ 57]LogBlueprintUserMessages: [BP_FrancisIA_2] MOVETOTARGET ejecutado
[2025.09.30-05.07.43:305][ 72]LogBlueprintUserMessages: [BP_FrancisIA_2] MOVETOTARGET ejecutado
[2025.09.30-05.07.43:555][ 87]LogBlueprintUserMessages: [BP_FrancisIA_2] MOVETOTARGET ejecutado
[2025.09.30-05.07.43:805][102]LogBlueprintUserMessages: [BP_FrancisIA_2] MOVETOTARGET ejecutado
[2025.09.30-05.07.44:056][117]LogBlueprintUserMessages: [BP_FrancisIA_2] MOVETOTARGET ejecutado
[2025.09.30-05.07.44:306][132]LogBlueprintUserMessages: [BP_FrancisIA_2] MOVETOTARGET ejecutado
[2025.09.30-05.07.44:555][147]LogBlueprintUserMessages: [BP_FrancisIA_2] MOVETOTARGET ejecutado
[2025.09.30-05.07.44:806][162]LogBlueprintUserMessages: [BP_FrancisIA_2] MOVETOTARGET ejecutado
[2025.09.30-05.07.45:055][177]LogBlueprintUserMessages: [BP_FrancisIA_2] MOVETOTARGET ejecutado
[2025.09.30-05.07.45:305][192]LogBlueprintUserMessages: [BP_FrancisIA_2] MOVETOTARGET ejecutado
[2025.09.30-05.07.45:555][207]LogBlueprintUserMessages: [BP_FrancisIA_2] MOVETOTARGET ejecutado
[2025.09.30-05.07.45:806][222]LogBlueprintUserMessages: [BP_FrancisIA_2] MOVETOTARGET ejecutado
[2025.09.30-05.07.46:056][237]LogBlueprintUserMessages: [BP_FrancisIA_2] MOVETOTARGET ejecutado
[2025.09.30-05.07.46:305][252]LogBlueprintUserMessages: [BP_FrancisIA_2] MOVETOTARGET ejecutado
[2025.09.30-05.07.46:556][267]LogBlueprintUserMessages: [BP_FrancisIA_2] MOVETOTARGET ejecutado
[2025.09.30-05.07.46:806][282]LogBlueprintUserMessages: [BP_FrancisIA_2] MOVETOTARGET ejecutado
[2025.09.30-05.07.47:056][297]LogBlueprintUserMessages: [BP_FrancisIA_2] MOVETOTARGET ejecutado
[2025.09.30-05.07.47:305][312]LogBlueprintUserMessages: [BP_FrancisIA_2] MOVETOTARGET ejecutado
[2025.09.30-05.07.47:556][327]LogBlueprintUserMessages: [BP_FrancisIA_2] MOVETOTARGET ejecutado
[2025.09.30-05.07.47:805][342]LogBlueprintUserMessages: [BP_FrancisIA_2] MOVETOTARGET ejecutado
[2025.09.30-05.07.48:055][357]LogBlueprintUserMessages: [BP_FrancisIA_2] MOVETOTARGET ejecutado
[2025.09.30-05.07.48:305][372]LogBlueprintUserMessages: [BP_FrancisIA_2] MOVETOTARGET ejecutado
[2025.09.30-05.07.48:572][386]LogSlate: Updating window title bar state: overlay mode, drag disabled, window buttons hidden, title bar hidden
[2025.09.30-05.07.48:572][386]LogWorld: BeginTearingDown for /Game/ThirdPersonBP/Maps/UEDPIE_0_ThirdPersonExampleMap
[2025.09.30-05.07.48:572][386]LogWorld: UWorld::CleanupWorld for ThirdPersonExampleMap, bSessionEnded=true, bCleanupResources=true
[2025.09.30-05.07.48:572][386]LogSlate: InvalidateAllWidgets triggered.  All widgets were invalidated
[2025.09.30-05.07.48:580][386]LogPlayLevel: Display: Shutting down PIE online subsystems
[2025.09.30-05.07.48:593][386]LogSlate: InvalidateAllWidgets triggered.  All widgets were invalidated
[2025.09.30-05.07.48:609][386]LogAudio: Display: Audio Device unregistered from world 'None'.
[2025.09.30-05.07.48:609][386]LogAudioMixer: FMixerPlatformXAudio2::StopAudioStream() called
[2025.09.30-05.07.48:611][386]LogAudioMixer: FMixerPlatformXAudio2::StopAudioStream() called
[2025.09.30-05.07.48:612][386]LogSlate: Updating window title bar state: overlay mode, drag disabled, window buttons hidden, title bar hidden
[2025.09.30-05.07.48:614][386]LogUObjectHash: Compacting FUObjectHashTables data took   1.26ms
[2025.09.30-05.07.48:640][387]LogPlayLevel: Display: Destroying online subsystem :Context_45
[2025.09.30-05.07.50:496][496]LogUObjectHash: Compacting FUObjectHashTables data took   1.25ms
[2025.09.30-05.07.50:511][496]LogSavePackage: Moving '../../../../../Proyectos UE 4.27/TasteOfMadness/TasteOfMadness/Saved/ThirdPersonExampleMap34A52E7040D0D6AFDC2B1EBD2EC4FFDB.tmp' to '../../../../../Proyectos UE 4.27/TasteOfMadness/TasteOfMadness/Content/ThirdPersonBP/Maps/ThirdPersonExampleMap.umap'
[2025.09.30-05.07.50:617][496]LogSavePackage: Moving '../../../../../Proyectos UE 4.27/TasteOfMadness/TasteOfMadness/Saved/ThirdPersonExampleMap_BuiltDataFE4C698042EFADE3866592AB44653919.tmp' to '../../../../../Proyectos UE 4.27/TasteOfMadness/TasteOfMadness/Content/ThirdPersonBP/Maps/ThirdPersonExampleMap_BuiltData.uasset'
[2025.09.30-05.07.50:629][496]AssetCheck: New page: Asset Save: multiple assets
[2025.09.30-05.07.50:629][496]LogContentValidation: Display: Validating World /Game/ThirdPersonBP/Maps/ThirdPersonExampleMap.ThirdPersonExampleMap
[2025.09.30-05.07.50:629][496]LogContentValidation: Display: Validating MapBuildDataRegistry /Game/ThirdPersonBP/Maps/ThirdPersonExampleMap_BuiltData.ThirdPersonExampleMap_BuiltData
[2025.09.30-05.08.47:009][469]LogEditorViewport: Clicking on Actor (LMB): StaticMeshActor (Floor)
[2025.09.30-05.08.47:461][493]LogTemp: Repeating last play command: Selected Viewport
[2025.09.30-05.08.47:466][493]LogPlayLevel: PlayLevel: No blueprints needed recompiling
[2025.09.30-05.08.47:466][493]PIE: New page: PIE session: ThirdPersonExampleMap (29 sep. 2025 18:08:47)
[2025.09.30-05.08.47:466][493]LogPlayLevel: Creating play world package: /Game/ThirdPersonBP/Maps/UEDPIE_0_ThirdPersonExampleMap
[2025.09.30-05.08.47:475][493]LogPlayLevel: PIE: StaticDuplicateObject took: (0.008638s)
[2025.09.30-05.08.47:476][493]LogAIModule: Creating AISystem for world ThirdPersonExampleMap
[2025.09.30-05.08.47:477][493]LogPlayLevel: PIE: World Init took: (0.001189s)
[2025.09.30-05.08.47:477][493]LogPlayLevel: PIE: Created PIE world by copying editor world from /Game/ThirdPersonBP/Maps/ThirdPersonExampleMap.ThirdPersonExampleMap to /Game/ThirdPersonBP/Maps/UEDPIE_0_ThirdPersonExampleMap.ThirdPersonExampleMap (0.009971s)
[2025.09.30-05.08.47:496][493]LogUObjectHash: Compacting FUObjectHashTables data took   1.52ms
[2025.09.30-05.08.47:498][493]LogAudio: Display: Creating Audio Device:                 Id: 5, Scope: Unique, Realtime: True
[2025.09.30-05.08.47:498][493]LogAudioMixer: Display: Audio Mixer Platform Settings:
[2025.09.30-05.08.47:498][493]LogAudioMixer: Display: 	Sample Rate:						  48000
[2025.09.30-05.08.47:498][493]LogAudioMixer: Display: 	Callback Buffer Frame Size Requested: 1024
[2025.09.30-05.08.47:498][493]LogAudioMixer: Display: 	Callback Buffer Frame Size To Use:	  1024
[2025.09.30-05.08.47:498][493]LogAudioMixer: Display: 	Number of buffers to queue:			  2
[2025.09.30-05.08.47:498][493]LogAudioMixer: Display: 	Max Channels (voices):				  32
[2025.09.30-05.08.47:498][493]LogAudioMixer: Display: 	Number of Async Source Workers:		  0
[2025.09.30-05.08.47:498][493]LogAudio: Display: AudioDevice MaxSources: 32
[2025.09.30-05.08.47:498][493]LogAudio: Display: Audio Spatialization Plugin: None (built-in).
[2025.09.30-05.08.47:498][493]LogAudio: Display: Audio Reverb Plugin: None (built-in).
[2025.09.30-05.08.47:498][493]LogAudio: Display: Audio Occlusion Plugin: None (built-in).
[2025.09.30-05.08.47:498][493]LogAudioMixer: Display: Initializing audio mixer.
[2025.09.30-05.08.47:501][493]LogAudioMixer: Display: 0: FrontLeft
[2025.09.30-05.08.47:501][493]LogAudioMixer: Display: 1: FrontRight
[2025.09.30-05.08.47:528][493]LogAudioMixer: Display: Using Audio Device Altavoces (Realtek(R) Audio)
[2025.09.30-05.08.47:528][493]LogAudioMixer: Display: Initializing Sound Submixes...
[2025.09.30-05.08.47:528][493]LogAudioMixer: Display: Creating Master Submix 'MasterSubmixDefault'
[2025.09.30-05.08.47:528][493]LogAudioMixer: Display: Creating Master Submix 'MasterReverbSubmixDefault'
[2025.09.30-05.08.47:528][493]LogAudioMixer: Display: Creating Master Submix 'MasterEQSubmixDefault'
[2025.09.30-05.08.47:528][493]LogAudioMixer: FMixerPlatformXAudio2::StartAudioStream() called
[2025.09.30-05.08.47:528][493]LogAudioMixer: Display: Output buffers initialized: Frames=1024, Channels=2, Samples=2048
[2025.09.30-05.08.47:529][493]LogAudioMixer: Display: Starting AudioMixerPlatformInterface::RunInternal()
[2025.09.30-05.08.47:529][493]LogAudioMixer: Display: FMixerPlatformXAudio2::SubmitBuffer() called for the first time
[2025.09.30-05.08.47:529][493]LogInit: FAudioDevice initialized.
[2025.09.30-05.08.47:529][493]LogAudio: Display: Audio Device (ID: 5) registered with world 'ThirdPersonExampleMap'.
[2025.09.30-05.08.47:537][493]LogLoad: Game class is 'BP_GameMode_C'
[2025.09.30-05.08.47:540][493]LogWorld: Bringing World /Game/ThirdPersonBP/Maps/UEDPIE_0_ThirdPersonExampleMap.ThirdPersonExampleMap up for play (max tick rate 60) at 2025.09.29-23.08.47
[2025.09.30-05.08.47:540][493]LogWorld: Bringing up level for play took: 0.001343
[2025.09.30-05.08.47:540][493]LogOnline: OSS: Creating online subsystem instance for: :Context_46
[2025.09.30-05.08.47:542][493]PIE: Server logged in
[2025.09.30-05.08.47:543][493]PIE: Play in editor total start time 0.078 seconds.
[2025.09.30-05.08.51:738][744]LogBlueprintUserMessages: [BP_FrancisIA_2] Se ha encontrado la mesa
[2025.09.30-05.08.53:721][863]LogBlueprintUserMessages: [BP_FrancisIA_2] OnreachedTable Iniciado
[2025.09.30-05.08.58:721][163]LogBlueprintUserMessages: [BP_FrancisIA_2] Paciencia agotada, ENTRANDO EN MODO FURIA
[2025.09.30-05.09.00:721][283]LogBlueprintUserMessages: [BP_FrancisIA_2] EnterFury ejecutado
[2025.09.30-05.09.02:721][403]LogBlueprintUserMessages: [BP_FrancisIA_2] IsAttacking ejecutado
[2025.09.30-05.09.04:972][538]LogBlueprintUserMessages: [BP_FrancisIA_2] MOVETOTARGET ejecutado
[2025.09.30-05.09.05:222][553]LogBlueprintUserMessages: [BP_FrancisIA_2] MOVETOTARGET ejecutado
[2025.09.30-05.09.05:472][568]LogBlueprintUserMessages: [BP_FrancisIA_2] MOVETOTARGET ejecutado
[2025.09.30-05.09.05:722][583]LogBlueprintUserMessages: [BP_FrancisIA_2] MOVETOTARGET ejecutado
[2025.09.30-05.09.05:972][598]LogBlueprintUserMessages: [BP_FrancisIA_2] MOVETOTARGET ejecutado
[2025.09.30-05.09.06:222][613]LogBlueprintUserMessages: [BP_FrancisIA_2] MOVETOTARGET ejecutado
[2025.09.30-05.09.06:471][628]LogBlueprintUserMessages: [BP_FrancisIA_2] MOVETOTARGET ejecutado
[2025.09.30-05.09.06:722][643]LogBlueprintUserMessages: [BP_FrancisIA_2] MOVETOTARGET ejecutado
[2025.09.30-05.09.06:972][658]LogBlueprintUserMessages: [BP_FrancisIA_2] MOVETOTARGET ejecutado
[2025.09.30-05.09.07:222][673]LogBlueprintUserMessages: [BP_FrancisIA_2] MOVETOTARGET ejecutado
[2025.09.30-05.09.07:472][688]LogBlueprintUserMessages: [BP_FrancisIA_2] MOVETOTARGET ejecutado
[2025.09.30-05.09.07:722][703]LogBlueprintUserMessages: [BP_FrancisIA_2] MOVETOTARGET ejecutado
[2025.09.30-05.09.07:972][718]LogBlueprintUserMessages: [BP_FrancisIA_2] MOVETOTARGET ejecutado
[2025.09.30-05.09.08:222][733]LogBlueprintUserMessages: [BP_FrancisIA_2] MOVETOTARGET ejecutado
[2025.09.30-05.09.08:472][748]LogBlueprintUserMessages: [BP_FrancisIA_2] MOVETOTARGET ejecutado
[2025.09.30-05.09.08:723][763]LogBlueprintUserMessages: [BP_FrancisIA_2] MOVETOTARGET ejecutado
[2025.09.30-05.09.08:973][778]LogBlueprintUserMessages: [BP_FrancisIA_2] MOVETOTARGET ejecutado
[2025.09.30-05.09.09:222][793]LogBlueprintUserMessages: [BP_FrancisIA_2] MOVETOTARGET ejecutado
[2025.09.30-05.09.09:472][808]LogBlueprintUserMessages: [BP_FrancisIA_2] MOVETOTARGET ejecutado
[2025.09.30-05.09.09:722][823]LogBlueprintUserMessages: [BP_FrancisIA_2] MOVETOTARGET ejecutado
[2025.09.30-05.09.09:972][838]LogBlueprintUserMessages: [BP_FrancisIA_2] MOVETOTARGET ejecutado
[2025.09.30-05.09.10:223][853]LogBlueprintUserMessages: [BP_FrancisIA_2] MOVETOTARGET ejecutado
[2025.09.30-05.09.10:472][868]LogBlueprintUserMessages: [BP_FrancisIA_2] MOVETOTARGET ejecutado
[2025.09.30-05.09.10:722][883]LogBlueprintUserMessages: [BP_FrancisIA_2] MOVETOTARGET ejecutado
[2025.09.30-05.09.10:972][898]LogBlueprintUserMessages: [BP_FrancisIA_2] MOVETOTARGET ejecutado
[2025.09.30-05.09.11:222][913]LogBlueprintUserMessages: [BP_FrancisIA_2] MOVETOTARGET ejecutado
[2025.09.30-05.09.11:472][928]LogBlueprintUserMessages: [BP_FrancisIA_2] MOVETOTARGET ejecutado
[2025.09.30-05.09.11:723][943]LogBlueprintUserMessages: [BP_FrancisIA_2] MOVETOTARGET ejecutado
[2025.09.30-05.09.11:972][958]LogBlueprintUserMessages: [BP_FrancisIA_2] MOVETOTARGET ejecutado
[2025.09.30-05.09.12:222][973]LogBlueprintUserMessages: [BP_FrancisIA_2] MOVETOTARGET ejecutado
[2025.09.30-05.09.12:472][988]LogBlueprintUserMessages: [BP_FrancisIA_2] MOVETOTARGET ejecutado
[2025.09.30-05.09.12:722][  3]LogBlueprintUserMessages: [BP_FrancisIA_2] MOVETOTARGET ejecutado
[2025.09.30-05.09.12:972][ 18]LogBlueprintUserMessages: [BP_FrancisIA_2] MOVETOTARGET ejecutado
[2025.09.30-05.09.13:222][ 33]LogBlueprintUserMessages: [BP_FrancisIA_2] MOVETOTARGET ejecutado
[2025.09.30-05.09.13:473][ 48]LogBlueprintUserMessages: [BP_FrancisIA_2] MOVETOTARGET ejecutado
[2025.09.30-05.09.13:723][ 63]LogBlueprintUserMessages: [BP_FrancisIA_2] MOVETOTARGET ejecutado
[2025.09.30-05.09.13:972][ 78]LogBlueprintUserMessages: [BP_FrancisIA_2] MOVETOTARGET ejecutado
[2025.09.30-05.09.14:222][ 93]LogBlueprintUserMessages: [BP_FrancisIA_2] MOVETOTARGET ejecutado
[2025.09.30-05.09.14:472][108]LogBlueprintUserMessages: [BP_FrancisIA_2] MOVETOTARGET ejecutado
[2025.09.30-05.09.14:722][123]LogBlueprintUserMessages: [BP_FrancisIA_2] MOVETOTARGET ejecutado
[2025.09.30-05.09.14:972][138]LogBlueprintUserMessages: [BP_FrancisIA_2] MOVETOTARGET ejecutado
[2025.09.30-05.09.15:223][153]LogBlueprintUserMessages: [BP_FrancisIA_2] MOVETOTARGET ejecutado
[2025.09.30-05.09.15:472][168]LogBlueprintUserMessages: [BP_FrancisIA_2] MOVETOTARGET ejecutado
[2025.09.30-05.09.15:722][183]LogBlueprintUserMessages: [BP_FrancisIA_2] MOVETOTARGET ejecutado
[2025.09.30-05.09.15:972][198]LogBlueprintUserMessages: [BP_FrancisIA_2] MOVETOTARGET ejecutado
[2025.09.30-05.09.16:222][213]LogBlueprintUserMessages: [BP_FrancisIA_2] MOVETOTARGET ejecutado
[2025.09.30-05.09.16:474][228]LogBlueprintUserMessages: [BP_FrancisIA_2] MOVETOTARGET ejecutado
[2025.09.30-05.09.16:724][243]LogBlueprintUserMessages: [BP_FrancisIA_2] MOVETOTARGET ejecutado
[2025.09.30-05.09.16:975][258]LogBlueprintUserMessages: [BP_FrancisIA_2] MOVETOTARGET ejecutado
[2025.09.30-05.09.17:224][273]LogBlueprintUserMessages: [BP_FrancisIA_2] MOVETOTARGET ejecutado
[2025.09.30-05.09.17:474][288]LogBlueprintUserMessages: [BP_FrancisIA_2] MOVETOTARGET ejecutado
[2025.09.30-05.09.17:733][303]LogBlueprintUserMessages: [BP_FrancisIA_2] MOVETOTARGET ejecutado
[2025.09.30-05.09.17:983][318]LogBlueprintUserMessages: [BP_FrancisIA_2] MOVETOTARGET ejecutado
[2025.09.30-05.09.18:234][333]LogBlueprintUserMessages: [BP_FrancisIA_2] MOVETOTARGET ejecutado
[2025.09.30-05.09.18:483][348]LogBlueprintUserMessages: [BP_FrancisIA_2] MOVETOTARGET ejecutado
[2025.09.30-05.09.18:733][363]LogBlueprintUserMessages: [BP_FrancisIA_2] MOVETOTARGET ejecutado
[2025.09.30-05.09.18:983][378]LogBlueprintUserMessages: [BP_FrancisIA_2] MOVETOTARGET ejecutado
[2025.09.30-05.09.19:233][393]LogBlueprintUserMessages: [BP_FrancisIA_2] MOVETOTARGET ejecutado
[2025.09.30-05.09.19:483][408]LogBlueprintUserMessages: [BP_FrancisIA_2] MOVETOTARGET ejecutado
[2025.09.30-05.09.19:733][423]LogBlueprintUserMessages: [BP_FrancisIA_2] MOVETOTARGET ejecutado
[2025.09.30-05.09.19:983][438]LogBlueprintUserMessages: [BP_FrancisIA_2] MOVETOTARGET ejecutado
[2025.09.30-05.09.20:234][453]LogBlueprintUserMessages: [BP_FrancisIA_2] MOVETOTARGET ejecutado
[2025.09.30-05.09.20:483][468]LogBlueprintUserMessages: [BP_FrancisIA_2] MOVETOTARGET ejecutado
[2025.09.30-05.09.20:734][483]LogBlueprintUserMessages: [BP_FrancisIA_2] MOVETOTARGET ejecutado
[2025.09.30-05.09.20:983][498]LogBlueprintUserMessages: [BP_FrancisIA_2] MOVETOTARGET ejecutado
[2025.09.30-05.09.21:234][513]LogBlueprintUserMessages: [BP_FrancisIA_2] MOVETOTARGET ejecutado
[2025.09.30-05.09.21:483][528]LogBlueprintUserMessages: [BP_FrancisIA_2] MOVETOTARGET ejecutado
[2025.09.30-05.09.21:733][543]LogBlueprintUserMessages: [BP_FrancisIA_2] MOVETOTARGET ejecutado
[2025.09.30-05.09.21:983][558]LogBlueprintUserMessages: [BP_FrancisIA_2] MOVETOTARGET ejecutado
[2025.09.30-05.09.22:234][573]LogBlueprintUserMessages: [BP_FrancisIA_2] MOVETOTARGET ejecutado
[2025.09.30-05.09.22:483][588]LogBlueprintUserMessages: [BP_FrancisIA_2] MOVETOTARGET ejecutado
[2025.09.30-05.09.22:733][603]LogBlueprintUserMessages: [BP_FrancisIA_2] MOVETOTARGET ejecutado
[2025.09.30-05.09.22:984][618]LogBlueprintUserMessages: [BP_FrancisIA_2] MOVETOTARGET ejecutado
[2025.09.30-05.09.23:234][633]LogBlueprintUserMessages: [BP_FrancisIA_2] MOVETOTARGET ejecutado
[2025.09.30-05.09.23:483][648]LogBlueprintUserMessages: [BP_FrancisIA_2] MOVETOTARGET ejecutado
[2025.09.30-05.09.23:733][663]LogBlueprintUserMessages: [BP_FrancisIA_2] MOVETOTARGET ejecutado
[2025.09.30-05.09.23:983][678]LogBlueprintUserMessages: [BP_FrancisIA_2] MOVETOTARGET ejecutado
[2025.09.30-05.09.24:233][693]LogBlueprintUserMessages: [BP_FrancisIA_2] MOVETOTARGET ejecutado
[2025.09.30-05.09.24:483][708]LogBlueprintUserMessages: [BP_FrancisIA_2] MOVETOTARGET ejecutado
[2025.09.30-05.09.24:733][723]LogBlueprintUserMessages: [BP_FrancisIA_2] MOVETOTARGET ejecutado
[2025.09.30-05.09.24:983][738]LogBlueprintUserMessages: [BP_FrancisIA_2] MOVETOTARGET ejecutado
[2025.09.30-05.09.25:233][753]LogBlueprintUserMessages: [BP_FrancisIA_2] MOVETOTARGET ejecutado
[2025.09.30-05.09.25:483][768]LogBlueprintUserMessages: [BP_FrancisIA_2] MOVETOTARGET ejecutado
[2025.09.30-05.09.25:734][783]LogBlueprintUserMessages: [BP_FrancisIA_2] MOVETOTARGET ejecutado
[2025.09.30-05.09.25:983][798]LogBlueprintUserMessages: [BP_FrancisIA_2] MOVETOTARGET ejecutado
[2025.09.30-05.09.26:233][813]LogBlueprintUserMessages: [BP_FrancisIA_2] MOVETOTARGET ejecutado
[2025.09.30-05.09.26:483][828]LogBlueprintUserMessages: [BP_FrancisIA_2] MOVETOTARGET ejecutado
[2025.09.30-05.09.26:733][843]LogBlueprintUserMessages: [BP_FrancisIA_2] MOVETOTARGET ejecutado
[2025.09.30-05.09.26:983][858]LogBlueprintUserMessages: [BP_FrancisIA_2] MOVETOTARGET ejecutado
[2025.09.30-05.09.27:233][873]LogBlueprintUserMessages: [BP_FrancisIA_2] MOVETOTARGET ejecutado
[2025.09.30-05.09.27:483][888]LogBlueprintUserMessages: [BP_FrancisIA_2] MOVETOTARGET ejecutado
[2025.09.30-05.09.27:733][903]LogBlueprintUserMessages: [BP_FrancisIA_2] MOVETOTARGET ejecutado
[2025.09.30-05.09.27:983][918]LogBlueprintUserMessages: [BP_FrancisIA_2] MOVETOTARGET ejecutado
[2025.09.30-05.09.28:233][933]LogBlueprintUserMessages: [BP_FrancisIA_2] MOVETOTARGET ejecutado
[2025.09.30-05.09.28:484][948]LogBlueprintUserMessages: [BP_FrancisIA_2] MOVETOTARGET ejecutado
[2025.09.30-05.09.28:733][963]LogBlueprintUserMessages: [BP_FrancisIA_2] MOVETOTARGET ejecutado
[2025.09.30-05.09.28:983][978]LogBlueprintUserMessages: [BP_FrancisIA_2] MOVETOTARGET ejecutado
[2025.09.30-05.09.29:234][993]LogBlueprintUserMessages: [BP_FrancisIA_2] MOVETOTARGET ejecutado
[2025.09.30-05.09.29:483][  8]LogBlueprintUserMessages: [BP_FrancisIA_2] MOVETOTARGET ejecutado
[2025.09.30-05.09.29:733][ 23]LogBlueprintUserMessages: [BP_FrancisIA_2] MOVETOTARGET ejecutado
[2025.09.30-05.09.29:983][ 38]LogBlueprintUserMessages: [BP_FrancisIA_2] MOVETOTARGET ejecutado
[2025.09.30-05.09.30:234][ 53]LogBlueprintUserMessages: [BP_FrancisIA_2] MOVETOTARGET ejecutado
[2025.09.30-05.09.30:484][ 68]LogBlueprintUserMessages: [BP_FrancisIA_2] MOVETOTARGET ejecutado
[2025.09.30-05.09.30:734][ 83]LogBlueprintUserMessages: [BP_FrancisIA_2] MOVETOTARGET ejecutado
[2025.09.30-05.09.30:983][ 98]LogBlueprintUserMessages: [BP_FrancisIA_2] MOVETOTARGET ejecutado
[2025.09.30-05.09.31:233][113]LogBlueprintUserMessages: [BP_FrancisIA_2] MOVETOTARGET ejecutado
[2025.09.30-05.09.31:483][128]LogBlueprintUserMessages: [BP_FrancisIA_2] MOVETOTARGET ejecutado
[2025.09.30-05.09.31:733][143]LogBlueprintUserMessages: [BP_FrancisIA_2] MOVETOTARGET ejecutado
[2025.09.30-05.09.31:983][158]LogBlueprintUserMessages: [BP_FrancisIA_2] MOVETOTARGET ejecutado
[2025.09.30-05.09.32:234][173]LogBlueprintUserMessages: [BP_FrancisIA_2] MOVETOTARGET ejecutado
[2025.09.30-05.09.32:483][188]LogBlueprintUserMessages: [BP_FrancisIA_2] MOVETOTARGET ejecutado
[2025.09.30-05.09.32:734][203]LogBlueprintUserMessages: [BP_FrancisIA_2] MOVETOTARGET ejecutado
[2025.09.30-05.09.32:983][218]LogBlueprintUserMessages: [BP_FrancisIA_2] MOVETOTARGET ejecutado
[2025.09.30-05.09.33:233][233]LogBlueprintUserMessages: [BP_FrancisIA_2] MOVETOTARGET ejecutado
[2025.09.30-05.09.33:484][248]LogBlueprintUserMessages: [BP_FrancisIA_2] MOVETOTARGET ejecutado
[2025.09.30-05.09.33:734][263]LogBlueprintUserMessages: [BP_FrancisIA_2] MOVETOTARGET ejecutado
[2025.09.30-05.09.33:984][278]LogBlueprintUserMessages: [BP_FrancisIA_2] MOVETOTARGET ejecutado
[2025.09.30-05.09.34:234][293]LogBlueprintUserMessages: [BP_FrancisIA_2] MOVETOTARGET ejecutado
[2025.09.30-05.09.34:332][297]LogSlate: Updating window title bar state: overlay mode, drag disabled, window buttons hidden, title bar hidden
[2025.09.30-05.09.34:332][297]LogWorld: BeginTearingDown for /Game/ThirdPersonBP/Maps/UEDPIE_0_ThirdPersonExampleMap
[2025.09.30-05.09.34:332][297]LogWorld: UWorld::CleanupWorld for ThirdPersonExampleMap, bSessionEnded=true, bCleanupResources=true
[2025.09.30-05.09.34:332][297]LogSlate: InvalidateAllWidgets triggered.  All widgets were invalidated
[2025.09.30-05.09.34:343][297]LogPlayLevel: Display: Shutting down PIE online subsystems
[2025.09.30-05.09.34:357][297]LogSlate: InvalidateAllWidgets triggered.  All widgets were invalidated
[2025.09.30-05.09.34:371][297]LogAudio: Display: Audio Device unregistered from world 'None'.
[2025.09.30-05.09.34:372][297]LogAudioMixer: FMixerPlatformXAudio2::StopAudioStream() called
[2025.09.30-05.09.34:374][297]LogAudioMixer: FMixerPlatformXAudio2::StopAudioStream() called
[2025.09.30-05.09.34:375][297]LogSlate: Updating window title bar state: overlay mode, drag disabled, window buttons hidden, title bar hidden
[2025.09.30-05.09.34:378][297]LogUObjectHash: Compacting FUObjectHashTables data took   1.46ms
[2025.09.30-05.09.34:405][298]LogPlayLevel: Display: Destroying online subsystem :Context_46
[2025.09.30-05.09.48:515][142]LogUObjectHash: Compacting FUObjectHashTables data took   1.40ms
[2025.09.30-05.09.48:531][142]LogSavePackage: Moving '../../../../../Proyectos UE 4.27/TasteOfMadness/TasteOfMadness/Saved/ThirdPersonExampleMap1C67E8E5416C6B56E7B255AD793447A6.tmp' to '../../../../../Proyectos UE 4.27/TasteOfMadness/TasteOfMadness/Content/ThirdPersonBP/Maps/ThirdPersonExampleMap.umap'
[2025.09.30-05.09.48:597][142]LogSavePackage: Moving '../../../../../Proyectos UE 4.27/TasteOfMadness/TasteOfMadness/Saved/ThirdPersonExampleMap_BuiltData9179C19E4F124B2F462EAEA5306E3051.tmp' to '../../../../../Proyectos UE 4.27/TasteOfMadness/TasteOfMadness/Content/ThirdPersonBP/Maps/ThirdPersonExampleMap_BuiltData.uasset'
[2025.09.30-05.09.48:610][142]AssetCheck: New page: Asset Save: multiple assets
[2025.09.30-05.09.48:610][142]LogContentValidation: Display: Validating World /Game/ThirdPersonBP/Maps/ThirdPersonExampleMap.ThirdPersonExampleMap
[2025.09.30-05.09.48:610][142]LogContentValidation: Display: Validating MapBuildDataRegistry /Game/ThirdPersonBP/Maps/ThirdPersonExampleMap_BuiltData.ThirdPersonExampleMap_BuiltData
[2025.09.30-05.12.39:107][858]LogAssetEditorSubsystem: Opening Asset editor for Blueprint /Game/Characters/Clare/Blueprints/BP_ClareCharacter.BP_ClareCharacter
[2025.09.30-05.16.28:299][519]BlueprintLog: New page: Compile BP_ClareCharacter
[2025.09.30-05.16.28:316][519]LogBlueprint: Error: [AssetLog] F:\Proyectos UE 4.27\TasteOfMadness\TasteOfMadness\Content\Characters\Clare\Blueprints\BP_ClareCharacter.uasset: [Compiler] This blueprint (self) is not a BP_FrancisIA_C, therefore ' Target ' must have a connection.
[2025.09.30-05.16.28:316][519]LogBlueprint: Error: [AssetLog] F:\Proyectos UE 4.27\TasteOfMadness\TasteOfMadness\Content\Characters\Clare\Blueprints\BP_ClareCharacter.uasset: [Compiler] This blueprint (self) is not a BP_FrancisIA_C, therefore ' Target ' must have a connection.
[2025.09.30-05.16.28:316][519]LogBlueprint: Error: [AssetLog] F:\Proyectos UE 4.27\TasteOfMadness\TasteOfMadness\Content\Characters\Clare\Blueprints\BP_ClareCharacter.uasset: [Compiler] The type of  Object  is undetermined.  Connect something to  Cast To BP_FrancisIA  to imply a specific type.
[2025.09.30-05.16.28:316][519]LogBlueprint: Error: [AssetLog] F:\Proyectos UE 4.27\TasteOfMadness\TasteOfMadness\Content\Characters\Clare\Blueprints\BP_ClareCharacter.uasset: [Compiler] Variable node  Get AttackDamage  uses an invalid target.  It may depend on a node that is not connected to the execution chain, and got purged.
[2025.09.30-05.16.28:316][519]LogBlueprint: Error: [AssetLog] F:\Proyectos UE 4.27\TasteOfMadness\TasteOfMadness\Content\Characters\Clare\Blueprints\BP_ClareCharacter.uasset: [Compiler] Variable node  Set AttackDamage  uses an invalid target.  It may depend on a node that is not connected to the execution chain, and got purged.
[2025.09.30-05.16.28:316][519]LogBlueprint: Error: [AssetLog] F:\Proyectos UE 4.27\TasteOfMadness\TasteOfMadness\Content\Characters\Clare\Blueprints\BP_ClareCharacter.uasset: [Compiler] The current value of the ' Object ' pin is invalid: Unsupported type Object Wildcard on pin Object
[2025.09.30-05.16.28:353][519]LogUObjectHash: Compacting FUObjectHashTables data took   1.81ms
[2025.09.30-05.17.01:863][501]BlueprintLog: New page: Compile BP_ClareCharacter
[2025.09.30-05.17.01:879][501]LogBlueprint: Error: [AssetLog] F:\Proyectos UE 4.27\TasteOfMadness\TasteOfMadness\Content\Characters\Clare\Blueprints\BP_ClareCharacter.uasset: [Compiler] This blueprint (self) is not a BP_FrancisIA_C, therefore ' Target ' must have a connection.
[2025.09.30-05.17.01:879][501]LogBlueprint: Error: [AssetLog] F:\Proyectos UE 4.27\TasteOfMadness\TasteOfMadness\Content\Characters\Clare\Blueprints\BP_ClareCharacter.uasset: [Compiler] The type of  Object  is undetermined.  Connect something to  Cast To BP_FrancisIA  to imply a specific type.
[2025.09.30-05.17.01:879][501]LogBlueprint: Error: [AssetLog] F:\Proyectos UE 4.27\TasteOfMadness\TasteOfMadness\Content\Characters\Clare\Blueprints\BP_ClareCharacter.uasset: [Compiler] The current value of the ' Object ' pin is invalid: Unsupported type Object Wildcard on pin Object
[2025.09.30-05.17.01:879][501]LogBlueprint: Error: [AssetLog] F:\Proyectos UE 4.27\TasteOfMadness\TasteOfMadness\Content\Characters\Clare\Blueprints\BP_ClareCharacter.uasset: [Compiler] Variable node  Set AttackDamage  uses an invalid target.  It may depend on a node that is not connected to the execution chain, and got purged.
[2025.09.30-05.17.01:913][501]LogUObjectHash: Compacting FUObjectHashTables data took   2.06ms
[2025.09.30-05.19.55:844][998]LogUObjectHash: Compacting FUObjectHashTables data took   1.90ms
[2025.09.30-05.19.55:846][998]LogFileHelpers: Editor autosave (incl. external actors) for '/Game/ThirdPersonBP/Maps/ThirdPersonExampleMap' took 0.025
[2025.09.30-05.19.55:846][998]OBJ SavePackage: Generating thumbnails for [2] asset(s) in package [/Game/Characters/Clare/Blueprints/BP_ClareCharacter] ([2] browsable assets)...
[2025.09.30-05.19.55:879][998]OBJ SavePackage:     Rendered thumbnail for [BlueprintGeneratedClass /Game/Characters/Clare/Blueprints/BP_ClareCharacter.BP_ClareCharacter_C]
[2025.09.30-05.19.55:897][998]OBJ SavePackage:     Rendered thumbnail for [Blueprint /Game/Characters/Clare/Blueprints/BP_ClareCharacter.BP_ClareCharacter]
[2025.09.30-05.19.55:898][998]OBJ SavePackage: Finished generating thumbnails for package [/Game/Characters/Clare/Blueprints/BP_ClareCharacter]
[2025.09.30-05.19.55:919][998]LogSavePackage: Moving '../../../../../Proyectos UE 4.27/TasteOfMadness/TasteOfMadness/Saved/BP_ClareCharacter_Auto47B041A5C47730C966C13BD8269313597.tmp' to '../../../../../Proyectos UE 4.27/TasteOfMadness/TasteOfMadness/Saved/Autosaves/Game/Characters/Clare/Blueprints/BP_ClareCharacter_Auto4.uasset'
[2025.09.30-05.19.55:921][998]OBJ SavePackage: Generating thumbnails for [2] asset(s) in package [/Game/Characters/Francis/Animations/ABP_Francis] ([2] browsable assets)...
[2025.09.30-05.19.55:940][998]OBJ SavePackage:     Rendered thumbnail for [AnimBlueprint /Game/Characters/Francis/Animations/ABP_Francis.ABP_Francis]
[2025.09.30-05.19.55:940][998]OBJ SavePackage: Finished generating thumbnails for package [/Game/Characters/Francis/Animations/ABP_Francis]
[2025.09.30-05.19.55:954][998]LogSavePackage: Moving '../../../../../Proyectos UE 4.27/TasteOfMadness/TasteOfMadness/Saved/ABP_Francis_Auto4D4CF26BF4E2DD2CABBAC4CA917000EEC.tmp' to '../../../../../Proyectos UE 4.27/TasteOfMadness/TasteOfMadness/Saved/Autosaves/Game/Characters/Francis/Animations/ABP_Francis_Auto4.uasset'
[2025.09.30-05.19.55:955][998]LogFileHelpers: Auto-saving content packages took 0.110
[2025.09.30-05.31.21:371][ 28]LogSlate: Window 'Fix Self Context Function References' being destroyed
[2025.09.30-05.31.30:404][557]BlueprintLog: New page: Compile BP_ClareCharacter
[2025.09.30-05.31.30:464][557]LogUObjectHash: Compacting FUObjectHashTables data took   2.06ms
[2025.09.30-05.33.43:058][427]LogUObjectHash: Compacting FUObjectHashTables data took   2.98ms
[2025.09.30-05.33.43:060][427]LogFileHelpers: Editor autosave (incl. external actors) for '/Game/ThirdPersonBP/Maps/ThirdPersonExampleMap' took 0.026
[2025.09.30-05.33.43:060][427]OBJ SavePackage: Generating thumbnails for [1] asset(s) in package [/Game/Characters/Francis/Blueprints/BP_FrancisIA] ([2] browsable assets)...
[2025.09.30-05.33.43:069][427]OBJ SavePackage:     Rendered thumbnail for [Blueprint /Game/Characters/Francis/Blueprints/BP_FrancisIA.BP_FrancisIA]
[2025.09.30-05.33.43:069][427]OBJ SavePackage: Finished generating thumbnails for package [/Game/Characters/Francis/Blueprints/BP_FrancisIA]
[2025.09.30-05.33.43:125][427]LogSavePackage: Moving '../../../../../Proyectos UE 4.27/TasteOfMadness/TasteOfMadness/Saved/BP_FrancisIA_Auto5A827145E4FF5D78BD2A4F6B8B0BCEA96.tmp' to '../../../../../Proyectos UE 4.27/TasteOfMadness/TasteOfMadness/Saved/Autosaves/Game/Characters/Francis/Blueprints/BP_FrancisIA_Auto5.uasset'
[2025.09.30-05.33.43:126][427]OBJ SavePackage: Generating thumbnails for [1] asset(s) in package [/Game/Characters/Clare/Blueprints/BP_ClareCharacter] ([2] browsable assets)...
[2025.09.30-05.33.43:134][427]OBJ SavePackage:     Rendered thumbnail for [Blueprint /Game/Characters/Clare/Blueprints/BP_ClareCharacter.BP_ClareCharacter]
[2025.09.30-05.33.43:134][427]OBJ SavePackage: Finished generating thumbnails for package [/Game/Characters/Clare/Blueprints/BP_ClareCharacter]
[2025.09.30-05.33.43:150][427]LogSavePackage: Moving '../../../../../Proyectos UE 4.27/TasteOfMadness/TasteOfMadness/Saved/BP_ClareCharacter_Auto5DD4B77934A44DC7E174E25A15D62F5B1.tmp' to '../../../../../Proyectos UE 4.27/TasteOfMadness/TasteOfMadness/Saved/Autosaves/Game/Characters/Clare/Blueprints/BP_ClareCharacter_Auto5.uasset'
[2025.09.30-05.33.43:151][427]LogFileHelpers: Auto-saving content packages took 0.091
[2025.09.30-05.36.16:231][888]LogEditorTransaction: Undo Move Nodes
[2025.09.30-05.36.16:267][888]LogActorComponent: RegisterComponentWithWorld: (/Engine/Transient.World_33:PersistentLevel.AnimationEditorPreviewActor_0.DebugSkelMeshComponent_0) Already registered. Aborting.
[2025.09.30-05.36.51:176][960]BlueprintLog: New page: Compile BP_FrancisIA
[2025.09.30-05.36.51:226][960]LogUObjectHash: Compacting FUObjectHashTables data took   1.87ms
[2025.09.30-05.44.27:590][451]BlueprintLog: New page: Compile BP_FrancisIA
[2025.09.30-05.44.27:644][451]LogUObjectHash: Compacting FUObjectHashTables data took   2.18ms
[2025.09.30-05.44.31:059][647]LogSavePackage: Moving '../../../../../Proyectos UE 4.27/TasteOfMadness/TasteOfMadness/Saved/BP_ClareCharacter596BC49D4CC678314E899EB8A8B289D6.tmp' to '../../../../../Proyectos UE 4.27/TasteOfMadness/TasteOfMadness/Content/Characters/Clare/Blueprints/BP_ClareCharacter.uasset'
[2025.09.30-05.44.31:076][647]AssetCheck: New page: Asset Save: BP_ClareCharacter
[2025.09.30-05.44.31:076][647]LogContentValidation: Display: Validating Blueprint /Game/Characters/Clare/Blueprints/BP_ClareCharacter.BP_ClareCharacter
[2025.09.30-05.44.32:971][755]LogSavePackage: Moving '../../../../../Proyectos UE 4.27/TasteOfMadness/TasteOfMadness/Saved/BP_FrancisIA281DC937404BDFCD2D22119AF4B067F9.tmp' to '../../../../../Proyectos UE 4.27/TasteOfMadness/TasteOfMadness/Content/Characters/Francis/Blueprints/BP_FrancisIA.uasset'
[2025.09.30-05.44.32:986][755]AssetCheck: New page: Asset Save: BP_FrancisIA
[2025.09.30-05.44.32:986][755]LogContentValidation: Display: Validating Blueprint /Game/Characters/Francis/Blueprints/BP_FrancisIA.BP_FrancisIA
[2025.09.30-05.44.35:576][852]BlueprintLog: New page: Compile ABP_Francis
[2025.09.30-05.44.35:580][852]LogBlueprint: Warning: [AssetLog] F:\Proyectos UE 4.27\TasteOfMadness\TasteOfMadness\Content\Characters\Francis\Animations\ABP_Francis.uasset: [Compiler] Entry node  LocomotionSM  is not connected to state
[2025.09.30-05.44.35:580][852]LogBlueprint: Warning: [AssetLog] F:\Proyectos UE 4.27\TasteOfMadness\TasteOfMadness\Content\Characters\Francis\Animations\ABP_Francis.uasset: [Compiler] There was no entry state connection in  LocomotionSM
[2025.09.30-05.44.35:619][852]LogUObjectHash: Compacting FUObjectHashTables data took   2.48ms
[2025.09.30-05.44.52:991][891]BlueprintLog: New page: Compile ABP_Francis
[2025.09.30-05.44.53:026][891]LogUObjectHash: Compacting FUObjectHashTables data took   1.69ms
[2025.09.30-05.44.54:351][967]LogSavePackage: Moving '../../../../../Proyectos UE 4.27/TasteOfMadness/TasteOfMadness/Saved/ABP_FrancisC70B259A46D63DC0D86905B7CCA567FF.tmp' to '../../../../../Proyectos UE 4.27/TasteOfMadness/TasteOfMadness/Content/Characters/Francis/Animations/ABP_Francis.uasset'
[2025.09.30-05.44.54:364][967]AssetCheck: New page: Asset Save: ABP_Francis
[2025.09.30-05.44.54:364][967]LogContentValidation: Display: Validating AnimBlueprint /Game/Characters/Francis/Animations/ABP_Francis.ABP_Francis
[2025.09.30-05.44.56:098][ 69]LogSavePackage: Moving '../../../../../Proyectos UE 4.27/TasteOfMadness/TasteOfMadness/Saved/ABP_FrancisB48D15624B1FE18B66202E83D367E1C4.tmp' to '../../../../../Proyectos UE 4.27/TasteOfMadness/TasteOfMadness/Content/Characters/Francis/Animations/ABP_Francis.uasset'
[2025.09.30-05.44.56:110][ 69]AssetCheck: New page: Asset Save: ABP_Francis
[2025.09.30-05.44.56:110][ 69]LogContentValidation: Display: Validating AnimBlueprint /Game/Characters/Francis/Animations/ABP_Francis.ABP_Francis
[2025.09.30-05.44.59:622][279]LogTemp: Repeating last play command: Selected Viewport
[2025.09.30-05.44.59:627][279]LogPlayLevel: PlayLevel: No blueprints needed recompiling
[2025.09.30-05.44.59:627][279]PIE: New page: PIE session: ThirdPersonExampleMap (29 sep. 2025 18:44:59)
[2025.09.30-05.44.59:649][279]LogPlayLevel: Creating play world package: /Game/ThirdPersonBP/Maps/UEDPIE_0_ThirdPersonExampleMap
[2025.09.30-05.44.59:658][279]LogPlayLevel: PIE: StaticDuplicateObject took: (0.008984s)
[2025.09.30-05.44.59:659][279]LogAIModule: Creating AISystem for world ThirdPersonExampleMap
[2025.09.30-05.44.59:659][279]LogPlayLevel: PIE: World Init took: (0.001313s)
[2025.09.30-05.44.59:659][279]LogPlayLevel: PIE: Created PIE world by copying editor world from /Game/ThirdPersonBP/Maps/ThirdPersonExampleMap.ThirdPersonExampleMap to /Game/ThirdPersonBP/Maps/UEDPIE_0_ThirdPersonExampleMap.ThirdPersonExampleMap (0.010474s)
[2025.09.30-05.44.59:678][279]LogUObjectHash: Compacting FUObjectHashTables data took   1.75ms
[2025.09.30-05.44.59:680][279]LogAudio: Display: Creating Audio Device:                 Id: 6, Scope: Unique, Realtime: True
[2025.09.30-05.44.59:680][279]LogAudioMixer: Display: Audio Mixer Platform Settings:
[2025.09.30-05.44.59:680][279]LogAudioMixer: Display: 	Sample Rate:						  48000
[2025.09.30-05.44.59:680][279]LogAudioMixer: Display: 	Callback Buffer Frame Size Requested: 1024
[2025.09.30-05.44.59:680][279]LogAudioMixer: Display: 	Callback Buffer Frame Size To Use:	  1024
[2025.09.30-05.44.59:680][279]LogAudioMixer: Display: 	Number of buffers to queue:			  2
[2025.09.30-05.44.59:680][279]LogAudioMixer: Display: 	Max Channels (voices):				  32
[2025.09.30-05.44.59:680][279]LogAudioMixer: Display: 	Number of Async Source Workers:		  0
[2025.09.30-05.44.59:680][279]LogAudio: Display: AudioDevice MaxSources: 32
[2025.09.30-05.44.59:680][279]LogAudio: Display: Audio Spatialization Plugin: None (built-in).
[2025.09.30-05.44.59:681][279]LogAudio: Display: Audio Reverb Plugin: None (built-in).
[2025.09.30-05.44.59:681][279]LogAudio: Display: Audio Occlusion Plugin: None (built-in).
[2025.09.30-05.44.59:681][279]LogAudioMixer: Display: Initializing audio mixer.
[2025.09.30-05.44.59:683][279]LogAudioMixer: Display: 0: FrontLeft
[2025.09.30-05.44.59:683][279]LogAudioMixer: Display: 1: FrontRight
[2025.09.30-05.44.59:715][279]LogAudioMixer: Display: Using Audio Device Altavoces (Realtek(R) Audio)
[2025.09.30-05.44.59:715][279]LogAudioMixer: Display: Initializing Sound Submixes...
[2025.09.30-05.44.59:715][279]LogAudioMixer: Display: Creating Master Submix 'MasterSubmixDefault'
[2025.09.30-05.44.59:715][279]LogAudioMixer: Display: Creating Master Submix 'MasterReverbSubmixDefault'
[2025.09.30-05.44.59:715][279]LogAudioMixer: Display: Creating Master Submix 'MasterEQSubmixDefault'
[2025.09.30-05.44.59:715][279]LogAudioMixer: FMixerPlatformXAudio2::StartAudioStream() called
[2025.09.30-05.44.59:715][279]LogAudioMixer: Display: Output buffers initialized: Frames=1024, Channels=2, Samples=2048
[2025.09.30-05.44.59:716][279]LogAudioMixer: Display: Starting AudioMixerPlatformInterface::RunInternal()
[2025.09.30-05.44.59:716][279]LogAudioMixer: Display: FMixerPlatformXAudio2::SubmitBuffer() called for the first time
[2025.09.30-05.44.59:716][279]LogInit: FAudioDevice initialized.
[2025.09.30-05.44.59:716][279]LogAudio: Display: Audio Device (ID: 6) registered with world 'ThirdPersonExampleMap'.
[2025.09.30-05.44.59:724][279]LogLoad: Game class is 'BP_GameMode_C'
[2025.09.30-05.44.59:725][279]LogWorld: Bringing World /Game/ThirdPersonBP/Maps/UEDPIE_0_ThirdPersonExampleMap.ThirdPersonExampleMap up for play (max tick rate 60) at 2025.09.29-23.44.59
[2025.09.30-05.44.59:726][279]LogWorld: Bringing up level for play took: 0.001364
[2025.09.30-05.44.59:726][279]LogOnline: OSS: Creating online subsystem instance for: :Context_50
[2025.09.30-05.44.59:729][279]PIE: Server logged in
[2025.09.30-05.44.59:730][279]PIE: Play in editor total start time 0.104 seconds.
[2025.09.30-05.45.02:326][434]LogBlueprintUserMessages: [BP_ClareCharacter_C_0] Vida40.0
[2025.09.30-05.45.03:892][528]LogBlueprintUserMessages: [BP_FrancisIA_2] Se ha encontrado la mesa
[2025.09.30-05.45.05:875][647]LogBlueprintUserMessages: [BP_FrancisIA_2] OnreachedTable Iniciado
[2025.09.30-05.45.10:876][947]LogBlueprintUserMessages: [BP_FrancisIA_2] Paciencia agotada, ENTRANDO EN MODO FURIA
[2025.09.30-05.45.12:876][ 67]LogBlueprintUserMessages: [BP_FrancisIA_2] EnterFury ejecutado
[2025.09.30-05.45.14:876][187]LogBlueprintUserMessages: [BP_FrancisIA_2] IsAttacking ejecutado
[2025.09.30-05.45.15:877][247]LogBlueprintUserMessages: [BP_FrancisIA_2] Vida50.0
[2025.09.30-05.45.16:876][307]LogBlueprintUserMessages: [BP_FrancisIA_2] Vida50.0
[2025.09.30-05.45.17:126][322]LogBlueprintUserMessages: [BP_FrancisIA_2] MOVETOTARGET ejecutado
[2025.09.30-05.45.17:377][337]LogBlueprintUserMessages: [BP_FrancisIA_2] MOVETOTARGET ejecutado
[2025.09.30-05.45.17:626][352]LogBlueprintUserMessages: [BP_FrancisIA_2] MOVETOTARGET ejecutado
[2025.09.30-05.45.17:876][367]LogBlueprintUserMessages: [BP_FrancisIA_2] Vida50.0
[2025.09.30-05.45.17:876][367]LogBlueprintUserMessages: [BP_FrancisIA_2] MOVETOTARGET ejecutado
[2025.09.30-05.45.18:126][382]LogBlueprintUserMessages: [BP_FrancisIA_2] MOVETOTARGET ejecutado
[2025.09.30-05.45.18:376][397]LogBlueprintUserMessages: [BP_FrancisIA_2] MOVETOTARGET ejecutado
[2025.09.30-05.45.18:626][412]LogBlueprintUserMessages: [BP_FrancisIA_2] MOVETOTARGET ejecutado
[2025.09.30-05.45.18:876][427]LogBlueprintUserMessages: [BP_FrancisIA_2] Vida50.0
[2025.09.30-05.45.18:876][427]LogBlueprintUserMessages: [BP_ClareCharacter_C_0] CLARE A MUERTO
[2025.09.30-05.45.18:876][427]LogBlueprintUserMessages: [BP_FrancisIA_2] MOVETOTARGET ejecutado
[2025.09.30-05.45.19:126][442]LogBlueprintUserMessages: [BP_FrancisIA_2] MOVETOTARGET ejecutado
[2025.09.30-05.45.19:376][457]LogBlueprintUserMessages: [BP_FrancisIA_2] MOVETOTARGET ejecutado
[2025.09.30-05.45.19:626][472]LogBlueprintUserMessages: [BP_FrancisIA_2] MOVETOTARGET ejecutado
[2025.09.30-05.45.19:876][487]LogBlueprintUserMessages: [BP_FrancisIA_2] Vida50.0
[2025.09.30-05.45.19:876][487]LogBlueprintUserMessages: [BP_ClareCharacter_C_0] CLARE A MUERTO
[2025.09.30-05.45.19:876][487]LogBlueprintUserMessages: [BP_FrancisIA_2] MOVETOTARGET ejecutado
[2025.09.30-05.45.20:126][502]LogBlueprintUserMessages: [BP_FrancisIA_2] MOVETOTARGET ejecutado
[2025.09.30-05.45.20:376][517]LogBlueprintUserMessages: [BP_FrancisIA_2] MOVETOTARGET ejecutado
[2025.09.30-05.45.20:626][532]LogBlueprintUserMessages: [BP_FrancisIA_2] MOVETOTARGET ejecutado
[2025.09.30-05.45.20:876][547]LogBlueprintUserMessages: [BP_FrancisIA_2] Vida50.0
[2025.09.30-05.45.20:876][547]LogBlueprintUserMessages: [BP_ClareCharacter_C_0] CLARE A MUERTO
[2025.09.30-05.45.20:876][547]LogBlueprintUserMessages: [BP_FrancisIA_2] MOVETOTARGET ejecutado
[2025.09.30-05.45.21:126][562]LogBlueprintUserMessages: [BP_FrancisIA_2] MOVETOTARGET ejecutado
[2025.09.30-05.45.21:376][577]LogBlueprintUserMessages: [BP_FrancisIA_2] MOVETOTARGET ejecutado
[2025.09.30-05.45.21:626][592]LogBlueprintUserMessages: [BP_FrancisIA_2] MOVETOTARGET ejecutado
[2025.09.30-05.45.21:876][607]LogBlueprintUserMessages: [BP_FrancisIA_2] Vida50.0
[2025.09.30-05.45.21:876][607]LogBlueprintUserMessages: [BP_ClareCharacter_C_0] CLARE A MUERTO
[2025.09.30-05.45.21:876][607]LogBlueprintUserMessages: [BP_FrancisIA_2] MOVETOTARGET ejecutado
[2025.09.30-05.45.22:126][622]LogBlueprintUserMessages: [BP_FrancisIA_2] MOVETOTARGET ejecutado
[2025.09.30-05.45.22:376][637]LogBlueprintUserMessages: [BP_FrancisIA_2] MOVETOTARGET ejecutado
[2025.09.30-05.45.22:626][652]LogBlueprintUserMessages: [BP_FrancisIA_2] MOVETOTARGET ejecutado
[2025.09.30-05.45.22:876][667]LogBlueprintUserMessages: [BP_FrancisIA_2] Vida50.0
[2025.09.30-05.45.22:876][667]LogBlueprintUserMessages: [BP_ClareCharacter_C_0] CLARE A MUERTO
[2025.09.30-05.45.22:876][667]LogBlueprintUserMessages: [BP_FrancisIA_2] MOVETOTARGET ejecutado
[2025.09.30-05.45.23:127][682]LogBlueprintUserMessages: [BP_FrancisIA_2] MOVETOTARGET ejecutado
[2025.09.30-05.45.23:376][697]LogBlueprintUserMessages: [BP_FrancisIA_2] MOVETOTARGET ejecutado
[2025.09.30-05.45.23:626][712]LogBlueprintUserMessages: [BP_FrancisIA_2] MOVETOTARGET ejecutado
[2025.09.30-05.45.23:876][727]LogBlueprintUserMessages: [BP_FrancisIA_2] Vida50.0
[2025.09.30-05.45.23:876][727]LogBlueprintUserMessages: [BP_ClareCharacter_C_0] CLARE A MUERTO
[2025.09.30-05.45.23:876][727]LogBlueprintUserMessages: [BP_FrancisIA_2] MOVETOTARGET ejecutado
[2025.09.30-05.45.24:126][742]LogBlueprintUserMessages: [BP_FrancisIA_2] MOVETOTARGET ejecutado
[2025.09.30-05.45.24:376][757]LogBlueprintUserMessages: [BP_FrancisIA_2] MOVETOTARGET ejecutado
[2025.09.30-05.45.24:626][772]LogBlueprintUserMessages: [BP_FrancisIA_2] MOVETOTARGET ejecutado
[2025.09.30-05.45.24:876][787]LogBlueprintUserMessages: [BP_FrancisIA_2] Vida50.0
[2025.09.30-05.45.24:876][787]LogBlueprintUserMessages: [BP_ClareCharacter_C_0] CLARE A MUERTO
[2025.09.30-05.45.24:876][787]LogBlueprintUserMessages: [BP_FrancisIA_2] MOVETOTARGET ejecutado
[2025.09.30-05.45.25:080][797]LogSlate: Updating window title bar state: overlay mode, drag disabled, window buttons hidden, title bar hidden
[2025.09.30-05.45.25:080][797]LogWorld: BeginTearingDown for /Game/ThirdPersonBP/Maps/UEDPIE_0_ThirdPersonExampleMap
[2025.09.30-05.45.25:080][797]LogWorld: UWorld::CleanupWorld for ThirdPersonExampleMap, bSessionEnded=true, bCleanupResources=true
[2025.09.30-05.45.25:081][797]LogSlate: InvalidateAllWidgets triggered.  All widgets were invalidated
[2025.09.30-05.45.25:088][797]LogPlayLevel: Display: Shutting down PIE online subsystems
[2025.09.30-05.45.25:102][797]LogSlate: InvalidateAllWidgets triggered.  All widgets were invalidated
[2025.09.30-05.45.25:119][797]LogAudio: Display: Audio Device unregistered from world 'None'.
[2025.09.30-05.45.25:120][797]LogAudioMixer: FMixerPlatformXAudio2::StopAudioStream() called
[2025.09.30-05.45.25:121][797]LogAudioMixer: FMixerPlatformXAudio2::StopAudioStream() called
[2025.09.30-05.45.25:122][797]LogSlate: Updating window title bar state: overlay mode, drag disabled, window buttons hidden, title bar hidden
[2025.09.30-05.45.25:125][797]LogUObjectHash: Compacting FUObjectHashTables data took   1.32ms
[2025.09.30-05.45.25:158][798]LogPlayLevel: Display: Destroying online subsystem :Context_50
[2025.09.30-05.45.30:938][142]LogUObjectHash: Compacting FUObjectHashTables data took   1.23ms
[2025.09.30-05.45.30:953][142]LogSavePackage: Moving '../../../../../Proyectos UE 4.27/TasteOfMadness/TasteOfMadness/Saved/ThirdPersonExampleMapB5EFB24B48CCF1030AFF368B1AB9CB50.tmp' to '../../../../../Proyectos UE 4.27/TasteOfMadness/TasteOfMadness/Content/ThirdPersonBP/Maps/ThirdPersonExampleMap.umap'
[2025.09.30-05.45.31:014][142]LogSavePackage: Moving '../../../../../Proyectos UE 4.27/TasteOfMadness/TasteOfMadness/Saved/ThirdPersonExampleMap_BuiltData5F8B45414BB7857F087ADA8BAB1B5383.tmp' to '../../../../../Proyectos UE 4.27/TasteOfMadness/TasteOfMadness/Content/ThirdPersonBP/Maps/ThirdPersonExampleMap_BuiltData.uasset'
[2025.09.30-05.45.31:026][142]AssetCheck: New page: Asset Save: multiple assets
[2025.09.30-05.45.31:027][142]LogContentValidation: Display: Validating World /Game/ThirdPersonBP/Maps/ThirdPersonExampleMap.ThirdPersonExampleMap
[2025.09.30-05.45.31:027][142]LogContentValidation: Display: Validating MapBuildDataRegistry /Game/ThirdPersonBP/Maps/ThirdPersonExampleMap_BuiltData.ThirdPersonExampleMap_BuiltData
[2025.09.30-05.45.32:208][213]LogTemp: Repeating last play command: Selected Viewport
[2025.09.30-05.45.32:213][213]LogPlayLevel: PlayLevel: No blueprints needed recompiling
[2025.09.30-05.45.32:213][213]PIE: New page: PIE session: ThirdPersonExampleMap (29 sep. 2025 18:45:32)
[2025.09.30-05.45.32:214][213]LogPlayLevel: Creating play world package: /Game/ThirdPersonBP/Maps/UEDPIE_0_ThirdPersonExampleMap
[2025.09.30-05.45.32:222][213]LogPlayLevel: PIE: StaticDuplicateObject took: (0.008462s)
[2025.09.30-05.45.32:222][213]LogAIModule: Creating AISystem for world ThirdPersonExampleMap
[2025.09.30-05.45.32:223][213]LogPlayLevel: PIE: World Init took: (0.000958s)
[2025.09.30-05.45.32:223][213]LogPlayLevel: PIE: Created PIE world by copying editor world from /Game/ThirdPersonBP/Maps/ThirdPersonExampleMap.ThirdPersonExampleMap to /Game/ThirdPersonBP/Maps/UEDPIE_0_ThirdPersonExampleMap.ThirdPersonExampleMap (0.009619s)
[2025.09.30-05.45.32:244][213]LogUObjectHash: Compacting FUObjectHashTables data took   1.46ms
[2025.09.30-05.45.32:245][213]LogAudio: Display: Creating Audio Device:                 Id: 7, Scope: Unique, Realtime: True
[2025.09.30-05.45.32:245][213]LogAudioMixer: Display: Audio Mixer Platform Settings:
[2025.09.30-05.45.32:245][213]LogAudioMixer: Display: 	Sample Rate:						  48000
[2025.09.30-05.45.32:245][213]LogAudioMixer: Display: 	Callback Buffer Frame Size Requested: 1024
[2025.09.30-05.45.32:245][213]LogAudioMixer: Display: 	Callback Buffer Frame Size To Use:	  1024
[2025.09.30-05.45.32:245][213]LogAudioMixer: Display: 	Number of buffers to queue:			  2
[2025.09.30-05.45.32:245][213]LogAudioMixer: Display: 	Max Channels (voices):				  32
[2025.09.30-05.45.32:245][213]LogAudioMixer: Display: 	Number of Async Source Workers:		  0
[2025.09.30-05.45.32:245][213]LogAudio: Display: AudioDevice MaxSources: 32
[2025.09.30-05.45.32:246][213]LogAudio: Display: Audio Spatialization Plugin: None (built-in).
[2025.09.30-05.45.32:246][213]LogAudio: Display: Audio Reverb Plugin: None (built-in).
[2025.09.30-05.45.32:246][213]LogAudio: Display: Audio Occlusion Plugin: None (built-in).
[2025.09.30-05.45.32:246][213]LogAudioMixer: Display: Initializing audio mixer.
[2025.09.30-05.45.32:248][213]LogAudioMixer: Display: 0: FrontLeft
[2025.09.30-05.45.32:248][213]LogAudioMixer: Display: 1: FrontRight
[2025.09.30-05.45.32:284][213]LogAudioMixer: Display: Using Audio Device Altavoces (Realtek(R) Audio)
[2025.09.30-05.45.32:284][213]LogAudioMixer: Display: Initializing Sound Submixes...
[2025.09.30-05.45.32:284][213]LogAudioMixer: Display: Creating Master Submix 'MasterSubmixDefault'
[2025.09.30-05.45.32:284][213]LogAudioMixer: Display: Creating Master Submix 'MasterReverbSubmixDefault'
[2025.09.30-05.45.32:284][213]LogAudioMixer: Display: Creating Master Submix 'MasterEQSubmixDefault'
[2025.09.30-05.45.32:285][213]LogAudioMixer: FMixerPlatformXAudio2::StartAudioStream() called
[2025.09.30-05.45.32:285][213]LogAudioMixer: Display: Output buffers initialized: Frames=1024, Channels=2, Samples=2048
[2025.09.30-05.45.32:286][213]LogAudioMixer: Display: Starting AudioMixerPlatformInterface::RunInternal()
[2025.09.30-05.45.32:286][213]LogAudioMixer: Display: FMixerPlatformXAudio2::SubmitBuffer() called for the first time
[2025.09.30-05.45.32:286][213]LogInit: FAudioDevice initialized.
[2025.09.30-05.45.32:286][213]LogAudio: Display: Audio Device (ID: 7) registered with world 'ThirdPersonExampleMap'.
[2025.09.30-05.45.32:291][213]LogLoad: Game class is 'BP_GameMode_C'
[2025.09.30-05.45.32:293][213]LogWorld: Bringing World /Game/ThirdPersonBP/Maps/UEDPIE_0_ThirdPersonExampleMap.ThirdPersonExampleMap up for play (max tick rate 60) at 2025.09.29-23.45.32
[2025.09.30-05.45.32:293][213]LogWorld: Bringing up level for play took: 0.001201
[2025.09.30-05.45.32:293][213]LogOnline: OSS: Creating online subsystem instance for: :Context_51
[2025.09.30-05.45.32:296][213]PIE: Server logged in
[2025.09.30-05.45.32:297][213]PIE: Play in editor total start time 0.085 seconds.
[2025.09.30-05.45.36:491][464]LogBlueprintUserMessages: [BP_FrancisIA_2] Se ha encontrado la mesa
[2025.09.30-05.45.38:475][583]LogBlueprintUserMessages: [BP_FrancisIA_2] OnreachedTable Iniciado
[2025.09.30-05.45.42:475][823]LogBlueprintUserMessages: [BP_FrancisIA_2] Paciencia agotada, ENTRANDO EN MODO FURIA
[2025.09.30-05.45.44:475][943]LogBlueprintUserMessages: [BP_FrancisIA_2] EnterFury ejecutado
[2025.09.30-05.45.46:475][ 63]LogBlueprintUserMessages: [BP_FrancisIA_2] IsAttacking ejecutado
[2025.09.30-05.45.47:475][123]LogBlueprintUserMessages: [BP_FrancisIA_2] Vida50.0
[2025.09.30-05.45.48:475][183]LogBlueprintUserMessages: [BP_FrancisIA_2] Vida50.0
[2025.09.30-05.45.48:725][198]LogBlueprintUserMessages: [BP_FrancisIA_2] MOVETOTARGET ejecutado
[2025.09.30-05.45.48:975][213]LogBlueprintUserMessages: [BP_FrancisIA_2] MOVETOTARGET ejecutado
[2025.09.30-05.45.49:225][228]LogBlueprintUserMessages: [BP_FrancisIA_2] MOVETOTARGET ejecutado
[2025.09.30-05.45.49:475][243]LogBlueprintUserMessages: [BP_FrancisIA_2] Vida50.0
[2025.09.30-05.45.49:475][243]LogBlueprintUserMessages: [BP_FrancisIA_2] MOVETOTARGET ejecutado
[2025.09.30-05.45.49:725][258]LogBlueprintUserMessages: [BP_FrancisIA_2] MOVETOTARGET ejecutado
[2025.09.30-05.45.49:975][273]LogBlueprintUserMessages: [BP_FrancisIA_2] MOVETOTARGET ejecutado
[2025.09.30-05.45.50:226][288]LogBlueprintUserMessages: [BP_FrancisIA_2] MOVETOTARGET ejecutado
[2025.09.30-05.45.50:474][303]LogBlueprintUserMessages: [BP_FrancisIA_2] Vida50.0
[2025.09.30-05.45.50:475][303]LogBlueprintUserMessages: [BP_FrancisIA_2] MOVETOTARGET ejecutado
[2025.09.30-05.45.50:726][318]LogBlueprintUserMessages: [BP_FrancisIA_2] MOVETOTARGET ejecutado
[2025.09.30-05.45.50:975][333]LogBlueprintUserMessages: [BP_FrancisIA_2] MOVETOTARGET ejecutado
[2025.09.30-05.45.51:235][348]LogBlueprintUserMessages: [BP_FrancisIA_2] MOVETOTARGET ejecutado
[2025.09.30-05.45.51:485][363]LogBlueprintUserMessages: [BP_FrancisIA_2] Vida50.0
[2025.09.30-05.45.51:485][363]LogBlueprintUserMessages: [BP_ClareCharacter_C_0] CLARE A MUERTO
[2025.09.30-05.45.51:485][363]LogBlueprintUserMessages: [BP_FrancisIA_2] MOVETOTARGET ejecutado
[2025.09.30-05.45.51:735][378]LogBlueprintUserMessages: [BP_FrancisIA_2] MOVETOTARGET ejecutado
[2025.09.30-05.45.51:984][393]LogBlueprintUserMessages: [BP_FrancisIA_2] MOVETOTARGET ejecutado
[2025.09.30-05.45.52:234][408]LogBlueprintUserMessages: [BP_FrancisIA_2] MOVETOTARGET ejecutado
[2025.09.30-05.45.52:485][423]LogBlueprintUserMessages: [BP_FrancisIA_2] Vida50.0
[2025.09.30-05.45.52:485][423]LogBlueprintUserMessages: [BP_ClareCharacter_C_0] CLARE A MUERTO
[2025.09.30-05.45.52:485][423]LogBlueprintUserMessages: [BP_FrancisIA_2] MOVETOTARGET ejecutado
[2025.09.30-05.45.52:735][438]LogBlueprintUserMessages: [BP_FrancisIA_2] MOVETOTARGET ejecutado
[2025.09.30-05.45.52:985][453]LogBlueprintUserMessages: [BP_FrancisIA_2] MOVETOTARGET ejecutado
[2025.09.30-05.45.53:234][468]LogBlueprintUserMessages: [BP_FrancisIA_2] MOVETOTARGET ejecutado
[2025.09.30-05.45.53:485][483]LogBlueprintUserMessages: [BP_FrancisIA_2] Vida50.0
[2025.09.30-05.45.53:485][483]LogBlueprintUserMessages: [BP_ClareCharacter_C_0] CLARE A MUERTO
[2025.09.30-05.45.53:485][483]LogBlueprintUserMessages: [BP_FrancisIA_2] MOVETOTARGET ejecutado
[2025.09.30-05.45.53:735][498]LogBlueprintUserMessages: [BP_FrancisIA_2] MOVETOTARGET ejecutado
[2025.09.30-05.45.53:984][513]LogBlueprintUserMessages: [BP_FrancisIA_2] MOVETOTARGET ejecutado
[2025.09.30-05.45.54:234][528]LogBlueprintUserMessages: [BP_FrancisIA_2] MOVETOTARGET ejecutado
[2025.09.30-05.45.54:485][543]LogBlueprintUserMessages: [BP_FrancisIA_2] Vida50.0
[2025.09.30-05.45.54:485][543]LogBlueprintUserMessages: [BP_ClareCharacter_C_0] CLARE A MUERTO
[2025.09.30-05.45.54:485][543]LogBlueprintUserMessages: [BP_FrancisIA_2] MOVETOTARGET ejecutado
[2025.09.30-05.45.54:735][558]LogBlueprintUserMessages: [BP_FrancisIA_2] MOVETOTARGET ejecutado
[2025.09.30-05.45.54:790][559]LogSlate: Updating window title bar state: overlay mode, drag disabled, window buttons hidden, title bar hidden
[2025.09.30-05.45.54:790][559]LogWorld: BeginTearingDown for /Game/ThirdPersonBP/Maps/UEDPIE_0_ThirdPersonExampleMap
[2025.09.30-05.45.54:790][559]LogWorld: UWorld::CleanupWorld for ThirdPersonExampleMap, bSessionEnded=true, bCleanupResources=true
[2025.09.30-05.45.54:790][559]LogSlate: InvalidateAllWidgets triggered.  All widgets were invalidated
[2025.09.30-05.45.54:798][559]LogPlayLevel: Display: Shutting down PIE online subsystems
[2025.09.30-05.45.54:810][559]LogSlate: InvalidateAllWidgets triggered.  All widgets were invalidated
[2025.09.30-05.45.54:828][559]LogSlate: Updating window title bar state: overlay mode, drag disabled, window buttons hidden, title bar hidden
[2025.09.30-05.45.54:828][559]LogAudioMixer: FMixerPlatformXAudio2::StopAudioStream() called
[2025.09.30-05.45.54:830][559]LogAudioMixer: FMixerPlatformXAudio2::StopAudioStream() called
[2025.09.30-05.45.54:833][559]LogUObjectHash: Compacting FUObjectHashTables data took   1.35ms
[2025.09.30-05.45.54:863][560]LogPlayLevel: Display: Destroying online subsystem :Context_51
[2025.09.30-05.46.16:103][788]LogEditorTransaction: Undo Move Node
[2025.09.30-05.46.16:130][788]LogActorComponent: RegisterComponentWithWorld: (/Engine/Transient.World_33:PersistentLevel.AnimationEditorPreviewActor_0.DebugSkelMeshComponent_0) Already registered. Aborting.
[2025.09.30-05.46.24:988][306]BlueprintLog: New page: Compile BP_FrancisIA
[2025.09.30-05.46.25:037][306]LogUObjectHash: Compacting FUObjectHashTables data took   1.94ms
[2025.09.30-05.46.25:729][337]LogSavePackage: Moving '../../../../../Proyectos UE 4.27/TasteOfMadness/TasteOfMadness/Saved/BP_FrancisIAE9EDCF3346B7638F039B11A7DEED9B01.tmp' to '../../../../../Proyectos UE 4.27/TasteOfMadness/TasteOfMadness/Content/Characters/Francis/Blueprints/BP_FrancisIA.uasset'
[2025.09.30-05.46.25:743][337]AssetCheck: New page: Asset Save: BP_FrancisIA
[2025.09.30-05.46.25:743][337]LogContentValidation: Display: Validating Blueprint /Game/Characters/Francis/Blueprints/BP_FrancisIA.BP_FrancisIA
[2025.09.30-05.46.31:725][695]LogTemp: Repeating last play command: Selected Viewport
[2025.09.30-05.46.31:730][695]LogPlayLevel: PlayLevel: No blueprints needed recompiling
[2025.09.30-05.46.31:730][695]PIE: New page: PIE session: ThirdPersonExampleMap (29 sep. 2025 18:46:31)
[2025.09.30-05.46.31:730][695]LogPlayLevel: Creating play world package: /Game/ThirdPersonBP/Maps/UEDPIE_0_ThirdPersonExampleMap
[2025.09.30-05.46.31:739][695]LogPlayLevel: PIE: StaticDuplicateObject took: (0.008265s)
[2025.09.30-05.46.31:739][695]LogAIModule: Creating AISystem for world ThirdPersonExampleMap
[2025.09.30-05.46.31:740][695]LogPlayLevel: PIE: World Init took: (0.001085s)
[2025.09.30-05.46.31:740][695]LogPlayLevel: PIE: Created PIE world by copying editor world from /Game/ThirdPersonBP/Maps/ThirdPersonExampleMap.ThirdPersonExampleMap to /Game/ThirdPersonBP/Maps/UEDPIE_0_ThirdPersonExampleMap.ThirdPersonExampleMap (0.009493s)
[2025.09.30-05.46.31:761][695]LogUObjectHash: Compacting FUObjectHashTables data took   1.89ms
[2025.09.30-05.46.31:763][695]LogAudio: Display: Creating Audio Device:                 Id: 8, Scope: Unique, Realtime: True
[2025.09.30-05.46.31:763][695]LogAudioMixer: Display: Audio Mixer Platform Settings:
[2025.09.30-05.46.31:763][695]LogAudioMixer: Display: 	Sample Rate:						  48000
[2025.09.30-05.46.31:763][695]LogAudioMixer: Display: 	Callback Buffer Frame Size Requested: 1024
[2025.09.30-05.46.31:763][695]LogAudioMixer: Display: 	Callback Buffer Frame Size To Use:	  1024
[2025.09.30-05.46.31:763][695]LogAudioMixer: Display: 	Number of buffers to queue:			  2
[2025.09.30-05.46.31:763][695]LogAudioMixer: Display: 	Max Channels (voices):				  32
[2025.09.30-05.46.31:763][695]LogAudioMixer: Display: 	Number of Async Source Workers:		  0
[2025.09.30-05.46.31:763][695]LogAudio: Display: AudioDevice MaxSources: 32
[2025.09.30-05.46.31:763][695]LogAudio: Display: Audio Spatialization Plugin: None (built-in).
[2025.09.30-05.46.31:763][695]LogAudio: Display: Audio Reverb Plugin: None (built-in).
[2025.09.30-05.46.31:763][695]LogAudio: Display: Audio Occlusion Plugin: None (built-in).
[2025.09.30-05.46.31:763][695]LogAudioMixer: Display: Initializing audio mixer.
[2025.09.30-05.46.31:766][695]LogAudioMixer: Display: 0: FrontLeft
[2025.09.30-05.46.31:766][695]LogAudioMixer: Display: 1: FrontRight
[2025.09.30-05.46.31:794][695]LogAudioMixer: Display: Using Audio Device Altavoces (Realtek(R) Audio)
[2025.09.30-05.46.31:794][695]LogAudioMixer: Display: Initializing Sound Submixes...
[2025.09.30-05.46.31:794][695]LogAudioMixer: Display: Creating Master Submix 'MasterSubmixDefault'
[2025.09.30-05.46.31:794][695]LogAudioMixer: Display: Creating Master Submix 'MasterReverbSubmixDefault'
[2025.09.30-05.46.31:794][695]LogAudioMixer: Display: Creating Master Submix 'MasterEQSubmixDefault'
[2025.09.30-05.46.31:794][695]LogAudioMixer: FMixerPlatformXAudio2::StartAudioStream() called
[2025.09.30-05.46.31:794][695]LogAudioMixer: Display: Output buffers initialized: Frames=1024, Channels=2, Samples=2048
[2025.09.30-05.46.31:795][695]LogAudioMixer: Display: Starting AudioMixerPlatformInterface::RunInternal()
[2025.09.30-05.46.31:795][695]LogAudioMixer: Display: FMixerPlatformXAudio2::SubmitBuffer() called for the first time
[2025.09.30-05.46.31:795][695]LogInit: FAudioDevice initialized.
[2025.09.30-05.46.31:795][695]LogAudio: Display: Audio Device (ID: 8) registered with world 'ThirdPersonExampleMap'.
[2025.09.30-05.46.31:799][695]LogLoad: Game class is 'BP_GameMode_C'
[2025.09.30-05.46.31:801][695]LogWorld: Bringing World /Game/ThirdPersonBP/Maps/UEDPIE_0_ThirdPersonExampleMap.ThirdPersonExampleMap up for play (max tick rate 60) at 2025.09.29-23.46.31
[2025.09.30-05.46.31:802][695]LogWorld: Bringing up level for play took: 0.001256
[2025.09.30-05.46.31:802][695]LogOnline: OSS: Creating online subsystem instance for: :Context_52
[2025.09.30-05.46.31:805][695]PIE: Server logged in
[2025.09.30-05.46.31:806][695]PIE: Play in editor total start time 0.077 seconds.
[2025.09.30-05.46.36:164][956]LogBlueprintUserMessages: [BP_FrancisIA_2] Se ha encontrado la mesa
[2025.09.30-05.46.38:148][ 75]LogBlueprintUserMessages: [BP_FrancisIA_2] OnreachedTable Iniciado
[2025.09.30-05.46.42:147][315]LogBlueprintUserMessages: [BP_FrancisIA_2] Paciencia agotada, ENTRANDO EN MODO FURIA
[2025.09.30-05.46.44:148][435]LogBlueprintUserMessages: [BP_FrancisIA_2] EnterFury ejecutado
[2025.09.30-05.46.46:148][555]LogBlueprintUserMessages: [BP_FrancisIA_2] IsAttacking ejecutado
[2025.09.30-05.46.48:398][690]LogBlueprintUserMessages: [BP_FrancisIA_2] MOVETOTARGET ejecutado
[2025.09.30-05.46.48:648][705]LogBlueprintUserMessages: [BP_FrancisIA_2] MOVETOTARGET ejecutado
[2025.09.30-05.46.48:897][720]LogBlueprintUserMessages: [BP_FrancisIA_2] MOVETOTARGET ejecutado
[2025.09.30-05.46.49:148][735]LogBlueprintUserMessages: [BP_FrancisIA_2] MOVETOTARGET ejecutado
[2025.09.30-05.46.49:398][750]LogBlueprintUserMessages: [BP_FrancisIA_2] MOVETOTARGET ejecutado
[2025.09.30-05.46.49:648][765]LogBlueprintUserMessages: [BP_FrancisIA_2] MOVETOTARGET ejecutado
[2025.09.30-05.46.49:897][780]LogBlueprintUserMessages: [BP_FrancisIA_2] MOVETOTARGET ejecutado
[2025.09.30-05.46.50:148][795]LogBlueprintUserMessages: [BP_FrancisIA_2] MOVETOTARGET ejecutado
[2025.09.30-05.46.50:398][810]LogBlueprintUserMessages: [BP_FrancisIA_2] MOVETOTARGET ejecutado
[2025.09.30-05.46.50:648][825]LogBlueprintUserMessages: [BP_FrancisIA_2] MOVETOTARGET ejecutado
[2025.09.30-05.46.50:898][840]LogBlueprintUserMessages: [BP_FrancisIA_2] MOVETOTARGET ejecutado
[2025.09.30-05.46.51:148][855]LogBlueprintUserMessages: [BP_FrancisIA_2] MOVETOTARGET ejecutado
[2025.09.30-05.46.51:398][870]LogBlueprintUserMessages: [BP_FrancisIA_2] MOVETOTARGET ejecutado
[2025.09.30-05.46.51:648][885]LogBlueprintUserMessages: [BP_FrancisIA_2] MOVETOTARGET ejecutado
[2025.09.30-05.46.51:898][900]LogBlueprintUserMessages: [BP_FrancisIA_2] MOVETOTARGET ejecutado
[2025.09.30-05.46.52:148][915]LogBlueprintUserMessages: [BP_FrancisIA_2] MOVETOTARGET ejecutado
[2025.09.30-05.46.52:399][930]LogBlueprintUserMessages: [BP_FrancisIA_2] MOVETOTARGET ejecutado
[2025.09.30-05.46.52:648][945]LogBlueprintUserMessages: [BP_FrancisIA_2] MOVETOTARGET ejecutado
[2025.09.30-05.46.52:898][960]LogBlueprintUserMessages: [BP_FrancisIA_2] MOVETOTARGET ejecutado
[2025.09.30-05.46.53:148][975]LogBlueprintUserMessages: [BP_FrancisIA_2] MOVETOTARGET ejecutado
[2025.09.30-05.46.53:397][990]LogBlueprintUserMessages: [BP_FrancisIA_2] MOVETOTARGET ejecutado
[2025.09.30-05.46.53:532][998]LogBlueprintUserMessages: [BP_FrancisIA_2] Vida50.0
[2025.09.30-05.46.53:648][  5]LogBlueprintUserMessages: [BP_FrancisIA_2] MOVETOTARGET ejecutado
[2025.09.30-05.46.53:898][ 20]LogBlueprintUserMessages: [BP_FrancisIA_2] MOVETOTARGET ejecutado
[2025.09.30-05.46.54:148][ 35]LogBlueprintUserMessages: [BP_FrancisIA_2] MOVETOTARGET ejecutado
[2025.09.30-05.46.54:397][ 50]LogBlueprintUserMessages: [BP_FrancisIA_2] MOVETOTARGET ejecutado
[2025.09.30-05.46.54:532][ 58]LogBlueprintUserMessages: [BP_FrancisIA_2] Vida50.0
[2025.09.30-05.46.54:648][ 65]LogBlueprintUserMessages: [BP_FrancisIA_2] MOVETOTARGET ejecutado
[2025.09.30-05.46.54:899][ 80]LogBlueprintUserMessages: [BP_FrancisIA_2] MOVETOTARGET ejecutado
[2025.09.30-05.46.55:149][ 95]LogBlueprintUserMessages: [BP_FrancisIA_2] MOVETOTARGET ejecutado
[2025.09.30-05.46.55:399][110]LogBlueprintUserMessages: [BP_FrancisIA_2] MOVETOTARGET ejecutado
[2025.09.30-05.46.55:532][118]LogBlueprintUserMessages: [BP_FrancisIA_2] Vida50.0
[2025.09.30-05.46.55:648][125]LogBlueprintUserMessages: [BP_FrancisIA_2] MOVETOTARGET ejecutado
[2025.09.30-05.46.55:899][140]LogBlueprintUserMessages: [BP_FrancisIA_2] MOVETOTARGET ejecutado
[2025.09.30-05.46.56:149][155]LogBlueprintUserMessages: [BP_FrancisIA_2] MOVETOTARGET ejecutado
[2025.09.30-05.46.56:399][170]LogBlueprintUserMessages: [BP_FrancisIA_2] MOVETOTARGET ejecutado
[2025.09.30-05.46.56:532][178]LogBlueprintUserMessages: [BP_FrancisIA_2] Vida50.0
[2025.09.30-05.46.56:648][185]LogBlueprintUserMessages: [BP_FrancisIA_2] MOVETOTARGET ejecutado
[2025.09.30-05.46.56:899][200]LogBlueprintUserMessages: [BP_FrancisIA_2] MOVETOTARGET ejecutado
[2025.09.30-05.46.57:149][215]LogBlueprintUserMessages: [BP_FrancisIA_2] MOVETOTARGET ejecutado
[2025.09.30-05.46.57:399][230]LogBlueprintUserMessages: [BP_FrancisIA_2] MOVETOTARGET ejecutado
[2025.09.30-05.46.57:532][238]LogBlueprintUserMessages: [BP_FrancisIA_2] Vida50.0
[2025.09.30-05.46.57:533][238]LogBlueprintUserMessages: [BP_ClareCharacter_C_0] CLARE A MUERTO
[2025.09.30-05.46.57:648][245]LogBlueprintUserMessages: [BP_FrancisIA_2] MOVETOTARGET ejecutado
[2025.09.30-05.46.57:899][260]LogBlueprintUserMessages: [BP_FrancisIA_2] MOVETOTARGET ejecutado
[2025.09.30-05.46.58:149][275]LogBlueprintUserMessages: [BP_FrancisIA_2] MOVETOTARGET ejecutado
[2025.09.30-05.46.58:399][290]LogBlueprintUserMessages: [BP_FrancisIA_2] MOVETOTARGET ejecutado
[2025.09.30-05.46.58:532][298]LogBlueprintUserMessages: [BP_FrancisIA_2] Vida50.0
[2025.09.30-05.46.58:532][298]LogBlueprintUserMessages: [BP_ClareCharacter_C_0] CLARE A MUERTO
[2025.09.30-05.46.58:648][305]LogBlueprintUserMessages: [BP_FrancisIA_2] MOVETOTARGET ejecutado
[2025.09.30-05.46.58:898][320]LogBlueprintUserMessages: [BP_FrancisIA_2] MOVETOTARGET ejecutado
[2025.09.30-05.46.59:149][335]LogBlueprintUserMessages: [BP_FrancisIA_2] MOVETOTARGET ejecutado
[2025.09.30-05.46.59:398][350]LogBlueprintUserMessages: [BP_FrancisIA_2] MOVETOTARGET ejecutado
[2025.09.30-05.46.59:649][365]LogBlueprintUserMessages: [BP_FrancisIA_2] MOVETOTARGET ejecutado
[2025.09.30-05.46.59:815][375]LogBlueprintUserMessages: [BP_FrancisIA_2] Vida50.0
[2025.09.30-05.46.59:815][375]LogBlueprintUserMessages: [BP_ClareCharacter_C_0] CLARE A MUERTO
[2025.09.30-05.46.59:898][380]LogBlueprintUserMessages: [BP_FrancisIA_2] MOVETOTARGET ejecutado
[2025.09.30-05.47.00:148][395]LogBlueprintUserMessages: [BP_FrancisIA_2] MOVETOTARGET ejecutado
[2025.09.30-05.47.00:399][410]LogBlueprintUserMessages: [BP_FrancisIA_2] MOVETOTARGET ejecutado
[2025.09.30-05.47.00:648][425]LogBlueprintUserMessages: [BP_FrancisIA_2] MOVETOTARGET ejecutado
[2025.09.30-05.47.00:898][440]LogBlueprintUserMessages: [BP_FrancisIA_2] MOVETOTARGET ejecutado
[2025.09.30-05.47.01:149][455]LogBlueprintUserMessages: [BP_FrancisIA_2] MOVETOTARGET ejecutado
[2025.09.30-05.47.01:398][470]LogBlueprintUserMessages: [BP_FrancisIA_2] MOVETOTARGET ejecutado
[2025.09.30-05.47.01:415][471]LogBlueprintUserMessages: [BP_FrancisIA_2] Vida50.0
[2025.09.30-05.47.01:415][471]LogBlueprintUserMessages: [BP_ClareCharacter_C_0] CLARE A MUERTO
[2025.09.30-05.47.01:550][477]LogSlate: Updating window title bar state: overlay mode, drag disabled, window buttons hidden, title bar hidden
[2025.09.30-05.47.01:550][477]LogWorld: BeginTearingDown for /Game/ThirdPersonBP/Maps/UEDPIE_0_ThirdPersonExampleMap
[2025.09.30-05.47.01:550][477]LogWorld: UWorld::CleanupWorld for ThirdPersonExampleMap, bSessionEnded=true, bCleanupResources=true
[2025.09.30-05.47.01:551][477]LogSlate: InvalidateAllWidgets triggered.  All widgets were invalidated
[2025.09.30-05.47.01:557][477]LogPlayLevel: Display: Shutting down PIE online subsystems
[2025.09.30-05.47.01:571][477]LogSlate: InvalidateAllWidgets triggered.  All widgets were invalidated
[2025.09.30-05.47.01:586][477]LogAudio: Display: Audio Device unregistered from world 'None'.
[2025.09.30-05.47.01:586][477]LogAudioMixer: FMixerPlatformXAudio2::StopAudioStream() called
[2025.09.30-05.47.01:589][477]LogAudioMixer: FMixerPlatformXAudio2::StopAudioStream() called
[2025.09.30-05.47.01:590][477]LogSlate: Updating window title bar state: overlay mode, drag disabled, window buttons hidden, title bar hidden
[2025.09.30-05.47.01:592][477]LogUObjectHash: Compacting FUObjectHashTables data took   1.48ms
[2025.09.30-05.47.01:623][478]LogPlayLevel: Display: Destroying online subsystem :Context_52
[2025.09.30-05.47.03:484][589]LogTemp: Repeating last play command: Selected Viewport
[2025.09.30-05.47.03:489][589]LogPlayLevel: PlayLevel: No blueprints needed recompiling
[2025.09.30-05.47.03:489][589]PIE: New page: PIE session: ThirdPersonExampleMap (29 sep. 2025 18:47:03)
[2025.09.30-05.47.03:489][589]LogPlayLevel: Creating play world package: /Game/ThirdPersonBP/Maps/UEDPIE_0_ThirdPersonExampleMap
[2025.09.30-05.47.03:497][589]LogPlayLevel: PIE: StaticDuplicateObject took: (0.008293s)
[2025.09.30-05.47.03:498][589]LogAIModule: Creating AISystem for world ThirdPersonExampleMap
[2025.09.30-05.47.03:499][589]LogPlayLevel: PIE: World Init took: (0.001281s)
[2025.09.30-05.47.03:499][589]LogPlayLevel: PIE: Created PIE world by copying editor world from /Game/ThirdPersonBP/Maps/ThirdPersonExampleMap.ThirdPersonExampleMap to /Game/ThirdPersonBP/Maps/UEDPIE_0_ThirdPersonExampleMap.ThirdPersonExampleMap (0.009740s)
[2025.09.30-05.47.03:517][589]LogUObjectHash: Compacting FUObjectHashTables data took   1.26ms
[2025.09.30-05.47.03:519][589]LogAudio: Display: Creating Audio Device:                 Id: 9, Scope: Unique, Realtime: True
[2025.09.30-05.47.03:519][589]LogAudioMixer: Display: Audio Mixer Platform Settings:
[2025.09.30-05.47.03:519][589]LogAudioMixer: Display: 	Sample Rate:						  48000
[2025.09.30-05.47.03:519][589]LogAudioMixer: Display: 	Callback Buffer Frame Size Requested: 1024
[2025.09.30-05.47.03:519][589]LogAudioMixer: Display: 	Callback Buffer Frame Size To Use:	  1024
[2025.09.30-05.47.03:519][589]LogAudioMixer: Display: 	Number of buffers to queue:			  2
[2025.09.30-05.47.03:519][589]LogAudioMixer: Display: 	Max Channels (voices):				  32
[2025.09.30-05.47.03:519][589]LogAudioMixer: Display: 	Number of Async Source Workers:		  0
[2025.09.30-05.47.03:519][589]LogAudio: Display: AudioDevice MaxSources: 32
[2025.09.30-05.47.03:519][589]LogAudio: Display: Audio Spatialization Plugin: None (built-in).
[2025.09.30-05.47.03:519][589]LogAudio: Display: Audio Reverb Plugin: None (built-in).
[2025.09.30-05.47.03:519][589]LogAudio: Display: Audio Occlusion Plugin: None (built-in).
[2025.09.30-05.47.03:519][589]LogAudioMixer: Display: Initializing audio mixer.
[2025.09.30-05.47.03:521][589]LogAudioMixer: Display: 0: FrontLeft
[2025.09.30-05.47.03:521][589]LogAudioMixer: Display: 1: FrontRight
[2025.09.30-05.47.03:549][589]LogAudioMixer: Display: Using Audio Device Altavoces (Realtek(R) Audio)
[2025.09.30-05.47.03:549][589]LogAudioMixer: Display: Initializing Sound Submixes...
[2025.09.30-05.47.03:549][589]LogAudioMixer: Display: Creating Master Submix 'MasterSubmixDefault'
[2025.09.30-05.47.03:549][589]LogAudioMixer: Display: Creating Master Submix 'MasterReverbSubmixDefault'
[2025.09.30-05.47.03:549][589]LogAudioMixer: Display: Creating Master Submix 'MasterEQSubmixDefault'
[2025.09.30-05.47.03:549][589]LogAudioMixer: FMixerPlatformXAudio2::StartAudioStream() called
[2025.09.30-05.47.03:549][589]LogAudioMixer: Display: Output buffers initialized: Frames=1024, Channels=2, Samples=2048
[2025.09.30-05.47.03:551][589]LogAudioMixer: Display: Starting AudioMixerPlatformInterface::RunInternal()
[2025.09.30-05.47.03:551][589]LogAudioMixer: Display: FMixerPlatformXAudio2::SubmitBuffer() called for the first time
[2025.09.30-05.47.03:551][589]LogInit: FAudioDevice initialized.
[2025.09.30-05.47.03:551][589]LogAudio: Display: Audio Device (ID: 9) registered with world 'ThirdPersonExampleMap'.
[2025.09.30-05.47.03:561][589]LogLoad: Game class is 'BP_GameMode_C'
[2025.09.30-05.47.03:563][589]LogWorld: Bringing World /Game/ThirdPersonBP/Maps/UEDPIE_0_ThirdPersonExampleMap.ThirdPersonExampleMap up for play (max tick rate 60) at 2025.09.29-23.47.03
[2025.09.30-05.47.03:563][589]LogWorld: Bringing up level for play took: 0.001215
[2025.09.30-05.47.03:563][589]LogOnline: OSS: Creating online subsystem instance for: :Context_53
[2025.09.30-05.47.03:566][589]PIE: Server logged in
[2025.09.30-05.47.03:566][589]PIE: Play in editor total start time 0.079 seconds.
[2025.09.30-05.47.07:758][840]LogBlueprintUserMessages: [BP_FrancisIA_2] Se ha encontrado la mesa
[2025.09.30-05.47.09:741][959]LogBlueprintUserMessages: [BP_FrancisIA_2] OnreachedTable Iniciado
[2025.09.30-05.47.14:741][259]LogBlueprintUserMessages: [BP_FrancisIA_2] Paciencia agotada, ENTRANDO EN MODO FURIA
[2025.09.30-05.47.16:741][379]LogBlueprintUserMessages: [BP_FrancisIA_2] EnterFury ejecutado
[2025.09.30-05.47.18:741][499]LogBlueprintUserMessages: [BP_FrancisIA_2] IsAttacking ejecutado
[2025.09.30-05.47.20:992][634]LogBlueprintUserMessages: [BP_FrancisIA_2] MOVETOTARGET ejecutado
[2025.09.30-05.47.21:241][649]LogBlueprintUserMessages: [BP_FrancisIA_2] MOVETOTARGET ejecutado
[2025.09.30-05.47.21:491][664]LogBlueprintUserMessages: [BP_FrancisIA_2] MOVETOTARGET ejecutado
[2025.09.30-05.47.21:741][679]LogBlueprintUserMessages: [BP_FrancisIA_2] MOVETOTARGET ejecutado
[2025.09.30-05.47.21:991][694]LogBlueprintUserMessages: [BP_FrancisIA_2] MOVETOTARGET ejecutado
[2025.09.30-05.47.22:241][709]LogBlueprintUserMessages: [BP_FrancisIA_2] MOVETOTARGET ejecutado
[2025.09.30-05.47.22:492][724]LogBlueprintUserMessages: [BP_FrancisIA_2] MOVETOTARGET ejecutado
[2025.09.30-05.47.22:742][739]LogBlueprintUserMessages: [BP_FrancisIA_2] MOVETOTARGET ejecutado
[2025.09.30-05.47.22:992][754]LogBlueprintUserMessages: [BP_FrancisIA_2] MOVETOTARGET ejecutado
[2025.09.30-05.47.23:241][769]LogBlueprintUserMessages: [BP_FrancisIA_2] MOVETOTARGET ejecutado
[2025.09.30-05.47.23:491][784]LogBlueprintUserMessages: [BP_FrancisIA_2] MOVETOTARGET ejecutado
[2025.09.30-05.47.23:742][799]LogBlueprintUserMessages: [BP_FrancisIA_2] MOVETOTARGET ejecutado
[2025.09.30-05.47.23:992][814]LogBlueprintUserMessages: [BP_FrancisIA_2] MOVETOTARGET ejecutado
[2025.09.30-05.47.24:241][829]LogBlueprintUserMessages: [BP_FrancisIA_2] MOVETOTARGET ejecutado
[2025.09.30-05.47.24:491][844]LogBlueprintUserMessages: [BP_FrancisIA_2] MOVETOTARGET ejecutado
[2025.09.30-05.47.24:741][859]LogBlueprintUserMessages: [BP_FrancisIA_2] MOVETOTARGET ejecutado
[2025.09.30-05.47.24:991][874]LogBlueprintUserMessages: [BP_FrancisIA_2] MOVETOTARGET ejecutado
[2025.09.30-05.47.25:242][889]LogBlueprintUserMessages: [BP_FrancisIA_2] MOVETOTARGET ejecutado
[2025.09.30-05.47.25:491][904]LogBlueprintUserMessages: [BP_FrancisIA_2] MOVETOTARGET ejecutado
[2025.09.30-05.47.25:741][919]LogBlueprintUserMessages: [BP_FrancisIA_2] MOVETOTARGET ejecutado
[2025.09.30-05.47.25:991][934]LogBlueprintUserMessages: [BP_FrancisIA_2] MOVETOTARGET ejecutado
[2025.09.30-05.47.26:242][949]LogBlueprintUserMessages: [BP_FrancisIA_2] MOVETOTARGET ejecutado
[2025.09.30-05.47.26:492][964]LogBlueprintUserMessages: [BP_FrancisIA_2] MOVETOTARGET ejecutado
[2025.09.30-05.47.26:742][979]LogBlueprintUserMessages: [BP_FrancisIA_2] MOVETOTARGET ejecutado
[2025.09.30-05.47.26:992][994]LogBlueprintUserMessages: [BP_FrancisIA_2] MOVETOTARGET ejecutado
[2025.09.30-05.47.27:242][  9]LogBlueprintUserMessages: [BP_FrancisIA_2] MOVETOTARGET ejecutado
[2025.09.30-05.47.27:492][ 24]LogBlueprintUserMessages: [BP_FrancisIA_2] MOVETOTARGET ejecutado
[2025.09.30-05.47.27:742][ 39]LogBlueprintUserMessages: [BP_FrancisIA_2] MOVETOTARGET ejecutado
[2025.09.30-05.47.27:992][ 54]LogBlueprintUserMessages: [BP_FrancisIA_2] MOVETOTARGET ejecutado
[2025.09.30-05.47.28:241][ 69]LogBlueprintUserMessages: [BP_FrancisIA_2] MOVETOTARGET ejecutado
[2025.09.30-05.47.28:258][ 70]LogBlueprintUserMessages: [BP_FrancisIA_2] Vida50.0
[2025.09.30-05.47.28:491][ 84]LogBlueprintUserMessages: [BP_FrancisIA_2] MOVETOTARGET ejecutado
[2025.09.30-05.47.28:741][ 99]LogBlueprintUserMessages: [BP_FrancisIA_2] MOVETOTARGET ejecutado
[2025.09.30-05.47.28:991][114]LogBlueprintUserMessages: [BP_FrancisIA_2] MOVETOTARGET ejecutado
[2025.09.30-05.47.29:242][129]LogBlueprintUserMessages: [BP_FrancisIA_2] MOVETOTARGET ejecutado
[2025.09.30-05.47.29:491][144]LogBlueprintUserMessages: [BP_FrancisIA_2] MOVETOTARGET ejecutado
[2025.09.30-05.47.29:741][159]LogBlueprintUserMessages: [BP_FrancisIA_2] MOVETOTARGET ejecutado
[2025.09.30-05.47.29:991][174]LogBlueprintUserMessages: [BP_FrancisIA_2] MOVETOTARGET ejecutado
[2025.09.30-05.47.29:991][174]LogBlueprintUserMessages: [BP_FrancisIA_2] Vida50.0
[2025.09.30-05.47.30:242][189]LogBlueprintUserMessages: [BP_FrancisIA_2] MOVETOTARGET ejecutado
[2025.09.30-05.47.30:492][204]LogBlueprintUserMessages: [BP_FrancisIA_2] MOVETOTARGET ejecutado
[2025.09.30-05.47.30:742][219]LogBlueprintUserMessages: [BP_FrancisIA_2] MOVETOTARGET ejecutado
[2025.09.30-05.47.30:991][234]LogBlueprintUserMessages: [BP_FrancisIA_2] MOVETOTARGET ejecutado
[2025.09.30-05.47.30:991][234]LogBlueprintUserMessages: [BP_FrancisIA_2] Vida50.0
[2025.09.30-05.47.31:259][249]LogBlueprintUserMessages: [BP_FrancisIA_2] MOVETOTARGET ejecutado
[2025.09.30-05.47.31:501][264]LogBlueprintUserMessages: [BP_FrancisIA_2] MOVETOTARGET ejecutado
[2025.09.30-05.47.31:752][279]LogBlueprintUserMessages: [BP_FrancisIA_2] MOVETOTARGET ejecutado
[2025.09.30-05.47.32:001][294]LogBlueprintUserMessages: [BP_FrancisIA_2] MOVETOTARGET ejecutado
[2025.09.30-05.47.32:001][294]LogBlueprintUserMessages: [BP_FrancisIA_2] Vida50.0
[2025.09.30-05.47.32:251][309]LogBlueprintUserMessages: [BP_FrancisIA_2] MOVETOTARGET ejecutado
[2025.09.30-05.47.32:501][324]LogBlueprintUserMessages: [BP_FrancisIA_2] MOVETOTARGET ejecutado
[2025.09.30-05.47.32:751][339]LogBlueprintUserMessages: [BP_FrancisIA_2] MOVETOTARGET ejecutado
[2025.09.30-05.47.33:001][354]LogBlueprintUserMessages: [BP_FrancisIA_2] MOVETOTARGET ejecutado
[2025.09.30-05.47.33:001][354]LogBlueprintUserMessages: [BP_FrancisIA_2] Vida50.0
[2025.09.30-05.47.33:001][354]LogBlueprintUserMessages: [BP_ClareCharacter_C_0] CLARE A MUERTO
[2025.09.30-05.47.33:251][369]LogBlueprintUserMessages: [BP_FrancisIA_2] MOVETOTARGET ejecutado
[2025.09.30-05.47.33:501][384]LogBlueprintUserMessages: [BP_FrancisIA_2] MOVETOTARGET ejecutado
[2025.09.30-05.47.33:760][398]LogSlate: Updating window title bar state: overlay mode, drag disabled, window buttons hidden, title bar hidden
[2025.09.30-05.47.33:760][398]LogWorld: BeginTearingDown for /Game/ThirdPersonBP/Maps/UEDPIE_0_ThirdPersonExampleMap
[2025.09.30-05.47.33:760][398]LogWorld: UWorld::CleanupWorld for ThirdPersonExampleMap, bSessionEnded=true, bCleanupResources=true
[2025.09.30-05.47.33:761][398]LogSlate: InvalidateAllWidgets triggered.  All widgets were invalidated
[2025.09.30-05.47.33:772][398]LogPlayLevel: Display: Shutting down PIE online subsystems
[2025.09.30-05.47.33:785][398]LogSlate: InvalidateAllWidgets triggered.  All widgets were invalidated
[2025.09.30-05.47.33:801][398]LogSlate: Updating window title bar state: overlay mode, drag disabled, window buttons hidden, title bar hidden
[2025.09.30-05.47.33:802][398]LogAudioMixer: FMixerPlatformXAudio2::StopAudioStream() called
[2025.09.30-05.47.33:803][398]LogAudioMixer: FMixerPlatformXAudio2::StopAudioStream() called
[2025.09.30-05.47.33:806][398]LogUObjectHash: Compacting FUObjectHashTables data took   1.28ms
[2025.09.30-05.47.33:838][399]LogPlayLevel: Display: Destroying online subsystem :Context_53
[2025.09.30-05.49.09:909][102]LogSavePackage: Moving '../../../../../Proyectos UE 4.27/TasteOfMadness/TasteOfMadness/Saved/BP_FrancisIA7BC18E7240A7EF8A94A8DE9206851155.tmp' to '../../../../../Proyectos UE 4.27/TasteOfMadness/TasteOfMadness/Content/Characters/Francis/Blueprints/BP_FrancisIA.uasset'
[2025.09.30-05.49.09:926][102]AssetCheck: New page: Asset Save: BP_FrancisIA
[2025.09.30-05.49.09:926][102]LogContentValidation: Display: Validating Blueprint /Game/Characters/Francis/Blueprints/BP_FrancisIA.BP_FrancisIA
[2025.09.30-05.49.11:594][200]LogSlate: Window 'BP_ClareCharacter' being destroyed
[2025.09.30-05.49.11:601][200]LogSlate: Window 'BP_ClareCharacter' being destroyed
[2025.09.30-05.49.11:606][200]LogWorld: UWorld::CleanupWorld for World_33, bSessionEnded=true, bCleanupResources=true
[2025.09.30-05.49.11:606][200]LogSlate: InvalidateAllWidgets triggered.  All widgets were invalidated
[2025.09.30-05.49.11:612][200]LogWorld: UWorld::CleanupWorld for World_32, bSessionEnded=true, bCleanupResources=true
[2025.09.30-05.49.11:612][200]LogSlate: InvalidateAllWidgets triggered.  All widgets were invalidated
[2025.09.30-05.49.11:659][200]LogWorld: UWorld::CleanupWorld for World_34, bSessionEnded=true, bCleanupResources=true
[2025.09.30-05.49.11:660][200]LogSlate: InvalidateAllWidgets triggered.  All widgets were invalidated
[2025.09.30-05.49.11:673][200]LogWorld: UWorld::CleanupWorld for World_40, bSessionEnded=true, bCleanupResources=true
[2025.09.30-05.49.11:673][200]LogSlate: InvalidateAllWidgets triggered.  All widgets were invalidated
[2025.09.30-05.49.11:733][200]LogActorComponent: UnregisterComponent: (/Engine/Transient.EditorFloorComp) Not registered. Aborting.
[2025.09.30-05.49.11:733][200]LogWorld: UWorld::CleanupWorld for World_43, bSessionEnded=true, bCleanupResources=true
[2025.09.30-05.49.11:733][200]LogSlate: InvalidateAllWidgets triggered.  All widgets were invalidated
[2025.09.30-05.49.14:106][338]LogUObjectHash: Compacting FUObjectHashTables data took   1.72ms
[2025.09.30-05.49.14:123][338]LogSavePackage: Moving '../../../../../Proyectos UE 4.27/TasteOfMadness/TasteOfMadness/Saved/ThirdPersonExampleMapC771757B4745200163E0DEA35111E092.tmp' to '../../../../../Proyectos UE 4.27/TasteOfMadness/TasteOfMadness/Content/ThirdPersonBP/Maps/ThirdPersonExampleMap.umap'
[2025.09.30-05.49.14:183][338]LogSavePackage: Moving '../../../../../Proyectos UE 4.27/TasteOfMadness/TasteOfMadness/Saved/ThirdPersonExampleMap_BuiltData31C195B1490B7CEA4B5A90B38590D851.tmp' to '../../../../../Proyectos UE 4.27/TasteOfMadness/TasteOfMadness/Content/ThirdPersonBP/Maps/ThirdPersonExampleMap_BuiltData.uasset'
[2025.09.30-05.49.14:196][338]AssetCheck: New page: Asset Save: multiple assets
[2025.09.30-05.49.14:196][338]LogContentValidation: Display: Validating World /Game/ThirdPersonBP/Maps/ThirdPersonExampleMap.ThirdPersonExampleMap
[2025.09.30-05.49.14:196][338]LogContentValidation: Display: Validating MapBuildDataRegistry /Game/ThirdPersonBP/Maps/ThirdPersonExampleMap_BuiltData.ThirdPersonExampleMap_BuiltData
[2025.09.30-05.49.15:149][395]LogUObjectHash: Compacting FUObjectHashTables data took   1.23ms
[2025.09.30-05.49.15:161][395]LogSlate: Window 'TasteOfMadness - Unreal Editor' being destroyed
[2025.09.30-05.49.15:163][395]LogWindowsTextInputMethodSystem: Display: IME system deactivated.
[2025.09.30-05.49.15:266][396]Cmd: QUIT_EDITOR
[2025.09.30-05.49.15:266][396]LogCore: Engine exit requested (reason: UUnrealEdEngine::CloseEditor())
[2025.09.30-05.49.15:270][396]LogCore: Engine exit requested (reason: EngineExit() was called; note: exit was already requested)
[2025.09.30-05.49.15:922][396]LogAudio: Display: Beginning Audio Device Manager Shutdown (Module: AudioMixerXAudio2)...
[2025.09.30-05.49.15:922][396]LogAudio: Display: Destroying 1 Remaining Audio Device(s)...
[2025.09.30-05.49.15:922][396]LogAudio: Display: Audio Device unregistered from world 'ThirdPersonExampleMap'.
[2025.09.30-05.49.15:922][396]LogAudioMixer: FMixerPlatformXAudio2::StopAudioStream() called
[2025.09.30-05.49.15:923][396]LogAudioMixer: FMixerPlatformXAudio2::StopAudioStream() called
[2025.09.30-05.49.15:924][396]LogAudio: Display: Audio Device Manager Shutdown
[2025.09.30-05.49.15:930][396]LogExit: Preparing to exit.
[2025.09.30-05.49.16:771][396]LogUObjectHash: Compacting FUObjectHashTables data took   1.47ms
[2025.09.30-05.49.16:881][396]LogWorld: UWorld::CleanupWorld for World_41, bSessionEnded=true, bCleanupResources=true
[2025.09.30-05.49.16:883][396]LogWorld: UWorld::CleanupWorld for World_44, bSessionEnded=true, bCleanupResources=true
[2025.09.30-05.49.16:885][396]LogActorComponent: UnregisterComponent: (None.None) Not registered. Aborting.
[2025.09.30-05.49.16:885][396]LogActorComponent: UnregisterComponent: (None.None) Not registered. Aborting.
[2025.09.30-05.49.16:885][396]LogActorComponent: UnregisterComponent: (None.None) Not registered. Aborting.
[2025.09.30-05.49.16:885][396]LogActorComponent: UnregisterComponent: (None.None) Not registered. Aborting.
[2025.09.30-05.49.16:885][396]LogActorComponent: UnregisterComponent: (None.None) Not registered. Aborting.
[2025.09.30-05.49.16:885][396]LogActorComponent: UnregisterComponent: (None.None) Not registered. Aborting.
[2025.09.30-05.49.16:885][396]LogActorComponent: UnregisterComponent: (None.None) Not registered. Aborting.
[2025.09.30-05.49.16:885][396]LogWorld: UWorld::CleanupWorld for None, bSessionEnded=true, bCleanupResources=true
[2025.09.30-05.49.16:886][396]LogWorld: UWorld::CleanupWorld for World_31, bSessionEnded=true, bCleanupResources=true
[2025.09.30-05.49.16:889][396]LogWorld: UWorld::CleanupWorld for World_42, bSessionEnded=true, bCleanupResources=true
[2025.09.30-05.49.16:890][396]LogWorld: UWorld::CleanupWorld for World_2, bSessionEnded=true, bCleanupResources=true
[2025.09.30-05.49.16:891][396]LogWorld: UWorld::CleanupWorld for World_1, bSessionEnded=true, bCleanupResources=true
[2025.09.30-05.49.16:893][396]LogWorld: UWorld::CleanupWorld for World_10, bSessionEnded=true, bCleanupResources=true
[2025.09.30-05.49.16:894][396]LogWorld: UWorld::CleanupWorld for World_13, bSessionEnded=true, bCleanupResources=true
[2025.09.30-05.49.16:895][396]LogWorld: UWorld::CleanupWorld for World_12, bSessionEnded=true, bCleanupResources=true
[2025.09.30-05.49.16:896][396]LogActorComponent: UnregisterComponent: (None.None) Not registered. Aborting.
[2025.09.30-05.49.16:896][396]LogActorComponent: UnregisterComponent: (None.None) Not registered. Aborting.
[2025.09.30-05.49.16:896][396]LogActorComponent: UnregisterComponent: (None.None) Not registered. Aborting.
[2025.09.30-05.49.16:896][396]LogActorComponent: UnregisterComponent: (None.None) Not registered. Aborting.
[2025.09.30-05.49.16:897][396]LogActorComponent: UnregisterComponent: (None.None) Not registered. Aborting.
[2025.09.30-05.49.16:897][396]LogActorComponent: UnregisterComponent: (None.None) Not registered. Aborting.
[2025.09.30-05.49.16:897][396]LogActorComponent: UnregisterComponent: (None.None) Not registered. Aborting.
[2025.09.30-05.49.16:897][396]LogWorld: UWorld::CleanupWorld for World_6, bSessionEnded=true, bCleanupResources=true
[2025.09.30-05.49.16:898][396]LogWorld: UWorld::CleanupWorld for World_21, bSessionEnded=true, bCleanupResources=true
[2025.09.30-05.49.16:899][396]LogWorld: UWorld::CleanupWorld for World_11, bSessionEnded=true, bCleanupResources=true
[2025.09.30-05.49.16:940][396]LogDemo: Cleaned up 0 splitscreen connections with owner deletion
[2025.09.30-05.49.16:949][396]LogExit: Editor shut down
[2025.09.30-05.49.16:949][396]LogExit: Transaction tracking system shut down
[2025.09.30-05.49.17:172][396]LogExit: Object subsystem successfully closed.
[2025.09.30-05.49.17:191][396]LogShaderCompilers: Display: === FShaderJobCache stats ===
[2025.09.30-05.49.17:191][396]LogShaderCompilers: Display: Total job queries 41, among them cache hits 1 (2.44%)
[2025.09.30-05.49.17:191][396]LogShaderCompilers: Display: Tracking 40 distinct input hashes that result in 16 distinct outputs (40.00%)
[2025.09.30-05.49.17:192][396]LogShaderCompilers: Display: RAM used: 0.07 MB (0.00 GB) of 1638.40 MB (1.60 GB) budget. Usage: 0.00%
[2025.09.30-05.49.17:192][396]LogShaderCompilers: Display: ================================================
[2025.09.30-05.49.17:202][396]LogShaderCompilers: Display: Shaders left to compile 0
[2025.09.30-05.49.17:212][396]LogModuleManager: Shutting down and abandoning module SequencerWidgets (886)
[2025.09.30-05.49.17:212][396]LogModuleManager: Shutting down and abandoning module AnimationEditor (884)
[2025.09.30-05.49.17:212][396]LogModuleManager: Shutting down and abandoning module PinnedCommandList (882)
[2025.09.30-05.49.17:212][396]LogModuleManager: Shutting down and abandoning module SkeletonEditor (880)
[2025.09.30-05.49.17:212][396]LogModuleManager: Shutting down and abandoning module BlueprintGraph (878)
[2025.09.30-05.49.17:212][396]LogModuleManager: Shutting down and abandoning module MovieSceneCapture (876)
[2025.09.30-05.49.17:212][396]LogModuleManager: Shutting down and abandoning module Voice (874)
[2025.09.30-05.49.17:212][396]LogModuleManager: Shutting down and abandoning module HierarchicalLODUtilities (872)
[2025.09.30-05.49.17:212][396]LogModuleManager: Shutting down and abandoning module HierarchicalLODOutliner (870)
[2025.09.30-05.49.17:212][396]LogModuleManager: Shutting down and abandoning module SceneOutliner (868)
[2025.09.30-05.49.17:212][396]LogModuleManager: Shutting down and abandoning module AddContentDialog (866)
[2025.09.30-05.49.17:213][396]LogModuleManager: Shutting down and abandoning module WidgetCarousel (865)
[2025.09.30-05.49.17:213][396]LogModuleManager: Shutting down and abandoning module EditorWidgets (862)
[2025.09.30-05.49.17:213][396]LogModuleManager: Shutting down and abandoning module StatsViewer (860)
[2025.09.30-05.49.17:213][396]LogModuleManager: Shutting down and abandoning module PIEPreviewDeviceProfileSelector (858)
[2025.09.30-05.49.17:213][396]LogModuleManager: Shutting down and abandoning module SequenceRecorderSections (856)
[2025.09.30-05.49.17:213][396]LogModuleManager: Shutting down and abandoning module AutomationWorker (854)
[2025.09.30-05.49.17:213][396]LogModuleManager: Shutting down and abandoning module SteamVREditor (852)
[2025.09.30-05.49.17:213][396]LogModuleManager: Shutting down and abandoning module OculusMR (850)
[2025.09.30-05.49.17:213][396]LogModuleManager: Shutting down and abandoning module TakeRecorderSources (848)
[2025.09.30-05.49.17:213][396]LogModuleManager: Shutting down and abandoning module TakeRecorder (847)
[2025.09.30-05.49.17:213][396]LogModuleManager: Shutting down and abandoning module TakeTrackRecorders (844)
[2025.09.30-05.49.17:213][396]LogModuleManager: Shutting down and abandoning module TakesCore (842)
[2025.09.30-05.49.17:213][396]LogModuleManager: Shutting down and abandoning module OpenXRInput (840)
[2025.09.30-05.49.17:213][396]LogModuleManager: Shutting down and abandoning module GooglePADEditor (838)
[2025.09.30-05.49.17:213][396]LogModuleManager: Shutting down and abandoning module AudioCaptureEditor (836)
[2025.09.30-05.49.17:213][396]LogModuleManager: Shutting down and abandoning module TemplateSequenceEditor (834)
[2025.09.30-05.49.17:213][396]LogModuleManager: Shutting down and abandoning module MatineeToLevelSequence (832)
[2025.09.30-05.49.17:213][396]LogModuleManager: Shutting down and abandoning module LevelSequenceEditor (830)
[2025.09.30-05.49.17:213][396]LogModuleManager: Shutting down and abandoning module ActorSequenceEditor (828)
[2025.09.30-05.49.17:213][396]LogModuleManager: Shutting down and abandoning module WmfMediaFactory (826)
[2025.09.30-05.49.17:213][396]LogModuleManager: Shutting down and abandoning module WmfMediaEditor (824)
[2025.09.30-05.49.17:213][396]LogModuleManager: Shutting down and abandoning module WebMMediaFactory (822)
[2025.09.30-05.49.17:213][396]LogModuleManager: Shutting down and abandoning module WebMMediaEditor (820)
[2025.09.30-05.49.17:213][396]LogModuleManager: Shutting down and abandoning module WebMMedia (818)
[2025.09.30-05.49.17:213][396]LogModuleManager: Shutting down and abandoning module MediaPlayerEditor (816)
[2025.09.30-05.49.17:213][396]LogModuleManager: Shutting down and abandoning module MediaCompositingEditor (814)
[2025.09.30-05.49.17:213][396]LogModuleManager: Shutting down and abandoning module SequenceRecorder (813)
[2025.09.30-05.49.17:213][396]LogModuleManager: Shutting down and abandoning module OpenExrWrapper (810)
[2025.09.30-05.49.17:213][396]LogModuleManager: Shutting down and abandoning module ImgMediaFactory (808)
[2025.09.30-05.49.17:213][396]LogModuleManager: Shutting down and abandoning module ImgMediaEditor (806)
[2025.09.30-05.49.17:213][396]LogModuleManager: Shutting down and abandoning module AvfMediaFactory (804)
[2025.09.30-05.49.17:213][396]LogModuleManager: Shutting down and abandoning module AvfMediaEditor (802)
[2025.09.30-05.49.17:213][396]LogModuleManager: Shutting down and abandoning module AndroidMediaFactory (800)
[2025.09.30-05.49.17:213][396]LogModuleManager: Shutting down and abandoning module AndroidMediaEditor (798)
[2025.09.30-05.49.17:213][396]LogModuleManager: Shutting down and abandoning module MagicLeapMediaCodecFactory (796)
[2025.09.30-05.49.17:213][396]LogModuleManager: Shutting down and abandoning module MagicLeapMediaFactory (794)
[2025.09.30-05.49.17:213][396]LogModuleManager: Shutting down and abandoning module MagicLeapMediaEditor (792)
[2025.09.30-05.49.17:213][396]LogModuleManager: Shutting down and abandoning module PlanarCut (790)
[2025.09.30-05.49.17:213][396]LogModuleManager: Shutting down and abandoning module CharacterAI (788)
[2025.09.30-05.49.17:213][396]LogModuleManager: Shutting down and abandoning module TextureAlignMode (786)
[2025.09.30-05.49.17:214][396]LogModuleManager: Shutting down and abandoning module BspMode (784)
[2025.09.30-05.49.17:214][396]LogModuleManager: Shutting down and abandoning module GeometryMode (782)
[2025.09.30-05.49.17:214][396]LogModuleManager: Shutting down and abandoning module CameraShakePreviewer (780)
[2025.09.30-05.49.17:214][396]LogModuleManager: Shutting down and abandoning module SmartSnapping (778)
[2025.09.30-05.49.17:214][396]LogModuleManager: Shutting down and abandoning module SessionServices (776)
[2025.09.30-05.49.17:214][396]LogModuleManager: Shutting down and abandoning module MeshPaint (774)
[2025.09.30-05.49.17:214][396]LogModuleManager: Shutting down and abandoning module VirtualTexturingEditor (772)
[2025.09.30-05.49.17:214][396]LogModuleManager: Shutting down and abandoning module FoliageEdit (770)
[2025.09.30-05.49.17:214][396]LogModuleManager: Shutting down and abandoning module LandscapeEditor (768)
[2025.09.30-05.49.17:214][396]LogModuleManager: Shutting down and abandoning module MeshPaintMode (766)
[2025.09.30-05.49.17:214][396]LogModuleManager: Shutting down and abandoning module SceneDepthPickerMode (764)
[2025.09.30-05.49.17:214][396]LogModuleManager: Shutting down and abandoning module ActorPickerMode (762)
[2025.09.30-05.49.17:214][396]LogModuleManager: Shutting down and abandoning module PlacementMode (760)
[2025.09.30-05.49.17:214][396]LogModuleManager: Shutting down and abandoning module ViewportSnapping (758)
[2025.09.30-05.49.17:214][396]LogModuleManager: Shutting down and abandoning module ViewportInteraction (756)
[2025.09.30-05.49.17:214][396]LogModuleManager: Shutting down and abandoning module ClothPainter (754)
[2025.09.30-05.49.17:214][396]LogModuleManager: Shutting down and abandoning module SkeletalMeshEditor (753)
[2025.09.30-05.49.17:214][396]LogModuleManager: Shutting down and abandoning module LogVisualizer (750)
[2025.09.30-05.49.17:214][396]LogModuleManager: Shutting down and abandoning module IntroTutorials (748)
[2025.09.30-05.49.17:214][396]LogModuleManager: Shutting down and abandoning module GameProjectGeneration (747)
[2025.09.30-05.49.17:214][396]LogModuleManager: Shutting down and abandoning module LuminPlatformEditor (744)
[2025.09.30-05.49.17:214][396]LogModuleManager: Shutting down and abandoning module IOSPlatformEditor (742)
[2025.09.30-05.49.17:214][396]LogModuleManager: Shutting down and abandoning module AndroidPlatformEditor (740)
[2025.09.30-05.49.17:214][396]LogModuleManager: Shutting down and abandoning module AndroidDeviceDetection (739)
[2025.09.30-05.49.17:388][396]LogModuleManager: Shutting down and abandoning module WindowsPlatformEditor (736)
[2025.09.30-05.49.17:388][396]LogModuleManager: Shutting down and abandoning module LuminRuntimeSettings (734)
[2025.09.30-05.49.17:388][396]LogModuleManager: Shutting down and abandoning module IOSRuntimeSettings (732)
[2025.09.30-05.49.17:388][396]LogModuleManager: Shutting down and abandoning module AndroidRuntimeSettings (730)
[2025.09.30-05.49.17:388][396]LogModuleManager: Shutting down and abandoning module TraceInsights (728)
[2025.09.30-05.49.17:388][396]MemoryProfiler: Shutdown
[2025.09.30-05.49.17:388][396]NetworkingProfiler: Shutdown
[2025.09.30-05.49.17:388][396]LoadingProfiler: Shutdown
[2025.09.30-05.49.17:388][396]TimingProfiler: Shutdown
[2025.09.30-05.49.17:388][396]LogModuleManager: Shutting down and abandoning module TraceServices (727)
[2025.09.30-05.49.17:388][396]LogModuleManager: Shutting down and abandoning module EditorInteractiveToolsFramework (724)
[2025.09.30-05.49.17:388][396]LogModuleManager: Shutting down and abandoning module TimeManagementEditor (722)
[2025.09.30-05.49.17:388][396]LogModuleManager: Shutting down and abandoning module InputBindingEditor (720)
[2025.09.30-05.49.17:388][396]LogModuleManager: Shutting down and abandoning module MergeActors (718)
[2025.09.30-05.49.17:388][396]LogModuleManager: Shutting down and abandoning module LocalizationDashboard (716)
[2025.09.30-05.49.17:388][396]LogModuleManager: Shutting down and abandoning module LocalizationService (715)
[2025.09.30-05.49.17:388][396]LogModuleManager: Shutting down and abandoning module HardwareTargeting (712)
[2025.09.30-05.49.17:388][396]LogModuleManager: Shutting down and abandoning module DeviceProfileEditor (710)
[2025.09.30-05.49.17:388][396]LogModuleManager: Shutting down and abandoning module UndoHistory (708)
[2025.09.30-05.49.17:388][396]LogModuleManager: Shutting down and abandoning module XmlParser (706)
[2025.09.30-05.49.17:388][396]LogModuleManager: Shutting down and abandoning module Blutility (704)
[2025.09.30-05.49.17:388][396]LogModuleManager: Shutting down and abandoning module ProjectSettingsViewer (702)
[2025.09.30-05.49.17:388][396]LogModuleManager: Shutting down and abandoning module ProjectTargetPlatformEditor (701)
[2025.09.30-05.49.17:388][396]LogModuleManager: Shutting down and abandoning module EditorSettingsViewer (698)
[2025.09.30-05.49.17:388][396]LogModuleManager: Shutting down and abandoning module InternationalizationSettings (697)
[2025.09.30-05.49.17:388][396]LogModuleManager: Shutting down and abandoning module SettingsEditor (694)
[2025.09.30-05.49.17:388][396]LogModuleManager: Shutting down and abandoning module ProjectLauncher (692)
[2025.09.30-05.49.17:388][396]LogModuleManager: Shutting down and abandoning module SessionFrontend (690)
[2025.09.30-05.49.17:388][396]LogModuleManager: Shutting down and abandoning module ProfilerClient (688)
[2025.09.30-05.49.17:388][396]LogModuleManager: Shutting down and abandoning module DeviceManager (686)
[2025.09.30-05.49.17:388][396]LogModuleManager: Shutting down and abandoning module TargetDeviceServices (685)
[2025.09.30-05.49.17:420][396]LogModuleManager: Shutting down and abandoning module AutomationController (682)
[2025.09.30-05.49.17:420][396]LogModuleManager: Shutting down and abandoning module AutomationWindow (680)
[2025.09.30-05.49.17:420][396]LogModuleManager: Shutting down and abandoning module Layers (678)
[2025.09.30-05.49.17:420][396]LogModuleManager: Shutting down and abandoning module ComponentVisualizers (676)
[2025.09.30-05.49.17:420][396]LogModuleManager: Shutting down and abandoning module DetailCustomizations (674)
[2025.09.30-05.49.17:420][396]LogModuleManager: Shutting down and abandoning module PackagesDialog (672)
[2025.09.30-05.49.17:420][396]LogModuleManager: Shutting down and abandoning module AnimationBlueprintEditor (670)
[2025.09.30-05.49.17:420][396]LogModuleManager: Shutting down and abandoning module Persona (668)
[2025.09.30-05.49.17:420][396]LogModuleManager: Shutting down and abandoning module AdvancedPreviewScene (667)
[2025.09.30-05.49.17:420][396]LogModuleManager: Shutting down and abandoning module AnimGraph (665)
[2025.09.30-05.49.17:420][396]LogModuleManager: Shutting down and abandoning module Kismet (662)
[2025.09.30-05.49.17:426][396]LogModuleManager: Shutting down and abandoning module KismetWidgets (661)
[2025.09.30-05.49.17:426][396]LogModuleManager: Shutting down and abandoning module GraphEditor (658)
[2025.09.30-05.49.17:426][396]LogModuleManager: Shutting down and abandoning module StructViewer (656)
[2025.09.30-05.49.17:426][396]LogModuleManager: Shutting down and abandoning module ClassViewer (654)
[2025.09.30-05.49.17:427][396]LogModuleManager: Shutting down and abandoning module Toolbox (652)
[2025.09.30-05.49.17:427][396]LogModuleManager: Shutting down and abandoning module ModuleUI (650)
[2025.09.30-05.49.17:427][396]LogModuleManager: Shutting down and abandoning module OutputLog (648)
[2025.09.30-05.49.17:428][396]LogModuleManager: Shutting down and abandoning module GammaUI (646)
[2025.09.30-05.49.17:428][396]LogModuleManager: Shutting down and abandoning module Documentation (644)
[2025.09.30-05.49.17:428][396]LogModuleManager: Shutting down and abandoning module LiveCoding (642)
[2025.09.30-05.49.17:428][396]LogModuleManager: Shutting down and abandoning module LevelSequence (640)
[2025.09.30-05.49.17:428][396]LogModuleManager: Shutting down and abandoning module MovieSceneTracks (638)
[2025.09.30-05.49.17:428][396]LogModuleManager: Shutting down and abandoning module MovieScene (636)
[2025.09.30-05.49.17:428][396]LogModuleManager: Shutting down and abandoning module StreamingPauseRendering (634)
[2025.09.30-05.49.17:428][396]LogModuleManager: Shutting down and abandoning module LauncherPlatform (632)
[2025.09.30-05.49.17:428][396]LogModuleManager: Shutting down and abandoning module AnalyticsET (630)
[2025.09.30-05.49.17:428][396]LogModuleManager: Shutting down and abandoning module PortalServices (628)
[2025.09.30-05.49.17:428][396]LogModuleManager: Shutting down and abandoning module PortalRpc (626)
[2025.09.30-05.49.17:428][396]LogModuleManager: Shutting down and abandoning module MessagingRpc (624)
[2025.09.30-05.49.17:428][396]LogModuleManager: Shutting down and abandoning module AudioMixerXAudio2 (622)
[2025.09.30-05.49.17:428][396]LogModuleManager: Shutting down and abandoning module AudioMixerCore (621)
[2025.09.30-05.49.17:428][396]LogModuleManager: Shutting down and abandoning module AIModule (618)
[2025.09.30-05.49.17:428][396]LogModuleManager: Shutting down and abandoning module GameplayDebugger (617)
[2025.09.30-05.49.17:428][396]LogModuleManager: Shutting down and abandoning module AITestSuite (615)
[2025.09.30-05.49.17:428][396]LogModuleManager: Shutting down and abandoning module NavigationSystem (613)
[2025.09.30-05.49.17:428][396]LogModuleManager: Shutting down and abandoning module ImageWriteQueue (610)
[2025.09.30-05.49.17:434][396]LogModuleManager: Shutting down and abandoning module ProfilerService (608)
[2025.09.30-05.49.17:575][396]LogModuleManager: Shutting down and abandoning module TaskGraph (606)
[2025.09.30-05.49.17:575][396]LogModuleManager: Shutting down and abandoning module AudioSynesthesiaEditor (604)
[2025.09.30-05.49.17:575][396]LogModuleManager: Shutting down and abandoning module OculusEditor (602)
[2025.09.30-05.49.17:575][396]LogModuleManager: Shutting down and abandoning module OculusInput (600)
[2025.09.30-05.49.17:575][396]LogModuleManager: Shutting down and abandoning module ContentBrowserFileDataSource (598)
[2025.09.30-05.49.17:575][396]LogModuleManager: Shutting down and abandoning module ContentBrowserClassDataSource (596)
[2025.09.30-05.49.17:575][396]LogModuleManager: Shutting down and abandoning module ContentBrowserAssetDataSource (594)
[2025.09.30-05.49.17:575][396]LogModuleManager: Shutting down and abandoning module CollectionManager (593)
[2025.09.30-05.49.17:575][396]LogModuleManager: Shutting down and abandoning module TakeSequencer (590)
[2025.09.30-05.49.17:575][396]LogModuleManager: Shutting down and abandoning module TakeMovieScene (588)
[2025.09.30-05.49.17:575][396]LogModuleManager: Shutting down and abandoning module ScreenshotTools (586)
[2025.09.30-05.49.17:575][396]LogModuleManager: Shutting down and abandoning module SynthesisEditor (584)
[2025.09.30-05.49.17:575][396]LogModuleManager: Shutting down and abandoning module Synthesis (582)
[2025.09.30-05.49.17:575][396]LogModuleManager: Shutting down and abandoning module ProceduralMeshComponentEditor (580)
[2025.09.30-05.49.17:575][396]LogModuleManager: Shutting down and abandoning module ProceduralMeshComponent (578)
[2025.09.30-05.49.17:576][396]LogModuleManager: Shutting down and abandoning module OpenXREditor (576)
[2025.09.30-05.49.17:576][396]LogModuleManager: Shutting down and abandoning module MobilePatchingUtils (574)
[2025.09.30-05.49.17:576][396]LogModuleManager: Shutting down and abandoning module GooglePAD (572)
[2025.09.30-05.49.17:576][396]LogModuleManager: Shutting down and abandoning module EditableMesh (570)
[2025.09.30-05.49.17:576][396]LogModuleManager: Shutting down and abandoning module CustomMeshComponent (568)
[2025.09.30-05.49.17:576][396]LogModuleManager: Shutting down and abandoning module CableComponent (566)
[2025.09.30-05.49.17:576][396]LogModuleManager: Shutting down and abandoning module AudioCapture (564)
[2025.09.30-05.49.17:576][396]LogModuleManager: Shutting down and abandoning module AudioCaptureRtAudio (563)
[2025.09.30-05.49.17:576][396]LogModuleManager: Shutting down and abandoning module AssetTags (560)
[2025.09.30-05.49.17:576][396]LogModuleManager: Shutting down and abandoning module ArchVisCharacter (558)
[2025.09.30-05.49.17:576][396]LogModuleManager: Shutting down and abandoning module AppleImageUtilsBlueprintSupport (556)
[2025.09.30-05.49.17:576][396]LogModuleManager: Shutting down and abandoning module AppleImageUtils (554)
[2025.09.30-05.49.17:576][396]LogModuleManager: Shutting down and abandoning module AndroidPermission (552)
[2025.09.30-05.49.17:576][396]LogModuleManager: Shutting down and abandoning module ActorLayerUtilitiesEditor (550)
[2025.09.30-05.49.17:576][396]LogModuleManager: Shutting down and abandoning module ActorLayerUtilities (548)
[2025.09.30-05.49.17:576][396]LogModuleManager: Shutting down and abandoning module TemplateSequence (546)
[2025.09.30-05.49.17:576][396]LogModuleManager: Shutting down and abandoning module LightPropagationVolumeEditor (544)
[2025.09.30-05.49.17:576][396]LogModuleManager: Shutting down and abandoning module MediaCompositing (542)
[2025.09.30-05.49.17:576][396]LogModuleManager: Shutting down and abandoning module ImgMedia (540)
[2025.09.30-05.49.17:576][396]LogModuleManager: Shutting down and abandoning module MagicLeapSharedWorld (538)
[2025.09.30-05.49.17:576][396]LogModuleManager: Shutting down and abandoning module MagicLeapLightEstimation (536)
[2025.09.30-05.49.17:576][396]LogModuleManager: Shutting down and abandoning module MagicLeapHelperVulkan (534)
[2025.09.30-05.49.17:576][396]LogModuleManager: Shutting down and abandoning module MagicLeapHelperOpenGL (532)
[2025.09.30-05.49.17:576][396]LogModuleManager: Shutting down and abandoning module MagicLeapAudio (530)
[2025.09.30-05.49.17:576][396]LogModuleManager: Shutting down and abandoning module OpenImageDenoise (528)
[2025.09.30-05.49.17:576][396]LogOpenImageDenoise: OIDN shutting down
[2025.09.30-05.49.17:576][396]LogModuleManager: Shutting down and abandoning module MotoSynthEditor (526)
[2025.09.30-05.49.17:576][396]LogModuleManager: Shutting down and abandoning module MotoSynth (524)
[2025.09.30-05.49.17:576][396]LogModuleManager: Shutting down and abandoning module MeshConversion (522)
[2025.09.30-05.49.17:576][396]LogModuleManager: Shutting down and abandoning module DynamicMesh (520)
[2025.09.30-05.49.17:576][396]LogModuleManager: Shutting down and abandoning module GeometryAlgorithms (518)
[2025.09.30-05.49.17:576][396]LogModuleManager: Shutting down and abandoning module GeometricObjects (516)
[2025.09.30-05.49.17:576][396]LogModuleManager: Shutting down and abandoning module GeometryCollectionTracks (514)
[2025.09.30-05.49.17:576][396]LogModuleManager: Shutting down and abandoning module GeometryCollectionSequencer (513)
[2025.09.30-05.49.17:576][396]LogModuleManager: Shutting down and abandoning module GeometryCollectionEditor (510)
[2025.09.30-05.49.17:576][396]LogModuleManager: Shutting down and abandoning module GeometryCacheTracks (508)
[2025.09.30-05.49.17:576][396]LogModuleManager: Shutting down and abandoning module GeometryCacheStreamer (506)
[2025.09.30-05.49.17:576][396]LogModuleManager: Shutting down and abandoning module GeometryCacheSequencer (504)
[2025.09.30-05.49.17:576][396]LogModuleManager: Shutting down and abandoning module ChaosSolverEditor (502)
[2025.09.30-05.49.17:576][396]LogModuleManager: Shutting down and abandoning module ChaosNiagara (500)
[2025.09.30-05.49.17:576][396]LogModuleManager: Shutting down and abandoning module ChaosClothEditor (498)
[2025.09.30-05.49.17:576][396]LogModuleManager: Shutting down and abandoning module FractureEditor (496)
[2025.09.30-05.49.17:576][396]LogModuleManager: Shutting down and abandoning module FieldSystemEngine (495)
[2025.09.30-05.49.17:576][396]LogModuleManager: Shutting down and abandoning module VariantManagerContentEditor (492)
[2025.09.30-05.49.17:576][396]LogModuleManager: Shutting down and abandoning module BackChannel (490)
[2025.09.30-05.49.17:576][396]LogModuleManager: Shutting down and abandoning module AutomationUtilsEditor (488)
[2025.09.30-05.49.17:576][396]LogModuleManager: Shutting down and abandoning module AutomationUtils (486)
[2025.09.30-05.49.17:576][396]LogModuleManager: Shutting down and abandoning module AlembicImporter (484)
[2025.09.30-05.49.17:576][396]LogModuleManager: Shutting down and abandoning module AlembicLibrary (483)
[2025.09.30-05.49.17:576][396]LogModuleManager: Shutting down and abandoning module GeometryCache (482)
[2025.09.30-05.49.17:576][396]LogModuleManager: Shutting down and abandoning module GeometryCacheEd (481)
[2025.09.30-05.49.17:576][396]LogModuleManager: Shutting down and abandoning module NiagaraEditorWidgets (476)
[2025.09.30-05.49.17:576][396]LogModuleManager: Shutting down and abandoning module DatasmithContentEditor (474)
[2025.09.30-05.49.17:576][396]LogModuleManager: Shutting down and abandoning module VisualStudioSourceCodeAccess (472)
[2025.09.30-05.49.17:576][396]LogModuleManager: Shutting down and abandoning module VisualStudioCodeSourceCodeAccess (470)
[2025.09.30-05.49.17:576][396]LogModuleManager: Shutting down and abandoning module UObjectPlugin (468)
[2025.09.30-05.49.17:576][396]LogModuleManager: Shutting down and abandoning module RiderSourceCodeAccess (466)
[2025.09.30-05.49.17:576][396]LogModuleManager: Shutting down and abandoning module SubversionSourceControl (464)
[2025.09.30-05.49.17:576][396]LogModuleManager: Shutting down and abandoning module PluginUtils (462)
[2025.09.30-05.49.17:576][396]LogModuleManager: Shutting down and abandoning module PlasticSourceControl (460)
[2025.09.30-05.49.17:576][396]LogModuleManager: Shutting down and abandoning module PerforceSourceControl (458)
[2025.09.30-05.49.17:576][396]LogModuleManager: Shutting down and abandoning module GitSourceControl (456)
[2025.09.30-05.49.17:576][396]LogModuleManager: Shutting down and abandoning module SourceControl (455)
[2025.09.30-05.49.17:576][396]LogModuleManager: Shutting down and abandoning module SpeedTreeImporter (452)
[2025.09.30-05.49.17:576][396]LogModuleManager: Shutting down and abandoning module PluginBrowser (450)
[2025.09.30-05.49.17:576][396]LogModuleManager: Shutting down and abandoning module MobileLauncherProfileWizard (448)
[2025.09.30-05.49.17:576][396]LogModuleManager: Shutting down and abandoning module CLionSourceCodeAccess (446)
[2025.09.30-05.49.17:576][396]LogModuleManager: Shutting down and abandoning module MaterialAnalyzer (444)
[2025.09.30-05.49.17:576][396]LogModuleManager: Shutting down and abandoning module AnimationSharingEd (442)
[2025.09.30-05.49.17:576][396]LogModuleManager: Shutting down and abandoning module OodleNetworkHandlerComponent (440)
[2025.09.30-05.49.17:576][396]LogModuleManager: Shutting down and abandoning module CurveEditorTools (438)
[2025.09.30-05.49.17:576][396]LogModuleManager: Shutting down and abandoning module CryptoKeysOpenSSL (436)
[2025.09.30-05.49.17:576][396]LogModuleManager: Shutting down and abandoning module CryptoKeys (434)
[2025.09.30-05.49.17:576][396]LogModuleManager: Shutting down and abandoning module LiveLinkSequencer (432)
[2025.09.30-05.49.17:576][396]LogModuleManager: Shutting down and abandoning module LiveLinkMovieScene (430)
[2025.09.30-05.49.17:577][396]LogModuleManager: Shutting down and abandoning module LiveLinkGraphNode (428)
[2025.09.30-05.49.17:577][396]LogModuleManager: Shutting down and abandoning module LiveLinkEditor (426)
[2025.09.30-05.49.17:577][396]LogModuleManager: Shutting down and abandoning module LiveLinkComponents (424)
[2025.09.30-05.49.17:577][396]LogModuleManager: Shutting down and abandoning module LiveLink (422)
[2025.09.30-05.49.18:157][396]LogModuleManager: Shutting down and abandoning module PaperTiledImporter (420)
[2025.09.30-05.49.18:157][396]LogModuleManager: Shutting down and abandoning module PaperSpriteSheetImporter (418)
[2025.09.30-05.49.18:157][396]LogModuleManager: Shutting down and abandoning module Paper2DEditor (416)
[2025.09.30-05.49.18:157][396]LogModuleManager: Shutting down and abandoning module MeshPaintingToolset (414)
[2025.09.30-05.49.18:157][396]LogModuleManager: Shutting down and abandoning module MeshPaintEditorMode (412)
[2025.09.30-05.49.18:157][396]LogModuleManager: Shutting down and abandoning module SoundFields (410)
[2025.09.30-05.49.18:157][396]LogModuleManager: Shutting down and abandoning module SignificanceManager (408)
[2025.09.30-05.49.18:157][396]LogModuleManager: Shutting down and abandoning module RuntimePhysXCooking (406)
[2025.09.30-05.49.18:157][396]LogModuleManager: Shutting down and abandoning module PropertyAccessEditor (404)
[2025.09.30-05.49.18:157][396]LogModuleManager: Shutting down and abandoning module PhysXVehiclesEditor (402)
[2025.09.30-05.49.18:157][396]LogModuleManager: Shutting down and abandoning module LocationServicesBPLibrary (398)
[2025.09.30-05.49.18:157][396]LogModuleManager: Shutting down and abandoning module AudioSynesthesia (396)
[2025.09.30-05.49.18:157][396]LogModuleManager: Shutting down and abandoning module AudioSynesthesiaCore (394)
[2025.09.30-05.49.18:157][396]LogModuleManager: Shutting down and abandoning module UdpMessaging (392)
[2025.09.30-05.49.18:258][396]LogModuleManager: Shutting down and abandoning module TcpMessaging (390)
[2025.09.30-05.49.18:358][396]LogModuleManager: Shutting down and abandoning module ActorSequence (388)
[2025.09.30-05.49.18:358][396]LogModuleManager: Shutting down and abandoning module LightPropagationVolumeRuntime (386)
[2025.09.30-05.49.18:358][396]LogModuleManager: Shutting down and abandoning module ImgMediaEngine (384)
[2025.09.30-05.49.18:358][396]LogModuleManager: Shutting down and abandoning module MagicLeapARPin (382)
[2025.09.30-05.49.18:358][396]LogModuleManager: Shutting down and abandoning module MagicLeapHandMeshing (380)
[2025.09.30-05.49.18:358][396]LogModuleManager: Shutting down and abandoning module MagicLeapSecureStorage (378)
[2025.09.30-05.49.18:358][396]LogModuleManager: Shutting down and abandoning module MagicLeapPrivileges (376)
[2025.09.30-05.49.18:358][396]LogModuleManager: Shutting down and abandoning module MagicLeapPlanes (374)
[2025.09.30-05.49.18:358][396]LogMagicLeapPlanes: Planes tracker already destroyed.
[2025.09.30-05.49.18:358][396]LogModuleManager: Shutting down and abandoning module MagicLeapImageTracker (372)
[2025.09.30-05.49.18:358][396]LogModuleManager: Shutting down and abandoning module MagicLeapIdentity (370)
[2025.09.30-05.49.18:358][396]LogModuleManager: Shutting down and abandoning module MagicLeapHandTracking (368)
[2025.09.30-05.49.18:358][396]LogModuleManager: Shutting down and abandoning module MagicLeapEyeTracker (366)
[2025.09.30-05.49.18:358][396]LogModuleManager: Shutting down and abandoning module MagicLeapController (364)
[2025.09.30-05.49.18:358][396]LogModuleManager: Shutting down and abandoning module MagicLeapARPinImpl (362)
[2025.09.30-05.49.18:358][396]LogModuleManager: Shutting down and abandoning module MagicLeapAR (360)
[2025.09.30-05.49.18:358][396]LogModuleManager: Shutting down and abandoning module PythonScriptPlugin (358)
[2025.09.30-05.49.18:358][396]LogModuleManager: Shutting down and abandoning module NiagaraAnimNotifies (356)
[2025.09.30-05.49.18:358][396]LogModuleManager: Shutting down and abandoning module Niagara (354)
[2025.09.30-05.49.18:358][396]LogModuleManager: Shutting down and abandoning module SignalProcessing (353)
[2025.09.30-05.49.18:358][396]LogModuleManager: Shutting down and abandoning module NiagaraEditor (351)
[2025.09.30-05.49.18:358][396]LogModuleManager: Shutting down and abandoning module NiagaraCore (348)
[2025.09.30-05.49.18:358][396]LogModuleManager: Shutting down and abandoning module PropertyAccessNode (346)
[2025.09.30-05.49.18:358][396]LogModuleManager: Shutting down and abandoning module AnimationSharing (344)
[2025.09.30-05.49.18:358][396]LogModuleManager: Shutting down and abandoning module GameplayTagsEditor (342)
[2025.09.30-05.49.18:358][396]LogModuleManager: Shutting down and abandoning module FacialAnimationEditor (340)
[2025.09.30-05.49.18:358][396]LogModuleManager: Shutting down and abandoning module FacialAnimation (338)
[2025.09.30-05.49.18:358][396]LogModuleManager: Shutting down and abandoning module DataValidation (336)
[2025.09.30-05.49.18:358][396]LogModuleManager: Shutting down and abandoning module AssetManagerEditor (334)
[2025.09.30-05.49.18:358][396]LogModuleManager: Shutting down and abandoning module LevelEditor (333)
[2025.09.30-05.49.18:359][396]LogModuleManager: Shutting down and abandoning module PixelInspectorModule (332)
[2025.09.30-05.49.18:359][396]LogModuleManager: Shutting down and abandoning module CommonMenuExtensions (330)
[2025.09.30-05.49.18:359][396]LogModuleManager: Shutting down and abandoning module MainFrame (328)
[2025.09.30-05.49.18:359][396]LogModuleManager: Shutting down and abandoning module HotReload (327)
[2025.09.30-05.49.18:360][396]LogModuleManager: Shutting down and abandoning module ToolMenus (323)
[2025.09.30-05.49.18:360][396]LogModuleManager: Shutting down and abandoning module ContentBrowser (321)
[2025.09.30-05.49.18:360][396]LogModuleManager: Shutting down and abandoning module ContentBrowserData (320)
[2025.09.30-05.49.18:360][396]LogModuleManager: Shutting down and abandoning module TreeMap (317)
[2025.09.30-05.49.18:360][396]LogModuleManager: Shutting down and abandoning module GameplayCameras (314)
[2025.09.30-05.49.18:360][396]LogModuleManager: Shutting down and abandoning module EnvironmentQueryEditor (312)
[2025.09.30-05.49.18:360][396]LogModuleManager: Shutting down and abandoning module Paper2D (310)
[2025.09.30-05.49.18:360][396]LogModuleManager: Shutting down and abandoning module WindowsMoviePlayer (308)
[2025.09.30-05.49.18:360][396]LogModuleManager: Shutting down and abandoning module WebMMoviePlayer (306)
[2025.09.30-05.49.18:360][396]LogModuleManager: Shutting down and abandoning module NetworkReplayStreaming (304)
[2025.09.30-05.49.18:360][396]LogModuleManager: Shutting down and abandoning module PacketHandler (302)
[2025.09.30-05.49.18:360][396]LogModuleManager: Shutting down and abandoning module ClothingSystemEditor (300)
[2025.09.30-05.49.18:360][396]LogModuleManager: Shutting down and abandoning module ClothingSystemRuntimeNv (298)
[2025.09.30-05.49.18:361][396]LogModuleManager: Shutting down and abandoning module MediaAssets (296)
[2025.09.30-05.49.18:361][396]LogModuleManager: Shutting down and abandoning module Overlay (294)
[2025.09.30-05.49.18:361][396]LogModuleManager: Shutting down and abandoning module OverlayEditor (293)
[2025.09.30-05.49.18:361][396]LogModuleManager: Shutting down and abandoning module VREditor (290)
[2025.09.30-05.49.18:361][396]LogModuleManager: Shutting down and abandoning module StringTableEditor (288)
[2025.09.30-05.49.18:361][396]LogModuleManager: Shutting down and abandoning module GameplayTasksEditor (286)
[2025.09.30-05.49.18:361][396]LogModuleManager: Shutting down and abandoning module BehaviorTreeEditor (284)
[2025.09.30-05.49.18:361][396]LogModuleManager: Shutting down and abandoning module FunctionalTesting (282)
[2025.09.30-05.49.18:361][396]LogModuleManager: Shutting down and abandoning module CollisionAnalyzer (280)
[2025.09.30-05.49.18:361][396]LogModuleManager: Shutting down and abandoning module WorkspaceMenuStructure (279)
[2025.09.30-05.49.18:361][396]LogModuleManager: Shutting down and abandoning module UMG (276)
[2025.09.30-05.49.18:361][396]LogModuleManager: Shutting down and abandoning module UMGEditor (275)
[2025.09.30-05.49.18:361][396]LogModuleManager: Shutting down and abandoning module MessageLog (273)
[2025.09.30-05.49.18:361][396]LogModuleManager: Shutting down and abandoning module SlateReflector (268)
[2025.09.30-05.49.18:361][396]LogModuleManager: Shutting down and abandoning module Slate (266)
[2025.09.30-05.49.18:361][396]LogModuleManager: Shutting down and abandoning module SlateCore (264)
[2025.09.30-05.49.18:361][396]LogModuleManager: Shutting down and abandoning module LandscapeEditorUtilities (262)
[2025.09.30-05.49.18:361][396]LogModuleManager: Shutting down and abandoning module UnrealEd (260)
[2025.09.30-05.49.18:361][396]LogModuleManager: Shutting down and abandoning module MRMesh (258)
[2025.09.30-05.49.18:361][396]LogModuleManager: Shutting down and abandoning module SourceCodeAccess (256)
[2025.09.30-05.49.18:361][396]LogModuleManager: Shutting down and abandoning module HeadMountedDisplay (254)
[2025.09.30-05.49.18:361][396]LogModuleManager: Shutting down and abandoning module XAudio2 (252)
[2025.09.30-05.49.18:361][396]LogModuleManager: Shutting down and abandoning module Networking (250)
[2025.09.30-05.49.18:361][396]LogModuleManager: Shutting down and abandoning module Core (248)
[2025.09.30-05.49.18:361][396]LogModuleManager: Shutting down and abandoning module MaterialEditor (246)
[2025.09.30-05.49.18:361][396]LogModuleManager: Shutting down and abandoning module MovieSceneTools (244)
[2025.09.30-05.49.18:361][396]LogModuleManager: Shutting down and abandoning module CurveEditor (243)
[2025.09.30-05.49.18:361][396]LogModuleManager: Shutting down and abandoning module Sequencer (241)
[2025.09.30-05.49.18:362][396]LogModuleManager: Shutting down and abandoning module EditorStyle (240)
[2025.09.30-05.49.18:362][396]LogModuleManager: Shutting down and abandoning module KismetCompiler (236)
[2025.09.30-05.49.18:362][396]LogModuleManager: Shutting down and abandoning module MeshBuilder (234)
[2025.09.30-05.49.18:362][396]LogModuleManager: Shutting down and abandoning module MeshUtilities (232)
[2025.09.30-05.49.18:362][396]LogModuleManager: Shutting down and abandoning module MeshMergeUtilities (231)
[2025.09.30-05.49.18:362][396]LogModuleManager: Shutting down and abandoning module MeshReductionInterface (230)
[2025.09.30-05.49.18:362][396]LogModuleManager: Shutting down and abandoning module MeshBoneReduction (229)
[2025.09.30-05.49.18:363][396]LogModuleManager: Shutting down and abandoning module SkeletalMeshReduction (227)
[2025.09.30-05.49.18:363][396]LogModuleManager: Shutting down and abandoning module ProxyLODMeshReduction (225)
[2025.09.30-05.49.18:363][396]LogModuleManager: Shutting down and abandoning module QuadricMeshReduction (223)
[2025.09.30-05.49.18:363][396]LogModuleManager: Shutting down and abandoning module MaterialBaking (219)
[2025.09.30-05.49.18:363][396]LogModuleManager: Shutting down and abandoning module NullInstallBundleManager (214)
[2025.09.30-05.49.18:363][396]LogModuleManager: Shutting down and abandoning module DerivedDataCache (212)
[2025.09.30-05.49.18:363][396]LogModuleManager: Shutting down and abandoning module TargetPlatform (210)
[2025.09.30-05.49.18:363][396]LogModuleManager: Shutting down and abandoning module VulkanShaderFormat (209)
[2025.09.30-05.49.18:363][396]LogModuleManager: Shutting down and abandoning module ShaderFormatVectorVM (207)
[2025.09.30-05.49.18:363][396]LogModuleManager: Shutting down and abandoning module ShaderFormatOpenGL (205)
[2025.09.30-05.49.18:363][396]LogModuleManager: Shutting down and abandoning module ShaderFormatD3D (203)
[2025.09.30-05.49.18:363][396]LogModuleManager: Shutting down and abandoning module MetalShaderFormat (201)
[2025.09.30-05.49.18:363][396]LogModuleManager: Shutting down and abandoning module TextureFormatOodle (199)
[2025.09.30-05.49.18:363][396]LogModuleManager: Shutting down and abandoning module TextureFormatUncompressed (197)
[2025.09.30-05.49.18:363][396]LogModuleManager: Shutting down and abandoning module TextureFormatPVR (195)
[2025.09.30-05.49.18:363][396]LogModuleManager: Shutting down and abandoning module TextureFormatETC2 (193)
[2025.09.30-05.49.18:363][396]LogModuleManager: Shutting down and abandoning module TextureFormatDXT (191)
[2025.09.30-05.49.18:363][396]LogModuleManager: Shutting down and abandoning module TextureFormatIntelISPCTexComp (189)
[2025.09.30-05.49.18:363][396]LogModuleManager: Shutting down and abandoning module TextureFormatASTC (187)
[2025.09.30-05.49.18:363][396]LogModuleManager: Shutting down and abandoning module ImageWrapper (186)
[2025.09.30-05.49.18:363][396]LogModuleManager: Shutting down and abandoning module AudioFormatOpus (183)
[2025.09.30-05.49.18:363][396]LogModuleManager: Shutting down and abandoning module AudioFormatOgg (181)
[2025.09.30-05.49.18:363][396]LogModuleManager: Shutting down and abandoning module AudioFormatADPCM (179)
[2025.09.30-05.49.18:363][396]LogModuleManager: Shutting down and abandoning module WindowsServerTargetPlatform (177)
[2025.09.30-05.49.18:363][396]LogModuleManager: Shutting down and abandoning module WindowsClientTargetPlatform (175)
[2025.09.30-05.49.18:363][396]LogModuleManager: Shutting down and abandoning module WindowsTargetPlatform (173)
[2025.09.30-05.49.18:363][396]LogModuleManager: Shutting down and abandoning module WindowsNoEditorTargetPlatform (171)
[2025.09.30-05.49.18:363][396]LogModuleManager: Shutting down and abandoning module TVOSTargetPlatform (169)
[2025.09.30-05.49.18:363][396]LogModuleManager: Shutting down and abandoning module MacServerTargetPlatform (167)
[2025.09.30-05.49.18:363][396]LogModuleManager: Shutting down and abandoning module MacClientTargetPlatform (165)
[2025.09.30-05.49.18:363][396]LogModuleManager: Shutting down and abandoning module MacTargetPlatform (163)
[2025.09.30-05.49.18:363][396]LogModuleManager: Shutting down and abandoning module MacNoEditorTargetPlatform (161)
[2025.09.30-05.49.18:363][396]LogModuleManager: Shutting down and abandoning module LuminTargetPlatform (159)
[2025.09.30-05.49.18:364][396]LogModuleManager: Shutting down and abandoning module LinuxAArch64ServerTargetPlatform (157)
[2025.09.30-05.49.18:364][396]LogModuleManager: Shutting down and abandoning module LinuxAArch64ClientTargetPlatform (155)
[2025.09.30-05.49.18:364][396]LogModuleManager: Shutting down and abandoning module LinuxAArch64NoEditorTargetPlatform (153)
[2025.09.30-05.49.18:364][396]LogModuleManager: Shutting down and abandoning module LinuxServerTargetPlatform (151)
[2025.09.30-05.49.18:364][396]LogModuleManager: Shutting down and abandoning module LinuxClientTargetPlatform (149)
[2025.09.30-05.49.18:364][396]LogModuleManager: Shutting down and abandoning module LinuxNoEditorTargetPlatform (147)
[2025.09.30-05.49.18:364][396]LogModuleManager: Shutting down and abandoning module LinuxTargetPlatform (145)
[2025.09.30-05.49.18:364][396]LogModuleManager: Shutting down and abandoning module Messaging (143)
[2025.09.30-05.49.18:364][396]LogModuleManager: Shutting down and abandoning module IOSTargetPlatform (141)
[2025.09.30-05.49.18:364][396]LogModuleManager: Shutting down and abandoning module AndroidTargetPlatform (139)
[2025.09.30-05.49.18:367][396]LogModuleManager: Shutting down and abandoning module AllDesktopTargetPlatform (137)
[2025.09.30-05.49.18:367][396]LogModuleManager: Shutting down and abandoning module D3D11RHI (134)
[2025.09.30-05.49.18:367][396]LogModuleManager: Shutting down and abandoning module InputCore (132)
[2025.09.30-05.49.18:367][396]LogModuleManager: Shutting down and abandoning module Settings (130)
[2025.09.30-05.49.18:367][396]LogModuleManager: Shutting down and abandoning module DirectoryWatcher (128)
[2025.09.30-05.49.18:367][396]LogModuleManager: Shutting down and abandoning module PhysXCooking (126)
[2025.09.30-05.49.18:367][396]LogModuleManager: Shutting down and abandoning module Chaos (124)
[2025.09.30-05.49.18:367][396]LogModuleManager: Shutting down and abandoning module WindowsPlatformFeatures (122)
[2025.09.30-05.49.18:367][396]LogModuleManager: Shutting down and abandoning module GameplayMediaEncoder (121)
[2025.09.30-05.49.18:367][396]LogModuleManager: Shutting down and abandoning module AVEncoder (120)
[2025.09.30-05.49.18:367][396]LogModuleManager: Shutting down and abandoning module SteamVRInputDevice (116)
[2025.09.30-05.49.18:367][396]LogModuleManager: Shutting down and abandoning module SteamVRInput (114)
[2025.09.30-05.49.18:367][396]LogModuleManager: Shutting down and abandoning module SteamVR (112)
[2025.09.30-05.49.18:367][396]LogHMD: Freeing OpenVRDLLHandle.
[2025.09.30-05.49.18:367][396]LogModuleManager: Shutting down and abandoning module OculusHMD (110)
[2025.09.30-05.49.18:367][396]LogModuleManager: Shutting down and abandoning module OpenXRHandTracking (108)
[2025.09.30-05.49.18:367][396]LogSlate: Slate User Destroyed.  User Index 0, Is Virtual User: 0
[2025.09.30-05.49.18:367][396]LogModuleManager: Shutting down and abandoning module OpenXRAR (106)
[2025.09.30-05.49.18:367][396]LogModuleManager: Shutting down and abandoning module AugmentedReality (105)
[2025.09.30-05.49.18:367][396]LogModuleManager: Shutting down and abandoning module OpenXRHMD (102)
[2025.09.30-05.49.18:368][396]LogModuleManager: Shutting down and abandoning module OpenXREyeTracker (100)
[2025.09.30-05.49.18:368][396]LogModuleManager: Shutting down and abandoning module ExampleDeviceProfileSelector (98)
[2025.09.30-05.49.18:368][396]LogModuleManager: Shutting down and abandoning module ChunkDownloader (96)
[2025.09.30-05.49.18:368][396]LogModuleManager: Shutting down and abandoning module LauncherChunkInstaller (94)
[2025.09.30-05.49.18:368][396]LogModuleManager: Shutting down and abandoning module OnlineBlueprintSupport (92)
[2025.09.30-05.49.18:368][396]LogModuleManager: Shutting down and abandoning module OnlineSubsystem (88)
[2025.09.30-05.49.18:369][396]LogModuleManager: Shutting down and abandoning module XMPP (83)
[2025.09.30-05.49.18:369][396]LogModuleManager: Shutting down and abandoning module WebSockets (82)
[2025.09.30-05.49.18:381][396]LogModuleManager: Shutting down and abandoning module HTTP (79)
[2025.09.30-05.49.18:381][396]LogHttp: Display: Http module shutting down, but needs to wait on 1 outstanding Http requests:
[2025.09.30-05.49.18:381][396]LogHttp: Display: 	verb=[POST] url=[https://datarouter.ol.epicgames.com/datarouter/api/v1/public/data?SessionID=%7B96399552-4A46-A42C-5453-4CAA67EA82D4%7D&AppID=UEEditor.Rocket.Release&AppVersion=4.27.2-18319896%2B%2B%2BUE4%2BRelease-4.27&UserID=fb2bd5594ab4fc7bd890d9ab08cf5a97%7C80d74a91cbd847fe82e7b6a734b4aa1f%7Cc5fcc5a5-3878-4a70-802f-06231ad30ee2&AppEnvironment=datacollector-binary&UploadType=eteventstream] refs=[1] status=Processing
[2025.09.30-05.49.18:381][396]LogHttp: Display: cleaning up 1 outstanding Http requests.
[2025.09.30-05.49.18:413][396]LogModuleManager: Shutting down and abandoning module SSL (78)
[2025.09.30-05.49.18:413][396]LogModuleManager: Shutting down and abandoning module WmfMedia (74)
[2025.09.30-05.49.18:415][396]LogModuleManager: Shutting down and abandoning module Media (73)
[2025.09.30-05.49.18:416][396]LogModuleManager: Shutting down and abandoning module MediaInfo (72)
[2025.09.30-05.49.18:416][396]LogModuleManager: Shutting down and abandoning module ExrReaderGpu (68)
[2025.09.30-05.49.18:416][396]LogModuleManager: Shutting down and abandoning module MLSDK (66)
[2025.09.30-05.49.18:416][396]LogModuleManager: Shutting down and abandoning module MagicLeap (64)
[2025.09.30-05.49.18:416][396]LogModuleManager: Shutting down and abandoning module ChaosCloth (62)
[2025.09.30-05.49.18:416][396]LogModuleManager: Shutting down and abandoning module VariantManagerContent (60)
[2025.09.30-05.49.18:416][396]LogModuleManager: Shutting down and abandoning module NiagaraVertexFactories (58)
[2025.09.30-05.49.18:416][396]LogModuleManager: Shutting down and abandoning module NiagaraShader (56)
[2025.09.30-05.49.18:416][396]LogModuleManager: Shutting down and abandoning module DatasmithContent (54)
[2025.09.30-05.49.18:416][396]LogModuleManager: Shutting down and abandoning module PixWinPlugin (52)
[2025.09.30-05.49.18:416][396]LogModuleManager: Shutting down and abandoning module AISupportModule (50)
[2025.09.30-05.49.18:416][396]LogModuleManager: Shutting down and abandoning module DesktopPlatform (48)
[2025.09.30-05.49.18:416][396]LogModuleManager: Shutting down and abandoning module PythonScriptPluginPreload (46)
[2025.09.30-05.49.18:416][396]LogModuleManager: Shutting down and abandoning module PlatformCryptoOpenSSL (44)
[2025.09.30-05.49.18:416][396]LogModuleManager: Shutting down and abandoning module PlatformCryptoTypes (42)
[2025.09.30-05.49.18:416][396]LogModuleManager: Shutting down and abandoning module PlatformCrypto (40)
[2025.09.30-05.49.18:416][396]LogModuleManager: Shutting down and abandoning module OodleDataCompressionFormat (38)
[2025.09.30-05.49.18:416][396]LogModuleManager: Shutting down and abandoning module XGEController (36)
[2025.09.30-05.49.18:416][396]LogModuleManager: Shutting down and abandoning module AnimationModifiers (34)
[2025.09.30-05.49.18:416][396]LogModuleManager: Shutting down and abandoning module AudioEditor (32)
[2025.09.30-05.49.18:416][396]LogModuleManager: Shutting down and abandoning module PropertyEditor (31)
[2025.09.30-05.49.18:416][396]LogModuleManager: Shutting down and abandoning module TextureCompressor (28)
[2025.09.30-05.49.18:416][396]LogModuleManager: Shutting down and abandoning module RenderCore (26)
[2025.09.30-05.49.18:416][396]LogModuleManager: Shutting down and abandoning module Landscape (24)
[2025.09.30-05.49.18:416][396]LogModuleManager: Shutting down and abandoning module SlateRHIRenderer (22)
[2025.09.30-05.49.18:417][396]LogModuleManager: Shutting down and abandoning module AnimGraphRuntime (20)
[2025.09.30-05.49.18:417][396]LogModuleManager: Shutting down and abandoning module Renderer (18)
[2025.09.30-05.49.18:418][396]LogModuleManager: Shutting down and abandoning module Engine (16)
[2025.09.30-05.49.18:418][396]LogModuleManager: Shutting down and abandoning module CoreUObject (14)
[2025.09.30-05.49.18:418][396]LogModuleManager: Shutting down and abandoning module NetworkFile (12)
[2025.09.30-05.49.18:418][396]LogModuleManager: Shutting down and abandoning module CookedIterativeFile (10)
[2025.09.30-05.49.18:418][396]LogModuleManager: Shutting down and abandoning module StreamingFile (8)
[2025.09.30-05.49.18:418][396]LogModuleManager: Shutting down and abandoning module SandboxFile (6)
[2025.09.30-05.49.18:418][396]LogModuleManager: Shutting down and abandoning module PakFile (4)
[2025.09.30-05.49.18:418][396]LogModuleManager: Shutting down and abandoning module RSA (3)
[2025.09.30-05.49.18:418][396]LogContentStreaming: Display: There are 1 unreleased StreamingManagers
[2025.09.30-05.49.18:436][396]LogD3D11RHI: Shutdown
[2025.09.30-05.49.18:436][396]LogD3D11RHI: CleanupD3DDevice
[2025.09.30-05.49.18:440][396]LogExit: Exiting.
[2025.09.30-05.49.18:446][396]Log file closed, 09/29/25 23:49:18
