Log file open, 10/12/25 11:37:01
LogWindows: Failed to load 'aqProf.dll' (GetLastError=126)
LogWindows: File 'aqProf.dll' does not exist
LogWindows: Failed to load 'VtuneApi.dll' (GetLastError=126)
LogWindows: File 'VtuneApi.dll' does not exist
LogWindows: Failed to load 'VtuneApi32e.dll' (GetLastError=126)
LogWindows: File 'VtuneApi32e.dll' does not exist
LogConsoleResponse: Display: Failed to find resolution value strings in scalability ini. Falling back to default.
LogConsoleResponse: Display: Failed to find resolution value strings in scalability ini. Falling back to default.
LogInit: Display: Running engine for game: TasteOfMadness
LogPlatformFile: Not using cached read wrapper
LogTaskGraph: Started task graph with 5 named threads and 35 total threads with 3 sets of task threads.
LogStats: Stats thread started at 0.179803
LogICUInternationalization: ICU TimeZone Detection - Raw Offset: -6:00, Platform Override: ''
LogInit: Display: Loading text-based GConfig....
LogPluginManager: Mounting plugin MeshPainting
LogPluginManager: Mounting plugin XGEController
LogPluginManager: Mounting plugin AISupport
LogPluginManager: Mounting plugin Paper2D
LogPluginManager: Mounting plugin EnvironmentQueryEditor
LogPluginManager: Mounting plugin LightPropagationVolume
LogPluginManager: Mounting plugin CameraShakePreviewer
LogPluginManager: Mounting plugin GameplayCameras
LogPluginManager: Mounting plugin OodleData
LogPluginManager: Mounting plugin LiveLink
LogPluginManager: Mounting plugin OodleNetwork
LogPluginManager: Mounting plugin AnimationSharing
LogPluginManager: Mounting plugin CodeLiteSourceCodeAccess
LogPluginManager: Mounting plugin PerforceSourceControl
LogPluginManager: Mounting plugin PixWinPlugin
LogPluginManager: Mounting plugin GitSourceControl
LogPluginManager: Mounting plugin CLionSourceCodeAccess
LogPluginManager: Mounting plugin NullSourceCodeAccess
LogPluginManager: Mounting plugin PluginUtils
LogPluginManager: Mounting plugin KDevelopSourceCodeAccess
LogPluginManager: Mounting plugin PropertyAccessNode
LogPluginManager: Mounting plugin RiderSourceCodeAccess
LogPluginManager: Mounting plugin SubversionSourceControl
LogPluginManager: Mounting plugin PlasticSourceControl
LogPluginManager: Mounting plugin VisualStudioCodeSourceCodeAccess
LogPluginManager: Mounting plugin TextureFormatOodle
LogPluginManager: Mounting plugin VisualStudioSourceCodeAccess
LogPluginManager: Mounting plugin XCodeSourceCodeAccess
LogPluginManager: Mounting plugin UObjectPlugin
LogPluginManager: Mounting plugin Niagara
LogPluginManager: Mounting plugin AlembicImporter
LogPluginManager: Mounting plugin DatasmithContent
LogPluginManager: Mounting plugin BackChannel
LogPluginManager: Mounting plugin AutomationUtils
LogPluginManager: Mounting plugin ChaosCloth
LogPluginManager: Mounting plugin ChaosEditor
LogPluginManager: Mounting plugin ChaosClothEditor
LogPluginManager: Mounting plugin ChaosSolverPlugin
LogPluginManager: Mounting plugin ChaosNiagara
LogPluginManager: Mounting plugin VariantManagerContent
LogPluginManager: Mounting plugin CharacterAI
LogPluginManager: Mounting plugin AssetManagerEditor
LogPluginManager: Mounting plugin GeometryCache
LogPluginManager: Mounting plugin GeometryCollectionPlugin
LogPluginManager: Mounting plugin CurveEditorTools
LogPluginManager: Mounting plugin CryptoKeys
LogPluginManager: Mounting plugin DataValidation
LogPluginManager: Mounting plugin FacialAnimation
LogPluginManager: Mounting plugin GameplayTagsEditor
LogPluginManager: Mounting plugin GeometryMode
LogPluginManager: Mounting plugin MaterialAnalyzer
LogPluginManager: Mounting plugin MacGraphicsSwitching
LogPluginManager: Mounting plugin MobileLauncherProfileWizard
LogPluginManager: Mounting plugin PluginBrowser
LogPluginManager: Mounting plugin SpeedTreeImporter
LogPluginManager: Mounting plugin GeometryProcessing
LogPluginManager: Mounting plugin OpenImageDenoise
LogPluginManager: Mounting plugin MotoSynth
LogPluginManager: Mounting plugin PlanarCut
LogPluginManager: Mounting plugin PlatformCrypto
LogPluginManager: Mounting plugin PythonScriptPlugin
LogPluginManager: Mounting plugin ProxyLODPlugin
LogPluginManager: Mounting plugin LuminPlatformFeatures
LogPluginManager: Mounting plugin MagicLeap
LogPluginManager: Mounting plugin SkeletalReduction
LogPluginManager: Mounting plugin MagicLeapLightEstimation
LogPluginManager: Mounting plugin MagicLeapMedia
LogPluginManager: Mounting plugin MLSDK
LogPluginManager: Mounting plugin MagicLeapPassableWorld
LogPluginManager: Mounting plugin AndroidMedia
LogPluginManager: Mounting plugin AvfMedia
LogPluginManager: Mounting plugin ImgMedia
LogPluginManager: Mounting plugin MediaCompositing
LogPluginManager: Mounting plugin MediaPlayerEditor
LogPluginManager: Mounting plugin WebMMedia
LogPluginManager: Mounting plugin WmfMedia
LogPluginManager: Mounting plugin TcpMessaging
LogPluginManager: Mounting plugin ActorSequence
LogPluginManager: Mounting plugin UdpMessaging
LogPluginManager: Mounting plugin LevelSequenceEditor
LogPluginManager: Mounting plugin MatineeToLevelSequence
LogPluginManager: Mounting plugin TemplateSequence
LogPluginManager: Mounting plugin OnlineSubsystem
LogPluginManager: Mounting plugin OnlineSubsystemNull
LogPluginManager: Mounting plugin OnlineSubsystemUtils
LogPluginManager: Mounting plugin LauncherChunkInstaller
LogPluginManager: Mounting plugin ActorLayerUtilities
LogPluginManager: Mounting plugin AndroidMoviePlayer
LogPluginManager: Mounting plugin AndroidDeviceProfileSelector
LogPluginManager: Mounting plugin AndroidPermission
LogPluginManager: Mounting plugin AppleImageUtils
LogPluginManager: Mounting plugin AppleMoviePlayer
LogPluginManager: Mounting plugin ArchVisCharacter
LogPluginManager: Mounting plugin AudioCapture
LogPluginManager: Mounting plugin AssetTags
LogPluginManager: Mounting plugin AudioSynesthesia
LogPluginManager: Mounting plugin CustomMeshComponent
LogPluginManager: Mounting plugin CableComponent
LogPluginManager: Mounting plugin ChunkDownloader
LogPluginManager: Mounting plugin EditableMesh
LogPluginManager: Mounting plugin ExampleDeviceProfileSelector
LogPluginManager: Mounting plugin GoogleCloudMessaging
LogPluginManager: Mounting plugin GooglePAD
LogPluginManager: Mounting plugin IOSDeviceProfileSelector
LogPluginManager: Mounting plugin LinuxDeviceProfileSelector
LogPluginManager: Mounting plugin LocationServicesBPLibrary
LogPluginManager: Mounting plugin MobilePatchingUtils
LogPluginManager: Mounting plugin OpenXR
LogPluginManager: Mounting plugin OpenXRHandTracking
LogPluginManager: Mounting plugin OpenXREyeTracker
LogPluginManager: Mounting plugin PostSplashScreen
LogPluginManager: Mounting plugin PhysXVehicles
LogPluginManager: Mounting plugin ProceduralMeshComponent
LogPluginManager: Mounting plugin PropertyAccessEditor
LogPluginManager: Mounting plugin RuntimePhysXCooking
LogPluginManager: Mounting plugin SignificanceManager
LogPluginManager: Mounting plugin SoundFields
LogPluginManager: Mounting plugin WebMMoviePlayer
LogPluginManager: Mounting plugin Synthesis
LogPluginManager: Mounting plugin WindowsMoviePlayer
LogPluginManager: Mounting plugin ScreenshotTools
LogPluginManager: Mounting plugin Takes
LogPluginManager: Mounting plugin ContentBrowserAssetDataSource
LogPluginManager: Mounting plugin ContentBrowserClassDataSource
LogPluginManager: Mounting plugin ContentBrowserFileDataSource
LogPluginManager: Mounting plugin OnlineSubsystemGooglePlay
LogPluginManager: Mounting plugin OnlineSubsystemIOS
LogPluginManager: Mounting plugin OculusVR
LogPluginManager: Mounting plugin SteamVR
PixWinPlugin: PIX capture plugin failed to initialize! Check that the process is launched from PIX.
LogInit: Using libcurl 7.55.1-DEV
LogInit:  - built for x86_64-pc-win32
LogInit:  - supports SSL with OpenSSL/1.1.1
LogInit:  - supports HTTP deflate (compression) using libz 1.2.8
LogInit:  - other features:
LogInit:      CURL_VERSION_SSL
LogInit:      CURL_VERSION_LIBZ
LogInit:      CURL_VERSION_IPV6
LogInit:      CURL_VERSION_ASYNCHDNS
LogInit:      CURL_VERSION_LARGEFILE
LogInit:      CURL_VERSION_IDN
LogInit:  CurlRequestOptions (configurable via config and command line):
LogInit:  - bVerifyPeer = true  - Libcurl will verify peer certificate
LogInit:  - bUseHttpProxy = false  - Libcurl will NOT use HTTP proxy
LogInit:  - bDontReuseConnections = false  - Libcurl will reuse connections
LogInit:  - MaxHostConnections = 16  - Libcurl will limit the number of connections to a host
LogInit:  - LocalHostAddr = Default
LogInit:  - BufferSize = 65536
LogOnline: OSS: Creating online subsystem instance for: NULL
LogInit: WinSock: version 1.1 (2.2), MaxSocks=32767, MaxUdp=65467
LogOnline: OSS: TryLoadSubsystemAndSetDefault: Loaded subsystem for module [NULL]
LogOculusPluginWrapper: OculusPlugin initialized successfully
LogHMD: Failed initializing OVRPlugin 1.59.0
LogInit: Build: ++UE4+Release-4.27-CL-18319896
LogInit: Engine Version: 4.27.2-18319896+++UE4+Release-4.27
LogInit: Compatible Engine Version: 4.27.0-17155196+++UE4+Release-4.27
LogInit: Net CL: 17155196
LogInit: OS: Windows 10 (Release 2009) (), CPU: AMD Ryzen 5 5600 6-Core Processor              , GPU: NVIDIA GeForce RTX 3060
LogInit: Compiled (64-bit): Nov 30 2021 07:12:08
LogInit: Compiled with Visual C++: 19.24.28315.00
LogInit: Build Configuration: Development
LogInit: Branch Name: ++UE4+Release-4.27
LogInit: Command Line: 
LogInit: Base Directory: E:/Epic/UE_4.27/Engine/Binaries/Win64/
LogInit: Allocator: TBB
LogInit: Installed Engine Build: 1
LogDevObjectVersion: Number of dev versions registered: 29
LogDevObjectVersion:   Dev-Blueprints (B0D832E4-1F89-4F0D-ACCF-7EB736FD4AA2): 10
LogDevObjectVersion:   Dev-Build (E1C64328-A22C-4D53-A36C-8E866417BD8C): 0
LogDevObjectVersion:   Dev-Core (375EC13C-06E4-48FB-B500-84F0262A717E): 4
LogDevObjectVersion:   Dev-Editor (E4B068ED-F494-42E9-A231-DA0B2E46BB41): 40
LogDevObjectVersion:   Dev-Framework (CFFC743F-43B0-4480-9391-14DF171D2073): 37
LogDevObjectVersion:   Dev-Mobile (B02B49B5-BB20-44E9-A304-32B752E40360): 3
LogDevObjectVersion:   Dev-Networking (A4E4105C-59A1-49B5-A7C5-40C4547EDFEE): 0
LogDevObjectVersion:   Dev-Online (39C831C9-5AE6-47DC-9A44-9C173E1C8E7C): 0
LogDevObjectVersion:   Dev-Physics (78F01B33-EBEA-4F98-B9B4-84EACCB95AA2): 14
LogDevObjectVersion:   Dev-Platform (6631380F-2D4D-43E0-8009-CF276956A95A): 0
LogDevObjectVersion:   Dev-Rendering (12F88B9F-8875-4AFC-A67C-D90C383ABD29): 45
LogDevObjectVersion:   Dev-Sequencer (7B5AE74C-D270-4C10-A958-57980B212A5A): 13
LogDevObjectVersion:   Dev-VR (D7296918-1DD6-4BDD-9DE2-64A83CC13884): 3
LogDevObjectVersion:   Dev-LoadTimes (C2A15278-BFE7-4AFE-6C17-90FF531DF755): 1
LogDevObjectVersion:   Private-Geometry (6EACA3D4-40EC-4CC1-B786-8BED09428FC5): 3
LogDevObjectVersion:   Dev-AnimPhys (29E575DD-E0A3-4627-9D10-D276232CDCEA): 17
LogDevObjectVersion:   Dev-Anim (AF43A65D-7FD3-4947-9873-3E8ED9C1BB05): 15
LogDevObjectVersion:   Dev-ReflectionCapture (6B266CEC-1EC7-4B8F-A30B-E4D90942FC07): 1
LogDevObjectVersion:   Dev-Automation (0DF73D61-A23F-47EA-B727-89E90C41499A): 1
LogDevObjectVersion:   FortniteMain (601D1886-AC64-4F84-AA16-D3DE0DEAC7D6): 47
LogDevObjectVersion:   FortniteRelease (E7086368-6B23-4C58-8439-1B7016265E91): 1
LogDevObjectVersion:   Dev-Enterprise (9DFFBCD6-494F-0158-E221-12823C92A888): 10
LogDevObjectVersion:   Dev-Niagara (F2AED0AC-9AFE-416F-8664-AA7FFA26D6FC): 1
LogDevObjectVersion:   Dev-Destruction (174F1F0B-B4C6-45A5-B13F-2EE8D0FB917D): 10
LogDevObjectVersion:   Dev-Physics-Ext (35F94A83-E258-406C-A318-09F59610247C): 41
LogDevObjectVersion:   Dev-PhysicsMaterial-Chaos (B68FC16E-8B1B-42E2-B453-215C058844FE): 1
LogDevObjectVersion:   Dev-CineCamera (B2E18506-4273-CFC2-A54E-F4BB758BBA07): 1
LogDevObjectVersion:   Dev-VirtualProduction (64F58936-FD1B-42BA-BA96-7289D5D0FA4E): 1
LogDevObjectVersion:   Dev-MediaFramework (6F0ED827-A609-4895-9C91-998D90180EA4): 2
LogInit: Presizing for max 25165824 objects, including 0 objects not considered by GC, pre-allocating 0 bytes for permanent pool.
LogConfig: Applying CVar settings from Section [/Script/Engine.StreamingSettings] File [C:/Users/PC/Documents/GitHub/TasteOfMadness/TasteOfMadness/Saved/Config/Windows/Engine.ini]
LogConfig: Setting CVar [[s.MinBulkDataSizeForAsyncLoading:131072]]
LogConfig: Setting CVar [[s.AsyncLoadingThreadEnabled:0]]
LogConfig: Setting CVar [[s.EventDrivenLoaderEnabled:1]]
LogConfig: Setting CVar [[s.WarnIfTimeLimitExceeded:0]]
LogConfig: Setting CVar [[s.TimeLimitExceededMultiplier:1.5]]
LogConfig: Setting CVar [[s.TimeLimitExceededMinTime:0.005]]
LogConfig: Setting CVar [[s.UseBackgroundLevelStreaming:1]]
LogConfig: Setting CVar [[s.PriorityAsyncLoadingExtraTime:15.0]]
LogConfig: Setting CVar [[s.LevelStreamingActorsUpdateTimeLimit:5.0]]
LogConfig: Setting CVar [[s.PriorityLevelStreamingActorsUpdateExtraTime:5.0]]
LogConfig: Setting CVar [[s.LevelStreamingComponentsRegistrationGranularity:10]]
LogConfig: Setting CVar [[s.UnregisterComponentsTimeLimit:1.0]]
LogConfig: Setting CVar [[s.LevelStreamingComponentsUnregistrationGranularity:5]]
LogConfig: Setting CVar [[s.FlushStreamingOnExit:1]]
LogInit: Object subsystem initialized
LogConfig: Setting CVar [[con.DebugEarlyDefault:1]]
LogConfig: Setting CVar [[r.setres:1280x720]]
[2025.10.12-17.37.02:266][  0]LogConfig: Setting CVar [[r.VSync:0]]
[2025.10.12-17.37.02:266][  0]LogConfig: Setting CVar [[r.RHICmdBypass:0]]
[2025.10.12-17.37.02:266][  0]LogConfig: Applying CVar settings from Section [/Script/Engine.RendererSettings] File [C:/Users/PC/Documents/GitHub/TasteOfMadness/TasteOfMadness/Saved/Config/Windows/Engine.ini]
[2025.10.12-17.37.02:266][  0]LogConfig: Setting CVar [[r.GPUCrashDebugging:0]]
[2025.10.12-17.37.02:266][  0]LogConfig: Applying CVar settings from Section [/Script/Engine.RendererOverrideSettings] File [C:/Users/PC/Documents/GitHub/TasteOfMadness/TasteOfMadness/Saved/Config/Windows/Engine.ini]
[2025.10.12-17.37.02:266][  0]LogConfig: Applying CVar settings from Section [/Script/Engine.StreamingSettings] File [C:/Users/PC/Documents/GitHub/TasteOfMadness/TasteOfMadness/Saved/Config/Windows/Engine.ini]
[2025.10.12-17.37.02:266][  0]LogConfig: Setting CVar [[s.MinBulkDataSizeForAsyncLoading:131072]]
[2025.10.12-17.37.02:266][  0]LogConfig: Setting CVar [[s.AsyncLoadingThreadEnabled:0]]
[2025.10.12-17.37.02:266][  0]LogConfig: Setting CVar [[s.EventDrivenLoaderEnabled:1]]
[2025.10.12-17.37.02:266][  0]LogConfig: Setting CVar [[s.WarnIfTimeLimitExceeded:0]]
[2025.10.12-17.37.02:266][  0]LogConfig: Setting CVar [[s.TimeLimitExceededMultiplier:1.5]]
[2025.10.12-17.37.02:266][  0]LogConfig: Setting CVar [[s.TimeLimitExceededMinTime:0.005]]
[2025.10.12-17.37.02:266][  0]LogConfig: Setting CVar [[s.UseBackgroundLevelStreaming:1]]
[2025.10.12-17.37.02:266][  0]LogConfig: Setting CVar [[s.PriorityAsyncLoadingExtraTime:15.0]]
[2025.10.12-17.37.02:266][  0]LogConfig: Setting CVar [[s.LevelStreamingActorsUpdateTimeLimit:5.0]]
[2025.10.12-17.37.02:266][  0]LogConfig: Setting CVar [[s.PriorityLevelStreamingActorsUpdateExtraTime:5.0]]
[2025.10.12-17.37.02:266][  0]LogConfig: Setting CVar [[s.LevelStreamingComponentsRegistrationGranularity:10]]
[2025.10.12-17.37.02:266][  0]LogConfig: Setting CVar [[s.UnregisterComponentsTimeLimit:1.0]]
[2025.10.12-17.37.02:266][  0]LogConfig: Setting CVar [[s.LevelStreamingComponentsUnregistrationGranularity:5]]
[2025.10.12-17.37.02:266][  0]LogConfig: Setting CVar [[s.FlushStreamingOnExit:1]]
[2025.10.12-17.37.02:266][  0]LogConfig: Applying CVar settings from Section [/Script/Engine.GarbageCollectionSettings] File [C:/Users/PC/Documents/GitHub/TasteOfMadness/TasteOfMadness/Saved/Config/Windows/Engine.ini]
[2025.10.12-17.37.02:266][  0]LogConfig: Setting CVar [[gc.MaxObjectsNotConsideredByGC:1]]
[2025.10.12-17.37.02:266][  0]LogConfig: Setting CVar [[gc.SizeOfPermanentObjectPool:0]]
[2025.10.12-17.37.02:266][  0]LogConfig: Setting CVar [[gc.FlushStreamingOnGC:0]]
[2025.10.12-17.37.02:267][  0]LogConfig: Setting CVar [[gc.NumRetriesBeforeForcingGC:10]]
[2025.10.12-17.37.02:267][  0]LogConfig: Setting CVar [[gc.AllowParallelGC:1]]
[2025.10.12-17.37.02:267][  0]LogConfig: Setting CVar [[gc.TimeBetweenPurgingPendingKillObjects:61.1]]
[2025.10.12-17.37.02:267][  0]LogConfig: Setting CVar [[gc.MaxObjectsInEditor:25165824]]
[2025.10.12-17.37.02:267][  0]LogConfig: Setting CVar [[gc.IncrementalBeginDestroyEnabled:1]]
[2025.10.12-17.37.02:267][  0]LogConfig: Setting CVar [[gc.CreateGCClusters:1]]
[2025.10.12-17.37.02:267][  0]LogConfig: Setting CVar [[gc.MinGCClusterSize:5]]
[2025.10.12-17.37.02:267][  0]LogConfig: Setting CVar [[gc.ActorClusteringEnabled:0]]
[2025.10.12-17.37.02:267][  0]LogConfig: Setting CVar [[gc.BlueprintClusteringEnabled:0]]
[2025.10.12-17.37.02:267][  0]LogConfig: Setting CVar [[gc.UseDisregardForGCOnDedicatedServers:0]]
[2025.10.12-17.37.02:267][  0]LogConfig: Setting CVar [[gc.MultithreadedDestructionEnabled:1]]
[2025.10.12-17.37.02:267][  0]LogConfig: Applying CVar settings from Section [/Script/Engine.NetworkSettings] File [C:/Users/PC/Documents/GitHub/TasteOfMadness/TasteOfMadness/Saved/Config/Windows/Engine.ini]
[2025.10.12-17.37.02:267][  0]LogConfig: Applying CVar settings from Section [/Script/UnrealEd.CookerSettings] File [C:/Users/PC/Documents/GitHub/TasteOfMadness/TasteOfMadness/Saved/Config/Windows/Engine.ini]
[2025.10.12-17.37.02:282][  0]LogConfig: Applying CVar settings from Section [ViewDistanceQuality@3] File [C:/Users/PC/Documents/GitHub/TasteOfMadness/TasteOfMadness/Saved/Config/Windows/Scalability.ini]
[2025.10.12-17.37.02:282][  0]LogConfig: Setting CVar [[r.SkeletalMeshLODBias:0]]
[2025.10.12-17.37.02:282][  0]LogConfig: Setting CVar [[r.ViewDistanceScale:1.0]]
[2025.10.12-17.37.02:282][  0]LogConfig: Applying CVar settings from Section [AntiAliasingQuality@3] File [C:/Users/PC/Documents/GitHub/TasteOfMadness/TasteOfMadness/Saved/Config/Windows/Scalability.ini]
[2025.10.12-17.37.02:282][  0]LogConfig: Setting CVar [[r.PostProcessAAQuality:4]]
[2025.10.12-17.37.02:282][  0]LogConfig: Applying CVar settings from Section [ShadowQuality@3] File [C:/Users/PC/Documents/GitHub/TasteOfMadness/TasteOfMadness/Saved/Config/Windows/Scalability.ini]
[2025.10.12-17.37.02:282][  0]LogConfig: Setting CVar [[r.LightFunctionQuality:1]]
[2025.10.12-17.37.02:282][  0]LogConfig: Setting CVar [[r.ShadowQuality:5]]
[2025.10.12-17.37.02:282][  0]LogConfig: Setting CVar [[r.Shadow.CSM.MaxCascades:10]]
[2025.10.12-17.37.02:282][  0]LogConfig: Setting CVar [[r.Shadow.MaxResolution:2048]]
[2025.10.12-17.37.02:282][  0]LogConfig: Setting CVar [[r.Shadow.MaxCSMResolution:2048]]
[2025.10.12-17.37.02:282][  0]LogConfig: Setting CVar [[r.Shadow.RadiusThreshold:0.01]]
[2025.10.12-17.37.02:282][  0]LogConfig: Setting CVar [[r.Shadow.DistanceScale:1.0]]
[2025.10.12-17.37.02:282][  0]LogConfig: Setting CVar [[r.Shadow.CSM.TransitionScale:1.0]]
[2025.10.12-17.37.02:282][  0]LogConfig: Setting CVar [[r.Shadow.PreShadowResolutionFactor:1.0]]
[2025.10.12-17.37.02:282][  0]LogConfig: Setting CVar [[r.DistanceFieldShadowing:1]]
[2025.10.12-17.37.02:282][  0]LogConfig: Setting CVar [[r.DistanceFieldAO:1]]
[2025.10.12-17.37.02:282][  0]LogConfig: Setting CVar [[r.AOQuality:2]]
[2025.10.12-17.37.02:282][  0]LogConfig: Setting CVar [[r.VolumetricFog:1]]
[2025.10.12-17.37.02:282][  0]LogConfig: Setting CVar [[r.VolumetricFog.GridPixelSize:8]]
[2025.10.12-17.37.02:282][  0]LogConfig: Setting CVar [[r.VolumetricFog.GridSizeZ:128]]
[2025.10.12-17.37.02:282][  0]LogConfig: Setting CVar [[r.VolumetricFog.HistoryMissSupersampleCount:4]]
[2025.10.12-17.37.02:283][  0]LogConfig: Setting CVar [[r.LightMaxDrawDistanceScale:1]]
[2025.10.12-17.37.02:283][  0]LogConfig: Setting CVar [[r.CapsuleShadows:1]]
[2025.10.12-17.37.02:283][  0]LogConfig: Applying CVar settings from Section [PostProcessQuality@3] File [C:/Users/PC/Documents/GitHub/TasteOfMadness/TasteOfMadness/Saved/Config/Windows/Scalability.ini]
[2025.10.12-17.37.02:283][  0]LogConfig: Setting CVar [[r.MotionBlurQuality:4]]
[2025.10.12-17.37.02:283][  0]LogConfig: Setting CVar [[r.AmbientOcclusionMipLevelFactor:0.4]]
[2025.10.12-17.37.02:283][  0]LogConfig: Setting CVar [[r.AmbientOcclusionMaxQuality:100]]
[2025.10.12-17.37.02:283][  0]LogConfig: Setting CVar [[r.AmbientOcclusionLevels:-1]]
[2025.10.12-17.37.02:283][  0]LogConfig: Setting CVar [[r.AmbientOcclusionRadiusScale:1.0]]
[2025.10.12-17.37.02:283][  0]LogConfig: Setting CVar [[r.DepthOfFieldQuality:2]]
[2025.10.12-17.37.02:283][  0]LogConfig: Setting CVar [[r.RenderTargetPoolMin:400]]
[2025.10.12-17.37.02:283][  0]LogConfig: Setting CVar [[r.LensFlareQuality:2]]
[2025.10.12-17.37.02:283][  0]LogConfig: Setting CVar [[r.SceneColorFringeQuality:1]]
[2025.10.12-17.37.02:283][  0]LogConfig: Setting CVar [[r.EyeAdaptationQuality:2]]
[2025.10.12-17.37.02:283][  0]LogConfig: Setting CVar [[r.BloomQuality:5]]
[2025.10.12-17.37.02:283][  0]LogConfig: Setting CVar [[r.FastBlurThreshold:100]]
[2025.10.12-17.37.02:283][  0]LogConfig: Setting CVar [[r.Upscale.Quality:3]]
[2025.10.12-17.37.02:283][  0]LogConfig: Setting CVar [[r.Tonemapper.GrainQuantization:1]]
[2025.10.12-17.37.02:283][  0]LogConfig: Setting CVar [[r.LightShaftQuality:1]]
[2025.10.12-17.37.02:283][  0]LogConfig: Setting CVar [[r.Filter.SizeScale:1]]
[2025.10.12-17.37.02:283][  0]LogConfig: Setting CVar [[r.Tonemapper.Quality:5]]
[2025.10.12-17.37.02:283][  0]LogConfig: Setting CVar [[r.DOF.Gather.AccumulatorQuality:1        ; higher gathering accumulator quality]]
[2025.10.12-17.37.02:283][  0]LogConfig: Setting CVar [[r.DOF.Gather.PostfilterMethod:1          ; Median3x3 postfilering method]]
[2025.10.12-17.37.02:283][  0]LogConfig: Setting CVar [[r.DOF.Gather.EnableBokehSettings:0       ; no bokeh simulation when gathering]]
[2025.10.12-17.37.02:283][  0]LogConfig: Setting CVar [[r.DOF.Gather.RingCount:4                 ; medium number of samples when gathering]]
[2025.10.12-17.37.02:283][  0]LogConfig: Setting CVar [[r.DOF.Scatter.ForegroundCompositing:1    ; additive foreground scattering]]
[2025.10.12-17.37.02:283][  0]LogConfig: Setting CVar [[r.DOF.Scatter.BackgroundCompositing:2    ; additive background scattering]]
[2025.10.12-17.37.02:283][  0]LogConfig: Setting CVar [[r.DOF.Scatter.EnableBokehSettings:1      ; bokeh simulation when scattering]]
[2025.10.12-17.37.02:283][  0]LogConfig: Setting CVar [[r.DOF.Scatter.MaxSpriteRatio:0.1         ; only a maximum of 10% of scattered bokeh]]
[2025.10.12-17.37.02:283][  0]LogConfig: Setting CVar [[r.DOF.Recombine.Quality:1                ; cheap slight out of focus]]
[2025.10.12-17.37.02:283][  0]LogConfig: Setting CVar [[r.DOF.Recombine.EnableBokehSettings:0    ; no bokeh simulation on slight out of focus]]
[2025.10.12-17.37.02:283][  0]LogConfig: Setting CVar [[r.DOF.TemporalAAQuality:1                ; more stable temporal accumulation]]
[2025.10.12-17.37.02:283][  0]LogConfig: Setting CVar [[r.DOF.Kernel.MaxForegroundRadius:0.025]]
[2025.10.12-17.37.02:283][  0]LogConfig: Setting CVar [[r.DOF.Kernel.MaxBackgroundRadius:0.025]]
[2025.10.12-17.37.02:283][  0]LogConfig: Applying CVar settings from Section [TextureQuality@3] File [C:/Users/PC/Documents/GitHub/TasteOfMadness/TasteOfMadness/Saved/Config/Windows/Scalability.ini]
[2025.10.12-17.37.02:283][  0]LogConfig: Setting CVar [[r.Streaming.MipBias:0]]
[2025.10.12-17.37.02:283][  0]LogConfig: Setting CVar [[r.Streaming.AmortizeCPUToGPUCopy:0]]
[2025.10.12-17.37.02:283][  0]LogConfig: Setting CVar [[r.Streaming.MaxNumTexturesToStreamPerFrame:0]]
[2025.10.12-17.37.02:283][  0]LogConfig: Setting CVar [[r.Streaming.Boost:1]]
[2025.10.12-17.37.02:283][  0]LogConfig: Setting CVar [[r.MaxAnisotropy:8]]
[2025.10.12-17.37.02:283][  0]LogConfig: Setting CVar [[r.VT.MaxAnisotropy:8]]
[2025.10.12-17.37.02:283][  0]LogConfig: Setting CVar [[r.Streaming.LimitPoolSizeToVRAM:0]]
[2025.10.12-17.37.02:283][  0]LogConfig: Setting CVar [[r.Streaming.PoolSize:1000]]
[2025.10.12-17.37.02:283][  0]LogConfig: Setting CVar [[r.Streaming.MaxEffectiveScreenSize:0]]
[2025.10.12-17.37.02:283][  0]LogConfig: Applying CVar settings from Section [EffectsQuality@3] File [C:/Users/PC/Documents/GitHub/TasteOfMadness/TasteOfMadness/Saved/Config/Windows/Scalability.ini]
[2025.10.12-17.37.02:283][  0]LogConfig: Setting CVar [[r.TranslucencyLightingVolumeDim:64]]
[2025.10.12-17.37.02:283][  0]LogConfig: Setting CVar [[r.RefractionQuality:2]]
[2025.10.12-17.37.02:283][  0]LogConfig: Setting CVar [[r.SSR.Quality:3]]
[2025.10.12-17.37.02:283][  0]LogConfig: Setting CVar [[r.SSR.HalfResSceneColor:0]]
[2025.10.12-17.37.02:283][  0]LogConfig: Setting CVar [[r.SceneColorFormat:4]]
[2025.10.12-17.37.02:283][  0]LogConfig: Setting CVar [[r.DetailMode:2]]
[2025.10.12-17.37.02:283][  0]LogConfig: Setting CVar [[r.TranslucencyVolumeBlur:1]]
[2025.10.12-17.37.02:283][  0]LogConfig: Setting CVar [[r.MaterialQualityLevel:1 ; High quality]]
[2025.10.12-17.37.02:283][  0]LogConfig: Setting CVar [[r.AnisotropicMaterials:1]]
[2025.10.12-17.37.02:283][  0]LogConfig: Setting CVar [[r.SSS.Scale:1]]
[2025.10.12-17.37.02:283][  0]LogConfig: Setting CVar [[r.SSS.SampleSet:2]]
[2025.10.12-17.37.02:283][  0]LogConfig: Setting CVar [[r.SSS.Quality:1]]
[2025.10.12-17.37.02:283][  0]LogConfig: Setting CVar [[r.SSS.HalfRes:0]]
[2025.10.12-17.37.02:283][  0]LogConfig: Setting CVar [[r.SSGI.Quality:3]]
[2025.10.12-17.37.02:283][  0]LogConfig: Setting CVar [[r.EmitterSpawnRateScale:1.0]]
[2025.10.12-17.37.02:283][  0]LogConfig: Setting CVar [[r.ParticleLightQuality:2]]
[2025.10.12-17.37.02:283][  0]LogConfig: Setting CVar [[r.SkyAtmosphere.AerialPerspectiveLUT.FastApplyOnOpaque:1 ; Always have FastSkyLUT 1 in this case to avoid wrong sky]]
[2025.10.12-17.37.02:283][  0]LogConfig: Setting CVar [[r.SkyAtmosphere.AerialPerspectiveLUT.SampleCountMaxPerSlice:4]]
[2025.10.12-17.37.02:283][  0]LogConfig: Setting CVar [[r.SkyAtmosphere.AerialPerspectiveLUT.DepthResolution:16.0]]
[2025.10.12-17.37.02:283][  0]LogConfig: Setting CVar [[r.SkyAtmosphere.FastSkyLUT:1]]
[2025.10.12-17.37.02:283][  0]LogConfig: Setting CVar [[r.SkyAtmosphere.FastSkyLUT.SampleCountMin:4.0]]
[2025.10.12-17.37.02:283][  0]LogConfig: Setting CVar [[r.SkyAtmosphere.FastSkyLUT.SampleCountMax:128.0]]
[2025.10.12-17.37.02:283][  0]LogConfig: Setting CVar [[r.SkyAtmosphere.SampleCountMin:4.0]]
[2025.10.12-17.37.02:283][  0]LogConfig: Setting CVar [[r.SkyAtmosphere.SampleCountMax:128.0]]
[2025.10.12-17.37.02:283][  0]LogConfig: Setting CVar [[r.SkyAtmosphere.TransmittanceLUT.UseSmallFormat:0]]
[2025.10.12-17.37.02:283][  0]LogConfig: Setting CVar [[r.SkyAtmosphere.TransmittanceLUT.SampleCount:10.0]]
[2025.10.12-17.37.02:283][  0]LogConfig: Setting CVar [[r.SkyAtmosphere.MultiScatteringLUT.SampleCount:15.0]]
[2025.10.12-17.37.02:283][  0]LogConfig: Setting CVar [[r.SkyLight.RealTimeReflectionCapture:1]]
[2025.10.12-17.37.02:283][  0]LogConfig: Applying CVar settings from Section [FoliageQuality@3] File [C:/Users/PC/Documents/GitHub/TasteOfMadness/TasteOfMadness/Saved/Config/Windows/Scalability.ini]
[2025.10.12-17.37.02:283][  0]LogConfig: Setting CVar [[foliage.DensityScale:1.0]]
[2025.10.12-17.37.02:283][  0]LogConfig: Setting CVar [[grass.DensityScale:1.0]]
[2025.10.12-17.37.02:283][  0]LogConfig: Applying CVar settings from Section [ShadingQuality@3] File [C:/Users/PC/Documents/GitHub/TasteOfMadness/TasteOfMadness/Saved/Config/Windows/Scalability.ini]
[2025.10.12-17.37.02:283][  0]LogConfig: Setting CVar [[r.HairStrands.SkyLighting.IntegrationType:2]]
[2025.10.12-17.37.02:283][  0]LogConfig: Setting CVar [[r.HairStrands.SkyAO.SampleCount:4]]
[2025.10.12-17.37.02:283][  0]LogConfig: Setting CVar [[r.HairStrands.Visibility.MSAA.SamplePerPixel:4]]
[2025.10.12-17.37.02:283][  0]LogInit: Selected Device Profile: [Windows]
[2025.10.12-17.37.02:283][  0]LogInit: Applying CVar settings loaded from the selected device profile: [Windows]
[2025.10.12-17.37.02:283][  0]LogHAL: Display: Platform has ~ 24 GB [25689112576 / 34359738368 / 24], which maps to Larger [LargestMinGB=32, LargerMinGB=12, DefaultMinGB=8, SmallerMinGB=6, SmallestMinGB=0)
[2025.10.12-17.37.02:283][  0]LogInit: Going up to parent DeviceProfile []
[2025.10.12-17.37.02:283][  0]LogConfig: Applying CVar settings from Section [ViewDistanceQuality@3] File [C:/Users/PC/Documents/GitHub/TasteOfMadness/TasteOfMadness/Saved/Config/Windows/Scalability.ini]
[2025.10.12-17.37.02:283][  0]LogConfig: Setting CVar [[r.SkeletalMeshLODBias:0]]
[2025.10.12-17.37.02:283][  0]LogConfig: Setting CVar [[r.ViewDistanceScale:1.0]]
[2025.10.12-17.37.02:284][  0]LogConfig: Applying CVar settings from Section [AntiAliasingQuality@3] File [C:/Users/PC/Documents/GitHub/TasteOfMadness/TasteOfMadness/Saved/Config/Windows/Scalability.ini]
[2025.10.12-17.37.02:284][  0]LogConfig: Setting CVar [[r.PostProcessAAQuality:4]]
[2025.10.12-17.37.02:284][  0]LogConfig: Applying CVar settings from Section [ShadowQuality@3] File [C:/Users/PC/Documents/GitHub/TasteOfMadness/TasteOfMadness/Saved/Config/Windows/Scalability.ini]
[2025.10.12-17.37.02:284][  0]LogConfig: Setting CVar [[r.LightFunctionQuality:1]]
[2025.10.12-17.37.02:284][  0]LogConfig: Setting CVar [[r.ShadowQuality:5]]
[2025.10.12-17.37.02:284][  0]LogConfig: Setting CVar [[r.Shadow.CSM.MaxCascades:10]]
[2025.10.12-17.37.02:284][  0]LogConfig: Setting CVar [[r.Shadow.MaxResolution:2048]]
[2025.10.12-17.37.02:284][  0]LogConfig: Setting CVar [[r.Shadow.MaxCSMResolution:2048]]
[2025.10.12-17.37.02:284][  0]LogConfig: Setting CVar [[r.Shadow.RadiusThreshold:0.01]]
[2025.10.12-17.37.02:284][  0]LogConfig: Setting CVar [[r.Shadow.DistanceScale:1.0]]
[2025.10.12-17.37.02:284][  0]LogConfig: Setting CVar [[r.Shadow.CSM.TransitionScale:1.0]]
[2025.10.12-17.37.02:284][  0]LogConfig: Setting CVar [[r.Shadow.PreShadowResolutionFactor:1.0]]
[2025.10.12-17.37.02:284][  0]LogConfig: Setting CVar [[r.DistanceFieldShadowing:1]]
[2025.10.12-17.37.02:284][  0]LogConfig: Setting CVar [[r.DistanceFieldAO:1]]
[2025.10.12-17.37.02:284][  0]LogConfig: Setting CVar [[r.AOQuality:2]]
[2025.10.12-17.37.02:284][  0]LogConfig: Setting CVar [[r.VolumetricFog:1]]
[2025.10.12-17.37.02:284][  0]LogConfig: Setting CVar [[r.VolumetricFog.GridPixelSize:8]]
[2025.10.12-17.37.02:284][  0]LogConfig: Setting CVar [[r.VolumetricFog.GridSizeZ:128]]
[2025.10.12-17.37.02:284][  0]LogConfig: Setting CVar [[r.VolumetricFog.HistoryMissSupersampleCount:4]]
[2025.10.12-17.37.02:284][  0]LogConfig: Setting CVar [[r.LightMaxDrawDistanceScale:1]]
[2025.10.12-17.37.02:284][  0]LogConfig: Setting CVar [[r.CapsuleShadows:1]]
[2025.10.12-17.37.02:284][  0]LogConfig: Applying CVar settings from Section [PostProcessQuality@3] File [C:/Users/PC/Documents/GitHub/TasteOfMadness/TasteOfMadness/Saved/Config/Windows/Scalability.ini]
[2025.10.12-17.37.02:284][  0]LogConfig: Setting CVar [[r.MotionBlurQuality:4]]
[2025.10.12-17.37.02:284][  0]LogConfig: Setting CVar [[r.AmbientOcclusionMipLevelFactor:0.4]]
[2025.10.12-17.37.02:284][  0]LogConfig: Setting CVar [[r.AmbientOcclusionMaxQuality:100]]
[2025.10.12-17.37.02:284][  0]LogConfig: Setting CVar [[r.AmbientOcclusionLevels:-1]]
[2025.10.12-17.37.02:284][  0]LogConfig: Setting CVar [[r.AmbientOcclusionRadiusScale:1.0]]
[2025.10.12-17.37.02:284][  0]LogConfig: Setting CVar [[r.DepthOfFieldQuality:2]]
[2025.10.12-17.37.02:284][  0]LogConfig: Setting CVar [[r.RenderTargetPoolMin:400]]
[2025.10.12-17.37.02:284][  0]LogConfig: Setting CVar [[r.LensFlareQuality:2]]
[2025.10.12-17.37.02:284][  0]LogConfig: Setting CVar [[r.SceneColorFringeQuality:1]]
[2025.10.12-17.37.02:284][  0]LogConfig: Setting CVar [[r.EyeAdaptationQuality:2]]
[2025.10.12-17.37.02:284][  0]LogConfig: Setting CVar [[r.BloomQuality:5]]
[2025.10.12-17.37.02:284][  0]LogConfig: Setting CVar [[r.FastBlurThreshold:100]]
[2025.10.12-17.37.02:284][  0]LogConfig: Setting CVar [[r.Upscale.Quality:3]]
[2025.10.12-17.37.02:284][  0]LogConfig: Setting CVar [[r.Tonemapper.GrainQuantization:1]]
[2025.10.12-17.37.02:284][  0]LogConfig: Setting CVar [[r.LightShaftQuality:1]]
[2025.10.12-17.37.02:284][  0]LogConfig: Setting CVar [[r.Filter.SizeScale:1]]
[2025.10.12-17.37.02:284][  0]LogConfig: Setting CVar [[r.Tonemapper.Quality:5]]
[2025.10.12-17.37.02:284][  0]LogConfig: Setting CVar [[r.DOF.Gather.AccumulatorQuality:1        ; higher gathering accumulator quality]]
[2025.10.12-17.37.02:284][  0]LogConfig: Setting CVar [[r.DOF.Gather.PostfilterMethod:1          ; Median3x3 postfilering method]]
[2025.10.12-17.37.02:284][  0]LogConfig: Setting CVar [[r.DOF.Gather.EnableBokehSettings:0       ; no bokeh simulation when gathering]]
[2025.10.12-17.37.02:284][  0]LogConfig: Setting CVar [[r.DOF.Gather.RingCount:4                 ; medium number of samples when gathering]]
[2025.10.12-17.37.02:284][  0]LogConfig: Setting CVar [[r.DOF.Scatter.ForegroundCompositing:1    ; additive foreground scattering]]
[2025.10.12-17.37.02:284][  0]LogConfig: Setting CVar [[r.DOF.Scatter.BackgroundCompositing:2    ; additive background scattering]]
[2025.10.12-17.37.02:284][  0]LogConfig: Setting CVar [[r.DOF.Scatter.EnableBokehSettings:1      ; bokeh simulation when scattering]]
[2025.10.12-17.37.02:284][  0]LogConfig: Setting CVar [[r.DOF.Scatter.MaxSpriteRatio:0.1         ; only a maximum of 10% of scattered bokeh]]
[2025.10.12-17.37.02:284][  0]LogConfig: Setting CVar [[r.DOF.Recombine.Quality:1                ; cheap slight out of focus]]
[2025.10.12-17.37.02:284][  0]LogConfig: Setting CVar [[r.DOF.Recombine.EnableBokehSettings:0    ; no bokeh simulation on slight out of focus]]
[2025.10.12-17.37.02:284][  0]LogConfig: Setting CVar [[r.DOF.TemporalAAQuality:1                ; more stable temporal accumulation]]
[2025.10.12-17.37.02:284][  0]LogConfig: Setting CVar [[r.DOF.Kernel.MaxForegroundRadius:0.025]]
[2025.10.12-17.37.02:284][  0]LogConfig: Setting CVar [[r.DOF.Kernel.MaxBackgroundRadius:0.025]]
[2025.10.12-17.37.02:284][  0]LogConfig: Applying CVar settings from Section [TextureQuality@3] File [C:/Users/PC/Documents/GitHub/TasteOfMadness/TasteOfMadness/Saved/Config/Windows/Scalability.ini]
[2025.10.12-17.37.02:284][  0]LogConfig: Setting CVar [[r.Streaming.MipBias:0]]
[2025.10.12-17.37.02:284][  0]LogConfig: Setting CVar [[r.Streaming.AmortizeCPUToGPUCopy:0]]
[2025.10.12-17.37.02:284][  0]LogConfig: Setting CVar [[r.Streaming.MaxNumTexturesToStreamPerFrame:0]]
[2025.10.12-17.37.02:284][  0]LogConfig: Setting CVar [[r.Streaming.Boost:1]]
[2025.10.12-17.37.02:284][  0]LogConfig: Setting CVar [[r.MaxAnisotropy:8]]
[2025.10.12-17.37.02:284][  0]LogConfig: Setting CVar [[r.VT.MaxAnisotropy:8]]
[2025.10.12-17.37.02:284][  0]LogConfig: Setting CVar [[r.Streaming.LimitPoolSizeToVRAM:0]]
[2025.10.12-17.37.02:284][  0]LogConfig: Setting CVar [[r.Streaming.PoolSize:1000]]
[2025.10.12-17.37.02:284][  0]LogConfig: Setting CVar [[r.Streaming.MaxEffectiveScreenSize:0]]
[2025.10.12-17.37.02:284][  0]LogConfig: Applying CVar settings from Section [EffectsQuality@3] File [C:/Users/PC/Documents/GitHub/TasteOfMadness/TasteOfMadness/Saved/Config/Windows/Scalability.ini]
[2025.10.12-17.37.02:284][  0]LogConfig: Setting CVar [[r.TranslucencyLightingVolumeDim:64]]
[2025.10.12-17.37.02:284][  0]LogConfig: Setting CVar [[r.RefractionQuality:2]]
[2025.10.12-17.37.02:284][  0]LogConfig: Setting CVar [[r.SSR.Quality:3]]
[2025.10.12-17.37.02:284][  0]LogConfig: Setting CVar [[r.SSR.HalfResSceneColor:0]]
[2025.10.12-17.37.02:284][  0]LogConfig: Setting CVar [[r.SceneColorFormat:4]]
[2025.10.12-17.37.02:284][  0]LogConfig: Setting CVar [[r.DetailMode:2]]
[2025.10.12-17.37.02:284][  0]LogConfig: Setting CVar [[r.TranslucencyVolumeBlur:1]]
[2025.10.12-17.37.02:284][  0]LogConfig: Setting CVar [[r.MaterialQualityLevel:1 ; High quality]]
[2025.10.12-17.37.02:284][  0]LogConfig: Setting CVar [[r.AnisotropicMaterials:1]]
[2025.10.12-17.37.02:284][  0]LogConfig: Setting CVar [[r.SSS.Scale:1]]
[2025.10.12-17.37.02:284][  0]LogConfig: Setting CVar [[r.SSS.SampleSet:2]]
[2025.10.12-17.37.02:284][  0]LogConfig: Setting CVar [[r.SSS.Quality:1]]
[2025.10.12-17.37.02:284][  0]LogConfig: Setting CVar [[r.SSS.HalfRes:0]]
[2025.10.12-17.37.02:284][  0]LogConfig: Setting CVar [[r.SSGI.Quality:3]]
[2025.10.12-17.37.02:284][  0]LogConfig: Setting CVar [[r.EmitterSpawnRateScale:1.0]]
[2025.10.12-17.37.02:284][  0]LogConfig: Setting CVar [[r.ParticleLightQuality:2]]
[2025.10.12-17.37.02:284][  0]LogConfig: Setting CVar [[r.SkyAtmosphere.AerialPerspectiveLUT.FastApplyOnOpaque:1 ; Always have FastSkyLUT 1 in this case to avoid wrong sky]]
[2025.10.12-17.37.02:284][  0]LogConfig: Setting CVar [[r.SkyAtmosphere.AerialPerspectiveLUT.SampleCountMaxPerSlice:4]]
[2025.10.12-17.37.02:284][  0]LogConfig: Setting CVar [[r.SkyAtmosphere.AerialPerspectiveLUT.DepthResolution:16.0]]
[2025.10.12-17.37.02:284][  0]LogConfig: Setting CVar [[r.SkyAtmosphere.FastSkyLUT:1]]
[2025.10.12-17.37.02:284][  0]LogConfig: Setting CVar [[r.SkyAtmosphere.FastSkyLUT.SampleCountMin:4.0]]
[2025.10.12-17.37.02:284][  0]LogConfig: Setting CVar [[r.SkyAtmosphere.FastSkyLUT.SampleCountMax:128.0]]
[2025.10.12-17.37.02:284][  0]LogConfig: Setting CVar [[r.SkyAtmosphere.SampleCountMin:4.0]]
[2025.10.12-17.37.02:284][  0]LogConfig: Setting CVar [[r.SkyAtmosphere.SampleCountMax:128.0]]
[2025.10.12-17.37.02:284][  0]LogConfig: Setting CVar [[r.SkyAtmosphere.TransmittanceLUT.UseSmallFormat:0]]
[2025.10.12-17.37.02:284][  0]LogConfig: Setting CVar [[r.SkyAtmosphere.TransmittanceLUT.SampleCount:10.0]]
[2025.10.12-17.37.02:284][  0]LogConfig: Setting CVar [[r.SkyAtmosphere.MultiScatteringLUT.SampleCount:15.0]]
[2025.10.12-17.37.02:284][  0]LogConfig: Setting CVar [[r.SkyLight.RealTimeReflectionCapture:1]]
[2025.10.12-17.37.02:284][  0]LogConfig: Applying CVar settings from Section [FoliageQuality@3] File [C:/Users/PC/Documents/GitHub/TasteOfMadness/TasteOfMadness/Saved/Config/Windows/Scalability.ini]
[2025.10.12-17.37.02:284][  0]LogConfig: Setting CVar [[foliage.DensityScale:1.0]]
[2025.10.12-17.37.02:284][  0]LogConfig: Setting CVar [[grass.DensityScale:1.0]]
[2025.10.12-17.37.02:284][  0]LogConfig: Applying CVar settings from Section [ShadingQuality@3] File [C:/Users/PC/Documents/GitHub/TasteOfMadness/TasteOfMadness/Saved/Config/Windows/Scalability.ini]
[2025.10.12-17.37.02:285][  0]LogConfig: Setting CVar [[r.HairStrands.SkyLighting.IntegrationType:2]]
[2025.10.12-17.37.02:285][  0]LogConfig: Setting CVar [[r.HairStrands.SkyAO.SampleCount:4]]
[2025.10.12-17.37.02:285][  0]LogConfig: Setting CVar [[r.HairStrands.Visibility.MSAA.SamplePerPixel:4]]
[2025.10.12-17.37.02:285][  0]LogConfig: Applying CVar settings from Section [Startup] File [../../../Engine/Config/ConsoleVariables.ini]
[2025.10.12-17.37.02:285][  0]LogConfig: Setting CVar [[net.UseAdaptiveNetUpdateFrequency:0]]
[2025.10.12-17.37.02:285][  0]LogConfig: Setting CVar [[p.chaos.AllowCreatePhysxBodies:1]]
[2025.10.12-17.37.02:285][  0]LogConfig: Setting CVar [[fx.SkipVectorVMBackendOptimizations:1]]
[2025.10.12-17.37.02:285][  0]LogConfig: Applying CVar settings from Section [ConsoleVariables] File [C:/Users/PC/Documents/GitHub/TasteOfMadness/TasteOfMadness/Saved/Config/Windows/Engine.ini]
[2025.10.12-17.37.02:285][  0]LogConfig: Applying CVar settings from Section [ConsoleVariables] File [C:/Users/PC/Documents/GitHub/TasteOfMadness/TasteOfMadness/Saved/Config/Windows/Editor.ini]
[2025.10.12-17.37.02:285][  0]LogInit: Computer: DESKTOP-QFES4I7
[2025.10.12-17.37.02:285][  0]LogInit: User: PC
[2025.10.12-17.37.02:285][  0]LogInit: CPU Page size=4096, Cores=6
[2025.10.12-17.37.02:285][  0]LogInit: High frequency timer resolution =10.000000 MHz
[2025.10.12-17.37.02:285][  0]LogMemory: Memory total: Physical=23.9GB (24GB approx)
[2025.10.12-17.37.02:285][  0]LogMemory: Platform Memory Stats for Windows
[2025.10.12-17.37.02:285][  0]LogMemory: Process Physical Memory: 148.30 MB used, 148.30 MB peak
[2025.10.12-17.37.02:285][  0]LogMemory: Process Virtual Memory: 123.93 MB used, 123.93 MB peak
[2025.10.12-17.37.02:285][  0]LogMemory: Physical Memory: 10045.19 MB used,  14453.86 MB free, 24499.05 MB total
[2025.10.12-17.37.02:285][  0]LogMemory: Virtual Memory: 134202192.00 MB used,  15538.22 MB free, 134217728.00 MB total
[2025.10.12-17.37.02:289][  0]LogWindows: WindowsPlatformFeatures enabled
[2025.10.12-17.37.02:317][  0]LogInit: Physics initialised using underlying interface: PhysX
[2025.10.12-17.37.02:317][  0]LogInit: Overriding language with editor language configuration option (en).
[2025.10.12-17.37.02:317][  0]LogInit: Overriding language with editor locale configuration option (en).
[2025.10.12-17.37.02:446][  0]LogInit: Setting process to per monitor DPI aware
[2025.10.12-17.37.02:458][  0]LogWindowsTextInputMethodSystem: Display: IME system deactivated.
[2025.10.12-17.37.02:468][  0]LogSlate: New Slate User Created.  User Index 0, Is Virtual User: 0
[2025.10.12-17.37.02:468][  0]LogSlate: Slate User Registered.  User Index 0, Is Virtual User: 0
[2025.10.12-17.37.02:562][  0]LogD3D11RHI: Loaded GFSDK_Aftermath_Lib.x64.dll
[2025.10.12-17.37.02:564][  0]LogHMD: Failed to initialize OpenVR with code 110
[2025.10.12-17.37.02:564][  0]LogD3D11RHI: D3D11 min allowed feature level: 11_0
[2025.10.12-17.37.02:564][  0]LogD3D11RHI: D3D11 max allowed feature level: 11_0
[2025.10.12-17.37.02:564][  0]LogD3D11RHI: D3D11 adapters:
[2025.10.12-17.37.02:729][  0]LogD3D11RHI:    0. 'NVIDIA GeForce RTX 3060' (Feature Level 11_0)
[2025.10.12-17.37.02:729][  0]LogD3D11RHI:       12115/0/12249 MB DedicatedVideo/DedicatedSystem/SharedSystem, Outputs:1, VendorId:0x10de
[2025.10.12-17.37.02:730][  0]LogD3D11RHI:    1. 'Microsoft Basic Render Driver' (Feature Level 11_0)
[2025.10.12-17.37.02:730][  0]LogD3D11RHI:       0/0/12249 MB DedicatedVideo/DedicatedSystem/SharedSystem, Outputs:0, VendorId:0x1414
[2025.10.12-17.37.02:730][  0]LogD3D11RHI: Chosen D3D11 Adapter:
[2025.10.12-17.37.02:730][  0]LogD3D11RHI:     Description : NVIDIA GeForce RTX 3060
[2025.10.12-17.37.02:730][  0]LogD3D11RHI:     VendorId    : 10de
[2025.10.12-17.37.02:730][  0]LogD3D11RHI:     DeviceId    : 2504
[2025.10.12-17.37.02:730][  0]LogD3D11RHI:     SubSysId    : 397d1462
[2025.10.12-17.37.02:730][  0]LogD3D11RHI:     Revision    : 00a1
[2025.10.12-17.37.02:730][  0]LogD3D11RHI:     DedicatedVideoMemory : 12703498240 bytes
[2025.10.12-17.37.02:730][  0]LogD3D11RHI:     DedicatedSystemMemory : 0 bytes
[2025.10.12-17.37.02:731][  0]LogD3D11RHI:     SharedSystemMemory : 12844556288 bytes
[2025.10.12-17.37.02:731][  0]LogD3D11RHI:     AdapterLuid : 0 78811
[2025.10.12-17.37.02:736][  0]LogD3D11RHI: Creating new Direct3DDevice
[2025.10.12-17.37.02:736][  0]LogD3D11RHI:     GPU DeviceId: 0x2504 (for the marketing name, search the web for "GPU Device Id")
[2025.10.12-17.37.02:736][  0]LogWindows: EnumDisplayDevices:
[2025.10.12-17.37.02:736][  0]LogWindows:    0. 'NVIDIA GeForce RTX 3060' (P:1 D:1)
[2025.10.12-17.37.02:736][  0]LogWindows:    1. 'NVIDIA GeForce RTX 3060' (P:0 D:0)
[2025.10.12-17.37.02:736][  0]LogWindows:    2. 'NVIDIA GeForce RTX 3060' (P:0 D:0)
[2025.10.12-17.37.02:736][  0]LogWindows:    3. 'NVIDIA GeForce RTX 3060' (P:0 D:0)
[2025.10.12-17.37.02:736][  0]LogWindows: DebugString: FoundDriverCount:4 
[2025.10.12-17.37.02:736][  0]LogD3D11RHI:     Adapter Name: NVIDIA GeForce RTX 3060
[2025.10.12-17.37.02:736][  0]LogD3D11RHI:   Driver Version: 581.29 (internal:32.0.15.8129, unified:581.29)
[2025.10.12-17.37.02:736][  0]LogD3D11RHI:      Driver Date: 9-5-2025
[2025.10.12-17.37.02:736][  0]LogRHI: Texture pool is 8480 MB (70% of 12115 MB)
[2025.10.12-17.37.02:737][  0]LogD3D11RHI: Creating D3DDevice using adapter:
[2025.10.12-17.37.02:737][  0]LogD3D11RHI:     Description : NVIDIA GeForce RTX 3060
[2025.10.12-17.37.02:737][  0]LogD3D11RHI:     VendorId    : 10de
[2025.10.12-17.37.02:737][  0]LogD3D11RHI:     DeviceId    : 2504
[2025.10.12-17.37.02:737][  0]LogD3D11RHI:     SubSysId    : 397d1462
[2025.10.12-17.37.02:737][  0]LogD3D11RHI:     Revision    : 00a1
[2025.10.12-17.37.02:737][  0]LogD3D11RHI:     DedicatedVideoMemory : 12703498240 bytes
[2025.10.12-17.37.02:737][  0]LogD3D11RHI:     DedicatedSystemMemory : 0 bytes
[2025.10.12-17.37.02:737][  0]LogD3D11RHI:     SharedSystemMemory : 12844556288 bytes
[2025.10.12-17.37.02:737][  0]LogD3D11RHI:     AdapterLuid : 0 78811
[2025.10.12-17.37.02:851][  0]LogD3D11RHI: RHI has support for 64 bit atomics
[2025.10.12-17.37.02:851][  0]LogD3D11RHI: Async texture creation enabled
[2025.10.12-17.37.02:851][  0]LogD3D11RHI: Array index from any shader is supported
[2025.10.12-17.37.02:866][  0]LogD3D11RHI: GPU Timing Frequency: 1000.000000 (Debug: 2 1)
[2025.10.12-17.37.02:885][  0]LogRHI: GeForceNow SDK initialized: 1
[2025.10.12-17.37.03:091][  0]LogTargetPlatformManager: Display: Loaded TargetPlatform 'AllDesktop'
[2025.10.12-17.37.03:107][  0]LogTargetPlatformManager: Display: Loaded TargetPlatform 'Android'
[2025.10.12-17.37.03:107][  0]LogTargetPlatformManager: Display: Loaded TargetPlatform 'Android_ASTC'
[2025.10.12-17.37.03:107][  0]LogTargetPlatformManager: Display: Loaded TargetPlatform 'Android_DXT'
[2025.10.12-17.37.03:107][  0]LogTargetPlatformManager: Display: Loaded TargetPlatform 'Android_ETC2'
[2025.10.12-17.37.03:107][  0]LogTargetPlatformManager: Display: Loaded TargetPlatform 'AndroidClient'
[2025.10.12-17.37.03:107][  0]LogTargetPlatformManager: Display: Loaded TargetPlatform 'Android_ASTCClient'
[2025.10.12-17.37.03:107][  0]LogTargetPlatformManager: Display: Loaded TargetPlatform 'Android_DXTClient'
[2025.10.12-17.37.03:107][  0]LogTargetPlatformManager: Display: Loaded TargetPlatform 'Android_ETC2Client'
[2025.10.12-17.37.03:107][  0]LogTargetPlatformManager: Display: Loaded TargetPlatform 'Android_Multi'
[2025.10.12-17.37.03:107][  0]LogTargetPlatformManager: Display: Loaded TargetPlatform 'Android_MultiClient'
[2025.10.12-17.37.03:121][  0]LogTargetPlatformManager: Display: Loaded TargetPlatform 'IOSClient'
[2025.10.12-17.37.03:121][  0]LogTargetPlatformManager: Display: Loaded TargetPlatform 'IOS'
[2025.10.12-17.37.03:128][  0]LogTargetPlatformManager: Display: Loaded TargetPlatform 'Linux'
[2025.10.12-17.37.03:131][  0]LogTargetPlatformManager: Display: Loaded TargetPlatform 'LinuxNoEditor'
[2025.10.12-17.37.03:134][  0]LogTargetPlatformManager: Display: Loaded TargetPlatform 'LinuxClient'
[2025.10.12-17.37.03:137][  0]LogTargetPlatformManager: Display: Loaded TargetPlatform 'LinuxServer'
[2025.10.12-17.37.03:143][  0]LogTargetPlatformManager: Display: Loaded TargetPlatform 'LinuxAArch64NoEditor'
[2025.10.12-17.37.03:146][  0]LogTargetPlatformManager: Display: Loaded TargetPlatform 'LinuxAArch64Client'
[2025.10.12-17.37.03:149][  0]LogTargetPlatformManager: Display: Loaded TargetPlatform 'LinuxAArch64Server'
[2025.10.12-17.37.03:165][  0]LogTargetPlatformManager: Display: Loaded TargetPlatform 'Lumin'
[2025.10.12-17.37.03:165][  0]LogTargetPlatformManager: Display: Loaded TargetPlatform 'LuminClient'
[2025.10.12-17.37.03:170][  0]LogTargetPlatformManager: Display: Loaded TargetPlatform 'MacNoEditor'
[2025.10.12-17.37.03:173][  0]LogTargetPlatformManager: Display: Loaded TargetPlatform 'Mac'
[2025.10.12-17.37.03:176][  0]LogTargetPlatformManager: Display: Loaded TargetPlatform 'MacClient'
[2025.10.12-17.37.03:179][  0]LogTargetPlatformManager: Display: Loaded TargetPlatform 'MacServer'
[2025.10.12-17.37.03:186][  0]LogTargetPlatformManager: Display: Loaded TargetPlatform 'TVOSClient'
[2025.10.12-17.37.03:186][  0]LogTargetPlatformManager: Display: Loaded TargetPlatform 'TVOS'
[2025.10.12-17.37.03:192][  0]LogTargetPlatformManager: Display: Loaded TargetPlatform 'WindowsNoEditor'
[2025.10.12-17.37.03:195][  0]LogTargetPlatformManager: Display: Loaded TargetPlatform 'Windows'
[2025.10.12-17.37.03:198][  0]LogTargetPlatformManager: Display: Loaded TargetPlatform 'WindowsClient'
[2025.10.12-17.37.03:201][  0]LogTargetPlatformManager: Display: Loaded TargetPlatform 'WindowsServer'
[2025.10.12-17.37.03:201][  0]LogTargetPlatformManager: Display: Building Assets For Windows
[2025.10.12-17.37.03:205][  0]LogAudioDebug: Display: Lib vorbis DLL was dynamically loaded.
[2025.10.12-17.37.03:225][  0]LogTextureFormatOodle: Display: Oodle Texture 2.9.0 init RDO Off
[2025.10.12-17.37.03:246][  0]LogRendererCore: Ray tracing is disabled. Reason: r.RayTracing=0.
[2025.10.12-17.37.03:247][  0]LogShaderCompilers: Guid format shader working directory is -16 characters bigger than the processId version (C:/Users/PC/Documents/GitHub/TasteOfMadness/TasteOfMadness/Intermediate/Shaders/WorkingDirectory/22012/).
[2025.10.12-17.37.03:247][  0]LogShaderCompilers: Cleaned the shader compiler working directory 'C:/Users/PC/AppData/Local/Temp/UnrealShaderWorkingDir/F9200CE84A2E34A1593161B323045F75/'.
[2025.10.12-17.37.03:247][  0]LogXGEController: Cannot use XGE Controller as Incredibuild is not installed on this machine.
[2025.10.12-17.37.03:247][  0]LogShaderCompilers: Cannot use XGE Shader Compiler as Incredibuild is not installed on this machine.
[2025.10.12-17.37.03:247][  0]LogShaderCompilers: Display: Using Local Shader Compiler.
[2025.10.12-17.37.03:792][  0]LogDerivedDataCache: Display: Max Cache Size: 512 MB
[2025.10.12-17.37.03:833][  0]LogDerivedDataCache: Loaded boot cache 0.04s 94MB C:/Users/PC/AppData/Local/UnrealEngine/4.27/DerivedDataCache/Boot.ddc.
[2025.10.12-17.37.03:833][  0]LogDerivedDataCache: Display: Loaded Boot cache: C:/Users/PC/AppData/Local/UnrealEngine/4.27/DerivedDataCache/Boot.ddc
[2025.10.12-17.37.03:833][  0]LogDerivedDataCache: FDerivedDataBackendGraph:  Pak pak cache file C:/Users/PC/Documents/GitHub/TasteOfMadness/TasteOfMadness/DerivedDataCache/DDC.ddp not found, will not use a pak cache.
[2025.10.12-17.37.03:833][  0]LogDerivedDataCache: Unable to find inner node Pak for hierarchical cache Hierarchy.
[2025.10.12-17.37.03:833][  0]LogDerivedDataCache: FDerivedDataBackendGraph:  CompressedPak pak cache file C:/Users/PC/Documents/GitHub/TasteOfMadness/TasteOfMadness/DerivedDataCache/Compressed.ddp not found, will not use a pak cache.
[2025.10.12-17.37.03:833][  0]LogDerivedDataCache: Unable to find inner node CompressedPak for hierarchical cache Hierarchy.
[2025.10.12-17.37.03:848][  0]LogDerivedDataCache: Display: Pak cache opened for reading ../../../Engine/DerivedDataCache/Compressed.ddp.
[2025.10.12-17.37.03:848][  0]LogDerivedDataCache: FDerivedDataBackendGraph:  EnterprisePak pak cache file ../../../Enterprise/DerivedDataCache/Compressed.ddp not found, will not use a pak cache.
[2025.10.12-17.37.03:848][  0]LogDerivedDataCache: Unable to find inner node EnterprisePak for hierarchical cache Hierarchy.
[2025.10.12-17.37.03:853][  0]LogDerivedDataCache: Speed tests for C:/Users/PC/AppData/Local/UnrealEngine/Common/DerivedDataCache took 0.01 seconds
[2025.10.12-17.37.03:854][  0]LogDerivedDataCache: Display: Performance to C:/Users/PC/AppData/Local/UnrealEngine/Common/DerivedDataCache: Latency=0.02ms. RandomReadSpeed=1684.52MBs, RandomWriteSpeed=199.37MBs. Assigned SpeedClass 'Local'
[2025.10.12-17.37.03:854][  0]LogDerivedDataCache: Using Local data cache path C:/Users/PC/AppData/Local/UnrealEngine/Common/DerivedDataCache: Writable
[2025.10.12-17.37.03:855][  0]LogDerivedDataCache: Shared data cache path not found in *engine.ini, will not use an Shared cache.
[2025.10.12-17.37.03:855][  0]LogDerivedDataCache: Unable to find inner node Shared for hierarchical cache Hierarchy.
[2025.10.12-17.37.03:890][  0]LogSlate: Using FreeType 2.10.0
[2025.10.12-17.37.03:891][  0]LogSlate: SlateFontServices - WITH_FREETYPE: 1, WITH_HARFBUZZ: 1
[2025.10.12-17.37.03:909][  0]LogAssetRegistry: FAssetRegistry took 0.0020 seconds to start up
[2025.10.12-17.37.04:087][  0]LogInit: Selected Device Profile: [Windows]
[2025.10.12-17.37.04:087][  0]LogInit: Active device profile: [00000268094A0B00][000002687DA8C9C0 49] Windows
[2025.10.12-17.37.04:087][  0]LogInit: Profiles: [00000268094A0B00][000002687DA8C9C0 49] Windows, [000002680942A200][0000026804930B00 49] WindowsNoEditor, [00000268094A1900][000002687DB60C80 49] WindowsServer, [000002680942AF00][000002680493CE00 49] WindowsClient, [00000268094A3C00][0000026804940F80 49] IOS, [0000026809428F00][0000026804945100 49] iPadAir, [00000268094A3E00][0000026804825280 49] iPadAir2, [0000026809130D00][0000026804839540 49] IPadPro, [0000026809130E00][000002680482D580 49] iPadAir3, [000002680942BC00][00000268083E9700 49] iPadAir4, [0000026809133700][00000268083ED880 49] iPadMini2, [000002680942B200][0000026808417A00 49] iPadMini3, [0000026809133900][000002680841FB80 49] iPadMini4, [000002680942B600][000002680842E180 49] iPadMini5, [0000026808E14600][00000268085CA440 49] iPhone6, [0000026808E14700][0000026808442480 49] iPodTouch6, [00000268094A2600][00000268085D2740 49] iPhone7, [00000268094A2800][00000268085CE780 49] iPodTouch7, [0000026808E14100][00000268085F6900 49] iPhone5S, [0000026809130700][000002687DB5CA40 49] iPhone6Plus, [0000026808E16500][00000268085FAB80 49] iPhone6S, [0000026809131400][000002680527CCC0 49] iPhone6SPlus, [0000026808E17B00][00000268048BCE40 49] iPhone7Plus, [0000026809133600][000002687DB54FC0 49] iPhoneSE, [00000268094A2C00][000002687DB59140 49] iPhone8, [0000026809130600][00000268052852C0 49] iPhone8Plus, [00000268094A2100][0000026805289440 49] iPhoneX, [0000026809132900][000002680528D5C0 49] iPhoneXS, [00000268094A3D00][0000026805291740 49] iPhoneXSMax, [0000026809132E00][00000268052998C0 49] iPhoneXR, [00000268094A3F00][0000026805F9BA40 49] iPhone11, [0000026809131F00][0000026805F9FBC0 49] iPhone11Pro, [00000268094A0600][0000026805FA21C0 49] iPhone11ProMax, [0000026809132000][0000026805FAA340 49] iPhoneSE2, [00000268094A3A00][0000026805FB64C0 49] iPhone12Mini, [0000026809132700][000002680975A640 49] iPhone12, [00000268094A2A00][000002680975E7C0 49] iPhone12Pro, [0000026809130500][0000026809762940 49] iPhone12ProMax, [00000268094A3900][0000026809766AC0 49] iPadPro105, [0000026809131800][0000026805280C00 49] iPadPro129, [00000268094A0C00][000002680976AD40 49] iPadPro97, [0000026809132400][000002680976EE80 49] iPadPro2_129, [00000268094A0800][0000026804840FC0 49] iPad5, [0000026809130400][0000026804849140 49] iPad6, [00000268094A1B00][000002680484D2C0 49] iPad7, [0000026809133500][0000026804851440 49] iPad8, [00000268094A1F00][00000268048555C0 49] iPadPro11, [0000026809131A00][0000026804859740 49] iPadPro2_11, [00000268094A2500][000002680488B8C0 49] iPadPro3_129, [0000026809132200][0000026809F77A40 49] iPadPro4_129, [00000268094A1600][0000026809F8FBC0 49] AppleTV, [0000026809133D00][0000026809F9A1C0 49] AppleTV4K, [00000268094A1A00][0000026805276340 49] TVOS, [0000026809130A00][0000026809F9E4C0 49] Mac, [00000268094A2400][0000026809FA2640 49] MacClient, [0000026809132C00][0000026809FA67C0 49] MacNoEditor, [00000268094A3500][0000026809FAE940 49] MacServer, [0000026809132300][0000026809FB2AC0 49] Linux, [00000268094A0300][0000026809FB6C40 49] LinuxAArch64, [0000026809132100][0000026804844D80 49] LinuxNoEditor, [00000268094A2300][0000026809FBAEC0 49] LinuxAArch64NoEditor, [0000026809133C00][00000268085D7000 49] LinuxClient, [00000268094A0F00][00000268085DB140 49] LinuxAArch64Client, [0000026809131200][00000268085DF2C0 49] LinuxServer, [00000268094A3000][00000268085E3440 49] LinuxAArch64Server, [0000026809131600][00000268085E75C0 49] Android, [00000268094A1200][000002687DB31740 49] Android_Low, [0000026809133E00][000002687DB358C0 49] Android_Mid, [00000268094A0100][000002687DB39A40 49] Android_High, [0000026809132A00][000002687DB3DBC0 49] Android_Default, [00000268094A1300][000002687DB401C0 49] Android_Adreno4xx, [000002680942A400][000002687DB44340 49] Android_Adreno5xx_Low, [0000026808E15C00][000002687DB484C0 49] Android_Adreno5xx, [000002680942BF00][000002687DB4C640 49] Android_Adreno6xx, [0000026808E16700][00000268084227C0 49] Android_Adreno6xx_Vulkan, [000002680942B700][0000026805294940 49] Android_Mali_T6xx, [0000026808E14F00][000002680841AAC0 49] Android_Mali_T7xx, [0000026809429C00][0000026805FA6C40 49] Android_Mali_T8xx, [0000026808E15F00][000002687DB50DC0 49] Android_Mali_G71, [000002680942AD00][0000026808582F40 49] Android_Mali_G72, [0000026808E16F00][0000026809FAB080 49] Android_Mali_G72_Vulkan, [000002680942A600][00000268085871C0 49] Android_Mali_G76, [0000026808E16200][000002680858B300 49] Android_Mali_G76_Vulkan, [0000026809428E00][0000026808593480 49] Android_Mali_G77, [0000026808E15400][0000026808597600 49] Android_Mali_G77_Vulkan, [000002680942B800][000002680859B780 49] Android_Mali_G78, [0000026808E15300][000002680859F900 49] Android_Mali_G78_Vulkan, [0000026809429600][00000268085A3A80 49] Android_Mali_G710, [0000026808E17D00][00000268085A7C00 49] Android_Mali_G710_Vulkan, [0000026809428700][0000026809828200 49] Android_Vulkan_SM5, [0000026808E15B00][000002680982C380 49] Android_PowerVR_G6xxx, [0000026809428A00][0000026809830500 49] Android_PowerVR_GT7xxx, [0000026808E14200][0000026809834680 49] Android_PowerVR_GE8xxx, [000002680942B900][0000026809838800 49] Android_PowerVR_GM9xxx, [0000026808E14A00][000002680983C980 49] Android_PowerVR_GM9xxx_Vulkan, [0000026809429000][0000026809840B00 49] Android_TegraK1, [0000026808E15700][0000026809844C80 49] Android_Unknown_Vulkan, [0000026809429900][0000026809848E00 49] Lumin, [0000026808E17C00][000002680984CF80 49] Lumin_Desktop, [0000026809429700][0000026809851100 49] HoloLens, 
[2025.10.12-17.37.04:180][  0]LogMeshReduction: Using QuadricMeshReduction for automatic static mesh reduction
[2025.10.12-17.37.04:180][  0]LogMeshReduction: Using SimplygonMeshReduction for automatic skeletal mesh reduction
[2025.10.12-17.37.04:180][  0]LogMeshReduction: Using ProxyLODMeshReduction for automatic mesh merging
[2025.10.12-17.37.04:180][  0]LogMeshReduction: No distributed automatic mesh merging module available
[2025.10.12-17.37.04:180][  0]LogMeshMerging: No distributed automatic mesh merging module available
[2025.10.12-17.37.04:190][  0]LogNetVersion: TasteOfMadness 1.0.0, NetCL: 17155196, EngineNetVer: 17, GameNetVer: 0 (Checksum: 3999798361)
[2025.10.12-17.37.04:449][  0]LogTexture: Default maximum texture size for cubemaps generated from long-lat sources has been changed from 512 to unlimited. In order to preserve old behaiour for '/Engine/MapTemplates/Sky/DaylightAmbientCubemap.DaylightAmbientCubemap', its maximum texture size has been explicitly set to 512.
[2025.10.12-17.37.04:494][  0]LogHMD: PokeAHoleMaterial loaded successfully
[2025.10.12-17.37.04:499][  0]LogUObjectArray: 17178 objects as part of root set at end of initial load.
[2025.10.12-17.37.04:499][  0]LogUObjectAllocator: 4302048 out of 0 bytes used by permanent object pool.
[2025.10.12-17.37.04:499][  0]LogUObjectArray: CloseDisregardForGC: 0/0 objects in disregard for GC pool
[2025.10.12-17.37.04:611][  0]LogNiagaraDebuggerClient: Niagara Debugger Client Initialized | Session: 9A401F3549DE317B883A64ABB3C54F57 | Instance: 058FA6BB4BDC6C3D8BEF359B8C68A517 (DESKTOP-QFES4I7-22012).
[2025.10.12-17.37.04:706][  0]LogPython: Using Python 3.7.7
[2025.10.12-17.37.05:169][  0]LogTcpMessaging: Initializing TcpMessaging bridge
[2025.10.12-17.37.05:175][  0]LogUdpMessaging: Initializing bridge on interface 0.0.0.0:0 to multicast group 230.0.0.1:6666.
[2025.10.12-17.37.05:272][  0]SourceControl: Source control is disabled
[2025.10.12-17.37.05:272][  0]SourceControl: Source control is disabled
[2025.10.12-17.37.05:274][  0]SourceControl: Source control is disabled
[2025.10.12-17.37.05:283][  0]SourceControl: Source control is disabled
[2025.10.12-17.37.05:285][  0]SourceControl: Source control is disabled
[2025.10.12-17.37.05:287][  0]LogUProjectInfo: Found projects:
[2025.10.12-17.37.05:422][  0]LogOpenImageDenoise: OIDN starting up
[2025.10.12-17.37.05:456][  0]LogAndroidPermission: UAndroidPermissionCallbackProxy::GetInstance
[2025.10.12-17.37.05:468][  0]LogAudioCaptureCore: Display: No Audio Capture implementations found. Audio input will be silent.
[2025.10.12-17.37.05:468][  0]LogAudioCaptureCore: Display: No Audio Capture implementations found. Audio input will be silent.
[2025.10.12-17.37.05:552][  0]LogCollectionManager: Loaded 0 collections in 0.000502 seconds
[2025.10.12-17.37.05:569][  0]LogFileCache: Scanning file cache for directory 'C:/Users/PC/Documents/GitHub/TasteOfMadness/TasteOfMadness/Saved/Collections/' took 0.00s
[2025.10.12-17.37.05:569][  0]LogFileCache: Scanning file cache for directory 'C:/Users/PC/Documents/GitHub/TasteOfMadness/TasteOfMadness/Content/Developers/PC/Collections/' took 0.00s
[2025.10.12-17.37.05:569][  0]LogFileCache: Scanning file cache for directory 'C:/Users/PC/Documents/GitHub/TasteOfMadness/TasteOfMadness/Content/Collections/' took 0.00s
[2025.10.12-17.37.05:569][  0]LogOcInput: OculusInput pre-init called
[2025.10.12-17.37.05:730][  0]LogEngine: Initializing Engine...
[2025.10.12-17.37.05:731][  0]LogHMD: Failed to enumerate extensions. Please check that you have a valid OpenXR runtime installed.
[2025.10.12-17.37.05:731][  0]LogHMD: Failed to initialize OpenVR with code 110
[2025.10.12-17.37.05:731][  0]LogMagicLeap: Warning: VR disabled because ZI is not enabled.  To enable, in the editor, Edit -> Project Settings -> Plugins -> Magic Leap Plugin -> Enable Zero Iteration
[2025.10.12-17.37.05:732][  0]LogStats: UGameplayTagsManager::InitializeManager -  0.000 s
[2025.10.12-17.37.05:813][  0]LogInit: Initializing FReadOnlyCVARCache
[2025.10.12-17.37.05:819][  0]LogAIModule: Creating AISystem for world Untitled
[2025.10.12-17.37.05:826][  0]LogAudio: Display: Initializing Audio Device Manager...
[2025.10.12-17.37.05:828][  0]LogAudio: Display: Loading Default Audio Settings Objects...
[2025.10.12-17.37.05:829][  0]LogAudio: Display: No default SoundConcurrencyObject specified (or failed to load).
[2025.10.12-17.37.05:829][  0]LogAudio: Display: Audio Device Manager Initialized
[2025.10.12-17.37.05:829][  0]LogAudio: Display: Creating Audio Device:                 Id: 1, Scope: Shared, Realtime: True
[2025.10.12-17.37.05:829][  0]LogAudioMixer: Display: Audio Mixer Platform Settings:
[2025.10.12-17.37.05:829][  0]LogAudioMixer: Display: 	Sample Rate:						  48000
[2025.10.12-17.37.05:829][  0]LogAudioMixer: Display: 	Callback Buffer Frame Size Requested: 1024
[2025.10.12-17.37.05:829][  0]LogAudioMixer: Display: 	Callback Buffer Frame Size To Use:	  1024
[2025.10.12-17.37.05:829][  0]LogAudioMixer: Display: 	Number of buffers to queue:			  2
[2025.10.12-17.37.05:829][  0]LogAudioMixer: Display: 	Max Channels (voices):				  32
[2025.10.12-17.37.05:829][  0]LogAudioMixer: Display: 	Number of Async Source Workers:		  0
[2025.10.12-17.37.05:829][  0]LogAudio: Display: AudioDevice MaxSources: 32
[2025.10.12-17.37.05:829][  0]LogAudio: Display: Audio Spatialization Plugin: None (built-in).
[2025.10.12-17.37.05:829][  0]LogAudio: Display: Audio Reverb Plugin: None (built-in).
[2025.10.12-17.37.05:829][  0]LogAudio: Display: Audio Occlusion Plugin: None (built-in).
[2025.10.12-17.37.05:829][  0]LogAudioMixer: Display: Initializing audio mixer.
[2025.10.12-17.37.05:844][  0]LogAudioMixer: Display: 0: FrontLeft
[2025.10.12-17.37.05:844][  0]LogAudioMixer: Display: 1: FrontRight
[2025.10.12-17.37.05:855][  0]LogAudioMixer: Display: Using Audio Device LC24RG50 (NVIDIA High Definition Audio)
[2025.10.12-17.37.05:856][  0]LogAudioMixer: Display: Initializing Sound Submixes...
[2025.10.12-17.37.05:857][  0]LogAudioMixer: Display: Creating Master Submix 'MasterSubmixDefault'
[2025.10.12-17.37.05:857][  0]LogAudioMixer: Display: Creating Master Submix 'MasterReverbSubmixDefault'
[2025.10.12-17.37.05:858][  0]LogAudioMixer: Display: Creating Master Submix 'MasterEQSubmixDefault'
[2025.10.12-17.37.05:858][  0]LogAudioMixer: FMixerPlatformXAudio2::StartAudioStream() called
[2025.10.12-17.37.05:858][  0]LogAudioMixer: Display: Output buffers initialized: Frames=1024, Channels=2, Samples=2048
[2025.10.12-17.37.05:859][  0]LogAudioMixer: Display: Starting AudioMixerPlatformInterface::RunInternal()
[2025.10.12-17.37.05:859][  0]LogAudioMixer: Display: FMixerPlatformXAudio2::SubmitBuffer() called for the first time
[2025.10.12-17.37.05:859][  0]LogInit: FAudioDevice initialized.
[2025.10.12-17.37.05:859][  0]LogAudio: Display: Audio Device (ID: 1) registered with world 'Untitled'.
[2025.10.12-17.37.05:859][  0]LogNetVersion: Set ProjectVersion to 1.0.0.0. Version Checksum will be recalculated on next use.
[2025.10.12-17.37.05:896][  0]LogDerivedDataCache: Saved boot cache 0.04s 94MB C:/Users/PC/AppData/Local/UnrealEngine/4.27/DerivedDataCache/Boot.ddc.
[2025.10.12-17.37.05:896][  0]LogInit: Texture streaming: Enabled
[2025.10.12-17.37.05:906][  0]LogAnalytics: Display: [UEEditor.Rocket.Release] APIServer = https://datarouter.ol.epicgames.com/. AppVersion = 4.27.2-18319896+++UE4+Release-4.27
[2025.10.12-17.37.05:908][  0]LogEngineSessionManager: EngineSessionManager initialized
[2025.10.12-17.37.05:908][  0]LogEditorSessionSummary: Verbose: Initializing EditorSessionSummaryWriter for editor session tracking
[2025.10.12-17.37.05:909][  0]LogEditorSessionSummary: EditorSessionSummaryWriter initialized
[2025.10.12-17.37.05:931][  0]LogInit: Transaction tracking system initialized
[2025.10.12-17.37.05:946][  0]BlueprintLog: New page: Editor Load
[2025.10.12-17.37.05:989][  0]LocalizationService: Localization service is disabled
[2025.10.12-17.37.06:005][  0]TimingProfiler: Initialize
[2025.10.12-17.37.06:005][  0]TimingProfiler: OnSessionChanged
[2025.10.12-17.37.06:005][  0]LoadingProfiler: Initialize
[2025.10.12-17.37.06:005][  0]LoadingProfiler: OnSessionChanged
[2025.10.12-17.37.06:005][  0]NetworkingProfiler: Initialize
[2025.10.12-17.37.06:005][  0]NetworkingProfiler: OnSessionChanged
[2025.10.12-17.37.06:005][  0]MemoryProfiler: Initialize
[2025.10.12-17.37.06:005][  0]MemoryProfiler: OnSessionChanged
[2025.10.12-17.37.06:096][  0]LogCook: Display: CookSettings for Memory: MemoryMaxUsedVirtual 0MiB, MemoryMaxUsedPhysical 16384MiB, MemoryMinFreeVirtual 0MiB, MemoryMinFreePhysical 1024MiB
[2025.10.12-17.37.06:097][  0]LogCook: Display: Mobile HDR setting 1
[2025.10.12-17.37.06:101][  0]LogFileCache: Scanning file cache for directory 'C:/Users/PC/Documents/GitHub/TasteOfMadness/TasteOfMadness/Content/' took 0.00s
[2025.10.12-17.37.06:101][  0]LogLinker: Warning: Failed to load '/Engine/BasicShapes/Cube': Can't find file.
[2025.10.12-17.37.06:101][  0]LogLinker: Warning: Failed to load '/Engine/BasicShapes/Cube': Can't find file.
[2025.10.12-17.37.06:101][  0]LogUObjectGlobals: Warning: Failed to find object 'StaticMesh /Engine/BasicShapes/Cube.Cube'
[2025.10.12-17.37.06:346][  0]LogInit: Display: Engine is initialized. Leaving FEngineLoop::Init()
[2025.10.12-17.37.06:348][  0]SourceControl: Source control is disabled
[2025.10.12-17.37.06:348][  0]LogUnrealEdMisc: Loading editor; pre map load, took 4.770
[2025.10.12-17.37.06:348][  0]Cmd: MAP LOAD FILE="C:/Users/PC/Documents/GitHub/TasteOfMadness/TasteOfMadness/Content/Maps/MainPersistent.umap" TEMPLATE=0 SHOWPROGRESS=1 FEATURELEVEL=3
[2025.10.12-17.37.06:348][  0]LightingResults: New page: Lighting Build
[2025.10.12-17.37.06:349][  0]LogWorld: UWorld::CleanupWorld for Untitled, bSessionEnded=true, bCleanupResources=true
[2025.10.12-17.37.06:349][  0]LogSlate: InvalidateAllWidgets triggered.  All widgets were invalidated
[2025.10.12-17.37.06:349][  0]MapCheck: New page: Map Check
[2025.10.12-17.37.06:349][  0]LightingResults: New page: Lighting Build
[2025.10.12-17.37.06:354][  0]LogAudio: Display: Audio Device unregistered from world 'None'.
[2025.10.12-17.37.06:356][  0]LogUObjectHash: Compacting FUObjectHashTables data took   0.66ms
[2025.10.12-17.37.06:436][  0]LogLinker: Warning: [AssetLog] C:\Users\PC\Documents\GitHub\TasteOfMadness\TasteOfMadness\Content\Maps\MainPersistent.umap: Failed to load '/Game/Maps/MainPersistent_BuiltData': Can't find file.
[2025.10.12-17.37.06:437][  0]LogLinker: Warning: [AssetLog] C:\Users\PC\Documents\GitHub\TasteOfMadness\TasteOfMadness\Content\Maps\MainPersistent.umap: Failed to load '/Game/Maps/MainPersistent_BuiltData': Can't find file.
[2025.10.12-17.37.06:438][  0]LogLinker: Warning: [AssetLog] C:\Users\PC\Documents\GitHub\TasteOfMadness\TasteOfMadness\Content\Maps\MainPersistent.umap: Failed to load '/Game/Maps/MainPersistent_BuiltData': Can't find file.
[2025.10.12-17.37.06:440][  0]LogLinker: Warning: Failed to load '/Game/Maps/MainPersistent_BuiltData': Can't find file.
[2025.10.12-17.37.06:440][  0]LogLinker: Warning: Failed to load '/Game/Maps/MainPersistent_BuiltData': Can't find file.
[2025.10.12-17.37.06:466][  0]LogLinker: Warning: [AssetLog] C:\Users\PC\Documents\GitHub\TasteOfMadness\TasteOfMadness\Content\Maps\MainPersistent.umap: Failed to load '/Game/Maps/MainPersistent_BuiltData': Can't find file.
[2025.10.12-17.37.06:466][  0]LoadErrors: Failed to load /Game/Maps/MainPersistent_BuiltData.MainPersistent_BuiltData Referenced by PersistentLevel
[2025.10.12-17.37.06:532][  0]LogAudio: Display: Audio Device (ID: 1) registered with world 'MainPersistent'.
[2025.10.12-17.37.06:533][  0]LogAIModule: Creating AISystem for world MainPersistent
[2025.10.12-17.37.06:536][  0]LogStreaming: Display: ULevelStreaming::RequestLevel(/Game/Maps/FrancisIA) is flushing async loading
[2025.10.12-17.37.06:536][  0]LogStreaming: Display: FlushAsyncLoading: 1 QueuedPackages, 0 AsyncPackages
[2025.10.12-17.37.06:537][  0]LogStreaming: Error: Couldn't find file for package /Game/Maps/FrancisIA_BuiltData requested by async loading code. NameToLoad: /Game/Maps/FrancisIA_BuiltData
[2025.10.12-17.37.06:681][  0]LogStreaming: Display: ULevelStreaming::RequestLevel(/Game/Maps/ComidaVivaIA) is flushing async loading
[2025.10.12-17.37.06:735][  0]LogStreaming: Display: ULevelStreaming::RequestLevel(/Game/Maps/PropsSamuel) is flushing async loading
[2025.10.12-17.37.06:738][  0]LogStreaming: Display: ULevelStreaming::RequestLevel(/Game/Maps/PropsMichelle) is flushing async loading
[2025.10.12-17.37.06:742][  0]LogStreaming: Display: ULevelStreaming::RequestLevel(/Game/Maps/PropsDaniela) is flushing async loading
[2025.10.12-17.37.06:745][  0]LogStreaming: Display: ULevelStreaming::RequestLevel(/Game/Maps/PropsChris) is flushing async loading
[2025.10.12-17.37.06:748][  0]LogStreaming: Display: ULevelStreaming::RequestLevel(/Game/Maps/PropsOliver) is flushing async loading
[2025.10.12-17.37.06:751][  0]LogEditorServer: Finished looking for orphan Actors (0.000 secs)
[2025.10.12-17.37.06:758][  0]LogUObjectHash: Compacting FUObjectHashTables data took   0.78ms
[2025.10.12-17.37.06:758][  0]Cmd: MAP CHECKDEP NOCLEARLOG
[2025.10.12-17.37.06:759][  0]MapCheck: Map check complete: 0 Error(s), 0 Warning(s), took 0.37ms to complete.
[2025.10.12-17.37.06:759][  0]LogFileHelpers: Loading map 'MainPersistent' took 0.411
[2025.10.12-17.37.06:760][  0]LogUnrealEdMisc: Total Editor Startup Time, took 5.183
[2025.10.12-17.37.06:850][  0]LogSlate: Updating window title bar state: overlay mode, drag disabled, window buttons hidden, title bar hidden
[2025.10.12-17.37.06:855][  0]LogSlate: Updating window title bar state: overlay mode, drag disabled, window buttons hidden, title bar hidden
[2025.10.12-17.37.06:859][  0]LogSlate: Updating window title bar state: overlay mode, drag disabled, window buttons hidden, title bar hidden
[2025.10.12-17.37.06:863][  0]LogSlate: Updating window title bar state: overlay mode, drag disabled, window buttons hidden, title bar hidden
[2025.10.12-17.37.06:873][  0]LogNativeClassHierarchy: Verbose: Native class hierarchy populated in 0.0078 seconds. Added 3822 classes and 928 folders.
[2025.10.12-17.37.06:875][  0]LogNativeClassHierarchy: Verbose: Native class hierarchy updated for 'WidgetCarousel' in 0.0002 seconds. Added 0 classes and 0 folders.
[2025.10.12-17.37.06:876][  0]LogPakFile: PakFile PrimaryIndexSize=187
[2025.10.12-17.37.06:876][  0]LogPakFile: PakFile PathHashIndexSize=101
[2025.10.12-17.37.06:876][  0]LogPakFile: PakFile FullDirectoryIndexSize=148
[2025.10.12-17.37.06:876][  0]LogShaderLibrary: Display: ShaderCodeLibraryPakFileMountedCallback: PakFile 'E:/Epic/UE_4.27/FeaturePacks/FP_FirstPerson.upack' (chunk index -1, root 'root:/') mounted
[2025.10.12-17.37.06:876][  0]LogShaderLibrary: Display: ShaderCodeLibraryPakFileMountedCallback: pending pak file info (ChunkID:-1 Root:root:/ File:E:/Epic/UE_4.27/FeaturePacks/FP_FirstPerson.upack)
[2025.10.12-17.37.06:876][  0]LogPakFile: OnPakFileMounted2Time == 0.000047
[2025.10.12-17.37.06:876][  0]LogPakFile: PakFile PrimaryIndexSize=189
[2025.10.12-17.37.06:876][  0]LogPakFile: PakFile PathHashIndexSize=101
[2025.10.12-17.37.06:876][  0]LogPakFile: PakFile FullDirectoryIndexSize=152
[2025.10.12-17.37.06:876][  0]LogShaderLibrary: Display: ShaderCodeLibraryPakFileMountedCallback: PakFile 'E:/Epic/UE_4.27/FeaturePacks/FP_FirstPersonBP.upack' (chunk index -1, root 'root:/') mounted
[2025.10.12-17.37.06:876][  0]LogShaderLibrary: Display: ShaderCodeLibraryPakFileMountedCallback: pending pak file info (ChunkID:-1 Root:root:/ File:E:/Epic/UE_4.27/FeaturePacks/FP_FirstPersonBP.upack)
[2025.10.12-17.37.06:876][  0]LogPakFile: OnPakFileMounted2Time == 0.000026
[2025.10.12-17.37.06:877][  0]LogPakFile: PakFile PrimaryIndexSize=191
[2025.10.12-17.37.06:877][  0]LogPakFile: PakFile PathHashIndexSize=101
[2025.10.12-17.37.06:877][  0]LogPakFile: PakFile FullDirectoryIndexSize=160
[2025.10.12-17.37.06:877][  0]LogShaderLibrary: Display: ShaderCodeLibraryPakFileMountedCallback: PakFile 'E:/Epic/UE_4.27/FeaturePacks/MobileStarterContent.upack' (chunk index -1, root 'root:/') mounted
[2025.10.12-17.37.06:877][  0]LogShaderLibrary: Display: ShaderCodeLibraryPakFileMountedCallback: pending pak file info (ChunkID:-1 Root:root:/ File:E:/Epic/UE_4.27/FeaturePacks/MobileStarterContent.upack)
[2025.10.12-17.37.06:877][  0]LogPakFile: OnPakFileMounted2Time == 0.000023
[2025.10.12-17.37.06:877][  0]LogPakFile: PakFile PrimaryIndexSize=185
[2025.10.12-17.37.06:877][  0]LogPakFile: PakFile PathHashIndexSize=101
[2025.10.12-17.37.06:877][  0]LogPakFile: PakFile FullDirectoryIndexSize=148
[2025.10.12-17.37.06:877][  0]LogShaderLibrary: Display: ShaderCodeLibraryPakFileMountedCallback: PakFile 'E:/Epic/UE_4.27/FeaturePacks/StarterContent.upack' (chunk index -1, root 'root:/') mounted
[2025.10.12-17.37.06:877][  0]LogShaderLibrary: Display: ShaderCodeLibraryPakFileMountedCallback: pending pak file info (ChunkID:-1 Root:root:/ File:E:/Epic/UE_4.27/FeaturePacks/StarterContent.upack)
[2025.10.12-17.37.06:877][  0]LogPakFile: OnPakFileMounted2Time == 0.000024
[2025.10.12-17.37.06:878][  0]LogPakFile: PakFile PrimaryIndexSize=190
[2025.10.12-17.37.06:878][  0]LogPakFile: PakFile PathHashIndexSize=101
[2025.10.12-17.37.06:878][  0]LogPakFile: PakFile FullDirectoryIndexSize=154
[2025.10.12-17.37.06:878][  0]LogShaderLibrary: Display: ShaderCodeLibraryPakFileMountedCallback: PakFile 'E:/Epic/UE_4.27/FeaturePacks/TP_2DSideScroller.upack' (chunk index -1, root 'root:/') mounted
[2025.10.12-17.37.06:878][  0]LogShaderLibrary: Display: ShaderCodeLibraryPakFileMountedCallback: pending pak file info (ChunkID:-1 Root:root:/ File:E:/Epic/UE_4.27/FeaturePacks/TP_2DSideScroller.upack)
[2025.10.12-17.37.06:878][  0]LogPakFile: OnPakFileMounted2Time == 0.000037
[2025.10.12-17.37.06:878][  0]LogPakFile: PakFile PrimaryIndexSize=192
[2025.10.12-17.37.06:878][  0]LogPakFile: PakFile PathHashIndexSize=101
[2025.10.12-17.37.06:878][  0]LogPakFile: PakFile FullDirectoryIndexSize=158
[2025.10.12-17.37.06:878][  0]LogShaderLibrary: Display: ShaderCodeLibraryPakFileMountedCallback: PakFile 'E:/Epic/UE_4.27/FeaturePacks/TP_2DSideScrollerBP.upack' (chunk index -1, root 'root:/') mounted
[2025.10.12-17.37.06:878][  0]LogShaderLibrary: Display: ShaderCodeLibraryPakFileMountedCallback: pending pak file info (ChunkID:-1 Root:root:/ File:E:/Epic/UE_4.27/FeaturePacks/TP_2DSideScrollerBP.upack)
[2025.10.12-17.37.06:878][  0]LogPakFile: OnPakFileMounted2Time == 0.000025
[2025.10.12-17.37.06:878][  0]LogPakFile: PakFile PrimaryIndexSize=182
[2025.10.12-17.37.06:878][  0]LogPakFile: PakFile PathHashIndexSize=101
[2025.10.12-17.37.06:878][  0]LogPakFile: PakFile FullDirectoryIndexSize=138
[2025.10.12-17.37.06:878][  0]LogShaderLibrary: Display: ShaderCodeLibraryPakFileMountedCallback: PakFile 'E:/Epic/UE_4.27/FeaturePacks/TP_Flying.upack' (chunk index -1, root 'root:/') mounted
[2025.10.12-17.37.06:878][  0]LogShaderLibrary: Display: ShaderCodeLibraryPakFileMountedCallback: pending pak file info (ChunkID:-1 Root:root:/ File:E:/Epic/UE_4.27/FeaturePacks/TP_Flying.upack)
[2025.10.12-17.37.06:878][  0]LogPakFile: OnPakFileMounted2Time == 0.000023
[2025.10.12-17.37.06:879][  0]LogPakFile: PakFile PrimaryIndexSize=184
[2025.10.12-17.37.06:879][  0]LogPakFile: PakFile PathHashIndexSize=101
[2025.10.12-17.37.06:879][  0]LogPakFile: PakFile FullDirectoryIndexSize=142
[2025.10.12-17.37.06:879][  0]LogShaderLibrary: Display: ShaderCodeLibraryPakFileMountedCallback: PakFile 'E:/Epic/UE_4.27/FeaturePacks/TP_FlyingBP.upack' (chunk index -1, root 'root:/') mounted
[2025.10.12-17.37.06:879][  0]LogShaderLibrary: Display: ShaderCodeLibraryPakFileMountedCallback: pending pak file info (ChunkID:-1 Root:root:/ File:E:/Epic/UE_4.27/FeaturePacks/TP_FlyingBP.upack)
[2025.10.12-17.37.06:879][  0]LogPakFile: OnPakFileMounted2Time == 0.000023
[2025.10.12-17.37.06:879][  0]LogPakFile: PakFile PrimaryIndexSize=188
[2025.10.12-17.37.06:879][  0]LogPakFile: PakFile PathHashIndexSize=101
[2025.10.12-17.37.06:879][  0]LogPakFile: PakFile FullDirectoryIndexSize=150
[2025.10.12-17.37.06:879][  0]LogShaderLibrary: Display: ShaderCodeLibraryPakFileMountedCallback: PakFile 'E:/Epic/UE_4.27/FeaturePacks/TP_HandheldARBP.upack' (chunk index -1, root 'root:/') mounted
[2025.10.12-17.37.06:879][  0]LogShaderLibrary: Display: ShaderCodeLibraryPakFileMountedCallback: pending pak file info (ChunkID:-1 Root:root:/ File:E:/Epic/UE_4.27/FeaturePacks/TP_HandheldARBP.upack)
[2025.10.12-17.37.06:879][  0]LogPakFile: OnPakFileMounted2Time == 0.000022
[2025.10.12-17.37.06:880][  0]LogPakFile: PakFile PrimaryIndexSize=182
[2025.10.12-17.37.06:880][  0]LogPakFile: PakFile PathHashIndexSize=101
[2025.10.12-17.37.06:880][  0]LogPakFile: PakFile FullDirectoryIndexSize=138
[2025.10.12-17.37.06:880][  0]LogShaderLibrary: Display: ShaderCodeLibraryPakFileMountedCallback: PakFile 'E:/Epic/UE_4.27/FeaturePacks/TP_Puzzle.upack' (chunk index -1, root 'root:/') mounted
[2025.10.12-17.37.06:880][  0]LogShaderLibrary: Display: ShaderCodeLibraryPakFileMountedCallback: pending pak file info (ChunkID:-1 Root:root:/ File:E:/Epic/UE_4.27/FeaturePacks/TP_Puzzle.upack)
[2025.10.12-17.37.06:880][  0]LogPakFile: OnPakFileMounted2Time == 0.000022
[2025.10.12-17.37.06:880][  0]LogPakFile: PakFile PrimaryIndexSize=184
[2025.10.12-17.37.06:880][  0]LogPakFile: PakFile PathHashIndexSize=101
[2025.10.12-17.37.06:880][  0]LogPakFile: PakFile FullDirectoryIndexSize=142
[2025.10.12-17.37.06:880][  0]LogShaderLibrary: Display: ShaderCodeLibraryPakFileMountedCallback: PakFile 'E:/Epic/UE_4.27/FeaturePacks/TP_PuzzleBP.upack' (chunk index -1, root 'root:/') mounted
[2025.10.12-17.37.06:880][  0]LogShaderLibrary: Display: ShaderCodeLibraryPakFileMountedCallback: pending pak file info (ChunkID:-1 Root:root:/ File:E:/Epic/UE_4.27/FeaturePacks/TP_PuzzleBP.upack)
[2025.10.12-17.37.06:880][  0]LogPakFile: OnPakFileMounted2Time == 0.000022
[2025.10.12-17.37.06:880][  0]LogPakFile: PakFile PrimaryIndexSize=183
[2025.10.12-17.37.06:880][  0]LogPakFile: PakFile PathHashIndexSize=101
[2025.10.12-17.37.06:880][  0]LogPakFile: PakFile FullDirectoryIndexSize=140
[2025.10.12-17.37.06:880][  0]LogShaderLibrary: Display: ShaderCodeLibraryPakFileMountedCallback: PakFile 'E:/Epic/UE_4.27/FeaturePacks/TP_Rolling.upack' (chunk index -1, root 'root:/') mounted
[2025.10.12-17.37.06:880][  0]LogShaderLibrary: Display: ShaderCodeLibraryPakFileMountedCallback: pending pak file info (ChunkID:-1 Root:root:/ File:E:/Epic/UE_4.27/FeaturePacks/TP_Rolling.upack)
[2025.10.12-17.37.06:880][  0]LogPakFile: OnPakFileMounted2Time == 0.000022
[2025.10.12-17.37.06:881][  0]LogPakFile: PakFile PrimaryIndexSize=185
[2025.10.12-17.37.06:881][  0]LogPakFile: PakFile PathHashIndexSize=101
[2025.10.12-17.37.06:881][  0]LogPakFile: PakFile FullDirectoryIndexSize=144
[2025.10.12-17.37.06:881][  0]LogShaderLibrary: Display: ShaderCodeLibraryPakFileMountedCallback: PakFile 'E:/Epic/UE_4.27/FeaturePacks/TP_RollingBP.upack' (chunk index -1, root 'root:/') mounted
[2025.10.12-17.37.06:881][  0]LogShaderLibrary: Display: ShaderCodeLibraryPakFileMountedCallback: pending pak file info (ChunkID:-1 Root:root:/ File:E:/Epic/UE_4.27/FeaturePacks/TP_RollingBP.upack)
[2025.10.12-17.37.06:881][  0]LogPakFile: OnPakFileMounted2Time == 0.000022
[2025.10.12-17.37.06:881][  0]LogPakFile: PakFile PrimaryIndexSize=188
[2025.10.12-17.37.06:881][  0]LogPakFile: PakFile PathHashIndexSize=101
[2025.10.12-17.37.06:881][  0]LogPakFile: PakFile FullDirectoryIndexSize=150
[2025.10.12-17.37.06:881][  0]LogShaderLibrary: Display: ShaderCodeLibraryPakFileMountedCallback: PakFile 'E:/Epic/UE_4.27/FeaturePacks/TP_SideScroller.upack' (chunk index -1, root 'root:/') mounted
[2025.10.12-17.37.06:881][  0]LogShaderLibrary: Display: ShaderCodeLibraryPakFileMountedCallback: pending pak file info (ChunkID:-1 Root:root:/ File:E:/Epic/UE_4.27/FeaturePacks/TP_SideScroller.upack)
[2025.10.12-17.37.06:881][  0]LogPakFile: OnPakFileMounted2Time == 0.000022
[2025.10.12-17.37.06:881][  0]LogPakFile: PakFile PrimaryIndexSize=190
[2025.10.12-17.37.06:881][  0]LogPakFile: PakFile PathHashIndexSize=101
[2025.10.12-17.37.06:882][  0]LogPakFile: PakFile FullDirectoryIndexSize=154
[2025.10.12-17.37.06:882][  0]LogShaderLibrary: Display: ShaderCodeLibraryPakFileMountedCallback: PakFile 'E:/Epic/UE_4.27/FeaturePacks/TP_SideScrollerBP.upack' (chunk index -1, root 'root:/') mounted
[2025.10.12-17.37.06:882][  0]LogShaderLibrary: Display: ShaderCodeLibraryPakFileMountedCallback: pending pak file info (ChunkID:-1 Root:root:/ File:E:/Epic/UE_4.27/FeaturePacks/TP_SideScrollerBP.upack)
[2025.10.12-17.37.06:882][  0]LogPakFile: OnPakFileMounted2Time == 0.000022
[2025.10.12-17.37.06:882][  0]LogPakFile: PakFile PrimaryIndexSize=187
[2025.10.12-17.37.06:882][  0]LogPakFile: PakFile PathHashIndexSize=101
[2025.10.12-17.37.06:882][  0]LogPakFile: PakFile FullDirectoryIndexSize=148
[2025.10.12-17.37.06:882][  0]LogShaderLibrary: Display: ShaderCodeLibraryPakFileMountedCallback: PakFile 'E:/Epic/UE_4.27/FeaturePacks/TP_ThirdPerson.upack' (chunk index -1, root 'root:/') mounted
[2025.10.12-17.37.06:882][  0]LogShaderLibrary: Display: ShaderCodeLibraryPakFileMountedCallback: pending pak file info (ChunkID:-1 Root:root:/ File:E:/Epic/UE_4.27/FeaturePacks/TP_ThirdPerson.upack)
[2025.10.12-17.37.06:882][  0]LogPakFile: OnPakFileMounted2Time == 0.000022
[2025.10.12-17.37.06:882][  0]LogPakFile: PakFile PrimaryIndexSize=189
[2025.10.12-17.37.06:882][  0]LogPakFile: PakFile PathHashIndexSize=101
[2025.10.12-17.37.06:882][  0]LogPakFile: PakFile FullDirectoryIndexSize=152
[2025.10.12-17.37.06:882][  0]LogShaderLibrary: Display: ShaderCodeLibraryPakFileMountedCallback: PakFile 'E:/Epic/UE_4.27/FeaturePacks/TP_ThirdPersonBP.upack' (chunk index -1, root 'root:/') mounted
[2025.10.12-17.37.06:882][  0]LogShaderLibrary: Display: ShaderCodeLibraryPakFileMountedCallback: pending pak file info (ChunkID:-1 Root:root:/ File:E:/Epic/UE_4.27/FeaturePacks/TP_ThirdPersonBP.upack)
[2025.10.12-17.37.06:882][  0]LogPakFile: OnPakFileMounted2Time == 0.000022
[2025.10.12-17.37.06:883][  0]LogPakFile: PakFile PrimaryIndexSize=183
[2025.10.12-17.37.06:883][  0]LogPakFile: PakFile PathHashIndexSize=101
[2025.10.12-17.37.06:883][  0]LogPakFile: PakFile FullDirectoryIndexSize=140
[2025.10.12-17.37.06:883][  0]LogShaderLibrary: Display: ShaderCodeLibraryPakFileMountedCallback: PakFile 'E:/Epic/UE_4.27/FeaturePacks/TP_TopDown.upack' (chunk index -1, root 'root:/') mounted
[2025.10.12-17.37.06:883][  0]LogShaderLibrary: Display: ShaderCodeLibraryPakFileMountedCallback: pending pak file info (ChunkID:-1 Root:root:/ File:E:/Epic/UE_4.27/FeaturePacks/TP_TopDown.upack)
[2025.10.12-17.37.06:883][  0]LogPakFile: OnPakFileMounted2Time == 0.000026
[2025.10.12-17.37.06:883][  0]LogPakFile: PakFile PrimaryIndexSize=185
[2025.10.12-17.37.06:883][  0]LogPakFile: PakFile PathHashIndexSize=101
[2025.10.12-17.37.06:883][  0]LogPakFile: PakFile FullDirectoryIndexSize=144
[2025.10.12-17.37.06:883][  0]LogShaderLibrary: Display: ShaderCodeLibraryPakFileMountedCallback: PakFile 'E:/Epic/UE_4.27/FeaturePacks/TP_TopDownBP.upack' (chunk index -1, root 'root:/') mounted
[2025.10.12-17.37.06:883][  0]LogShaderLibrary: Display: ShaderCodeLibraryPakFileMountedCallback: pending pak file info (ChunkID:-1 Root:root:/ File:E:/Epic/UE_4.27/FeaturePacks/TP_TopDownBP.upack)
[2025.10.12-17.37.06:883][  0]LogPakFile: OnPakFileMounted2Time == 0.000021
[2025.10.12-17.37.06:883][  0]LogPakFile: PakFile PrimaryIndexSize=185
[2025.10.12-17.37.06:883][  0]LogPakFile: PakFile PathHashIndexSize=101
[2025.10.12-17.37.06:883][  0]LogPakFile: PakFile FullDirectoryIndexSize=144
[2025.10.12-17.37.06:883][  0]LogShaderLibrary: Display: ShaderCodeLibraryPakFileMountedCallback: PakFile 'E:/Epic/UE_4.27/FeaturePacks/TP_TwinStick.upack' (chunk index -1, root 'root:/') mounted
[2025.10.12-17.37.06:883][  0]LogShaderLibrary: Display: ShaderCodeLibraryPakFileMountedCallback: pending pak file info (ChunkID:-1 Root:root:/ File:E:/Epic/UE_4.27/FeaturePacks/TP_TwinStick.upack)
[2025.10.12-17.37.06:883][  0]LogPakFile: OnPakFileMounted2Time == 0.000021
[2025.10.12-17.37.06:884][  0]LogPakFile: PakFile PrimaryIndexSize=187
[2025.10.12-17.37.06:884][  0]LogPakFile: PakFile PathHashIndexSize=101
[2025.10.12-17.37.06:884][  0]LogPakFile: PakFile FullDirectoryIndexSize=148
[2025.10.12-17.37.06:884][  0]LogShaderLibrary: Display: ShaderCodeLibraryPakFileMountedCallback: PakFile 'E:/Epic/UE_4.27/FeaturePacks/TP_TwinStickBP.upack' (chunk index -1, root 'root:/') mounted
[2025.10.12-17.37.06:884][  0]LogShaderLibrary: Display: ShaderCodeLibraryPakFileMountedCallback: pending pak file info (ChunkID:-1 Root:root:/ File:E:/Epic/UE_4.27/FeaturePacks/TP_TwinStickBP.upack)
[2025.10.12-17.37.06:884][  0]LogPakFile: OnPakFileMounted2Time == 0.000022
[2025.10.12-17.37.06:884][  0]LogPakFile: PakFile PrimaryIndexSize=183
[2025.10.12-17.37.06:884][  0]LogPakFile: PakFile PathHashIndexSize=101
[2025.10.12-17.37.06:884][  0]LogPakFile: PakFile FullDirectoryIndexSize=140
[2025.10.12-17.37.06:884][  0]LogShaderLibrary: Display: ShaderCodeLibraryPakFileMountedCallback: PakFile 'E:/Epic/UE_4.27/FeaturePacks/TP_Vehicle.upack' (chunk index -1, root 'root:/') mounted
[2025.10.12-17.37.06:884][  0]LogShaderLibrary: Display: ShaderCodeLibraryPakFileMountedCallback: pending pak file info (ChunkID:-1 Root:root:/ File:E:/Epic/UE_4.27/FeaturePacks/TP_Vehicle.upack)
[2025.10.12-17.37.06:884][  0]LogPakFile: OnPakFileMounted2Time == 0.000021
[2025.10.12-17.37.06:884][  0]LogPakFile: PakFile PrimaryIndexSize=186
[2025.10.12-17.37.06:884][  0]LogPakFile: PakFile PathHashIndexSize=101
[2025.10.12-17.37.06:884][  0]LogPakFile: PakFile FullDirectoryIndexSize=146
[2025.10.12-17.37.06:884][  0]LogShaderLibrary: Display: ShaderCodeLibraryPakFileMountedCallback: PakFile 'E:/Epic/UE_4.27/FeaturePacks/TP_VehicleAdv.upack' (chunk index -1, root 'root:/') mounted
[2025.10.12-17.37.06:884][  0]LogShaderLibrary: Display: ShaderCodeLibraryPakFileMountedCallback: pending pak file info (ChunkID:-1 Root:root:/ File:E:/Epic/UE_4.27/FeaturePacks/TP_VehicleAdv.upack)
[2025.10.12-17.37.06:884][  0]LogPakFile: OnPakFileMounted2Time == 0.000022
[2025.10.12-17.37.06:885][  0]LogPakFile: PakFile PrimaryIndexSize=188
[2025.10.12-17.37.06:885][  0]LogPakFile: PakFile PathHashIndexSize=101
[2025.10.12-17.37.06:885][  0]LogPakFile: PakFile FullDirectoryIndexSize=150
[2025.10.12-17.37.06:885][  0]LogShaderLibrary: Display: ShaderCodeLibraryPakFileMountedCallback: PakFile 'E:/Epic/UE_4.27/FeaturePacks/TP_VehicleAdvBP.upack' (chunk index -1, root 'root:/') mounted
[2025.10.12-17.37.06:885][  0]LogShaderLibrary: Display: ShaderCodeLibraryPakFileMountedCallback: pending pak file info (ChunkID:-1 Root:root:/ File:E:/Epic/UE_4.27/FeaturePacks/TP_VehicleAdvBP.upack)
[2025.10.12-17.37.06:885][  0]LogPakFile: OnPakFileMounted2Time == 0.000024
[2025.10.12-17.37.06:885][  0]LogPakFile: PakFile PrimaryIndexSize=185
[2025.10.12-17.37.06:885][  0]LogPakFile: PakFile PathHashIndexSize=101
[2025.10.12-17.37.06:885][  0]LogPakFile: PakFile FullDirectoryIndexSize=144
[2025.10.12-17.37.06:885][  0]LogShaderLibrary: Display: ShaderCodeLibraryPakFileMountedCallback: PakFile 'E:/Epic/UE_4.27/FeaturePacks/TP_VehicleBP.upack' (chunk index -1, root 'root:/') mounted
[2025.10.12-17.37.06:885][  0]LogShaderLibrary: Display: ShaderCodeLibraryPakFileMountedCallback: pending pak file info (ChunkID:-1 Root:root:/ File:E:/Epic/UE_4.27/FeaturePacks/TP_VehicleBP.upack)
[2025.10.12-17.37.06:885][  0]LogPakFile: OnPakFileMounted2Time == 0.000022
[2025.10.12-17.37.06:886][  0]LogPakFile: PakFile PrimaryIndexSize=192
[2025.10.12-17.37.06:886][  0]LogPakFile: PakFile PathHashIndexSize=101
[2025.10.12-17.37.06:886][  0]LogPakFile: PakFile FullDirectoryIndexSize=158
[2025.10.12-17.37.06:886][  0]LogShaderLibrary: Display: ShaderCodeLibraryPakFileMountedCallback: PakFile 'E:/Epic/UE_4.27/FeaturePacks/TP_VirtualRealityBP.upack' (chunk index -1, root 'root:/') mounted
[2025.10.12-17.37.06:886][  0]LogShaderLibrary: Display: ShaderCodeLibraryPakFileMountedCallback: pending pak file info (ChunkID:-1 Root:root:/ File:E:/Epic/UE_4.27/FeaturePacks/TP_VirtualRealityBP.upack)
[2025.10.12-17.37.06:886][  0]LogPakFile: OnPakFileMounted2Time == 0.000022
[2025.10.12-17.37.06:918][  0]LogNativeClassHierarchy: Verbose: Native class hierarchy updated for 'AddContentDialog' in 0.0002 seconds. Added 0 classes and 0 folders.
[2025.10.12-17.37.06:919][  0]LogNativeClassHierarchy: Verbose: Native class hierarchy updated for 'SceneOutliner' in 0.0002 seconds. Added 2 classes and 0 folders.
[2025.10.12-17.37.06:962][  0]LogSlate: Took 0.000112 seconds to synchronously load lazily loaded font '../../../Engine/Content/Slate/Fonts/Roboto-Regular.ttf' (155K)
[2025.10.12-17.37.06:963][  0]LogSlate: Took 0.000103 seconds to synchronously load lazily loaded font '../../../Engine/Content/Editor/Slate/Fonts/FontAwesome.ttf' (139K)
[2025.10.12-17.37.06:964][  0]LogSlate: Took 0.000080 seconds to synchronously load lazily loaded font '../../../Engine/Content/Slate/Fonts/Roboto-Bold.ttf' (160K)
[2025.10.12-17.37.07:025][  0]LogRenderer: Reallocating scene render targets to support 1164x652 Format 10 NumSamples 1 (Frame:1).
[2025.10.12-17.37.07:145][  0]LogNativeClassHierarchy: Verbose: Native class hierarchy updated for 'HierarchicalLODOutliner' in 0.0003 seconds. Added 0 classes and 0 folders.
[2025.10.12-17.37.07:145][  0]LogLoad: (Engine Initialization) Total time: 5.57 seconds
[2025.10.12-17.37.07:145][  0]LogLoad: (Engine Initialization) Total Blueprint compile time: 0.00 seconds
[2025.10.12-17.37.07:158][  0]LogLinker: Warning: Failed to load '/Engine/BasicShapes/Cube': Can't find file.
[2025.10.12-17.37.07:158][  0]LogLinker: Warning: Failed to load '/Engine/BasicShapes/Cube': Can't find file.
[2025.10.12-17.37.07:158][  0]LogUObjectGlobals: Warning: Failed to find object 'StaticMesh /Engine/BasicShapes/Cube.Cube'
[2025.10.12-17.37.07:185][  0]LogAssetRegistry: Asset discovery search completed in 3.2766 seconds
[2025.10.12-17.37.07:189][  0]LogCollectionManager: Fixed up redirectors for 0 collections in 0.000003 seconds (updated 0 objects)
[2025.10.12-17.37.07:190][  0]LogContentStreaming: Texture pool size now 1000 MB
[2025.10.12-17.37.07:251][  0]LogSlate: Took 0.000107 seconds to synchronously load lazily loaded font '../../../Engine/Content/Slate/Fonts/DroidSansMono.ttf' (77K)
[2025.10.12-17.37.08:159][ 94]LogSlate: Took 0.000155 seconds to synchronously load lazily loaded font '../../../Engine/Content/Slate/Fonts/Roboto-Light.ttf' (167K)
[2025.10.12-17.37.08:936][161]LogSlate: Window 'Message Log' being destroyed
[2025.10.12-17.37.08:940][161]LogSlate: Window 'Message Log' being destroyed
[2025.10.12-17.37.10:253][317]LogAssetEditorSubsystem: Opening Asset editor for Blueprint /Game/Characters/Clare/Blueprints/BP_ClareCharacter.BP_ClareCharacter
[2025.10.12-17.37.10:355][317]LogNativeClassHierarchy: Verbose: Native class hierarchy updated for 'BlueprintGraph' in 0.0004 seconds. Added 126 classes and 0 folders.
[2025.10.12-17.37.10:954][317]LogSlate: Took 0.000139 seconds to synchronously load lazily loaded font '../../../Engine/Content/Slate/Fonts/Roboto-BoldCondensed.ttf' (158K)
[2025.10.12-17.37.12:597][506]LogSlate: Took 0.000139 seconds to synchronously load lazily loaded font '../../../Engine/Content/Slate/Fonts/Roboto-Italic.ttf' (157K)
[2025.10.12-17.37.48:129][469]LogUObjectHash: Compacting FUObjectHashTables data took   2.01ms
[2025.10.12-17.37.48:146][469]LogAssetEditorSubsystem: Opening Asset editor for World /Game/Maps/ComidaVivaIA.ComidaVivaIA
[2025.10.12-17.37.48:147][469]Cmd: MAP LOAD FILE="C:/Users/PC/Documents/GitHub/TasteOfMadness/TasteOfMadness/Content/Maps/ComidaVivaIA.umap" TEMPLATE=0 SHOWPROGRESS=1 FEATURELEVEL=3
[2025.10.12-17.37.48:147][469]LightingResults: New page: Lighting Build
[2025.10.12-17.37.48:147][469]LoadErrors: New page: Loading map: ComidaVivaIA.umap
[2025.10.12-17.37.48:182][469]LogWorld: UWorld::CleanupWorld for MainPersistent, bSessionEnded=true, bCleanupResources=true
[2025.10.12-17.37.48:182][469]LogSlate: InvalidateAllWidgets triggered.  All widgets were invalidated
[2025.10.12-17.37.48:182][469]LogWorld: UWorld::CleanupWorld for FrancisIA, bSessionEnded=true, bCleanupResources=true
[2025.10.12-17.37.48:182][469]LogSlate: InvalidateAllWidgets triggered.  All widgets were invalidated
[2025.10.12-17.37.48:182][469]LogWorld: UWorld::CleanupWorld for ComidaVivaIA, bSessionEnded=true, bCleanupResources=true
[2025.10.12-17.37.48:182][469]LogSlate: InvalidateAllWidgets triggered.  All widgets were invalidated
[2025.10.12-17.37.48:182][469]LogWorld: UWorld::CleanupWorld for PropsSamuel, bSessionEnded=true, bCleanupResources=true
[2025.10.12-17.37.48:182][469]LogSlate: InvalidateAllWidgets triggered.  All widgets were invalidated
[2025.10.12-17.37.48:182][469]LogWorld: UWorld::CleanupWorld for PropsMichelle, bSessionEnded=true, bCleanupResources=true
[2025.10.12-17.37.48:182][469]LogSlate: InvalidateAllWidgets triggered.  All widgets were invalidated
[2025.10.12-17.37.48:182][469]LogWorld: UWorld::CleanupWorld for PropsDaniela, bSessionEnded=true, bCleanupResources=true
[2025.10.12-17.37.48:182][469]LogSlate: InvalidateAllWidgets triggered.  All widgets were invalidated
[2025.10.12-17.37.48:182][469]LogWorld: UWorld::CleanupWorld for PropsChris, bSessionEnded=true, bCleanupResources=true
[2025.10.12-17.37.48:182][469]LogSlate: InvalidateAllWidgets triggered.  All widgets were invalidated
[2025.10.12-17.37.48:182][469]LogWorld: UWorld::CleanupWorld for PropsOliver, bSessionEnded=true, bCleanupResources=true
[2025.10.12-17.37.48:182][469]LogSlate: InvalidateAllWidgets triggered.  All widgets were invalidated
[2025.10.12-17.37.48:182][469]MapCheck: New page: Map Check
[2025.10.12-17.37.48:182][469]LightingResults: New page: Lighting Build
[2025.10.12-17.37.48:195][469]LogAudio: Display: Audio Device unregistered from world 'None'.
[2025.10.12-17.37.48:199][469]LogUObjectHash: Compacting FUObjectHashTables data took   1.57ms
[2025.10.12-17.37.48:199][469]LogAudio: Display: Audio Device (ID: 1) registered with world 'ComidaVivaIA'.
[2025.10.12-17.37.48:200][469]LogAIModule: Creating AISystem for world ComidaVivaIA
[2025.10.12-17.37.48:220][469]LogEditorServer: Finished looking for orphan Actors (0.000 secs)
[2025.10.12-17.37.48:236][469]LogUObjectHash: Compacting FUObjectHashTables data took   1.49ms
[2025.10.12-17.37.48:251][469]Cmd: MAP CHECKDEP NOCLEARLOG
[2025.10.12-17.37.48:251][469]MapCheck: Map check complete: 0 Error(s), 0 Warning(s), took 0.104ms to complete.
[2025.10.12-17.37.48:251][469]LogFileHelpers: Loading map 'ComidaVivaIA' took 0.105
[2025.10.12-17.37.48:288][469]LogUObjectHash: Compacting FUObjectHashTables data took   0.50ms
[2025.10.12-17.37.58:439][353]LogScript: Warning: Accessed None trying to read property CallFunc_TryGetPawnOwner_ReturnValue
	ABP_Swarm_C /Engine/Transient.World_4:PersistentLevel.SkeletalMeshActor_0.SkeletalMeshComponent0.ABP_Swarm_C_0
	Function /Game/Characters/Content_Enemies/BP_Rata/ABP_Swarm.ABP_Swarm_C:ExecuteUbergraph_ABP_Swarm:00D8
[2025.10.12-17.39.00:283][835]LogAssetEditorSubsystem: Opening Asset editor for Blueprint /Game/Characters/Content_Enemies/BP_Rata/BP_TrailDamage.BP_TrailDamage
[2025.10.12-17.39.41:733][885]BlueprintLog: New page: Compile BP_TrailDamage
[2025.10.12-17.39.41:762][885]LogUObjectHash: Compacting FUObjectHashTables data took   1.83ms
[2025.10.12-17.40.10:104][631]LogTemp: Repeating last play command: Selected Viewport
[2025.10.12-17.40.10:111][631]LogPlayLevel: PlayLevel: No blueprints needed recompiling
[2025.10.12-17.40.10:111][631]PIE: New page: PIE session: ComidaVivaIA (Oct 12, 2025, 6:40:10 AM)
[2025.10.12-17.40.10:112][631]LogOnline: OSS: Creating online subsystem instance for: NULL
[2025.10.12-17.40.10:113][631]LogOnline: OSS: TryLoadSubsystemAndSetDefault: Loaded subsystem for module [NULL]
[2025.10.12-17.40.10:113][631]LogPlayLevel: Creating play world package: /Game/Maps/UEDPIE_0_ComidaVivaIA
[2025.10.12-17.40.10:116][631]LogPlayLevel: PIE: StaticDuplicateObject took: (0.003035s)
[2025.10.12-17.40.10:117][631]LogAIModule: Creating AISystem for world ComidaVivaIA
[2025.10.12-17.40.10:117][631]LogPlayLevel: PIE: World Init took: (0.001062s)
[2025.10.12-17.40.10:117][631]LogPlayLevel: PIE: Created PIE world by copying editor world from /Game/Maps/ComidaVivaIA.ComidaVivaIA to /Game/Maps/UEDPIE_0_ComidaVivaIA.ComidaVivaIA (0.004204s)
[2025.10.12-17.40.10:136][631]LogUObjectHash: Compacting FUObjectHashTables data took   1.99ms
[2025.10.12-17.40.10:136][631]LogAudio: Display: Creating Audio Device:                 Id: 2, Scope: Unique, Realtime: True
[2025.10.12-17.40.10:136][631]LogAudioMixer: Display: Audio Mixer Platform Settings:
[2025.10.12-17.40.10:136][631]LogAudioMixer: Display: 	Sample Rate:						  48000
[2025.10.12-17.40.10:136][631]LogAudioMixer: Display: 	Callback Buffer Frame Size Requested: 1024
[2025.10.12-17.40.10:136][631]LogAudioMixer: Display: 	Callback Buffer Frame Size To Use:	  1024
[2025.10.12-17.40.10:136][631]LogAudioMixer: Display: 	Number of buffers to queue:			  2
[2025.10.12-17.40.10:136][631]LogAudioMixer: Display: 	Max Channels (voices):				  32
[2025.10.12-17.40.10:136][631]LogAudioMixer: Display: 	Number of Async Source Workers:		  0
[2025.10.12-17.40.10:136][631]LogAudio: Display: AudioDevice MaxSources: 32
[2025.10.12-17.40.10:137][631]LogAudio: Display: Audio Spatialization Plugin: None (built-in).
[2025.10.12-17.40.10:137][631]LogAudio: Display: Audio Reverb Plugin: None (built-in).
[2025.10.12-17.40.10:137][631]LogAudio: Display: Audio Occlusion Plugin: None (built-in).
[2025.10.12-17.40.10:137][631]LogAudioMixer: Display: Initializing audio mixer.
[2025.10.12-17.40.10:140][631]LogAudioMixer: Display: 0: FrontLeft
[2025.10.12-17.40.10:140][631]LogAudioMixer: Display: 1: FrontRight
[2025.10.12-17.40.10:146][631]LogAudioMixer: Display: Using Audio Device LC24RG50 (NVIDIA High Definition Audio)
[2025.10.12-17.40.10:147][631]LogAudioMixer: Display: Initializing Sound Submixes...
[2025.10.12-17.40.10:147][631]LogAudioMixer: Display: Creating Master Submix 'MasterSubmixDefault'
[2025.10.12-17.40.10:147][631]LogAudioMixer: Display: Creating Master Submix 'MasterReverbSubmixDefault'
[2025.10.12-17.40.10:147][631]LogAudioMixer: Display: Creating Master Submix 'MasterEQSubmixDefault'
[2025.10.12-17.40.10:147][631]LogAudioMixer: FMixerPlatformXAudio2::StartAudioStream() called
[2025.10.12-17.40.10:147][631]LogAudioMixer: Display: Output buffers initialized: Frames=1024, Channels=2, Samples=2048
[2025.10.12-17.40.10:148][631]LogAudioMixer: Display: Starting AudioMixerPlatformInterface::RunInternal()
[2025.10.12-17.40.10:148][631]LogAudioMixer: Display: FMixerPlatformXAudio2::SubmitBuffer() called for the first time
[2025.10.12-17.40.10:148][631]LogInit: FAudioDevice initialized.
[2025.10.12-17.40.10:148][631]LogAudio: Display: Audio Device (ID: 2) registered with world 'ComidaVivaIA'.
[2025.10.12-17.40.10:152][631]LogLoad: Game class is 'BP_GameMode_C'
[2025.10.12-17.40.10:154][631]LogWorld: Bringing World /Game/Maps/UEDPIE_0_ComidaVivaIA.ComidaVivaIA up for play (max tick rate 0) at 2025.10.12-11.40.10
[2025.10.12-17.40.10:154][631]LogWorld: Bringing up level for play took: 0.001233
[2025.10.12-17.40.10:155][631]LogOnline: OSS: Creating online subsystem instance for: :Context_7
[2025.10.12-17.40.10:157][631]LogNativeClassHierarchy: Verbose: Native class hierarchy updated for 'MovieSceneCapture' in 0.0003 seconds. Added 20 classes and 0 folders.
[2025.10.12-17.40.10:158][631]LogBlueprintUserMessages: [BP_ClareCharacter_C_0] BP_Sarten
[2025.10.12-17.40.10:160][631]LogBlueprintUserMessages: [BP_ClareCharacter_C_0] BP_Olla
[2025.10.12-17.40.10:161][631]LogBlueprintUserMessages: [BP_ClareCharacter_C_0] BP_LlaveInglesa
[2025.10.12-17.40.10:163][631]LogBlueprintUserMessages: [BP_ClareCharacter_C_0] BP_Escoba
[2025.10.12-17.40.10:165][631]LogBlueprintUserMessages: [BP_ClareCharacter_C_0] BP_Trapeador
[2025.10.12-17.40.10:166][631]LogBlueprintUserMessages: [BP_ClareCharacter_C_0] BP_Extintor
[2025.10.12-17.40.10:168][631]LogBlueprintUserMessages: [BP_ClareCharacter_C_0] BP_Cuchillo
[2025.10.12-17.40.10:169][631]PIE: Server logged in
[2025.10.12-17.40.10:171][631]PIE: Play in editor total start time 0.062 seconds.
[2025.10.12-17.40.10:585][653]LogBlueprintUserMessages: [BP_SwarmEnemy_2] "Përsiguiendo"
[2025.10.12-17.40.11:084][713]LogBlueprintUserMessages: [BP_SwarmEnemy_2] "Përsiguiendo"
[2025.10.12-17.40.11:761][792]LogBlueprintUserMessages: [BP_ClareCharacter_C_0] Vida30.0
[2025.10.12-17.40.15:099][193]LogBlueprintUserMessages: [BP_TrailDamage_2] Destruido
[2025.10.12-17.40.19:683][740]LogSlate: Updating window title bar state: overlay mode, drag disabled, window buttons hidden, title bar hidden
[2025.10.12-17.40.19:683][740]LogWorld: BeginTearingDown for /Game/Maps/UEDPIE_0_ComidaVivaIA
[2025.10.12-17.40.19:683][740]LogWorld: UWorld::CleanupWorld for ComidaVivaIA, bSessionEnded=true, bCleanupResources=true
[2025.10.12-17.40.19:684][740]LogSlate: InvalidateAllWidgets triggered.  All widgets were invalidated
[2025.10.12-17.40.19:690][740]LogPlayLevel: Display: Shutting down PIE online subsystems
[2025.10.12-17.40.19:694][740]LogSlate: InvalidateAllWidgets triggered.  All widgets were invalidated
[2025.10.12-17.40.19:713][740]LogAudio: Display: Audio Device unregistered from world 'None'.
[2025.10.12-17.40.19:716][740]LogAudioMixer: FMixerPlatformXAudio2::StopAudioStream() called
[2025.10.12-17.40.19:717][740]LogAudioMixer: FMixerPlatformXAudio2::StopAudioStream() called
[2025.10.12-17.40.19:719][740]LogSlate: Updating window title bar state: overlay mode, drag disabled, window buttons hidden, title bar hidden
[2025.10.12-17.40.19:743][740]LogUObjectHash: Compacting FUObjectHashTables data took   3.04ms
[2025.10.12-17.40.19:762][741]LogPlayLevel: Display: Destroying online subsystem :Context_7
[2025.10.12-17.40.20:602][837]LogTemp: Repeating last play command: Selected Viewport
[2025.10.12-17.40.20:607][837]LogPlayLevel: PlayLevel: No blueprints needed recompiling
[2025.10.12-17.40.20:607][837]PIE: New page: PIE session: ComidaVivaIA (Oct 12, 2025, 6:40:20 AM)
[2025.10.12-17.40.20:642][837]LogPlayLevel: Creating play world package: /Game/Maps/UEDPIE_0_ComidaVivaIA
[2025.10.12-17.40.20:645][837]LogPlayLevel: PIE: StaticDuplicateObject took: (0.002496s)
[2025.10.12-17.40.20:645][837]LogAIModule: Creating AISystem for world ComidaVivaIA
[2025.10.12-17.40.20:646][837]LogPlayLevel: PIE: World Init took: (0.000835s)
[2025.10.12-17.40.20:646][837]LogPlayLevel: PIE: Created PIE world by copying editor world from /Game/Maps/ComidaVivaIA.ComidaVivaIA to /Game/Maps/UEDPIE_0_ComidaVivaIA.ComidaVivaIA (0.003452s)
[2025.10.12-17.40.20:671][837]LogUObjectHash: Compacting FUObjectHashTables data took   2.30ms
[2025.10.12-17.40.20:671][837]LogAudio: Display: Creating Audio Device:                 Id: 3, Scope: Unique, Realtime: True
[2025.10.12-17.40.20:671][837]LogAudioMixer: Display: Audio Mixer Platform Settings:
[2025.10.12-17.40.20:671][837]LogAudioMixer: Display: 	Sample Rate:						  48000
[2025.10.12-17.40.20:671][837]LogAudioMixer: Display: 	Callback Buffer Frame Size Requested: 1024
[2025.10.12-17.40.20:671][837]LogAudioMixer: Display: 	Callback Buffer Frame Size To Use:	  1024
[2025.10.12-17.40.20:671][837]LogAudioMixer: Display: 	Number of buffers to queue:			  2
[2025.10.12-17.40.20:671][837]LogAudioMixer: Display: 	Max Channels (voices):				  32
[2025.10.12-17.40.20:671][837]LogAudioMixer: Display: 	Number of Async Source Workers:		  0
[2025.10.12-17.40.20:671][837]LogAudio: Display: AudioDevice MaxSources: 32
[2025.10.12-17.40.20:671][837]LogAudio: Display: Audio Spatialization Plugin: None (built-in).
[2025.10.12-17.40.20:671][837]LogAudio: Display: Audio Reverb Plugin: None (built-in).
[2025.10.12-17.40.20:671][837]LogAudio: Display: Audio Occlusion Plugin: None (built-in).
[2025.10.12-17.40.20:671][837]LogAudioMixer: Display: Initializing audio mixer.
[2025.10.12-17.40.20:674][837]LogAudioMixer: Display: 0: FrontLeft
[2025.10.12-17.40.20:674][837]LogAudioMixer: Display: 1: FrontRight
[2025.10.12-17.40.20:680][837]LogAudioMixer: Display: Using Audio Device LC24RG50 (NVIDIA High Definition Audio)
[2025.10.12-17.40.20:680][837]LogAudioMixer: Display: Initializing Sound Submixes...
[2025.10.12-17.40.20:680][837]LogAudioMixer: Display: Creating Master Submix 'MasterSubmixDefault'
[2025.10.12-17.40.20:680][837]LogAudioMixer: Display: Creating Master Submix 'MasterReverbSubmixDefault'
[2025.10.12-17.40.20:681][837]LogAudioMixer: Display: Creating Master Submix 'MasterEQSubmixDefault'
[2025.10.12-17.40.20:681][837]LogAudioMixer: FMixerPlatformXAudio2::StartAudioStream() called
[2025.10.12-17.40.20:681][837]LogAudioMixer: Display: Output buffers initialized: Frames=1024, Channels=2, Samples=2048
[2025.10.12-17.40.20:682][837]LogAudioMixer: Display: Starting AudioMixerPlatformInterface::RunInternal()
[2025.10.12-17.40.20:682][837]LogAudioMixer: Display: FMixerPlatformXAudio2::SubmitBuffer() called for the first time
[2025.10.12-17.40.20:682][837]LogInit: FAudioDevice initialized.
[2025.10.12-17.40.20:682][837]LogAudio: Display: Audio Device (ID: 3) registered with world 'ComidaVivaIA'.
[2025.10.12-17.40.20:689][837]LogLoad: Game class is 'BP_GameMode_C'
[2025.10.12-17.40.20:691][837]LogWorld: Bringing World /Game/Maps/UEDPIE_0_ComidaVivaIA.ComidaVivaIA up for play (max tick rate 0) at 2025.10.12-11.40.20
[2025.10.12-17.40.20:691][837]LogWorld: Bringing up level for play took: 0.001021
[2025.10.12-17.40.20:691][837]LogOnline: OSS: Creating online subsystem instance for: :Context_8
[2025.10.12-17.40.20:693][837]LogBlueprintUserMessages: [BP_ClareCharacter_C_0] BP_Sarten
[2025.10.12-17.40.20:695][837]LogBlueprintUserMessages: [BP_ClareCharacter_C_0] BP_Olla
[2025.10.12-17.40.20:696][837]LogBlueprintUserMessages: [BP_ClareCharacter_C_0] BP_LlaveInglesa
[2025.10.12-17.40.20:698][837]LogBlueprintUserMessages: [BP_ClareCharacter_C_0] BP_Escoba
[2025.10.12-17.40.20:699][837]LogBlueprintUserMessages: [BP_ClareCharacter_C_0] BP_Trapeador
[2025.10.12-17.40.20:701][837]LogBlueprintUserMessages: [BP_ClareCharacter_C_0] BP_Extintor
[2025.10.12-17.40.20:702][837]LogBlueprintUserMessages: [BP_ClareCharacter_C_0] BP_Cuchillo
[2025.10.12-17.40.20:704][837]PIE: Server logged in
[2025.10.12-17.40.20:705][837]PIE: Play in editor total start time 0.099 seconds.
[2025.10.12-17.40.20:737][840]LogBlueprintUserMessages: [BP_SwarmEnemy_2] "Përsiguiendo"
[2025.10.12-17.40.21:236][900]LogBlueprintUserMessages: [BP_SwarmEnemy_2] "Përsiguiendo"
[2025.10.12-17.40.25:594][423]LogBlueprintUserMessages: [BP_TrailDamage_2] Destruido
[2025.10.12-17.40.26:973][585]LogSlate: Updating window title bar state: overlay mode, drag disabled, window buttons hidden, title bar hidden
[2025.10.12-17.40.26:973][585]LogWorld: BeginTearingDown for /Game/Maps/UEDPIE_0_ComidaVivaIA
[2025.10.12-17.40.26:974][585]LogWorld: UWorld::CleanupWorld for ComidaVivaIA, bSessionEnded=true, bCleanupResources=true
[2025.10.12-17.40.26:974][585]LogSlate: InvalidateAllWidgets triggered.  All widgets were invalidated
[2025.10.12-17.40.26:982][585]LogPlayLevel: Display: Shutting down PIE online subsystems
[2025.10.12-17.40.26:986][585]LogSlate: InvalidateAllWidgets triggered.  All widgets were invalidated
[2025.10.12-17.40.27:006][585]LogSlate: Updating window title bar state: overlay mode, drag disabled, window buttons hidden, title bar hidden
[2025.10.12-17.40.27:006][585]LogAudioMixer: FMixerPlatformXAudio2::StopAudioStream() called
[2025.10.12-17.40.27:007][585]LogAudioMixer: FMixerPlatformXAudio2::StopAudioStream() called
[2025.10.12-17.40.27:014][585]LogUObjectHash: Compacting FUObjectHashTables data took   2.20ms
[2025.10.12-17.40.27:056][587]LogPlayLevel: Display: Destroying online subsystem :Context_8
[2025.10.12-17.40.28:214][724]LogTemp: Repeating last play command: Selected Viewport
[2025.10.12-17.40.28:220][724]LogPlayLevel: PlayLevel: No blueprints needed recompiling
[2025.10.12-17.40.28:220][724]PIE: New page: PIE session: ComidaVivaIA (Oct 12, 2025, 6:40:28 AM)
[2025.10.12-17.40.28:262][724]LogPlayLevel: Creating play world package: /Game/Maps/UEDPIE_0_ComidaVivaIA
[2025.10.12-17.40.28:265][724]LogPlayLevel: PIE: StaticDuplicateObject took: (0.002392s)
[2025.10.12-17.40.28:266][724]LogAIModule: Creating AISystem for world ComidaVivaIA
[2025.10.12-17.40.28:266][724]LogPlayLevel: PIE: World Init took: (0.000849s)
[2025.10.12-17.40.28:266][724]LogPlayLevel: PIE: Created PIE world by copying editor world from /Game/Maps/ComidaVivaIA.ComidaVivaIA to /Game/Maps/UEDPIE_0_ComidaVivaIA.ComidaVivaIA (0.003359s)
[2025.10.12-17.40.28:287][724]LogUObjectHash: Compacting FUObjectHashTables data took   2.31ms
[2025.10.12-17.40.28:288][724]LogAudio: Display: Creating Audio Device:                 Id: 4, Scope: Unique, Realtime: True
[2025.10.12-17.40.28:288][724]LogAudioMixer: Display: Audio Mixer Platform Settings:
[2025.10.12-17.40.28:288][724]LogAudioMixer: Display: 	Sample Rate:						  48000
[2025.10.12-17.40.28:288][724]LogAudioMixer: Display: 	Callback Buffer Frame Size Requested: 1024
[2025.10.12-17.40.28:288][724]LogAudioMixer: Display: 	Callback Buffer Frame Size To Use:	  1024
[2025.10.12-17.40.28:288][724]LogAudioMixer: Display: 	Number of buffers to queue:			  2
[2025.10.12-17.40.28:288][724]LogAudioMixer: Display: 	Max Channels (voices):				  32
[2025.10.12-17.40.28:288][724]LogAudioMixer: Display: 	Number of Async Source Workers:		  0
[2025.10.12-17.40.28:288][724]LogAudio: Display: AudioDevice MaxSources: 32
[2025.10.12-17.40.28:288][724]LogAudio: Display: Audio Spatialization Plugin: None (built-in).
[2025.10.12-17.40.28:288][724]LogAudio: Display: Audio Reverb Plugin: None (built-in).
[2025.10.12-17.40.28:288][724]LogAudio: Display: Audio Occlusion Plugin: None (built-in).
[2025.10.12-17.40.28:288][724]LogAudioMixer: Display: Initializing audio mixer.
[2025.10.12-17.40.28:291][724]LogAudioMixer: Display: 0: FrontLeft
[2025.10.12-17.40.28:291][724]LogAudioMixer: Display: 1: FrontRight
[2025.10.12-17.40.28:297][724]LogAudioMixer: Display: Using Audio Device LC24RG50 (NVIDIA High Definition Audio)
[2025.10.12-17.40.28:297][724]LogAudioMixer: Display: Initializing Sound Submixes...
[2025.10.12-17.40.28:297][724]LogAudioMixer: Display: Creating Master Submix 'MasterSubmixDefault'
[2025.10.12-17.40.28:297][724]LogAudioMixer: Display: Creating Master Submix 'MasterReverbSubmixDefault'
[2025.10.12-17.40.28:298][724]LogAudioMixer: Display: Creating Master Submix 'MasterEQSubmixDefault'
[2025.10.12-17.40.28:298][724]LogAudioMixer: FMixerPlatformXAudio2::StartAudioStream() called
[2025.10.12-17.40.28:298][724]LogAudioMixer: Display: Output buffers initialized: Frames=1024, Channels=2, Samples=2048
[2025.10.12-17.40.28:299][724]LogAudioMixer: Display: Starting AudioMixerPlatformInterface::RunInternal()
[2025.10.12-17.40.28:299][724]LogAudioMixer: Display: FMixerPlatformXAudio2::SubmitBuffer() called for the first time
[2025.10.12-17.40.28:299][724]LogInit: FAudioDevice initialized.
[2025.10.12-17.40.28:299][724]LogAudio: Display: Audio Device (ID: 4) registered with world 'ComidaVivaIA'.
[2025.10.12-17.40.28:303][724]LogLoad: Game class is 'BP_GameMode_C'
[2025.10.12-17.40.28:305][724]LogWorld: Bringing World /Game/Maps/UEDPIE_0_ComidaVivaIA.ComidaVivaIA up for play (max tick rate 0) at 2025.10.12-11.40.28
[2025.10.12-17.40.28:305][724]LogWorld: Bringing up level for play took: 0.001047
[2025.10.12-17.40.28:305][724]LogOnline: OSS: Creating online subsystem instance for: :Context_9
[2025.10.12-17.40.28:307][724]LogBlueprintUserMessages: [BP_ClareCharacter_C_0] BP_Sarten
[2025.10.12-17.40.28:309][724]LogBlueprintUserMessages: [BP_ClareCharacter_C_0] BP_Olla
[2025.10.12-17.40.28:311][724]LogBlueprintUserMessages: [BP_ClareCharacter_C_0] BP_LlaveInglesa
[2025.10.12-17.40.28:312][724]LogBlueprintUserMessages: [BP_ClareCharacter_C_0] BP_Escoba
[2025.10.12-17.40.28:314][724]LogBlueprintUserMessages: [BP_ClareCharacter_C_0] BP_Trapeador
[2025.10.12-17.40.28:315][724]LogBlueprintUserMessages: [BP_ClareCharacter_C_0] BP_Extintor
[2025.10.12-17.40.28:317][724]LogBlueprintUserMessages: [BP_ClareCharacter_C_0] BP_Cuchillo
[2025.10.12-17.40.28:318][724]PIE: Server logged in
[2025.10.12-17.40.28:319][724]PIE: Play in editor total start time 0.1 seconds.
[2025.10.12-17.40.28:675][766]LogBlueprintUserMessages: [BP_SwarmEnemy_2] "Përsiguiendo"
[2025.10.12-17.40.29:174][826]LogBlueprintUserMessages: [BP_SwarmEnemy_2] "Përsiguiendo"
[2025.10.12-17.40.29:674][886]LogBlueprintUserMessages: [BP_SwarmEnemy_2] "Përsiguiendo"
[2025.10.12-17.40.30:107][938]LogBlueprintUserMessages: [BP_ClareCharacter_C_0] Vida30.0
[2025.10.12-17.40.30:174][946]LogBlueprintUserMessages: [BP_SwarmEnemy_2] "Përsiguiendo"
[2025.10.12-17.40.30:675][  6]LogBlueprintUserMessages: [BP_SwarmEnemy_2] "Përsiguiendo"
[2025.10.12-17.40.31:175][ 66]LogBlueprintUserMessages: [BP_SwarmEnemy_2] "Përsiguiendo"
[2025.10.12-17.40.31:674][126]LogBlueprintUserMessages: [BP_SwarmEnemy_2] "Përsiguiendo"
[2025.10.12-17.40.32:174][186]LogBlueprintUserMessages: [BP_SwarmEnemy_2] "Përsiguiendo"
[2025.10.12-17.40.32:675][246]LogBlueprintUserMessages: [BP_SwarmEnemy_2] "Përsiguiendo"
[2025.10.12-17.40.33:208][310]LogBlueprintUserMessages: [BP_TrailDamage_2] Destruido
[2025.10.12-17.40.37:193][785]LogSlate: Updating window title bar state: overlay mode, drag disabled, window buttons hidden, title bar hidden
[2025.10.12-17.40.37:193][785]LogWorld: BeginTearingDown for /Game/Maps/UEDPIE_0_ComidaVivaIA
[2025.10.12-17.40.37:193][785]LogWorld: UWorld::CleanupWorld for ComidaVivaIA, bSessionEnded=true, bCleanupResources=true
[2025.10.12-17.40.37:193][785]LogSlate: InvalidateAllWidgets triggered.  All widgets were invalidated
[2025.10.12-17.40.37:199][785]LogPlayLevel: Display: Shutting down PIE online subsystems
[2025.10.12-17.40.37:204][785]LogSlate: InvalidateAllWidgets triggered.  All widgets were invalidated
[2025.10.12-17.40.37:223][785]LogSlate: Updating window title bar state: overlay mode, drag disabled, window buttons hidden, title bar hidden
[2025.10.12-17.40.37:224][785]LogAudioMixer: FMixerPlatformXAudio2::StopAudioStream() called
[2025.10.12-17.40.37:224][785]LogAudioMixer: FMixerPlatformXAudio2::StopAudioStream() called
[2025.10.12-17.40.37:231][785]LogUObjectHash: Compacting FUObjectHashTables data took   2.21ms
[2025.10.12-17.40.37:274][787]LogPlayLevel: Display: Destroying online subsystem :Context_9
[2025.10.12-17.41.25:121][791]BlueprintLog: New page: Compile BP_TrailDamage
[2025.10.12-17.41.25:154][791]LogUObjectHash: Compacting FUObjectHashTables data took   2.29ms
[2025.10.12-17.41.31:055][472]BlueprintLog: New page: Compile BP_TrailDamage
[2025.10.12-17.41.31:089][472]LogUObjectHash: Compacting FUObjectHashTables data took   2.71ms
[2025.10.12-17.41.31:475][510]LogSavePackage: Moving 'C:/Users/PC/Documents/GitHub/TasteOfMadness/TasteOfMadness/Saved/BP_TrailDamageDED3BB1A4EA6817BABD4188A1AF12DB2.tmp' to 'C:/Users/PC/Documents/GitHub/TasteOfMadness/TasteOfMadness/Content/Characters/Content_Enemies/BP_Rata/BP_TrailDamage.uasset'
[2025.10.12-17.41.31:490][510]AssetCheck: New page: Asset Save: BP_TrailDamage
[2025.10.12-17.41.31:490][510]LogContentValidation: Display: Validating Blueprint /Game/Characters/Content_Enemies/BP_Rata/BP_TrailDamage.BP_TrailDamage
[2025.10.12-17.41.33:085][681]Cmd: OBJ SAVEPACKAGE PACKAGE="/Game/Maps/ComidaVivaIA" FILE="C:/Users/PC/Documents/GitHub/TasteOfMadness/TasteOfMadness/Content/Maps/ComidaVivaIA.umap" SILENT=true AUTOSAVING=false KEEPDIRTY=false
[2025.10.12-17.41.33:107][681]LogUObjectHash: Compacting FUObjectHashTables data took   2.73ms
[2025.10.12-17.41.33:115][681]LogSavePackage: Moving 'C:/Users/PC/Documents/GitHub/TasteOfMadness/TasteOfMadness/Saved/ComidaVivaIAAB55CB054A073E9A68DF9CA9A8AA68F9.tmp' to 'C:/Users/PC/Documents/GitHub/TasteOfMadness/TasteOfMadness/Content/Maps/ComidaVivaIA.umap'
[2025.10.12-17.41.33:142][681]AssetCheck: New page: Asset Save: ComidaVivaIA
[2025.10.12-17.41.33:142][681]LogContentValidation: Display: Validating World /Game/Maps/ComidaVivaIA.ComidaVivaIA
[2025.10.12-17.41.34:947][881]LogSavePackage: Moving 'C:/Users/PC/Documents/GitHub/TasteOfMadness/TasteOfMadness/Saved/BP_ClareCharacter52BFB86A492C764ED1727A981C343007.tmp' to 'C:/Users/PC/Documents/GitHub/TasteOfMadness/TasteOfMadness/Content/Characters/Clare/Blueprints/BP_ClareCharacter.uasset'
[2025.10.12-17.41.34:961][881]AssetCheck: New page: Asset Save: BP_ClareCharacter
[2025.10.12-17.41.34:961][881]LogContentValidation: Display: Validating Blueprint /Game/Characters/Clare/Blueprints/BP_ClareCharacter.BP_ClareCharacter
[2025.10.12-17.41.37:268][154]LogTemp: Repeating last play command: Selected Viewport
[2025.10.12-17.41.37:274][154]LogPlayLevel: PlayLevel: No blueprints needed recompiling
[2025.10.12-17.41.37:274][154]PIE: New page: PIE session: ComidaVivaIA (Oct 12, 2025, 6:41:37 AM)
[2025.10.12-17.41.37:310][154]LogPlayLevel: Creating play world package: /Game/Maps/UEDPIE_0_ComidaVivaIA
[2025.10.12-17.41.37:312][154]LogPlayLevel: PIE: StaticDuplicateObject took: (0.002449s)
[2025.10.12-17.41.37:313][154]LogAIModule: Creating AISystem for world ComidaVivaIA
[2025.10.12-17.41.37:313][154]LogPlayLevel: PIE: World Init took: (0.000906s)
[2025.10.12-17.41.37:313][154]LogPlayLevel: PIE: Created PIE world by copying editor world from /Game/Maps/ComidaVivaIA.ComidaVivaIA to /Game/Maps/UEDPIE_0_ComidaVivaIA.ComidaVivaIA (0.003481s)
[2025.10.12-17.41.37:335][154]LogUObjectHash: Compacting FUObjectHashTables data took   2.09ms
[2025.10.12-17.41.37:336][154]LogAudio: Display: Creating Audio Device:                 Id: 5, Scope: Unique, Realtime: True
[2025.10.12-17.41.37:336][154]LogAudioMixer: Display: Audio Mixer Platform Settings:
[2025.10.12-17.41.37:336][154]LogAudioMixer: Display: 	Sample Rate:						  48000
[2025.10.12-17.41.37:336][154]LogAudioMixer: Display: 	Callback Buffer Frame Size Requested: 1024
[2025.10.12-17.41.37:336][154]LogAudioMixer: Display: 	Callback Buffer Frame Size To Use:	  1024
[2025.10.12-17.41.37:336][154]LogAudioMixer: Display: 	Number of buffers to queue:			  2
[2025.10.12-17.41.37:336][154]LogAudioMixer: Display: 	Max Channels (voices):				  32
[2025.10.12-17.41.37:336][154]LogAudioMixer: Display: 	Number of Async Source Workers:		  0
[2025.10.12-17.41.37:336][154]LogAudio: Display: AudioDevice MaxSources: 32
[2025.10.12-17.41.37:336][154]LogAudio: Display: Audio Spatialization Plugin: None (built-in).
[2025.10.12-17.41.37:336][154]LogAudio: Display: Audio Reverb Plugin: None (built-in).
[2025.10.12-17.41.37:336][154]LogAudio: Display: Audio Occlusion Plugin: None (built-in).
[2025.10.12-17.41.37:336][154]LogAudioMixer: Display: Initializing audio mixer.
[2025.10.12-17.41.37:339][154]LogAudioMixer: Display: 0: FrontLeft
[2025.10.12-17.41.37:339][154]LogAudioMixer: Display: 1: FrontRight
[2025.10.12-17.41.37:345][154]LogAudioMixer: Display: Using Audio Device LC24RG50 (NVIDIA High Definition Audio)
[2025.10.12-17.41.37:345][154]LogAudioMixer: Display: Initializing Sound Submixes...
[2025.10.12-17.41.37:345][154]LogAudioMixer: Display: Creating Master Submix 'MasterSubmixDefault'
[2025.10.12-17.41.37:345][154]LogAudioMixer: Display: Creating Master Submix 'MasterReverbSubmixDefault'
[2025.10.12-17.41.37:346][154]LogAudioMixer: Display: Creating Master Submix 'MasterEQSubmixDefault'
[2025.10.12-17.41.37:346][154]LogAudioMixer: FMixerPlatformXAudio2::StartAudioStream() called
[2025.10.12-17.41.37:346][154]LogAudioMixer: Display: Output buffers initialized: Frames=1024, Channels=2, Samples=2048
[2025.10.12-17.41.37:347][154]LogAudioMixer: Display: Starting AudioMixerPlatformInterface::RunInternal()
[2025.10.12-17.41.37:347][154]LogAudioMixer: Display: FMixerPlatformXAudio2::SubmitBuffer() called for the first time
[2025.10.12-17.41.37:347][154]LogInit: FAudioDevice initialized.
[2025.10.12-17.41.37:347][154]LogAudio: Display: Audio Device (ID: 5) registered with world 'ComidaVivaIA'.
[2025.10.12-17.41.37:352][154]LogLoad: Game class is 'BP_GameMode_C'
[2025.10.12-17.41.37:353][154]LogWorld: Bringing World /Game/Maps/UEDPIE_0_ComidaVivaIA.ComidaVivaIA up for play (max tick rate 0) at 2025.10.12-11.41.37
[2025.10.12-17.41.37:353][154]LogWorld: Bringing up level for play took: 0.001095
[2025.10.12-17.41.37:353][154]LogOnline: OSS: Creating online subsystem instance for: :Context_11
[2025.10.12-17.41.37:356][154]LogBlueprintUserMessages: [BP_ClareCharacter_C_0] BP_Sarten
[2025.10.12-17.41.37:357][154]LogBlueprintUserMessages: [BP_ClareCharacter_C_0] BP_Olla
[2025.10.12-17.41.37:359][154]LogBlueprintUserMessages: [BP_ClareCharacter_C_0] BP_LlaveInglesa
[2025.10.12-17.41.37:360][154]LogBlueprintUserMessages: [BP_ClareCharacter_C_0] BP_Escoba
[2025.10.12-17.41.37:362][154]LogBlueprintUserMessages: [BP_ClareCharacter_C_0] BP_Trapeador
[2025.10.12-17.41.37:363][154]LogBlueprintUserMessages: [BP_ClareCharacter_C_0] BP_Extintor
[2025.10.12-17.41.37:365][154]LogBlueprintUserMessages: [BP_ClareCharacter_C_0] BP_Cuchillo
[2025.10.12-17.41.37:366][154]PIE: Server logged in
[2025.10.12-17.41.37:367][154]PIE: Play in editor total start time 0.095 seconds.
[2025.10.12-17.41.37:382][155]LogBlueprintUserMessages: [BP_SwarmEnemy_2] "Përsiguiendo"
[2025.10.12-17.41.37:881][215]LogBlueprintUserMessages: [BP_SwarmEnemy_2] "Përsiguiendo"
[2025.10.12-17.41.39:981][467]LogBlueprintUserMessages: [BP_ClareCharacter_C_0] Vida30.0
[2025.10.12-17.41.42:264][741]LogBlueprintUserMessages: [BP_TrailDamage_2] Destruido
[2025.10.12-17.41.43:871][931]LogSlate: Updating window title bar state: overlay mode, drag disabled, window buttons hidden, title bar hidden
[2025.10.12-17.41.43:871][931]LogWorld: BeginTearingDown for /Game/Maps/UEDPIE_0_ComidaVivaIA
[2025.10.12-17.41.43:871][931]LogWorld: UWorld::CleanupWorld for ComidaVivaIA, bSessionEnded=true, bCleanupResources=true
[2025.10.12-17.41.43:871][931]LogSlate: InvalidateAllWidgets triggered.  All widgets were invalidated
[2025.10.12-17.41.43:878][931]LogPlayLevel: Display: Shutting down PIE online subsystems
[2025.10.12-17.41.43:883][931]LogSlate: InvalidateAllWidgets triggered.  All widgets were invalidated
[2025.10.12-17.41.43:903][931]LogSlate: Updating window title bar state: overlay mode, drag disabled, window buttons hidden, title bar hidden
[2025.10.12-17.41.43:903][931]LogAudioMixer: FMixerPlatformXAudio2::StopAudioStream() called
[2025.10.12-17.41.43:904][931]LogAudioMixer: FMixerPlatformXAudio2::StopAudioStream() called
[2025.10.12-17.41.43:911][931]LogUObjectHash: Compacting FUObjectHashTables data took   2.25ms
[2025.10.12-17.41.43:955][933]LogPlayLevel: Display: Destroying online subsystem :Context_11
[2025.10.12-17.41.50:994][761]BlueprintLog: New page: Compile BP_TrailDamage
[2025.10.12-17.41.51:027][761]LogUObjectHash: Compacting FUObjectHashTables data took   2.26ms
[2025.10.12-17.41.52:251][897]LogSavePackage: Moving 'C:/Users/PC/Documents/GitHub/TasteOfMadness/TasteOfMadness/Saved/BP_TrailDamageF011A4914C741065123391AAB260A0AF.tmp' to 'C:/Users/PC/Documents/GitHub/TasteOfMadness/TasteOfMadness/Content/Characters/Content_Enemies/BP_Rata/BP_TrailDamage.uasset'
[2025.10.12-17.41.52:264][897]AssetCheck: New page: Asset Save: BP_TrailDamage
[2025.10.12-17.41.52:264][897]LogContentValidation: Display: Validating Blueprint /Game/Characters/Content_Enemies/BP_Rata/BP_TrailDamage.BP_TrailDamage
[2025.10.12-17.41.53:593][ 43]LogTemp: Repeating last play command: Selected Viewport
[2025.10.12-17.41.53:599][ 43]LogPlayLevel: PlayLevel: No blueprints needed recompiling
[2025.10.12-17.41.53:599][ 43]PIE: New page: PIE session: ComidaVivaIA (Oct 12, 2025, 6:41:53 AM)
[2025.10.12-17.41.53:630][ 43]LogPlayLevel: Creating play world package: /Game/Maps/UEDPIE_0_ComidaVivaIA
[2025.10.12-17.41.53:632][ 43]LogPlayLevel: PIE: StaticDuplicateObject took: (0.002464s)
[2025.10.12-17.41.53:633][ 43]LogAIModule: Creating AISystem for world ComidaVivaIA
[2025.10.12-17.41.53:633][ 43]LogPlayLevel: PIE: World Init took: (0.000922s)
[2025.10.12-17.41.53:633][ 43]LogPlayLevel: PIE: Created PIE world by copying editor world from /Game/Maps/ComidaVivaIA.ComidaVivaIA to /Game/Maps/UEDPIE_0_ComidaVivaIA.ComidaVivaIA (0.003502s)
[2025.10.12-17.41.53:656][ 43]LogUObjectHash: Compacting FUObjectHashTables data took   2.59ms
[2025.10.12-17.41.53:656][ 43]LogAudio: Display: Creating Audio Device:                 Id: 6, Scope: Unique, Realtime: True
[2025.10.12-17.41.53:656][ 43]LogAudioMixer: Display: Audio Mixer Platform Settings:
[2025.10.12-17.41.53:656][ 43]LogAudioMixer: Display: 	Sample Rate:						  48000
[2025.10.12-17.41.53:656][ 43]LogAudioMixer: Display: 	Callback Buffer Frame Size Requested: 1024
[2025.10.12-17.41.53:656][ 43]LogAudioMixer: Display: 	Callback Buffer Frame Size To Use:	  1024
[2025.10.12-17.41.53:656][ 43]LogAudioMixer: Display: 	Number of buffers to queue:			  2
[2025.10.12-17.41.53:656][ 43]LogAudioMixer: Display: 	Max Channels (voices):				  32
[2025.10.12-17.41.53:656][ 43]LogAudioMixer: Display: 	Number of Async Source Workers:		  0
[2025.10.12-17.41.53:656][ 43]LogAudio: Display: AudioDevice MaxSources: 32
[2025.10.12-17.41.53:656][ 43]LogAudio: Display: Audio Spatialization Plugin: None (built-in).
[2025.10.12-17.41.53:656][ 43]LogAudio: Display: Audio Reverb Plugin: None (built-in).
[2025.10.12-17.41.53:656][ 43]LogAudio: Display: Audio Occlusion Plugin: None (built-in).
[2025.10.12-17.41.53:656][ 43]LogAudioMixer: Display: Initializing audio mixer.
[2025.10.12-17.41.53:659][ 43]LogAudioMixer: Display: 0: FrontLeft
[2025.10.12-17.41.53:659][ 43]LogAudioMixer: Display: 1: FrontRight
[2025.10.12-17.41.53:666][ 43]LogAudioMixer: Display: Using Audio Device LC24RG50 (NVIDIA High Definition Audio)
[2025.10.12-17.41.53:666][ 43]LogAudioMixer: Display: Initializing Sound Submixes...
[2025.10.12-17.41.53:666][ 43]LogAudioMixer: Display: Creating Master Submix 'MasterSubmixDefault'
[2025.10.12-17.41.53:666][ 43]LogAudioMixer: Display: Creating Master Submix 'MasterReverbSubmixDefault'
[2025.10.12-17.41.53:667][ 43]LogAudioMixer: Display: Creating Master Submix 'MasterEQSubmixDefault'
[2025.10.12-17.41.53:667][ 43]LogAudioMixer: FMixerPlatformXAudio2::StartAudioStream() called
[2025.10.12-17.41.53:667][ 43]LogAudioMixer: Display: Output buffers initialized: Frames=1024, Channels=2, Samples=2048
[2025.10.12-17.41.53:668][ 43]LogAudioMixer: Display: Starting AudioMixerPlatformInterface::RunInternal()
[2025.10.12-17.41.53:668][ 43]LogAudioMixer: Display: FMixerPlatformXAudio2::SubmitBuffer() called for the first time
[2025.10.12-17.41.53:668][ 43]LogInit: FAudioDevice initialized.
[2025.10.12-17.41.53:668][ 43]LogAudio: Display: Audio Device (ID: 6) registered with world 'ComidaVivaIA'.
[2025.10.12-17.41.53:677][ 43]LogLoad: Game class is 'BP_GameMode_C'
[2025.10.12-17.41.53:679][ 43]LogWorld: Bringing World /Game/Maps/UEDPIE_0_ComidaVivaIA.ComidaVivaIA up for play (max tick rate 0) at 2025.10.12-11.41.53
[2025.10.12-17.41.53:679][ 43]LogWorld: Bringing up level for play took: 0.001037
[2025.10.12-17.41.53:679][ 43]LogOnline: OSS: Creating online subsystem instance for: :Context_12
[2025.10.12-17.41.53:681][ 43]LogBlueprintUserMessages: [BP_ClareCharacter_C_0] BP_Sarten
[2025.10.12-17.41.53:683][ 43]LogBlueprintUserMessages: [BP_ClareCharacter_C_0] BP_Olla
[2025.10.12-17.41.53:685][ 43]LogBlueprintUserMessages: [BP_ClareCharacter_C_0] BP_LlaveInglesa
[2025.10.12-17.41.53:686][ 43]LogBlueprintUserMessages: [BP_ClareCharacter_C_0] BP_Escoba
[2025.10.12-17.41.53:688][ 43]LogBlueprintUserMessages: [BP_ClareCharacter_C_0] BP_Trapeador
[2025.10.12-17.41.53:689][ 43]LogBlueprintUserMessages: [BP_ClareCharacter_C_0] BP_Extintor
[2025.10.12-17.41.53:691][ 43]LogBlueprintUserMessages: [BP_ClareCharacter_C_0] BP_Cuchillo
[2025.10.12-17.41.53:692][ 43]PIE: Server logged in
[2025.10.12-17.41.53:693][ 43]PIE: Play in editor total start time 0.096 seconds.
[2025.10.12-17.41.53:898][ 67]LogBlueprintUserMessages: [BP_SwarmEnemy_2] "Përsiguiendo"
[2025.10.12-17.41.54:398][127]LogBlueprintUserMessages: [BP_SwarmEnemy_2] "Përsiguiendo"
[2025.10.12-17.41.54:898][187]LogBlueprintUserMessages: [BP_SwarmEnemy_2] "Përsiguiendo"
[2025.10.12-17.41.55:389][246]LogBlueprintUserMessages: [BP_ClareCharacter_C_0] Vida40.0
[2025.10.12-17.41.57:400][483]LogSlate: Updating window title bar state: overlay mode, drag disabled, window buttons hidden, title bar hidden
[2025.10.12-17.41.57:400][483]LogWorld: BeginTearingDown for /Game/Maps/UEDPIE_0_ComidaVivaIA
[2025.10.12-17.41.57:400][483]LogWorld: UWorld::CleanupWorld for ComidaVivaIA, bSessionEnded=true, bCleanupResources=true
[2025.10.12-17.41.57:400][483]LogSlate: InvalidateAllWidgets triggered.  All widgets were invalidated
[2025.10.12-17.41.57:405][483]LogPlayLevel: Display: Shutting down PIE online subsystems
[2025.10.12-17.41.57:410][483]LogSlate: InvalidateAllWidgets triggered.  All widgets were invalidated
[2025.10.12-17.41.57:429][483]LogAudio: Display: Audio Device unregistered from world 'None'.
[2025.10.12-17.41.57:430][483]LogAudioMixer: FMixerPlatformXAudio2::StopAudioStream() called
[2025.10.12-17.41.57:431][483]LogAudioMixer: FMixerPlatformXAudio2::StopAudioStream() called
[2025.10.12-17.41.57:433][483]LogSlate: Updating window title bar state: overlay mode, drag disabled, window buttons hidden, title bar hidden
[2025.10.12-17.41.57:437][483]LogUObjectHash: Compacting FUObjectHashTables data took   2.07ms
[2025.10.12-17.41.57:481][485]LogPlayLevel: Display: Destroying online subsystem :Context_12
[2025.10.12-17.43.47:462][697]LogWorld: UWorld::CleanupWorld for World_1, bSessionEnded=true, bCleanupResources=true
[2025.10.12-17.43.47:462][697]LogSlate: InvalidateAllWidgets triggered.  All widgets were invalidated
[2025.10.12-17.43.49:254][881]LogSavePackage: Moving 'C:/Users/PC/Documents/GitHub/TasteOfMadness/TasteOfMadness/Saved/BP_TrailDamage0A97FF9648955BA063D47BA4E43F1A5A.tmp' to 'C:/Users/PC/Documents/GitHub/TasteOfMadness/TasteOfMadness/Content/Characters/Content_Enemies/BP_Rata/BP_TrailDamage.uasset'
[2025.10.12-17.43.49:269][881]AssetCheck: New page: Asset Save: BP_TrailDamage
[2025.10.12-17.43.49:269][881]LogContentValidation: Display: Validating Blueprint /Game/Characters/Content_Enemies/BP_Rata/BP_TrailDamage.BP_TrailDamage
[2025.10.12-17.43.59:859][275]LogAssetEditorSubsystem: Opening Asset editor for Blueprint /Game/Characters/Content_Enemies/BP_Rata/BP_SwarmEnemy.BP_SwarmEnemy
[2025.10.12-17.44.02:459][521]LogSlate: Window 'BP_SwarmEnemy' being destroyed
[2025.10.12-17.44.43:389][539]BlueprintLog: New page: Compile BP_SwarmEnemy
[2025.10.12-17.44.43:436][539]LogUObjectHash: Compacting FUObjectHashTables data took   3.14ms
[2025.10.12-17.45.07:009][619]BlueprintLog: New page: Compile BP_SwarmEnemy
[2025.10.12-17.45.07:056][619]LogUObjectHash: Compacting FUObjectHashTables data took   3.41ms
[2025.10.12-17.45.07:555][666]LogSavePackage: Moving 'C:/Users/PC/Documents/GitHub/TasteOfMadness/TasteOfMadness/Saved/BP_SwarmEnemy1B8B4B764A2F50C89DF29E99E6BA51CB.tmp' to 'C:/Users/PC/Documents/GitHub/TasteOfMadness/TasteOfMadness/Content/Characters/Content_Enemies/BP_Rata/BP_SwarmEnemy.uasset'
[2025.10.12-17.45.07:570][666]AssetCheck: New page: Asset Save: BP_SwarmEnemy
[2025.10.12-17.45.07:570][666]LogContentValidation: Display: Validating Blueprint /Game/Characters/Content_Enemies/BP_Rata/BP_SwarmEnemy.BP_SwarmEnemy
[2025.10.12-17.45.31:433][251]LogEditorClassViewer: Warning: Class /Engine/Tutorial/InWorldBlueprintEditing/TutorialAssets/IWBE_Blutility.IWBE_Blutility_C has parent /Script/Blutility.PlacedEditorUtilityBase, but this parent is not found. The Class will not be shown in ClassViewer.
[2025.10.12-17.47.22:976][173]BlueprintLog: New page: Compile BP_SwarmEnemy
[2025.10.12-17.47.23:025][173]LogUObjectHash: Compacting FUObjectHashTables data took   3.44ms
[2025.10.12-17.47.58:754][903]BlueprintLog: New page: Compile BP_SwarmEnemy
[2025.10.12-17.47.58:803][903]LogUObjectHash: Compacting FUObjectHashTables data took   3.28ms
[2025.10.12-17.47.59:329][954]LogSavePackage: Moving 'C:/Users/PC/Documents/GitHub/TasteOfMadness/TasteOfMadness/Saved/BP_SwarmEnemyCA6F7E0C44482315C57448882F7CBFF1.tmp' to 'C:/Users/PC/Documents/GitHub/TasteOfMadness/TasteOfMadness/Content/Characters/Content_Enemies/BP_Rata/BP_SwarmEnemy.uasset'
[2025.10.12-17.47.59:345][954]AssetCheck: New page: Asset Save: BP_SwarmEnemy
[2025.10.12-17.47.59:345][954]LogContentValidation: Display: Validating Blueprint /Game/Characters/Content_Enemies/BP_Rata/BP_SwarmEnemy.BP_SwarmEnemy
[2025.10.12-17.48.46:555][536]LogSavePackage: Moving 'C:/Users/PC/Documents/GitHub/TasteOfMadness/TasteOfMadness/Saved/BP_SwarmEnemyDF28820B42FDDB4ED0B45AB8B243BB9C.tmp' to 'C:/Users/PC/Documents/GitHub/TasteOfMadness/TasteOfMadness/Content/Characters/Content_Enemies/BP_Rata/BP_SwarmEnemy.uasset'
[2025.10.12-17.48.46:571][536]AssetCheck: New page: Asset Save: BP_SwarmEnemy
[2025.10.12-17.48.46:571][536]LogContentValidation: Display: Validating Blueprint /Game/Characters/Content_Enemies/BP_Rata/BP_SwarmEnemy.BP_SwarmEnemy
[2025.10.12-17.48.47:910][690]LogSavePackage: Moving 'C:/Users/PC/Documents/GitHub/TasteOfMadness/TasteOfMadness/Saved/BP_TrailDamageA492B40946377F20D1187EBDCFDCEB93.tmp' to 'C:/Users/PC/Documents/GitHub/TasteOfMadness/TasteOfMadness/Content/Characters/Content_Enemies/BP_Rata/BP_TrailDamage.uasset'
[2025.10.12-17.48.47:925][690]AssetCheck: New page: Asset Save: BP_TrailDamage
[2025.10.12-17.48.47:925][690]LogContentValidation: Display: Validating Blueprint /Game/Characters/Content_Enemies/BP_Rata/BP_TrailDamage.BP_TrailDamage
[2025.10.12-17.48.49:553][875]Cmd: OBJ SAVEPACKAGE PACKAGE="/Game/Maps/ComidaVivaIA" FILE="C:/Users/PC/Documents/GitHub/TasteOfMadness/TasteOfMadness/Content/Maps/ComidaVivaIA.umap" SILENT=true AUTOSAVING=false KEEPDIRTY=false
[2025.10.12-17.48.49:580][875]LogUObjectHash: Compacting FUObjectHashTables data took   3.87ms
[2025.10.12-17.48.49:588][875]LogSavePackage: Moving 'C:/Users/PC/Documents/GitHub/TasteOfMadness/TasteOfMadness/Saved/ComidaVivaIA994E76244A2ECCBBEBB8368101076D6D.tmp' to 'C:/Users/PC/Documents/GitHub/TasteOfMadness/TasteOfMadness/Content/Maps/ComidaVivaIA.umap'
[2025.10.12-17.48.49:618][875]AssetCheck: New page: Asset Save: ComidaVivaIA
[2025.10.12-17.48.49:618][875]LogContentValidation: Display: Validating World /Game/Maps/ComidaVivaIA.ComidaVivaIA
[2025.10.12-17.54.13:267][235]BlueprintLog: New page: Compile BP_SwarmEnemy
[2025.10.12-17.54.13:317][235]LogUObjectHash: Compacting FUObjectHashTables data took   3.51ms
[2025.10.12-17.54.13:941][295]LogSavePackage: Moving 'C:/Users/PC/Documents/GitHub/TasteOfMadness/TasteOfMadness/Saved/BP_SwarmEnemy339E4156451A13A6386CC089F17E438B.tmp' to 'C:/Users/PC/Documents/GitHub/TasteOfMadness/TasteOfMadness/Content/Characters/Content_Enemies/BP_Rata/BP_SwarmEnemy.uasset'
[2025.10.12-17.54.13:956][295]AssetCheck: New page: Asset Save: BP_SwarmEnemy
[2025.10.12-17.54.13:957][295]LogContentValidation: Display: Validating Blueprint /Game/Characters/Content_Enemies/BP_Rata/BP_SwarmEnemy.BP_SwarmEnemy
[2025.10.12-17.55.14:383][951]LogSavePackage: Moving 'C:/Users/PC/Documents/GitHub/TasteOfMadness/TasteOfMadness/Saved/BP_SwarmEnemy484694094A1F783787B245A7C848D241.tmp' to 'C:/Users/PC/Documents/GitHub/TasteOfMadness/TasteOfMadness/Content/Characters/Content_Enemies/BP_Rata/BP_SwarmEnemy.uasset'
[2025.10.12-17.55.14:399][951]AssetCheck: New page: Asset Save: BP_SwarmEnemy
[2025.10.12-17.55.14:399][951]LogContentValidation: Display: Validating Blueprint /Game/Characters/Content_Enemies/BP_Rata/BP_SwarmEnemy.BP_SwarmEnemy
[2025.10.12-17.58.43:053][609]BlueprintLog: New page: Compile BP_SwarmEnemy
[2025.10.12-17.58.43:104][609]LogUObjectHash: Compacting FUObjectHashTables data took   3.58ms
[2025.10.12-17.58.55:542][972]BlueprintLog: New page: Compile BP_SwarmEnemy
[2025.10.12-17.58.55:591][972]LogUObjectHash: Compacting FUObjectHashTables data took   3.19ms
[2025.10.12-17.59.01:973][392]BlueprintLog: New page: Compile BP_SwarmEnemy
[2025.10.12-17.59.02:022][392]LogUObjectHash: Compacting FUObjectHashTables data took   3.22ms
[2025.10.12-17.59.02:637][453]LogSavePackage: Moving 'C:/Users/PC/Documents/GitHub/TasteOfMadness/TasteOfMadness/Saved/BP_SwarmEnemy6FC8745E407A1BD0C5D8E29EE619A827.tmp' to 'C:/Users/PC/Documents/GitHub/TasteOfMadness/TasteOfMadness/Content/Characters/Content_Enemies/BP_Rata/BP_SwarmEnemy.uasset'
[2025.10.12-17.59.02:653][453]AssetCheck: New page: Asset Save: BP_SwarmEnemy
[2025.10.12-17.59.02:653][453]LogContentValidation: Display: Validating Blueprint /Game/Characters/Content_Enemies/BP_Rata/BP_SwarmEnemy.BP_SwarmEnemy
[2025.10.12-17.59.20:251][744]Cmd: OBJ SAVEPACKAGE PACKAGE="/Game/Maps/ComidaVivaIA" FILE="C:/Users/PC/Documents/GitHub/TasteOfMadness/TasteOfMadness/Content/Maps/ComidaVivaIA.umap" SILENT=true AUTOSAVING=false KEEPDIRTY=false
[2025.10.12-17.59.20:277][744]LogUObjectHash: Compacting FUObjectHashTables data took   3.39ms
[2025.10.12-17.59.20:285][744]LogSavePackage: Moving 'C:/Users/PC/Documents/GitHub/TasteOfMadness/TasteOfMadness/Saved/ComidaVivaIA60C656CE46E166DFB71867A812A58815.tmp' to 'C:/Users/PC/Documents/GitHub/TasteOfMadness/TasteOfMadness/Content/Maps/ComidaVivaIA.umap'
[2025.10.12-17.59.20:314][744]AssetCheck: New page: Asset Save: ComidaVivaIA
[2025.10.12-17.59.20:314][744]LogContentValidation: Display: Validating World /Game/Maps/ComidaVivaIA.ComidaVivaIA
[2025.10.12-17.59.21:075][834]LogTemp: Repeating last play command: Selected Viewport
[2025.10.12-17.59.21:081][834]LogPlayLevel: PlayLevel: No blueprints needed recompiling
[2025.10.12-17.59.21:081][834]PIE: New page: PIE session: ComidaVivaIA (Oct 12, 2025, 6:59:21 AM)
[2025.10.12-17.59.21:081][834]LogPlayLevel: Creating play world package: /Game/Maps/UEDPIE_0_ComidaVivaIA
[2025.10.12-17.59.21:084][834]LogPlayLevel: PIE: StaticDuplicateObject took: (0.002387s)
[2025.10.12-17.59.21:084][834]LogAIModule: Creating AISystem for world ComidaVivaIA
[2025.10.12-17.59.21:085][834]LogPlayLevel: PIE: World Init took: (0.000914s)
[2025.10.12-17.59.21:085][834]LogPlayLevel: PIE: Created PIE world by copying editor world from /Game/Maps/ComidaVivaIA.ComidaVivaIA to /Game/Maps/UEDPIE_0_ComidaVivaIA.ComidaVivaIA (0.003385s)
[2025.10.12-17.59.21:110][834]LogUObjectHash: Compacting FUObjectHashTables data took   2.44ms
[2025.10.12-17.59.21:110][834]LogAudio: Display: Creating Audio Device:                 Id: 7, Scope: Unique, Realtime: True
[2025.10.12-17.59.21:110][834]LogAudioMixer: Display: Audio Mixer Platform Settings:
[2025.10.12-17.59.21:110][834]LogAudioMixer: Display: 	Sample Rate:						  48000
[2025.10.12-17.59.21:110][834]LogAudioMixer: Display: 	Callback Buffer Frame Size Requested: 1024
[2025.10.12-17.59.21:110][834]LogAudioMixer: Display: 	Callback Buffer Frame Size To Use:	  1024
[2025.10.12-17.59.21:110][834]LogAudioMixer: Display: 	Number of buffers to queue:			  2
[2025.10.12-17.59.21:110][834]LogAudioMixer: Display: 	Max Channels (voices):				  32
[2025.10.12-17.59.21:110][834]LogAudioMixer: Display: 	Number of Async Source Workers:		  0
[2025.10.12-17.59.21:110][834]LogAudio: Display: AudioDevice MaxSources: 32
[2025.10.12-17.59.21:111][834]LogAudio: Display: Audio Spatialization Plugin: None (built-in).
[2025.10.12-17.59.21:111][834]LogAudio: Display: Audio Reverb Plugin: None (built-in).
[2025.10.12-17.59.21:111][834]LogAudio: Display: Audio Occlusion Plugin: None (built-in).
[2025.10.12-17.59.21:111][834]LogAudioMixer: Display: Initializing audio mixer.
[2025.10.12-17.59.21:114][834]LogAudioMixer: Display: 0: FrontLeft
[2025.10.12-17.59.21:114][834]LogAudioMixer: Display: 1: FrontRight
[2025.10.12-17.59.21:122][834]LogAudioMixer: Display: Using Audio Device LC24RG50 (NVIDIA High Definition Audio)
[2025.10.12-17.59.21:122][834]LogAudioMixer: Display: Initializing Sound Submixes...
[2025.10.12-17.59.21:122][834]LogAudioMixer: Display: Creating Master Submix 'MasterSubmixDefault'
[2025.10.12-17.59.21:122][834]LogAudioMixer: Display: Creating Master Submix 'MasterReverbSubmixDefault'
[2025.10.12-17.59.21:122][834]LogAudioMixer: Display: Creating Master Submix 'MasterEQSubmixDefault'
[2025.10.12-17.59.21:122][834]LogAudioMixer: FMixerPlatformXAudio2::StartAudioStream() called
[2025.10.12-17.59.21:122][834]LogAudioMixer: Display: Output buffers initialized: Frames=1024, Channels=2, Samples=2048
[2025.10.12-17.59.21:123][834]LogAudioMixer: Display: Starting AudioMixerPlatformInterface::RunInternal()
[2025.10.12-17.59.21:123][834]LogAudioMixer: Display: FMixerPlatformXAudio2::SubmitBuffer() called for the first time
[2025.10.12-17.59.21:123][834]LogInit: FAudioDevice initialized.
[2025.10.12-17.59.21:123][834]LogAudio: Display: Audio Device (ID: 7) registered with world 'ComidaVivaIA'.
[2025.10.12-17.59.21:131][834]LogLoad: Game class is 'BP_GameMode_C'
[2025.10.12-17.59.21:133][834]LogWorld: Bringing World /Game/Maps/UEDPIE_0_ComidaVivaIA.ComidaVivaIA up for play (max tick rate 0) at 2025.10.12-11.59.21
[2025.10.12-17.59.21:133][834]LogWorld: Bringing up level for play took: 0.001064
[2025.10.12-17.59.21:133][834]LogOnline: OSS: Creating online subsystem instance for: :Context_15
[2025.10.12-17.59.21:135][834]LogScript: Warning: Script Msg: BP_SwarmEnemy_2 SpawnTrail SetTimer passed a negative or zero time. The associated timer may fail to be created/fire! If using InitialStartDelayVariance, be sure it is smaller than (Time + InitialStartDelay).
[2025.10.12-17.59.21:135][834]LogBlueprintUserMessages: [BP_ClareCharacter_C_0] BP_Sarten
[2025.10.12-17.59.21:137][834]LogBlueprintUserMessages: [BP_ClareCharacter_C_0] BP_Olla
[2025.10.12-17.59.21:139][834]LogBlueprintUserMessages: [BP_ClareCharacter_C_0] BP_LlaveInglesa
[2025.10.12-17.59.21:141][834]LogBlueprintUserMessages: [BP_ClareCharacter_C_0] BP_Escoba
[2025.10.12-17.59.21:142][834]LogBlueprintUserMessages: [BP_ClareCharacter_C_0] BP_Trapeador
[2025.10.12-17.59.21:144][834]LogBlueprintUserMessages: [BP_ClareCharacter_C_0] BP_Extintor
[2025.10.12-17.59.21:145][834]LogBlueprintUserMessages: [BP_ClareCharacter_C_0] BP_Cuchillo
[2025.10.12-17.59.21:147][834]PIE: Server logged in
[2025.10.12-17.59.21:147][834]PIE: Play in editor total start time 0.067 seconds.
[2025.10.12-17.59.21:554][882]LogBlueprintUserMessages: [BP_SwarmEnemy_2] "Përsiguiendo"
[2025.10.12-17.59.22:055][942]LogBlueprintUserMessages: [BP_SwarmEnemy_2] "Përsiguiendo"
[2025.10.12-17.59.25:055][302]LogBlueprintUserMessages: [BP_SwarmEnemy_2] "Përsiguiendo"
[2025.10.12-17.59.25:554][362]LogBlueprintUserMessages: [BP_SwarmEnemy_2] "Përsiguiendo"
[2025.10.12-17.59.26:054][422]LogBlueprintUserMessages: [BP_SwarmEnemy_2] "Përsiguiendo"
[2025.10.12-17.59.26:071][424]LogBlueprintUserMessages: [BP_TrailDamage_2] Destruido
[2025.10.12-17.59.26:554][482]LogBlueprintUserMessages: [BP_SwarmEnemy_2] "Përsiguiendo"
[2025.10.12-17.59.27:054][542]LogBlueprintUserMessages: [BP_SwarmEnemy_2] "Përsiguiendo"
[2025.10.12-17.59.27:555][602]LogBlueprintUserMessages: [BP_SwarmEnemy_2] "Përsiguiendo"
[2025.10.12-17.59.28:054][662]LogBlueprintUserMessages: [BP_SwarmEnemy_2] "Përsiguiendo"
[2025.10.12-17.59.28:555][722]LogBlueprintUserMessages: [BP_SwarmEnemy_2] "Përsiguiendo"
[2025.10.12-17.59.29:054][782]LogBlueprintUserMessages: [BP_SwarmEnemy_2] "Përsiguiendo"
[2025.10.12-17.59.29:555][842]LogBlueprintUserMessages: [BP_SwarmEnemy_2] "Përsiguiendo"
[2025.10.12-17.59.30:054][902]LogBlueprintUserMessages: [BP_SwarmEnemy_2] "Përsiguiendo"
[2025.10.12-17.59.33:011][251]LogSlate: Updating window title bar state: overlay mode, drag disabled, window buttons hidden, title bar hidden
[2025.10.12-17.59.33:011][251]LogWorld: BeginTearingDown for /Game/Maps/UEDPIE_0_ComidaVivaIA
[2025.10.12-17.59.33:011][251]LogWorld: UWorld::CleanupWorld for ComidaVivaIA, bSessionEnded=true, bCleanupResources=true
[2025.10.12-17.59.33:012][251]LogSlate: InvalidateAllWidgets triggered.  All widgets were invalidated
[2025.10.12-17.59.33:019][251]LogPlayLevel: Display: Shutting down PIE online subsystems
[2025.10.12-17.59.33:024][251]LogSlate: InvalidateAllWidgets triggered.  All widgets were invalidated
[2025.10.12-17.59.33:046][251]LogSlate: Updating window title bar state: overlay mode, drag disabled, window buttons hidden, title bar hidden
[2025.10.12-17.59.33:046][251]LogAudioMixer: FMixerPlatformXAudio2::StopAudioStream() called
[2025.10.12-17.59.33:047][251]LogAudioMixer: FMixerPlatformXAudio2::StopAudioStream() called
[2025.10.12-17.59.33:054][251]LogUObjectHash: Compacting FUObjectHashTables data took   2.19ms
[2025.10.12-17.59.33:073][252]LogPlayLevel: Display: Destroying online subsystem :Context_15
[2025.10.12-17.59.43:767][ 31]LogWorld: UWorld::CleanupWorld for World_5, bSessionEnded=true, bCleanupResources=true
[2025.10.12-17.59.43:768][ 31]LogSlate: InvalidateAllWidgets triggered.  All widgets were invalidated
[2025.10.12-18.03.11:211][857]LogSlate: Prevented a slow task dialog from being summoned while a context menu was open
[2025.10.12-18.03.11:228][857]LogEditorClassViewer: Warning: Class /Engine/Tutorial/InWorldBlueprintEditing/TutorialAssets/IWBE_Blutility.IWBE_Blutility_C has parent /Script/Blutility.PlacedEditorUtilityBase, but this parent is not found. The Class will not be shown in ClassViewer.
[2025.10.12-18.03.37:336][905]BlueprintLog: New page: Compile BP_SwarmEnemy
[2025.10.12-18.03.37:405][905]LogUObjectHash: Compacting FUObjectHashTables data took   2.83ms
[2025.10.12-18.05.04:414][156]BlueprintLog: New page: Compile BP_SwarmEnemy
[2025.10.12-18.05.04:476][156]LogUObjectHash: Compacting FUObjectHashTables data took   2.71ms
[2025.10.12-18.05.06:007][325]LogSavePackage: Moving 'C:/Users/PC/Documents/GitHub/TasteOfMadness/TasteOfMadness/Saved/BP_SwarmEnemy4B7E692E489E763E03D371AD6AB2AD2F.tmp' to 'C:/Users/PC/Documents/GitHub/TasteOfMadness/TasteOfMadness/Content/Characters/Content_Enemies/BP_Rata/BP_SwarmEnemy.uasset'
[2025.10.12-18.05.06:021][325]AssetCheck: New page: Asset Save: BP_SwarmEnemy
[2025.10.12-18.05.06:021][325]LogContentValidation: Display: Validating Blueprint /Game/Characters/Content_Enemies/BP_Rata/BP_SwarmEnemy.BP_SwarmEnemy
[2025.10.12-18.05.07:422][480]Cmd: OBJ SAVEPACKAGE PACKAGE="/Game/Maps/ComidaVivaIA" FILE="C:/Users/PC/Documents/GitHub/TasteOfMadness/TasteOfMadness/Content/Maps/ComidaVivaIA.umap" SILENT=true AUTOSAVING=false KEEPDIRTY=false
[2025.10.12-18.05.07:440][480]LogUObjectHash: Compacting FUObjectHashTables data took   2.54ms
[2025.10.12-18.05.07:448][480]LogSavePackage: Moving 'C:/Users/PC/Documents/GitHub/TasteOfMadness/TasteOfMadness/Saved/ComidaVivaIAE3EE623D427F84FCF1FBC589E53B16EF.tmp' to 'C:/Users/PC/Documents/GitHub/TasteOfMadness/TasteOfMadness/Content/Maps/ComidaVivaIA.umap'
[2025.10.12-18.05.07:476][480]AssetCheck: New page: Asset Save: ComidaVivaIA
[2025.10.12-18.05.07:476][480]LogContentValidation: Display: Validating World /Game/Maps/ComidaVivaIA.ComidaVivaIA
[2025.10.12-18.33.19:522][755]Cmd: OBJ SAVEPACKAGE PACKAGE="/Game/Maps/ComidaVivaIA" FILE="C:/Users/PC/Documents/GitHub/TasteOfMadness/TasteOfMadness/Content/Maps/ComidaVivaIA.umap" SILENT=true AUTOSAVING=false KEEPDIRTY=false
[2025.10.12-18.33.19:541][755]LogUObjectHash: Compacting FUObjectHashTables data took   1.99ms
[2025.10.12-18.33.19:551][755]LogSavePackage: Moving 'C:/Users/PC/Documents/GitHub/TasteOfMadness/TasteOfMadness/Saved/ComidaVivaIA2ED6349A417288215174149C81769935.tmp' to 'C:/Users/PC/Documents/GitHub/TasteOfMadness/TasteOfMadness/Content/Maps/ComidaVivaIA.umap'
[2025.10.12-18.33.19:581][755]AssetCheck: New page: Asset Save: ComidaVivaIA
[2025.10.12-18.33.19:581][755]LogContentValidation: Display: Validating World /Game/Maps/ComidaVivaIA.ComidaVivaIA
[2025.10.12-18.33.20:540][864]LogSavePackage: Moving 'C:/Users/PC/Documents/GitHub/TasteOfMadness/TasteOfMadness/Saved/BP_SwarmEnemyC17D7810467214E9A6089AB805EF24D2.tmp' to 'C:/Users/PC/Documents/GitHub/TasteOfMadness/TasteOfMadness/Content/Characters/Content_Enemies/BP_Rata/BP_SwarmEnemy.uasset'
[2025.10.12-18.33.20:555][864]AssetCheck: New page: Asset Save: BP_SwarmEnemy
[2025.10.12-18.33.20:555][864]LogContentValidation: Display: Validating Blueprint /Game/Characters/Content_Enemies/BP_Rata/BP_SwarmEnemy.BP_SwarmEnemy
[2025.10.12-21.03.05:594][375]BlueprintLog: New page: Compile BP_SwarmEnemy
[2025.10.12-21.03.05:600][375]LogBlueprint: Error: [AssetLog] C:\Users\PC\Documents\GitHub\TasteOfMadness\TasteOfMadness\Content\Characters\Content_Enemies\BP_Rata\BP_SwarmEnemy.uasset: [Compiler] The current value of the ' Spawn Transform ' pin is invalid: 'Spawn Transform' in action 'Begin Deferred Actor Spawn from Class' must have an input wired into it ("by ref" params expect a valid input to operate on).
[2025.10.12-21.03.05:600][375]LogBlueprint: Error: [AssetLog] C:\Users\PC\Documents\GitHub\TasteOfMadness\TasteOfMadness\Content\Characters\Content_Enemies\BP_Rata\BP_SwarmEnemy.uasset: [Compiler] The current value of the ' Spawn Transform ' pin is invalid: 'Spawn Transform' in action 'Finish Spawning Actor' must have an input wired into it ("by ref" params expect a valid input to operate on).
[2025.10.12-21.03.05:633][375]LogUObjectHash: Compacting FUObjectHashTables data took   2.46ms
[2025.10.12-21.03.59:036][929]LogUObjectHash: Compacting FUObjectHashTables data took   2.15ms
[2025.10.12-21.03.59:044][929]LogSavePackage: Moving 'C:/Users/PC/Documents/GitHub/TasteOfMadness/TasteOfMadness/Saved/ComidaVivaIA_Auto1359CEE6244CE430E197FE6B956134AAA.tmp' to 'C:/Users/PC/Documents/GitHub/TasteOfMadness/TasteOfMadness/Saved/Autosaves/Game/Maps/ComidaVivaIA_Auto1.umap'
[2025.10.12-21.03.59:045][929]LogFileHelpers: Editor autosave (incl. external actors) for '/Game/Maps/ComidaVivaIA' took 0.028
[2025.10.12-21.03.59:045][929]LogFileHelpers: Editor autosave (incl. sublevels & external actors) for all levels took 0.028
[2025.10.12-21.03.59:046][929]OBJ SavePackage: Generating thumbnails for [1] asset(s) in package [/Game/Characters/Content_Enemies/BP_Rata/BP_SwarmEnemy] ([2] browsable assets)...
[2025.10.12-21.03.59:053][929]OBJ SavePackage:     Rendered thumbnail for [Blueprint /Game/Characters/Content_Enemies/BP_Rata/BP_SwarmEnemy.BP_SwarmEnemy]
[2025.10.12-21.03.59:053][929]OBJ SavePackage: Finished generating thumbnails for package [/Game/Characters/Content_Enemies/BP_Rata/BP_SwarmEnemy]
[2025.10.12-21.03.59:080][929]LogSavePackage: Moving 'C:/Users/PC/Documents/GitHub/TasteOfMadness/TasteOfMadness/Saved/BP_SwarmEnemy_Auto1541FF7B14E5E0CE4002CD389AEE3A3A3.tmp' to 'C:/Users/PC/Documents/GitHub/TasteOfMadness/TasteOfMadness/Saved/Autosaves/Game/Characters/Content_Enemies/BP_Rata/BP_SwarmEnemy_Auto1.uasset'
[2025.10.12-21.03.59:081][929]LogFileHelpers: Auto-saving content packages took 0.036
[2025.10.12-21.05.37:860][727]BlueprintLog: New page: Compile BP_SwarmEnemy
[2025.10.12-21.05.37:866][727]LogBlueprint: Error: [AssetLog] C:\Users\PC\Documents\GitHub\TasteOfMadness\TasteOfMadness\Content\Characters\Content_Enemies\BP_Rata\BP_SwarmEnemy.uasset: [Compiler] The current value of the ' Spawn Transform ' pin is invalid: 'Spawn Transform' in action 'Begin Deferred Actor Spawn from Class' must have an input wired into it ("by ref" params expect a valid input to operate on).
[2025.10.12-21.05.37:866][727]LogBlueprint: Error: [AssetLog] C:\Users\PC\Documents\GitHub\TasteOfMadness\TasteOfMadness\Content\Characters\Content_Enemies\BP_Rata\BP_SwarmEnemy.uasset: [Compiler] The current value of the ' Spawn Transform ' pin is invalid: 'Spawn Transform' in action 'Finish Spawning Actor' must have an input wired into it ("by ref" params expect a valid input to operate on).
[2025.10.12-21.05.37:897][727]LogUObjectHash: Compacting FUObjectHashTables data took   1.98ms
[2025.10.12-21.06.28:695][658]BlueprintLog: New page: Compile BP_SwarmEnemy
[2025.10.12-21.06.28:733][658]LogUObjectHash: Compacting FUObjectHashTables data took   2.25ms
[2025.10.12-21.06.46:629][688]LogSavePackage: Moving 'C:/Users/PC/Documents/GitHub/TasteOfMadness/TasteOfMadness/Saved/BP_SwarmEnemy1DFDD88841F688EAF53145B57554F42D.tmp' to 'C:/Users/PC/Documents/GitHub/TasteOfMadness/TasteOfMadness/Content/Characters/Content_Enemies/BP_Rata/BP_SwarmEnemy.uasset'
[2025.10.12-21.06.46:644][688]AssetCheck: New page: Asset Save: BP_SwarmEnemy
[2025.10.12-21.06.46:644][688]LogContentValidation: Display: Validating Blueprint /Game/Characters/Content_Enemies/BP_Rata/BP_SwarmEnemy.BP_SwarmEnemy
[2025.10.12-21.07.55:753][605]LogEditorTransaction: Undo Move Node
[2025.10.12-21.07.56:637][679]LogEditorTransaction: Undo Paste clipboard contents
[2025.10.12-21.09.34:444][975]BlueprintLog: New page: Compile BP_SwarmEnemy
[2025.10.12-21.09.34:488][975]LogUObjectHash: Compacting FUObjectHashTables data took   2.58ms
[2025.10.12-21.09.35:048][ 25]LogSavePackage: Moving 'C:/Users/PC/Documents/GitHub/TasteOfMadness/TasteOfMadness/Saved/BP_SwarmEnemy73FB84784D8E3132B2244FAF7983BCCD.tmp' to 'C:/Users/PC/Documents/GitHub/TasteOfMadness/TasteOfMadness/Content/Characters/Content_Enemies/BP_Rata/BP_SwarmEnemy.uasset'
[2025.10.12-21.09.35:063][ 25]AssetCheck: New page: Asset Save: BP_SwarmEnemy
[2025.10.12-21.09.35:063][ 25]LogContentValidation: Display: Validating Blueprint /Game/Characters/Content_Enemies/BP_Rata/BP_SwarmEnemy.BP_SwarmEnemy
[2025.10.12-21.10.10:923][857]BlueprintLog: New page: Compile BP_SwarmEnemy
[2025.10.12-21.10.10:965][857]LogUObjectHash: Compacting FUObjectHashTables data took   2.57ms
[2025.10.12-21.11.35:897][568]BlueprintLog: New page: Compile BP_SwarmEnemy
[2025.10.12-21.11.35:938][568]LogUObjectHash: Compacting FUObjectHashTables data took   2.26ms
[2025.10.12-21.11.36:448][614]LogSavePackage: Moving 'C:/Users/PC/Documents/GitHub/TasteOfMadness/TasteOfMadness/Saved/BP_SwarmEnemy26E94CE947E14E3AA76E52972244B3B1.tmp' to 'C:/Users/PC/Documents/GitHub/TasteOfMadness/TasteOfMadness/Content/Characters/Content_Enemies/BP_Rata/BP_SwarmEnemy.uasset'
[2025.10.12-21.11.36:463][614]AssetCheck: New page: Asset Save: BP_SwarmEnemy
[2025.10.12-21.11.36:463][614]LogContentValidation: Display: Validating Blueprint /Game/Characters/Content_Enemies/BP_Rata/BP_SwarmEnemy.BP_SwarmEnemy
[2025.10.12-21.11.37:913][773]Cmd: OBJ SAVEPACKAGE PACKAGE="/Game/Maps/ComidaVivaIA" FILE="C:/Users/PC/Documents/GitHub/TasteOfMadness/TasteOfMadness/Content/Maps/ComidaVivaIA.umap" SILENT=true AUTOSAVING=false KEEPDIRTY=false
[2025.10.12-21.11.37:932][773]LogUObjectHash: Compacting FUObjectHashTables data took   2.37ms
[2025.10.12-21.11.37:939][773]LogSavePackage: Moving 'C:/Users/PC/Documents/GitHub/TasteOfMadness/TasteOfMadness/Saved/ComidaVivaIA5D2CD2914F9EE626A6BAD5AA1FE3B48C.tmp' to 'C:/Users/PC/Documents/GitHub/TasteOfMadness/TasteOfMadness/Content/Maps/ComidaVivaIA.umap'
[2025.10.12-21.11.37:967][773]AssetCheck: New page: Asset Save: ComidaVivaIA
[2025.10.12-21.11.37:967][773]LogContentValidation: Display: Validating World /Game/Maps/ComidaVivaIA.ComidaVivaIA
[2025.10.12-21.11.39:051][902]LogTemp: Repeating last play command: Selected Viewport
[2025.10.12-21.11.39:057][902]LogPlayLevel: PlayLevel: No blueprints needed recompiling
[2025.10.12-21.11.39:057][902]PIE: New page: PIE session: ComidaVivaIA (Oct 12, 2025, 10:11:39 AM)
[2025.10.12-21.11.39:090][902]LogPlayLevel: Creating play world package: /Game/Maps/UEDPIE_0_ComidaVivaIA
[2025.10.12-21.11.39:092][902]LogPlayLevel: PIE: StaticDuplicateObject took: (0.002487s)
[2025.10.12-21.11.39:093][902]LogAIModule: Creating AISystem for world ComidaVivaIA
[2025.10.12-21.11.39:093][902]LogPlayLevel: PIE: World Init took: (0.000930s)
[2025.10.12-21.11.39:093][902]LogPlayLevel: PIE: Created PIE world by copying editor world from /Game/Maps/ComidaVivaIA.ComidaVivaIA to /Game/Maps/UEDPIE_0_ComidaVivaIA.ComidaVivaIA (0.003531s)
[2025.10.12-21.11.39:110][902]LogUObjectHash: Compacting FUObjectHashTables data took   1.69ms
[2025.10.12-21.11.39:110][902]LogAudio: Display: Creating Audio Device:                 Id: 8, Scope: Unique, Realtime: True
[2025.10.12-21.11.39:110][902]LogAudioMixer: Display: Audio Mixer Platform Settings:
[2025.10.12-21.11.39:110][902]LogAudioMixer: Display: 	Sample Rate:						  48000
[2025.10.12-21.11.39:110][902]LogAudioMixer: Display: 	Callback Buffer Frame Size Requested: 1024
[2025.10.12-21.11.39:110][902]LogAudioMixer: Display: 	Callback Buffer Frame Size To Use:	  1024
[2025.10.12-21.11.39:110][902]LogAudioMixer: Display: 	Number of buffers to queue:			  2
[2025.10.12-21.11.39:110][902]LogAudioMixer: Display: 	Max Channels (voices):				  32
[2025.10.12-21.11.39:110][902]LogAudioMixer: Display: 	Number of Async Source Workers:		  0
[2025.10.12-21.11.39:110][902]LogAudio: Display: AudioDevice MaxSources: 32
[2025.10.12-21.11.39:111][902]LogAudio: Display: Audio Spatialization Plugin: None (built-in).
[2025.10.12-21.11.39:111][902]LogAudio: Display: Audio Reverb Plugin: None (built-in).
[2025.10.12-21.11.39:111][902]LogAudio: Display: Audio Occlusion Plugin: None (built-in).
[2025.10.12-21.11.39:111][902]LogAudioMixer: Display: Initializing audio mixer.
[2025.10.12-21.11.39:114][902]LogAudioMixer: Display: 0: FrontLeft
[2025.10.12-21.11.39:114][902]LogAudioMixer: Display: 1: FrontRight
[2025.10.12-21.11.39:121][902]LogAudioMixer: Display: Using Audio Device LC24RG50 (NVIDIA High Definition Audio)
[2025.10.12-21.11.39:121][902]LogAudioMixer: Display: Initializing Sound Submixes...
[2025.10.12-21.11.39:121][902]LogAudioMixer: Display: Creating Master Submix 'MasterSubmixDefault'
[2025.10.12-21.11.39:121][902]LogAudioMixer: Display: Creating Master Submix 'MasterReverbSubmixDefault'
[2025.10.12-21.11.39:121][902]LogAudioMixer: Display: Creating Master Submix 'MasterEQSubmixDefault'
[2025.10.12-21.11.39:121][902]LogAudioMixer: FMixerPlatformXAudio2::StartAudioStream() called
[2025.10.12-21.11.39:121][902]LogAudioMixer: Display: Output buffers initialized: Frames=1024, Channels=2, Samples=2048
[2025.10.12-21.11.39:122][902]LogAudioMixer: Display: Starting AudioMixerPlatformInterface::RunInternal()
[2025.10.12-21.11.39:122][902]LogAudioMixer: Display: FMixerPlatformXAudio2::SubmitBuffer() called for the first time
[2025.10.12-21.11.39:122][902]LogInit: FAudioDevice initialized.
[2025.10.12-21.11.39:122][902]LogAudio: Display: Audio Device (ID: 8) registered with world 'ComidaVivaIA'.
[2025.10.12-21.11.39:132][902]LogLoad: Game class is 'BP_GameMode_C'
[2025.10.12-21.11.39:133][902]LogWorld: Bringing World /Game/Maps/UEDPIE_0_ComidaVivaIA.ComidaVivaIA up for play (max tick rate 0) at 2025.10.12-15.11.39
[2025.10.12-21.11.39:133][902]LogWorld: Bringing up level for play took: 0.001083
[2025.10.12-21.11.39:134][902]LogOnline: OSS: Creating online subsystem instance for: :Context_16
[2025.10.12-21.11.39:136][902]LogBlueprintUserMessages: [BP_ClareCharacter_C_0] BP_Sarten
[2025.10.12-21.11.39:137][902]LogBlueprintUserMessages: [BP_ClareCharacter_C_0] BP_Olla
[2025.10.12-21.11.39:139][902]LogBlueprintUserMessages: [BP_ClareCharacter_C_0] BP_LlaveInglesa
[2025.10.12-21.11.39:140][902]LogBlueprintUserMessages: [BP_ClareCharacter_C_0] BP_Escoba
[2025.10.12-21.11.39:142][902]LogBlueprintUserMessages: [BP_ClareCharacter_C_0] BP_Trapeador
[2025.10.12-21.11.39:144][902]LogBlueprintUserMessages: [BP_ClareCharacter_C_0] BP_Extintor
[2025.10.12-21.11.39:145][902]LogBlueprintUserMessages: [BP_ClareCharacter_C_0] BP_Cuchillo
[2025.10.12-21.11.39:146][902]PIE: Server logged in
[2025.10.12-21.11.39:147][902]PIE: Play in editor total start time 0.092 seconds.
[2025.10.12-21.11.39:163][903]LogBlueprintUserMessages: [BP_SwarmEnemy_2] "Përsiguiendo"
[2025.10.12-21.11.39:665][960]LogBlueprintUserMessages: [BP_SwarmEnemy_2] "Përsiguiendo"
[2025.10.12-21.11.40:165][ 20]LogBlueprintUserMessages: [BP_SwarmEnemy_2] "Përsiguiendo"
[2025.10.12-21.11.40:665][ 80]LogBlueprintUserMessages: [BP_SwarmEnemy_2] "Përsiguiendo"
[2025.10.12-21.11.41:165][140]LogBlueprintUserMessages: [BP_SwarmEnemy_2] "Përsiguiendo"
[2025.10.12-21.11.41:666][200]LogBlueprintUserMessages: [BP_SwarmEnemy_2] "Përsiguiendo"
[2025.10.12-21.11.42:165][260]LogBlueprintUserMessages: [BP_SwarmEnemy_2] "Përsiguiendo"
[2025.10.12-21.11.42:665][320]LogBlueprintUserMessages: [BP_SwarmEnemy_2] "Përsiguiendo"
[2025.10.12-21.11.43:166][380]LogBlueprintUserMessages: [BP_SwarmEnemy_2] "Përsiguiendo"
[2025.10.12-21.11.43:665][440]LogBlueprintUserMessages: [BP_SwarmEnemy_2] "Përsiguiendo"
[2025.10.12-21.11.44:049][486]LogBlueprintUserMessages: [BP_TrailDamage_2] Destruido
[2025.10.12-21.11.44:166][500]LogBlueprintUserMessages: [BP_SwarmEnemy_2] "Përsiguiendo"
[2025.10.12-21.11.44:565][548]LogBlueprintUserMessages: [BP_TrailDamage_C_0] Destruido
[2025.10.12-21.11.44:665][560]LogBlueprintUserMessages: [BP_SwarmEnemy_2] "Përsiguiendo"
[2025.10.12-21.11.45:057][607]LogBlueprintUserMessages: [BP_TrailDamage_C_1] Destruido
[2025.10.12-21.11.45:165][620]LogBlueprintUserMessages: [BP_SwarmEnemy_2] "Përsiguiendo"
[2025.10.12-21.11.45:557][667]LogBlueprintUserMessages: [BP_TrailDamage_C_2] Destruido
[2025.10.12-21.11.45:665][680]LogBlueprintUserMessages: [BP_SwarmEnemy_2] "Përsiguiendo"
[2025.10.12-21.11.46:057][727]LogBlueprintUserMessages: [BP_TrailDamage_C_3] Destruido
[2025.10.12-21.11.46:165][740]LogBlueprintUserMessages: [BP_SwarmEnemy_2] "Përsiguiendo"
[2025.10.12-21.11.46:556][787]LogBlueprintUserMessages: [BP_TrailDamage_C_4] Destruido
[2025.10.12-21.11.46:665][800]LogBlueprintUserMessages: [BP_SwarmEnemy_2] "Përsiguiendo"
[2025.10.12-21.11.47:057][847]LogBlueprintUserMessages: [BP_TrailDamage_C_5] Destruido
[2025.10.12-21.11.47:165][860]LogBlueprintUserMessages: [BP_SwarmEnemy_2] "Përsiguiendo"
[2025.10.12-21.11.47:557][907]LogBlueprintUserMessages: [BP_TrailDamage_C_6] Destruido
[2025.10.12-21.11.47:665][920]LogBlueprintUserMessages: [BP_SwarmEnemy_2] "Përsiguiendo"
[2025.10.12-21.11.48:056][967]LogBlueprintUserMessages: [BP_TrailDamage_C_7] Destruido
[2025.10.12-21.11.48:165][980]LogBlueprintUserMessages: [BP_SwarmEnemy_2] "Përsiguiendo"
[2025.10.12-21.11.48:557][ 27]LogBlueprintUserMessages: [BP_TrailDamage_C_8] Destruido
[2025.10.12-21.11.48:565][ 28]LogBlueprintUserMessages: [BP_ClareCharacter_C_0] Vida40.0
[2025.10.12-21.11.48:565][ 28]LogBlueprintUserMessages: [BP_ClareCharacter_C_0] Vida30.0
[2025.10.12-21.11.48:581][ 30]LogBlueprintUserMessages: [BP_ClareCharacter_C_0] Vida20.0
[2025.10.12-21.11.48:581][ 30]LogBlueprintUserMessages: [BP_ClareCharacter_C_0] Vida10.0
[2025.10.12-21.11.49:040][ 85]LogBlueprintUserMessages: [BP_ClareCharacter_C_0] Vida0.0
[2025.10.12-21.11.49:040][ 85]LogBlueprintUserMessages: [BP_ClareCharacter_C_0] CLARE A MUERTO
[2025.10.12-21.11.49:057][ 87]LogBlueprintUserMessages: [BP_TrailDamage_C_9] Destruido
[2025.10.12-21.11.49:557][147]LogBlueprintUserMessages: [BP_TrailDamage_C_10] Destruido
[2025.10.12-21.11.50:057][207]LogBlueprintUserMessages: [BP_TrailDamage_C_11] Destruido
[2025.10.12-21.11.50:557][267]LogBlueprintUserMessages: [BP_TrailDamage_C_12] Destruido
[2025.10.12-21.11.51:057][327]LogBlueprintUserMessages: [BP_TrailDamage_C_13] Destruido
[2025.10.12-21.11.51:556][387]LogBlueprintUserMessages: [BP_TrailDamage_C_14] Destruido
[2025.10.12-21.11.52:057][447]LogBlueprintUserMessages: [BP_TrailDamage_C_15] Destruido
[2025.10.12-21.11.52:540][501]LogSlate: Updating window title bar state: overlay mode, drag disabled, window buttons hidden, title bar hidden
[2025.10.12-21.11.52:540][501]LogWorld: BeginTearingDown for /Game/Maps/UEDPIE_0_ComidaVivaIA
[2025.10.12-21.11.52:540][501]LogWorld: UWorld::CleanupWorld for ComidaVivaIA, bSessionEnded=true, bCleanupResources=true
[2025.10.12-21.11.52:540][501]LogSlate: InvalidateAllWidgets triggered.  All widgets were invalidated
[2025.10.12-21.11.52:550][501]LogPlayLevel: Display: Shutting down PIE online subsystems
[2025.10.12-21.11.52:554][501]LogSlate: InvalidateAllWidgets triggered.  All widgets were invalidated
[2025.10.12-21.11.52:570][501]LogSlate: Updating window title bar state: overlay mode, drag disabled, window buttons hidden, title bar hidden
[2025.10.12-21.11.52:570][501]LogAudioMixer: FMixerPlatformXAudio2::StopAudioStream() called
[2025.10.12-21.11.52:571][501]LogAudioMixer: FMixerPlatformXAudio2::StopAudioStream() called
[2025.10.12-21.11.52:577][501]LogUObjectHash: Compacting FUObjectHashTables data took   1.60ms
[2025.10.12-21.11.52:621][503]LogPlayLevel: Display: Destroying online subsystem :Context_16
[2025.10.12-21.12.05:761][ 53]LogAssetEditorSubsystem: Opening Asset editor for Blueprint /Game/Characters/Content_Enemies/BP_Rata/BP_TrailDamage.BP_TrailDamage
[2025.10.12-21.12.18:429][520]BlueprintLog: New page: Compile BP_TrailDamage
[2025.10.12-21.12.18:461][520]LogUObjectHash: Compacting FUObjectHashTables data took   2.13ms
[2025.10.12-21.12.19:256][607]LogSavePackage: Moving 'C:/Users/PC/Documents/GitHub/TasteOfMadness/TasteOfMadness/Saved/BP_TrailDamage77FB092442296EEBD7DC4491784657BF.tmp' to 'C:/Users/PC/Documents/GitHub/TasteOfMadness/TasteOfMadness/Content/Characters/Content_Enemies/BP_Rata/BP_TrailDamage.uasset'
[2025.10.12-21.12.19:269][607]AssetCheck: New page: Asset Save: BP_TrailDamage
[2025.10.12-21.12.19:269][607]LogContentValidation: Display: Validating Blueprint /Game/Characters/Content_Enemies/BP_Rata/BP_TrailDamage.BP_TrailDamage
[2025.10.12-21.12.38:862][892]BlueprintLog: New page: Compile BP_TrailDamage
[2025.10.12-21.12.38:895][892]LogUObjectHash: Compacting FUObjectHashTables data took   2.59ms
[2025.10.12-21.12.39:313][936]LogSavePackage: Moving 'C:/Users/PC/Documents/GitHub/TasteOfMadness/TasteOfMadness/Saved/BP_TrailDamageF84688BB49B3FF205775D38010E18709.tmp' to 'C:/Users/PC/Documents/GitHub/TasteOfMadness/TasteOfMadness/Content/Characters/Content_Enemies/BP_Rata/BP_TrailDamage.uasset'
[2025.10.12-21.12.39:327][936]AssetCheck: New page: Asset Save: BP_TrailDamage
[2025.10.12-21.12.39:327][936]LogContentValidation: Display: Validating Blueprint /Game/Characters/Content_Enemies/BP_Rata/BP_TrailDamage.BP_TrailDamage
[2025.10.12-21.12.52:439][468]LogTemp: Repeating last play command: Selected Viewport
[2025.10.12-21.12.52:445][468]LogPlayLevel: PlayLevel: No blueprints needed recompiling
[2025.10.12-21.12.52:445][468]PIE: New page: PIE session: ComidaVivaIA (Oct 12, 2025, 10:12:52 AM)
[2025.10.12-21.12.52:477][468]LogPlayLevel: Creating play world package: /Game/Maps/UEDPIE_0_ComidaVivaIA
[2025.10.12-21.12.52:479][468]LogPlayLevel: PIE: StaticDuplicateObject took: (0.002459s)
[2025.10.12-21.12.52:480][468]LogAIModule: Creating AISystem for world ComidaVivaIA
[2025.10.12-21.12.52:480][468]LogPlayLevel: PIE: World Init took: (0.000980s)
[2025.10.12-21.12.52:480][468]LogPlayLevel: PIE: Created PIE world by copying editor world from /Game/Maps/ComidaVivaIA.ComidaVivaIA to /Game/Maps/UEDPIE_0_ComidaVivaIA.ComidaVivaIA (0.003554s)
[2025.10.12-21.12.52:500][468]LogUObjectHash: Compacting FUObjectHashTables data took   2.33ms
[2025.10.12-21.12.52:502][468]LogAudio: Display: Creating Audio Device:                 Id: 9, Scope: Unique, Realtime: True
[2025.10.12-21.12.52:502][468]LogAudioMixer: Display: Audio Mixer Platform Settings:
[2025.10.12-21.12.52:502][468]LogAudioMixer: Display: 	Sample Rate:						  48000
[2025.10.12-21.12.52:502][468]LogAudioMixer: Display: 	Callback Buffer Frame Size Requested: 1024
[2025.10.12-21.12.52:502][468]LogAudioMixer: Display: 	Callback Buffer Frame Size To Use:	  1024
[2025.10.12-21.12.52:502][468]LogAudioMixer: Display: 	Number of buffers to queue:			  2
[2025.10.12-21.12.52:502][468]LogAudioMixer: Display: 	Max Channels (voices):				  32
[2025.10.12-21.12.52:502][468]LogAudioMixer: Display: 	Number of Async Source Workers:		  0
[2025.10.12-21.12.52:502][468]LogAudio: Display: AudioDevice MaxSources: 32
[2025.10.12-21.12.52:502][468]LogAudio: Display: Audio Spatialization Plugin: None (built-in).
[2025.10.12-21.12.52:502][468]LogAudio: Display: Audio Reverb Plugin: None (built-in).
[2025.10.12-21.12.52:502][468]LogAudio: Display: Audio Occlusion Plugin: None (built-in).
[2025.10.12-21.12.52:502][468]LogAudioMixer: Display: Initializing audio mixer.
[2025.10.12-21.12.52:505][468]LogAudioMixer: Display: 0: FrontLeft
[2025.10.12-21.12.52:505][468]LogAudioMixer: Display: 1: FrontRight
[2025.10.12-21.12.52:511][468]LogAudioMixer: Display: Using Audio Device LC24RG50 (NVIDIA High Definition Audio)
[2025.10.12-21.12.52:511][468]LogAudioMixer: Display: Initializing Sound Submixes...
[2025.10.12-21.12.52:511][468]LogAudioMixer: Display: Creating Master Submix 'MasterSubmixDefault'
[2025.10.12-21.12.52:511][468]LogAudioMixer: Display: Creating Master Submix 'MasterReverbSubmixDefault'
[2025.10.12-21.12.52:511][468]LogAudioMixer: Display: Creating Master Submix 'MasterEQSubmixDefault'
[2025.10.12-21.12.52:511][468]LogAudioMixer: FMixerPlatformXAudio2::StartAudioStream() called
[2025.10.12-21.12.52:511][468]LogAudioMixer: Display: Output buffers initialized: Frames=1024, Channels=2, Samples=2048
[2025.10.12-21.12.52:512][468]LogAudioMixer: Display: Starting AudioMixerPlatformInterface::RunInternal()
[2025.10.12-21.12.52:512][468]LogAudioMixer: Display: FMixerPlatformXAudio2::SubmitBuffer() called for the first time
[2025.10.12-21.12.52:512][468]LogInit: FAudioDevice initialized.
[2025.10.12-21.12.52:512][468]LogAudio: Display: Audio Device (ID: 9) registered with world 'ComidaVivaIA'.
[2025.10.12-21.12.52:520][468]LogLoad: Game class is 'BP_GameMode_C'
[2025.10.12-21.12.52:522][468]LogWorld: Bringing World /Game/Maps/UEDPIE_0_ComidaVivaIA.ComidaVivaIA up for play (max tick rate 0) at 2025.10.12-15.12.52
[2025.10.12-21.12.52:522][468]LogWorld: Bringing up level for play took: 0.001042
[2025.10.12-21.12.52:522][468]LogOnline: OSS: Creating online subsystem instance for: :Context_18
[2025.10.12-21.12.52:524][468]LogBlueprintUserMessages: [BP_ClareCharacter_C_0] BP_Sarten
[2025.10.12-21.12.52:526][468]LogBlueprintUserMessages: [BP_ClareCharacter_C_0] BP_Olla
[2025.10.12-21.12.52:528][468]LogBlueprintUserMessages: [BP_ClareCharacter_C_0] BP_LlaveInglesa
[2025.10.12-21.12.52:530][468]LogBlueprintUserMessages: [BP_ClareCharacter_C_0] BP_Escoba
[2025.10.12-21.12.52:531][468]LogBlueprintUserMessages: [BP_ClareCharacter_C_0] BP_Trapeador
[2025.10.12-21.12.52:533][468]LogBlueprintUserMessages: [BP_ClareCharacter_C_0] BP_Extintor
[2025.10.12-21.12.52:534][468]LogBlueprintUserMessages: [BP_ClareCharacter_C_0] BP_Cuchillo
[2025.10.12-21.12.52:536][468]PIE: Server logged in
[2025.10.12-21.12.52:537][468]PIE: Play in editor total start time 0.094 seconds.
[2025.10.12-21.12.52:635][479]LogBlueprintUserMessages: [BP_SwarmEnemy_2] "Përsiguiendo"
[2025.10.12-21.12.53:138][537]LogBlueprintUserMessages: [BP_SwarmEnemy_2] "Përsiguiendo"
[2025.10.12-21.12.55:447][814]LogBlueprintUserMessages: [BP_ClareCharacter_C_0] Vida45.0
[2025.10.12-21.12.57:439][ 53]LogBlueprintUserMessages: [BP_TrailDamage_2] Destruido
[2025.10.12-21.12.57:947][114]LogBlueprintUserMessages: [BP_TrailDamage_C_0] Destruido
[2025.10.12-21.12.58:447][174]LogBlueprintUserMessages: [BP_TrailDamage_C_1] Destruido
[2025.10.12-21.12.58:947][234]LogBlueprintUserMessages: [BP_TrailDamage_C_2] Destruido
[2025.10.12-21.12.59:447][294]LogBlueprintUserMessages: [BP_TrailDamage_C_3] Destruido
[2025.10.12-21.12.59:947][354]LogBlueprintUserMessages: [BP_TrailDamage_C_4] Destruido
[2025.10.12-21.13.00:447][414]LogBlueprintUserMessages: [BP_TrailDamage_C_5] Destruido
[2025.10.12-21.13.00:947][474]LogBlueprintUserMessages: [BP_TrailDamage_C_6] Destruido
[2025.10.12-21.13.01:447][534]LogBlueprintUserMessages: [BP_TrailDamage_C_7] Destruido
[2025.10.12-21.13.01:947][594]LogBlueprintUserMessages: [BP_TrailDamage_C_8] Destruido
[2025.10.12-21.13.02:447][654]LogBlueprintUserMessages: [BP_TrailDamage_C_9] Destruido
[2025.10.12-21.13.02:878][701]LogSlate: Updating window title bar state: overlay mode, drag disabled, window buttons hidden, title bar hidden
[2025.10.12-21.13.02:878][701]LogWorld: BeginTearingDown for /Game/Maps/UEDPIE_0_ComidaVivaIA
[2025.10.12-21.13.02:878][701]LogWorld: UWorld::CleanupWorld for ComidaVivaIA, bSessionEnded=true, bCleanupResources=true
[2025.10.12-21.13.02:878][701]LogSlate: InvalidateAllWidgets triggered.  All widgets were invalidated
[2025.10.12-21.13.02:888][701]LogPlayLevel: Display: Shutting down PIE online subsystems
[2025.10.12-21.13.02:892][701]LogSlate: InvalidateAllWidgets triggered.  All widgets were invalidated
[2025.10.12-21.13.02:908][701]LogAudio: Display: Audio Device unregistered from world 'None'.
[2025.10.12-21.13.02:908][701]LogAudioMixer: FMixerPlatformXAudio2::StopAudioStream() called
[2025.10.12-21.13.02:909][701]LogAudioMixer: FMixerPlatformXAudio2::StopAudioStream() called
[2025.10.12-21.13.02:911][701]LogSlate: Updating window title bar state: overlay mode, drag disabled, window buttons hidden, title bar hidden
[2025.10.12-21.13.02:913][701]LogUObjectHash: Compacting FUObjectHashTables data took   1.64ms
[2025.10.12-21.13.02:956][703]LogPlayLevel: Display: Destroying online subsystem :Context_18
[2025.10.12-21.14.36:255][ 79]Cmd: OBJ SAVEPACKAGE PACKAGE="/Game/Maps/ComidaVivaIA" FILE="C:/Users/PC/Documents/GitHub/TasteOfMadness/TasteOfMadness/Content/Maps/ComidaVivaIA.umap" SILENT=true AUTOSAVING=false KEEPDIRTY=false
[2025.10.12-21.14.36:274][ 79]LogUObjectHash: Compacting FUObjectHashTables data took   1.58ms
[2025.10.12-21.14.36:284][ 79]LogSavePackage: Moving 'C:/Users/PC/Documents/GitHub/TasteOfMadness/TasteOfMadness/Saved/ComidaVivaIA54C2DC9243365209B9AAE9991D6664EC.tmp' to 'C:/Users/PC/Documents/GitHub/TasteOfMadness/TasteOfMadness/Content/Maps/ComidaVivaIA.umap'
[2025.10.12-21.14.36:308][ 79]AssetCheck: New page: Asset Save: ComidaVivaIA
[2025.10.12-21.14.36:308][ 79]LogContentValidation: Display: Validating World /Game/Maps/ComidaVivaIA.ComidaVivaIA
[2025.10.12-21.14.37:526][223]LogTemp: Repeating last play command: Selected Viewport
[2025.10.12-21.14.37:535][223]LogPlayLevel: PlayLevel: No blueprints needed recompiling
[2025.10.12-21.14.37:535][223]PIE: New page: PIE session: ComidaVivaIA (Oct 12, 2025, 10:14:37 AM)
[2025.10.12-21.14.37:535][223]LogPlayLevel: Creating play world package: /Game/Maps/UEDPIE_0_ComidaVivaIA
[2025.10.12-21.14.37:538][223]LogPlayLevel: PIE: StaticDuplicateObject took: (0.002366s)
[2025.10.12-21.14.37:538][223]LogAIModule: Creating AISystem for world ComidaVivaIA
[2025.10.12-21.14.37:538][223]LogPlayLevel: PIE: World Init took: (0.000816s)
[2025.10.12-21.14.37:539][223]LogPlayLevel: PIE: Created PIE world by copying editor world from /Game/Maps/ComidaVivaIA.ComidaVivaIA to /Game/Maps/UEDPIE_0_ComidaVivaIA.ComidaVivaIA (0.003277s)
[2025.10.12-21.14.37:557][223]LogUObjectHash: Compacting FUObjectHashTables data took   1.86ms
[2025.10.12-21.14.37:558][223]LogAudio: Display: Creating Audio Device:                 Id: 10, Scope: Unique, Realtime: True
[2025.10.12-21.14.37:558][223]LogAudioMixer: Display: Audio Mixer Platform Settings:
[2025.10.12-21.14.37:558][223]LogAudioMixer: Display: 	Sample Rate:						  48000
[2025.10.12-21.14.37:558][223]LogAudioMixer: Display: 	Callback Buffer Frame Size Requested: 1024
[2025.10.12-21.14.37:558][223]LogAudioMixer: Display: 	Callback Buffer Frame Size To Use:	  1024
[2025.10.12-21.14.37:558][223]LogAudioMixer: Display: 	Number of buffers to queue:			  2
[2025.10.12-21.14.37:558][223]LogAudioMixer: Display: 	Max Channels (voices):				  32
[2025.10.12-21.14.37:558][223]LogAudioMixer: Display: 	Number of Async Source Workers:		  0
[2025.10.12-21.14.37:558][223]LogAudio: Display: AudioDevice MaxSources: 32
[2025.10.12-21.14.37:559][223]LogAudio: Display: Audio Spatialization Plugin: None (built-in).
[2025.10.12-21.14.37:559][223]LogAudio: Display: Audio Reverb Plugin: None (built-in).
[2025.10.12-21.14.37:559][223]LogAudio: Display: Audio Occlusion Plugin: None (built-in).
[2025.10.12-21.14.37:559][223]LogAudioMixer: Display: Initializing audio mixer.
[2025.10.12-21.14.37:561][223]LogAudioMixer: Display: 0: FrontLeft
[2025.10.12-21.14.37:561][223]LogAudioMixer: Display: 1: FrontRight
[2025.10.12-21.14.37:568][223]LogAudioMixer: Display: Using Audio Device LC24RG50 (NVIDIA High Definition Audio)
[2025.10.12-21.14.37:568][223]LogAudioMixer: Display: Initializing Sound Submixes...
[2025.10.12-21.14.37:568][223]LogAudioMixer: Display: Creating Master Submix 'MasterSubmixDefault'
[2025.10.12-21.14.37:568][223]LogAudioMixer: Display: Creating Master Submix 'MasterReverbSubmixDefault'
[2025.10.12-21.14.37:568][223]LogAudioMixer: Display: Creating Master Submix 'MasterEQSubmixDefault'
[2025.10.12-21.14.37:568][223]LogAudioMixer: FMixerPlatformXAudio2::StartAudioStream() called
[2025.10.12-21.14.37:568][223]LogAudioMixer: Display: Output buffers initialized: Frames=1024, Channels=2, Samples=2048
[2025.10.12-21.14.37:569][223]LogAudioMixer: Display: Starting AudioMixerPlatformInterface::RunInternal()
[2025.10.12-21.14.37:569][223]LogAudioMixer: Display: FMixerPlatformXAudio2::SubmitBuffer() called for the first time
[2025.10.12-21.14.37:569][223]LogInit: FAudioDevice initialized.
[2025.10.12-21.14.37:569][223]LogAudio: Display: Audio Device (ID: 10) registered with world 'ComidaVivaIA'.
[2025.10.12-21.14.37:577][223]LogLoad: Game class is 'BP_GameMode_C'
[2025.10.12-21.14.37:578][223]LogWorld: Bringing World /Game/Maps/UEDPIE_0_ComidaVivaIA.ComidaVivaIA up for play (max tick rate 0) at 2025.10.12-15.14.37
[2025.10.12-21.14.37:578][223]LogWorld: Bringing up level for play took: 0.001049
[2025.10.12-21.14.37:578][223]LogOnline: OSS: Creating online subsystem instance for: :Context_19
[2025.10.12-21.14.37:581][223]LogBlueprintUserMessages: [BP_ClareCharacter_C_0] BP_Sarten
[2025.10.12-21.14.37:582][223]LogBlueprintUserMessages: [BP_ClareCharacter_C_0] BP_Olla
[2025.10.12-21.14.37:584][223]LogBlueprintUserMessages: [BP_ClareCharacter_C_0] BP_LlaveInglesa
[2025.10.12-21.14.37:585][223]LogBlueprintUserMessages: [BP_ClareCharacter_C_0] BP_Escoba
[2025.10.12-21.14.37:587][223]LogBlueprintUserMessages: [BP_ClareCharacter_C_0] BP_Trapeador
[2025.10.12-21.14.37:588][223]LogBlueprintUserMessages: [BP_ClareCharacter_C_0] BP_Extintor
[2025.10.12-21.14.37:590][223]LogBlueprintUserMessages: [BP_ClareCharacter_C_0] BP_Cuchillo
[2025.10.12-21.14.37:591][223]PIE: Server logged in
[2025.10.12-21.14.37:592][223]PIE: Play in editor total start time 0.062 seconds.
[2025.10.12-21.14.37:746][240]LogBlueprintUserMessages: [BP_SwarmEnemy_2] "Përsiguiendo"
[2025.10.12-21.14.38:246][300]LogBlueprintUserMessages: [BP_SwarmEnemy_2] "Përsiguiendo"
[2025.10.12-21.14.38:571][339]LogBlueprintUserMessages: [BP_ClareCharacter_C_0] Vida45.0
[2025.10.12-21.14.38:746][360]LogBlueprintUserMessages: [BP_SwarmEnemy_2] "Përsiguiendo"
[2025.10.12-21.14.41:505][691]LogBlueprintUserMessages: [BP_ClareCharacter_C_0] Vida40.0
[2025.10.12-21.14.41:588][701]LogBlueprintUserMessages: [BP_ClareCharacter_C_0] Vida35.0
[2025.10.12-21.14.42:521][813]LogBlueprintUserMessages: [BP_TrailDamage_2] Destruido
[2025.10.12-21.14.43:029][874]LogBlueprintUserMessages: [BP_TrailDamage_C_0] Destruido
[2025.10.12-21.14.43:530][934]LogBlueprintUserMessages: [BP_TrailDamage_C_1] Destruido
[2025.10.12-21.14.44:030][994]LogBlueprintUserMessages: [BP_TrailDamage_C_2] Destruido
[2025.10.12-21.14.44:530][ 54]LogBlueprintUserMessages: [BP_TrailDamage_C_3] Destruido
[2025.10.12-21.14.45:030][114]LogBlueprintUserMessages: [BP_TrailDamage_C_4] Destruido
[2025.10.12-21.14.45:529][174]LogBlueprintUserMessages: [BP_TrailDamage_C_5] Destruido
[2025.10.12-21.14.46:029][234]LogBlueprintUserMessages: [BP_TrailDamage_C_6] Destruido
[2025.10.12-21.14.46:529][294]LogBlueprintUserMessages: [BP_TrailDamage_C_7] Destruido
[2025.10.12-21.14.47:029][354]LogBlueprintUserMessages: [BP_TrailDamage_C_8] Destruido
[2025.10.12-21.14.47:529][414]LogBlueprintUserMessages: [BP_TrailDamage_C_9] Destruido
[2025.10.12-21.14.48:029][474]LogBlueprintUserMessages: [BP_TrailDamage_C_10] Destruido
[2025.10.12-21.14.48:530][534]LogBlueprintUserMessages: [BP_TrailDamage_C_11] Destruido
[2025.10.12-21.14.49:030][594]LogBlueprintUserMessages: [BP_TrailDamage_C_12] Destruido
[2025.10.12-21.14.49:530][654]LogBlueprintUserMessages: [BP_TrailDamage_C_13] Destruido
[2025.10.12-21.14.50:030][714]LogBlueprintUserMessages: [BP_TrailDamage_C_14] Destruido
[2025.10.12-21.14.50:530][774]LogBlueprintUserMessages: [BP_TrailDamage_C_15] Destruido
[2025.10.12-21.14.50:830][810]LogBlueprintUserMessages: [BP_ClareCharacter_C_0] Vida30.0
[2025.10.12-21.14.50:830][810]LogBlueprintUserMessages: [BP_ClareCharacter_C_0] Vida25.0
[2025.10.12-21.14.50:830][810]LogBlueprintUserMessages: [BP_ClareCharacter_C_0] Vida20.0
[2025.10.12-21.14.50:830][810]LogBlueprintUserMessages: [BP_ClareCharacter_C_0] Vida15.0
[2025.10.12-21.14.50:830][810]LogBlueprintUserMessages: [BP_ClareCharacter_C_0] Vida10.0
[2025.10.12-21.14.50:830][810]LogBlueprintUserMessages: [BP_ClareCharacter_C_0] Vida5.0
[2025.10.12-21.14.50:830][810]LogBlueprintUserMessages: [BP_ClareCharacter_C_0] Vida0.0
[2025.10.12-21.14.50:830][810]LogBlueprintUserMessages: [BP_ClareCharacter_C_0] CLARE A MUERTO
[2025.10.12-21.14.50:830][810]LogBlueprintUserMessages: [BP_ClareCharacter_C_0] Vida0.0
[2025.10.12-21.14.50:830][810]LogBlueprintUserMessages: [BP_ClareCharacter_C_0] CLARE A MUERTO
[2025.10.12-21.14.50:830][810]LogBlueprintUserMessages: [BP_ClareCharacter_C_0] Vida0.0
[2025.10.12-21.14.50:830][810]LogBlueprintUserMessages: [BP_ClareCharacter_C_0] CLARE A MUERTO
[2025.10.12-21.14.50:830][810]LogBlueprintUserMessages: [BP_ClareCharacter_C_0] Vida0.0
[2025.10.12-21.14.50:830][810]LogBlueprintUserMessages: [BP_ClareCharacter_C_0] CLARE A MUERTO
[2025.10.12-21.14.51:030][834]LogBlueprintUserMessages: [BP_TrailDamage_C_16] Destruido
[2025.10.12-21.14.51:530][894]LogBlueprintUserMessages: [BP_TrailDamage_C_17] Destruido
[2025.10.12-21.14.52:030][954]LogBlueprintUserMessages: [BP_TrailDamage_C_18] Destruido
[2025.10.12-21.14.52:530][ 14]LogBlueprintUserMessages: [BP_TrailDamage_C_19] Destruido
[2025.10.12-21.14.53:030][ 74]LogBlueprintUserMessages: [BP_TrailDamage_C_20] Destruido
[2025.10.12-21.14.53:530][134]LogBlueprintUserMessages: [BP_TrailDamage_C_21] Destruido
[2025.10.12-21.14.54:030][194]LogBlueprintUserMessages: [BP_TrailDamage_C_22] Destruido
[2025.10.12-21.14.54:530][254]LogBlueprintUserMessages: [BP_TrailDamage_C_23] Destruido
[2025.10.12-21.14.55:030][314]LogBlueprintUserMessages: [BP_TrailDamage_C_24] Destruido
[2025.10.12-21.14.55:213][332]LogSlate: Updating window title bar state: overlay mode, drag disabled, window buttons hidden, title bar hidden
[2025.10.12-21.14.55:213][332]LogWorld: BeginTearingDown for /Game/Maps/UEDPIE_0_ComidaVivaIA
[2025.10.12-21.14.55:214][332]LogWorld: UWorld::CleanupWorld for ComidaVivaIA, bSessionEnded=true, bCleanupResources=true
[2025.10.12-21.14.55:214][332]LogSlate: InvalidateAllWidgets triggered.  All widgets were invalidated
[2025.10.12-21.14.55:222][332]LogPlayLevel: Display: Shutting down PIE online subsystems
[2025.10.12-21.14.55:231][332]LogSlate: InvalidateAllWidgets triggered.  All widgets were invalidated
[2025.10.12-21.14.55:248][332]LogAudio: Display: Audio Device unregistered from world 'None'.
[2025.10.12-21.14.55:249][332]LogAudioMixer: FMixerPlatformXAudio2::StopAudioStream() called
[2025.10.12-21.14.55:250][332]LogAudioMixer: FMixerPlatformXAudio2::StopAudioStream() called
[2025.10.12-21.14.55:252][332]LogSlate: Updating window title bar state: overlay mode, drag disabled, window buttons hidden, title bar hidden
[2025.10.12-21.14.55:257][332]LogUObjectHash: Compacting FUObjectHashTables data took   1.81ms
[2025.10.12-21.14.55:306][334]LogPlayLevel: Display: Destroying online subsystem :Context_19
[2025.10.12-21.15.44:910][277]LogTemp: Repeating last play command: Selected Viewport
[2025.10.12-21.15.44:915][277]LogPlayLevel: PlayLevel: No blueprints needed recompiling
[2025.10.12-21.15.44:915][277]PIE: New page: PIE session: ComidaVivaIA (Oct 12, 2025, 10:15:44 AM)
[2025.10.12-21.15.44:950][277]LogPlayLevel: Creating play world package: /Game/Maps/UEDPIE_0_ComidaVivaIA
[2025.10.12-21.15.44:953][277]LogPlayLevel: PIE: StaticDuplicateObject took: (0.002502s)
[2025.10.12-21.15.44:954][277]LogAIModule: Creating AISystem for world ComidaVivaIA
[2025.10.12-21.15.44:954][277]LogPlayLevel: PIE: World Init took: (0.000996s)
[2025.10.12-21.15.44:954][277]LogPlayLevel: PIE: Created PIE world by copying editor world from /Game/Maps/ComidaVivaIA.ComidaVivaIA to /Game/Maps/UEDPIE_0_ComidaVivaIA.ComidaVivaIA (0.003605s)
[2025.10.12-21.15.44:975][277]LogUObjectHash: Compacting FUObjectHashTables data took   1.79ms
[2025.10.12-21.15.44:978][277]LogAudio: Display: Creating Audio Device:                 Id: 11, Scope: Unique, Realtime: True
[2025.10.12-21.15.44:978][277]LogAudioMixer: Display: Audio Mixer Platform Settings:
[2025.10.12-21.15.44:978][277]LogAudioMixer: Display: 	Sample Rate:						  48000
[2025.10.12-21.15.44:978][277]LogAudioMixer: Display: 	Callback Buffer Frame Size Requested: 1024
[2025.10.12-21.15.44:978][277]LogAudioMixer: Display: 	Callback Buffer Frame Size To Use:	  1024
[2025.10.12-21.15.44:978][277]LogAudioMixer: Display: 	Number of buffers to queue:			  2
[2025.10.12-21.15.44:978][277]LogAudioMixer: Display: 	Max Channels (voices):				  32
[2025.10.12-21.15.44:978][277]LogAudioMixer: Display: 	Number of Async Source Workers:		  0
[2025.10.12-21.15.44:978][277]LogAudio: Display: AudioDevice MaxSources: 32
[2025.10.12-21.15.44:978][277]LogAudio: Display: Audio Spatialization Plugin: None (built-in).
[2025.10.12-21.15.44:978][277]LogAudio: Display: Audio Reverb Plugin: None (built-in).
[2025.10.12-21.15.44:978][277]LogAudio: Display: Audio Occlusion Plugin: None (built-in).
[2025.10.12-21.15.44:978][277]LogAudioMixer: Display: Initializing audio mixer.
[2025.10.12-21.15.44:981][277]LogAudioMixer: Display: 0: FrontLeft
[2025.10.12-21.15.44:981][277]LogAudioMixer: Display: 1: FrontRight
[2025.10.12-21.15.44:988][277]LogAudioMixer: Display: Using Audio Device LC24RG50 (NVIDIA High Definition Audio)
[2025.10.12-21.15.44:988][277]LogAudioMixer: Display: Initializing Sound Submixes...
[2025.10.12-21.15.44:988][277]LogAudioMixer: Display: Creating Master Submix 'MasterSubmixDefault'
[2025.10.12-21.15.44:988][277]LogAudioMixer: Display: Creating Master Submix 'MasterReverbSubmixDefault'
[2025.10.12-21.15.44:989][277]LogAudioMixer: Display: Creating Master Submix 'MasterEQSubmixDefault'
[2025.10.12-21.15.44:989][277]LogAudioMixer: FMixerPlatformXAudio2::StartAudioStream() called
[2025.10.12-21.15.44:989][277]LogAudioMixer: Display: Output buffers initialized: Frames=1024, Channels=2, Samples=2048
[2025.10.12-21.15.44:989][277]LogAudioMixer: Display: Starting AudioMixerPlatformInterface::RunInternal()
[2025.10.12-21.15.44:989][277]LogAudioMixer: Display: FMixerPlatformXAudio2::SubmitBuffer() called for the first time
[2025.10.12-21.15.44:989][277]LogInit: FAudioDevice initialized.
[2025.10.12-21.15.44:990][277]LogAudio: Display: Audio Device (ID: 11) registered with world 'ComidaVivaIA'.
[2025.10.12-21.15.44:996][277]LogLoad: Game class is 'BP_GameMode_C'
[2025.10.12-21.15.44:998][277]LogWorld: Bringing World /Game/Maps/UEDPIE_0_ComidaVivaIA.ComidaVivaIA up for play (max tick rate 0) at 2025.10.12-15.15.44
[2025.10.12-21.15.44:998][277]LogWorld: Bringing up level for play took: 0.001038
[2025.10.12-21.15.44:998][277]LogOnline: OSS: Creating online subsystem instance for: :Context_20
[2025.10.12-21.15.45:000][277]LogBlueprintUserMessages: [BP_ClareCharacter_C_0] BP_Sarten
[2025.10.12-21.15.45:003][277]LogBlueprintUserMessages: [BP_ClareCharacter_C_0] BP_Olla
[2025.10.12-21.15.45:005][277]LogBlueprintUserMessages: [BP_ClareCharacter_C_0] BP_LlaveInglesa
[2025.10.12-21.15.45:007][277]LogBlueprintUserMessages: [BP_ClareCharacter_C_0] BP_Escoba
[2025.10.12-21.15.45:008][277]LogBlueprintUserMessages: [BP_ClareCharacter_C_0] BP_Trapeador
[2025.10.12-21.15.45:010][277]LogBlueprintUserMessages: [BP_ClareCharacter_C_0] BP_Extintor
[2025.10.12-21.15.45:011][277]LogBlueprintUserMessages: [BP_ClareCharacter_C_0] BP_Cuchillo
[2025.10.12-21.15.45:012][277]PIE: Server logged in
[2025.10.12-21.15.45:013][277]PIE: Play in editor total start time 0.098 seconds.
[2025.10.12-21.15.45:031][278]LogBlueprintUserMessages: [BP_SwarmEnemy_2] "Përsiguiendo"
[2025.10.12-21.15.45:531][338]LogBlueprintUserMessages: [BP_SwarmEnemy_2] "Përsiguiendo"
[2025.10.12-21.15.46:031][398]LogBlueprintUserMessages: [BP_SwarmEnemy_2] "Përsiguiendo"
[2025.10.12-21.15.46:531][458]LogBlueprintUserMessages: [BP_SwarmEnemy_2] "Përsiguiendo"
[2025.10.12-21.15.47:031][518]LogBlueprintUserMessages: [BP_SwarmEnemy_2] "Përsiguiendo"
[2025.10.12-21.15.47:531][578]LogBlueprintUserMessages: [BP_SwarmEnemy_2] "Përsiguiendo"
[2025.10.12-21.15.48:031][638]LogBlueprintUserMessages: [BP_SwarmEnemy_2] "Përsiguiendo"
[2025.10.12-21.15.48:531][698]LogBlueprintUserMessages: [BP_SwarmEnemy_2] "Përsiguiendo"
[2025.10.12-21.15.48:864][738]LogBlueprintUserMessages: [BP_ClareCharacter_C_0] Vida45.0
[2025.10.12-21.15.49:481][812]LogBlueprintUserMessages: [BP_ClareCharacter_C_0] Vida40.0
[2025.10.12-21.15.49:905][863]LogBlueprintUserMessages: [BP_TrailDamage_2] Destruido
[2025.10.12-21.15.50:414][924]LogBlueprintUserMessages: [BP_TrailDamage_C_0] Destruido
[2025.10.12-21.15.50:914][984]LogBlueprintUserMessages: [BP_TrailDamage_C_1] Destruido
[2025.10.12-21.15.51:413][ 44]LogBlueprintUserMessages: [BP_TrailDamage_C_2] Destruido
[2025.10.12-21.15.51:914][104]LogBlueprintUserMessages: [BP_TrailDamage_C_3] Destruido
[2025.10.12-21.15.52:414][164]LogBlueprintUserMessages: [BP_TrailDamage_C_4] Destruido
[2025.10.12-21.15.52:914][224]LogBlueprintUserMessages: [BP_TrailDamage_C_5] Destruido
[2025.10.12-21.15.53:414][284]LogBlueprintUserMessages: [BP_TrailDamage_C_6] Destruido
[2025.10.12-21.15.53:914][344]LogBlueprintUserMessages: [BP_TrailDamage_C_7] Destruido
[2025.10.12-21.15.54:414][404]LogBlueprintUserMessages: [BP_TrailDamage_C_8] Destruido
[2025.10.12-21.15.54:914][464]LogBlueprintUserMessages: [BP_TrailDamage_C_9] Destruido
[2025.10.12-21.15.55:414][524]LogBlueprintUserMessages: [BP_TrailDamage_C_10] Destruido
[2025.10.12-21.15.55:914][584]LogBlueprintUserMessages: [BP_TrailDamage_C_11] Destruido
[2025.10.12-21.15.56:414][644]LogBlueprintUserMessages: [BP_TrailDamage_C_12] Destruido
[2025.10.12-21.15.56:915][704]LogBlueprintUserMessages: [BP_TrailDamage_C_13] Destruido
[2025.10.12-21.15.57:414][764]LogBlueprintUserMessages: [BP_TrailDamage_C_14] Destruido
[2025.10.12-21.15.57:914][824]LogBlueprintUserMessages: [BP_TrailDamage_C_15] Destruido
[2025.10.12-21.15.58:414][884]LogBlueprintUserMessages: [BP_TrailDamage_C_16] Destruido
[2025.10.12-21.15.58:914][944]LogBlueprintUserMessages: [BP_TrailDamage_C_17] Destruido
[2025.10.12-21.15.59:414][  4]LogBlueprintUserMessages: [BP_TrailDamage_C_18] Destruido
[2025.10.12-21.15.59:915][ 64]LogBlueprintUserMessages: [BP_TrailDamage_C_19] Destruido
[2025.10.12-21.16.00:415][124]LogBlueprintUserMessages: [BP_TrailDamage_C_20] Destruido
[2025.10.12-21.16.00:914][184]LogBlueprintUserMessages: [BP_TrailDamage_C_21] Destruido
[2025.10.12-21.16.01:414][244]LogBlueprintUserMessages: [BP_TrailDamage_C_22] Destruido
[2025.10.12-21.16.01:914][304]LogBlueprintUserMessages: [BP_TrailDamage_C_23] Destruido
[2025.10.12-21.16.02:415][364]LogBlueprintUserMessages: [BP_TrailDamage_C_24] Destruido
[2025.10.12-21.16.02:915][424]LogBlueprintUserMessages: [BP_TrailDamage_C_25] Destruido
[2025.10.12-21.16.03:414][484]LogBlueprintUserMessages: [BP_TrailDamage_C_26] Destruido
[2025.10.12-21.16.03:915][544]LogBlueprintUserMessages: [BP_TrailDamage_C_27] Destruido
[2025.10.12-21.16.04:414][604]LogBlueprintUserMessages: [BP_TrailDamage_C_28] Destruido
[2025.10.12-21.16.04:914][664]LogBlueprintUserMessages: [BP_TrailDamage_C_29] Destruido
[2025.10.12-21.16.05:414][724]LogBlueprintUserMessages: [BP_TrailDamage_C_30] Destruido
[2025.10.12-21.16.05:915][784]LogBlueprintUserMessages: [BP_TrailDamage_C_31] Destruido
[2025.10.12-21.16.06:414][844]LogBlueprintUserMessages: [BP_TrailDamage_C_32] Destruido
[2025.10.12-21.16.06:914][904]LogBlueprintUserMessages: [BP_TrailDamage_C_33] Destruido
[2025.10.12-21.16.06:961][907]LogSlate: Updating window title bar state: overlay mode, drag disabled, window buttons hidden, title bar hidden
[2025.10.12-21.16.06:961][907]LogWorld: BeginTearingDown for /Game/Maps/UEDPIE_0_ComidaVivaIA
[2025.10.12-21.16.06:961][907]LogWorld: UWorld::CleanupWorld for ComidaVivaIA, bSessionEnded=true, bCleanupResources=true
[2025.10.12-21.16.06:961][907]LogSlate: InvalidateAllWidgets triggered.  All widgets were invalidated
[2025.10.12-21.16.06:969][907]LogPlayLevel: Display: Shutting down PIE online subsystems
[2025.10.12-21.16.06:978][907]LogSlate: InvalidateAllWidgets triggered.  All widgets were invalidated
[2025.10.12-21.16.06:998][907]LogSlate: Updating window title bar state: overlay mode, drag disabled, window buttons hidden, title bar hidden
[2025.10.12-21.16.06:999][907]LogAudioMixer: FMixerPlatformXAudio2::StopAudioStream() called
[2025.10.12-21.16.07:000][907]LogAudioMixer: FMixerPlatformXAudio2::StopAudioStream() called
[2025.10.12-21.16.07:006][907]LogUObjectHash: Compacting FUObjectHashTables data took   1.60ms
[2025.10.12-21.16.07:055][909]LogPlayLevel: Display: Destroying online subsystem :Context_20
[2025.10.12-21.16.10:172][282]LogTemp: Repeating last play command: Selected Viewport
[2025.10.12-21.16.10:177][282]LogPlayLevel: PlayLevel: No blueprints needed recompiling
[2025.10.12-21.16.10:177][282]PIE: New page: PIE session: ComidaVivaIA (Oct 12, 2025, 10:16:10 AM)
[2025.10.12-21.16.10:210][282]LogPlayLevel: Creating play world package: /Game/Maps/UEDPIE_0_ComidaVivaIA
[2025.10.12-21.16.10:212][282]LogPlayLevel: PIE: StaticDuplicateObject took: (0.002397s)
[2025.10.12-21.16.10:213][282]LogAIModule: Creating AISystem for world ComidaVivaIA
[2025.10.12-21.16.10:213][282]LogPlayLevel: PIE: World Init took: (0.000862s)
[2025.10.12-21.16.10:213][282]LogPlayLevel: PIE: Created PIE world by copying editor world from /Game/Maps/ComidaVivaIA.ComidaVivaIA to /Game/Maps/UEDPIE_0_ComidaVivaIA.ComidaVivaIA (0.003360s)
[2025.10.12-21.16.10:232][282]LogUObjectHash: Compacting FUObjectHashTables data took   1.86ms
[2025.10.12-21.16.10:233][282]LogAudio: Display: Creating Audio Device:                 Id: 12, Scope: Unique, Realtime: True
[2025.10.12-21.16.10:233][282]LogAudioMixer: Display: Audio Mixer Platform Settings:
[2025.10.12-21.16.10:233][282]LogAudioMixer: Display: 	Sample Rate:						  48000
[2025.10.12-21.16.10:233][282]LogAudioMixer: Display: 	Callback Buffer Frame Size Requested: 1024
[2025.10.12-21.16.10:233][282]LogAudioMixer: Display: 	Callback Buffer Frame Size To Use:	  1024
[2025.10.12-21.16.10:233][282]LogAudioMixer: Display: 	Number of buffers to queue:			  2
[2025.10.12-21.16.10:233][282]LogAudioMixer: Display: 	Max Channels (voices):				  32
[2025.10.12-21.16.10:233][282]LogAudioMixer: Display: 	Number of Async Source Workers:		  0
[2025.10.12-21.16.10:233][282]LogAudio: Display: AudioDevice MaxSources: 32
[2025.10.12-21.16.10:234][282]LogAudio: Display: Audio Spatialization Plugin: None (built-in).
[2025.10.12-21.16.10:234][282]LogAudio: Display: Audio Reverb Plugin: None (built-in).
[2025.10.12-21.16.10:234][282]LogAudio: Display: Audio Occlusion Plugin: None (built-in).
[2025.10.12-21.16.10:234][282]LogAudioMixer: Display: Initializing audio mixer.
[2025.10.12-21.16.10:236][282]LogAudioMixer: Display: 0: FrontLeft
[2025.10.12-21.16.10:236][282]LogAudioMixer: Display: 1: FrontRight
[2025.10.12-21.16.10:242][282]LogAudioMixer: Display: Using Audio Device LC24RG50 (NVIDIA High Definition Audio)
[2025.10.12-21.16.10:243][282]LogAudioMixer: Display: Initializing Sound Submixes...
[2025.10.12-21.16.10:243][282]LogAudioMixer: Display: Creating Master Submix 'MasterSubmixDefault'
[2025.10.12-21.16.10:243][282]LogAudioMixer: Display: Creating Master Submix 'MasterReverbSubmixDefault'
[2025.10.12-21.16.10:243][282]LogAudioMixer: Display: Creating Master Submix 'MasterEQSubmixDefault'
[2025.10.12-21.16.10:243][282]LogAudioMixer: FMixerPlatformXAudio2::StartAudioStream() called
[2025.10.12-21.16.10:243][282]LogAudioMixer: Display: Output buffers initialized: Frames=1024, Channels=2, Samples=2048
[2025.10.12-21.16.10:244][282]LogAudioMixer: Display: Starting AudioMixerPlatformInterface::RunInternal()
[2025.10.12-21.16.10:244][282]LogAudioMixer: Display: FMixerPlatformXAudio2::SubmitBuffer() called for the first time
[2025.10.12-21.16.10:244][282]LogInit: FAudioDevice initialized.
[2025.10.12-21.16.10:244][282]LogAudio: Display: Audio Device (ID: 12) registered with world 'ComidaVivaIA'.
[2025.10.12-21.16.10:251][282]LogLoad: Game class is 'BP_GameMode_C'
[2025.10.12-21.16.10:252][282]LogWorld: Bringing World /Game/Maps/UEDPIE_0_ComidaVivaIA.ComidaVivaIA up for play (max tick rate 0) at 2025.10.12-15.16.10
[2025.10.12-21.16.10:252][282]LogWorld: Bringing up level for play took: 0.001036
[2025.10.12-21.16.10:252][282]LogOnline: OSS: Creating online subsystem instance for: :Context_21
[2025.10.12-21.16.10:254][282]LogBlueprintUserMessages: [BP_ClareCharacter_C_0] BP_Sarten
[2025.10.12-21.16.10:256][282]LogBlueprintUserMessages: [BP_ClareCharacter_C_0] BP_Olla
[2025.10.12-21.16.10:258][282]LogBlueprintUserMessages: [BP_ClareCharacter_C_0] BP_LlaveInglesa
[2025.10.12-21.16.10:259][282]LogBlueprintUserMessages: [BP_ClareCharacter_C_0] BP_Escoba
[2025.10.12-21.16.10:261][282]LogBlueprintUserMessages: [BP_ClareCharacter_C_0] BP_Trapeador
[2025.10.12-21.16.10:262][282]LogBlueprintUserMessages: [BP_ClareCharacter_C_0] BP_Extintor
[2025.10.12-21.16.10:264][282]LogBlueprintUserMessages: [BP_ClareCharacter_C_0] BP_Cuchillo
[2025.10.12-21.16.10:265][282]PIE: Server logged in
[2025.10.12-21.16.10:266][282]PIE: Play in editor total start time 0.09 seconds.
[2025.10.12-21.16.10:438][301]LogBlueprintUserMessages: [BP_SwarmEnemy_2] "Përsiguiendo"
[2025.10.12-21.16.10:938][361]LogBlueprintUserMessages: [BP_SwarmEnemy_2] "Përsiguiendo"
[2025.10.12-21.16.11:180][390]LogBlueprintUserMessages: [BP_ClareCharacter_C_0] Vida45.0
[2025.10.12-21.16.11:537][433]LogBlueprintUserMessages: [BP_ClareCharacter_C_0] Vida40.0
[2025.10.12-21.16.11:612][442]LogBlueprintUserMessages: [BP_ClareCharacter_C_0] Vida35.0
[2025.10.12-21.16.15:170][869]LogBlueprintUserMessages: [BP_TrailDamage_2] Destruido
[2025.10.12-21.16.15:679][930]LogBlueprintUserMessages: [BP_TrailDamage_C_0] Destruido
[2025.10.12-21.16.16:179][990]LogBlueprintUserMessages: [BP_TrailDamage_C_1] Destruido
[2025.10.12-21.16.16:680][ 50]LogBlueprintUserMessages: [BP_TrailDamage_C_2] Destruido
[2025.10.12-21.16.17:179][110]LogBlueprintUserMessages: [BP_TrailDamage_C_3] Destruido
[2025.10.12-21.16.17:679][170]LogBlueprintUserMessages: [BP_TrailDamage_C_4] Destruido
[2025.10.12-21.16.18:179][230]LogBlueprintUserMessages: [BP_TrailDamage_C_5] Destruido
[2025.10.12-21.16.18:679][290]LogBlueprintUserMessages: [BP_TrailDamage_C_6] Destruido
[2025.10.12-21.16.19:180][350]LogBlueprintUserMessages: [BP_TrailDamage_C_7] Destruido
[2025.10.12-21.16.19:679][410]LogBlueprintUserMessages: [BP_TrailDamage_C_8] Destruido
[2025.10.12-21.16.20:179][470]LogBlueprintUserMessages: [BP_TrailDamage_C_9] Destruido
[2025.10.12-21.16.20:679][530]LogBlueprintUserMessages: [BP_TrailDamage_C_10] Destruido
[2025.10.12-21.16.21:179][590]LogBlueprintUserMessages: [BP_TrailDamage_C_11] Destruido
[2025.10.12-21.16.21:679][650]LogBlueprintUserMessages: [BP_TrailDamage_C_12] Destruido
[2025.10.12-21.16.22:183][708]LogBlueprintUserMessages: [BP_TrailDamage_C_13] Destruido
[2025.10.12-21.16.22:683][768]LogBlueprintUserMessages: [BP_TrailDamage_C_14] Destruido
[2025.10.12-21.16.23:183][828]LogBlueprintUserMessages: [BP_TrailDamage_C_15] Destruido
[2025.10.12-21.16.23:683][888]LogBlueprintUserMessages: [BP_TrailDamage_C_16] Destruido
[2025.10.12-21.16.24:183][948]LogBlueprintUserMessages: [BP_TrailDamage_C_17] Destruido
[2025.10.12-21.16.24:683][  8]LogBlueprintUserMessages: [BP_TrailDamage_C_18] Destruido
[2025.10.12-21.16.25:140][ 57]LogSlate: Updating window title bar state: overlay mode, drag disabled, window buttons hidden, title bar hidden
[2025.10.12-21.16.25:140][ 57]LogWorld: BeginTearingDown for /Game/Maps/UEDPIE_0_ComidaVivaIA
[2025.10.12-21.16.25:140][ 57]LogWorld: UWorld::CleanupWorld for ComidaVivaIA, bSessionEnded=true, bCleanupResources=true
[2025.10.12-21.16.25:141][ 57]LogSlate: InvalidateAllWidgets triggered.  All widgets were invalidated
[2025.10.12-21.16.25:152][ 57]LogPlayLevel: Display: Shutting down PIE online subsystems
[2025.10.12-21.16.25:159][ 57]LogSlate: InvalidateAllWidgets triggered.  All widgets were invalidated
[2025.10.12-21.16.25:175][ 57]LogSlate: Updating window title bar state: overlay mode, drag disabled, window buttons hidden, title bar hidden
[2025.10.12-21.16.25:176][ 57]LogAudioMixer: FMixerPlatformXAudio2::StopAudioStream() called
[2025.10.12-21.16.25:177][ 57]LogAudioMixer: FMixerPlatformXAudio2::StopAudioStream() called
[2025.10.12-21.16.25:181][ 57]LogUObjectHash: Compacting FUObjectHashTables data took   1.61ms
[2025.10.12-21.16.25:203][ 58]LogPlayLevel: Display: Destroying online subsystem :Context_21
[2025.10.12-21.17.35:870][119]LogSavePackage: Moving 'C:/Users/PC/Documents/GitHub/TasteOfMadness/TasteOfMadness/Saved/BP_SwarmEnemy00E9587E42329F232B5613B991730D39.tmp' to 'C:/Users/PC/Documents/GitHub/TasteOfMadness/TasteOfMadness/Content/Characters/Content_Enemies/BP_Rata/BP_SwarmEnemy.uasset'
[2025.10.12-21.17.35:885][119]AssetCheck: New page: Asset Save: BP_SwarmEnemy
[2025.10.12-21.17.35:885][119]LogContentValidation: Display: Validating Blueprint /Game/Characters/Content_Enemies/BP_Rata/BP_SwarmEnemy.BP_SwarmEnemy
[2025.10.12-21.17.36:658][211]LogWorld: UWorld::CleanupWorld for World_7, bSessionEnded=true, bCleanupResources=true
[2025.10.12-21.17.36:658][211]LogSlate: InvalidateAllWidgets triggered.  All widgets were invalidated
[2025.10.12-21.17.38:403][402]LogSavePackage: Moving 'C:/Users/PC/Documents/GitHub/TasteOfMadness/TasteOfMadness/Saved/BP_TrailDamageB1E357A246CD0D87F3E27080267513BA.tmp' to 'C:/Users/PC/Documents/GitHub/TasteOfMadness/TasteOfMadness/Content/Characters/Content_Enemies/BP_Rata/BP_TrailDamage.uasset'
[2025.10.12-21.17.38:417][402]AssetCheck: New page: Asset Save: BP_TrailDamage
[2025.10.12-21.17.38:417][402]LogContentValidation: Display: Validating Blueprint /Game/Characters/Content_Enemies/BP_Rata/BP_TrailDamage.BP_TrailDamage
[2025.10.12-21.17.39:117][485]LogActorComponent: UnregisterComponent: (/Engine/Transient.EditorFloorComp) Not registered. Aborting.
[2025.10.12-21.17.39:117][485]LogWorld: UWorld::CleanupWorld for World_9, bSessionEnded=true, bCleanupResources=true
[2025.10.12-21.17.39:117][485]LogSlate: InvalidateAllWidgets triggered.  All widgets were invalidated
[2025.10.12-21.17.42:738][905]LogAssetEditorSubsystem: Opening Asset editor for Blueprint /Game/Characters/Content_Enemies/BP_Rata/BP_SwarmEnemy.BP_SwarmEnemy
[2025.10.12-21.17.49:521][667]LogSlate: Prevented a slow task dialog from being summoned while a context menu was open
[2025.10.12-21.17.49:539][667]LogEditorClassViewer: Warning: Class /Engine/Tutorial/InWorldBlueprintEditing/TutorialAssets/IWBE_Blutility.IWBE_Blutility_C has parent /Script/Blutility.PlacedEditorUtilityBase, but this parent is not found. The Class will not be shown in ClassViewer.
[2025.10.12-21.18.14:016][820]BlueprintLog: New page: Compile BP_SwarmEnemy
[2025.10.12-21.18.14:064][820]LogUObjectHash: Compacting FUObjectHashTables data took   2.03ms
[2025.10.12-21.18.14:954][908]LogSavePackage: Moving 'C:/Users/PC/Documents/GitHub/TasteOfMadness/TasteOfMadness/Saved/BP_SwarmEnemyCD8B74214B49B89C9C25B7832F5D445C.tmp' to 'C:/Users/PC/Documents/GitHub/TasteOfMadness/TasteOfMadness/Content/Characters/Content_Enemies/BP_Rata/BP_SwarmEnemy.uasset'
[2025.10.12-21.18.14:970][908]AssetCheck: New page: Asset Save: BP_SwarmEnemy
[2025.10.12-21.18.14:970][908]LogContentValidation: Display: Validating Blueprint /Game/Characters/Content_Enemies/BP_Rata/BP_SwarmEnemy.BP_SwarmEnemy
[2025.10.12-21.18.21:003][602]BlueprintLog: New page: Compile BP_SwarmEnemy
[2025.10.12-21.18.21:009][602]LogBlueprint: Error: [AssetLog] C:\Users\PC\Documents\GitHub\TasteOfMadness\TasteOfMadness\Content\Characters\Content_Enemies\BP_Rata\BP_SwarmEnemy.uasset: [Compiler] Dependency cycle detected, preventing node  Make Transform  from being scheduled
[2025.10.12-21.18.21:009][602]LogBlueprint: Error: [AssetLog] C:\Users\PC\Documents\GitHub\TasteOfMadness\TasteOfMadness\Content\Characters\Content_Enemies\BP_Rata\BP_SwarmEnemy.uasset: [Compiler] Dependency cycle detected, preventing node  SpawnActor BP Trail Damage  from being scheduled
[2025.10.12-21.18.21:009][602]LogBlueprint: Error: [AssetLog] C:\Users\PC\Documents\GitHub\TasteOfMadness\TasteOfMadness\Content\Characters\Content_Enemies\BP_Rata\BP_SwarmEnemy.uasset: [Compiler] Dependency cycle detected, preventing node  GetActorLocation  from being scheduled
[2025.10.12-21.18.21:009][602]LogBlueprint: Error: [AssetLog] C:\Users\PC\Documents\GitHub\TasteOfMadness\TasteOfMadness\Content\Characters\Content_Enemies\BP_Rata\BP_SwarmEnemy.uasset: [Compiler] Dependency cycle detected, preventing node  vector - vector  from being scheduled
[2025.10.12-21.18.21:010][602]LogBlueprint: Error: [AssetLog] C:\Users\PC\Documents\GitHub\TasteOfMadness\TasteOfMadness\Content\Characters\Content_Enemies\BP_Rata\BP_SwarmEnemy.uasset: [Compiler] Dependency cycle detected, preventing node  SpawnActor BP Trail Damage  from being scheduled
[2025.10.12-21.18.21:048][602]LogUObjectHash: Compacting FUObjectHashTables data took   2.29ms
[2025.10.12-21.18.27:217][314]BlueprintLog: New page: Compile BP_SwarmEnemy
[2025.10.12-21.18.27:255][314]LogUObjectHash: Compacting FUObjectHashTables data took   2.15ms
[2025.10.12-21.18.29:991][621]LogSavePackage: Moving 'C:/Users/PC/Documents/GitHub/TasteOfMadness/TasteOfMadness/Saved/BP_SwarmEnemyB4EB0B3A45B759197BDBF3B14EDF515E.tmp' to 'C:/Users/PC/Documents/GitHub/TasteOfMadness/TasteOfMadness/Content/Characters/Content_Enemies/BP_Rata/BP_SwarmEnemy.uasset'
[2025.10.12-21.18.30:005][621]AssetCheck: New page: Asset Save: BP_SwarmEnemy
[2025.10.12-21.18.30:005][621]LogContentValidation: Display: Validating Blueprint /Game/Characters/Content_Enemies/BP_Rata/BP_SwarmEnemy.BP_SwarmEnemy
[2025.10.12-21.22.03:153][232]BlueprintLog: New page: Compile BP_SwarmEnemy
[2025.10.12-21.22.03:195][232]LogUObjectHash: Compacting FUObjectHashTables data took   2.57ms
[2025.10.12-21.23.55:854][532]BlueprintLog: New page: Compile BP_SwarmEnemy
[2025.10.12-21.23.55:897][532]LogUObjectHash: Compacting FUObjectHashTables data took   2.74ms
[2025.10.12-21.23.56:433][581]LogSavePackage: Moving 'C:/Users/PC/Documents/GitHub/TasteOfMadness/TasteOfMadness/Saved/BP_SwarmEnemy053DB7BB422F782F47889CBCC87E7FE2.tmp' to 'C:/Users/PC/Documents/GitHub/TasteOfMadness/TasteOfMadness/Content/Characters/Content_Enemies/BP_Rata/BP_SwarmEnemy.uasset'
[2025.10.12-21.23.56:447][581]AssetCheck: New page: Asset Save: BP_SwarmEnemy
[2025.10.12-21.23.56:447][581]LogContentValidation: Display: Validating Blueprint /Game/Characters/Content_Enemies/BP_Rata/BP_SwarmEnemy.BP_SwarmEnemy
[2025.10.12-21.23.58:506][821]LogTemp: Repeating last play command: Selected Viewport
[2025.10.12-21.23.58:512][821]LogPlayLevel: PlayLevel: No blueprints needed recompiling
[2025.10.12-21.23.58:512][821]PIE: New page: PIE session: ComidaVivaIA (Oct 12, 2025, 10:23:58 AM)
[2025.10.12-21.23.58:543][821]LogPlayLevel: Creating play world package: /Game/Maps/UEDPIE_0_ComidaVivaIA
[2025.10.12-21.23.58:545][821]LogPlayLevel: PIE: StaticDuplicateObject took: (0.002562s)
[2025.10.12-21.23.58:546][821]LogAIModule: Creating AISystem for world ComidaVivaIA
[2025.10.12-21.23.58:546][821]LogPlayLevel: PIE: World Init took: (0.000949s)
[2025.10.12-21.23.58:546][821]LogPlayLevel: PIE: Created PIE world by copying editor world from /Game/Maps/ComidaVivaIA.ComidaVivaIA to /Game/Maps/UEDPIE_0_ComidaVivaIA.ComidaVivaIA (0.003617s)
[2025.10.12-21.23.58:564][821]LogUObjectHash: Compacting FUObjectHashTables data took   2.17ms
[2025.10.12-21.23.58:566][821]LogAudio: Display: Creating Audio Device:                 Id: 13, Scope: Unique, Realtime: True
[2025.10.12-21.23.58:566][821]LogAudioMixer: Display: Audio Mixer Platform Settings:
[2025.10.12-21.23.58:566][821]LogAudioMixer: Display: 	Sample Rate:						  48000
[2025.10.12-21.23.58:566][821]LogAudioMixer: Display: 	Callback Buffer Frame Size Requested: 1024
[2025.10.12-21.23.58:566][821]LogAudioMixer: Display: 	Callback Buffer Frame Size To Use:	  1024
[2025.10.12-21.23.58:566][821]LogAudioMixer: Display: 	Number of buffers to queue:			  2
[2025.10.12-21.23.58:566][821]LogAudioMixer: Display: 	Max Channels (voices):				  32
[2025.10.12-21.23.58:566][821]LogAudioMixer: Display: 	Number of Async Source Workers:		  0
[2025.10.12-21.23.58:566][821]LogAudio: Display: AudioDevice MaxSources: 32
[2025.10.12-21.23.58:566][821]LogAudio: Display: Audio Spatialization Plugin: None (built-in).
[2025.10.12-21.23.58:566][821]LogAudio: Display: Audio Reverb Plugin: None (built-in).
[2025.10.12-21.23.58:566][821]LogAudio: Display: Audio Occlusion Plugin: None (built-in).
[2025.10.12-21.23.58:566][821]LogAudioMixer: Display: Initializing audio mixer.
[2025.10.12-21.23.58:570][821]LogAudioMixer: Display: 0: FrontLeft
[2025.10.12-21.23.58:570][821]LogAudioMixer: Display: 1: FrontRight
[2025.10.12-21.23.58:576][821]LogAudioMixer: Display: Using Audio Device LC24RG50 (NVIDIA High Definition Audio)
[2025.10.12-21.23.58:576][821]LogAudioMixer: Display: Initializing Sound Submixes...
[2025.10.12-21.23.58:577][821]LogAudioMixer: Display: Creating Master Submix 'MasterSubmixDefault'
[2025.10.12-21.23.58:577][821]LogAudioMixer: Display: Creating Master Submix 'MasterReverbSubmixDefault'
[2025.10.12-21.23.58:577][821]LogAudioMixer: Display: Creating Master Submix 'MasterEQSubmixDefault'
[2025.10.12-21.23.58:577][821]LogAudioMixer: FMixerPlatformXAudio2::StartAudioStream() called
[2025.10.12-21.23.58:577][821]LogAudioMixer: Display: Output buffers initialized: Frames=1024, Channels=2, Samples=2048
[2025.10.12-21.23.58:578][821]LogAudioMixer: Display: Starting AudioMixerPlatformInterface::RunInternal()
[2025.10.12-21.23.58:578][821]LogAudioMixer: Display: FMixerPlatformXAudio2::SubmitBuffer() called for the first time
[2025.10.12-21.23.58:578][821]LogInit: FAudioDevice initialized.
[2025.10.12-21.23.58:578][821]LogAudio: Display: Audio Device (ID: 13) registered with world 'ComidaVivaIA'.
[2025.10.12-21.23.58:589][821]LogLoad: Game class is 'BP_GameMode_C'
[2025.10.12-21.23.58:590][821]LogWorld: Bringing World /Game/Maps/UEDPIE_0_ComidaVivaIA.ComidaVivaIA up for play (max tick rate 0) at 2025.10.12-15.23.58
[2025.10.12-21.23.58:590][821]LogWorld: Bringing up level for play took: 0.001056
[2025.10.12-21.23.58:591][821]LogOnline: OSS: Creating online subsystem instance for: :Context_23
[2025.10.12-21.23.58:593][821]LogBlueprintUserMessages: [BP_ClareCharacter_C_0] BP_Sarten
[2025.10.12-21.23.58:594][821]LogBlueprintUserMessages: [BP_ClareCharacter_C_0] BP_Olla
[2025.10.12-21.23.58:596][821]LogBlueprintUserMessages: [BP_ClareCharacter_C_0] BP_LlaveInglesa
[2025.10.12-21.23.58:597][821]LogBlueprintUserMessages: [BP_ClareCharacter_C_0] BP_Escoba
[2025.10.12-21.23.58:599][821]LogBlueprintUserMessages: [BP_ClareCharacter_C_0] BP_Trapeador
[2025.10.12-21.23.58:600][821]LogBlueprintUserMessages: [BP_ClareCharacter_C_0] BP_Extintor
[2025.10.12-21.23.58:602][821]LogBlueprintUserMessages: [BP_ClareCharacter_C_0] BP_Cuchillo
[2025.10.12-21.23.58:603][821]PIE: Server logged in
[2025.10.12-21.23.58:604][821]PIE: Play in editor total start time 0.093 seconds.
[2025.10.12-21.23.58:835][848]LogBlueprintUserMessages: [BP_SwarmEnemy_2] "Përsiguiendo"
[2025.10.12-21.23.59:011][869]LogBlueprintUserMessages: [BP_SwarmEnemy_2] Trail creado
[2025.10.12-21.23.59:335][908]LogBlueprintUserMessages: [BP_SwarmEnemy_2] "Përsiguiendo"
[2025.10.12-21.23.59:511][929]LogBlueprintUserMessages: [BP_SwarmEnemy_2] Trail creado
[2025.10.12-21.23.59:968][984]LogBlueprintUserMessages: [BP_ClareCharacter_C_0] Vida45.0
[2025.10.12-21.24.00:010][989]LogBlueprintUserMessages: [BP_SwarmEnemy_2] Trail creado
[2025.10.12-21.24.00:510][ 49]LogBlueprintUserMessages: [BP_SwarmEnemy_2] Trail creado
[2025.10.12-21.24.01:011][109]LogBlueprintUserMessages: [BP_SwarmEnemy_2] Trail creado
[2025.10.12-21.24.01:510][169]LogBlueprintUserMessages: [BP_SwarmEnemy_2] Trail creado
[2025.10.12-21.24.02:010][229]LogBlueprintUserMessages: [BP_SwarmEnemy_2] Trail creado
[2025.10.12-21.24.02:511][289]LogBlueprintUserMessages: [BP_SwarmEnemy_2] Trail creado
[2025.10.12-21.24.03:011][349]LogBlueprintUserMessages: [BP_SwarmEnemy_2] Trail creado
[2025.10.12-21.24.03:502][408]LogBlueprintUserMessages: [BP_TrailDamage_2] Destruido
[2025.10.12-21.24.03:511][409]LogBlueprintUserMessages: [BP_SwarmEnemy_2] Trail creado
[2025.10.12-21.24.04:010][469]LogBlueprintUserMessages: [BP_TrailDamage_C_0] Destruido
[2025.10.12-21.24.04:011][469]LogBlueprintUserMessages: [BP_SwarmEnemy_2] Trail creado
[2025.10.12-21.24.04:510][529]LogBlueprintUserMessages: [BP_TrailDamage_C_1] Destruido
[2025.10.12-21.24.04:511][529]LogBlueprintUserMessages: [BP_SwarmEnemy_2] Trail creado
[2025.10.12-21.24.05:010][589]LogBlueprintUserMessages: [BP_TrailDamage_C_2] Destruido
[2025.10.12-21.24.05:011][589]LogBlueprintUserMessages: [BP_SwarmEnemy_2] Trail creado
[2025.10.12-21.24.05:511][649]LogBlueprintUserMessages: [BP_TrailDamage_C_3] Destruido
[2025.10.12-21.24.05:511][649]LogBlueprintUserMessages: [BP_SwarmEnemy_2] Trail creado
[2025.10.12-21.24.06:010][709]LogBlueprintUserMessages: [BP_TrailDamage_C_4] Destruido
[2025.10.12-21.24.06:011][709]LogBlueprintUserMessages: [BP_SwarmEnemy_2] Trail creado
[2025.10.12-21.24.06:510][769]LogBlueprintUserMessages: [BP_TrailDamage_C_5] Destruido
[2025.10.12-21.24.06:511][769]LogBlueprintUserMessages: [BP_SwarmEnemy_2] Trail creado
[2025.10.12-21.24.06:643][780]LogSlate: Updating window title bar state: overlay mode, drag disabled, window buttons hidden, title bar hidden
[2025.10.12-21.24.06:643][780]LogWorld: BeginTearingDown for /Game/Maps/UEDPIE_0_ComidaVivaIA
[2025.10.12-21.24.06:643][780]LogWorld: UWorld::CleanupWorld for ComidaVivaIA, bSessionEnded=true, bCleanupResources=true
[2025.10.12-21.24.06:644][780]LogSlate: InvalidateAllWidgets triggered.  All widgets were invalidated
[2025.10.12-21.24.06:650][780]LogPlayLevel: Display: Shutting down PIE online subsystems
[2025.10.12-21.24.06:658][780]LogSlate: InvalidateAllWidgets triggered.  All widgets were invalidated
[2025.10.12-21.24.06:675][780]LogAudio: Display: Audio Device unregistered from world 'None'.
[2025.10.12-21.24.06:675][780]LogAudioMixer: FMixerPlatformXAudio2::StopAudioStream() called
[2025.10.12-21.24.06:676][780]LogAudioMixer: FMixerPlatformXAudio2::StopAudioStream() called
[2025.10.12-21.24.06:678][780]LogSlate: Updating window title bar state: overlay mode, drag disabled, window buttons hidden, title bar hidden
[2025.10.12-21.24.06:682][780]LogUObjectHash: Compacting FUObjectHashTables data took   1.83ms
[2025.10.12-21.24.06:704][781]LogPlayLevel: Display: Destroying online subsystem :Context_23
[2025.10.12-21.25.32:078][846]LogSavePackage: Moving 'C:/Users/PC/Documents/GitHub/TasteOfMadness/TasteOfMadness/Saved/BP_SwarmEnemy2A76A8BC4B21D77B3D11E08F1C0869E5.tmp' to 'C:/Users/PC/Documents/GitHub/TasteOfMadness/TasteOfMadness/Content/Characters/Content_Enemies/BP_Rata/BP_SwarmEnemy.uasset'
[2025.10.12-21.25.32:092][846]AssetCheck: New page: Asset Save: BP_SwarmEnemy
[2025.10.12-21.25.32:092][846]LogContentValidation: Display: Validating Blueprint /Game/Characters/Content_Enemies/BP_Rata/BP_SwarmEnemy.BP_SwarmEnemy
[2025.10.12-21.25.32:731][921]LogWorld: UWorld::CleanupWorld for World_10, bSessionEnded=true, bCleanupResources=true
[2025.10.12-21.25.32:731][921]LogSlate: InvalidateAllWidgets triggered.  All widgets were invalidated
[2025.10.12-21.25.42:002][ 63]LogAssetEditorSubsystem: Opening Asset editor for Blueprint /Game/Characters/Content_Enemies/BP_Rata/BP_TrailDamage.BP_TrailDamage
[2025.10.12-21.26.29:409][811]LogUObjectHash: Compacting FUObjectHashTables data took   1.95ms
[2025.10.12-21.26.29:418][811]LogSavePackage: Moving 'C:/Users/PC/Documents/GitHub/TasteOfMadness/TasteOfMadness/Saved/ComidaVivaIA_Auto2CD81DCE44197D38E9C1D1AADB3E69A37.tmp' to 'C:/Users/PC/Documents/GitHub/TasteOfMadness/TasteOfMadness/Saved/Autosaves/Game/Maps/ComidaVivaIA_Auto2.umap'
[2025.10.12-21.26.29:419][811]LogFileHelpers: Editor autosave (incl. external actors) for '/Game/Maps/ComidaVivaIA' took 0.028
[2025.10.12-21.26.29:419][811]LogFileHelpers: Editor autosave (incl. sublevels & external actors) for all levels took 0.028
[2025.10.12-21.27.14:465][446]LogSavePackage: Moving 'C:/Users/PC/Documents/GitHub/TasteOfMadness/TasteOfMadness/Saved/BP_TrailDamage6F9BB59348C82E252245DFB959EE0DCD.tmp' to 'C:/Users/PC/Documents/GitHub/TasteOfMadness/TasteOfMadness/Content/Characters/Content_Enemies/BP_Rata/BP_TrailDamage.uasset'
[2025.10.12-21.27.14:480][446]AssetCheck: New page: Asset Save: BP_TrailDamage
[2025.10.12-21.27.14:480][446]LogContentValidation: Display: Validating Blueprint /Game/Characters/Content_Enemies/BP_Rata/BP_TrailDamage.BP_TrailDamage
[2025.10.12-21.27.22:828][410]BlueprintLog: New page: Compile BP_TrailDamage
[2025.10.12-21.27.22:861][410]LogUObjectHash: Compacting FUObjectHashTables data took   2.06ms
[2025.10.12-21.27.23:547][484]LogSavePackage: Moving 'C:/Users/PC/Documents/GitHub/TasteOfMadness/TasteOfMadness/Saved/BP_TrailDamage1A9CE4F749567E4FBA7792A2356BF180.tmp' to 'C:/Users/PC/Documents/GitHub/TasteOfMadness/TasteOfMadness/Content/Characters/Content_Enemies/BP_Rata/BP_TrailDamage.uasset'
[2025.10.12-21.27.23:563][484]AssetCheck: New page: Asset Save: BP_TrailDamage
[2025.10.12-21.27.23:563][484]LogContentValidation: Display: Validating Blueprint /Game/Characters/Content_Enemies/BP_Rata/BP_TrailDamage.BP_TrailDamage
[2025.10.12-21.27.24:478][587]LogUObjectHash: Compacting FUObjectHashTables data took   2.35ms
[2025.10.12-21.27.31:688][587]LogSlate: Window 'Save Content' being destroyed
[2025.10.12-21.27.31:709][587]Cmd: OBJ SAVEPACKAGE PACKAGE="/Game/Maps/ComidaVivaIA" FILE="C:/Users/PC/Documents/GitHub/TasteOfMadness/TasteOfMadness/Content/Maps/ComidaVivaIA.umap" SILENT=true AUTOSAVING=false KEEPDIRTY=false
[2025.10.12-21.27.31:724][587]LogUObjectHash: Compacting FUObjectHashTables data took   0.47ms
[2025.10.12-21.27.31:731][587]LogSavePackage: Moving 'C:/Users/PC/Documents/GitHub/TasteOfMadness/TasteOfMadness/Saved/ComidaVivaIA7A931E1A4033A7839454F0BAF56CA048.tmp' to 'C:/Users/PC/Documents/GitHub/TasteOfMadness/TasteOfMadness/Content/Maps/ComidaVivaIA.umap'
[2025.10.12-21.27.31:746][587]LogFileHelpers: Saving map 'ComidaVivaIA' took 0.037
[2025.10.12-21.27.31:767][587]LogWorld: UWorld::CleanupWorld for World_11, bSessionEnded=true, bCleanupResources=true
[2025.10.12-21.27.31:767][587]LogSlate: InvalidateAllWidgets triggered.  All widgets were invalidated
[2025.10.12-21.27.31:839][587]LogSlate: Window 'TasteOfMadness - Unreal Editor' being destroyed
[2025.10.12-21.27.31:935][587]AssetCheck: New page: Asset Save: ComidaVivaIA
[2025.10.12-21.27.31:935][587]LogContentValidation: Display: Validating World /Game/Maps/ComidaVivaIA.ComidaVivaIA
[2025.10.12-21.27.31:936][588]Cmd: QUIT_EDITOR
[2025.10.12-21.27.31:936][588]LogCore: Engine exit requested (reason: UUnrealEdEngine::CloseEditor())
[2025.10.12-21.27.31:938][588]LogCore: Engine exit requested (reason: EngineExit() was called; note: exit was already requested)
[2025.10.12-21.27.32:081][588]LogAudio: Display: Beginning Audio Device Manager Shutdown (Module: AudioMixerXAudio2)...
[2025.10.12-21.27.32:081][588]LogAudio: Display: Destroying 1 Remaining Audio Device(s)...
[2025.10.12-21.27.32:081][588]LogAudio: Display: Audio Device unregistered from world 'ComidaVivaIA'.
[2025.10.12-21.27.32:081][588]LogAudioMixer: FMixerPlatformXAudio2::StopAudioStream() called
[2025.10.12-21.27.32:081][588]LogAudioMixer: FMixerPlatformXAudio2::StopAudioStream() called
[2025.10.12-21.27.32:086][588]LogAudio: Display: Audio Device Manager Shutdown
[2025.10.12-21.27.32:086][588]LogWindowsTextInputMethodSystem: Display: IME system deactivated.
[2025.10.12-21.27.32:090][588]LogExit: Preparing to exit.
[2025.10.12-21.27.32:253][588]LogUObjectHash: Compacting FUObjectHashTables data took   2.35ms
[2025.10.12-21.27.32:349][588]LogWorld: UWorld::CleanupWorld for World_6, bSessionEnded=true, bCleanupResources=true
[2025.10.12-21.27.32:350][588]LogActorComponent: UnregisterComponent: (None.None) Not registered. Aborting.
[2025.10.12-21.27.32:350][588]LogActorComponent: UnregisterComponent: (None.None) Not registered. Aborting.
[2025.10.12-21.27.32:350][588]LogActorComponent: UnregisterComponent: (None.None) Not registered. Aborting.
[2025.10.12-21.27.32:351][588]LogActorComponent: UnregisterComponent: (None.None) Not registered. Aborting.
[2025.10.12-21.27.32:351][588]LogActorComponent: UnregisterComponent: (None.None) Not registered. Aborting.
[2025.10.12-21.27.32:351][588]LogActorComponent: UnregisterComponent: (None.None) Not registered. Aborting.
[2025.10.12-21.27.32:351][588]LogActorComponent: UnregisterComponent: (None.None) Not registered. Aborting.
[2025.10.12-21.27.32:351][588]LogWorld: UWorld::CleanupWorld for None, bSessionEnded=true, bCleanupResources=true
[2025.10.12-21.27.32:352][588]LogWorld: UWorld::CleanupWorld for World_0, bSessionEnded=true, bCleanupResources=true
[2025.10.12-21.27.32:352][588]LogWorld: UWorld::CleanupWorld for World_3, bSessionEnded=true, bCleanupResources=true
[2025.10.12-21.27.32:353][588]LogWorld: UWorld::CleanupWorld for World_2, bSessionEnded=true, bCleanupResources=true
[2025.10.12-21.27.32:354][588]LogWorld: UWorld::CleanupWorld for World_4, bSessionEnded=true, bCleanupResources=true
[2025.10.12-21.27.32:388][588]LogDemo: Cleaned up 0 splitscreen connections with owner deletion
[2025.10.12-21.27.32:393][588]LogWorld: UWorld::CleanupWorld for None, bSessionEnded=true, bCleanupResources=true
[2025.10.12-21.27.32:393][588]LogExit: Editor shut down
[2025.10.12-21.27.32:394][588]LogExit: Transaction tracking system shut down
[2025.10.12-21.27.32:628][588]LogExit: Object subsystem successfully closed.
[2025.10.12-21.27.32:647][588]LogShaderCompilers: Display: === FShaderJobCache stats ===
[2025.10.12-21.27.32:647][588]LogShaderCompilers: Display: Total job queries 0, among them cache hits 0 (0.00%)
[2025.10.12-21.27.32:647][588]LogShaderCompilers: Display: Tracking 0 distinct input hashes that result in 0 distinct outputs (0.00%)
[2025.10.12-21.27.32:647][588]LogShaderCompilers: Display: RAM used: 0.00 MB (0.00 GB) of 1228.80 MB (1.20 GB) budget. Usage: 0.00%
[2025.10.12-21.27.32:647][588]LogShaderCompilers: Display: ================================================
[2025.10.12-21.27.32:650][588]LogShaderCompilers: Display: Shaders left to compile 0
[2025.10.12-21.27.32:659][588]LogModuleManager: Shutting down and abandoning module MovieSceneCapture (876)
[2025.10.12-21.27.32:659][588]LogModuleManager: Shutting down and abandoning module Voice (874)
[2025.10.12-21.27.32:659][588]LogModuleManager: Shutting down and abandoning module BlueprintGraph (872)
[2025.10.12-21.27.32:659][588]LogModuleManager: Shutting down and abandoning module HierarchicalLODOutliner (870)
[2025.10.12-21.27.32:659][588]LogModuleManager: Shutting down and abandoning module SceneOutliner (868)
[2025.10.12-21.27.32:659][588]LogModuleManager: Shutting down and abandoning module AddContentDialog (866)
[2025.10.12-21.27.32:659][588]LogModuleManager: Shutting down and abandoning module WidgetCarousel (865)
[2025.10.12-21.27.32:660][588]LogModuleManager: Shutting down and abandoning module EditorWidgets (862)
[2025.10.12-21.27.32:660][588]LogModuleManager: Shutting down and abandoning module StatsViewer (860)
[2025.10.12-21.27.32:660][588]LogModuleManager: Shutting down and abandoning module PIEPreviewDeviceProfileSelector (858)
[2025.10.12-21.27.32:660][588]LogModuleManager: Shutting down and abandoning module SequenceRecorderSections (856)
[2025.10.12-21.27.32:660][588]LogModuleManager: Shutting down and abandoning module AutomationWorker (854)
[2025.10.12-21.27.32:660][588]LogModuleManager: Shutting down and abandoning module SteamVREditor (852)
[2025.10.12-21.27.32:660][588]LogModuleManager: Shutting down and abandoning module OculusMR (850)
[2025.10.12-21.27.32:660][588]LogModuleManager: Shutting down and abandoning module TakeRecorderSources (848)
[2025.10.12-21.27.32:660][588]LogModuleManager: Shutting down and abandoning module TakeRecorder (847)
[2025.10.12-21.27.32:660][588]LogModuleManager: Shutting down and abandoning module TakeTrackRecorders (844)
[2025.10.12-21.27.32:660][588]LogModuleManager: Shutting down and abandoning module TakesCore (842)
[2025.10.12-21.27.32:660][588]LogModuleManager: Shutting down and abandoning module OpenXRInput (840)
[2025.10.12-21.27.32:660][588]LogModuleManager: Shutting down and abandoning module GooglePADEditor (838)
[2025.10.12-21.27.32:660][588]LogModuleManager: Shutting down and abandoning module AudioCaptureEditor (836)
[2025.10.12-21.27.32:660][588]LogModuleManager: Shutting down and abandoning module TemplateSequenceEditor (834)
[2025.10.12-21.27.32:660][588]LogModuleManager: Shutting down and abandoning module MatineeToLevelSequence (832)
[2025.10.12-21.27.32:660][588]LogModuleManager: Shutting down and abandoning module LevelSequenceEditor (830)
[2025.10.12-21.27.32:660][588]LogModuleManager: Shutting down and abandoning module ActorSequenceEditor (828)
[2025.10.12-21.27.32:660][588]LogModuleManager: Shutting down and abandoning module WmfMediaFactory (826)
[2025.10.12-21.27.32:660][588]LogModuleManager: Shutting down and abandoning module WmfMediaEditor (824)
[2025.10.12-21.27.32:660][588]LogModuleManager: Shutting down and abandoning module WebMMediaFactory (822)
[2025.10.12-21.27.32:660][588]LogModuleManager: Shutting down and abandoning module WebMMediaEditor (820)
[2025.10.12-21.27.32:660][588]LogModuleManager: Shutting down and abandoning module WebMMedia (818)
[2025.10.12-21.27.32:660][588]LogModuleManager: Shutting down and abandoning module MediaPlayerEditor (816)
[2025.10.12-21.27.32:660][588]LogModuleManager: Shutting down and abandoning module MediaCompositingEditor (814)
[2025.10.12-21.27.32:660][588]LogModuleManager: Shutting down and abandoning module SequenceRecorder (813)
[2025.10.12-21.27.32:660][588]LogModuleManager: Shutting down and abandoning module OpenExrWrapper (810)
[2025.10.12-21.27.32:660][588]LogModuleManager: Shutting down and abandoning module ImgMediaFactory (808)
[2025.10.12-21.27.32:660][588]LogModuleManager: Shutting down and abandoning module ImgMediaEditor (806)
[2025.10.12-21.27.32:660][588]LogModuleManager: Shutting down and abandoning module AvfMediaFactory (804)
[2025.10.12-21.27.32:660][588]LogModuleManager: Shutting down and abandoning module AvfMediaEditor (802)
[2025.10.12-21.27.32:660][588]LogModuleManager: Shutting down and abandoning module AndroidMediaFactory (800)
[2025.10.12-21.27.32:660][588]LogModuleManager: Shutting down and abandoning module AndroidMediaEditor (798)
[2025.10.12-21.27.32:660][588]LogModuleManager: Shutting down and abandoning module MagicLeapMediaCodecFactory (796)
[2025.10.12-21.27.32:660][588]LogModuleManager: Shutting down and abandoning module MagicLeapMediaFactory (794)
[2025.10.12-21.27.32:660][588]LogModuleManager: Shutting down and abandoning module MagicLeapMediaEditor (792)
[2025.10.12-21.27.32:660][588]LogModuleManager: Shutting down and abandoning module PlanarCut (790)
[2025.10.12-21.27.32:660][588]LogModuleManager: Shutting down and abandoning module TextureAlignMode (788)
[2025.10.12-21.27.32:660][588]LogModuleManager: Shutting down and abandoning module BspMode (786)
[2025.10.12-21.27.32:660][588]LogModuleManager: Shutting down and abandoning module GeometryMode (784)
[2025.10.12-21.27.32:660][588]LogModuleManager: Shutting down and abandoning module CharacterAI (782)
[2025.10.12-21.27.32:660][588]LogModuleManager: Shutting down and abandoning module CameraShakePreviewer (780)
[2025.10.12-21.27.32:660][588]LogModuleManager: Shutting down and abandoning module SmartSnapping (778)
[2025.10.12-21.27.32:660][588]LogModuleManager: Shutting down and abandoning module SessionServices (776)
[2025.10.12-21.27.32:660][588]LogModuleManager: Shutting down and abandoning module MeshPaint (774)
[2025.10.12-21.27.32:660][588]LogModuleManager: Shutting down and abandoning module VirtualTexturingEditor (772)
[2025.10.12-21.27.32:660][588]LogModuleManager: Shutting down and abandoning module FoliageEdit (770)
[2025.10.12-21.27.32:660][588]LogModuleManager: Shutting down and abandoning module LandscapeEditor (768)
[2025.10.12-21.27.32:660][588]LogModuleManager: Shutting down and abandoning module MeshPaintMode (766)
[2025.10.12-21.27.32:660][588]LogModuleManager: Shutting down and abandoning module SceneDepthPickerMode (764)
[2025.10.12-21.27.32:660][588]LogModuleManager: Shutting down and abandoning module ActorPickerMode (762)
[2025.10.12-21.27.32:660][588]LogModuleManager: Shutting down and abandoning module PlacementMode (760)
[2025.10.12-21.27.32:660][588]LogModuleManager: Shutting down and abandoning module ViewportSnapping (758)
[2025.10.12-21.27.32:660][588]LogModuleManager: Shutting down and abandoning module ViewportInteraction (756)
[2025.10.12-21.27.32:660][588]LogModuleManager: Shutting down and abandoning module ClothPainter (754)
[2025.10.12-21.27.32:660][588]LogModuleManager: Shutting down and abandoning module SkeletalMeshEditor (753)
[2025.10.12-21.27.32:660][588]LogModuleManager: Shutting down and abandoning module LogVisualizer (750)
[2025.10.12-21.27.32:660][588]LogModuleManager: Shutting down and abandoning module IntroTutorials (748)
[2025.10.12-21.27.32:660][588]LogModuleManager: Shutting down and abandoning module GameProjectGeneration (747)
[2025.10.12-21.27.32:660][588]LogModuleManager: Shutting down and abandoning module LuminPlatformEditor (744)
[2025.10.12-21.27.32:660][588]LogModuleManager: Shutting down and abandoning module IOSPlatformEditor (742)
[2025.10.12-21.27.32:660][588]LogModuleManager: Shutting down and abandoning module AndroidPlatformEditor (740)
[2025.10.12-21.27.32:661][588]LogModuleManager: Shutting down and abandoning module AndroidDeviceDetection (739)
[2025.10.12-21.27.33:304][588]LogModuleManager: Shutting down and abandoning module WindowsPlatformEditor (736)
[2025.10.12-21.27.33:304][588]LogModuleManager: Shutting down and abandoning module LuminRuntimeSettings (734)
[2025.10.12-21.27.33:304][588]LogModuleManager: Shutting down and abandoning module IOSRuntimeSettings (732)
[2025.10.12-21.27.33:304][588]LogModuleManager: Shutting down and abandoning module AndroidRuntimeSettings (730)
[2025.10.12-21.27.33:304][588]LogModuleManager: Shutting down and abandoning module TraceInsights (728)
[2025.10.12-21.27.33:304][588]MemoryProfiler: Shutdown
[2025.10.12-21.27.33:304][588]NetworkingProfiler: Shutdown
[2025.10.12-21.27.33:304][588]LoadingProfiler: Shutdown
[2025.10.12-21.27.33:304][588]TimingProfiler: Shutdown
[2025.10.12-21.27.33:304][588]LogModuleManager: Shutting down and abandoning module TraceServices (727)
[2025.10.12-21.27.33:304][588]LogModuleManager: Shutting down and abandoning module EditorInteractiveToolsFramework (724)
[2025.10.12-21.27.33:305][588]LogModuleManager: Shutting down and abandoning module TimeManagementEditor (722)
[2025.10.12-21.27.33:305][588]LogModuleManager: Shutting down and abandoning module InputBindingEditor (720)
[2025.10.12-21.27.33:305][588]LogModuleManager: Shutting down and abandoning module MergeActors (718)
[2025.10.12-21.27.33:305][588]LogModuleManager: Shutting down and abandoning module LocalizationDashboard (716)
[2025.10.12-21.27.33:305][588]LogModuleManager: Shutting down and abandoning module LocalizationService (715)
[2025.10.12-21.27.33:305][588]LogModuleManager: Shutting down and abandoning module HardwareTargeting (712)
[2025.10.12-21.27.33:305][588]LogModuleManager: Shutting down and abandoning module DeviceProfileEditor (710)
[2025.10.12-21.27.33:305][588]LogModuleManager: Shutting down and abandoning module UndoHistory (708)
[2025.10.12-21.27.33:305][588]LogModuleManager: Shutting down and abandoning module XmlParser (706)
[2025.10.12-21.27.33:305][588]LogModuleManager: Shutting down and abandoning module Blutility (704)
[2025.10.12-21.27.33:305][588]LogModuleManager: Shutting down and abandoning module ProjectSettingsViewer (702)
[2025.10.12-21.27.33:305][588]LogModuleManager: Shutting down and abandoning module ProjectTargetPlatformEditor (701)
[2025.10.12-21.27.33:305][588]LogModuleManager: Shutting down and abandoning module EditorSettingsViewer (698)
[2025.10.12-21.27.33:305][588]LogModuleManager: Shutting down and abandoning module InternationalizationSettings (697)
[2025.10.12-21.27.33:305][588]LogModuleManager: Shutting down and abandoning module SettingsEditor (694)
[2025.10.12-21.27.33:305][588]LogModuleManager: Shutting down and abandoning module ProjectLauncher (692)
[2025.10.12-21.27.33:305][588]LogModuleManager: Shutting down and abandoning module SessionFrontend (690)
[2025.10.12-21.27.33:305][588]LogModuleManager: Shutting down and abandoning module ProfilerClient (688)
[2025.10.12-21.27.33:305][588]LogModuleManager: Shutting down and abandoning module DeviceManager (686)
[2025.10.12-21.27.33:305][588]LogModuleManager: Shutting down and abandoning module TargetDeviceServices (685)
[2025.10.12-21.27.33:337][588]LogModuleManager: Shutting down and abandoning module AutomationController (682)
[2025.10.12-21.27.33:337][588]LogModuleManager: Shutting down and abandoning module AutomationWindow (680)
[2025.10.12-21.27.33:337][588]LogModuleManager: Shutting down and abandoning module Layers (678)
[2025.10.12-21.27.33:337][588]LogModuleManager: Shutting down and abandoning module ComponentVisualizers (676)
[2025.10.12-21.27.33:337][588]LogModuleManager: Shutting down and abandoning module DetailCustomizations (674)
[2025.10.12-21.27.33:337][588]LogModuleManager: Shutting down and abandoning module PackagesDialog (672)
[2025.10.12-21.27.33:337][588]LogModuleManager: Shutting down and abandoning module AnimationBlueprintEditor (670)
[2025.10.12-21.27.33:337][588]LogModuleManager: Shutting down and abandoning module Persona (668)
[2025.10.12-21.27.33:337][588]LogModuleManager: Shutting down and abandoning module AdvancedPreviewScene (667)
[2025.10.12-21.27.33:337][588]LogModuleManager: Shutting down and abandoning module AnimGraph (665)
[2025.10.12-21.27.33:337][588]LogModuleManager: Shutting down and abandoning module Kismet (662)
[2025.10.12-21.27.33:343][588]LogModuleManager: Shutting down and abandoning module KismetWidgets (661)
[2025.10.12-21.27.33:343][588]LogModuleManager: Shutting down and abandoning module GraphEditor (658)
[2025.10.12-21.27.33:343][588]LogModuleManager: Shutting down and abandoning module StructViewer (656)
[2025.10.12-21.27.33:343][588]LogModuleManager: Shutting down and abandoning module ClassViewer (654)
[2025.10.12-21.27.33:345][588]LogModuleManager: Shutting down and abandoning module Toolbox (652)
[2025.10.12-21.27.33:345][588]LogModuleManager: Shutting down and abandoning module ModuleUI (650)
[2025.10.12-21.27.33:345][588]LogModuleManager: Shutting down and abandoning module OutputLog (648)
[2025.10.12-21.27.33:346][588]LogModuleManager: Shutting down and abandoning module GammaUI (646)
[2025.10.12-21.27.33:346][588]LogModuleManager: Shutting down and abandoning module Documentation (644)
[2025.10.12-21.27.33:346][588]LogModuleManager: Shutting down and abandoning module LiveCoding (642)
[2025.10.12-21.27.33:346][588]LogModuleManager: Shutting down and abandoning module LevelSequence (640)
[2025.10.12-21.27.33:346][588]LogModuleManager: Shutting down and abandoning module MovieSceneTracks (638)
[2025.10.12-21.27.33:346][588]LogModuleManager: Shutting down and abandoning module MovieScene (636)
[2025.10.12-21.27.33:346][588]LogModuleManager: Shutting down and abandoning module StreamingPauseRendering (634)
[2025.10.12-21.27.33:346][588]LogModuleManager: Shutting down and abandoning module LauncherPlatform (632)
[2025.10.12-21.27.33:346][588]LogModuleManager: Shutting down and abandoning module AnalyticsET (630)
[2025.10.12-21.27.33:346][588]LogModuleManager: Shutting down and abandoning module PortalServices (628)
[2025.10.12-21.27.33:346][588]LogModuleManager: Shutting down and abandoning module PortalRpc (626)
[2025.10.12-21.27.33:346][588]LogModuleManager: Shutting down and abandoning module MessagingRpc (624)
[2025.10.12-21.27.33:346][588]LogModuleManager: Shutting down and abandoning module AudioMixerXAudio2 (622)
[2025.10.12-21.27.33:346][588]LogModuleManager: Shutting down and abandoning module AudioMixerCore (621)
[2025.10.12-21.27.33:346][588]LogModuleManager: Shutting down and abandoning module AIModule (618)
[2025.10.12-21.27.33:346][588]LogModuleManager: Shutting down and abandoning module GameplayDebugger (617)
[2025.10.12-21.27.33:346][588]LogModuleManager: Shutting down and abandoning module AITestSuite (615)
[2025.10.12-21.27.33:346][588]LogModuleManager: Shutting down and abandoning module NavigationSystem (613)
[2025.10.12-21.27.33:346][588]LogModuleManager: Shutting down and abandoning module ImageWriteQueue (610)
[2025.10.12-21.27.33:349][588]LogModuleManager: Shutting down and abandoning module ProfilerService (608)
[2025.10.12-21.27.33:423][588]LogModuleManager: Shutting down and abandoning module TaskGraph (606)
[2025.10.12-21.27.33:424][588]LogModuleManager: Shutting down and abandoning module AudioSynesthesiaEditor (604)
[2025.10.12-21.27.33:424][588]LogModuleManager: Shutting down and abandoning module OculusEditor (602)
[2025.10.12-21.27.33:424][588]LogModuleManager: Shutting down and abandoning module OculusInput (600)
[2025.10.12-21.27.33:424][588]LogModuleManager: Shutting down and abandoning module ContentBrowserFileDataSource (598)
[2025.10.12-21.27.33:424][588]LogModuleManager: Shutting down and abandoning module ContentBrowserClassDataSource (596)
[2025.10.12-21.27.33:424][588]LogModuleManager: Shutting down and abandoning module ContentBrowserAssetDataSource (594)
[2025.10.12-21.27.33:424][588]LogModuleManager: Shutting down and abandoning module CollectionManager (593)
[2025.10.12-21.27.33:424][588]LogModuleManager: Shutting down and abandoning module TakeSequencer (590)
[2025.10.12-21.27.33:424][588]LogModuleManager: Shutting down and abandoning module TakeMovieScene (588)
[2025.10.12-21.27.33:424][588]LogModuleManager: Shutting down and abandoning module ScreenshotTools (586)
[2025.10.12-21.27.33:424][588]LogModuleManager: Shutting down and abandoning module SynthesisEditor (584)
[2025.10.12-21.27.33:424][588]LogModuleManager: Shutting down and abandoning module Synthesis (582)
[2025.10.12-21.27.33:424][588]LogModuleManager: Shutting down and abandoning module ProceduralMeshComponentEditor (580)
[2025.10.12-21.27.33:424][588]LogModuleManager: Shutting down and abandoning module ProceduralMeshComponent (578)
[2025.10.12-21.27.33:424][588]LogModuleManager: Shutting down and abandoning module OpenXREditor (576)
[2025.10.12-21.27.33:424][588]LogModuleManager: Shutting down and abandoning module MobilePatchingUtils (574)
[2025.10.12-21.27.33:424][588]LogModuleManager: Shutting down and abandoning module GooglePAD (572)
[2025.10.12-21.27.33:424][588]LogModuleManager: Shutting down and abandoning module EditableMesh (570)
[2025.10.12-21.27.33:424][588]LogModuleManager: Shutting down and abandoning module CableComponent (568)
[2025.10.12-21.27.33:424][588]LogModuleManager: Shutting down and abandoning module CustomMeshComponent (566)
[2025.10.12-21.27.33:424][588]LogModuleManager: Shutting down and abandoning module AssetTags (564)
[2025.10.12-21.27.33:424][588]LogModuleManager: Shutting down and abandoning module AudioCapture (562)
[2025.10.12-21.27.33:424][588]LogModuleManager: Shutting down and abandoning module AudioCaptureRtAudio (561)
[2025.10.12-21.27.33:424][588]LogModuleManager: Shutting down and abandoning module ArchVisCharacter (558)
[2025.10.12-21.27.33:424][588]LogModuleManager: Shutting down and abandoning module AppleImageUtilsBlueprintSupport (556)
[2025.10.12-21.27.33:424][588]LogModuleManager: Shutting down and abandoning module AppleImageUtils (554)
[2025.10.12-21.27.33:424][588]LogModuleManager: Shutting down and abandoning module AndroidPermission (552)
[2025.10.12-21.27.33:424][588]LogModuleManager: Shutting down and abandoning module ActorLayerUtilitiesEditor (550)
[2025.10.12-21.27.33:424][588]LogModuleManager: Shutting down and abandoning module ActorLayerUtilities (548)
[2025.10.12-21.27.33:424][588]LogModuleManager: Shutting down and abandoning module TemplateSequence (546)
[2025.10.12-21.27.33:424][588]LogModuleManager: Shutting down and abandoning module MediaCompositing (544)
[2025.10.12-21.27.33:424][588]LogModuleManager: Shutting down and abandoning module ImgMedia (542)
[2025.10.12-21.27.33:424][588]LogModuleManager: Shutting down and abandoning module MagicLeapSharedWorld (540)
[2025.10.12-21.27.33:424][588]LogModuleManager: Shutting down and abandoning module MagicLeapLightEstimation (538)
[2025.10.12-21.27.33:424][588]LogModuleManager: Shutting down and abandoning module MagicLeapHelperVulkan (536)
[2025.10.12-21.27.33:424][588]LogModuleManager: Shutting down and abandoning module MagicLeapHelperOpenGL (534)
[2025.10.12-21.27.33:424][588]LogModuleManager: Shutting down and abandoning module MagicLeapAudio (532)
[2025.10.12-21.27.33:424][588]LogModuleManager: Shutting down and abandoning module MotoSynthEditor (530)
[2025.10.12-21.27.33:424][588]LogModuleManager: Shutting down and abandoning module MotoSynth (528)
[2025.10.12-21.27.33:424][588]LogModuleManager: Shutting down and abandoning module OpenImageDenoise (526)
[2025.10.12-21.27.33:424][588]LogOpenImageDenoise: OIDN shutting down
[2025.10.12-21.27.33:424][588]LogModuleManager: Shutting down and abandoning module MeshConversion (524)
[2025.10.12-21.27.33:424][588]LogModuleManager: Shutting down and abandoning module DynamicMesh (522)
[2025.10.12-21.27.33:424][588]LogModuleManager: Shutting down and abandoning module GeometryAlgorithms (520)
[2025.10.12-21.27.33:424][588]LogModuleManager: Shutting down and abandoning module GeometricObjects (518)
[2025.10.12-21.27.33:424][588]LogModuleManager: Shutting down and abandoning module SpeedTreeImporter (516)
[2025.10.12-21.27.33:424][588]LogModuleManager: Shutting down and abandoning module PluginBrowser (514)
[2025.10.12-21.27.33:424][588]LogModuleManager: Shutting down and abandoning module MobileLauncherProfileWizard (512)
[2025.10.12-21.27.33:424][588]LogModuleManager: Shutting down and abandoning module MaterialAnalyzer (510)
[2025.10.12-21.27.33:424][588]LogModuleManager: Shutting down and abandoning module CryptoKeysOpenSSL (508)
[2025.10.12-21.27.33:424][588]LogModuleManager: Shutting down and abandoning module CryptoKeys (506)
[2025.10.12-21.27.33:424][588]LogModuleManager: Shutting down and abandoning module CurveEditorTools (504)
[2025.10.12-21.27.33:424][588]LogModuleManager: Shutting down and abandoning module GeometryCollectionTracks (502)
[2025.10.12-21.27.33:424][588]LogModuleManager: Shutting down and abandoning module GeometryCollectionSequencer (501)
[2025.10.12-21.27.33:424][588]LogModuleManager: Shutting down and abandoning module GeometryCollectionEditor (498)
[2025.10.12-21.27.33:424][588]LogModuleManager: Shutting down and abandoning module GeometryCacheTracks (496)
[2025.10.12-21.27.33:424][588]LogModuleManager: Shutting down and abandoning module GeometryCacheStreamer (494)
[2025.10.12-21.27.33:425][588]LogModuleManager: Shutting down and abandoning module GeometryCacheSequencer (492)
[2025.10.12-21.27.33:425][588]LogModuleManager: Shutting down and abandoning module VariantManagerContentEditor (490)
[2025.10.12-21.27.33:425][588]LogModuleManager: Shutting down and abandoning module ChaosNiagara (488)
[2025.10.12-21.27.33:425][588]LogModuleManager: Shutting down and abandoning module ChaosSolverEditor (486)
[2025.10.12-21.27.33:425][588]LogModuleManager: Shutting down and abandoning module ChaosClothEditor (484)
[2025.10.12-21.27.33:425][588]LogModuleManager: Shutting down and abandoning module FractureEditor (482)
[2025.10.12-21.27.33:425][588]LogModuleManager: Shutting down and abandoning module FieldSystemEngine (481)
[2025.10.12-21.27.33:425][588]LogModuleManager: Shutting down and abandoning module AutomationUtilsEditor (478)
[2025.10.12-21.27.33:425][588]LogModuleManager: Shutting down and abandoning module AutomationUtils (476)
[2025.10.12-21.27.33:425][588]LogModuleManager: Shutting down and abandoning module BackChannel (474)
[2025.10.12-21.27.33:425][588]LogModuleManager: Shutting down and abandoning module DatasmithContentEditor (472)
[2025.10.12-21.27.33:425][588]LogModuleManager: Shutting down and abandoning module AlembicImporter (470)
[2025.10.12-21.27.33:425][588]LogModuleManager: Shutting down and abandoning module AlembicLibrary (469)
[2025.10.12-21.27.33:425][588]LogModuleManager: Shutting down and abandoning module GeometryCache (468)
[2025.10.12-21.27.33:425][588]LogModuleManager: Shutting down and abandoning module GeometryCacheEd (467)
[2025.10.12-21.27.33:425][588]LogModuleManager: Shutting down and abandoning module NiagaraEditorWidgets (462)
[2025.10.12-21.27.33:425][588]LogModuleManager: Shutting down and abandoning module UObjectPlugin (460)
[2025.10.12-21.27.33:425][588]LogModuleManager: Shutting down and abandoning module VisualStudioSourceCodeAccess (458)
[2025.10.12-21.27.33:425][588]LogModuleManager: Shutting down and abandoning module VisualStudioCodeSourceCodeAccess (456)
[2025.10.12-21.27.33:425][588]LogModuleManager: Shutting down and abandoning module PlasticSourceControl (454)
[2025.10.12-21.27.33:425][588]LogModuleManager: Shutting down and abandoning module SubversionSourceControl (452)
[2025.10.12-21.27.33:425][588]LogModuleManager: Shutting down and abandoning module RiderSourceCodeAccess (450)
[2025.10.12-21.27.33:425][588]LogModuleManager: Shutting down and abandoning module PluginUtils (448)
[2025.10.12-21.27.33:425][588]LogModuleManager: Shutting down and abandoning module CLionSourceCodeAccess (446)
[2025.10.12-21.27.33:425][588]LogModuleManager: Shutting down and abandoning module GitSourceControl (444)
[2025.10.12-21.27.33:425][588]LogModuleManager: Shutting down and abandoning module PerforceSourceControl (442)
[2025.10.12-21.27.33:425][588]LogModuleManager: Shutting down and abandoning module SourceControl (441)
[2025.10.12-21.27.33:425][588]LogModuleManager: Shutting down and abandoning module AnimationSharingEd (438)
[2025.10.12-21.27.33:425][588]LogModuleManager: Shutting down and abandoning module OodleNetworkHandlerComponent (436)
[2025.10.12-21.27.33:425][588]LogModuleManager: Shutting down and abandoning module LiveLinkSequencer (434)
[2025.10.12-21.27.33:425][588]LogModuleManager: Shutting down and abandoning module LiveLinkMovieScene (432)
[2025.10.12-21.27.33:425][588]LogModuleManager: Shutting down and abandoning module LiveLinkGraphNode (430)
[2025.10.12-21.27.33:425][588]LogModuleManager: Shutting down and abandoning module LiveLinkEditor (428)
[2025.10.12-21.27.33:425][588]LogModuleManager: Shutting down and abandoning module LiveLinkComponents (426)
[2025.10.12-21.27.33:425][588]LogModuleManager: Shutting down and abandoning module LiveLink (424)
[2025.10.12-21.27.33:501][588]LogModuleManager: Shutting down and abandoning module LightPropagationVolumeEditor (422)
[2025.10.12-21.27.33:501][588]LogModuleManager: Shutting down and abandoning module PaperTiledImporter (420)
[2025.10.12-21.27.33:501][588]LogModuleManager: Shutting down and abandoning module PaperSpriteSheetImporter (418)
[2025.10.12-21.27.33:501][588]LogModuleManager: Shutting down and abandoning module Paper2DEditor (416)
[2025.10.12-21.27.33:501][588]LogModuleManager: Shutting down and abandoning module MeshPaintingToolset (414)
[2025.10.12-21.27.33:501][588]LogModuleManager: Shutting down and abandoning module MeshPaintEditorMode (412)
[2025.10.12-21.27.33:501][588]LogModuleManager: Shutting down and abandoning module SoundFields (410)
[2025.10.12-21.27.33:501][588]LogModuleManager: Shutting down and abandoning module SignificanceManager (408)
[2025.10.12-21.27.33:501][588]LogModuleManager: Shutting down and abandoning module RuntimePhysXCooking (406)
[2025.10.12-21.27.33:501][588]LogModuleManager: Shutting down and abandoning module PropertyAccessEditor (404)
[2025.10.12-21.27.33:501][588]LogModuleManager: Shutting down and abandoning module PhysXVehiclesEditor (402)
[2025.10.12-21.27.33:501][588]LogModuleManager: Shutting down and abandoning module LocationServicesBPLibrary (398)
[2025.10.12-21.27.33:501][588]LogModuleManager: Shutting down and abandoning module AudioSynesthesia (396)
[2025.10.12-21.27.33:501][588]LogModuleManager: Shutting down and abandoning module AudioSynesthesiaCore (394)
[2025.10.12-21.27.33:501][588]LogModuleManager: Shutting down and abandoning module UdpMessaging (392)
[2025.10.12-21.27.33:602][588]LogModuleManager: Shutting down and abandoning module ActorSequence (390)
[2025.10.12-21.27.33:602][588]LogModuleManager: Shutting down and abandoning module TcpMessaging (388)
[2025.10.12-21.27.33:703][588]LogModuleManager: Shutting down and abandoning module ImgMediaEngine (386)
[2025.10.12-21.27.33:703][588]LogModuleManager: Shutting down and abandoning module MagicLeapARPin (384)
[2025.10.12-21.27.33:703][588]LogModuleManager: Shutting down and abandoning module MagicLeapHandMeshing (382)
[2025.10.12-21.27.33:703][588]LogModuleManager: Shutting down and abandoning module MagicLeapSecureStorage (380)
[2025.10.12-21.27.33:703][588]LogModuleManager: Shutting down and abandoning module MagicLeapPrivileges (378)
[2025.10.12-21.27.33:703][588]LogModuleManager: Shutting down and abandoning module MagicLeapPlanes (376)
[2025.10.12-21.27.33:703][588]LogMagicLeapPlanes: Planes tracker already destroyed.
[2025.10.12-21.27.33:703][588]LogModuleManager: Shutting down and abandoning module MagicLeapImageTracker (374)
[2025.10.12-21.27.33:703][588]LogModuleManager: Shutting down and abandoning module MagicLeapIdentity (372)
[2025.10.12-21.27.33:703][588]LogModuleManager: Shutting down and abandoning module MagicLeapHandTracking (370)
[2025.10.12-21.27.33:703][588]LogModuleManager: Shutting down and abandoning module MagicLeapEyeTracker (368)
[2025.10.12-21.27.33:703][588]LogModuleManager: Shutting down and abandoning module MagicLeapController (366)
[2025.10.12-21.27.33:703][588]LogModuleManager: Shutting down and abandoning module MagicLeapARPinImpl (364)
[2025.10.12-21.27.33:703][588]LogModuleManager: Shutting down and abandoning module MagicLeapAR (362)
[2025.10.12-21.27.33:703][588]LogModuleManager: Shutting down and abandoning module PythonScriptPlugin (360)
[2025.10.12-21.27.33:703][588]LogModuleManager: Shutting down and abandoning module GameplayTagsEditor (358)
[2025.10.12-21.27.33:703][588]LogModuleManager: Shutting down and abandoning module FacialAnimationEditor (356)
[2025.10.12-21.27.33:703][588]LogModuleManager: Shutting down and abandoning module FacialAnimation (354)
[2025.10.12-21.27.33:703][588]LogModuleManager: Shutting down and abandoning module DataValidation (352)
[2025.10.12-21.27.33:703][588]LogModuleManager: Shutting down and abandoning module AssetManagerEditor (350)
[2025.10.12-21.27.33:703][588]LogModuleManager: Shutting down and abandoning module LevelEditor (349)
[2025.10.12-21.27.33:704][588]LogModuleManager: Shutting down and abandoning module PixelInspectorModule (348)
[2025.10.12-21.27.33:704][588]LogModuleManager: Shutting down and abandoning module CommonMenuExtensions (346)
[2025.10.12-21.27.33:704][588]LogModuleManager: Shutting down and abandoning module MainFrame (344)
[2025.10.12-21.27.33:704][588]LogModuleManager: Shutting down and abandoning module HotReload (343)
[2025.10.12-21.27.33:704][588]LogModuleManager: Shutting down and abandoning module ToolMenus (339)
[2025.10.12-21.27.33:704][588]LogModuleManager: Shutting down and abandoning module TreeMap (337)
[2025.10.12-21.27.33:704][588]LogModuleManager: Shutting down and abandoning module NiagaraAnimNotifies (334)
[2025.10.12-21.27.33:704][588]LogModuleManager: Shutting down and abandoning module Niagara (332)
[2025.10.12-21.27.33:704][588]LogModuleManager: Shutting down and abandoning module SignalProcessing (331)
[2025.10.12-21.27.33:704][588]LogModuleManager: Shutting down and abandoning module NiagaraEditor (329)
[2025.10.12-21.27.33:705][588]LogModuleManager: Shutting down and abandoning module ContentBrowser (328)
[2025.10.12-21.27.33:705][588]LogModuleManager: Shutting down and abandoning module ContentBrowserData (327)
[2025.10.12-21.27.33:705][588]LogModuleManager: Shutting down and abandoning module NiagaraCore (322)
[2025.10.12-21.27.33:705][588]LogModuleManager: Shutting down and abandoning module PropertyAccessNode (320)
[2025.10.12-21.27.33:705][588]LogModuleManager: Shutting down and abandoning module AnimationSharing (318)
[2025.10.12-21.27.33:705][588]LogModuleManager: Shutting down and abandoning module GameplayCameras (316)
[2025.10.12-21.27.33:705][588]LogModuleManager: Shutting down and abandoning module LightPropagationVolumeRuntime (314)
[2025.10.12-21.27.33:705][588]LogModuleManager: Shutting down and abandoning module EnvironmentQueryEditor (312)
[2025.10.12-21.27.33:705][588]LogModuleManager: Shutting down and abandoning module Paper2D (310)
[2025.10.12-21.27.33:705][588]LogModuleManager: Shutting down and abandoning module WindowsMoviePlayer (308)
[2025.10.12-21.27.33:706][588]LogModuleManager: Shutting down and abandoning module WebMMoviePlayer (306)
[2025.10.12-21.27.33:706][588]LogModuleManager: Shutting down and abandoning module NetworkReplayStreaming (304)
[2025.10.12-21.27.33:706][588]LogModuleManager: Shutting down and abandoning module PacketHandler (302)
[2025.10.12-21.27.33:706][588]LogModuleManager: Shutting down and abandoning module ClothingSystemEditor (300)
[2025.10.12-21.27.33:706][588]LogModuleManager: Shutting down and abandoning module ClothingSystemRuntimeNv (298)
[2025.10.12-21.27.33:706][588]LogModuleManager: Shutting down and abandoning module MediaAssets (296)
[2025.10.12-21.27.33:706][588]LogModuleManager: Shutting down and abandoning module Overlay (294)
[2025.10.12-21.27.33:706][588]LogModuleManager: Shutting down and abandoning module OverlayEditor (293)
[2025.10.12-21.27.33:706][588]LogModuleManager: Shutting down and abandoning module VREditor (290)
[2025.10.12-21.27.33:706][588]LogModuleManager: Shutting down and abandoning module StringTableEditor (288)
[2025.10.12-21.27.33:706][588]LogModuleManager: Shutting down and abandoning module GameplayTasksEditor (286)
[2025.10.12-21.27.33:706][588]LogModuleManager: Shutting down and abandoning module BehaviorTreeEditor (284)
[2025.10.12-21.27.33:706][588]LogModuleManager: Shutting down and abandoning module FunctionalTesting (282)
[2025.10.12-21.27.33:706][588]LogModuleManager: Shutting down and abandoning module CollisionAnalyzer (280)
[2025.10.12-21.27.33:706][588]LogModuleManager: Shutting down and abandoning module WorkspaceMenuStructure (279)
[2025.10.12-21.27.33:706][588]LogModuleManager: Shutting down and abandoning module UMG (276)
[2025.10.12-21.27.33:706][588]LogModuleManager: Shutting down and abandoning module UMGEditor (275)
[2025.10.12-21.27.33:706][588]LogModuleManager: Shutting down and abandoning module MessageLog (273)
[2025.10.12-21.27.33:706][588]LogModuleManager: Shutting down and abandoning module SlateReflector (268)
[2025.10.12-21.27.33:706][588]LogModuleManager: Shutting down and abandoning module Slate (266)
[2025.10.12-21.27.33:706][588]LogModuleManager: Shutting down and abandoning module SlateCore (264)
[2025.10.12-21.27.33:707][588]LogModuleManager: Shutting down and abandoning module LandscapeEditorUtilities (262)
[2025.10.12-21.27.33:707][588]LogModuleManager: Shutting down and abandoning module UnrealEd (260)
[2025.10.12-21.27.33:707][588]LogModuleManager: Shutting down and abandoning module MRMesh (258)
[2025.10.12-21.27.33:707][588]LogModuleManager: Shutting down and abandoning module SourceCodeAccess (256)
[2025.10.12-21.27.33:707][588]LogModuleManager: Shutting down and abandoning module HeadMountedDisplay (254)
[2025.10.12-21.27.33:707][588]LogModuleManager: Shutting down and abandoning module XAudio2 (252)
[2025.10.12-21.27.33:707][588]LogModuleManager: Shutting down and abandoning module Networking (250)
[2025.10.12-21.27.33:707][588]LogModuleManager: Shutting down and abandoning module Core (248)
[2025.10.12-21.27.33:707][588]LogModuleManager: Shutting down and abandoning module MaterialEditor (246)
[2025.10.12-21.27.33:707][588]LogModuleManager: Shutting down and abandoning module MovieSceneTools (244)
[2025.10.12-21.27.33:707][588]LogModuleManager: Shutting down and abandoning module CurveEditor (243)
[2025.10.12-21.27.33:707][588]LogModuleManager: Shutting down and abandoning module Sequencer (241)
[2025.10.12-21.27.33:707][588]LogModuleManager: Shutting down and abandoning module EditorStyle (240)
[2025.10.12-21.27.33:708][588]LogModuleManager: Shutting down and abandoning module KismetCompiler (236)
[2025.10.12-21.27.33:708][588]LogModuleManager: Shutting down and abandoning module MeshBuilder (234)
[2025.10.12-21.27.33:708][588]LogModuleManager: Shutting down and abandoning module MeshUtilities (232)
[2025.10.12-21.27.33:708][588]LogModuleManager: Shutting down and abandoning module MeshMergeUtilities (231)
[2025.10.12-21.27.33:708][588]LogModuleManager: Shutting down and abandoning module MeshReductionInterface (230)
[2025.10.12-21.27.33:708][588]LogModuleManager: Shutting down and abandoning module MeshBoneReduction (229)
[2025.10.12-21.27.33:708][588]LogModuleManager: Shutting down and abandoning module SkeletalMeshReduction (227)
[2025.10.12-21.27.33:708][588]LogModuleManager: Shutting down and abandoning module ProxyLODMeshReduction (225)
[2025.10.12-21.27.33:708][588]LogModuleManager: Shutting down and abandoning module QuadricMeshReduction (223)
[2025.10.12-21.27.33:708][588]LogModuleManager: Shutting down and abandoning module MaterialBaking (219)
[2025.10.12-21.27.33:708][588]LogModuleManager: Shutting down and abandoning module NullInstallBundleManager (214)
[2025.10.12-21.27.33:708][588]LogModuleManager: Shutting down and abandoning module DerivedDataCache (212)
[2025.10.12-21.27.33:708][588]LogModuleManager: Shutting down and abandoning module TargetPlatform (210)
[2025.10.12-21.27.33:708][588]LogModuleManager: Shutting down and abandoning module VulkanShaderFormat (209)
[2025.10.12-21.27.33:708][588]LogModuleManager: Shutting down and abandoning module ShaderFormatVectorVM (207)
[2025.10.12-21.27.33:708][588]LogModuleManager: Shutting down and abandoning module ShaderFormatOpenGL (205)
[2025.10.12-21.27.33:708][588]LogModuleManager: Shutting down and abandoning module ShaderFormatD3D (203)
[2025.10.12-21.27.33:708][588]LogModuleManager: Shutting down and abandoning module MetalShaderFormat (201)
[2025.10.12-21.27.33:708][588]LogModuleManager: Shutting down and abandoning module TextureFormatOodle (199)
[2025.10.12-21.27.33:709][588]LogModuleManager: Shutting down and abandoning module TextureFormatUncompressed (197)
[2025.10.12-21.27.33:709][588]LogModuleManager: Shutting down and abandoning module TextureFormatPVR (195)
[2025.10.12-21.27.33:709][588]LogModuleManager: Shutting down and abandoning module TextureFormatETC2 (193)
[2025.10.12-21.27.33:709][588]LogModuleManager: Shutting down and abandoning module TextureFormatDXT (191)
[2025.10.12-21.27.33:709][588]LogModuleManager: Shutting down and abandoning module TextureFormatIntelISPCTexComp (189)
[2025.10.12-21.27.33:709][588]LogModuleManager: Shutting down and abandoning module TextureFormatASTC (187)
[2025.10.12-21.27.33:709][588]LogModuleManager: Shutting down and abandoning module ImageWrapper (186)
[2025.10.12-21.27.33:709][588]LogModuleManager: Shutting down and abandoning module AudioFormatOpus (183)
[2025.10.12-21.27.33:709][588]LogModuleManager: Shutting down and abandoning module AudioFormatOgg (181)
[2025.10.12-21.27.33:709][588]LogModuleManager: Shutting down and abandoning module AudioFormatADPCM (179)
[2025.10.12-21.27.33:709][588]LogModuleManager: Shutting down and abandoning module WindowsServerTargetPlatform (177)
[2025.10.12-21.27.33:709][588]LogModuleManager: Shutting down and abandoning module WindowsClientTargetPlatform (175)
[2025.10.12-21.27.33:709][588]LogModuleManager: Shutting down and abandoning module WindowsTargetPlatform (173)
[2025.10.12-21.27.33:709][588]LogModuleManager: Shutting down and abandoning module WindowsNoEditorTargetPlatform (171)
[2025.10.12-21.27.33:709][588]LogModuleManager: Shutting down and abandoning module TVOSTargetPlatform (169)
[2025.10.12-21.27.33:710][588]LogModuleManager: Shutting down and abandoning module MacServerTargetPlatform (167)
[2025.10.12-21.27.33:710][588]LogModuleManager: Shutting down and abandoning module MacClientTargetPlatform (165)
[2025.10.12-21.27.33:710][588]LogModuleManager: Shutting down and abandoning module MacTargetPlatform (163)
[2025.10.12-21.27.33:710][588]LogModuleManager: Shutting down and abandoning module MacNoEditorTargetPlatform (161)
[2025.10.12-21.27.33:710][588]LogModuleManager: Shutting down and abandoning module LuminTargetPlatform (159)
[2025.10.12-21.27.33:711][588]LogModuleManager: Shutting down and abandoning module LinuxAArch64ServerTargetPlatform (157)
[2025.10.12-21.27.33:711][588]LogModuleManager: Shutting down and abandoning module LinuxAArch64ClientTargetPlatform (155)
[2025.10.12-21.27.33:711][588]LogModuleManager: Shutting down and abandoning module LinuxAArch64NoEditorTargetPlatform (153)
[2025.10.12-21.27.33:711][588]LogModuleManager: Shutting down and abandoning module LinuxServerTargetPlatform (151)
[2025.10.12-21.27.33:711][588]LogModuleManager: Shutting down and abandoning module LinuxClientTargetPlatform (149)
[2025.10.12-21.27.33:711][588]LogModuleManager: Shutting down and abandoning module LinuxNoEditorTargetPlatform (147)
[2025.10.12-21.27.33:711][588]LogModuleManager: Shutting down and abandoning module LinuxTargetPlatform (145)
[2025.10.12-21.27.33:711][588]LogModuleManager: Shutting down and abandoning module Messaging (143)
[2025.10.12-21.27.33:711][588]LogModuleManager: Shutting down and abandoning module IOSTargetPlatform (141)
[2025.10.12-21.27.33:712][588]LogModuleManager: Shutting down and abandoning module AndroidTargetPlatform (139)
[2025.10.12-21.27.33:715][588]LogModuleManager: Shutting down and abandoning module AllDesktopTargetPlatform (137)
[2025.10.12-21.27.33:715][588]LogModuleManager: Shutting down and abandoning module D3D11RHI (134)
[2025.10.12-21.27.33:715][588]LogModuleManager: Shutting down and abandoning module InputCore (132)
[2025.10.12-21.27.33:715][588]LogModuleManager: Shutting down and abandoning module Settings (130)
[2025.10.12-21.27.33:715][588]LogModuleManager: Shutting down and abandoning module DirectoryWatcher (128)
[2025.10.12-21.27.33:715][588]LogModuleManager: Shutting down and abandoning module PhysXCooking (126)
[2025.10.12-21.27.33:715][588]LogModuleManager: Shutting down and abandoning module Chaos (124)
[2025.10.12-21.27.33:715][588]LogModuleManager: Shutting down and abandoning module WindowsPlatformFeatures (122)
[2025.10.12-21.27.33:715][588]LogModuleManager: Shutting down and abandoning module GameplayMediaEncoder (121)
[2025.10.12-21.27.33:715][588]LogModuleManager: Shutting down and abandoning module AVEncoder (120)
[2025.10.12-21.27.33:715][588]LogModuleManager: Shutting down and abandoning module SteamVRInputDevice (116)
[2025.10.12-21.27.33:715][588]LogModuleManager: Shutting down and abandoning module SteamVRInput (114)
[2025.10.12-21.27.33:715][588]LogModuleManager: Shutting down and abandoning module SteamVR (112)
[2025.10.12-21.27.33:715][588]LogHMD: Freeing OpenVRDLLHandle.
[2025.10.12-21.27.33:715][588]LogModuleManager: Shutting down and abandoning module OculusHMD (110)
[2025.10.12-21.27.33:715][588]LogModuleManager: Shutting down and abandoning module OpenXREyeTracker (108)
[2025.10.12-21.27.33:715][588]LogModuleManager: Shutting down and abandoning module OpenXRHandTracking (106)
[2025.10.12-21.27.33:715][588]LogSlate: Slate User Destroyed.  User Index 0, Is Virtual User: 0
[2025.10.12-21.27.33:716][588]LogModuleManager: Shutting down and abandoning module OpenXRAR (104)
[2025.10.12-21.27.33:716][588]LogModuleManager: Shutting down and abandoning module AugmentedReality (103)
[2025.10.12-21.27.33:716][588]LogModuleManager: Shutting down and abandoning module OpenXRHMD (100)
[2025.10.12-21.27.33:716][588]LogModuleManager: Shutting down and abandoning module ExampleDeviceProfileSelector (98)
[2025.10.12-21.27.33:716][588]LogModuleManager: Shutting down and abandoning module ChunkDownloader (96)
[2025.10.12-21.27.33:716][588]LogModuleManager: Shutting down and abandoning module LauncherChunkInstaller (94)
[2025.10.12-21.27.33:716][588]LogModuleManager: Shutting down and abandoning module OnlineBlueprintSupport (92)
[2025.10.12-21.27.33:716][588]LogModuleManager: Shutting down and abandoning module OnlineSubsystem (88)
[2025.10.12-21.27.33:717][588]LogModuleManager: Shutting down and abandoning module XMPP (83)
[2025.10.12-21.27.33:717][588]LogModuleManager: Shutting down and abandoning module WebSockets (82)
[2025.10.12-21.27.33:730][588]LogModuleManager: Shutting down and abandoning module HTTP (79)
[2025.10.12-21.27.33:730][588]LogHttp: Display: Http module shutting down, but needs to wait on 1 outstanding Http requests:
[2025.10.12-21.27.33:730][588]LogHttp: Display: 	verb=[POST] url=[https://datarouter.ol.epicgames.com/datarouter/api/v1/public/data?SessionID=%7B7AD11545-4D33-23EC-68FE-A6BB92272906%7D&AppID=UEEditor.Rocket.Release&AppVersion=4.27.2-18319896%2B%2B%2BUE4%2BRelease-4.27&UserID=ff613de04445e87a751d3d88f719c9ab%7C92b915b8b6964a98a670edb4ad65aabd%7C0d465c27-dae1-41ae-b75e-4ea01e26faf1&AppEnvironment=datacollector-binary&UploadType=eteventstream] refs=[1] status=Processing
[2025.10.12-21.27.33:730][588]LogHttp: Display: cleaning up 1 outstanding Http requests.
[2025.10.12-21.27.33:763][588]LogModuleManager: Shutting down and abandoning module SSL (78)
[2025.10.12-21.27.33:764][588]LogModuleManager: Shutting down and abandoning module WmfMedia (74)
[2025.10.12-21.27.33:766][588]LogModuleManager: Shutting down and abandoning module Media (73)
[2025.10.12-21.27.33:767][588]LogModuleManager: Shutting down and abandoning module MediaInfo (72)
[2025.10.12-21.27.33:767][588]LogModuleManager: Shutting down and abandoning module ExrReaderGpu (68)
[2025.10.12-21.27.33:767][588]LogModuleManager: Shutting down and abandoning module MLSDK (66)
[2025.10.12-21.27.33:767][588]LogModuleManager: Shutting down and abandoning module MagicLeap (64)
[2025.10.12-21.27.33:767][588]LogModuleManager: Shutting down and abandoning module VariantManagerContent (62)
[2025.10.12-21.27.33:767][588]LogModuleManager: Shutting down and abandoning module ChaosCloth (60)
[2025.10.12-21.27.33:767][588]LogModuleManager: Shutting down and abandoning module DatasmithContent (58)
[2025.10.12-21.27.33:767][588]LogModuleManager: Shutting down and abandoning module NiagaraVertexFactories (56)
[2025.10.12-21.27.33:767][588]LogModuleManager: Shutting down and abandoning module NiagaraShader (54)
[2025.10.12-21.27.33:767][588]LogModuleManager: Shutting down and abandoning module PixWinPlugin (52)
[2025.10.12-21.27.33:767][588]LogModuleManager: Shutting down and abandoning module AISupportModule (50)
[2025.10.12-21.27.33:767][588]LogModuleManager: Shutting down and abandoning module DesktopPlatform (48)
[2025.10.12-21.27.33:767][588]LogModuleManager: Shutting down and abandoning module PythonScriptPluginPreload (46)
[2025.10.12-21.27.33:767][588]LogModuleManager: Shutting down and abandoning module PlatformCryptoOpenSSL (44)
[2025.10.12-21.27.33:767][588]LogModuleManager: Shutting down and abandoning module PlatformCryptoTypes (42)
[2025.10.12-21.27.33:767][588]LogModuleManager: Shutting down and abandoning module PlatformCrypto (40)
[2025.10.12-21.27.33:767][588]LogModuleManager: Shutting down and abandoning module OodleDataCompressionFormat (38)
[2025.10.12-21.27.33:767][588]LogModuleManager: Shutting down and abandoning module XGEController (36)
[2025.10.12-21.27.33:767][588]LogModuleManager: Shutting down and abandoning module AnimationModifiers (34)
[2025.10.12-21.27.33:767][588]LogModuleManager: Shutting down and abandoning module AudioEditor (32)
[2025.10.12-21.27.33:768][588]LogModuleManager: Shutting down and abandoning module PropertyEditor (31)
[2025.10.12-21.27.33:768][588]LogModuleManager: Shutting down and abandoning module TextureCompressor (28)
[2025.10.12-21.27.33:768][588]LogModuleManager: Shutting down and abandoning module RenderCore (26)
[2025.10.12-21.27.33:768][588]LogModuleManager: Shutting down and abandoning module Landscape (24)
[2025.10.12-21.27.33:768][588]LogModuleManager: Shutting down and abandoning module SlateRHIRenderer (22)
[2025.10.12-21.27.33:769][588]LogModuleManager: Shutting down and abandoning module AnimGraphRuntime (20)
[2025.10.12-21.27.33:769][588]LogModuleManager: Shutting down and abandoning module Renderer (18)
[2025.10.12-21.27.33:769][588]LogModuleManager: Shutting down and abandoning module Engine (16)
[2025.10.12-21.27.33:769][588]LogModuleManager: Shutting down and abandoning module CoreUObject (14)
[2025.10.12-21.27.33:769][588]LogModuleManager: Shutting down and abandoning module NetworkFile (12)
[2025.10.12-21.27.33:769][588]LogModuleManager: Shutting down and abandoning module CookedIterativeFile (10)
[2025.10.12-21.27.33:769][588]LogModuleManager: Shutting down and abandoning module StreamingFile (8)
[2025.10.12-21.27.33:769][588]LogModuleManager: Shutting down and abandoning module SandboxFile (6)
[2025.10.12-21.27.33:769][588]LogModuleManager: Shutting down and abandoning module PakFile (4)
[2025.10.12-21.27.33:769][588]LogModuleManager: Shutting down and abandoning module RSA (3)
[2025.10.12-21.27.33:769][588]LogContentStreaming: Display: There are 1 unreleased StreamingManagers
[2025.10.12-21.27.33:792][588]LogD3D11RHI: Shutdown
[2025.10.12-21.27.33:792][588]LogD3D11RHI: CleanupD3DDevice
[2025.10.12-21.27.33:795][588]LogExit: Exiting.
[2025.10.12-21.27.33:802][588]Log file closed, 10/12/25 15:27:33
