Log file open, 10/04/25 16:06:12
LogWindows: Failed to load 'aqProf.dll' (GetLastError=126)
LogWindows: File 'aqProf.dll' does not exist
LogWindows: Failed to load 'VtuneApi.dll' (GetLastError=126)
LogWindows: File 'VtuneApi.dll' does not exist
LogWindows: Failed to load 'VtuneApi32e.dll' (GetLastError=126)
LogWindows: File 'VtuneApi32e.dll' does not exist
LogConsoleResponse: Display: Failed to find resolution value strings in scalability ini. Falling back to default.
LogConsoleResponse: Display: Failed to find resolution value strings in scalability ini. Falling back to default.
LogInit: Display: Running engine for game: TasteOfMadness
LogPlatformFile: Not using cached read wrapper
LogTaskGraph: Started task graph with 5 named threads and 35 total threads with 3 sets of task threads.
LogStats: Stats thread started at 0.432440
LogICUInternationalization: ICU TimeZone Detection - Raw Offset: -6:00, Platform Override: ''
LogInit: Display: Loading text-based GConfig....
LogPluginManager: Mounting plugin MeshPainting
LogPluginManager: Mounting plugin XGEController
LogPluginManager: Mounting plugin Paper2D
LogPluginManager: Mounting plugin CameraShakePreviewer
LogPluginManager: Mounting plugin GameplayCameras
LogPluginManager: Mounting plugin AISupport
LogPluginManager: Mounting plugin EnvironmentQueryEditor
LogPluginManager: Mounting plugin LiveLink
LogPluginManager: Mounting plugin AnimationSharing
LogPluginManager: Mounting plugin CodeLiteSourceCodeAccess
LogPluginManager: Mounting plugin CLionSourceCodeAccess
LogPluginManager: Mounting plugin GitSourceControl
LogPluginManager: Mounting plugin KDevelopSourceCodeAccess
LogPluginManager: Mounting plugin NullSourceCodeAccess
LogPluginManager: Mounting plugin PerforceSourceControl
LogPluginManager: Mounting plugin PixWinPlugin
LogPluginManager: Mounting plugin PlasticSourceControl
LogPluginManager: Mounting plugin PluginUtils
LogPluginManager: Mounting plugin PropertyAccessNode
LogPluginManager: Mounting plugin RiderSourceCodeAccess
LogPluginManager: Mounting plugin SubversionSourceControl
LogPluginManager: Mounting plugin TextureFormatOodle
LogPluginManager: Mounting plugin OodleData
LogPluginManager: Mounting plugin UObjectPlugin
LogPluginManager: Mounting plugin VisualStudioSourceCodeAccess
LogPluginManager: Mounting plugin VisualStudioCodeSourceCodeAccess
LogPluginManager: Mounting plugin OodleNetwork
LogPluginManager: Mounting plugin XCodeSourceCodeAccess
LogPluginManager: Mounting plugin AssetManagerEditor
LogPluginManager: Mounting plugin CryptoKeys
LogPluginManager: Mounting plugin DataValidation
LogPluginManager: Mounting plugin CurveEditorTools
LogPluginManager: Mounting plugin GameplayTagsEditor
LogPluginManager: Mounting plugin FacialAnimation
LogPluginManager: Mounting plugin GeometryMode
LogPluginManager: Mounting plugin MacGraphicsSwitching
LogPluginManager: Mounting plugin LightPropagationVolume
LogPluginManager: Mounting plugin MaterialAnalyzer
LogPluginManager: Mounting plugin AlembicImporter
LogPluginManager: Mounting plugin MobileLauncherProfileWizard
LogPluginManager: Mounting plugin PluginBrowser
LogPluginManager: Mounting plugin SpeedTreeImporter
LogPluginManager: Mounting plugin AutomationUtils
LogPluginManager: Mounting plugin BackChannel
LogPluginManager: Mounting plugin ChaosCloth
LogPluginManager: Mounting plugin ChaosClothEditor
LogPluginManager: Mounting plugin ChaosNiagara
LogPluginManager: Mounting plugin ChaosEditor
LogPluginManager: Mounting plugin ChaosSolverPlugin
LogPluginManager: Mounting plugin CharacterAI
LogPluginManager: Mounting plugin Niagara
LogPluginManager: Mounting plugin GeometryCache
LogPluginManager: Mounting plugin GeometryCollectionPlugin
LogPluginManager: Mounting plugin DatasmithContent
LogPluginManager: Mounting plugin GeometryProcessing
LogPluginManager: Mounting plugin VariantManagerContent
LogPluginManager: Mounting plugin OpenImageDenoise
LogPluginManager: Mounting plugin MotoSynth
LogPluginManager: Mounting plugin PlanarCut
LogPluginManager: Mounting plugin PlatformCrypto
LogPluginManager: Mounting plugin ProxyLODPlugin
LogPluginManager: Mounting plugin PythonScriptPlugin
LogPluginManager: Mounting plugin SkeletalReduction
LogPluginManager: Mounting plugin LuminPlatformFeatures
LogPluginManager: Mounting plugin MagicLeap
LogPluginManager: Mounting plugin MagicLeapLightEstimation
LogPluginManager: Mounting plugin MagicLeapMedia
LogPluginManager: Mounting plugin MagicLeapPassableWorld
LogPluginManager: Mounting plugin MLSDK
LogPluginManager: Mounting plugin AndroidMedia
LogPluginManager: Mounting plugin AvfMedia
LogPluginManager: Mounting plugin ImgMedia
LogPluginManager: Mounting plugin MediaCompositing
LogPluginManager: Mounting plugin MediaPlayerEditor
LogPluginManager: Mounting plugin WebMMedia
LogPluginManager: Mounting plugin TcpMessaging
LogPluginManager: Mounting plugin UdpMessaging
LogPluginManager: Mounting plugin WmfMedia
LogPluginManager: Mounting plugin ActorSequence
LogPluginManager: Mounting plugin LevelSequenceEditor
LogPluginManager: Mounting plugin MatineeToLevelSequence
LogPluginManager: Mounting plugin OnlineSubsystem
LogPluginManager: Mounting plugin TemplateSequence
LogPluginManager: Mounting plugin OnlineSubsystemUtils
LogPluginManager: Mounting plugin OnlineSubsystemNull
LogPluginManager: Mounting plugin ActorLayerUtilities
LogPluginManager: Mounting plugin AndroidMoviePlayer
LogPluginManager: Mounting plugin AndroidDeviceProfileSelector
LogPluginManager: Mounting plugin AndroidPermission
LogPluginManager: Mounting plugin AppleImageUtils
LogPluginManager: Mounting plugin AppleMoviePlayer
LogPluginManager: Mounting plugin ArchVisCharacter
LogPluginManager: Mounting plugin AssetTags
LogPluginManager: Mounting plugin AudioCapture
LogPluginManager: Mounting plugin AudioSynesthesia
LogPluginManager: Mounting plugin CableComponent
LogPluginManager: Mounting plugin ChunkDownloader
LogPluginManager: Mounting plugin CustomMeshComponent
LogPluginManager: Mounting plugin EditableMesh
LogPluginManager: Mounting plugin ExampleDeviceProfileSelector
LogPluginManager: Mounting plugin GoogleCloudMessaging
LogPluginManager: Mounting plugin GooglePAD
LogPluginManager: Mounting plugin IOSDeviceProfileSelector
LogPluginManager: Mounting plugin LinuxDeviceProfileSelector
LogPluginManager: Mounting plugin LocationServicesBPLibrary
LogPluginManager: Mounting plugin MobilePatchingUtils
LogPluginManager: Mounting plugin OpenXR
LogPluginManager: Mounting plugin OpenXREyeTracker
LogPluginManager: Mounting plugin OpenXRHandTracking
LogPluginManager: Mounting plugin PhysXVehicles
LogPluginManager: Mounting plugin PostSplashScreen
LogPluginManager: Mounting plugin PropertyAccessEditor
LogPluginManager: Mounting plugin ProceduralMeshComponent
LogPluginManager: Mounting plugin RuntimePhysXCooking
LogPluginManager: Mounting plugin SignificanceManager
LogPluginManager: Mounting plugin SoundFields
LogPluginManager: Mounting plugin Synthesis
LogPluginManager: Mounting plugin LauncherChunkInstaller
LogPluginManager: Mounting plugin WebMMoviePlayer
LogPluginManager: Mounting plugin WindowsMoviePlayer
LogPluginManager: Mounting plugin ScreenshotTools
LogPluginManager: Mounting plugin Takes
LogPluginManager: Mounting plugin ContentBrowserAssetDataSource
LogPluginManager: Mounting plugin ContentBrowserClassDataSource
LogPluginManager: Mounting plugin ContentBrowserFileDataSource
LogPluginManager: Mounting plugin OnlineSubsystemGooglePlay
LogPluginManager: Mounting plugin OnlineSubsystemIOS
LogPluginManager: Mounting plugin OculusVR
LogPluginManager: Mounting plugin SteamVR
PixWinPlugin: PIX capture plugin failed to initialize! Check that the process is launched from PIX.
LogInit: Using libcurl 7.55.1-DEV
LogInit:  - built for x86_64-pc-win32
LogInit:  - supports SSL with OpenSSL/1.1.1
LogInit:  - supports HTTP deflate (compression) using libz 1.2.8
LogInit:  - other features:
LogInit:      CURL_VERSION_SSL
LogInit:      CURL_VERSION_LIBZ
LogInit:      CURL_VERSION_IPV6
LogInit:      CURL_VERSION_ASYNCHDNS
LogInit:      CURL_VERSION_LARGEFILE
LogInit:      CURL_VERSION_IDN
LogInit:  CurlRequestOptions (configurable via config and command line):
LogInit:  - bVerifyPeer = true  - Libcurl will verify peer certificate
LogInit:  - bUseHttpProxy = false  - Libcurl will NOT use HTTP proxy
LogInit:  - bDontReuseConnections = false  - Libcurl will reuse connections
LogInit:  - MaxHostConnections = 16  - Libcurl will limit the number of connections to a host
LogInit:  - LocalHostAddr = Default
LogInit:  - BufferSize = 65536
LogOnline: OSS: Creating online subsystem instance for: NULL
LogInit: WinSock: version 1.1 (2.2), MaxSocks=32767, MaxUdp=65467
LogOnline: OSS: TryLoadSubsystemAndSetDefault: Loaded subsystem for module [NULL]
LogOculusPluginWrapper: OculusPlugin initialized successfully
LogHMD: Failed initializing OVRPlugin 1.59.0
LogInit: Build: ++UE4+Release-4.27-CL-18319896
LogInit: Engine Version: 4.27.2-18319896+++UE4+Release-4.27
LogInit: Compatible Engine Version: 4.27.0-17155196+++UE4+Release-4.27
LogInit: Net CL: 17155196
LogInit: OS: Windows 10 (Release 2009) (), CPU: 11th Gen Intel(R) Core(TM) i5-11400H @ 2.70GHz, GPU: Intel(R) UHD Graphics
LogInit: Compiled (64-bit): Nov 30 2021 07:12:08
LogInit: Compiled with Visual C++: 19.24.28315.00
LogInit: Build Configuration: Development
LogInit: Branch Name: ++UE4+Release-4.27
LogInit: Command Line:  -AUTH_LOGIN=unused -AUTH_PASSWORD=f2245abcadb84a21ac4951b48e9b464a -AUTH_TYPE=exchangecode -epicapp=UE_4.27 -epicenv=Prod -EpicPortal -epicusername=Geranetor -epicuserid=80d74a91cbd847fe82e7b6a734b4aa1f -epiclocale=en -epicsandboxid=ue
LogInit: Base Directory: F:/Games/UE_4.27/Engine/Binaries/Win64/
LogInit: Allocator: TBB
LogInit: Installed Engine Build: 1
LogDevObjectVersion: Number of dev versions registered: 29
LogDevObjectVersion:   Dev-Blueprints (B0D832E4-1F89-4F0D-ACCF-7EB736FD4AA2): 10
LogDevObjectVersion:   Dev-Build (E1C64328-A22C-4D53-A36C-8E866417BD8C): 0
LogDevObjectVersion:   Dev-Core (375EC13C-06E4-48FB-B500-84F0262A717E): 4
LogDevObjectVersion:   Dev-Editor (E4B068ED-F494-42E9-A231-DA0B2E46BB41): 40
LogDevObjectVersion:   Dev-Framework (CFFC743F-43B0-4480-9391-14DF171D2073): 37
LogDevObjectVersion:   Dev-Mobile (B02B49B5-BB20-44E9-A304-32B752E40360): 3
LogDevObjectVersion:   Dev-Networking (A4E4105C-59A1-49B5-A7C5-40C4547EDFEE): 0
LogDevObjectVersion:   Dev-Online (39C831C9-5AE6-47DC-9A44-9C173E1C8E7C): 0
LogDevObjectVersion:   Dev-Physics (78F01B33-EBEA-4F98-B9B4-84EACCB95AA2): 14
LogDevObjectVersion:   Dev-Platform (6631380F-2D4D-43E0-8009-CF276956A95A): 0
LogDevObjectVersion:   Dev-Rendering (12F88B9F-8875-4AFC-A67C-D90C383ABD29): 45
LogDevObjectVersion:   Dev-Sequencer (7B5AE74C-D270-4C10-A958-57980B212A5A): 13
LogDevObjectVersion:   Dev-VR (D7296918-1DD6-4BDD-9DE2-64A83CC13884): 3
LogDevObjectVersion:   Dev-LoadTimes (C2A15278-BFE7-4AFE-6C17-90FF531DF755): 1
LogDevObjectVersion:   Private-Geometry (6EACA3D4-40EC-4CC1-B786-8BED09428FC5): 3
LogDevObjectVersion:   Dev-AnimPhys (29E575DD-E0A3-4627-9D10-D276232CDCEA): 17
LogDevObjectVersion:   Dev-Anim (AF43A65D-7FD3-4947-9873-3E8ED9C1BB05): 15
LogDevObjectVersion:   Dev-ReflectionCapture (6B266CEC-1EC7-4B8F-A30B-E4D90942FC07): 1
LogDevObjectVersion:   Dev-Automation (0DF73D61-A23F-47EA-B727-89E90C41499A): 1
LogDevObjectVersion:   FortniteMain (601D1886-AC64-4F84-AA16-D3DE0DEAC7D6): 47
LogDevObjectVersion:   FortniteRelease (E7086368-6B23-4C58-8439-1B7016265E91): 1
LogDevObjectVersion:   Dev-Enterprise (9DFFBCD6-494F-0158-E221-12823C92A888): 10
LogDevObjectVersion:   Dev-Niagara (F2AED0AC-9AFE-416F-8664-AA7FFA26D6FC): 1
LogDevObjectVersion:   Dev-Destruction (174F1F0B-B4C6-45A5-B13F-2EE8D0FB917D): 10
LogDevObjectVersion:   Dev-Physics-Ext (35F94A83-E258-406C-A318-09F59610247C): 41
LogDevObjectVersion:   Dev-PhysicsMaterial-Chaos (B68FC16E-8B1B-42E2-B453-215C058844FE): 1
LogDevObjectVersion:   Dev-CineCamera (B2E18506-4273-CFC2-A54E-F4BB758BBA07): 1
LogDevObjectVersion:   Dev-VirtualProduction (64F58936-FD1B-42BA-BA96-7289D5D0FA4E): 1
LogDevObjectVersion:   Dev-MediaFramework (6F0ED827-A609-4895-9C91-998D90180EA4): 2
LogInit: Presizing for max 25165824 objects, including 0 objects not considered by GC, pre-allocating 0 bytes for permanent pool.
LogConfig: Applying CVar settings from Section [/Script/Engine.StreamingSettings] File [F:/Proyectos UE 4.27/TasteOfMadness/TasteOfMadness/Saved/Config/Windows/Engine.ini]
LogConfig: Setting CVar [[s.MinBulkDataSizeForAsyncLoading:131072]]
LogConfig: Setting CVar [[s.AsyncLoadingThreadEnabled:0]]
LogConfig: Setting CVar [[s.EventDrivenLoaderEnabled:1]]
LogConfig: Setting CVar [[s.WarnIfTimeLimitExceeded:0]]
LogConfig: Setting CVar [[s.TimeLimitExceededMultiplier:1.5]]
LogConfig: Setting CVar [[s.TimeLimitExceededMinTime:0.005]]
LogConfig: Setting CVar [[s.UseBackgroundLevelStreaming:1]]
LogConfig: Setting CVar [[s.PriorityAsyncLoadingExtraTime:15.0]]
LogConfig: Setting CVar [[s.LevelStreamingActorsUpdateTimeLimit:5.0]]
LogConfig: Setting CVar [[s.PriorityLevelStreamingActorsUpdateExtraTime:5.0]]
LogConfig: Setting CVar [[s.LevelStreamingComponentsRegistrationGranularity:10]]
LogConfig: Setting CVar [[s.UnregisterComponentsTimeLimit:1.0]]
LogConfig: Setting CVar [[s.LevelStreamingComponentsUnregistrationGranularity:5]]
LogConfig: Setting CVar [[s.FlushStreamingOnExit:1]]
LogInit: Object subsystem initialized
LogConfig: Setting CVar [[con.DebugEarlyDefault:1]]
LogConfig: Setting CVar [[r.setres:1280x720]]
[2025.10.04-22.06.12:873][  0]LogConfig: Setting CVar [[r.VSync:0]]
[2025.10.04-22.06.12:873][  0]LogConfig: Setting CVar [[r.RHICmdBypass:0]]
[2025.10.04-22.06.12:873][  0]LogConfig: Applying CVar settings from Section [/Script/Engine.RendererSettings] File [F:/Proyectos UE 4.27/TasteOfMadness/TasteOfMadness/Saved/Config/Windows/Engine.ini]
[2025.10.04-22.06.12:873][  0]LogConfig: Setting CVar [[r.GPUCrashDebugging:0]]
[2025.10.04-22.06.12:873][  0]LogConfig: Applying CVar settings from Section [/Script/Engine.RendererOverrideSettings] File [F:/Proyectos UE 4.27/TasteOfMadness/TasteOfMadness/Saved/Config/Windows/Engine.ini]
[2025.10.04-22.06.12:873][  0]LogConfig: Applying CVar settings from Section [/Script/Engine.StreamingSettings] File [F:/Proyectos UE 4.27/TasteOfMadness/TasteOfMadness/Saved/Config/Windows/Engine.ini]
[2025.10.04-22.06.12:873][  0]LogConfig: Setting CVar [[s.MinBulkDataSizeForAsyncLoading:131072]]
[2025.10.04-22.06.12:873][  0]LogConfig: Setting CVar [[s.AsyncLoadingThreadEnabled:0]]
[2025.10.04-22.06.12:873][  0]LogConfig: Setting CVar [[s.EventDrivenLoaderEnabled:1]]
[2025.10.04-22.06.12:873][  0]LogConfig: Setting CVar [[s.WarnIfTimeLimitExceeded:0]]
[2025.10.04-22.06.12:873][  0]LogConfig: Setting CVar [[s.TimeLimitExceededMultiplier:1.5]]
[2025.10.04-22.06.12:873][  0]LogConfig: Setting CVar [[s.TimeLimitExceededMinTime:0.005]]
[2025.10.04-22.06.12:873][  0]LogConfig: Setting CVar [[s.UseBackgroundLevelStreaming:1]]
[2025.10.04-22.06.12:873][  0]LogConfig: Setting CVar [[s.PriorityAsyncLoadingExtraTime:15.0]]
[2025.10.04-22.06.12:873][  0]LogConfig: Setting CVar [[s.LevelStreamingActorsUpdateTimeLimit:5.0]]
[2025.10.04-22.06.12:873][  0]LogConfig: Setting CVar [[s.PriorityLevelStreamingActorsUpdateExtraTime:5.0]]
[2025.10.04-22.06.12:873][  0]LogConfig: Setting CVar [[s.LevelStreamingComponentsRegistrationGranularity:10]]
[2025.10.04-22.06.12:873][  0]LogConfig: Setting CVar [[s.UnregisterComponentsTimeLimit:1.0]]
[2025.10.04-22.06.12:873][  0]LogConfig: Setting CVar [[s.LevelStreamingComponentsUnregistrationGranularity:5]]
[2025.10.04-22.06.12:873][  0]LogConfig: Setting CVar [[s.FlushStreamingOnExit:1]]
[2025.10.04-22.06.12:873][  0]LogConfig: Applying CVar settings from Section [/Script/Engine.GarbageCollectionSettings] File [F:/Proyectos UE 4.27/TasteOfMadness/TasteOfMadness/Saved/Config/Windows/Engine.ini]
[2025.10.04-22.06.12:873][  0]LogConfig: Setting CVar [[gc.MaxObjectsNotConsideredByGC:1]]
[2025.10.04-22.06.12:873][  0]LogConfig: Setting CVar [[gc.SizeOfPermanentObjectPool:0]]
[2025.10.04-22.06.12:873][  0]LogConfig: Setting CVar [[gc.FlushStreamingOnGC:0]]
[2025.10.04-22.06.12:873][  0]LogConfig: Setting CVar [[gc.NumRetriesBeforeForcingGC:10]]
[2025.10.04-22.06.12:873][  0]LogConfig: Setting CVar [[gc.AllowParallelGC:1]]
[2025.10.04-22.06.12:873][  0]LogConfig: Setting CVar [[gc.TimeBetweenPurgingPendingKillObjects:61.1]]
[2025.10.04-22.06.12:873][  0]LogConfig: Setting CVar [[gc.MaxObjectsInEditor:25165824]]
[2025.10.04-22.06.12:873][  0]LogConfig: Setting CVar [[gc.IncrementalBeginDestroyEnabled:1]]
[2025.10.04-22.06.12:873][  0]LogConfig: Setting CVar [[gc.CreateGCClusters:1]]
[2025.10.04-22.06.12:874][  0]LogConfig: Setting CVar [[gc.MinGCClusterSize:5]]
[2025.10.04-22.06.12:874][  0]LogConfig: Setting CVar [[gc.ActorClusteringEnabled:0]]
[2025.10.04-22.06.12:874][  0]LogConfig: Setting CVar [[gc.BlueprintClusteringEnabled:0]]
[2025.10.04-22.06.12:874][  0]LogConfig: Setting CVar [[gc.UseDisregardForGCOnDedicatedServers:0]]
[2025.10.04-22.06.12:874][  0]LogConfig: Setting CVar [[gc.MultithreadedDestructionEnabled:1]]
[2025.10.04-22.06.12:874][  0]LogConfig: Applying CVar settings from Section [/Script/Engine.NetworkSettings] File [F:/Proyectos UE 4.27/TasteOfMadness/TasteOfMadness/Saved/Config/Windows/Engine.ini]
[2025.10.04-22.06.12:874][  0]LogConfig: Applying CVar settings from Section [/Script/UnrealEd.CookerSettings] File [F:/Proyectos UE 4.27/TasteOfMadness/TasteOfMadness/Saved/Config/Windows/Engine.ini]
[2025.10.04-22.06.12:892][  0]LogConfig: Applying CVar settings from Section [ViewDistanceQuality@3] File [F:/Proyectos UE 4.27/TasteOfMadness/TasteOfMadness/Saved/Config/Windows/Scalability.ini]
[2025.10.04-22.06.12:892][  0]LogConfig: Setting CVar [[r.SkeletalMeshLODBias:0]]
[2025.10.04-22.06.12:892][  0]LogConfig: Setting CVar [[r.ViewDistanceScale:1.0]]
[2025.10.04-22.06.12:892][  0]LogConfig: Applying CVar settings from Section [AntiAliasingQuality@3] File [F:/Proyectos UE 4.27/TasteOfMadness/TasteOfMadness/Saved/Config/Windows/Scalability.ini]
[2025.10.04-22.06.12:892][  0]LogConfig: Setting CVar [[r.PostProcessAAQuality:4]]
[2025.10.04-22.06.12:892][  0]LogConfig: Applying CVar settings from Section [ShadowQuality@3] File [F:/Proyectos UE 4.27/TasteOfMadness/TasteOfMadness/Saved/Config/Windows/Scalability.ini]
[2025.10.04-22.06.12:892][  0]LogConfig: Setting CVar [[r.LightFunctionQuality:1]]
[2025.10.04-22.06.12:892][  0]LogConfig: Setting CVar [[r.ShadowQuality:5]]
[2025.10.04-22.06.12:892][  0]LogConfig: Setting CVar [[r.Shadow.CSM.MaxCascades:10]]
[2025.10.04-22.06.12:892][  0]LogConfig: Setting CVar [[r.Shadow.MaxResolution:2048]]
[2025.10.04-22.06.12:892][  0]LogConfig: Setting CVar [[r.Shadow.MaxCSMResolution:2048]]
[2025.10.04-22.06.12:892][  0]LogConfig: Setting CVar [[r.Shadow.RadiusThreshold:0.01]]
[2025.10.04-22.06.12:892][  0]LogConfig: Setting CVar [[r.Shadow.DistanceScale:1.0]]
[2025.10.04-22.06.12:892][  0]LogConfig: Setting CVar [[r.Shadow.CSM.TransitionScale:1.0]]
[2025.10.04-22.06.12:892][  0]LogConfig: Setting CVar [[r.Shadow.PreShadowResolutionFactor:1.0]]
[2025.10.04-22.06.12:892][  0]LogConfig: Setting CVar [[r.DistanceFieldShadowing:1]]
[2025.10.04-22.06.12:893][  0]LogConfig: Setting CVar [[r.DistanceFieldAO:1]]
[2025.10.04-22.06.12:893][  0]LogConfig: Setting CVar [[r.AOQuality:2]]
[2025.10.04-22.06.12:893][  0]LogConfig: Setting CVar [[r.VolumetricFog:1]]
[2025.10.04-22.06.12:893][  0]LogConfig: Setting CVar [[r.VolumetricFog.GridPixelSize:8]]
[2025.10.04-22.06.12:893][  0]LogConfig: Setting CVar [[r.VolumetricFog.GridSizeZ:128]]
[2025.10.04-22.06.12:893][  0]LogConfig: Setting CVar [[r.VolumetricFog.HistoryMissSupersampleCount:4]]
[2025.10.04-22.06.12:893][  0]LogConfig: Setting CVar [[r.LightMaxDrawDistanceScale:1]]
[2025.10.04-22.06.12:893][  0]LogConfig: Setting CVar [[r.CapsuleShadows:1]]
[2025.10.04-22.06.12:893][  0]LogConfig: Applying CVar settings from Section [PostProcessQuality@3] File [F:/Proyectos UE 4.27/TasteOfMadness/TasteOfMadness/Saved/Config/Windows/Scalability.ini]
[2025.10.04-22.06.12:893][  0]LogConfig: Setting CVar [[r.MotionBlurQuality:4]]
[2025.10.04-22.06.12:893][  0]LogConfig: Setting CVar [[r.AmbientOcclusionMipLevelFactor:0.4]]
[2025.10.04-22.06.12:893][  0]LogConfig: Setting CVar [[r.AmbientOcclusionMaxQuality:100]]
[2025.10.04-22.06.12:893][  0]LogConfig: Setting CVar [[r.AmbientOcclusionLevels:-1]]
[2025.10.04-22.06.12:893][  0]LogConfig: Setting CVar [[r.AmbientOcclusionRadiusScale:1.0]]
[2025.10.04-22.06.12:893][  0]LogConfig: Setting CVar [[r.DepthOfFieldQuality:2]]
[2025.10.04-22.06.12:893][  0]LogConfig: Setting CVar [[r.RenderTargetPoolMin:400]]
[2025.10.04-22.06.12:893][  0]LogConfig: Setting CVar [[r.LensFlareQuality:2]]
[2025.10.04-22.06.12:893][  0]LogConfig: Setting CVar [[r.SceneColorFringeQuality:1]]
[2025.10.04-22.06.12:893][  0]LogConfig: Setting CVar [[r.EyeAdaptationQuality:2]]
[2025.10.04-22.06.12:893][  0]LogConfig: Setting CVar [[r.BloomQuality:5]]
[2025.10.04-22.06.12:893][  0]LogConfig: Setting CVar [[r.FastBlurThreshold:100]]
[2025.10.04-22.06.12:893][  0]LogConfig: Setting CVar [[r.Upscale.Quality:3]]
[2025.10.04-22.06.12:893][  0]LogConfig: Setting CVar [[r.Tonemapper.GrainQuantization:1]]
[2025.10.04-22.06.12:893][  0]LogConfig: Setting CVar [[r.LightShaftQuality:1]]
[2025.10.04-22.06.12:893][  0]LogConfig: Setting CVar [[r.Filter.SizeScale:1]]
[2025.10.04-22.06.12:893][  0]LogConfig: Setting CVar [[r.Tonemapper.Quality:5]]
[2025.10.04-22.06.12:893][  0]LogConfig: Setting CVar [[r.DOF.Gather.AccumulatorQuality:1        ; higher gathering accumulator quality]]
[2025.10.04-22.06.12:893][  0]LogConfig: Setting CVar [[r.DOF.Gather.PostfilterMethod:1          ; Median3x3 postfilering method]]
[2025.10.04-22.06.12:893][  0]LogConfig: Setting CVar [[r.DOF.Gather.EnableBokehSettings:0       ; no bokeh simulation when gathering]]
[2025.10.04-22.06.12:893][  0]LogConfig: Setting CVar [[r.DOF.Gather.RingCount:4                 ; medium number of samples when gathering]]
[2025.10.04-22.06.12:893][  0]LogConfig: Setting CVar [[r.DOF.Scatter.ForegroundCompositing:1    ; additive foreground scattering]]
[2025.10.04-22.06.12:893][  0]LogConfig: Setting CVar [[r.DOF.Scatter.BackgroundCompositing:2    ; additive background scattering]]
[2025.10.04-22.06.12:893][  0]LogConfig: Setting CVar [[r.DOF.Scatter.EnableBokehSettings:1      ; bokeh simulation when scattering]]
[2025.10.04-22.06.12:893][  0]LogConfig: Setting CVar [[r.DOF.Scatter.MaxSpriteRatio:0.1         ; only a maximum of 10% of scattered bokeh]]
[2025.10.04-22.06.12:893][  0]LogConfig: Setting CVar [[r.DOF.Recombine.Quality:1                ; cheap slight out of focus]]
[2025.10.04-22.06.12:893][  0]LogConfig: Setting CVar [[r.DOF.Recombine.EnableBokehSettings:0    ; no bokeh simulation on slight out of focus]]
[2025.10.04-22.06.12:893][  0]LogConfig: Setting CVar [[r.DOF.TemporalAAQuality:1                ; more stable temporal accumulation]]
[2025.10.04-22.06.12:893][  0]LogConfig: Setting CVar [[r.DOF.Kernel.MaxForegroundRadius:0.025]]
[2025.10.04-22.06.12:893][  0]LogConfig: Setting CVar [[r.DOF.Kernel.MaxBackgroundRadius:0.025]]
[2025.10.04-22.06.12:893][  0]LogConfig: Applying CVar settings from Section [TextureQuality@3] File [F:/Proyectos UE 4.27/TasteOfMadness/TasteOfMadness/Saved/Config/Windows/Scalability.ini]
[2025.10.04-22.06.12:893][  0]LogConfig: Setting CVar [[r.Streaming.MipBias:0]]
[2025.10.04-22.06.12:893][  0]LogConfig: Setting CVar [[r.Streaming.AmortizeCPUToGPUCopy:0]]
[2025.10.04-22.06.12:893][  0]LogConfig: Setting CVar [[r.Streaming.MaxNumTexturesToStreamPerFrame:0]]
[2025.10.04-22.06.12:893][  0]LogConfig: Setting CVar [[r.Streaming.Boost:1]]
[2025.10.04-22.06.12:893][  0]LogConfig: Setting CVar [[r.MaxAnisotropy:8]]
[2025.10.04-22.06.12:893][  0]LogConfig: Setting CVar [[r.VT.MaxAnisotropy:8]]
[2025.10.04-22.06.12:893][  0]LogConfig: Setting CVar [[r.Streaming.LimitPoolSizeToVRAM:0]]
[2025.10.04-22.06.12:893][  0]LogConfig: Setting CVar [[r.Streaming.PoolSize:1000]]
[2025.10.04-22.06.12:893][  0]LogConfig: Setting CVar [[r.Streaming.MaxEffectiveScreenSize:0]]
[2025.10.04-22.06.12:893][  0]LogConfig: Applying CVar settings from Section [EffectsQuality@3] File [F:/Proyectos UE 4.27/TasteOfMadness/TasteOfMadness/Saved/Config/Windows/Scalability.ini]
[2025.10.04-22.06.12:893][  0]LogConfig: Setting CVar [[r.TranslucencyLightingVolumeDim:64]]
[2025.10.04-22.06.12:893][  0]LogConfig: Setting CVar [[r.RefractionQuality:2]]
[2025.10.04-22.06.12:893][  0]LogConfig: Setting CVar [[r.SSR.Quality:3]]
[2025.10.04-22.06.12:893][  0]LogConfig: Setting CVar [[r.SSR.HalfResSceneColor:0]]
[2025.10.04-22.06.12:893][  0]LogConfig: Setting CVar [[r.SceneColorFormat:4]]
[2025.10.04-22.06.12:893][  0]LogConfig: Setting CVar [[r.DetailMode:2]]
[2025.10.04-22.06.12:893][  0]LogConfig: Setting CVar [[r.TranslucencyVolumeBlur:1]]
[2025.10.04-22.06.12:893][  0]LogConfig: Setting CVar [[r.MaterialQualityLevel:1 ; High quality]]
[2025.10.04-22.06.12:893][  0]LogConfig: Setting CVar [[r.AnisotropicMaterials:1]]
[2025.10.04-22.06.12:893][  0]LogConfig: Setting CVar [[r.SSS.Scale:1]]
[2025.10.04-22.06.12:893][  0]LogConfig: Setting CVar [[r.SSS.SampleSet:2]]
[2025.10.04-22.06.12:893][  0]LogConfig: Setting CVar [[r.SSS.Quality:1]]
[2025.10.04-22.06.12:893][  0]LogConfig: Setting CVar [[r.SSS.HalfRes:0]]
[2025.10.04-22.06.12:893][  0]LogConfig: Setting CVar [[r.SSGI.Quality:3]]
[2025.10.04-22.06.12:893][  0]LogConfig: Setting CVar [[r.EmitterSpawnRateScale:1.0]]
[2025.10.04-22.06.12:893][  0]LogConfig: Setting CVar [[r.ParticleLightQuality:2]]
[2025.10.04-22.06.12:893][  0]LogConfig: Setting CVar [[r.SkyAtmosphere.AerialPerspectiveLUT.FastApplyOnOpaque:1 ; Always have FastSkyLUT 1 in this case to avoid wrong sky]]
[2025.10.04-22.06.12:893][  0]LogConfig: Setting CVar [[r.SkyAtmosphere.AerialPerspectiveLUT.SampleCountMaxPerSlice:4]]
[2025.10.04-22.06.12:893][  0]LogConfig: Setting CVar [[r.SkyAtmosphere.AerialPerspectiveLUT.DepthResolution:16.0]]
[2025.10.04-22.06.12:893][  0]LogConfig: Setting CVar [[r.SkyAtmosphere.FastSkyLUT:1]]
[2025.10.04-22.06.12:893][  0]LogConfig: Setting CVar [[r.SkyAtmosphere.FastSkyLUT.SampleCountMin:4.0]]
[2025.10.04-22.06.12:893][  0]LogConfig: Setting CVar [[r.SkyAtmosphere.FastSkyLUT.SampleCountMax:128.0]]
[2025.10.04-22.06.12:893][  0]LogConfig: Setting CVar [[r.SkyAtmosphere.SampleCountMin:4.0]]
[2025.10.04-22.06.12:893][  0]LogConfig: Setting CVar [[r.SkyAtmosphere.SampleCountMax:128.0]]
[2025.10.04-22.06.12:893][  0]LogConfig: Setting CVar [[r.SkyAtmosphere.TransmittanceLUT.UseSmallFormat:0]]
[2025.10.04-22.06.12:893][  0]LogConfig: Setting CVar [[r.SkyAtmosphere.TransmittanceLUT.SampleCount:10.0]]
[2025.10.04-22.06.12:893][  0]LogConfig: Setting CVar [[r.SkyAtmosphere.MultiScatteringLUT.SampleCount:15.0]]
[2025.10.04-22.06.12:893][  0]LogConfig: Setting CVar [[r.SkyLight.RealTimeReflectionCapture:1]]
[2025.10.04-22.06.12:893][  0]LogConfig: Applying CVar settings from Section [FoliageQuality@3] File [F:/Proyectos UE 4.27/TasteOfMadness/TasteOfMadness/Saved/Config/Windows/Scalability.ini]
[2025.10.04-22.06.12:893][  0]LogConfig: Setting CVar [[foliage.DensityScale:1.0]]
[2025.10.04-22.06.12:893][  0]LogConfig: Setting CVar [[grass.DensityScale:1.0]]
[2025.10.04-22.06.12:893][  0]LogConfig: Applying CVar settings from Section [ShadingQuality@3] File [F:/Proyectos UE 4.27/TasteOfMadness/TasteOfMadness/Saved/Config/Windows/Scalability.ini]
[2025.10.04-22.06.12:893][  0]LogConfig: Setting CVar [[r.HairStrands.SkyLighting.IntegrationType:2]]
[2025.10.04-22.06.12:893][  0]LogConfig: Setting CVar [[r.HairStrands.SkyAO.SampleCount:4]]
[2025.10.04-22.06.12:893][  0]LogConfig: Setting CVar [[r.HairStrands.Visibility.MSAA.SamplePerPixel:4]]
[2025.10.04-22.06.12:893][  0]LogInit: Selected Device Profile: [Windows]
[2025.10.04-22.06.12:893][  0]LogInit: Applying CVar settings loaded from the selected device profile: [Windows]
[2025.10.04-22.06.12:893][  0]LogHAL: Display: Platform has ~ 32 GB [34115739648 / 34359738368 / 32], which maps to Largest [LargestMinGB=32, LargerMinGB=12, DefaultMinGB=8, SmallerMinGB=6, SmallestMinGB=0)
[2025.10.04-22.06.12:893][  0]LogInit: Going up to parent DeviceProfile []
[2025.10.04-22.06.12:893][  0]LogConfig: Applying CVar settings from Section [ViewDistanceQuality@3] File [F:/Proyectos UE 4.27/TasteOfMadness/TasteOfMadness/Saved/Config/Windows/Scalability.ini]
[2025.10.04-22.06.12:893][  0]LogConfig: Setting CVar [[r.SkeletalMeshLODBias:0]]
[2025.10.04-22.06.12:893][  0]LogConfig: Setting CVar [[r.ViewDistanceScale:1.0]]
[2025.10.04-22.06.12:893][  0]LogConfig: Applying CVar settings from Section [AntiAliasingQuality@3] File [F:/Proyectos UE 4.27/TasteOfMadness/TasteOfMadness/Saved/Config/Windows/Scalability.ini]
[2025.10.04-22.06.12:893][  0]LogConfig: Setting CVar [[r.PostProcessAAQuality:4]]
[2025.10.04-22.06.12:893][  0]LogConfig: Applying CVar settings from Section [ShadowQuality@3] File [F:/Proyectos UE 4.27/TasteOfMadness/TasteOfMadness/Saved/Config/Windows/Scalability.ini]
[2025.10.04-22.06.12:894][  0]LogConfig: Setting CVar [[r.LightFunctionQuality:1]]
[2025.10.04-22.06.12:894][  0]LogConfig: Setting CVar [[r.ShadowQuality:5]]
[2025.10.04-22.06.12:894][  0]LogConfig: Setting CVar [[r.Shadow.CSM.MaxCascades:10]]
[2025.10.04-22.06.12:894][  0]LogConfig: Setting CVar [[r.Shadow.MaxResolution:2048]]
[2025.10.04-22.06.12:894][  0]LogConfig: Setting CVar [[r.Shadow.MaxCSMResolution:2048]]
[2025.10.04-22.06.12:894][  0]LogConfig: Setting CVar [[r.Shadow.RadiusThreshold:0.01]]
[2025.10.04-22.06.12:894][  0]LogConfig: Setting CVar [[r.Shadow.DistanceScale:1.0]]
[2025.10.04-22.06.12:894][  0]LogConfig: Setting CVar [[r.Shadow.CSM.TransitionScale:1.0]]
[2025.10.04-22.06.12:894][  0]LogConfig: Setting CVar [[r.Shadow.PreShadowResolutionFactor:1.0]]
[2025.10.04-22.06.12:894][  0]LogConfig: Setting CVar [[r.DistanceFieldShadowing:1]]
[2025.10.04-22.06.12:894][  0]LogConfig: Setting CVar [[r.DistanceFieldAO:1]]
[2025.10.04-22.06.12:894][  0]LogConfig: Setting CVar [[r.AOQuality:2]]
[2025.10.04-22.06.12:894][  0]LogConfig: Setting CVar [[r.VolumetricFog:1]]
[2025.10.04-22.06.12:894][  0]LogConfig: Setting CVar [[r.VolumetricFog.GridPixelSize:8]]
[2025.10.04-22.06.12:894][  0]LogConfig: Setting CVar [[r.VolumetricFog.GridSizeZ:128]]
[2025.10.04-22.06.12:894][  0]LogConfig: Setting CVar [[r.VolumetricFog.HistoryMissSupersampleCount:4]]
[2025.10.04-22.06.12:894][  0]LogConfig: Setting CVar [[r.LightMaxDrawDistanceScale:1]]
[2025.10.04-22.06.12:894][  0]LogConfig: Setting CVar [[r.CapsuleShadows:1]]
[2025.10.04-22.06.12:894][  0]LogConfig: Applying CVar settings from Section [PostProcessQuality@3] File [F:/Proyectos UE 4.27/TasteOfMadness/TasteOfMadness/Saved/Config/Windows/Scalability.ini]
[2025.10.04-22.06.12:894][  0]LogConfig: Setting CVar [[r.MotionBlurQuality:4]]
[2025.10.04-22.06.12:894][  0]LogConfig: Setting CVar [[r.AmbientOcclusionMipLevelFactor:0.4]]
[2025.10.04-22.06.12:894][  0]LogConfig: Setting CVar [[r.AmbientOcclusionMaxQuality:100]]
[2025.10.04-22.06.12:894][  0]LogConfig: Setting CVar [[r.AmbientOcclusionLevels:-1]]
[2025.10.04-22.06.12:894][  0]LogConfig: Setting CVar [[r.AmbientOcclusionRadiusScale:1.0]]
[2025.10.04-22.06.12:894][  0]LogConfig: Setting CVar [[r.DepthOfFieldQuality:2]]
[2025.10.04-22.06.12:894][  0]LogConfig: Setting CVar [[r.RenderTargetPoolMin:400]]
[2025.10.04-22.06.12:894][  0]LogConfig: Setting CVar [[r.LensFlareQuality:2]]
[2025.10.04-22.06.12:894][  0]LogConfig: Setting CVar [[r.SceneColorFringeQuality:1]]
[2025.10.04-22.06.12:894][  0]LogConfig: Setting CVar [[r.EyeAdaptationQuality:2]]
[2025.10.04-22.06.12:894][  0]LogConfig: Setting CVar [[r.BloomQuality:5]]
[2025.10.04-22.06.12:894][  0]LogConfig: Setting CVar [[r.FastBlurThreshold:100]]
[2025.10.04-22.06.12:894][  0]LogConfig: Setting CVar [[r.Upscale.Quality:3]]
[2025.10.04-22.06.12:894][  0]LogConfig: Setting CVar [[r.Tonemapper.GrainQuantization:1]]
[2025.10.04-22.06.12:894][  0]LogConfig: Setting CVar [[r.LightShaftQuality:1]]
[2025.10.04-22.06.12:894][  0]LogConfig: Setting CVar [[r.Filter.SizeScale:1]]
[2025.10.04-22.06.12:894][  0]LogConfig: Setting CVar [[r.Tonemapper.Quality:5]]
[2025.10.04-22.06.12:894][  0]LogConfig: Setting CVar [[r.DOF.Gather.AccumulatorQuality:1        ; higher gathering accumulator quality]]
[2025.10.04-22.06.12:894][  0]LogConfig: Setting CVar [[r.DOF.Gather.PostfilterMethod:1          ; Median3x3 postfilering method]]
[2025.10.04-22.06.12:894][  0]LogConfig: Setting CVar [[r.DOF.Gather.EnableBokehSettings:0       ; no bokeh simulation when gathering]]
[2025.10.04-22.06.12:894][  0]LogConfig: Setting CVar [[r.DOF.Gather.RingCount:4                 ; medium number of samples when gathering]]
[2025.10.04-22.06.12:894][  0]LogConfig: Setting CVar [[r.DOF.Scatter.ForegroundCompositing:1    ; additive foreground scattering]]
[2025.10.04-22.06.12:894][  0]LogConfig: Setting CVar [[r.DOF.Scatter.BackgroundCompositing:2    ; additive background scattering]]
[2025.10.04-22.06.12:894][  0]LogConfig: Setting CVar [[r.DOF.Scatter.EnableBokehSettings:1      ; bokeh simulation when scattering]]
[2025.10.04-22.06.12:894][  0]LogConfig: Setting CVar [[r.DOF.Scatter.MaxSpriteRatio:0.1         ; only a maximum of 10% of scattered bokeh]]
[2025.10.04-22.06.12:894][  0]LogConfig: Setting CVar [[r.DOF.Recombine.Quality:1                ; cheap slight out of focus]]
[2025.10.04-22.06.12:894][  0]LogConfig: Setting CVar [[r.DOF.Recombine.EnableBokehSettings:0    ; no bokeh simulation on slight out of focus]]
[2025.10.04-22.06.12:894][  0]LogConfig: Setting CVar [[r.DOF.TemporalAAQuality:1                ; more stable temporal accumulation]]
[2025.10.04-22.06.12:894][  0]LogConfig: Setting CVar [[r.DOF.Kernel.MaxForegroundRadius:0.025]]
[2025.10.04-22.06.12:894][  0]LogConfig: Setting CVar [[r.DOF.Kernel.MaxBackgroundRadius:0.025]]
[2025.10.04-22.06.12:894][  0]LogConfig: Applying CVar settings from Section [TextureQuality@3] File [F:/Proyectos UE 4.27/TasteOfMadness/TasteOfMadness/Saved/Config/Windows/Scalability.ini]
[2025.10.04-22.06.12:894][  0]LogConfig: Setting CVar [[r.Streaming.MipBias:0]]
[2025.10.04-22.06.12:894][  0]LogConfig: Setting CVar [[r.Streaming.AmortizeCPUToGPUCopy:0]]
[2025.10.04-22.06.12:894][  0]LogConfig: Setting CVar [[r.Streaming.MaxNumTexturesToStreamPerFrame:0]]
[2025.10.04-22.06.12:894][  0]LogConfig: Setting CVar [[r.Streaming.Boost:1]]
[2025.10.04-22.06.12:894][  0]LogConfig: Setting CVar [[r.MaxAnisotropy:8]]
[2025.10.04-22.06.12:894][  0]LogConfig: Setting CVar [[r.VT.MaxAnisotropy:8]]
[2025.10.04-22.06.12:894][  0]LogConfig: Setting CVar [[r.Streaming.LimitPoolSizeToVRAM:0]]
[2025.10.04-22.06.12:894][  0]LogConfig: Setting CVar [[r.Streaming.PoolSize:1000]]
[2025.10.04-22.06.12:894][  0]LogConfig: Setting CVar [[r.Streaming.MaxEffectiveScreenSize:0]]
[2025.10.04-22.06.12:894][  0]LogConfig: Applying CVar settings from Section [EffectsQuality@3] File [F:/Proyectos UE 4.27/TasteOfMadness/TasteOfMadness/Saved/Config/Windows/Scalability.ini]
[2025.10.04-22.06.12:894][  0]LogConfig: Setting CVar [[r.TranslucencyLightingVolumeDim:64]]
[2025.10.04-22.06.12:894][  0]LogConfig: Setting CVar [[r.RefractionQuality:2]]
[2025.10.04-22.06.12:894][  0]LogConfig: Setting CVar [[r.SSR.Quality:3]]
[2025.10.04-22.06.12:894][  0]LogConfig: Setting CVar [[r.SSR.HalfResSceneColor:0]]
[2025.10.04-22.06.12:894][  0]LogConfig: Setting CVar [[r.SceneColorFormat:4]]
[2025.10.04-22.06.12:894][  0]LogConfig: Setting CVar [[r.DetailMode:2]]
[2025.10.04-22.06.12:894][  0]LogConfig: Setting CVar [[r.TranslucencyVolumeBlur:1]]
[2025.10.04-22.06.12:894][  0]LogConfig: Setting CVar [[r.MaterialQualityLevel:1 ; High quality]]
[2025.10.04-22.06.12:894][  0]LogConfig: Setting CVar [[r.AnisotropicMaterials:1]]
[2025.10.04-22.06.12:894][  0]LogConfig: Setting CVar [[r.SSS.Scale:1]]
[2025.10.04-22.06.12:894][  0]LogConfig: Setting CVar [[r.SSS.SampleSet:2]]
[2025.10.04-22.06.12:894][  0]LogConfig: Setting CVar [[r.SSS.Quality:1]]
[2025.10.04-22.06.12:894][  0]LogConfig: Setting CVar [[r.SSS.HalfRes:0]]
[2025.10.04-22.06.12:894][  0]LogConfig: Setting CVar [[r.SSGI.Quality:3]]
[2025.10.04-22.06.12:894][  0]LogConfig: Setting CVar [[r.EmitterSpawnRateScale:1.0]]
[2025.10.04-22.06.12:894][  0]LogConfig: Setting CVar [[r.ParticleLightQuality:2]]
[2025.10.04-22.06.12:894][  0]LogConfig: Setting CVar [[r.SkyAtmosphere.AerialPerspectiveLUT.FastApplyOnOpaque:1 ; Always have FastSkyLUT 1 in this case to avoid wrong sky]]
[2025.10.04-22.06.12:894][  0]LogConfig: Setting CVar [[r.SkyAtmosphere.AerialPerspectiveLUT.SampleCountMaxPerSlice:4]]
[2025.10.04-22.06.12:894][  0]LogConfig: Setting CVar [[r.SkyAtmosphere.AerialPerspectiveLUT.DepthResolution:16.0]]
[2025.10.04-22.06.12:894][  0]LogConfig: Setting CVar [[r.SkyAtmosphere.FastSkyLUT:1]]
[2025.10.04-22.06.12:894][  0]LogConfig: Setting CVar [[r.SkyAtmosphere.FastSkyLUT.SampleCountMin:4.0]]
[2025.10.04-22.06.12:894][  0]LogConfig: Setting CVar [[r.SkyAtmosphere.FastSkyLUT.SampleCountMax:128.0]]
[2025.10.04-22.06.12:894][  0]LogConfig: Setting CVar [[r.SkyAtmosphere.SampleCountMin:4.0]]
[2025.10.04-22.06.12:894][  0]LogConfig: Setting CVar [[r.SkyAtmosphere.SampleCountMax:128.0]]
[2025.10.04-22.06.12:894][  0]LogConfig: Setting CVar [[r.SkyAtmosphere.TransmittanceLUT.UseSmallFormat:0]]
[2025.10.04-22.06.12:894][  0]LogConfig: Setting CVar [[r.SkyAtmosphere.TransmittanceLUT.SampleCount:10.0]]
[2025.10.04-22.06.12:894][  0]LogConfig: Setting CVar [[r.SkyAtmosphere.MultiScatteringLUT.SampleCount:15.0]]
[2025.10.04-22.06.12:894][  0]LogConfig: Setting CVar [[r.SkyLight.RealTimeReflectionCapture:1]]
[2025.10.04-22.06.12:894][  0]LogConfig: Applying CVar settings from Section [FoliageQuality@3] File [F:/Proyectos UE 4.27/TasteOfMadness/TasteOfMadness/Saved/Config/Windows/Scalability.ini]
[2025.10.04-22.06.12:894][  0]LogConfig: Setting CVar [[foliage.DensityScale:1.0]]
[2025.10.04-22.06.12:894][  0]LogConfig: Setting CVar [[grass.DensityScale:1.0]]
[2025.10.04-22.06.12:894][  0]LogConfig: Applying CVar settings from Section [ShadingQuality@3] File [F:/Proyectos UE 4.27/TasteOfMadness/TasteOfMadness/Saved/Config/Windows/Scalability.ini]
[2025.10.04-22.06.12:894][  0]LogConfig: Setting CVar [[r.HairStrands.SkyLighting.IntegrationType:2]]
[2025.10.04-22.06.12:894][  0]LogConfig: Setting CVar [[r.HairStrands.SkyAO.SampleCount:4]]
[2025.10.04-22.06.12:894][  0]LogConfig: Setting CVar [[r.HairStrands.Visibility.MSAA.SamplePerPixel:4]]
[2025.10.04-22.06.12:894][  0]LogConfig: Applying CVar settings from Section [Startup] File [../../../Engine/Config/ConsoleVariables.ini]
[2025.10.04-22.06.12:895][  0]LogConfig: Setting CVar [[net.UseAdaptiveNetUpdateFrequency:0]]
[2025.10.04-22.06.12:895][  0]LogConfig: Setting CVar [[p.chaos.AllowCreatePhysxBodies:1]]
[2025.10.04-22.06.12:895][  0]LogConfig: Setting CVar [[fx.SkipVectorVMBackendOptimizations:1]]
[2025.10.04-22.06.12:895][  0]LogConfig: Applying CVar settings from Section [ConsoleVariables] File [F:/Proyectos UE 4.27/TasteOfMadness/TasteOfMadness/Saved/Config/Windows/Engine.ini]
[2025.10.04-22.06.12:895][  0]LogConfig: Applying CVar settings from Section [ConsoleVariables] File [F:/Proyectos UE 4.27/TasteOfMadness/TasteOfMadness/Saved/Config/Windows/Editor.ini]
[2025.10.04-22.06.12:895][  0]LogInit: Computer: LEGIÓN_G
[2025.10.04-22.06.12:895][  0]LogInit: User: gerar
[2025.10.04-22.06.12:895][  0]LogInit: CPU Page size=4096, Cores=6
[2025.10.04-22.06.12:895][  0]LogInit: High frequency timer resolution =10.000000 MHz
[2025.10.04-22.06.12:895][  0]LogMemory: Memory total: Physical=31.8GB (32GB approx)
[2025.10.04-22.06.12:895][  0]LogMemory: Platform Memory Stats for Windows
[2025.10.04-22.06.12:895][  0]LogMemory: Process Physical Memory: 149.57 MB used, 149.57 MB peak
[2025.10.04-22.06.12:895][  0]LogMemory: Process Virtual Memory: 132.28 MB used, 132.28 MB peak
[2025.10.04-22.06.12:895][  0]LogMemory: Physical Memory: 13916.06 MB used,  18619.25 MB free, 32535.30 MB total
[2025.10.04-22.06.12:895][  0]LogMemory: Virtual Memory: 134199016.00 MB used,  18711.00 MB free, 134217728.00 MB total
[2025.10.04-22.06.12:902][  0]LogWindows: WindowsPlatformFeatures enabled
[2025.10.04-22.06.12:956][  0]LogInit: Physics initialised using underlying interface: PhysX
[2025.10.04-22.06.12:957][  0]LogInit: Overriding language with editor language configuration option (en).
[2025.10.04-22.06.12:957][  0]LogInit: Using OS detected locale (es-MX).
[2025.10.04-22.06.13:160][  0]LogInit: Setting process to per monitor DPI aware
[2025.10.04-22.06.13:187][  0]LogWindowsTextInputMethodSystem: Display: IME system deactivated.
[2025.10.04-22.06.13:208][  0]LogSlate: New Slate User Created.  User Index 0, Is Virtual User: 0
[2025.10.04-22.06.13:208][  0]LogSlate: Slate User Registered.  User Index 0, Is Virtual User: 0
[2025.10.04-22.06.13:488][  0]LogD3D11RHI: Loaded GFSDK_Aftermath_Lib.x64.dll
[2025.10.04-22.06.13:512][  0]LogHMD: Failed to initialize OpenVR with code 110
[2025.10.04-22.06.13:512][  0]LogD3D11RHI: D3D11 min allowed feature level: 11_0
[2025.10.04-22.06.13:512][  0]LogD3D11RHI: D3D11 max allowed feature level: 11_0
[2025.10.04-22.06.13:512][  0]LogD3D11RHI: D3D11 adapters:
[2025.10.04-22.06.13:950][  0]LogD3D11RHI:    0. 'NVIDIA GeForce RTX 3050 Ti Laptop GPU' (Feature Level 11_0)
[2025.10.04-22.06.13:950][  0]LogD3D11RHI:       3962/0/16267 MB DedicatedVideo/DedicatedSystem/SharedSystem, Outputs:1, VendorId:0x10de
[2025.10.04-22.06.14:046][  0]LogD3D11RHI:    1. 'Intel(R) UHD Graphics' (Feature Level 11_0)
[2025.10.04-22.06.14:046][  0]LogD3D11RHI:       128/0/16267 MB DedicatedVideo/DedicatedSystem/SharedSystem, Outputs:1, VendorId:0x8086
[2025.10.04-22.06.14:054][  0]LogD3D11RHI:    2. 'Microsoft Basic Render Driver' (Feature Level 11_0)
[2025.10.04-22.06.14:054][  0]LogD3D11RHI:       0/0/16267 MB DedicatedVideo/DedicatedSystem/SharedSystem, Outputs:0, VendorId:0x1414
[2025.10.04-22.06.14:054][  0]LogD3D11RHI: Chosen D3D11 Adapter:
[2025.10.04-22.06.14:054][  0]LogD3D11RHI:     Description : NVIDIA GeForce RTX 3050 Ti Laptop GPU
[2025.10.04-22.06.14:054][  0]LogD3D11RHI:     VendorId    : 10de
[2025.10.04-22.06.14:054][  0]LogD3D11RHI:     DeviceId    : 25e0
[2025.10.04-22.06.14:054][  0]LogD3D11RHI:     SubSysId    : 3e8b17aa
[2025.10.04-22.06.14:054][  0]LogD3D11RHI:     Revision    : 00a1
[2025.10.04-22.06.14:054][  0]LogD3D11RHI:     DedicatedVideoMemory : 4154458112 bytes
[2025.10.04-22.06.14:054][  0]LogD3D11RHI:     DedicatedSystemMemory : 0 bytes
[2025.10.04-22.06.14:054][  0]LogD3D11RHI:     SharedSystemMemory : 17057869824 bytes
[2025.10.04-22.06.14:054][  0]LogD3D11RHI:     AdapterLuid : 0 90531
[2025.10.04-22.06.14:066][  0]LogD3D11RHI: Creating new Direct3DDevice
[2025.10.04-22.06.14:067][  0]LogD3D11RHI:     GPU DeviceId: 0x25e0 (for the marketing name, search the web for "GPU Device Id")
[2025.10.04-22.06.14:067][  0]LogWindows: EnumDisplayDevices:
[2025.10.04-22.06.14:067][  0]LogWindows:    0. 'Intel(R) UHD Graphics' (P:0 D:1)
[2025.10.04-22.06.14:067][  0]LogWindows:    1. 'Intel(R) UHD Graphics' (P:0 D:0)
[2025.10.04-22.06.14:067][  0]LogWindows:    2. 'Intel(R) UHD Graphics' (P:0 D:0)
[2025.10.04-22.06.14:068][  0]LogWindows:    3. 'Intel(R) UHD Graphics' (P:0 D:0)
[2025.10.04-22.06.14:068][  0]LogWindows:    4. 'NVIDIA GeForce RTX 3050 Ti Laptop GPU' (P:1 D:1)
[2025.10.04-22.06.14:068][  0]LogWindows:    5. 'NVIDIA GeForce RTX 3050 Ti Laptop GPU' (P:0 D:0)
[2025.10.04-22.06.14:068][  0]LogWindows:    6. 'NVIDIA GeForce RTX 3050 Ti Laptop GPU' (P:0 D:0)
[2025.10.04-22.06.14:069][  0]LogWindows:    7. 'NVIDIA GeForce RTX 3050 Ti Laptop GPU' (P:0 D:0)
[2025.10.04-22.06.14:069][  0]LogWindows: DebugString: PrimaryIsNotTheChoosenAdapter PrimaryIsNotTheChoosenAdapter PrimaryIsNotTheChoosenAdapter PrimaryIsNotTheChoosenAdapter FoundDriverCount:4 
[2025.10.04-22.06.14:069][  0]LogD3D11RHI:     Adapter Name: NVIDIA GeForce RTX 3050 Ti Laptop GPU
[2025.10.04-22.06.14:069][  0]LogD3D11RHI:   Driver Version: 577.00 (internal:32.0.15.7700, unified:577.00)
[2025.10.04-22.06.14:069][  0]LogD3D11RHI:      Driver Date: 7-14-2025
[2025.10.04-22.06.14:069][  0]LogRHI: Texture pool is 2773 MB (70% of 3962 MB)
[2025.10.04-22.06.14:069][  0]LogD3D11RHI: Creating D3DDevice using adapter:
[2025.10.04-22.06.14:069][  0]LogD3D11RHI:     Description : NVIDIA GeForce RTX 3050 Ti Laptop GPU
[2025.10.04-22.06.14:069][  0]LogD3D11RHI:     VendorId    : 10de
[2025.10.04-22.06.14:069][  0]LogD3D11RHI:     DeviceId    : 25e0
[2025.10.04-22.06.14:069][  0]LogD3D11RHI:     SubSysId    : 3e8b17aa
[2025.10.04-22.06.14:069][  0]LogD3D11RHI:     Revision    : 00a1
[2025.10.04-22.06.14:069][  0]LogD3D11RHI:     DedicatedVideoMemory : 4154458112 bytes
[2025.10.04-22.06.14:069][  0]LogD3D11RHI:     DedicatedSystemMemory : 0 bytes
[2025.10.04-22.06.14:069][  0]LogD3D11RHI:     SharedSystemMemory : 17057869824 bytes
[2025.10.04-22.06.14:069][  0]LogD3D11RHI:     AdapterLuid : 0 90531
[2025.10.04-22.06.14:322][  0]LogD3D11RHI: RHI has support for 64 bit atomics
[2025.10.04-22.06.14:323][  0]LogD3D11RHI: Async texture creation enabled
[2025.10.04-22.06.14:323][  0]LogD3D11RHI: Array index from any shader is supported
[2025.10.04-22.06.14:326][  0]LogD3D11RHI: HDR output is supported on display 0 (NvId: 0x80061087).
[2025.10.04-22.06.14:343][  0]LogD3D11RHI: GPU Timing Frequency: 1000.000000 (Debug: 2 1)
[2025.10.04-22.06.14:380][  0]LogRHI: GeForceNow SDK initialized: 1
[2025.10.04-22.06.14:764][  0]LogTargetPlatformManager: Display: Loaded TargetPlatform 'AllDesktop'
[2025.10.04-22.06.14:786][  0]LogTargetPlatformManager: Display: Loaded TargetPlatform 'Android'
[2025.10.04-22.06.14:787][  0]LogTargetPlatformManager: Display: Loaded TargetPlatform 'Android_ASTC'
[2025.10.04-22.06.14:787][  0]LogTargetPlatformManager: Display: Loaded TargetPlatform 'Android_DXT'
[2025.10.04-22.06.14:787][  0]LogTargetPlatformManager: Display: Loaded TargetPlatform 'Android_ETC2'
[2025.10.04-22.06.14:787][  0]LogTargetPlatformManager: Display: Loaded TargetPlatform 'AndroidClient'
[2025.10.04-22.06.14:787][  0]LogTargetPlatformManager: Display: Loaded TargetPlatform 'Android_ASTCClient'
[2025.10.04-22.06.14:787][  0]LogTargetPlatformManager: Display: Loaded TargetPlatform 'Android_DXTClient'
[2025.10.04-22.06.14:787][  0]LogTargetPlatformManager: Display: Loaded TargetPlatform 'Android_ETC2Client'
[2025.10.04-22.06.14:787][  0]LogTargetPlatformManager: Display: Loaded TargetPlatform 'Android_Multi'
[2025.10.04-22.06.14:787][  0]LogTargetPlatformManager: Display: Loaded TargetPlatform 'Android_MultiClient'
[2025.10.04-22.06.14:808][  0]LogTargetPlatformManager: Display: Loaded TargetPlatform 'IOSClient'
[2025.10.04-22.06.14:808][  0]LogTargetPlatformManager: Display: Loaded TargetPlatform 'IOS'
[2025.10.04-22.06.14:819][  0]LogTargetPlatformManager: Display: Loaded TargetPlatform 'Linux'
[2025.10.04-22.06.14:824][  0]LogTargetPlatformManager: Display: Loaded TargetPlatform 'LinuxNoEditor'
[2025.10.04-22.06.14:829][  0]LogTargetPlatformManager: Display: Loaded TargetPlatform 'LinuxClient'
[2025.10.04-22.06.14:835][  0]LogTargetPlatformManager: Display: Loaded TargetPlatform 'LinuxServer'
[2025.10.04-22.06.14:843][  0]LogTargetPlatformManager: Display: Loaded TargetPlatform 'LinuxAArch64NoEditor'
[2025.10.04-22.06.14:849][  0]LogTargetPlatformManager: Display: Loaded TargetPlatform 'LinuxAArch64Client'
[2025.10.04-22.06.14:853][  0]LogTargetPlatformManager: Display: Loaded TargetPlatform 'LinuxAArch64Server'
[2025.10.04-22.06.14:878][  0]LogTargetPlatformManager: Display: Loaded TargetPlatform 'Lumin'
[2025.10.04-22.06.14:878][  0]LogTargetPlatformManager: Display: Loaded TargetPlatform 'LuminClient'
[2025.10.04-22.06.14:886][  0]LogTargetPlatformManager: Display: Loaded TargetPlatform 'MacNoEditor'
[2025.10.04-22.06.14:891][  0]LogTargetPlatformManager: Display: Loaded TargetPlatform 'Mac'
[2025.10.04-22.06.14:896][  0]LogTargetPlatformManager: Display: Loaded TargetPlatform 'MacClient'
[2025.10.04-22.06.14:902][  0]LogTargetPlatformManager: Display: Loaded TargetPlatform 'MacServer'
[2025.10.04-22.06.14:912][  0]LogTargetPlatformManager: Display: Loaded TargetPlatform 'TVOSClient'
[2025.10.04-22.06.14:912][  0]LogTargetPlatformManager: Display: Loaded TargetPlatform 'TVOS'
[2025.10.04-22.06.14:920][  0]LogTargetPlatformManager: Display: Loaded TargetPlatform 'WindowsNoEditor'
[2025.10.04-22.06.14:926][  0]LogTargetPlatformManager: Display: Loaded TargetPlatform 'Windows'
[2025.10.04-22.06.14:932][  0]LogTargetPlatformManager: Display: Loaded TargetPlatform 'WindowsClient'
[2025.10.04-22.06.14:937][  0]LogTargetPlatformManager: Display: Loaded TargetPlatform 'WindowsServer'
[2025.10.04-22.06.14:937][  0]LogTargetPlatformManager: Display: Building Assets For Windows
[2025.10.04-22.06.14:948][  0]LogAudioDebug: Display: Lib vorbis DLL was dynamically loaded.
[2025.10.04-22.06.14:984][  0]LogTextureFormatOodle: Display: Oodle Texture 2.9.0 init RDO Off
[2025.10.04-22.06.15:023][  0]LogRendererCore: Ray tracing is disabled. Reason: r.RayTracing=0.
[2025.10.04-22.06.15:024][  0]LogShaderCompilers: Guid format shader working directory is -17 characters bigger than the processId version (../../../../../Proyectos UE 4.27/TasteOfMadness/TasteOfMadness/Intermediate/Shaders/WorkingDirectory/32020/).
[2025.10.04-22.06.15:024][  0]LogShaderCompilers: Cleaned the shader compiler working directory 'C:/Users/gerar/AppData/Local/Temp/UnrealShaderWorkingDir/A728254A4F84A42580CFA89307189D54/'.
[2025.10.04-22.06.15:024][  0]LogXGEController: Cannot use XGE Controller as Incredibuild is not installed on this machine.
[2025.10.04-22.06.15:024][  0]LogShaderCompilers: Cannot use XGE Shader Compiler as Incredibuild is not installed on this machine.
[2025.10.04-22.06.15:024][  0]LogShaderCompilers: Display: Using Local Shader Compiler.
[2025.10.04-22.06.15:812][  0]LogDerivedDataCache: Display: Max Cache Size: 512 MB
[2025.10.04-22.06.15:873][  0]LogDerivedDataCache: Loaded boot cache 0.06s 94MB C:/Users/gerar/AppData/Local/UnrealEngine/4.27/DerivedDataCache/Boot.ddc.
[2025.10.04-22.06.15:873][  0]LogDerivedDataCache: Display: Loaded Boot cache: C:/Users/gerar/AppData/Local/UnrealEngine/4.27/DerivedDataCache/Boot.ddc
[2025.10.04-22.06.15:873][  0]LogDerivedDataCache: FDerivedDataBackendGraph:  Pak pak cache file ../../../../../Proyectos UE 4.27/TasteOfMadness/TasteOfMadness/DerivedDataCache/DDC.ddp not found, will not use a pak cache.
[2025.10.04-22.06.15:873][  0]LogDerivedDataCache: Unable to find inner node Pak for hierarchical cache Hierarchy.
[2025.10.04-22.06.15:873][  0]LogDerivedDataCache: FDerivedDataBackendGraph:  CompressedPak pak cache file ../../../../../Proyectos UE 4.27/TasteOfMadness/TasteOfMadness/DerivedDataCache/Compressed.ddp not found, will not use a pak cache.
[2025.10.04-22.06.15:873][  0]LogDerivedDataCache: Unable to find inner node CompressedPak for hierarchical cache Hierarchy.
[2025.10.04-22.06.15:889][  0]LogDerivedDataCache: Display: Pak cache opened for reading ../../../Engine/DerivedDataCache/Compressed.ddp.
[2025.10.04-22.06.15:889][  0]LogDerivedDataCache: FDerivedDataBackendGraph:  EnterprisePak pak cache file ../../../Enterprise/DerivedDataCache/Compressed.ddp not found, will not use a pak cache.
[2025.10.04-22.06.15:889][  0]LogDerivedDataCache: Unable to find inner node EnterprisePak for hierarchical cache Hierarchy.
[2025.10.04-22.06.15:897][  0]LogDerivedDataCache: Speed tests for C:/Users/gerar/AppData/Local/UnrealEngine/Common/DerivedDataCache took 0.01 seconds
[2025.10.04-22.06.15:897][  0]LogDerivedDataCache: Display: Performance to C:/Users/gerar/AppData/Local/UnrealEngine/Common/DerivedDataCache: Latency=0.06ms. RandomReadSpeed=1158.92MBs, RandomWriteSpeed=135.30MBs. Assigned SpeedClass 'Local'
[2025.10.04-22.06.15:897][  0]LogDerivedDataCache: Using Local data cache path C:/Users/gerar/AppData/Local/UnrealEngine/Common/DerivedDataCache: Writable
[2025.10.04-22.06.15:897][  0]LogDerivedDataCache: Shared data cache path not found in *engine.ini, will not use an Shared cache.
[2025.10.04-22.06.15:897][  0]LogDerivedDataCache: Unable to find inner node Shared for hierarchical cache Hierarchy.
[2025.10.04-22.06.15:952][  0]LogSlate: Using FreeType 2.10.0
[2025.10.04-22.06.15:953][  0]LogSlate: SlateFontServices - WITH_FREETYPE: 1, WITH_HARFBUZZ: 1
[2025.10.04-22.06.15:989][  0]LogAssetRegistry: FAssetRegistry took 0.0036 seconds to start up
[2025.10.04-22.06.16:297][  0]LogInit: Selected Device Profile: [Windows]
[2025.10.04-22.06.16:297][  0]LogInit: Active device profile: [0000026C00E74700][0000026C78EFEA40 49] Windows
[2025.10.04-22.06.16:297][  0]LogInit: Profiles: [0000026C00E74700][0000026C78EFEA40 49] Windows, [0000026C00E6B700][0000026C755E0B80 49] WindowsNoEditor, [0000026C00E77300][0000026C78918D00 49] WindowsServer, [0000026C00E68F00][0000026C7891CE80 49] WindowsClient, [0000026C00E77500][0000026C78921000 49] IOS, [0000026C00E53F00][0000026C7E3CF180 49] iPadAir, [0000026C00E6BB00][0000026C7E3D3300 49] iPadAir2, [0000026C00E0C500][0000026C7E3DB5C0 49] IPadPro, [0000026C00E0C600][0000026C7E3D7600 49] iPadAir3, [0000026C00E50100][0000026C0178B780 49] iPadAir4, [0000026C00E0EC00][0000026C0178F900 49] iPadMini2, [0000026C00E52500][0000026C01793A80 49] iPadMini3, [0000026C00E0F400][0000026C01797C00 49] iPadMini4, [0000026C00E50F00][0000026C0179A200 49] iPadMini5, [0000026C00E07E00][0000026C017A24C0 49] iPhone6, [0000026C00E07F00][0000026C0179E500 49] iPodTouch6, [0000026C00E77900][0000026C017AA7C0 49] iPhone7, [0000026C00E76100][0000026C017A6800 49] iPodTouch7, [0000026C00E04400][0000026C78914940 49] iPhone5S, [0000026C00E0FD00][0000026C017AEA80 49] iPhone6Plus, [0000026C00E77400][0000026C017B2BC0 49] iPhone6S, [0000026C00E0E000][0000026C017B6D00 49] iPhone6SPlus, [0000026C00E74900][0000026C017BEE80 49] iPhone7Plus, [0000026C00E0CE00][0000026C017C3000 49] iPhoneSE, [0000026C00E74200][0000026C017C7180 49] iPhone8, [0000026C00E0E400][0000026C017CB300 49] iPhone8Plus, [0000026C00E75E00][0000026C017CF480 49] iPhoneX, [0000026C00E0FE00][0000026C017D3600 49] iPhoneXS, [0000026C00E75600][0000026C017D7780 49] iPhoneXSMax, [0000026C00E0E500][0000026C017DB900 49] iPhoneXR, [0000026C00E76A00][0000026C017DFA80 49] iPhone11, [0000026C00E0FA00][0000026C017E3C00 49] iPhone11Pro, [0000026C00E74F00][0000026C017E6200 49] iPhone11ProMax, [0000026C00E0E300][0000026C017EA380 49] iPhoneSE2, [0000026C00E76700][0000026C017EE500 49] iPhone12Mini, [0000026C00E0C700][0000026C01854680 49] iPhone12, [0000026C00E77100][0000026C018FE800 49] iPhone12Pro, [0000026C00E0F500][0000026C7DFE0980 49] iPhone12ProMax, [0000026C00E74800][0000026C7DFE4B00 49] iPadPro105, [0000026C00E0DC00][0000026C017BAC40 49] iPadPro129, [0000026C00E74300][0000026C7E2C4D80 49] iPadPro97, [0000026C00E0DD00][0000026C7E2CCEC0 49] iPadPro2_129, [0000026C00E74C00][0000026C7E2D5040 49] iPad5, [0000026C00E0F000][0000026C7E2D91C0 49] iPad6, [0000026C00E76C00][0000026C7E303340 49] iPad7, [0000026C00E0EE00][0000026C7E30B4C0 49] iPad8, [0000026C00E75800][0000026C7E31B640 49] iPadPro11, [0000026C00E0DB00][0000026C7E31F7C0 49] iPadPro2_11, [0000026C00E75500][0000026C7E38F940 49] iPadPro3_129, [0000026C00E0E700][0000026C7E393AC0 49] iPadPro4_129, [0000026C00E74100][0000026C789100C0 49] AppleTV, [0000026C00E0EB00][0000026C7E396240 49] AppleTV4K, [0000026C00E75B00][0000026C78EEC3C0 49] TVOS, [0000026C00E0C900][0000026C78EF0540 49] Mac, [0000026C00E75700][0000026C7E39A6C0 49] MacClient, [0000026C00E0EF00][0000026C7E39E840 49] MacNoEditor, [0000026C00E74D00][0000026C7E3A29C0 49] MacServer, [0000026C00E0C300][0000026C7E3A6B40 49] Linux, [0000026C00E76E00][0000026C7E082CC0 49] LinuxAArch64, [0000026C00E0D500][0000026C7E2D0E00 49] LinuxNoEditor, [0000026C00E76400][0000026C7E08AF40 49] LinuxAArch64NoEditor, [0000026C00E0C200][0000026C01887080 49] LinuxClient, [0000026C00E76D00][0000026C0188B1C0 49] LinuxAArch64Client, [0000026C00E0CC00][0000026C01893340 49] LinuxServer, [0000026C00E74400][0000026C0189B4C0 49] LinuxAArch64Server, [0000026C00E0D000][0000026C018DB640 49] Android, [0000026C00E53900][0000026C018EF7C0 49] Android_Low, [0000026C00E05B00][0000026C018F3940 49] Android_Mid, [0000026C00E53000][0000026C018F7AC0 49] Android_High, [0000026C00E06300][0000026C018FA0C0 49] Android_Default, [0000026C00E52000][0000026C01B12240 49] Android_Adreno4xx, [0000026C00E04100][0000026C01B163C0 49] Android_Adreno5xx_Low, [0000026C00E50B00][0000026C01B8A540 49] Android_Adreno5xx, [0000026C00E05800][0000026C01B8E6C0 49] Android_Adreno6xx, [0000026C00E51100][0000026C78E7E840 49] Android_Adreno6xx_Vulkan, [0000026C00E04800][0000026C78E829C0 49] Android_Mali_T6xx, [0000026C00E53600][0000026C78E86B40 49] Android_Mali_T7xx, [0000026C00E04D00][0000026C78E94CC0 49] Android_Mali_T8xx, [0000026C00E53C00][0000026C78ED0E40 49] Android_Mali_G71, [0000026C00E05500][0000026C0188EF80 49] Android_Mali_G72, [0000026C00E53E00][0000026C78EE90C0 49] Android_Mali_G72_Vulkan, [0000026C00E07D00][0000026C78887200 49] Android_Mali_G76, [0000026C00E53A00][0000026C788D1340 49] Android_Mali_G76_Vulkan, [0000026C00E07600][0000026C788D94C0 49] Android_Mali_G77, [0000026C00E52200][0000026C788E1640 49] Android_Mali_G77_Vulkan, [0000026C00E05200][0000026C788E57C0 49] Android_Mali_G78, [0000026C00E50A00][0000026C788E9940 49] Android_Mali_G78_Vulkan, [0000026C00E07000][0000026C788F1AC0 49] Android_Mali_G710, [0000026C00E51400][0000026C788F40C0 49] Android_Mali_G710_Vulkan, [0000026C00E04700][0000026C788F8240 49] Android_Vulkan_SM5, [0000026C00E51800][0000026C788EC3C0 49] Android_PowerVR_G6xxx, [0000026C00E04E00][0000026C788DC540 49] Android_PowerVR_GT7xxx, [0000026C00E50200][0000026C788FC6C0 49] Android_PowerVR_GE8xxx, [0000026C00E04600][0000026C78900840 49] Android_PowerVR_GM9xxx, [0000026C00E52600][0000026C78E5E9C0 49] Android_PowerVR_GM9xxx_Vulkan, [0000026C00E0CF00][0000026C78E62B40 49] Android_TegraK1, [0000026C00E52A00][0000026C78E66CC0 49] Android_Unknown_Vulkan, [0000026C00E0CD00][0000026C78E6AE40 49] Lumin, [0000026C00E51200][0000026C78E6EFC0 49] Lumin_Desktop, [0000026C00E0CB00][0000026C78E73140 49] HoloLens, 
[2025.10.04-22.06.16:429][  0]LogMeshReduction: Using QuadricMeshReduction for automatic static mesh reduction
[2025.10.04-22.06.16:429][  0]LogMeshReduction: Using SimplygonMeshReduction for automatic skeletal mesh reduction
[2025.10.04-22.06.16:429][  0]LogMeshReduction: Using ProxyLODMeshReduction for automatic mesh merging
[2025.10.04-22.06.16:429][  0]LogMeshReduction: No distributed automatic mesh merging module available
[2025.10.04-22.06.16:429][  0]LogMeshMerging: No distributed automatic mesh merging module available
[2025.10.04-22.06.16:447][  0]LogNetVersion: TasteOfMadness 1.0.0, NetCL: 17155196, EngineNetVer: 17, GameNetVer: 0 (Checksum: 3999798361)
[2025.10.04-22.06.16:936][  0]LogTexture: Default maximum texture size for cubemaps generated from long-lat sources has been changed from 512 to unlimited. In order to preserve old behaiour for '/Engine/MapTemplates/Sky/DaylightAmbientCubemap.DaylightAmbientCubemap', its maximum texture size has been explicitly set to 512.
[2025.10.04-22.06.16:993][  0]LogHMD: PokeAHoleMaterial loaded successfully
[2025.10.04-22.06.16:998][  0]LogUObjectArray: 17178 objects as part of root set at end of initial load.
[2025.10.04-22.06.16:998][  0]LogUObjectAllocator: 4302048 out of 0 bytes used by permanent object pool.
[2025.10.04-22.06.16:998][  0]LogUObjectArray: CloseDisregardForGC: 0/0 objects in disregard for GC pool
[2025.10.04-22.06.17:399][  0]LogNiagaraDebuggerClient: Niagara Debugger Client Initialized | Session: 35E4FA2445B763D5A8816B87769563C7 | Instance: 8E6D7B8544578797598BB1BCC79103B1 (LEGIÓN_G-32020).
[2025.10.04-22.06.17:442][  0]LogPython: Using Python 3.7.7
[2025.10.04-22.06.18:170][  0]LogTcpMessaging: Initializing TcpMessaging bridge
[2025.10.04-22.06.18:178][  0]LogUdpMessaging: Initializing bridge on interface 0.0.0.0:0 to multicast group 230.0.0.1:6666.
[2025.10.04-22.06.18:406][  0]SourceControl: Source control is disabled
[2025.10.04-22.06.18:406][  0]SourceControl: Source control is disabled
[2025.10.04-22.06.18:410][  0]SourceControl: Source control is disabled
[2025.10.04-22.06.18:414][  0]SourceControl: Source control is disabled
[2025.10.04-22.06.18:428][  0]SourceControl: Source control is disabled
[2025.10.04-22.06.18:436][  0]LogUProjectInfo: Found projects:
[2025.10.04-22.06.18:747][  0]LogOpenImageDenoise: OIDN starting up
[2025.10.04-22.06.18:813][  0]LogAndroidPermission: UAndroidPermissionCallbackProxy::GetInstance
[2025.10.04-22.06.18:843][  0]LogAudioCaptureCore: Display: No Audio Capture implementations found. Audio input will be silent.
[2025.10.04-22.06.18:843][  0]LogAudioCaptureCore: Display: No Audio Capture implementations found. Audio input will be silent.
[2025.10.04-22.06.18:989][  0]LogCollectionManager: Loaded 0 collections in 0.000702 seconds
[2025.10.04-22.06.19:018][  0]LogFileCache: Scanning file cache for directory 'F:/Proyectos UE 4.27/TasteOfMadness/TasteOfMadness/Saved/Collections/' took 0.00s
[2025.10.04-22.06.19:018][  0]LogFileCache: Scanning file cache for directory 'F:/Proyectos UE 4.27/TasteOfMadness/TasteOfMadness/Content/Developers/gerar/Collections/' took 0.00s
[2025.10.04-22.06.19:018][  0]LogFileCache: Scanning file cache for directory 'F:/Proyectos UE 4.27/TasteOfMadness/TasteOfMadness/Content/Collections/' took 0.00s
[2025.10.04-22.06.19:018][  0]LogOcInput: OculusInput pre-init called
[2025.10.04-22.06.19:347][  0]LogEngine: Initializing Engine...
[2025.10.04-22.06.19:355][  0]LogHMD: Failed to enumerate extensions. Please check that you have a valid OpenXR runtime installed.
[2025.10.04-22.06.19:355][  0]LogHMD: Failed to initialize OpenVR with code 110
[2025.10.04-22.06.19:355][  0]LogMagicLeap: Warning: VR disabled because ZI is not enabled.  To enable, in the editor, Edit -> Project Settings -> Plugins -> Magic Leap Plugin -> Enable Zero Iteration
[2025.10.04-22.06.19:357][  0]LogStats: UGameplayTagsManager::InitializeManager -  0.000 s
[2025.10.04-22.06.19:482][  0]LogInit: Initializing FReadOnlyCVARCache
[2025.10.04-22.06.19:491][  0]LogAIModule: Creating AISystem for world Untitled
[2025.10.04-22.06.19:499][  0]LogAudio: Display: Initializing Audio Device Manager...
[2025.10.04-22.06.19:505][  0]LogAudio: Display: Loading Default Audio Settings Objects...
[2025.10.04-22.06.19:505][  0]LogAudio: Display: No default SoundConcurrencyObject specified (or failed to load).
[2025.10.04-22.06.19:507][  0]LogAudio: Display: Audio Device Manager Initialized
[2025.10.04-22.06.19:507][  0]LogAudio: Display: Creating Audio Device:                 Id: 1, Scope: Shared, Realtime: True
[2025.10.04-22.06.19:507][  0]LogAudioMixer: Display: Audio Mixer Platform Settings:
[2025.10.04-22.06.19:507][  0]LogAudioMixer: Display: 	Sample Rate:						  48000
[2025.10.04-22.06.19:507][  0]LogAudioMixer: Display: 	Callback Buffer Frame Size Requested: 1024
[2025.10.04-22.06.19:507][  0]LogAudioMixer: Display: 	Callback Buffer Frame Size To Use:	  1024
[2025.10.04-22.06.19:507][  0]LogAudioMixer: Display: 	Number of buffers to queue:			  2
[2025.10.04-22.06.19:507][  0]LogAudioMixer: Display: 	Max Channels (voices):				  32
[2025.10.04-22.06.19:507][  0]LogAudioMixer: Display: 	Number of Async Source Workers:		  0
[2025.10.04-22.06.19:507][  0]LogAudio: Display: AudioDevice MaxSources: 32
[2025.10.04-22.06.19:507][  0]LogAudio: Display: Audio Spatialization Plugin: None (built-in).
[2025.10.04-22.06.19:507][  0]LogAudio: Display: Audio Reverb Plugin: None (built-in).
[2025.10.04-22.06.19:507][  0]LogAudio: Display: Audio Occlusion Plugin: None (built-in).
[2025.10.04-22.06.19:508][  0]LogAudioMixer: Display: Initializing audio mixer.
[2025.10.04-22.06.19:523][  0]LogAudioMixer: Display: 0: FrontLeft
[2025.10.04-22.06.19:523][  0]LogAudioMixer: Display: 1: FrontRight
[2025.10.04-22.06.19:645][  0]LogAudioMixer: Display: Using Audio Device G274F (NVIDIA High Definition Audio)
[2025.10.04-22.06.19:649][  0]LogAudioMixer: Display: Initializing Sound Submixes...
[2025.10.04-22.06.19:653][  0]LogAudioMixer: Display: Creating Master Submix 'MasterSubmixDefault'
[2025.10.04-22.06.19:653][  0]LogAudioMixer: Display: Creating Master Submix 'MasterReverbSubmixDefault'
[2025.10.04-22.06.19:654][  0]LogAudioMixer: Display: Creating Master Submix 'MasterEQSubmixDefault'
[2025.10.04-22.06.19:654][  0]LogAudioMixer: FMixerPlatformXAudio2::StartAudioStream() called
[2025.10.04-22.06.19:654][  0]LogAudioMixer: Display: Output buffers initialized: Frames=1024, Channels=2, Samples=2048
[2025.10.04-22.06.19:657][  0]LogAudioMixer: Display: Starting AudioMixerPlatformInterface::RunInternal()
[2025.10.04-22.06.19:657][  0]LogAudioMixer: Display: FMixerPlatformXAudio2::SubmitBuffer() called for the first time
[2025.10.04-22.06.19:657][  0]LogInit: FAudioDevice initialized.
[2025.10.04-22.06.19:658][  0]LogAudio: Display: Audio Device (ID: 1) registered with world 'Untitled'.
[2025.10.04-22.06.19:658][  0]LogNetVersion: Set ProjectVersion to 1.0.0.0. Version Checksum will be recalculated on next use.
[2025.10.04-22.06.19:920][  0]LogDerivedDataCache: Saved boot cache 0.26s 94MB C:/Users/gerar/AppData/Local/UnrealEngine/4.27/DerivedDataCache/Boot.ddc.
[2025.10.04-22.06.19:922][  0]LogInit: Texture streaming: Enabled
[2025.10.04-22.06.19:943][  0]LogAnalytics: Display: [UEEditor.Rocket.Release] APIServer = https://datarouter.ol.epicgames.com/. AppVersion = 4.27.2-18319896+++UE4+Release-4.27
[2025.10.04-22.06.19:949][  0]LogEngineSessionManager: EngineSessionManager initialized
[2025.10.04-22.06.19:949][  0]LogEditorSessionSummary: Verbose: Initializing EditorSessionSummaryWriter for editor session tracking
[2025.10.04-22.06.19:955][  0]LogEditorSessionSummary: EditorSessionSummaryWriter initialized
[2025.10.04-22.06.19:994][  0]LogInit: Transaction tracking system initialized
[2025.10.04-22.06.20:020][  0]BlueprintLog: New page: Editor Load
[2025.10.04-22.06.20:095][  0]LocalizationService: Localization service is disabled
[2025.10.04-22.06.20:128][  0]TimingProfiler: Initialize
[2025.10.04-22.06.20:128][  0]TimingProfiler: OnSessionChanged
[2025.10.04-22.06.20:128][  0]LoadingProfiler: Initialize
[2025.10.04-22.06.20:128][  0]LoadingProfiler: OnSessionChanged
[2025.10.04-22.06.20:128][  0]NetworkingProfiler: Initialize
[2025.10.04-22.06.20:128][  0]NetworkingProfiler: OnSessionChanged
[2025.10.04-22.06.20:128][  0]MemoryProfiler: Initialize
[2025.10.04-22.06.20:128][  0]MemoryProfiler: OnSessionChanged
[2025.10.04-22.06.20:349][  0]LogCook: Display: CookSettings for Memory: MemoryMaxUsedVirtual 0MiB, MemoryMaxUsedPhysical 16384MiB, MemoryMinFreeVirtual 0MiB, MemoryMinFreePhysical 1024MiB
[2025.10.04-22.06.20:349][  0]LogCook: Display: Mobile HDR setting 1
[2025.10.04-22.06.20:422][  0]LogFileCache: Scanning file cache for directory 'F:/Proyectos UE 4.27/TasteOfMadness/TasteOfMadness/Content/' took 0.01s
[2025.10.04-22.06.20:911][  0]LogInit: Display: Engine is initialized. Leaving FEngineLoop::Init()
[2025.10.04-22.06.20:915][  0]SourceControl: Source control is disabled
[2025.10.04-22.06.20:916][  0]LogUnrealEdMisc: Loading editor; pre map load, took 9.817
[2025.10.04-22.06.20:916][  0]Cmd: MAP LOAD FILE="../../../../../Proyectos UE 4.27/TasteOfMadness/TasteOfMadness/Content/ThirdPersonBP/Maps/ThirdPersonExampleMap.umap" TEMPLATE=0 SHOWPROGRESS=1 FEATURELEVEL=3
[2025.10.04-22.06.20:917][  0]LightingResults: New page: Lighting Build
[2025.10.04-22.06.20:920][  0]LogWorld: UWorld::CleanupWorld for Untitled, bSessionEnded=true, bCleanupResources=true
[2025.10.04-22.06.20:920][  0]LogSlate: InvalidateAllWidgets triggered.  All widgets were invalidated
[2025.10.04-22.06.20:920][  0]MapCheck: New page: Map Check
[2025.10.04-22.06.20:920][  0]LightingResults: New page: Lighting Build
[2025.10.04-22.06.20:926][  0]LogAudio: Display: Audio Device unregistered from world 'None'.
[2025.10.04-22.06.20:930][  0]LogUObjectHash: Compacting FUObjectHashTables data took   0.87ms
[2025.10.04-22.06.21:542][  0]LogAudio: Display: Audio Device (ID: 1) registered with world 'ThirdPersonExampleMap'.
[2025.10.04-22.06.21:542][  0]LogAIModule: Creating AISystem for world ThirdPersonExampleMap
[2025.10.04-22.06.21:557][  0]LogEditorServer: Finished looking for orphan Actors (0.000 secs)
[2025.10.04-22.06.21:567][  0]LogUObjectHash: Compacting FUObjectHashTables data took   0.83ms
[2025.10.04-22.06.21:568][  0]Cmd: MAP CHECKDEP NOCLEARLOG
[2025.10.04-22.06.21:568][  0]MapCheck: Map check complete: 0 Error(s), 0 Warning(s), took 0.105ms to complete.
[2025.10.04-22.06.21:568][  0]LogFileHelpers: Loading map 'ThirdPersonExampleMap' took 0.653
[2025.10.04-22.06.21:570][  0]LogUnrealEdMisc: Total Editor Startup Time, took 10.472
[2025.10.04-22.06.21:721][  0]LogSlate: Updating window title bar state: overlay mode, drag disabled, window buttons hidden, title bar hidden
[2025.10.04-22.06.21:729][  0]LogSlate: Updating window title bar state: overlay mode, drag disabled, window buttons hidden, title bar hidden
[2025.10.04-22.06.21:738][  0]LogSlate: Updating window title bar state: overlay mode, drag disabled, window buttons hidden, title bar hidden
[2025.10.04-22.06.21:747][  0]LogSlate: Updating window title bar state: overlay mode, drag disabled, window buttons hidden, title bar hidden
[2025.10.04-22.06.21:779][  0]LogNativeClassHierarchy: Verbose: Native class hierarchy populated in 0.0126 seconds. Added 3822 classes and 928 folders.
[2025.10.04-22.06.21:786][  0]LogNativeClassHierarchy: Verbose: Native class hierarchy updated for 'WidgetCarousel' in 0.0004 seconds. Added 0 classes and 0 folders.
[2025.10.04-22.06.21:792][  0]LogPakFile: PakFile PrimaryIndexSize=187
[2025.10.04-22.06.21:792][  0]LogPakFile: PakFile PathHashIndexSize=101
[2025.10.04-22.06.21:793][  0]LogPakFile: PakFile FullDirectoryIndexSize=148
[2025.10.04-22.06.21:793][  0]LogShaderLibrary: Display: ShaderCodeLibraryPakFileMountedCallback: PakFile 'F:/Games/UE_4.27/FeaturePacks/FP_FirstPerson.upack' (chunk index -1, root 'root:/') mounted
[2025.10.04-22.06.21:793][  0]LogShaderLibrary: Display: ShaderCodeLibraryPakFileMountedCallback: pending pak file info (ChunkID:-1 Root:root:/ File:F:/Games/UE_4.27/FeaturePacks/FP_FirstPerson.upack)
[2025.10.04-22.06.21:793][  0]LogPakFile: OnPakFileMounted2Time == 0.000124
[2025.10.04-22.06.21:796][  0]LogPakFile: PakFile PrimaryIndexSize=189
[2025.10.04-22.06.21:796][  0]LogPakFile: PakFile PathHashIndexSize=101
[2025.10.04-22.06.21:796][  0]LogPakFile: PakFile FullDirectoryIndexSize=152
[2025.10.04-22.06.21:796][  0]LogShaderLibrary: Display: ShaderCodeLibraryPakFileMountedCallback: PakFile 'F:/Games/UE_4.27/FeaturePacks/FP_FirstPersonBP.upack' (chunk index -1, root 'root:/') mounted
[2025.10.04-22.06.21:796][  0]LogShaderLibrary: Display: ShaderCodeLibraryPakFileMountedCallback: pending pak file info (ChunkID:-1 Root:root:/ File:F:/Games/UE_4.27/FeaturePacks/FP_FirstPersonBP.upack)
[2025.10.04-22.06.21:796][  0]LogPakFile: OnPakFileMounted2Time == 0.000075
[2025.10.04-22.06.21:799][  0]LogPakFile: PakFile PrimaryIndexSize=191
[2025.10.04-22.06.21:799][  0]LogPakFile: PakFile PathHashIndexSize=101
[2025.10.04-22.06.21:799][  0]LogPakFile: PakFile FullDirectoryIndexSize=160
[2025.10.04-22.06.21:799][  0]LogShaderLibrary: Display: ShaderCodeLibraryPakFileMountedCallback: PakFile 'F:/Games/UE_4.27/FeaturePacks/MobileStarterContent.upack' (chunk index -1, root 'root:/') mounted
[2025.10.04-22.06.21:799][  0]LogShaderLibrary: Display: ShaderCodeLibraryPakFileMountedCallback: pending pak file info (ChunkID:-1 Root:root:/ File:F:/Games/UE_4.27/FeaturePacks/MobileStarterContent.upack)
[2025.10.04-22.06.21:799][  0]LogPakFile: OnPakFileMounted2Time == 0.000045
[2025.10.04-22.06.21:802][  0]LogPakFile: PakFile PrimaryIndexSize=185
[2025.10.04-22.06.21:802][  0]LogPakFile: PakFile PathHashIndexSize=101
[2025.10.04-22.06.21:802][  0]LogPakFile: PakFile FullDirectoryIndexSize=148
[2025.10.04-22.06.21:802][  0]LogShaderLibrary: Display: ShaderCodeLibraryPakFileMountedCallback: PakFile 'F:/Games/UE_4.27/FeaturePacks/StarterContent.upack' (chunk index -1, root 'root:/') mounted
[2025.10.04-22.06.21:802][  0]LogShaderLibrary: Display: ShaderCodeLibraryPakFileMountedCallback: pending pak file info (ChunkID:-1 Root:root:/ File:F:/Games/UE_4.27/FeaturePacks/StarterContent.upack)
[2025.10.04-22.06.21:802][  0]LogPakFile: OnPakFileMounted2Time == 0.000047
[2025.10.04-22.06.21:804][  0]LogPakFile: PakFile PrimaryIndexSize=190
[2025.10.04-22.06.21:804][  0]LogPakFile: PakFile PathHashIndexSize=101
[2025.10.04-22.06.21:804][  0]LogPakFile: PakFile FullDirectoryIndexSize=154
[2025.10.04-22.06.21:804][  0]LogShaderLibrary: Display: ShaderCodeLibraryPakFileMountedCallback: PakFile 'F:/Games/UE_4.27/FeaturePacks/TP_2DSideScroller.upack' (chunk index -1, root 'root:/') mounted
[2025.10.04-22.06.21:804][  0]LogShaderLibrary: Display: ShaderCodeLibraryPakFileMountedCallback: pending pak file info (ChunkID:-1 Root:root:/ File:F:/Games/UE_4.27/FeaturePacks/TP_2DSideScroller.upack)
[2025.10.04-22.06.21:804][  0]LogPakFile: OnPakFileMounted2Time == 0.000044
[2025.10.04-22.06.21:806][  0]LogPakFile: PakFile PrimaryIndexSize=192
[2025.10.04-22.06.21:806][  0]LogPakFile: PakFile PathHashIndexSize=101
[2025.10.04-22.06.21:806][  0]LogPakFile: PakFile FullDirectoryIndexSize=158
[2025.10.04-22.06.21:806][  0]LogShaderLibrary: Display: ShaderCodeLibraryPakFileMountedCallback: PakFile 'F:/Games/UE_4.27/FeaturePacks/TP_2DSideScrollerBP.upack' (chunk index -1, root 'root:/') mounted
[2025.10.04-22.06.21:806][  0]LogShaderLibrary: Display: ShaderCodeLibraryPakFileMountedCallback: pending pak file info (ChunkID:-1 Root:root:/ File:F:/Games/UE_4.27/FeaturePacks/TP_2DSideScrollerBP.upack)
[2025.10.04-22.06.21:806][  0]LogPakFile: OnPakFileMounted2Time == 0.000040
[2025.10.04-22.06.21:809][  0]LogPakFile: PakFile PrimaryIndexSize=182
[2025.10.04-22.06.21:809][  0]LogPakFile: PakFile PathHashIndexSize=101
[2025.10.04-22.06.21:809][  0]LogPakFile: PakFile FullDirectoryIndexSize=138
[2025.10.04-22.06.21:809][  0]LogShaderLibrary: Display: ShaderCodeLibraryPakFileMountedCallback: PakFile 'F:/Games/UE_4.27/FeaturePacks/TP_Flying.upack' (chunk index -1, root 'root:/') mounted
[2025.10.04-22.06.21:809][  0]LogShaderLibrary: Display: ShaderCodeLibraryPakFileMountedCallback: pending pak file info (ChunkID:-1 Root:root:/ File:F:/Games/UE_4.27/FeaturePacks/TP_Flying.upack)
[2025.10.04-22.06.21:809][  0]LogPakFile: OnPakFileMounted2Time == 0.000044
[2025.10.04-22.06.21:810][  0]LogPakFile: PakFile PrimaryIndexSize=184
[2025.10.04-22.06.21:812][  0]LogPakFile: PakFile PathHashIndexSize=101
[2025.10.04-22.06.21:812][  0]LogPakFile: PakFile FullDirectoryIndexSize=142
[2025.10.04-22.06.21:812][  0]LogShaderLibrary: Display: ShaderCodeLibraryPakFileMountedCallback: PakFile 'F:/Games/UE_4.27/FeaturePacks/TP_FlyingBP.upack' (chunk index -1, root 'root:/') mounted
[2025.10.04-22.06.21:812][  0]LogShaderLibrary: Display: ShaderCodeLibraryPakFileMountedCallback: pending pak file info (ChunkID:-1 Root:root:/ File:F:/Games/UE_4.27/FeaturePacks/TP_FlyingBP.upack)
[2025.10.04-22.06.21:812][  0]LogPakFile: OnPakFileMounted2Time == 0.000058
[2025.10.04-22.06.21:814][  0]LogPakFile: PakFile PrimaryIndexSize=188
[2025.10.04-22.06.21:814][  0]LogPakFile: PakFile PathHashIndexSize=101
[2025.10.04-22.06.21:814][  0]LogPakFile: PakFile FullDirectoryIndexSize=150
[2025.10.04-22.06.21:814][  0]LogShaderLibrary: Display: ShaderCodeLibraryPakFileMountedCallback: PakFile 'F:/Games/UE_4.27/FeaturePacks/TP_HandheldARBP.upack' (chunk index -1, root 'root:/') mounted
[2025.10.04-22.06.21:814][  0]LogShaderLibrary: Display: ShaderCodeLibraryPakFileMountedCallback: pending pak file info (ChunkID:-1 Root:root:/ File:F:/Games/UE_4.27/FeaturePacks/TP_HandheldARBP.upack)
[2025.10.04-22.06.21:814][  0]LogPakFile: OnPakFileMounted2Time == 0.000045
[2025.10.04-22.06.21:817][  0]LogPakFile: PakFile PrimaryIndexSize=182
[2025.10.04-22.06.21:817][  0]LogPakFile: PakFile PathHashIndexSize=101
[2025.10.04-22.06.21:817][  0]LogPakFile: PakFile FullDirectoryIndexSize=138
[2025.10.04-22.06.21:817][  0]LogShaderLibrary: Display: ShaderCodeLibraryPakFileMountedCallback: PakFile 'F:/Games/UE_4.27/FeaturePacks/TP_Puzzle.upack' (chunk index -1, root 'root:/') mounted
[2025.10.04-22.06.21:817][  0]LogShaderLibrary: Display: ShaderCodeLibraryPakFileMountedCallback: pending pak file info (ChunkID:-1 Root:root:/ File:F:/Games/UE_4.27/FeaturePacks/TP_Puzzle.upack)
[2025.10.04-22.06.21:817][  0]LogPakFile: OnPakFileMounted2Time == 0.000041
[2025.10.04-22.06.21:820][  0]LogPakFile: PakFile PrimaryIndexSize=184
[2025.10.04-22.06.21:820][  0]LogPakFile: PakFile PathHashIndexSize=101
[2025.10.04-22.06.21:820][  0]LogPakFile: PakFile FullDirectoryIndexSize=142
[2025.10.04-22.06.21:820][  0]LogShaderLibrary: Display: ShaderCodeLibraryPakFileMountedCallback: PakFile 'F:/Games/UE_4.27/FeaturePacks/TP_PuzzleBP.upack' (chunk index -1, root 'root:/') mounted
[2025.10.04-22.06.21:820][  0]LogShaderLibrary: Display: ShaderCodeLibraryPakFileMountedCallback: pending pak file info (ChunkID:-1 Root:root:/ File:F:/Games/UE_4.27/FeaturePacks/TP_PuzzleBP.upack)
[2025.10.04-22.06.21:820][  0]LogPakFile: OnPakFileMounted2Time == 0.000046
[2025.10.04-22.06.21:821][  0]LogPakFile: PakFile PrimaryIndexSize=183
[2025.10.04-22.06.21:821][  0]LogPakFile: PakFile PathHashIndexSize=101
[2025.10.04-22.06.21:821][  0]LogPakFile: PakFile FullDirectoryIndexSize=140
[2025.10.04-22.06.21:821][  0]LogShaderLibrary: Display: ShaderCodeLibraryPakFileMountedCallback: PakFile 'F:/Games/UE_4.27/FeaturePacks/TP_Rolling.upack' (chunk index -1, root 'root:/') mounted
[2025.10.04-22.06.21:821][  0]LogShaderLibrary: Display: ShaderCodeLibraryPakFileMountedCallback: pending pak file info (ChunkID:-1 Root:root:/ File:F:/Games/UE_4.27/FeaturePacks/TP_Rolling.upack)
[2025.10.04-22.06.21:821][  0]LogPakFile: OnPakFileMounted2Time == 0.000032
[2025.10.04-22.06.21:823][  0]LogPakFile: PakFile PrimaryIndexSize=185
[2025.10.04-22.06.21:823][  0]LogPakFile: PakFile PathHashIndexSize=101
[2025.10.04-22.06.21:823][  0]LogPakFile: PakFile FullDirectoryIndexSize=144
[2025.10.04-22.06.21:823][  0]LogShaderLibrary: Display: ShaderCodeLibraryPakFileMountedCallback: PakFile 'F:/Games/UE_4.27/FeaturePacks/TP_RollingBP.upack' (chunk index -1, root 'root:/') mounted
[2025.10.04-22.06.21:823][  0]LogShaderLibrary: Display: ShaderCodeLibraryPakFileMountedCallback: pending pak file info (ChunkID:-1 Root:root:/ File:F:/Games/UE_4.27/FeaturePacks/TP_RollingBP.upack)
[2025.10.04-22.06.21:823][  0]LogPakFile: OnPakFileMounted2Time == 0.000041
[2025.10.04-22.06.21:826][  0]LogPakFile: PakFile PrimaryIndexSize=188
[2025.10.04-22.06.21:826][  0]LogPakFile: PakFile PathHashIndexSize=101
[2025.10.04-22.06.21:826][  0]LogPakFile: PakFile FullDirectoryIndexSize=150
[2025.10.04-22.06.21:826][  0]LogShaderLibrary: Display: ShaderCodeLibraryPakFileMountedCallback: PakFile 'F:/Games/UE_4.27/FeaturePacks/TP_SideScroller.upack' (chunk index -1, root 'root:/') mounted
[2025.10.04-22.06.21:826][  0]LogShaderLibrary: Display: ShaderCodeLibraryPakFileMountedCallback: pending pak file info (ChunkID:-1 Root:root:/ File:F:/Games/UE_4.27/FeaturePacks/TP_SideScroller.upack)
[2025.10.04-22.06.21:826][  0]LogPakFile: OnPakFileMounted2Time == 0.000046
[2025.10.04-22.06.21:829][  0]LogPakFile: PakFile PrimaryIndexSize=190
[2025.10.04-22.06.21:829][  0]LogPakFile: PakFile PathHashIndexSize=101
[2025.10.04-22.06.21:829][  0]LogPakFile: PakFile FullDirectoryIndexSize=154
[2025.10.04-22.06.21:829][  0]LogShaderLibrary: Display: ShaderCodeLibraryPakFileMountedCallback: PakFile 'F:/Games/UE_4.27/FeaturePacks/TP_SideScrollerBP.upack' (chunk index -1, root 'root:/') mounted
[2025.10.04-22.06.21:829][  0]LogShaderLibrary: Display: ShaderCodeLibraryPakFileMountedCallback: pending pak file info (ChunkID:-1 Root:root:/ File:F:/Games/UE_4.27/FeaturePacks/TP_SideScrollerBP.upack)
[2025.10.04-22.06.21:829][  0]LogPakFile: OnPakFileMounted2Time == 0.000044
[2025.10.04-22.06.21:831][  0]LogPakFile: PakFile PrimaryIndexSize=187
[2025.10.04-22.06.21:831][  0]LogPakFile: PakFile PathHashIndexSize=101
[2025.10.04-22.06.21:831][  0]LogPakFile: PakFile FullDirectoryIndexSize=148
[2025.10.04-22.06.21:831][  0]LogShaderLibrary: Display: ShaderCodeLibraryPakFileMountedCallback: PakFile 'F:/Games/UE_4.27/FeaturePacks/TP_ThirdPerson.upack' (chunk index -1, root 'root:/') mounted
[2025.10.04-22.06.21:831][  0]LogShaderLibrary: Display: ShaderCodeLibraryPakFileMountedCallback: pending pak file info (ChunkID:-1 Root:root:/ File:F:/Games/UE_4.27/FeaturePacks/TP_ThirdPerson.upack)
[2025.10.04-22.06.21:831][  0]LogPakFile: OnPakFileMounted2Time == 0.000038
[2025.10.04-22.06.21:832][  0]LogPakFile: PakFile PrimaryIndexSize=189
[2025.10.04-22.06.21:832][  0]LogPakFile: PakFile PathHashIndexSize=101
[2025.10.04-22.06.21:832][  0]LogPakFile: PakFile FullDirectoryIndexSize=152
[2025.10.04-22.06.21:832][  0]LogShaderLibrary: Display: ShaderCodeLibraryPakFileMountedCallback: PakFile 'F:/Games/UE_4.27/FeaturePacks/TP_ThirdPersonBP.upack' (chunk index -1, root 'root:/') mounted
[2025.10.04-22.06.21:832][  0]LogShaderLibrary: Display: ShaderCodeLibraryPakFileMountedCallback: pending pak file info (ChunkID:-1 Root:root:/ File:F:/Games/UE_4.27/FeaturePacks/TP_ThirdPersonBP.upack)
[2025.10.04-22.06.21:832][  0]LogPakFile: OnPakFileMounted2Time == 0.000035
[2025.10.04-22.06.21:835][  0]LogPakFile: PakFile PrimaryIndexSize=183
[2025.10.04-22.06.21:835][  0]LogPakFile: PakFile PathHashIndexSize=101
[2025.10.04-22.06.21:835][  0]LogPakFile: PakFile FullDirectoryIndexSize=140
[2025.10.04-22.06.21:835][  0]LogShaderLibrary: Display: ShaderCodeLibraryPakFileMountedCallback: PakFile 'F:/Games/UE_4.27/FeaturePacks/TP_TopDown.upack' (chunk index -1, root 'root:/') mounted
[2025.10.04-22.06.21:835][  0]LogShaderLibrary: Display: ShaderCodeLibraryPakFileMountedCallback: pending pak file info (ChunkID:-1 Root:root:/ File:F:/Games/UE_4.27/FeaturePacks/TP_TopDown.upack)
[2025.10.04-22.06.21:835][  0]LogPakFile: OnPakFileMounted2Time == 0.000045
[2025.10.04-22.06.21:836][  0]LogPakFile: PakFile PrimaryIndexSize=185
[2025.10.04-22.06.21:838][  0]LogPakFile: PakFile PathHashIndexSize=101
[2025.10.04-22.06.21:838][  0]LogPakFile: PakFile FullDirectoryIndexSize=144
[2025.10.04-22.06.21:838][  0]LogShaderLibrary: Display: ShaderCodeLibraryPakFileMountedCallback: PakFile 'F:/Games/UE_4.27/FeaturePacks/TP_TopDownBP.upack' (chunk index -1, root 'root:/') mounted
[2025.10.04-22.06.21:838][  0]LogShaderLibrary: Display: ShaderCodeLibraryPakFileMountedCallback: pending pak file info (ChunkID:-1 Root:root:/ File:F:/Games/UE_4.27/FeaturePacks/TP_TopDownBP.upack)
[2025.10.04-22.06.21:838][  0]LogPakFile: OnPakFileMounted2Time == 0.000037
[2025.10.04-22.06.21:839][  0]LogPakFile: PakFile PrimaryIndexSize=185
[2025.10.04-22.06.21:839][  0]LogPakFile: PakFile PathHashIndexSize=101
[2025.10.04-22.06.21:839][  0]LogPakFile: PakFile FullDirectoryIndexSize=144
[2025.10.04-22.06.21:839][  0]LogShaderLibrary: Display: ShaderCodeLibraryPakFileMountedCallback: PakFile 'F:/Games/UE_4.27/FeaturePacks/TP_TwinStick.upack' (chunk index -1, root 'root:/') mounted
[2025.10.04-22.06.21:839][  0]LogShaderLibrary: Display: ShaderCodeLibraryPakFileMountedCallback: pending pak file info (ChunkID:-1 Root:root:/ File:F:/Games/UE_4.27/FeaturePacks/TP_TwinStick.upack)
[2025.10.04-22.06.21:839][  0]LogPakFile: OnPakFileMounted2Time == 0.000038
[2025.10.04-22.06.21:842][  0]LogPakFile: PakFile PrimaryIndexSize=187
[2025.10.04-22.06.21:842][  0]LogPakFile: PakFile PathHashIndexSize=101
[2025.10.04-22.06.21:842][  0]LogPakFile: PakFile FullDirectoryIndexSize=148
[2025.10.04-22.06.21:842][  0]LogShaderLibrary: Display: ShaderCodeLibraryPakFileMountedCallback: PakFile 'F:/Games/UE_4.27/FeaturePacks/TP_TwinStickBP.upack' (chunk index -1, root 'root:/') mounted
[2025.10.04-22.06.21:842][  0]LogShaderLibrary: Display: ShaderCodeLibraryPakFileMountedCallback: pending pak file info (ChunkID:-1 Root:root:/ File:F:/Games/UE_4.27/FeaturePacks/TP_TwinStickBP.upack)
[2025.10.04-22.06.21:842][  0]LogPakFile: OnPakFileMounted2Time == 0.000053
[2025.10.04-22.06.21:843][  0]LogPakFile: PakFile PrimaryIndexSize=183
[2025.10.04-22.06.21:843][  0]LogPakFile: PakFile PathHashIndexSize=101
[2025.10.04-22.06.21:843][  0]LogPakFile: PakFile FullDirectoryIndexSize=140
[2025.10.04-22.06.21:843][  0]LogShaderLibrary: Display: ShaderCodeLibraryPakFileMountedCallback: PakFile 'F:/Games/UE_4.27/FeaturePacks/TP_Vehicle.upack' (chunk index -1, root 'root:/') mounted
[2025.10.04-22.06.21:843][  0]LogShaderLibrary: Display: ShaderCodeLibraryPakFileMountedCallback: pending pak file info (ChunkID:-1 Root:root:/ File:F:/Games/UE_4.27/FeaturePacks/TP_Vehicle.upack)
[2025.10.04-22.06.21:843][  0]LogPakFile: OnPakFileMounted2Time == 0.000032
[2025.10.04-22.06.21:845][  0]LogPakFile: PakFile PrimaryIndexSize=186
[2025.10.04-22.06.21:845][  0]LogPakFile: PakFile PathHashIndexSize=101
[2025.10.04-22.06.21:845][  0]LogPakFile: PakFile FullDirectoryIndexSize=146
[2025.10.04-22.06.21:845][  0]LogShaderLibrary: Display: ShaderCodeLibraryPakFileMountedCallback: PakFile 'F:/Games/UE_4.27/FeaturePacks/TP_VehicleAdv.upack' (chunk index -1, root 'root:/') mounted
[2025.10.04-22.06.21:845][  0]LogShaderLibrary: Display: ShaderCodeLibraryPakFileMountedCallback: pending pak file info (ChunkID:-1 Root:root:/ File:F:/Games/UE_4.27/FeaturePacks/TP_VehicleAdv.upack)
[2025.10.04-22.06.21:845][  0]LogPakFile: OnPakFileMounted2Time == 0.000038
[2025.10.04-22.06.21:847][  0]LogPakFile: PakFile PrimaryIndexSize=188
[2025.10.04-22.06.21:847][  0]LogPakFile: PakFile PathHashIndexSize=101
[2025.10.04-22.06.21:847][  0]LogPakFile: PakFile FullDirectoryIndexSize=150
[2025.10.04-22.06.21:847][  0]LogShaderLibrary: Display: ShaderCodeLibraryPakFileMountedCallback: PakFile 'F:/Games/UE_4.27/FeaturePacks/TP_VehicleAdvBP.upack' (chunk index -1, root 'root:/') mounted
[2025.10.04-22.06.21:847][  0]LogShaderLibrary: Display: ShaderCodeLibraryPakFileMountedCallback: pending pak file info (ChunkID:-1 Root:root:/ File:F:/Games/UE_4.27/FeaturePacks/TP_VehicleAdvBP.upack)
[2025.10.04-22.06.21:847][  0]LogPakFile: OnPakFileMounted2Time == 0.000055
[2025.10.04-22.06.21:849][  0]LogPakFile: PakFile PrimaryIndexSize=185
[2025.10.04-22.06.21:849][  0]LogPakFile: PakFile PathHashIndexSize=101
[2025.10.04-22.06.21:849][  0]LogPakFile: PakFile FullDirectoryIndexSize=144
[2025.10.04-22.06.21:849][  0]LogShaderLibrary: Display: ShaderCodeLibraryPakFileMountedCallback: PakFile 'F:/Games/UE_4.27/FeaturePacks/TP_VehicleBP.upack' (chunk index -1, root 'root:/') mounted
[2025.10.04-22.06.21:849][  0]LogShaderLibrary: Display: ShaderCodeLibraryPakFileMountedCallback: pending pak file info (ChunkID:-1 Root:root:/ File:F:/Games/UE_4.27/FeaturePacks/TP_VehicleBP.upack)
[2025.10.04-22.06.21:849][  0]LogPakFile: OnPakFileMounted2Time == 0.000039
[2025.10.04-22.06.21:850][  0]LogPakFile: PakFile PrimaryIndexSize=192
[2025.10.04-22.06.21:850][  0]LogPakFile: PakFile PathHashIndexSize=101
[2025.10.04-22.06.21:850][  0]LogPakFile: PakFile FullDirectoryIndexSize=158
[2025.10.04-22.06.21:850][  0]LogShaderLibrary: Display: ShaderCodeLibraryPakFileMountedCallback: PakFile 'F:/Games/UE_4.27/FeaturePacks/TP_VirtualRealityBP.upack' (chunk index -1, root 'root:/') mounted
[2025.10.04-22.06.21:850][  0]LogShaderLibrary: Display: ShaderCodeLibraryPakFileMountedCallback: pending pak file info (ChunkID:-1 Root:root:/ File:F:/Games/UE_4.27/FeaturePacks/TP_VirtualRealityBP.upack)
[2025.10.04-22.06.21:850][  0]LogPakFile: OnPakFileMounted2Time == 0.000028
[2025.10.04-22.06.22:036][  0]LogNativeClassHierarchy: Verbose: Native class hierarchy updated for 'AddContentDialog' in 0.0005 seconds. Added 0 classes and 0 folders.
[2025.10.04-22.06.22:048][  0]LogNativeClassHierarchy: Verbose: Native class hierarchy updated for 'SceneOutliner' in 0.0003 seconds. Added 2 classes and 0 folders.
[2025.10.04-22.06.22:107][  0]LogSlate: Took 0.000369 seconds to synchronously load lazily loaded font '../../../Engine/Content/Slate/Fonts/Roboto-Regular.ttf' (155K)
[2025.10.04-22.06.22:109][  0]LogSlate: Took 0.001284 seconds to synchronously load lazily loaded font '../../../Engine/Content/Editor/Slate/Fonts/FontAwesome.ttf' (139K)
[2025.10.04-22.06.22:112][  0]LogSlate: Took 0.000526 seconds to synchronously load lazily loaded font '../../../Engine/Content/Slate/Fonts/Roboto-Bold.ttf' (160K)
[2025.10.04-22.06.22:240][  0]LogRenderer: Reallocating scene render targets to support 1180x568 Format 10 NumSamples 1 (Frame:1).
[2025.10.04-22.06.22:341][  0]LogNativeClassHierarchy: Verbose: Native class hierarchy updated for 'HierarchicalLODOutliner' in 0.0008 seconds. Added 0 classes and 0 folders.
[2025.10.04-22.06.22:341][  0]LogLoad: (Engine Initialization) Total time: 11.24 seconds
[2025.10.04-22.06.22:342][  0]LogLoad: (Engine Initialization) Total Blueprint compile time: 0.00 seconds
[2025.10.04-22.06.22:408][  0]LogAssetRegistry: Asset discovery search completed in 6.4213 seconds
[2025.10.04-22.06.22:416][  0]LogCollectionManager: Fixed up redirectors for 0 collections in 0.000005 seconds (updated 0 objects)
[2025.10.04-22.06.22:419][  0]LogContentStreaming: Texture pool size now 1000 MB
[2025.10.04-22.06.22:561][  3]LogSlate: Took 0.001762 seconds to synchronously load lazily loaded font '../../../Engine/Content/Slate/Fonts/Roboto-Light.ttf' (167K)
[2025.10.04-22.06.41:289][630]LogSlate: Window 'New Level' being destroyed
[2025.10.04-22.06.41:300][630]Cmd: MAP LOAD FILE="../../../Engine/Content/Maps/Templates/Template_Default.umap" TEMPLATE=1 SHOWPROGRESS=1 FEATURELEVEL=3
[2025.10.04-22.06.41:307][630]LogSlate: Took 0.000557 seconds to synchronously load lazily loaded font '../../../Engine/Content/Slate/Fonts/Roboto-Light.ttf' (167K)
[2025.10.04-22.06.41:327][630]LightingResults: New page: Lighting Build
[2025.10.04-22.06.41:327][630]LoadErrors: New page: Loading map: Template_Default.umap
[2025.10.04-22.06.41:331][630]LogWorld: UWorld::CleanupWorld for ThirdPersonExampleMap, bSessionEnded=true, bCleanupResources=true
[2025.10.04-22.06.41:331][630]LogSlate: InvalidateAllWidgets triggered.  All widgets were invalidated
[2025.10.04-22.06.41:331][630]MapCheck: New page: Map Check
[2025.10.04-22.06.41:332][630]LightingResults: New page: Lighting Build
[2025.10.04-22.06.41:337][630]LogAudio: Display: Audio Device unregistered from world 'None'.
[2025.10.04-22.06.41:340][630]LogUObjectHash: Compacting FUObjectHashTables data took   0.82ms
[2025.10.04-22.06.41:356][630]LogTexture: Display: Building textures: DeprecatedTextureEB9CBE3C423008B5E8E130901E171C89 (BGRA8, 128X128)
[2025.10.04-22.06.41:359][630]LogAudio: Display: Audio Device (ID: 1) registered with world 'Untitled_1'.
[2025.10.04-22.06.41:359][630]LogAIModule: Creating AISystem for world Untitled_1
[2025.10.04-22.06.41:364][630]LogEditorServer: Finished looking for orphan Actors (0.000 secs)
[2025.10.04-22.06.41:372][630]LogUObjectHash: Compacting FUObjectHashTables data took   0.81ms
[2025.10.04-22.06.41:403][630]Cmd: MAP CHECKDEP NOCLEARLOG
[2025.10.04-22.06.41:404][630]MapCheck: Map check complete: 0 Error(s), 0 Warning(s), took 0.167ms to complete.
[2025.10.04-22.06.41:404][630]LogFileHelpers: Loading map 'Template_Default' took 0.103
[2025.10.04-22.07.18:289][831]LogUObjectHash: Compacting FUObjectHashTables data took   0.79ms
[2025.10.04-22.07.18:340][831]LogAssetEditorSubsystem: Opening Asset editor for World /Game/ThirdPersonBP/Maps/ThirdPersonExampleMap.ThirdPersonExampleMap
[2025.10.04-22.07.18:341][831]Cmd: MAP LOAD FILE="../../../../../Proyectos UE 4.27/TasteOfMadness/TasteOfMadness/Content/ThirdPersonBP/Maps/ThirdPersonExampleMap.umap" TEMPLATE=0 SHOWPROGRESS=1 FEATURELEVEL=3
[2025.10.04-22.07.18:341][831]LightingResults: New page: Lighting Build
[2025.10.04-22.07.18:341][831]LoadErrors: New page: Loading map: ThirdPersonExampleMap.umap
[2025.10.04-22.07.18:369][831]LogWorld: UWorld::CleanupWorld for Untitled_1, bSessionEnded=true, bCleanupResources=true
[2025.10.04-22.07.18:369][831]LogSlate: InvalidateAllWidgets triggered.  All widgets were invalidated
[2025.10.04-22.07.18:369][831]MapCheck: New page: Map Check
[2025.10.04-22.07.18:369][831]LightingResults: New page: Lighting Build
[2025.10.04-22.07.18:375][831]LogAudio: Display: Audio Device unregistered from world 'None'.
[2025.10.04-22.07.18:378][831]LogUObjectHash: Compacting FUObjectHashTables data took   1.13ms
[2025.10.04-22.07.18:379][831]LogAudio: Display: Audio Device (ID: 1) registered with world 'ThirdPersonExampleMap'.
[2025.10.04-22.07.18:384][831]LogEditorServer: Finished looking for orphan Actors (0.000 secs)
[2025.10.04-22.07.18:384][831]LogAIModule: Creating AISystem for world ThirdPersonExampleMap
[2025.10.04-22.07.18:394][831]LogUObjectHash: Compacting FUObjectHashTables data took   1.03ms
[2025.10.04-22.07.18:399][831]Cmd: MAP CHECKDEP NOCLEARLOG
[2025.10.04-22.07.18:399][831]MapCheck: Map check complete: 0 Error(s), 0 Warning(s), took 0.067ms to complete.
[2025.10.04-22.07.18:399][831]LogFileHelpers: Loading map 'ThirdPersonExampleMap' took 0.058
[2025.10.04-22.07.50:337][679]LogSlate: Window 'New Level' being destroyed
[2025.10.04-22.07.50:349][679]Cmd: MAP LOAD FILE="../../../Engine/Content/Maps/Templates/Template_Default.umap" TEMPLATE=1 SHOWPROGRESS=1 FEATURELEVEL=3
[2025.10.04-22.07.50:369][679]LightingResults: New page: Lighting Build
[2025.10.04-22.07.50:369][679]LoadErrors: New page: Loading map: Template_Default.umap
[2025.10.04-22.07.50:372][679]LogWorld: UWorld::CleanupWorld for ThirdPersonExampleMap, bSessionEnded=true, bCleanupResources=true
[2025.10.04-22.07.50:372][679]LogSlate: InvalidateAllWidgets triggered.  All widgets were invalidated
[2025.10.04-22.07.50:372][679]MapCheck: New page: Map Check
[2025.10.04-22.07.50:372][679]LightingResults: New page: Lighting Build
[2025.10.04-22.07.50:378][679]LogAudio: Display: Audio Device unregistered from world 'None'.
[2025.10.04-22.07.50:381][679]LogUObjectHash: Compacting FUObjectHashTables data took   0.80ms
[2025.10.04-22.07.50:393][679]LogTexture: Display: Building textures: DeprecatedTextureEB9CBE3C423008B5E8E130901E171C89 (BGRA8, 128X128)
[2025.10.04-22.07.50:395][679]LogAudio: Display: Audio Device (ID: 1) registered with world 'Untitled_2'.
[2025.10.04-22.07.50:396][679]LogAIModule: Creating AISystem for world Untitled_2
[2025.10.04-22.07.50:398][679]LogEditorServer: Finished looking for orphan Actors (0.000 secs)
[2025.10.04-22.07.50:407][679]LogUObjectHash: Compacting FUObjectHashTables data took   0.95ms
[2025.10.04-22.07.50:420][679]Cmd: MAP CHECKDEP NOCLEARLOG
[2025.10.04-22.07.50:420][679]MapCheck: Map check complete: 0 Error(s), 0 Warning(s), took 0.126ms to complete.
[2025.10.04-22.07.50:420][679]LogFileHelpers: Loading map 'Template_Default' took 0.071
[2025.10.04-22.08.34:707][933]LogSlate: Window 'Save Level As' being destroyed
[2025.10.04-22.08.34:751][933]Cmd: OBJ SAVEPACKAGE PACKAGE="/Game/Maps/MainPersist" FILE="../../../../../Proyectos UE 4.27/TasteOfMadness/TasteOfMadness/Content/Maps/MainPersist.umap" SILENT=true AUTOSAVING=false KEEPDIRTY=false
[2025.10.04-22.08.34:759][933]LogUObjectHash: Compacting FUObjectHashTables data took   0.71ms
[2025.10.04-22.08.34:772][933]LogSavePackage: Moving '../../../../../Proyectos UE 4.27/TasteOfMadness/TasteOfMadness/Saved/MainPersist935A358548DA126D0819AFBD02F5AB95.tmp' to '../../../../../Proyectos UE 4.27/TasteOfMadness/TasteOfMadness/Content/Maps/MainPersist.umap'
[2025.10.04-22.08.34:783][933]Cmd: OBJ SAVEPACKAGE PACKAGE="/Game/Maps/MainPersist_BuiltData" FILE="../../../../../Proyectos UE 4.27/TasteOfMadness/TasteOfMadness/Content/Maps/MainPersist_BuiltData.uasset" SILENT=true
[2025.10.04-22.08.34:803][933]LogSavePackage: Moving '../../../../../Proyectos UE 4.27/TasteOfMadness/TasteOfMadness/Saved/MainPersist_BuiltData8A7606FB4F3C72E71EAE4FBCF286E92B.tmp' to '../../../../../Proyectos UE 4.27/TasteOfMadness/TasteOfMadness/Content/Maps/MainPersist_BuiltData.uasset'
[2025.10.04-22.08.34:820][933]LogFileHelpers: Saving map 'MainPersist' took 0.099
[2025.10.04-22.08.34:825][933]AssetCheck: New page: Asset Save: multiple assets
[2025.10.04-22.08.34:825][933]LogContentValidation: Display: Validating World /Game/Maps/MainPersist.MainPersist
[2025.10.04-22.08.34:825][933]LogContentValidation: Display: Validating MapBuildDataRegistry /Game/Maps/MainPersist_BuiltData.MainPersist_BuiltData
[2025.10.04-22.09.12:403][163]LogNativeClassHierarchy: Verbose: Native class hierarchy updated for 'WorldBrowser' in 0.0005 seconds. Added 2 classes and 3 folders.
[2025.10.04-22.09.55:418][740]LogSlate: Window 'Open Level' being destroyed
[2025.10.04-22.10.09:290][568]LogStreaming: Display: ULevelStreaming::RequestLevel(/Game/ThirdPersonBP/Maps/ThirdPersonExampleMap) is flushing async loading
[2025.10.04-22.10.09:290][568]LogStreaming: Display: FlushAsyncLoading: 1 QueuedPackages, 0 AsyncPackages
[2025.10.04-22.10.09:342][568]LogSlate: Window 'Open Level' being destroyed
[2025.10.04-22.10.42:266][537]LogUObjectHash: Compacting FUObjectHashTables data took   0.78ms
[2025.10.04-22.10.42:292][537]LogSavePackage: Moving '../../../../../Proyectos UE 4.27/TasteOfMadness/TasteOfMadness/Saved/ThirdPersonExampleMap2172690447B303612E29D7A0A011F94A.tmp' to '../../../../../Proyectos UE 4.27/TasteOfMadness/TasteOfMadness/Content/ThirdPersonBP/Maps/ThirdPersonExampleMap.umap'
[2025.10.04-22.10.42:420][537]LogSavePackage: Moving '../../../../../Proyectos UE 4.27/TasteOfMadness/TasteOfMadness/Saved/ThirdPersonExampleMap_BuiltDataFBDE5F684372A9E8BBB7AEA9AFB7CA05.tmp' to '../../../../../Proyectos UE 4.27/TasteOfMadness/TasteOfMadness/Content/ThirdPersonBP/Maps/ThirdPersonExampleMap_BuiltData.uasset'
[2025.10.04-22.10.42:439][537]AssetCheck: New page: Asset Save: multiple assets
[2025.10.04-22.10.42:439][537]LogContentValidation: Display: Validating World /Game/ThirdPersonBP/Maps/ThirdPersonExampleMap.ThirdPersonExampleMap
[2025.10.04-22.10.42:440][537]LogContentValidation: Display: Validating MapBuildDataRegistry /Game/ThirdPersonBP/Maps/ThirdPersonExampleMap_BuiltData.ThirdPersonExampleMap_BuiltData
[2025.10.04-22.11.45:456][305]LogUObjectHash: Compacting FUObjectHashTables data took   1.01ms
[2025.10.04-22.11.48:586][305]LogSlate: Window 'Save Content' being destroyed
[2025.10.04-22.12.17:021][709]LogSlate: Window 'Remove Level' being destroyed
[2025.10.04-22.12.17:033][709]LogCrowdFollowing: Error: Unable to find RecastNavMesh instance while trying to create UCrowdManager instance
[2025.10.04-22.12.17:035][709]LogWorld: UWorld::CleanupWorld for ThirdPersonExampleMap, bSessionEnded=true, bCleanupResources=true
[2025.10.04-22.12.17:035][709]LogSlate: InvalidateAllWidgets triggered.  All widgets were invalidated
[2025.10.04-22.12.17:061][709]LogUObjectHash: Compacting FUObjectHashTables data took   0.81ms
[2025.10.04-22.12.17:085][709]LogUObjectHash: Compacting FUObjectHashTables data took   0.47ms
[2025.10.04-22.12.17:086][709]MapCheck: New page: Map Check
[2025.10.04-22.12.17:086][709]LightingResults: New page: Lighting Build
[2025.10.04-22.12.17:091][709]LogUObjectHash: Compacting FUObjectHashTables data took   0.66ms
[2025.10.04-22.12.17:098][709]LogUObjectHash: Compacting FUObjectHashTables data took   0.58ms
[2025.10.04-22.12.17:100][709]LogNavigation: Warning: ConstructTiledNavMesh: Failed to create navmesh of size 0.
[2025.10.04-22.12.17:100][709]LogNavigation: Warning: ConstructTiledNavMesh: Failed to create navmesh of size 0.
[2025.10.04-22.12.22:963][  4]LogSlate: Window 'New Level' being destroyed
[2025.10.04-22.12.22:986][  4]LogTexture: Display: Building textures: DeprecatedTextureEB9CBE3C423008B5E8E130901E171C89 (BGRA8, 128X128)
[2025.10.04-22.12.36:049][  4]LogSlate: Window 'Save Level As' being destroyed
[2025.10.04-22.12.36:106][  4]LogUObjectHash: Compacting FUObjectHashTables data took   0.86ms
[2025.10.04-22.12.36:117][  4]LogSavePackage: Moving '../../../../../Proyectos UE 4.27/TasteOfMadness/TasteOfMadness/Saved/Prueba7536C79745C8907D3331DFBF017A926F.tmp' to '../../../../../Proyectos UE 4.27/TasteOfMadness/TasteOfMadness/Content/ThirdPersonBP/Maps/Prueba.umap'
[2025.10.04-22.12.36:130][  4]LogFileHelpers: Saving map 'Prueba' took 0.062
[2025.10.04-22.12.36:166][  4]AssetCheck: New page: Asset Save: Prueba
[2025.10.04-22.12.36:166][  4]LogContentValidation: Display: Validating World /Game/ThirdPersonBP/Maps/Prueba.Prueba
[2025.10.04-22.12.36:167][  4]LogNavigation: Warning: ConstructTiledNavMesh: Failed to create navmesh of size 0.
[2025.10.04-22.13.06:763][831]LogUObjectHash: Compacting FUObjectHashTables data took   1.02ms
[2025.10.04-22.13.12:097][831]LogSlate: Window 'Save Content' being destroyed
[2025.10.04-22.13.12:129][831]Cmd: OBJ SAVEPACKAGE PACKAGE="/Game/Maps/MainPersist" FILE="../../../../../Proyectos UE 4.27/TasteOfMadness/TasteOfMadness/Content/Maps/MainPersist.umap" SILENT=true AUTOSAVING=false KEEPDIRTY=false
[2025.10.04-22.13.12:137][831]LogUObjectHash: Compacting FUObjectHashTables data took   0.48ms
[2025.10.04-22.13.12:149][831]LogSavePackage: Moving '../../../../../Proyectos UE 4.27/TasteOfMadness/TasteOfMadness/Saved/MainPersistCC7E2C4D4DBC7EE2CE667492274FC88C.tmp' to '../../../../../Proyectos UE 4.27/TasteOfMadness/TasteOfMadness/Content/Maps/MainPersist.umap'
[2025.10.04-22.13.12:159][831]LogFileHelpers: Saving map 'MainPersist' took 0.029
[2025.10.04-22.13.12:233][831]LogAssetEditorSubsystem: Opening Asset editor for World /Game/ThirdPersonBP/Maps/ThirdPersonExampleMap.ThirdPersonExampleMap
[2025.10.04-22.13.12:233][831]Cmd: MAP LOAD FILE="../../../../../Proyectos UE 4.27/TasteOfMadness/TasteOfMadness/Content/ThirdPersonBP/Maps/ThirdPersonExampleMap.umap" TEMPLATE=0 SHOWPROGRESS=1 FEATURELEVEL=3
[2025.10.04-22.13.12:233][831]LightingResults: New page: Lighting Build
[2025.10.04-22.13.12:233][831]LoadErrors: New page: Loading map: ThirdPersonExampleMap.umap
[2025.10.04-22.13.12:273][831]LogWorld: UWorld::CleanupWorld for MainPersist, bSessionEnded=true, bCleanupResources=true
[2025.10.04-22.13.12:273][831]LogSlate: InvalidateAllWidgets triggered.  All widgets were invalidated
[2025.10.04-22.13.12:273][831]LogWorld: UWorld::CleanupWorld for Prueba, bSessionEnded=true, bCleanupResources=true
[2025.10.04-22.13.12:273][831]LogSlate: InvalidateAllWidgets triggered.  All widgets were invalidated
[2025.10.04-22.13.12:274][831]MapCheck: New page: Map Check
[2025.10.04-22.13.12:274][831]LightingResults: New page: Lighting Build
[2025.10.04-22.13.12:280][831]LogAudio: Display: Audio Device unregistered from world 'None'.
[2025.10.04-22.13.12:283][831]LogUObjectHash: Compacting FUObjectHashTables data took   0.93ms
[2025.10.04-22.13.12:292][831]LogUObjectHash: Compacting FUObjectHashTables data took   0.59ms
[2025.10.04-22.13.12:298][831]LogUObjectHash: Compacting FUObjectHashTables data took   0.62ms
[2025.10.04-22.13.12:298][831]LogAudio: Display: Audio Device (ID: 1) registered with world 'ThirdPersonExampleMap'.
[2025.10.04-22.13.12:303][831]LogEditorServer: Finished looking for orphan Actors (0.000 secs)
[2025.10.04-22.13.12:303][831]LogAIModule: Creating AISystem for world ThirdPersonExampleMap
[2025.10.04-22.13.12:313][831]LogUObjectHash: Compacting FUObjectHashTables data took   0.65ms
[2025.10.04-22.13.12:319][831]Cmd: MAP CHECKDEP NOCLEARLOG
[2025.10.04-22.13.12:319][831]MapCheck: Map check complete: 0 Error(s), 0 Warning(s), took 0.062ms to complete.
[2025.10.04-22.13.12:319][831]LogFileHelpers: Loading map 'ThirdPersonExampleMap' took 0.085
[2025.10.04-22.13.12:340][831]AssetCheck: New page: Asset Save: MainPersist
[2025.10.04-22.13.12:340][831]LogContentValidation: Display: Validating World /Game/Maps/MainPersist.MainPersist
[2025.10.04-22.13.12:356][831]LogUObjectHash: Compacting FUObjectHashTables data took   0.51ms
[2025.10.04-22.13.14:011][925]LogUObjectHash: Compacting FUObjectHashTables data took   0.33ms
[2025.10.04-22.13.14:039][925]LogAssetEditorSubsystem: Opening Asset editor for World /Game/ThirdPersonBP/Maps/Prueba.Prueba
[2025.10.04-22.13.14:039][925]Cmd: MAP LOAD FILE="../../../../../Proyectos UE 4.27/TasteOfMadness/TasteOfMadness/Content/ThirdPersonBP/Maps/Prueba.umap" TEMPLATE=0 SHOWPROGRESS=1 FEATURELEVEL=3
[2025.10.04-22.13.14:039][925]LightingResults: New page: Lighting Build
[2025.10.04-22.13.14:039][925]LoadErrors: New page: Loading map: Prueba.umap
[2025.10.04-22.13.14:042][925]LogWorld: UWorld::CleanupWorld for ThirdPersonExampleMap, bSessionEnded=true, bCleanupResources=true
[2025.10.04-22.13.14:042][925]LogSlate: InvalidateAllWidgets triggered.  All widgets were invalidated
[2025.10.04-22.13.14:043][925]MapCheck: New page: Map Check
[2025.10.04-22.13.14:043][925]LightingResults: New page: Lighting Build
[2025.10.04-22.13.14:048][925]LogAudio: Display: Audio Device unregistered from world 'None'.
[2025.10.04-22.13.14:051][925]LogUObjectHash: Compacting FUObjectHashTables data took   0.72ms
[2025.10.04-22.13.14:058][925]LogUObjectHash: Compacting FUObjectHashTables data took   0.70ms
[2025.10.04-22.13.14:065][925]LogUObjectHash: Compacting FUObjectHashTables data took   0.93ms
[2025.10.04-22.13.14:065][925]LogAudio: Display: Audio Device (ID: 1) registered with world 'Prueba'.
[2025.10.04-22.13.14:067][925]LogEditorServer: Finished looking for orphan Actors (0.000 secs)
[2025.10.04-22.13.14:067][925]LogAIModule: Creating AISystem for world Prueba
[2025.10.04-22.13.14:077][925]LogUObjectHash: Compacting FUObjectHashTables data took   0.92ms
[2025.10.04-22.13.14:082][925]Cmd: MAP CHECKDEP NOCLEARLOG
[2025.10.04-22.13.14:082][925]MapCheck: Map check complete: 0 Error(s), 0 Warning(s), took 0.099ms to complete.
[2025.10.04-22.13.14:082][925]LogFileHelpers: Loading map 'Prueba' took 0.043
[2025.10.04-22.13.15:163][989]LogUObjectHash: Compacting FUObjectHashTables data took   0.51ms
[2025.10.04-22.13.15:206][989]LogAssetEditorSubsystem: Opening Asset editor for World /Game/ThirdPersonBP/Maps/ThirdPersonExampleMap.ThirdPersonExampleMap
[2025.10.04-22.13.15:206][989]Cmd: MAP LOAD FILE="../../../../../Proyectos UE 4.27/TasteOfMadness/TasteOfMadness/Content/ThirdPersonBP/Maps/ThirdPersonExampleMap.umap" TEMPLATE=0 SHOWPROGRESS=1 FEATURELEVEL=3
[2025.10.04-22.13.15:206][989]LightingResults: New page: Lighting Build
[2025.10.04-22.13.15:206][989]LoadErrors: New page: Loading map: ThirdPersonExampleMap.umap
[2025.10.04-22.13.15:207][989]LogWorld: UWorld::CleanupWorld for Prueba, bSessionEnded=true, bCleanupResources=true
[2025.10.04-22.13.15:208][989]LogSlate: InvalidateAllWidgets triggered.  All widgets were invalidated
[2025.10.04-22.13.15:208][989]MapCheck: New page: Map Check
[2025.10.04-22.13.15:208][989]LightingResults: New page: Lighting Build
[2025.10.04-22.13.15:214][989]LogAudio: Display: Audio Device unregistered from world 'None'.
[2025.10.04-22.13.15:216][989]LogUObjectHash: Compacting FUObjectHashTables data took   0.88ms
[2025.10.04-22.13.15:217][989]LogAudio: Display: Audio Device (ID: 1) registered with world 'ThirdPersonExampleMap'.
[2025.10.04-22.13.15:221][989]LogEditorServer: Finished looking for orphan Actors (0.000 secs)
[2025.10.04-22.13.15:221][989]LogAIModule: Creating AISystem for world ThirdPersonExampleMap
[2025.10.04-22.13.15:230][989]LogUObjectHash: Compacting FUObjectHashTables data took   0.66ms
[2025.10.04-22.13.15:236][989]Cmd: MAP CHECKDEP NOCLEARLOG
[2025.10.04-22.13.15:236][989]MapCheck: Map check complete: 0 Error(s), 0 Warning(s), took 0.058ms to complete.
[2025.10.04-22.13.15:236][989]LogFileHelpers: Loading map 'ThirdPersonExampleMap' took 0.029
[2025.10.04-22.17.55:332][858]LogSlate: Window 'Add Level' being destroyed
[2025.10.04-22.17.55:353][858]LogSlate: Window 'Open Level' being destroyed
[2025.10.04-22.18.41:868][640]LogContentBrowser: Attempting asset rename: ThirdPersonExampleMap -> FrancisIA
[2025.10.04-22.18.41:938][640]LogMetaData: Removing '/Game/ThirdPersonBP/Maps/FrancisIA.FrancisIA_C' ref from Metadata '/Game/ThirdPersonBP/Maps/ThirdPersonExampleMap.PackageMetaData'
[2025.10.04-22.18.41:938][640]LogMetaData: Removing '/Game/ThirdPersonBP/Maps/FrancisIA.SKEL_FrancisIA_C' ref from Metadata '/Game/ThirdPersonBP/Maps/ThirdPersonExampleMap.PackageMetaData'
[2025.10.04-22.18.42:051][640]LogSavePackage: Moving '../../../../../Proyectos UE 4.27/TasteOfMadness/TasteOfMadness/Saved/FrancisIA_BuiltData53CF070249D33613982A5380B36FB3DA.tmp' to '../../../../../Proyectos UE 4.27/TasteOfMadness/TasteOfMadness/Content/ThirdPersonBP/Maps/FrancisIA_BuiltData.uasset'
[2025.10.04-22.18.42:060][640]LogUObjectHash: Compacting FUObjectHashTables data took   0.81ms
[2025.10.04-22.18.42:081][640]LogSavePackage: Moving '../../../../../Proyectos UE 4.27/TasteOfMadness/TasteOfMadness/Saved/FrancisIAA67EE75845676CF80503158E9BA8AE80.tmp' to '../../../../../Proyectos UE 4.27/TasteOfMadness/TasteOfMadness/Content/ThirdPersonBP/Maps/FrancisIA.umap'
[2025.10.04-22.18.42:086][640]LogFileHelpers: Saving map 'FrancisIA' took 0.034
[2025.10.04-22.18.42:160][640]LogUObjectHash: Compacting FUObjectHashTables data took   0.87ms
[2025.10.04-22.18.42:166][640]LogUObjectHash: Compacting FUObjectHashTables data took   0.29ms
[2025.10.04-22.18.42:180][640]LogUObjectHash: Compacting FUObjectHashTables data took   0.71ms
[2025.10.04-22.18.42:186][640]LogUObjectHash: Compacting FUObjectHashTables data took   0.49ms
[2025.10.04-22.18.42:219][640]AssetCheck: New page: Asset Save: multiple assets
[2025.10.04-22.18.42:219][640]LogContentValidation: Display: Validating MapBuildDataRegistry /Game/ThirdPersonBP/Maps/FrancisIA_BuiltData.FrancisIA_BuiltData
[2025.10.04-22.18.42:219][640]LogContentValidation: Display: Validating World /Game/ThirdPersonBP/Maps/FrancisIA.FrancisIA
[2025.10.04-22.18.49:573][ 81]LogUObjectHash: Compacting FUObjectHashTables data took   0.46ms
[2025.10.04-22.18.49:590][ 81]LogAssetEditorSubsystem: Opening Asset editor for World /Game/ThirdPersonBP/Maps/FrancisIA.FrancisIA
[2025.10.04-22.18.49:591][ 81]Cmd: MAP LOAD FILE="../../../../../Proyectos UE 4.27/TasteOfMadness/TasteOfMadness/Content/ThirdPersonBP/Maps/FrancisIA.umap" TEMPLATE=0 SHOWPROGRESS=1 FEATURELEVEL=3
[2025.10.04-22.18.49:591][ 81]LightingResults: New page: Lighting Build
[2025.10.04-22.18.49:591][ 81]LoadErrors: New page: Loading map: FrancisIA.umap
[2025.10.04-22.18.49:593][ 81]LogWorld: UWorld::CleanupWorld for FrancisIA, bSessionEnded=true, bCleanupResources=true
[2025.10.04-22.18.49:593][ 81]LogSlate: InvalidateAllWidgets triggered.  All widgets were invalidated
[2025.10.04-22.18.49:594][ 81]MapCheck: New page: Map Check
[2025.10.04-22.18.49:594][ 81]LightingResults: New page: Lighting Build
[2025.10.04-22.18.49:599][ 81]LogAudio: Display: Audio Device unregistered from world 'None'.
[2025.10.04-22.18.49:601][ 81]LogUObjectHash: Compacting FUObjectHashTables data took   0.68ms
[2025.10.04-22.18.49:620][ 81]LogAudio: Display: Audio Device (ID: 1) registered with world 'FrancisIA'.
[2025.10.04-22.18.49:621][ 81]LogAIModule: Creating AISystem for world FrancisIA
[2025.10.04-22.18.49:628][ 81]LogEditorServer: Finished looking for orphan Actors (0.000 secs)
[2025.10.04-22.18.49:640][ 81]LogUObjectHash: Compacting FUObjectHashTables data took   1.30ms
[2025.10.04-22.18.49:646][ 81]Cmd: MAP CHECKDEP NOCLEARLOG
[2025.10.04-22.18.49:646][ 81]MapCheck: Map check complete: 0 Error(s), 0 Warning(s), took 0.065ms to complete.
[2025.10.04-22.18.49:646][ 81]LogFileHelpers: Loading map 'FrancisIA' took 0.055
[2025.10.04-22.18.52:434][247]LogUObjectHash: Compacting FUObjectHashTables data took   0.38ms
[2025.10.04-22.18.52:455][247]LogAssetEditorSubsystem: Opening Asset editor for World /Game/ThirdPersonBP/Maps/FrancisIA.FrancisIA
[2025.10.04-22.18.52:455][247]Cmd: MAP LOAD FILE="../../../../../Proyectos UE 4.27/TasteOfMadness/TasteOfMadness/Content/ThirdPersonBP/Maps/FrancisIA.umap" TEMPLATE=0 SHOWPROGRESS=1 FEATURELEVEL=3
[2025.10.04-22.18.52:455][247]LightingResults: New page: Lighting Build
[2025.10.04-22.18.52:456][247]LoadErrors: New page: Loading map: FrancisIA.umap
[2025.10.04-22.18.52:458][247]LogWorld: UWorld::CleanupWorld for FrancisIA, bSessionEnded=true, bCleanupResources=true
[2025.10.04-22.18.52:458][247]LogSlate: InvalidateAllWidgets triggered.  All widgets were invalidated
[2025.10.04-22.18.52:459][247]MapCheck: New page: Map Check
[2025.10.04-22.18.52:459][247]LightingResults: New page: Lighting Build
[2025.10.04-22.18.52:464][247]LogAudio: Display: Audio Device unregistered from world 'None'.
[2025.10.04-22.18.52:467][247]LogUObjectHash: Compacting FUObjectHashTables data took   0.81ms
[2025.10.04-22.18.52:481][247]LogAudio: Display: Audio Device (ID: 1) registered with world 'FrancisIA'.
[2025.10.04-22.18.52:483][247]LogAIModule: Creating AISystem for world FrancisIA
[2025.10.04-22.18.52:491][247]LogEditorServer: Finished looking for orphan Actors (0.000 secs)
[2025.10.04-22.18.52:500][247]LogUObjectHash: Compacting FUObjectHashTables data took   0.74ms
[2025.10.04-22.18.52:506][247]Cmd: MAP CHECKDEP NOCLEARLOG
[2025.10.04-22.18.52:506][247]MapCheck: Map check complete: 0 Error(s), 0 Warning(s), took 0.087ms to complete.
[2025.10.04-22.18.52:506][247]LogFileHelpers: Loading map 'FrancisIA' took 0.052
[2025.10.04-22.19.15:272][112]LogSlate: Window 'Save Level As' being destroyed
[2025.10.04-22.19.15:330][112]LogUObjectHash: Compacting FUObjectHashTables data took   0.77ms
[2025.10.04-22.19.15:346][112]Cmd: OBJ SAVEPACKAGE PACKAGE="/Game/Maps/FrancisIA" FILE="../../../../../Proyectos UE 4.27/TasteOfMadness/TasteOfMadness/Content/Maps/FrancisIA.umap" SILENT=true AUTOSAVING=false KEEPDIRTY=false
[2025.10.04-22.19.15:357][112]LogUObjectHash: Compacting FUObjectHashTables data took   0.84ms
[2025.10.04-22.19.15:379][112]LogSavePackage: Moving '../../../../../Proyectos UE 4.27/TasteOfMadness/TasteOfMadness/Saved/FrancisIA153E56394D1FE06CD8D992996C22FB92.tmp' to '../../../../../Proyectos UE 4.27/TasteOfMadness/TasteOfMadness/Content/Maps/FrancisIA.umap'
[2025.10.04-22.19.15:394][112]LogFileHelpers: Saving map 'FrancisIA' took 0.112
[2025.10.04-22.19.15:394][112]Cmd: MAP LOAD FILE="../../../../../Proyectos UE 4.27/TasteOfMadness/TasteOfMadness/Content/Maps/FrancisIA.umap" TEMPLATE=0 SHOWPROGRESS=1 FEATURELEVEL=3
[2025.10.04-22.19.15:412][112]LightingResults: New page: Lighting Build
[2025.10.04-22.19.15:412][112]LoadErrors: New page: Loading map: FrancisIA.umap
[2025.10.04-22.19.15:415][112]LogWorld: UWorld::CleanupWorld for FrancisIA, bSessionEnded=true, bCleanupResources=true
[2025.10.04-22.19.15:416][112]LogSlate: InvalidateAllWidgets triggered.  All widgets were invalidated
[2025.10.04-22.19.15:416][112]MapCheck: New page: Map Check
[2025.10.04-22.19.15:416][112]LightingResults: New page: Lighting Build
[2025.10.04-22.19.15:423][112]LogAudio: Display: Audio Device unregistered from world 'None'.
[2025.10.04-22.19.15:426][112]LogUObjectHash: Compacting FUObjectHashTables data took   0.84ms
[2025.10.04-22.19.15:427][112]LogAudio: Display: Audio Device (ID: 1) registered with world 'FrancisIA'.
[2025.10.04-22.19.15:431][112]LogEditorServer: Finished looking for orphan Actors (0.000 secs)
[2025.10.04-22.19.15:431][112]LogAIModule: Creating AISystem for world FrancisIA
[2025.10.04-22.19.15:440][112]LogUObjectHash: Compacting FUObjectHashTables data took   0.90ms
[2025.10.04-22.19.15:455][112]Cmd: MAP CHECKDEP NOCLEARLOG
[2025.10.04-22.19.15:455][112]MapCheck: Map check complete: 0 Error(s), 0 Warning(s), took 0.079ms to complete.
[2025.10.04-22.19.15:455][112]LogFileHelpers: Loading map 'FrancisIA' took 0.061
[2025.10.04-22.19.15:459][112]AssetCheck: New page: Asset Save: FrancisIA
[2025.10.04-22.19.15:459][112]LogContentValidation: Display: Validating World /Game/Maps/FrancisIA.FrancisIA
[2025.10.04-22.19.23:037][560]LogUObjectHash: Compacting FUObjectHashTables data took   0.80ms
[2025.10.04-22.19.23:057][560]LogAssetEditorSubsystem: Opening Asset editor for World /Game/Maps/FrancisIA.FrancisIA
[2025.10.04-22.19.23:058][560]Cmd: MAP LOAD FILE="../../../../../Proyectos UE 4.27/TasteOfMadness/TasteOfMadness/Content/Maps/FrancisIA.umap" TEMPLATE=0 SHOWPROGRESS=1 FEATURELEVEL=3
[2025.10.04-22.19.23:058][560]LightingResults: New page: Lighting Build
[2025.10.04-22.19.23:058][560]LoadErrors: New page: Loading map: FrancisIA.umap
[2025.10.04-22.19.23:061][560]LogWorld: UWorld::CleanupWorld for FrancisIA, bSessionEnded=true, bCleanupResources=true
[2025.10.04-22.19.23:061][560]LogSlate: InvalidateAllWidgets triggered.  All widgets were invalidated
[2025.10.04-22.19.23:061][560]MapCheck: New page: Map Check
[2025.10.04-22.19.23:061][560]LightingResults: New page: Lighting Build
[2025.10.04-22.19.23:067][560]LogAudio: Display: Audio Device unregistered from world 'None'.
[2025.10.04-22.19.23:069][560]LogUObjectHash: Compacting FUObjectHashTables data took   0.64ms
[2025.10.04-22.19.23:081][560]LogAudio: Display: Audio Device (ID: 1) registered with world 'FrancisIA'.
[2025.10.04-22.19.23:082][560]LogAIModule: Creating AISystem for world FrancisIA
[2025.10.04-22.19.23:092][560]LogEditorServer: Finished looking for orphan Actors (0.000 secs)
[2025.10.04-22.19.23:101][560]LogUObjectHash: Compacting FUObjectHashTables data took   0.76ms
[2025.10.04-22.19.23:107][560]Cmd: MAP CHECKDEP NOCLEARLOG
[2025.10.04-22.19.23:107][560]MapCheck: Map check complete: 0 Error(s), 0 Warning(s), took 0.074ms to complete.
[2025.10.04-22.19.23:107][560]LogFileHelpers: Loading map 'FrancisIA' took 0.049
[2025.10.04-22.19.27:576][826]LogUObjectHash: Compacting FUObjectHashTables data took   0.28ms
[2025.10.04-22.19.27:595][826]LogAssetEditorSubsystem: Opening Asset editor for World /Game/Maps/FrancisIA.FrancisIA
[2025.10.04-22.19.27:595][826]Cmd: MAP LOAD FILE="../../../../../Proyectos UE 4.27/TasteOfMadness/TasteOfMadness/Content/Maps/FrancisIA.umap" TEMPLATE=0 SHOWPROGRESS=1 FEATURELEVEL=3
[2025.10.04-22.19.27:595][826]LightingResults: New page: Lighting Build
[2025.10.04-22.19.27:595][826]LoadErrors: New page: Loading map: FrancisIA.umap
[2025.10.04-22.19.27:599][826]LogWorld: UWorld::CleanupWorld for FrancisIA, bSessionEnded=true, bCleanupResources=true
[2025.10.04-22.19.27:599][826]LogSlate: InvalidateAllWidgets triggered.  All widgets were invalidated
[2025.10.04-22.19.27:599][826]MapCheck: New page: Map Check
[2025.10.04-22.19.27:599][826]LightingResults: New page: Lighting Build
[2025.10.04-22.19.27:605][826]LogAudio: Display: Audio Device unregistered from world 'None'.
[2025.10.04-22.19.27:607][826]LogUObjectHash: Compacting FUObjectHashTables data took   0.91ms
[2025.10.04-22.19.27:618][826]LogAudio: Display: Audio Device (ID: 1) registered with world 'FrancisIA'.
[2025.10.04-22.19.27:618][826]LogAIModule: Creating AISystem for world FrancisIA
[2025.10.04-22.19.27:632][826]LogEditorServer: Finished looking for orphan Actors (0.000 secs)
[2025.10.04-22.19.27:641][826]LogUObjectHash: Compacting FUObjectHashTables data took   0.83ms
[2025.10.04-22.19.27:647][826]Cmd: MAP CHECKDEP NOCLEARLOG
[2025.10.04-22.19.27:647][826]MapCheck: Map check complete: 0 Error(s), 0 Warning(s), took 0.064ms to complete.
[2025.10.04-22.19.27:647][826]LogFileHelpers: Loading map 'FrancisIA' took 0.052
[2025.10.04-22.19.30:144][974]LogTemp: Repeating last play command: Selected Viewport
[2025.10.04-22.19.30:154][974]LogPlayLevel: PlayLevel: No blueprints needed recompiling
[2025.10.04-22.19.30:154][974]PIE: New page: PIE session: FrancisIA (4 oct. 2025 11:19:30)
[2025.10.04-22.19.30:156][974]LogOnline: OSS: Creating online subsystem instance for: NULL
[2025.10.04-22.19.30:158][974]LogOnline: OSS: TryLoadSubsystemAndSetDefault: Loaded subsystem for module [NULL]
[2025.10.04-22.19.30:159][974]LogPlayLevel: Creating play world package: /Game/Maps/UEDPIE_0_FrancisIA
[2025.10.04-22.19.30:173][974]LogPlayLevel: PIE: StaticDuplicateObject took: (0.014261s)
[2025.10.04-22.19.30:174][974]LogAIModule: Creating AISystem for world FrancisIA
[2025.10.04-22.19.30:175][974]LogPlayLevel: PIE: World Init took: (0.001565s)
[2025.10.04-22.19.30:175][974]LogPlayLevel: PIE: Created PIE world by copying editor world from /Game/Maps/FrancisIA.FrancisIA to /Game/Maps/UEDPIE_0_FrancisIA.FrancisIA (0.016027s)
[2025.10.04-22.19.30:182][974]LogUObjectHash: Compacting FUObjectHashTables data took   1.23ms
[2025.10.04-22.19.30:184][974]LogAudio: Display: Creating Audio Device:                 Id: 2, Scope: Unique, Realtime: True
[2025.10.04-22.19.30:184][974]LogAudioMixer: Display: Audio Mixer Platform Settings:
[2025.10.04-22.19.30:184][974]LogAudioMixer: Display: 	Sample Rate:						  48000
[2025.10.04-22.19.30:184][974]LogAudioMixer: Display: 	Callback Buffer Frame Size Requested: 1024
[2025.10.04-22.19.30:184][974]LogAudioMixer: Display: 	Callback Buffer Frame Size To Use:	  1024
[2025.10.04-22.19.30:184][974]LogAudioMixer: Display: 	Number of buffers to queue:			  2
[2025.10.04-22.19.30:184][974]LogAudioMixer: Display: 	Max Channels (voices):				  32
[2025.10.04-22.19.30:184][974]LogAudioMixer: Display: 	Number of Async Source Workers:		  0
[2025.10.04-22.19.30:184][974]LogAudio: Display: AudioDevice MaxSources: 32
[2025.10.04-22.19.30:184][974]LogAudio: Display: Audio Spatialization Plugin: None (built-in).
[2025.10.04-22.19.30:184][974]LogAudio: Display: Audio Reverb Plugin: None (built-in).
[2025.10.04-22.19.30:184][974]LogAudio: Display: Audio Occlusion Plugin: None (built-in).
[2025.10.04-22.19.30:184][974]LogAudioMixer: Display: Initializing audio mixer.
[2025.10.04-22.19.30:188][974]LogAudioMixer: Display: 0: FrontLeft
[2025.10.04-22.19.30:188][974]LogAudioMixer: Display: 1: FrontRight
[2025.10.04-22.19.30:205][974]LogAudioMixer: Display: Using Audio Device G274F (NVIDIA High Definition Audio)
[2025.10.04-22.19.30:206][974]LogAudioMixer: Display: Initializing Sound Submixes...
[2025.10.04-22.19.30:206][974]LogAudioMixer: Display: Creating Master Submix 'MasterSubmixDefault'
[2025.10.04-22.19.30:206][974]LogAudioMixer: Display: Creating Master Submix 'MasterReverbSubmixDefault'
[2025.10.04-22.19.30:206][974]LogAudioMixer: Display: Creating Master Submix 'MasterEQSubmixDefault'
[2025.10.04-22.19.30:206][974]LogAudioMixer: FMixerPlatformXAudio2::StartAudioStream() called
[2025.10.04-22.19.30:206][974]LogAudioMixer: Display: Output buffers initialized: Frames=1024, Channels=2, Samples=2048
[2025.10.04-22.19.30:208][974]LogAudioMixer: Display: Starting AudioMixerPlatformInterface::RunInternal()
[2025.10.04-22.19.30:208][974]LogAudioMixer: Display: FMixerPlatformXAudio2::SubmitBuffer() called for the first time
[2025.10.04-22.19.30:208][974]LogInit: FAudioDevice initialized.
[2025.10.04-22.19.30:208][974]LogAudio: Display: Audio Device (ID: 2) registered with world 'FrancisIA'.
[2025.10.04-22.19.30:217][974]LogLoad: Game class is 'BP_GameMode_C'
[2025.10.04-22.19.30:222][974]LogWorld: Bringing World /Game/Maps/UEDPIE_0_FrancisIA.FrancisIA up for play (max tick rate 60) at 2025.10.04-16.19.30
[2025.10.04-22.19.30:224][974]LogWorld: Bringing up level for play took: 0.003895
[2025.10.04-22.19.30:225][974]LogOnline: OSS: Creating online subsystem instance for: :Context_1
[2025.10.04-22.19.30:230][974]LogNativeClassHierarchy: Verbose: Native class hierarchy updated for 'MovieSceneCapture' in 0.0003 seconds. Added 20 classes and 0 folders.
[2025.10.04-22.19.30:236][974]LogBlueprintUserMessages: [BP_ClareCharacter_C_0] BP_Sarten
[2025.10.04-22.19.30:238][974]LogBlueprintUserMessages: [BP_ClareCharacter_C_0] BP_Olla
[2025.10.04-22.19.30:240][974]LogBlueprintUserMessages: [BP_ClareCharacter_C_0] BP_LlaveInglesa
[2025.10.04-22.19.30:241][974]LogBlueprintUserMessages: [BP_ClareCharacter_C_0] BP_Escoba
[2025.10.04-22.19.30:243][974]LogBlueprintUserMessages: [BP_ClareCharacter_C_0] BP_Trapeador
[2025.10.04-22.19.30:245][974]LogBlueprintUserMessages: [BP_ClareCharacter_C_0] BP_Extintor
[2025.10.04-22.19.30:247][974]LogBlueprintUserMessages: [BP_ClareCharacter_C_0] BP_Cuchillo
[2025.10.04-22.19.30:249][974]PIE: Server logged in
[2025.10.04-22.19.30:252][974]PIE: Play in editor total start time 0.102 seconds.
[2025.10.04-22.19.34:421][221]LogBlueprintUserMessages: [BP_FrancisIA_2] Se ha encontrado la mesa
[2025.10.04-22.19.36:404][340]LogBlueprintUserMessages: [BP_FrancisIA_2] Pedido:9--Crujiente--Dulce--Rojo
[2025.10.04-22.19.36:404][340]LogBlueprintUserMessages: [BP_FrancisIA_2] OnreachedTable Iniciado
[2025.10.04-22.19.41:405][640]LogBlueprintUserMessages: [BP_FrancisIA_2] Paciencia agotada, ENTRANDO EN MODO FURIA
[2025.10.04-22.19.43:404][760]LogBlueprintUserMessages: [BP_FrancisIA_2] EnterFury ejecutado
[2025.10.04-22.19.45:405][880]LogBlueprintUserMessages: [BP_FrancisIA_2] IsAttacking ejecutado
[2025.10.04-22.19.47:655][ 15]LogBlueprintUserMessages: [BP_FrancisIA_2] MOVETOTARGET ejecutado
[2025.10.04-22.19.47:906][ 30]LogBlueprintUserMessages: [BP_FrancisIA_2] MOVETOTARGET ejecutado
[2025.10.04-22.19.48:155][ 45]LogBlueprintUserMessages: [BP_FrancisIA_2] MOVETOTARGET ejecutado
[2025.10.04-22.19.48:405][ 60]LogBlueprintUserMessages: [BP_FrancisIA_2] MOVETOTARGET ejecutado
[2025.10.04-22.19.48:405][ 60]LogBlueprintUserMessages: [BP_FrancisIA_2] TryAttack ejecutado
[2025.10.04-22.19.48:656][ 75]LogBlueprintUserMessages: [BP_FrancisIA_2] MOVETOTARGET ejecutado
[2025.10.04-22.19.48:905][ 90]LogBlueprintUserMessages: [BP_FrancisIA_2] MOVETOTARGET ejecutado
[2025.10.04-22.19.49:156][105]LogBlueprintUserMessages: [BP_FrancisIA_2] MOVETOTARGET ejecutado
[2025.10.04-22.19.49:405][120]LogBlueprintUserMessages: [BP_FrancisIA_2] MOVETOTARGET ejecutado
[2025.10.04-22.19.49:405][120]LogBlueprintUserMessages: [BP_FrancisIA_2] TryAttack ejecutado
[2025.10.04-22.19.49:656][135]LogBlueprintUserMessages: [BP_FrancisIA_2] MOVETOTARGET ejecutado
[2025.10.04-22.19.49:906][150]LogBlueprintUserMessages: [BP_FrancisIA_2] MOVETOTARGET ejecutado
[2025.10.04-22.19.50:156][165]LogBlueprintUserMessages: [BP_FrancisIA_2] MOVETOTARGET ejecutado
[2025.10.04-22.19.50:405][180]LogBlueprintUserMessages: [BP_FrancisIA_2] MOVETOTARGET ejecutado
[2025.10.04-22.19.50:405][180]LogBlueprintUserMessages: [BP_FrancisIA_2] TryAttack ejecutado
[2025.10.04-22.19.50:656][195]LogBlueprintUserMessages: [BP_FrancisIA_2] MOVETOTARGET ejecutado
[2025.10.04-22.19.50:905][210]LogBlueprintUserMessages: [BP_FrancisIA_2] MOVETOTARGET ejecutado
[2025.10.04-22.19.51:156][225]LogBlueprintUserMessages: [BP_FrancisIA_2] MOVETOTARGET ejecutado
[2025.10.04-22.19.51:405][240]LogBlueprintUserMessages: [BP_FrancisIA_2] MOVETOTARGET ejecutado
[2025.10.04-22.19.51:406][240]LogBlueprintUserMessages: [BP_FrancisIA_2] TryAttack ejecutado
[2025.10.04-22.19.51:656][255]LogBlueprintUserMessages: [BP_FrancisIA_2] MOVETOTARGET ejecutado
[2025.10.04-22.19.51:907][270]LogBlueprintUserMessages: [BP_FrancisIA_2] MOVETOTARGET ejecutado
[2025.10.04-22.19.52:156][285]LogBlueprintUserMessages: [BP_FrancisIA_2] MOVETOTARGET ejecutado
[2025.10.04-22.19.52:406][300]LogBlueprintUserMessages: [BP_FrancisIA_2] MOVETOTARGET ejecutado
[2025.10.04-22.19.52:406][300]LogBlueprintUserMessages: [BP_FrancisIA_2] TryAttack ejecutado
[2025.10.04-22.19.52:655][315]LogBlueprintUserMessages: [BP_FrancisIA_2] MOVETOTARGET ejecutado
[2025.10.04-22.19.52:906][330]LogBlueprintUserMessages: [BP_FrancisIA_2] MOVETOTARGET ejecutado
[2025.10.04-22.19.53:156][345]LogBlueprintUserMessages: [BP_FrancisIA_2] MOVETOTARGET ejecutado
[2025.10.04-22.19.53:406][360]LogBlueprintUserMessages: [BP_FrancisIA_2] MOVETOTARGET ejecutado
[2025.10.04-22.19.53:406][360]LogBlueprintUserMessages: [BP_FrancisIA_2] TryAttack ejecutado
[2025.10.04-22.19.53:656][375]LogBlueprintUserMessages: [BP_FrancisIA_2] MOVETOTARGET ejecutado
[2025.10.04-22.19.53:906][390]LogBlueprintUserMessages: [BP_FrancisIA_2] MOVETOTARGET ejecutado
[2025.10.04-22.19.54:155][405]LogBlueprintUserMessages: [BP_FrancisIA_2] MOVETOTARGET ejecutado
[2025.10.04-22.19.54:406][420]LogBlueprintUserMessages: [BP_FrancisIA_2] Francis Golpea a Clare
[2025.10.04-22.19.54:406][420]LogBlueprintUserMessages: [BP_ClareCharacter_C_0] Vida40.0
[2025.10.04-22.19.54:406][420]LogBlueprintUserMessages: [BP_FrancisIA_2] Daño ejecutado, daño:10.0
[2025.10.04-22.19.54:406][420]LogBlueprintUserMessages: [BP_FrancisIA_2] MOVETOTARGET ejecutado
[2025.10.04-22.19.54:407][420]LogBlueprintUserMessages: [BP_FrancisIA_2] TryAttack ejecutado
[2025.10.04-22.19.54:656][435]LogBlueprintUserMessages: [BP_FrancisIA_2] MOVETOTARGET ejecutado
[2025.10.04-22.19.54:906][450]LogBlueprintUserMessages: [BP_FrancisIA_2] MOVETOTARGET ejecutado
[2025.10.04-22.19.55:156][465]LogBlueprintUserMessages: [BP_FrancisIA_2] MOVETOTARGET ejecutado
[2025.10.04-22.19.55:406][480]LogBlueprintUserMessages: [BP_FrancisIA_2] MOVETOTARGET ejecutado
[2025.10.04-22.19.55:407][480]LogBlueprintUserMessages: [BP_FrancisIA_2] TryAttack ejecutado
[2025.10.04-22.19.55:656][495]LogBlueprintUserMessages: [BP_FrancisIA_2] MOVETOTARGET ejecutado
[2025.10.04-22.19.55:906][510]LogBlueprintUserMessages: [BP_FrancisIA_2] MOVETOTARGET ejecutado
[2025.10.04-22.19.56:156][525]LogBlueprintUserMessages: [BP_FrancisIA_2] MOVETOTARGET ejecutado
[2025.10.04-22.19.56:406][540]LogBlueprintUserMessages: [BP_FrancisIA_2] Francis Golpea a Clare
[2025.10.04-22.19.56:406][540]LogBlueprintUserMessages: [BP_ClareCharacter_C_0] Vida30.0
[2025.10.04-22.19.56:406][540]LogBlueprintUserMessages: [BP_FrancisIA_2] Daño ejecutado, daño:10.0
[2025.10.04-22.19.56:407][540]LogBlueprintUserMessages: [BP_FrancisIA_2] MOVETOTARGET ejecutado
[2025.10.04-22.19.56:407][540]LogBlueprintUserMessages: [BP_FrancisIA_2] TryAttack ejecutado
[2025.10.04-22.19.56:656][555]LogBlueprintUserMessages: [BP_FrancisIA_2] MOVETOTARGET ejecutado
[2025.10.04-22.19.56:906][570]LogBlueprintUserMessages: [BP_FrancisIA_2] MOVETOTARGET ejecutado
[2025.10.04-22.19.57:156][585]LogBlueprintUserMessages: [BP_FrancisIA_2] MOVETOTARGET ejecutado
[2025.10.04-22.19.57:406][600]LogBlueprintUserMessages: [BP_FrancisIA_2] MOVETOTARGET ejecutado
[2025.10.04-22.19.57:406][600]LogBlueprintUserMessages: [BP_FrancisIA_2] TryAttack ejecutado
[2025.10.04-22.19.57:656][615]LogBlueprintUserMessages: [BP_FrancisIA_2] MOVETOTARGET ejecutado
[2025.10.04-22.19.57:906][630]LogBlueprintUserMessages: [BP_FrancisIA_2] MOVETOTARGET ejecutado
[2025.10.04-22.19.58:157][645]LogBlueprintUserMessages: [BP_FrancisIA_2] MOVETOTARGET ejecutado
[2025.10.04-22.19.58:406][660]LogBlueprintUserMessages: [BP_FrancisIA_2] Francis Golpea a Clare
[2025.10.04-22.19.58:406][660]LogBlueprintUserMessages: [BP_ClareCharacter_C_0] Vida20.0
[2025.10.04-22.19.58:406][660]LogBlueprintUserMessages: [BP_FrancisIA_2] Daño ejecutado, daño:10.0
[2025.10.04-22.19.58:407][660]LogBlueprintUserMessages: [BP_FrancisIA_2] MOVETOTARGET ejecutado
[2025.10.04-22.19.58:407][660]LogBlueprintUserMessages: [BP_FrancisIA_2] TryAttack ejecutado
[2025.10.04-22.19.58:656][675]LogBlueprintUserMessages: [BP_FrancisIA_2] MOVETOTARGET ejecutado
[2025.10.04-22.19.58:907][690]LogBlueprintUserMessages: [BP_FrancisIA_2] MOVETOTARGET ejecutado
[2025.10.04-22.19.59:157][705]LogBlueprintUserMessages: [BP_FrancisIA_2] MOVETOTARGET ejecutado
[2025.10.04-22.19.59:248][708]LogSlate: Updating window title bar state: overlay mode, drag disabled, window buttons hidden, title bar hidden
[2025.10.04-22.19.59:248][708]LogWorld: BeginTearingDown for /Game/Maps/UEDPIE_0_FrancisIA
[2025.10.04-22.19.59:248][708]LogWorld: UWorld::CleanupWorld for FrancisIA, bSessionEnded=true, bCleanupResources=true
[2025.10.04-22.19.59:249][708]LogSlate: InvalidateAllWidgets triggered.  All widgets were invalidated
[2025.10.04-22.19.59:259][708]LogPlayLevel: Display: Shutting down PIE online subsystems
[2025.10.04-22.19.59:262][708]LogSlate: InvalidateAllWidgets triggered.  All widgets were invalidated
[2025.10.04-22.19.59:269][708]LogAudio: Display: Audio Device unregistered from world 'None'.
[2025.10.04-22.19.59:269][708]LogAudioMixer: FMixerPlatformXAudio2::StopAudioStream() called
[2025.10.04-22.19.59:271][708]LogAudioMixer: FMixerPlatformXAudio2::StopAudioStream() called
[2025.10.04-22.19.59:272][708]LogSlate: Updating window title bar state: overlay mode, drag disabled, window buttons hidden, title bar hidden
[2025.10.04-22.19.59:279][708]LogUObjectHash: Compacting FUObjectHashTables data took   0.62ms
[2025.10.04-22.19.59:328][710]LogPlayLevel: Display: Destroying online subsystem :Context_1
[2025.10.04-22.19.59:880][743]Cmd: SELECT NONE
[2025.10.04-22.20.23:114][114]LogSlate: Window 'Level Details' being destroyed
[2025.10.04-22.20.23:121][114]LogSlate: Window 'Level Details' being destroyed
[2025.10.04-22.20.36:219][897]LogStreaming: Display: ULevelStreaming::RequestLevel(/Game/ThirdPersonBP/Maps/FrancisIA) is flushing async loading
[2025.10.04-22.20.36:219][897]LogStreaming: Display: FlushAsyncLoading: 1 QueuedPackages, 0 AsyncPackages
[2025.10.04-22.20.36:271][897]LogSlate: Window 'Open Level' being destroyed
[2025.10.04-22.20.36:278][897]LogNavigation: Warning: NavData RegistrationFailed_AgentAlreadySupported, specified agent type already has its navmesh implemented.
[2025.10.04-22.20.41:530][209]Cmd: OBJ SAVEPACKAGE PACKAGE="/Game/Maps/FrancisIA" FILE="../../../../../Proyectos UE 4.27/TasteOfMadness/TasteOfMadness/Content/Maps/FrancisIA.umap" SILENT=true AUTOSAVING=false KEEPDIRTY=false
[2025.10.04-22.20.41:537][209]LogUObjectHash: Compacting FUObjectHashTables data took   0.76ms
[2025.10.04-22.20.41:556][209]LogSavePackage: Moving '../../../../../Proyectos UE 4.27/TasteOfMadness/TasteOfMadness/Saved/FrancisIAABF04D1F407FDABEFB8C7790C5F28B96.tmp' to '../../../../../Proyectos UE 4.27/TasteOfMadness/TasteOfMadness/Content/Maps/FrancisIA.umap'
[2025.10.04-22.20.41:578][209]AssetCheck: New page: Asset Save: FrancisIA
[2025.10.04-22.20.41:578][209]LogContentValidation: Display: Validating World /Game/Maps/FrancisIA.FrancisIA
[2025.10.04-22.20.42:300][251]LogUObjectHash: Compacting FUObjectHashTables data took   0.65ms
[2025.10.04-22.20.42:324][251]LogSavePackage: Moving '../../../../../Proyectos UE 4.27/TasteOfMadness/TasteOfMadness/Saved/FrancisIAAFAEC7D44B602D9E545203ACC6EB3AD5.tmp' to '../../../../../Proyectos UE 4.27/TasteOfMadness/TasteOfMadness/Content/ThirdPersonBP/Maps/FrancisIA.umap'
[2025.10.04-22.20.42:456][251]LogSavePackage: Moving '../../../../../Proyectos UE 4.27/TasteOfMadness/TasteOfMadness/Saved/FrancisIA_BuiltDataEC20CB52454EA11A36EDE0842073CB5E.tmp' to '../../../../../Proyectos UE 4.27/TasteOfMadness/TasteOfMadness/Content/ThirdPersonBP/Maps/FrancisIA_BuiltData.uasset'
[2025.10.04-22.20.42:474][251]AssetCheck: New page: Asset Save: multiple assets
[2025.10.04-22.20.42:474][251]LogContentValidation: Display: Validating World /Game/ThirdPersonBP/Maps/FrancisIA.FrancisIA
[2025.10.04-22.20.42:474][251]LogContentValidation: Display: Validating MapBuildDataRegistry /Game/ThirdPersonBP/Maps/FrancisIA_BuiltData.FrancisIA_BuiltData
[2025.10.04-22.23.11:869][109]LogSlate: Window 'New Level' being destroyed
[2025.10.04-22.23.13:369][191]LogUObjectHash: Compacting FUObjectHashTables data took   0.46ms
[2025.10.04-22.23.13:396][191]LogAssetEditorSubsystem: Opening Asset editor for World /Game/Maps/MainPersist.MainPersist
[2025.10.04-22.23.13:396][191]Cmd: MAP LOAD FILE="../../../../../Proyectos UE 4.27/TasteOfMadness/TasteOfMadness/Content/Maps/MainPersist.umap" TEMPLATE=0 SHOWPROGRESS=1 FEATURELEVEL=3
[2025.10.04-22.23.13:396][191]LightingResults: New page: Lighting Build
[2025.10.04-22.23.13:396][191]LoadErrors: New page: Loading map: MainPersist.umap
[2025.10.04-22.23.13:400][191]LogWorld: UWorld::CleanupWorld for FrancisIA, bSessionEnded=true, bCleanupResources=true
[2025.10.04-22.23.13:400][191]LogSlate: InvalidateAllWidgets triggered.  All widgets were invalidated
[2025.10.04-22.23.13:400][191]LogWorld: UWorld::CleanupWorld for FrancisIA, bSessionEnded=true, bCleanupResources=true
[2025.10.04-22.23.13:400][191]LogSlate: InvalidateAllWidgets triggered.  All widgets were invalidated
[2025.10.04-22.23.13:401][191]MapCheck: New page: Map Check
[2025.10.04-22.23.13:401][191]LightingResults: New page: Lighting Build
[2025.10.04-22.23.13:406][191]LogAudio: Display: Audio Device unregistered from world 'None'.
[2025.10.04-22.23.13:410][191]LogUObjectHash: Compacting FUObjectHashTables data took   0.75ms
[2025.10.04-22.23.13:412][191]LogAudio: Display: Audio Device (ID: 1) registered with world 'MainPersist'.
[2025.10.04-22.23.13:414][191]LogStreaming: Display: ULevelStreaming::RequestLevel(/Game/ThirdPersonBP/Maps/Prueba) is flushing async loading
[2025.10.04-22.23.13:414][191]LogStreaming: Display: FlushAsyncLoading: 1 QueuedPackages, 0 AsyncPackages
[2025.10.04-22.23.13:426][191]LogEditorServer: Finished looking for orphan Actors (0.000 secs)
[2025.10.04-22.23.13:426][191]LogAIModule: Creating AISystem for world MainPersist
[2025.10.04-22.23.13:436][191]LogUObjectHash: Compacting FUObjectHashTables data took   0.84ms
[2025.10.04-22.23.13:440][191]Cmd: MAP CHECKDEP NOCLEARLOG
[2025.10.04-22.23.13:441][191]MapCheck: Map check complete: 0 Error(s), 0 Warning(s), took 0.111ms to complete.
[2025.10.04-22.23.13:441][191]LogFileHelpers: Loading map 'MainPersist' took 0.044
[2025.10.04-22.23.13:461][191]LogUObjectHash: Compacting FUObjectHashTables data took   0.30ms
[2025.10.04-22.23.16:567][377]LogUObjectHash: Compacting FUObjectHashTables data took   0.28ms
[2025.10.04-22.23.16:615][377]LogAssetEditorSubsystem: Opening Asset editor for World /Game/Maps/FrancisIA.FrancisIA
[2025.10.04-22.23.16:616][377]Cmd: MAP LOAD FILE="../../../../../Proyectos UE 4.27/TasteOfMadness/TasteOfMadness/Content/Maps/FrancisIA.umap" TEMPLATE=0 SHOWPROGRESS=1 FEATURELEVEL=3
[2025.10.04-22.23.16:616][377]LightingResults: New page: Lighting Build
[2025.10.04-22.23.16:616][377]LoadErrors: New page: Loading map: FrancisIA.umap
[2025.10.04-22.23.16:618][377]LogWorld: UWorld::CleanupWorld for MainPersist, bSessionEnded=true, bCleanupResources=true
[2025.10.04-22.23.16:618][377]LogSlate: InvalidateAllWidgets triggered.  All widgets were invalidated
[2025.10.04-22.23.16:618][377]LogWorld: UWorld::CleanupWorld for Prueba, bSessionEnded=true, bCleanupResources=true
[2025.10.04-22.23.16:618][377]LogSlate: InvalidateAllWidgets triggered.  All widgets were invalidated
[2025.10.04-22.23.16:618][377]MapCheck: New page: Map Check
[2025.10.04-22.23.16:618][377]LightingResults: New page: Lighting Build
[2025.10.04-22.23.16:624][377]LogAudio: Display: Audio Device unregistered from world 'None'.
[2025.10.04-22.23.16:626][377]LogUObjectHash: Compacting FUObjectHashTables data took   0.75ms
[2025.10.04-22.23.16:627][377]LogAudio: Display: Audio Device (ID: 1) registered with world 'FrancisIA'.
[2025.10.04-22.23.16:631][377]LogStreaming: Display: ULevelStreaming::RequestLevel(/Game/ThirdPersonBP/Maps/FrancisIA) is flushing async loading
[2025.10.04-22.23.16:631][377]LogStreaming: Display: FlushAsyncLoading: 1 QueuedPackages, 0 AsyncPackages
[2025.10.04-22.23.16:670][377]LogEditorServer: Finished looking for orphan Actors (0.000 secs)
[2025.10.04-22.23.16:670][377]LogAIModule: Creating AISystem for world FrancisIA
[2025.10.04-22.23.16:682][377]LogUObjectHash: Compacting FUObjectHashTables data took   0.71ms
[2025.10.04-22.23.16:687][377]Cmd: MAP CHECKDEP NOCLEARLOG
[2025.10.04-22.23.16:688][377]MapCheck: Map check complete: 0 Error(s), 0 Warning(s), took 0.085ms to complete.
[2025.10.04-22.23.16:688][377]LogFileHelpers: Loading map 'FrancisIA' took 0.073
[2025.10.04-22.23.16:710][377]LogUObjectHash: Compacting FUObjectHashTables data took   0.45ms
[2025.10.04-22.23.21:883][682]LogContentBrowser: Deferred new asset file creation: FrancisIA1
[2025.10.04-22.23.21:906][682]LogContentBrowser: Creating deferred item: FrancisIA1
[2025.10.04-22.23.46:162][138]LogContentBrowser: Attempting asset rename: FrancisIA1 -> SublevelIAEnemigos
[2025.10.04-22.23.46:188][138]LogUObjectHash: Compacting FUObjectHashTables data took   1.00ms
[2025.10.04-22.23.46:202][138]LogContentBrowser: End creating deferred item FrancisIA1
[2025.10.04-22.24.17:152][ 32]LogUObjectHash: Compacting FUObjectHashTables data took   0.85ms
[2025.10.04-22.24.20:354][ 32]LogSlate: Window 'Save Content' being destroyed
[2025.10.04-22.24.20:398][ 32]LogUObjectHash: Compacting FUObjectHashTables data took   0.63ms
[2025.10.04-22.24.20:422][ 32]LogSavePackage: Moving '../../../../../Proyectos UE 4.27/TasteOfMadness/TasteOfMadness/Saved/SublevelIAEnemigos62F22CA24AF284C905B262987A680F6F.tmp' to '../../../../../Proyectos UE 4.27/TasteOfMadness/TasteOfMadness/Content/Maps/SublevelIAEnemigos.umap'
[2025.10.04-22.24.20:427][ 32]LogFileHelpers: Saving map 'SublevelIAEnemigos' took 0.042
[2025.10.04-22.24.20:454][ 32]LogAssetEditorSubsystem: Opening Asset editor for World /Game/Maps/SublevelIAEnemigos.SublevelIAEnemigos
[2025.10.04-22.24.20:454][ 32]Cmd: MAP LOAD FILE="../../../../../Proyectos UE 4.27/TasteOfMadness/TasteOfMadness/Content/Maps/SublevelIAEnemigos.umap" TEMPLATE=0 SHOWPROGRESS=1 FEATURELEVEL=3
[2025.10.04-22.24.20:454][ 32]LightingResults: New page: Lighting Build
[2025.10.04-22.24.20:454][ 32]LoadErrors: New page: Loading map: SublevelIAEnemigos.umap
[2025.10.04-22.24.20:485][ 32]LogWorld: UWorld::CleanupWorld for FrancisIA, bSessionEnded=true, bCleanupResources=true
[2025.10.04-22.24.20:486][ 32]LogSlate: InvalidateAllWidgets triggered.  All widgets were invalidated
[2025.10.04-22.24.20:486][ 32]LogWorld: UWorld::CleanupWorld for FrancisIA, bSessionEnded=true, bCleanupResources=true
[2025.10.04-22.24.20:486][ 32]LogSlate: InvalidateAllWidgets triggered.  All widgets were invalidated
[2025.10.04-22.24.20:486][ 32]MapCheck: New page: Map Check
[2025.10.04-22.24.20:486][ 32]LightingResults: New page: Lighting Build
[2025.10.04-22.24.20:492][ 32]LogAudio: Display: Audio Device unregistered from world 'None'.
[2025.10.04-22.24.20:497][ 32]LogUObjectHash: Compacting FUObjectHashTables data took   0.95ms
[2025.10.04-22.24.20:498][ 32]LogAudio: Display: Audio Device (ID: 1) registered with world 'SublevelIAEnemigos'.
[2025.10.04-22.24.20:503][ 32]LogStreaming: Display: ULevelStreaming::RequestLevel(/Game/ThirdPersonBP/Maps/FrancisIA) is flushing async loading
[2025.10.04-22.24.20:503][ 32]LogStreaming: Display: FlushAsyncLoading: 1 QueuedPackages, 0 AsyncPackages
[2025.10.04-22.24.20:557][ 32]LogEditorServer: Finished looking for orphan Actors (0.000 secs)
[2025.10.04-22.24.20:558][ 32]LogAIModule: Creating AISystem for world SublevelIAEnemigos
[2025.10.04-22.24.20:570][ 32]LogUObjectHash: Compacting FUObjectHashTables data took   0.80ms
[2025.10.04-22.24.20:578][ 32]Cmd: MAP CHECKDEP NOCLEARLOG
[2025.10.04-22.24.20:579][ 32]MapCheck: Map check complete: 0 Error(s), 0 Warning(s), took 0.28ms to complete.
[2025.10.04-22.24.20:579][ 32]LogFileHelpers: Loading map 'SublevelIAEnemigos' took 0.124
[2025.10.04-22.24.20:606][ 32]AssetCheck: New page: Asset Save: SublevelIAEnemigos
[2025.10.04-22.24.20:606][ 32]LogContentValidation: Display: Validating World /Game/Maps/SublevelIAEnemigos.SublevelIAEnemigos
[2025.10.04-22.24.20:615][ 32]LogUObjectHash: Compacting FUObjectHashTables data took   0.35ms
[2025.10.04-22.24.27:513][436]LogUObjectHash: Compacting FUObjectHashTables data took   0.67ms
[2025.10.04-22.24.27:531][436]LogSavePackage: Moving '../../../../../Proyectos UE 4.27/TasteOfMadness/TasteOfMadness/Saved/SublevelIAEnemigos69EEC9784A823691A5D21A82D703B0B8.tmp' to '../../../../../Proyectos UE 4.27/TasteOfMadness/TasteOfMadness/Content/Maps/SublevelIAEnemigos.umap'
[2025.10.04-22.24.27:554][436]AssetCheck: New page: Asset Save: SublevelIAEnemigos
[2025.10.04-22.24.27:554][436]LogContentValidation: Display: Validating World /Game/Maps/SublevelIAEnemigos.SublevelIAEnemigos
[2025.10.04-22.24.40:656][999]LogSlate: Window 'Add Level' being destroyed
[2025.10.04-22.24.40:677][999]LogSlate: Window 'Open Level' being destroyed
[2025.10.04-22.24.46:937][365]LogAssetEditorSubsystem: Opening Asset editor for LevelScriptBlueprint /Game/Maps/FrancisIA.FrancisIA:PersistentLevel.FrancisIA
[2025.10.04-22.24.47:252][365]LogNativeClassHierarchy: Verbose: Native class hierarchy updated for 'BlueprintGraph' in 0.0006 seconds. Added 126 classes and 0 folders.
[2025.10.04-22.24.47:993][365]LogSlate: Took 0.000521 seconds to synchronously load lazily loaded font '../../../Engine/Content/Slate/Fonts/Roboto-BoldCondensed.ttf' (158K)
[2025.10.04-22.24.49:553][456]LogSlate: Window 'FrancisIA' being destroyed
[2025.10.04-22.24.49:564][456]LogSlate: Window 'FrancisIA' being destroyed
[2025.10.04-22.24.49:568][456]LogWorld: UWorld::CleanupWorld for World_0, bSessionEnded=true, bCleanupResources=true
[2025.10.04-22.24.49:568][456]LogSlate: InvalidateAllWidgets triggered.  All widgets were invalidated
[2025.10.04-22.25.04:603][356]LogObjectTools: Deleting 1 worlds: /Game/ThirdPersonBP/Maps/Prueba.Prueba
[2025.10.04-22.25.04:603][356]LogObjectTools: Currently 2 active worlds: /Game/Maps/SublevelIAEnemigos.SublevelIAEnemigos, /Game/ThirdPersonBP/Maps/FrancisIA.FrancisIA
[2025.10.04-22.25.04:627][356]LogUObjectHash: Compacting FUObjectHashTables data took   2.43ms
[2025.10.04-22.25.18:694][356]LogSlate: Window 'Delete Assets' being destroyed
[2025.10.04-22.25.18:716][356]LogUObjectGlobals: Force Deleting 1 Package(s):
	Asset Name: /Game/ThirdPersonBP/Maps/Prueba.Prueba
[2025.10.04-22.25.19:443][356]LogWorld: UWorld::CleanupWorld for Prueba, bSessionEnded=true, bCleanupResources=true
[2025.10.04-22.25.19:444][356]LogSlate: InvalidateAllWidgets triggered.  All widgets were invalidated
[2025.10.04-22.25.19:488][356]LogUObjectHash: Compacting FUObjectHashTables data took   1.75ms
[2025.10.04-22.25.19:511][356]LogUObjectHash: Compacting FUObjectHashTables data took   2.47ms
[2025.10.04-22.25.19:528][356]LogUObjectHash: Compacting FUObjectHashTables data took   0.69ms
[2025.10.04-22.27.13:471][664]LogLevelStreaming: Display: Failed to find streaming level package file: /Game/ThirdPersonBP/Maps/Prueba. This streaming level may not load or save properly.
[2025.10.04-22.27.13:480][664]LogObjectTools: Deleting 3 worlds: /Game/Maps/FrancisIA.FrancisIA, /Game/Maps/MainPersist.MainPersist, /Game/Maps/SublevelIAEnemigos.SublevelIAEnemigos
[2025.10.04-22.27.13:480][664]LogObjectTools: Currently 2 active worlds: /Game/Maps/SublevelIAEnemigos.SublevelIAEnemigos, /Game/ThirdPersonBP/Maps/FrancisIA.FrancisIA
[2025.10.04-22.27.16:295][664]LogSlate: Window 'Unable to delete level' being destroyed
[2025.10.04-22.27.16:305][664]Message dialog closed, result: Ok, title: Unable to delete level, text: Unable to delete level while it is open
[2025.10.04-22.27.19:601][861]LogUObjectHash: Compacting FUObjectHashTables data took   1.96ms
[2025.10.04-22.27.19:630][861]LogAssetEditorSubsystem: Opening Asset editor for World /Game/ThirdPersonBP/Maps/FrancisIA.FrancisIA
[2025.10.04-22.27.19:630][861]Cmd: MAP LOAD FILE="../../../../../Proyectos UE 4.27/TasteOfMadness/TasteOfMadness/Content/ThirdPersonBP/Maps/FrancisIA.umap" TEMPLATE=0 SHOWPROGRESS=1 FEATURELEVEL=3
[2025.10.04-22.27.19:630][861]LightingResults: New page: Lighting Build
[2025.10.04-22.27.19:630][861]LoadErrors: New page: Loading map: FrancisIA.umap
[2025.10.04-22.27.19:635][861]LogWorld: UWorld::CleanupWorld for SublevelIAEnemigos, bSessionEnded=true, bCleanupResources=true
[2025.10.04-22.27.19:635][861]LogSlate: InvalidateAllWidgets triggered.  All widgets were invalidated
[2025.10.04-22.27.19:635][861]LogWorld: UWorld::CleanupWorld for FrancisIA, bSessionEnded=true, bCleanupResources=true
[2025.10.04-22.27.19:635][861]LogSlate: InvalidateAllWidgets triggered.  All widgets were invalidated
[2025.10.04-22.27.19:636][861]MapCheck: New page: Map Check
[2025.10.04-22.27.19:636][861]LightingResults: New page: Lighting Build
[2025.10.04-22.27.19:651][861]LogAudio: Display: Audio Device unregistered from world 'None'.
[2025.10.04-22.27.19:655][861]LogUObjectHash: Compacting FUObjectHashTables data took   1.66ms
[2025.10.04-22.27.19:674][861]LogUObjectHash: Compacting FUObjectHashTables data took   1.68ms
[2025.10.04-22.27.19:694][861]LogUObjectHash: Compacting FUObjectHashTables data took   1.96ms
[2025.10.04-22.27.19:713][861]LogUObjectHash: Compacting FUObjectHashTables data took   1.55ms
[2025.10.04-22.27.19:713][861]LogAudio: Display: Audio Device (ID: 1) registered with world 'FrancisIA'.
[2025.10.04-22.27.19:714][861]LogAIModule: Creating AISystem for world FrancisIA
[2025.10.04-22.27.19:718][861]LogEditorServer: Finished looking for orphan Actors (0.000 secs)
[2025.10.04-22.27.19:740][861]LogUObjectHash: Compacting FUObjectHashTables data took   2.22ms
[2025.10.04-22.27.19:746][861]Cmd: MAP CHECKDEP NOCLEARLOG
[2025.10.04-22.27.19:747][861]MapCheck: Map check complete: 0 Error(s), 0 Warning(s), took 0.137ms to complete.
[2025.10.04-22.27.19:747][861]LogFileHelpers: Loading map 'FrancisIA' took 0.117
[2025.10.04-22.27.19:784][861]LogUObjectHash: Compacting FUObjectHashTables data took   0.65ms
[2025.10.04-22.27.21:779][981]LogTemp: Repeating last play command: Selected Viewport
[2025.10.04-22.27.21:790][981]LogPlayLevel: PlayLevel: No blueprints needed recompiling
[2025.10.04-22.27.21:790][981]PIE: New page: PIE session: FrancisIA (4 oct. 2025 11:27:21)
[2025.10.04-22.27.21:790][981]LogPlayLevel: Creating play world package: /Game/ThirdPersonBP/Maps/UEDPIE_0_FrancisIA
[2025.10.04-22.27.21:803][981]LogPlayLevel: PIE: StaticDuplicateObject took: (0.012152s)
[2025.10.04-22.27.21:804][981]LogAIModule: Creating AISystem for world FrancisIA
[2025.10.04-22.27.21:804][981]LogPlayLevel: PIE: World Init took: (0.001307s)
[2025.10.04-22.27.21:804][981]LogPlayLevel: PIE: Created PIE world by copying editor world from /Game/ThirdPersonBP/Maps/FrancisIA.FrancisIA to /Game/ThirdPersonBP/Maps/UEDPIE_0_FrancisIA.FrancisIA (0.013613s)
[2025.10.04-22.27.21:822][981]LogUObjectHash: Compacting FUObjectHashTables data took   1.41ms
[2025.10.04-22.27.21:824][981]LogAudio: Display: Creating Audio Device:                 Id: 3, Scope: Unique, Realtime: True
[2025.10.04-22.27.21:824][981]LogAudioMixer: Display: Audio Mixer Platform Settings:
[2025.10.04-22.27.21:824][981]LogAudioMixer: Display: 	Sample Rate:						  48000
[2025.10.04-22.27.21:824][981]LogAudioMixer: Display: 	Callback Buffer Frame Size Requested: 1024
[2025.10.04-22.27.21:824][981]LogAudioMixer: Display: 	Callback Buffer Frame Size To Use:	  1024
[2025.10.04-22.27.21:824][981]LogAudioMixer: Display: 	Number of buffers to queue:			  2
[2025.10.04-22.27.21:824][981]LogAudioMixer: Display: 	Max Channels (voices):				  32
[2025.10.04-22.27.21:824][981]LogAudioMixer: Display: 	Number of Async Source Workers:		  0
[2025.10.04-22.27.21:824][981]LogAudio: Display: AudioDevice MaxSources: 32
[2025.10.04-22.27.21:825][981]LogAudio: Display: Audio Spatialization Plugin: None (built-in).
[2025.10.04-22.27.21:825][981]LogAudio: Display: Audio Reverb Plugin: None (built-in).
[2025.10.04-22.27.21:825][981]LogAudio: Display: Audio Occlusion Plugin: None (built-in).
[2025.10.04-22.27.21:825][981]LogAudioMixer: Display: Initializing audio mixer.
[2025.10.04-22.27.21:828][981]LogAudioMixer: Display: 0: FrontLeft
[2025.10.04-22.27.21:828][981]LogAudioMixer: Display: 1: FrontRight
[2025.10.04-22.27.21:844][981]LogAudioMixer: Display: Using Audio Device G274F (NVIDIA High Definition Audio)
[2025.10.04-22.27.21:844][981]LogAudioMixer: Display: Initializing Sound Submixes...
[2025.10.04-22.27.21:844][981]LogAudioMixer: Display: Creating Master Submix 'MasterSubmixDefault'
[2025.10.04-22.27.21:844][981]LogAudioMixer: Display: Creating Master Submix 'MasterReverbSubmixDefault'
[2025.10.04-22.27.21:844][981]LogAudioMixer: Display: Creating Master Submix 'MasterEQSubmixDefault'
[2025.10.04-22.27.21:844][981]LogAudioMixer: FMixerPlatformXAudio2::StartAudioStream() called
[2025.10.04-22.27.21:844][981]LogAudioMixer: Display: Output buffers initialized: Frames=1024, Channels=2, Samples=2048
[2025.10.04-22.27.21:847][981]LogAudioMixer: Display: Starting AudioMixerPlatformInterface::RunInternal()
[2025.10.04-22.27.21:847][981]LogAudioMixer: Display: FMixerPlatformXAudio2::SubmitBuffer() called for the first time
[2025.10.04-22.27.21:847][981]LogInit: FAudioDevice initialized.
[2025.10.04-22.27.21:847][981]LogAudio: Display: Audio Device (ID: 3) registered with world 'FrancisIA'.
[2025.10.04-22.27.21:856][981]LogLoad: Game class is 'BP_GameMode_C'
[2025.10.04-22.27.21:858][981]LogWorld: Bringing World /Game/ThirdPersonBP/Maps/UEDPIE_0_FrancisIA.FrancisIA up for play (max tick rate 60) at 2025.10.04-16.27.21
[2025.10.04-22.27.21:858][981]LogWorld: Bringing up level for play took: 0.001778
[2025.10.04-22.27.21:858][981]LogOnline: OSS: Creating online subsystem instance for: :Context_3
[2025.10.04-22.27.21:863][981]LogBlueprintUserMessages: [BP_ClareCharacter_C_0] BP_Sarten
[2025.10.04-22.27.21:867][981]LogBlueprintUserMessages: [BP_ClareCharacter_C_0] BP_Olla
[2025.10.04-22.27.21:869][981]LogBlueprintUserMessages: [BP_ClareCharacter_C_0] BP_LlaveInglesa
[2025.10.04-22.27.21:871][981]LogBlueprintUserMessages: [BP_ClareCharacter_C_0] BP_Escoba
[2025.10.04-22.27.21:873][981]LogBlueprintUserMessages: [BP_ClareCharacter_C_0] BP_Trapeador
[2025.10.04-22.27.21:874][981]LogBlueprintUserMessages: [BP_ClareCharacter_C_0] BP_Extintor
[2025.10.04-22.27.21:877][981]LogBlueprintUserMessages: [BP_ClareCharacter_C_0] BP_Cuchillo
[2025.10.04-22.27.21:880][981]PIE: Server logged in
[2025.10.04-22.27.21:880][981]PIE: Play in editor total start time 0.094 seconds.
[2025.10.04-22.27.28:947][184]LogBlueprintUserMessages: [BP_FrancisIA_2] Se ha encontrado la mesa
[2025.10.04-22.27.30:771][291]LogSlate: Updating window title bar state: overlay mode, drag disabled, window buttons hidden, title bar hidden
[2025.10.04-22.27.30:771][291]LogWorld: BeginTearingDown for /Game/ThirdPersonBP/Maps/UEDPIE_0_FrancisIA
[2025.10.04-22.27.30:771][291]LogWorld: UWorld::CleanupWorld for FrancisIA, bSessionEnded=true, bCleanupResources=true
[2025.10.04-22.27.30:772][291]LogSlate: InvalidateAllWidgets triggered.  All widgets were invalidated
[2025.10.04-22.27.30:782][291]LogPlayLevel: Display: Shutting down PIE online subsystems
[2025.10.04-22.27.30:786][291]LogSlate: InvalidateAllWidgets triggered.  All widgets were invalidated
[2025.10.04-22.27.30:804][291]LogSlate: Updating window title bar state: overlay mode, drag disabled, window buttons hidden, title bar hidden
[2025.10.04-22.27.30:804][291]LogAudioMixer: FMixerPlatformXAudio2::StopAudioStream() called
[2025.10.04-22.27.30:806][291]LogAudioMixer: FMixerPlatformXAudio2::StopAudioStream() called
[2025.10.04-22.27.30:814][291]LogUObjectHash: Compacting FUObjectHashTables data took   1.73ms
[2025.10.04-22.27.30:845][293]LogPlayLevel: Display: Destroying online subsystem :Context_3
[2025.10.04-22.27.42:309][881]LogLevelStreaming: Display: Failed to find streaming level package file: /Game/ThirdPersonBP/Maps/Prueba. This streaming level may not load or save properly.
[2025.10.04-22.27.42:329][881]LogObjectTools: Deleting 3 worlds: /Game/Maps/FrancisIA.FrancisIA, /Game/Maps/MainPersist.MainPersist, /Game/Maps/SublevelIAEnemigos.SublevelIAEnemigos
[2025.10.04-22.27.42:329][881]LogObjectTools: Currently 1 active worlds: /Game/ThirdPersonBP/Maps/FrancisIA.FrancisIA
[2025.10.04-22.27.42:348][881]LogUObjectHash: Compacting FUObjectHashTables data took   1.32ms
[2025.10.04-22.27.49:121][881]LogSlate: Window 'Delete Assets' being destroyed
[2025.10.04-22.27.49:149][881]LogWorld: UWorld::CleanupWorld for FrancisIA, bSessionEnded=true, bCleanupResources=true
[2025.10.04-22.27.49:149][881]LogSlate: InvalidateAllWidgets triggered.  All widgets were invalidated
[2025.10.04-22.27.49:150][881]LogWorld: UWorld::CleanupWorld for MainPersist, bSessionEnded=true, bCleanupResources=true
[2025.10.04-22.27.49:150][881]LogSlate: InvalidateAllWidgets triggered.  All widgets were invalidated
[2025.10.04-22.27.49:150][881]LogWorld: UWorld::CleanupWorld for SublevelIAEnemigos, bSessionEnded=true, bCleanupResources=true
[2025.10.04-22.27.49:150][881]LogSlate: InvalidateAllWidgets triggered.  All widgets were invalidated
[2025.10.04-22.27.49:237][881]LogUObjectHash: Compacting FUObjectHashTables data took   2.12ms
[2025.10.04-22.27.49:257][881]LogUObjectHash: Compacting FUObjectHashTables data took   1.62ms
[2025.10.04-22.27.49:275][881]LogUObjectHash: Compacting FUObjectHashTables data took   0.58ms
[2025.10.04-22.27.49:292][881]LogUObjectHash: Compacting FUObjectHashTables data took   0.45ms
[2025.10.04-22.27.49:324][881]LogUObjectHash: Compacting FUObjectHashTables data took   1.40ms
[2025.10.04-22.27.49:342][881]LogUObjectHash: Compacting FUObjectHashTables data took   0.43ms
[2025.10.04-22.27.59:778][496]LogSlate: Window 'Levels' being destroyed
[2025.10.04-22.28.29:985][297]LogContentBrowser: Deferred new asset file creation: FrancisIA1
[2025.10.04-22.28.29:999][297]LogContentBrowser: Creating deferred item: FrancisIA1
[2025.10.04-22.28.38:687][819]LogContentBrowser: Attempting asset rename: FrancisIA1 -> Main_Persistent
[2025.10.04-22.28.38:721][819]LogUObjectHash: Compacting FUObjectHashTables data took   2.05ms
[2025.10.04-22.28.38:745][819]LogContentBrowser: End creating deferred item FrancisIA1
[2025.10.04-22.28.45:874][247]LogContentBrowser: Attempting asset rename: Main_Persistent -> MainPersistent
[2025.10.04-22.28.45:896][247]LogMetaData: Removing '/Game/ThirdPersonBP/Maps/MainPersistent.SKEL_MainPersistent_C' ref from Metadata '/Game/ThirdPersonBP/Maps/Main_Persistent.PackageMetaData'
[2025.10.04-22.28.45:896][247]LogMetaData: Removing '/Game/ThirdPersonBP/Maps/MainPersistent.MainPersistent_C' ref from Metadata '/Game/ThirdPersonBP/Maps/Main_Persistent.PackageMetaData'
[2025.10.04-22.28.45:948][247]LogUObjectHash: Compacting FUObjectHashTables data took   2.17ms
[2025.10.04-22.28.45:965][247]LogSavePackage: Moving '../../../../../Proyectos UE 4.27/TasteOfMadness/TasteOfMadness/Saved/MainPersistent545625374BBEDA56D76FF18AC31375F0.tmp' to '../../../../../Proyectos UE 4.27/TasteOfMadness/TasteOfMadness/Content/ThirdPersonBP/Maps/MainPersistent.umap'
[2025.10.04-22.28.45:969][247]LogFileHelpers: Saving map 'MainPersistent' took 0.046
[2025.10.04-22.28.46:044][247]LogUObjectHash: Compacting FUObjectHashTables data took   1.75ms
[2025.10.04-22.28.46:070][247]LogUObjectHash: Compacting FUObjectHashTables data took   1.42ms
[2025.10.04-22.28.46:087][247]LogUObjectHash: Compacting FUObjectHashTables data took   0.91ms
[2025.10.04-22.28.46:121][247]AssetCheck: New page: Asset Save: MainPersistent
[2025.10.04-22.28.46:121][247]LogContentValidation: Display: Validating World /Game/ThirdPersonBP/Maps/MainPersistent.MainPersistent
[2025.10.04-22.28.59:695][ 59]LogMetaData: Removing '/Game/Maps/MainPersistent.MainPersistent_C' ref from Metadata '/Game/ThirdPersonBP/Maps/MainPersistent.PackageMetaData'
[2025.10.04-22.28.59:695][ 59]LogMetaData: Removing '/Game/Maps/MainPersistent.SKEL_MainPersistent_C' ref from Metadata '/Game/ThirdPersonBP/Maps/MainPersistent.PackageMetaData'
[2025.10.04-22.28.59:723][ 59]Cmd: OBJ SAVEPACKAGE PACKAGE="/Game/Maps/MainPersistent" FILE="../../../../../Proyectos UE 4.27/TasteOfMadness/TasteOfMadness/Content/Maps/MainPersistent.umap" SILENT=true AUTOSAVING=false KEEPDIRTY=false
[2025.10.04-22.28.59:745][ 59]LogUObjectHash: Compacting FUObjectHashTables data took   1.46ms
[2025.10.04-22.28.59:765][ 59]LogSavePackage: Moving '../../../../../Proyectos UE 4.27/TasteOfMadness/TasteOfMadness/Saved/MainPersistent559991BD4CBCEAED65F389803DDA61E5.tmp' to '../../../../../Proyectos UE 4.27/TasteOfMadness/TasteOfMadness/Content/Maps/MainPersistent.umap'
[2025.10.04-22.28.59:767][ 59]LogFileHelpers: Saving map 'MainPersistent' took 0.045
[2025.10.04-22.28.59:843][ 59]LogUObjectHash: Compacting FUObjectHashTables data took   1.18ms
[2025.10.04-22.28.59:869][ 59]LogUObjectHash: Compacting FUObjectHashTables data took   1.62ms
[2025.10.04-22.28.59:886][ 59]LogUObjectHash: Compacting FUObjectHashTables data took   0.62ms
[2025.10.04-22.28.59:931][ 59]AssetCheck: New page: Asset Save: MainPersistent
[2025.10.04-22.28.59:931][ 59]LogContentValidation: Display: Validating World /Game/Maps/MainPersistent.MainPersistent
[2025.10.04-22.29.10:005][663]LogUObjectHash: Compacting FUObjectHashTables data took   1.06ms
[2025.10.04-22.29.13:296][663]LogSlate: Window 'Save Content' being destroyed
[2025.10.04-22.29.13:332][663]LogAssetEditorSubsystem: Opening Asset editor for World /Game/Maps/MainPersistent.MainPersistent
[2025.10.04-22.29.13:333][663]Cmd: MAP LOAD FILE="../../../../../Proyectos UE 4.27/TasteOfMadness/TasteOfMadness/Content/Maps/MainPersistent.umap" TEMPLATE=0 SHOWPROGRESS=1 FEATURELEVEL=3
[2025.10.04-22.29.13:333][663]LightingResults: New page: Lighting Build
[2025.10.04-22.29.13:333][663]LoadErrors: New page: Loading map: MainPersistent.umap
[2025.10.04-22.29.13:336][663]LogWorld: UWorld::CleanupWorld for FrancisIA, bSessionEnded=true, bCleanupResources=true
[2025.10.04-22.29.13:336][663]LogSlate: InvalidateAllWidgets triggered.  All widgets were invalidated
[2025.10.04-22.29.13:336][663]MapCheck: New page: Map Check
[2025.10.04-22.29.13:336][663]LightingResults: New page: Lighting Build
[2025.10.04-22.29.13:353][663]LogAudio: Display: Audio Device unregistered from world 'None'.
[2025.10.04-22.29.13:358][663]LogUObjectHash: Compacting FUObjectHashTables data took   2.30ms
[2025.10.04-22.29.13:362][663]LogAudio: Display: Audio Device (ID: 1) registered with world 'MainPersistent'.
[2025.10.04-22.29.13:367][663]LogEditorServer: Finished looking for orphan Actors (0.000 secs)
[2025.10.04-22.29.13:368][663]LogAIModule: Creating AISystem for world MainPersistent
[2025.10.04-22.29.13:389][663]LogUObjectHash: Compacting FUObjectHashTables data took   1.88ms
[2025.10.04-22.29.13:396][663]Cmd: MAP CHECKDEP NOCLEARLOG
[2025.10.04-22.29.13:396][663]MapCheck: Map check complete: 0 Error(s), 0 Warning(s), took 0.187ms to complete.
[2025.10.04-22.29.13:396][663]LogFileHelpers: Loading map 'MainPersistent' took 0.064
[2025.10.04-22.29.14:528][722]LogUObjectHash: Compacting FUObjectHashTables data took   0.84ms
[2025.10.04-22.29.14:547][722]LogAssetEditorSubsystem: Opening Asset editor for World /Game/Maps/MainPersistent.MainPersistent
[2025.10.04-22.29.14:548][722]Cmd: MAP LOAD FILE="../../../../../Proyectos UE 4.27/TasteOfMadness/TasteOfMadness/Content/Maps/MainPersistent.umap" TEMPLATE=0 SHOWPROGRESS=1 FEATURELEVEL=3
[2025.10.04-22.29.14:548][722]LightingResults: New page: Lighting Build
[2025.10.04-22.29.14:548][722]LoadErrors: New page: Loading map: MainPersistent.umap
[2025.10.04-22.29.14:581][722]LogWorld: UWorld::CleanupWorld for MainPersistent, bSessionEnded=true, bCleanupResources=true
[2025.10.04-22.29.14:581][722]LogSlate: InvalidateAllWidgets triggered.  All widgets were invalidated
[2025.10.04-22.29.14:581][722]MapCheck: New page: Map Check
[2025.10.04-22.29.14:581][722]LightingResults: New page: Lighting Build
[2025.10.04-22.29.14:596][722]LogAudio: Display: Audio Device unregistered from world 'None'.
[2025.10.04-22.29.14:601][722]LogUObjectHash: Compacting FUObjectHashTables data took   1.68ms
[2025.10.04-22.29.14:612][722]LogAudio: Display: Audio Device (ID: 1) registered with world 'MainPersistent'.
[2025.10.04-22.29.14:613][722]LogAIModule: Creating AISystem for world MainPersistent
[2025.10.04-22.29.14:625][722]LogEditorServer: Finished looking for orphan Actors (0.000 secs)
[2025.10.04-22.29.14:646][722]LogUObjectHash: Compacting FUObjectHashTables data took   1.46ms
[2025.10.04-22.29.14:651][722]Cmd: MAP CHECKDEP NOCLEARLOG
[2025.10.04-22.29.14:651][722]MapCheck: Map check complete: 0 Error(s), 0 Warning(s), took 0.266ms to complete.
[2025.10.04-22.29.14:651][722]LogFileHelpers: Loading map 'MainPersistent' took 0.105
[2025.10.04-22.29.17:443][887]LogTemp: Repeating last play command: Selected Viewport
[2025.10.04-22.29.17:454][887]LogPlayLevel: PlayLevel: No blueprints needed recompiling
[2025.10.04-22.29.17:454][887]PIE: New page: PIE session: MainPersistent (4 oct. 2025 11:29:17)
[2025.10.04-22.29.17:454][887]LogPlayLevel: Creating play world package: /Game/Maps/UEDPIE_0_MainPersistent
[2025.10.04-22.29.17:469][887]LogPlayLevel: PIE: StaticDuplicateObject took: (0.015134s)
[2025.10.04-22.29.17:470][887]LogAIModule: Creating AISystem for world MainPersistent
[2025.10.04-22.29.17:471][887]LogPlayLevel: PIE: World Init took: (0.001092s)
[2025.10.04-22.29.17:471][887]LogPlayLevel: PIE: Created PIE world by copying editor world from /Game/Maps/MainPersistent.MainPersistent to /Game/Maps/UEDPIE_0_MainPersistent.MainPersistent (0.016373s)
[2025.10.04-22.29.17:488][887]LogUObjectHash: Compacting FUObjectHashTables data took   2.05ms
[2025.10.04-22.29.17:488][887]LogAudio: Display: Creating Audio Device:                 Id: 4, Scope: Unique, Realtime: True
[2025.10.04-22.29.17:488][887]LogAudioMixer: Display: Audio Mixer Platform Settings:
[2025.10.04-22.29.17:488][887]LogAudioMixer: Display: 	Sample Rate:						  48000
[2025.10.04-22.29.17:488][887]LogAudioMixer: Display: 	Callback Buffer Frame Size Requested: 1024
[2025.10.04-22.29.17:488][887]LogAudioMixer: Display: 	Callback Buffer Frame Size To Use:	  1024
[2025.10.04-22.29.17:488][887]LogAudioMixer: Display: 	Number of buffers to queue:			  2
[2025.10.04-22.29.17:488][887]LogAudioMixer: Display: 	Max Channels (voices):				  32
[2025.10.04-22.29.17:488][887]LogAudioMixer: Display: 	Number of Async Source Workers:		  0
[2025.10.04-22.29.17:488][887]LogAudio: Display: AudioDevice MaxSources: 32
[2025.10.04-22.29.17:488][887]LogAudio: Display: Audio Spatialization Plugin: None (built-in).
[2025.10.04-22.29.17:490][887]LogAudio: Display: Audio Reverb Plugin: None (built-in).
[2025.10.04-22.29.17:490][887]LogAudio: Display: Audio Occlusion Plugin: None (built-in).
[2025.10.04-22.29.17:490][887]LogAudioMixer: Display: Initializing audio mixer.
[2025.10.04-22.29.17:492][887]LogAudioMixer: Display: 0: FrontLeft
[2025.10.04-22.29.17:492][887]LogAudioMixer: Display: 1: FrontRight
[2025.10.04-22.29.17:507][887]LogAudioMixer: Display: Using Audio Device G274F (NVIDIA High Definition Audio)
[2025.10.04-22.29.17:507][887]LogAudioMixer: Display: Initializing Sound Submixes...
[2025.10.04-22.29.17:507][887]LogAudioMixer: Display: Creating Master Submix 'MasterSubmixDefault'
[2025.10.04-22.29.17:507][887]LogAudioMixer: Display: Creating Master Submix 'MasterReverbSubmixDefault'
[2025.10.04-22.29.17:508][887]LogAudioMixer: Display: Creating Master Submix 'MasterEQSubmixDefault'
[2025.10.04-22.29.17:508][887]LogAudioMixer: FMixerPlatformXAudio2::StartAudioStream() called
[2025.10.04-22.29.17:508][887]LogAudioMixer: Display: Output buffers initialized: Frames=1024, Channels=2, Samples=2048
[2025.10.04-22.29.17:509][887]LogAudioMixer: Display: Starting AudioMixerPlatformInterface::RunInternal()
[2025.10.04-22.29.17:509][887]LogAudioMixer: Display: FMixerPlatformXAudio2::SubmitBuffer() called for the first time
[2025.10.04-22.29.17:509][887]LogInit: FAudioDevice initialized.
[2025.10.04-22.29.17:509][887]LogAudio: Display: Audio Device (ID: 4) registered with world 'MainPersistent'.
[2025.10.04-22.29.17:520][887]LogLoad: Game class is 'BP_GameMode_C'
[2025.10.04-22.29.17:522][887]LogWorld: Bringing World /Game/Maps/UEDPIE_0_MainPersistent.MainPersistent up for play (max tick rate 60) at 2025.10.04-16.29.17
[2025.10.04-22.29.17:523][887]LogWorld: Bringing up level for play took: 0.001745
[2025.10.04-22.29.17:523][887]LogOnline: OSS: Creating online subsystem instance for: :Context_4
[2025.10.04-22.29.17:526][887]LogBlueprintUserMessages: [BP_ClareCharacter_C_0] BP_Sarten
[2025.10.04-22.29.17:529][887]LogBlueprintUserMessages: [BP_ClareCharacter_C_0] BP_Olla
[2025.10.04-22.29.17:532][887]LogBlueprintUserMessages: [BP_ClareCharacter_C_0] BP_LlaveInglesa
[2025.10.04-22.29.17:534][887]LogBlueprintUserMessages: [BP_ClareCharacter_C_0] BP_Escoba
[2025.10.04-22.29.17:535][887]LogBlueprintUserMessages: [BP_ClareCharacter_C_0] BP_Trapeador
[2025.10.04-22.29.17:537][887]LogBlueprintUserMessages: [BP_ClareCharacter_C_0] BP_Extintor
[2025.10.04-22.29.17:539][887]LogBlueprintUserMessages: [BP_ClareCharacter_C_0] BP_Cuchillo
[2025.10.04-22.29.17:541][887]PIE: Server logged in
[2025.10.04-22.29.17:542][887]PIE: Play in editor total start time 0.092 seconds.
[2025.10.04-22.29.20:971][ 89]LogSlate: Updating window title bar state: overlay mode, drag disabled, window buttons hidden, title bar hidden
[2025.10.04-22.29.20:971][ 89]LogWorld: BeginTearingDown for /Game/Maps/UEDPIE_0_MainPersistent
[2025.10.04-22.29.20:971][ 89]LogWorld: UWorld::CleanupWorld for MainPersistent, bSessionEnded=true, bCleanupResources=true
[2025.10.04-22.29.20:972][ 89]LogSlate: InvalidateAllWidgets triggered.  All widgets were invalidated
[2025.10.04-22.29.20:983][ 89]LogPlayLevel: Display: Shutting down PIE online subsystems
[2025.10.04-22.29.20:987][ 89]LogSlate: InvalidateAllWidgets triggered.  All widgets were invalidated
[2025.10.04-22.29.21:004][ 89]LogSlate: Updating window title bar state: overlay mode, drag disabled, window buttons hidden, title bar hidden
[2025.10.04-22.29.21:005][ 89]LogAudioMixer: FMixerPlatformXAudio2::StopAudioStream() called
[2025.10.04-22.29.21:007][ 89]LogAudioMixer: FMixerPlatformXAudio2::StopAudioStream() called
[2025.10.04-22.29.21:016][ 89]LogUObjectHash: Compacting FUObjectHashTables data took   2.14ms
[2025.10.04-22.29.21:028][ 90]LogPlayLevel: Display: Destroying online subsystem :Context_4
[2025.10.04-22.29.22:687][189]LogEditorViewport: Clicking on Actor (LMB): StaticMeshActor (Floor)
[2025.10.04-22.29.24:841][314]LogTemp: Repeating last play command: Selected Viewport
[2025.10.04-22.29.24:848][314]LogPlayLevel: PlayLevel: No blueprints needed recompiling
[2025.10.04-22.29.24:848][314]PIE: New page: PIE session: MainPersistent (4 oct. 2025 11:29:24)
[2025.10.04-22.29.24:848][314]LogPlayLevel: Creating play world package: /Game/Maps/UEDPIE_0_MainPersistent
[2025.10.04-22.29.24:859][314]LogPlayLevel: PIE: StaticDuplicateObject took: (0.011166s)
[2025.10.04-22.29.24:860][314]LogAIModule: Creating AISystem for world MainPersistent
[2025.10.04-22.29.24:860][314]LogPlayLevel: PIE: World Init took: (0.001259s)
[2025.10.04-22.29.24:860][314]LogPlayLevel: PIE: Created PIE world by copying editor world from /Game/Maps/MainPersistent.MainPersistent to /Game/Maps/UEDPIE_0_MainPersistent.MainPersistent (0.012570s)
[2025.10.04-22.29.24:879][314]LogUObjectHash: Compacting FUObjectHashTables data took   1.72ms
[2025.10.04-22.29.24:881][314]LogAudio: Display: Creating Audio Device:                 Id: 5, Scope: Unique, Realtime: True
[2025.10.04-22.29.24:881][314]LogAudioMixer: Display: Audio Mixer Platform Settings:
[2025.10.04-22.29.24:881][314]LogAudioMixer: Display: 	Sample Rate:						  48000
[2025.10.04-22.29.24:881][314]LogAudioMixer: Display: 	Callback Buffer Frame Size Requested: 1024
[2025.10.04-22.29.24:881][314]LogAudioMixer: Display: 	Callback Buffer Frame Size To Use:	  1024
[2025.10.04-22.29.24:881][314]LogAudioMixer: Display: 	Number of buffers to queue:			  2
[2025.10.04-22.29.24:881][314]LogAudioMixer: Display: 	Max Channels (voices):				  32
[2025.10.04-22.29.24:881][314]LogAudioMixer: Display: 	Number of Async Source Workers:		  0
[2025.10.04-22.29.24:881][314]LogAudio: Display: AudioDevice MaxSources: 32
[2025.10.04-22.29.24:881][314]LogAudio: Display: Audio Spatialization Plugin: None (built-in).
[2025.10.04-22.29.24:881][314]LogAudio: Display: Audio Reverb Plugin: None (built-in).
[2025.10.04-22.29.24:881][314]LogAudio: Display: Audio Occlusion Plugin: None (built-in).
[2025.10.04-22.29.24:881][314]LogAudioMixer: Display: Initializing audio mixer.
[2025.10.04-22.29.24:884][314]LogAudioMixer: Display: 0: FrontLeft
[2025.10.04-22.29.24:884][314]LogAudioMixer: Display: 1: FrontRight
[2025.10.04-22.29.24:896][314]LogAudioMixer: Display: Using Audio Device G274F (NVIDIA High Definition Audio)
[2025.10.04-22.29.24:896][314]LogAudioMixer: Display: Initializing Sound Submixes...
[2025.10.04-22.29.24:896][314]LogAudioMixer: Display: Creating Master Submix 'MasterSubmixDefault'
[2025.10.04-22.29.24:896][314]LogAudioMixer: Display: Creating Master Submix 'MasterReverbSubmixDefault'
[2025.10.04-22.29.24:897][314]LogAudioMixer: Display: Creating Master Submix 'MasterEQSubmixDefault'
[2025.10.04-22.29.24:897][314]LogAudioMixer: FMixerPlatformXAudio2::StartAudioStream() called
[2025.10.04-22.29.24:897][314]LogAudioMixer: Display: Output buffers initialized: Frames=1024, Channels=2, Samples=2048
[2025.10.04-22.29.24:898][314]LogAudioMixer: Display: Starting AudioMixerPlatformInterface::RunInternal()
[2025.10.04-22.29.24:898][314]LogAudioMixer: Display: FMixerPlatformXAudio2::SubmitBuffer() called for the first time
[2025.10.04-22.29.24:898][314]LogInit: FAudioDevice initialized.
[2025.10.04-22.29.24:898][314]LogAudio: Display: Audio Device (ID: 5) registered with world 'MainPersistent'.
[2025.10.04-22.29.24:906][314]LogLoad: Game class is 'BP_GameMode_C'
[2025.10.04-22.29.24:909][314]LogWorld: Bringing World /Game/Maps/UEDPIE_0_MainPersistent.MainPersistent up for play (max tick rate 60) at 2025.10.04-16.29.24
[2025.10.04-22.29.24:910][314]LogWorld: Bringing up level for play took: 0.001841
[2025.10.04-22.29.24:910][314]LogOnline: OSS: Creating online subsystem instance for: :Context_7
[2025.10.04-22.29.24:914][314]LogBlueprintUserMessages: [BP_ClareCharacter_C_0] BP_Sarten
[2025.10.04-22.29.24:917][314]LogBlueprintUserMessages: [BP_ClareCharacter_C_0] BP_Olla
[2025.10.04-22.29.24:920][314]LogBlueprintUserMessages: [BP_ClareCharacter_C_0] BP_LlaveInglesa
[2025.10.04-22.29.24:922][314]LogBlueprintUserMessages: [BP_ClareCharacter_C_0] BP_Escoba
[2025.10.04-22.29.24:923][314]LogBlueprintUserMessages: [BP_ClareCharacter_C_0] BP_Trapeador
[2025.10.04-22.29.24:925][314]LogBlueprintUserMessages: [BP_ClareCharacter_C_0] BP_Extintor
[2025.10.04-22.29.24:927][314]LogBlueprintUserMessages: [BP_ClareCharacter_C_0] BP_Cuchillo
[2025.10.04-22.29.24:929][314]PIE: Server logged in
[2025.10.04-22.29.24:930][314]PIE: Play in editor total start time 0.084 seconds.
[2025.10.04-22.29.25:813][363]LogSlate: Updating window title bar state: overlay mode, drag disabled, window buttons hidden, title bar hidden
[2025.10.04-22.29.25:813][363]LogWorld: BeginTearingDown for /Game/Maps/UEDPIE_0_MainPersistent
[2025.10.04-22.29.25:813][363]LogWorld: UWorld::CleanupWorld for MainPersistent, bSessionEnded=true, bCleanupResources=true
[2025.10.04-22.29.25:813][363]LogSlate: InvalidateAllWidgets triggered.  All widgets were invalidated
[2025.10.04-22.29.25:827][363]LogPlayLevel: Display: Shutting down PIE online subsystems
[2025.10.04-22.29.25:844][363]LogSlate: InvalidateAllWidgets triggered.  All widgets were invalidated
[2025.10.04-22.29.25:862][363]LogSlate: Updating window title bar state: overlay mode, drag disabled, window buttons hidden, title bar hidden
[2025.10.04-22.29.25:862][363]LogAudioMixer: FMixerPlatformXAudio2::StopAudioStream() called
[2025.10.04-22.29.25:863][363]LogAudioMixer: FMixerPlatformXAudio2::StopAudioStream() called
[2025.10.04-22.29.25:874][363]LogUObjectHash: Compacting FUObjectHashTables data took   1.72ms
[2025.10.04-22.29.25:907][364]LogPlayLevel: Display: Destroying online subsystem :Context_7
[2025.10.04-22.29.26:444][396]MapCheck: New page: Map Check
[2025.10.04-22.29.26:468][396]Cmd: MAP REBUILD ALLVISIBLE
[2025.10.04-22.29.26:468][396]LogEditorServer: Rebuildmap Clear paths rebuilt
[2025.10.04-22.29.26:471][396]LogWorld: UWorld::CleanupWorld for MainPersistent, bSessionEnded=true, bCleanupResources=false
[2025.10.04-22.29.26:483][396]LogNavigationDataBuild: Display: UNavigationSystemV1::Build started...
[2025.10.04-22.29.26:483][396]LogNavigationDataBuild: Display:    Building navigation data using PHYSICS_INTERFACE_PHYSX.
[2025.10.04-22.29.26:483][396]LogNavigationDataBuild: Display:    Building navigation data using WITH_PHYSX.
[2025.10.04-22.29.26:483][396]LogNavigationDataBuild: Display:    Building NavData:  Name Default class /Script/NavigationSystem.RecastNavMesh agent radius 35.0.
[2025.10.04-22.29.26:487][396]LogNavigationDataBuild: Display: UNavigationSystemV1::Build total execution time: 0.00s
[2025.10.04-22.29.26:506][396]LogUObjectHash: Compacting FUObjectHashTables data took   1.82ms
[2025.10.04-22.29.26:517][396]LogLevel: Display: Export Material TexCoord Scales took 0.010 seconds.
[2025.10.04-22.29.26:520][396]TextureStreamingBuild: Display: Build Texture Streaming took 0.002 seconds.
[2025.10.04-22.29.26:535][396]LogUObjectHash: Compacting FUObjectHashTables data took   0.85ms
[2025.10.04-22.29.26:540][396]LightingResults: New page: Lighting Build - 4 oct. 2025 11:29:26
[2025.10.04-22.29.26:577][396]LogSwarmInterface: [OpenConnection] Registering TCP channel ...
[2025.10.04-22.29.26:664][396]LogSwarmInterface: [OpenConnection] Connecting to agent ...
[2025.10.04-22.29.26:681][396]LogSwarmInterface: [TryOpenConnection] Testing the Agent
[2025.10.04-22.29.27:198][396]LogSwarmInterface: [TryOpenConnection] Opening Connection to Agent
[2025.10.04-22.29.27:198][396]LogSwarmInterface: [TryOpenConnection] Local Process ID is 32020
[2025.10.04-22.29.30:475][396]LogStaticLightingSystem: Running Lightmass w/ ImmediateImport mode ENABLED
[2025.10.04-22.29.30:475][396]LogStaticLightingSystem: Running Lightmass w/ ImmediateProcess mode ENABLED
[2025.10.04-22.29.30:475][396]LogStaticLightingSystem: Running Lightmass w/ Sorting mode ENABLED
[2025.10.04-22.29.30:475][396]LogStaticLightingSystem: Running Lightmass w/ Mapping paddings ENABLED
[2025.10.04-22.29.30:475][396]LogStaticLightingSystem: Running Lightmass w/ Mapping debug paddings DISABLED
[2025.10.04-22.29.30:678][396]Cmd: MAP CHECK DONTDISPLAYDIALOG
[2025.10.04-22.29.30:678][396]MapCheck: New page: MainPersistent - 4 oct. 2025 11:29:30
[2025.10.04-22.29.30:690][396]MapCheck: Error: WorldInfo_0 Maps need lighting rebuilt 
[2025.10.04-22.29.30:690][396]MapCheck: Map check complete: 1 Error(s), 0 Warning(s), took 12.917ms to complete.
[2025.10.04-22.29.30:693][396]LogEditorBuildUtils: Build time 0:04
[2025.10.04-22.29.30:742][396]LogShaderCompilers: Display: === FShaderJobCache stats ===
[2025.10.04-22.29.30:742][396]LogShaderCompilers: Display: Total job queries 0, among them cache hits 0 (0.00%)
[2025.10.04-22.29.30:742][396]LogShaderCompilers: Display: Tracking 0 distinct input hashes that result in 0 distinct outputs (0.00%)
[2025.10.04-22.29.30:743][396]LogShaderCompilers: Display: RAM used: 0.00 MB (0.00 GB) of 1638.40 MB (1.60 GB) budget. Usage: 0.00%
[2025.10.04-22.29.30:743][396]LogShaderCompilers: Display: ================================================
[2025.10.04-22.29.30:795][396]LogSlate: Took 0.000570 seconds to synchronously load lazily loaded font '../../../Engine/Content/Slate/Fonts/DroidSansMono.ttf' (77K)
[2025.10.04-22.29.30:933][399]LogUObjectHash: Compacting FUObjectHashTables data took   1.04ms
[2025.10.04-22.29.34:552][573]Job is a success!
[2025.10.04-22.29.34:659][574]LogVolumetricLightmapImport: Imported Volumetric Lightmap in 0.014s
[2025.10.04-22.29.34:659][574]LogVolumetricLightmapImport:      Indirection Texture 16x16x16 = 0.0Mb
[2025.10.04-22.29.34:659][574]LogVolumetricLightmapImport:      BrickData (all levels) 0.2Mb (trimmed 0.0Mb due to 0.010000 MinBrickError)
[2025.10.04-22.29.34:659][574]LogVolumetricLightmapImport:      Bricks at depth
[2025.10.04-22.29.34:659][574]LogVolumetricLightmapImport:          0: 2.3% covering 100.0% of volume
[2025.10.04-22.29.34:659][574]LogVolumetricLightmapImport:          1: 9.1% covering 6.2% of volume
[2025.10.04-22.29.34:659][574]LogVolumetricLightmapImport:          2: 88.6% covering 1.0% of volume
[2025.10.04-22.29.34:659][574]LogVolumetricLightmapImport:      Bricks in each level
[2025.10.04-22.29.34:659][574]LogVolumetricLightmapImport:          MainPersistent 			 44 bricks 	 100.0% (Persistent Level)
[2025.10.04-22.29.34:832][574]LogTexture: Display: Building textures: SkyOcclusion0_1 (OODLE_AutoDXT, 1024X512)
[2025.10.04-22.29.34:832][574]LogTexture: Display: Building textures: HQ_Lightmap0_1 (OODLE_AutoDXT, 1024X1024)
[2025.10.04-22.29.34:832][574]LogTexture: Display: Building textures: SkyOcclusion0_2 (OODLE_AutoDXT, 512X256)
[2025.10.04-22.29.34:832][574]LogTexture: Display: Building textures: HQ_Lightmap0_2 (OODLE_AutoDXT, 512X512)
[2025.10.04-22.29.34:832][574]LogTexture: Display: Building textures: LQ_Lightmap_0_1 (OODLE_DXT1, 1024X1024)
[2025.10.04-22.29.34:832][574]LogTexture: Display: Building textures: LQ_Lightmap_0_2 (OODLE_DXT1, 512X512)
[2025.10.04-22.29.34:832][574]LogTexture: Display: Building textures: HQ_Lightmap0_3 (OODLE_AutoDXT, 64X64)
[2025.10.04-22.29.34:832][574]LogTexture: Display: Building textures: LQ_Lightmap_0_3 (OODLE_DXT1, 64X64)
[2025.10.04-22.29.34:832][574]LogTexture: Display: Building textures: SkyOcclusion0_3 (OODLE_AutoDXT, 64X32)
[2025.10.04-22.29.34:832][574]LogTextureFormatOodle: Display: non-RDO encode 1024 x 512 x 1 to format OODLE_AutoDXT (Oodle OodleTex_BC3) lambda=0 effort=20 
[2025.10.04-22.29.34:832][574]LogTextureFormatOodle: Display: non-RDO encode 1024 x 1024 x 1 to format OODLE_AutoDXT (Oodle OodleTex_BC3) lambda=0 effort=20 
[2025.10.04-22.29.34:832][574]LogTextureFormatOodle: Display: non-RDO encode 1024 x 1024 x 1 to format OODLE_DXT1 (Oodle OodleTex_BC1_WithTransparency) lambda=0 effort=20 
[2025.10.04-22.29.35:045][574]LogTexture: Display: Building textures: ShadowMapTexture2D_1 (G8, 32X32)
[2025.10.04-22.29.35:045][574]LogTexture: Display: Building textures: ShadowMapTexture2D_0 (G8, 1024X1024)
[2025.10.04-22.29.35:058][574]Lightmass on LEGIÓN_G: 3.40 sec total, 132 ms importing, 55 ms setup, 772 ms photons, 2.27 sec processing, 0 ms extra exporting [12/12 mappings]. Threads: 24.9 sec total, 4.98 sec processing.
[2025.10.04-22.29.35:059][574]LogStaticLightingSystem: MainPersistent_BuiltData storing lightmap data for 12 meshes in 3 LightmapResourceClusters (4.0 Meshes per cluster).
[2025.10.04-22.29.35:079][574]LogUObjectHash: Compacting FUObjectHashTables data took   0.51ms
[2025.10.04-22.29.35:117][574]LogStaticLightingSystem: Illumination: 8.52 sec (126 ms encoding lightmaps, 199 ms encoding shadowmaps)
[2025.10.04-22.29.35:117][574]LogStaticLightingSystem: Lightmap texture memory:  3.3 MB (3.3 MB streaming, 0.0 MB non-streaming), 6 textures
[2025.10.04-22.29.35:117][574]LogStaticLightingSystem: Shadowmap texture memory: 1.3 MB (1.3 MB streaming, 0.0 MB non-streaming), 2 textures
[2025.10.04-22.29.35:479][574]DumpUnbuiltLightIteractions
[2025.10.04-22.29.35:479][574]Lights with unbuilt interactions: 0
[2025.10.04-22.29.35:479][574]
[2025.10.04-22.29.35:479][574]Primitives with unbuilt interactions: 0
[2025.10.04-22.29.35:548][574]LogTexture: Display: Building textures: NewReflectionComponentTexture3884DE244CA9D1E5320A11B1C608A293 (BGRA8, 128X128)
[2025.10.04-22.29.35:586][575]Cmd: MAP CHECK NOTIFYRESULTS
[2025.10.04-22.29.35:587][575]MapCheck: New page: MainPersistent - 4 oct. 2025 11:29:35
[2025.10.04-22.29.35:587][575]MapCheck: Map check complete: 0 Error(s), 0 Warning(s), took 0.424ms to complete.
[2025.10.04-22.29.37:712][702]LogSlate: Window 'Message Log' being destroyed
[2025.10.04-22.29.37:719][702]LogSlate: Window 'Message Log' being destroyed
[2025.10.04-22.29.38:582][754]LogTemp: Repeating last play command: Selected Viewport
[2025.10.04-22.29.38:589][754]LogPlayLevel: PlayLevel: No blueprints needed recompiling
[2025.10.04-22.29.38:589][754]PIE: New page: PIE session: MainPersistent (4 oct. 2025 11:29:38)
[2025.10.04-22.29.38:589][754]LogPlayLevel: Creating play world package: /Game/Maps/UEDPIE_0_MainPersistent
[2025.10.04-22.29.38:601][754]LogPlayLevel: PIE: StaticDuplicateObject took: (0.011001s)
[2025.10.04-22.29.38:602][754]LogAIModule: Creating AISystem for world MainPersistent
[2025.10.04-22.29.38:602][754]LogPlayLevel: PIE: World Init took: (0.001065s)
[2025.10.04-22.29.38:602][754]LogPlayLevel: PIE: Created PIE world by copying editor world from /Game/Maps/MainPersistent.MainPersistent to /Game/Maps/UEDPIE_0_MainPersistent.MainPersistent (0.012235s)
[2025.10.04-22.29.38:621][754]LogUObjectHash: Compacting FUObjectHashTables data took   2.05ms
[2025.10.04-22.29.38:624][754]LogAudio: Display: Creating Audio Device:                 Id: 6, Scope: Unique, Realtime: True
[2025.10.04-22.29.38:624][754]LogAudioMixer: Display: Audio Mixer Platform Settings:
[2025.10.04-22.29.38:624][754]LogAudioMixer: Display: 	Sample Rate:						  48000
[2025.10.04-22.29.38:624][754]LogAudioMixer: Display: 	Callback Buffer Frame Size Requested: 1024
[2025.10.04-22.29.38:624][754]LogAudioMixer: Display: 	Callback Buffer Frame Size To Use:	  1024
[2025.10.04-22.29.38:624][754]LogAudioMixer: Display: 	Number of buffers to queue:			  2
[2025.10.04-22.29.38:624][754]LogAudioMixer: Display: 	Max Channels (voices):				  32
[2025.10.04-22.29.38:624][754]LogAudioMixer: Display: 	Number of Async Source Workers:		  0
[2025.10.04-22.29.38:624][754]LogAudio: Display: AudioDevice MaxSources: 32
[2025.10.04-22.29.38:624][754]LogAudio: Display: Audio Spatialization Plugin: None (built-in).
[2025.10.04-22.29.38:624][754]LogAudio: Display: Audio Reverb Plugin: None (built-in).
[2025.10.04-22.29.38:624][754]LogAudio: Display: Audio Occlusion Plugin: None (built-in).
[2025.10.04-22.29.38:624][754]LogAudioMixer: Display: Initializing audio mixer.
[2025.10.04-22.29.38:628][754]LogAudioMixer: Display: 0: FrontLeft
[2025.10.04-22.29.38:628][754]LogAudioMixer: Display: 1: FrontRight
[2025.10.04-22.29.38:639][754]LogAudioMixer: Display: Using Audio Device G274F (NVIDIA High Definition Audio)
[2025.10.04-22.29.38:639][754]LogAudioMixer: Display: Initializing Sound Submixes...
[2025.10.04-22.29.38:639][754]LogAudioMixer: Display: Creating Master Submix 'MasterSubmixDefault'
[2025.10.04-22.29.38:639][754]LogAudioMixer: Display: Creating Master Submix 'MasterReverbSubmixDefault'
[2025.10.04-22.29.38:639][754]LogAudioMixer: Display: Creating Master Submix 'MasterEQSubmixDefault'
[2025.10.04-22.29.38:639][754]LogAudioMixer: FMixerPlatformXAudio2::StartAudioStream() called
[2025.10.04-22.29.38:640][754]LogAudioMixer: Display: Output buffers initialized: Frames=1024, Channels=2, Samples=2048
[2025.10.04-22.29.38:641][754]LogAudioMixer: Display: Starting AudioMixerPlatformInterface::RunInternal()
[2025.10.04-22.29.38:641][754]LogAudioMixer: Display: FMixerPlatformXAudio2::SubmitBuffer() called for the first time
[2025.10.04-22.29.38:641][754]LogInit: FAudioDevice initialized.
[2025.10.04-22.29.38:641][754]LogAudio: Display: Audio Device (ID: 6) registered with world 'MainPersistent'.
[2025.10.04-22.29.38:649][754]LogLoad: Game class is 'BP_GameMode_C'
[2025.10.04-22.29.38:652][754]LogWorld: Bringing World /Game/Maps/UEDPIE_0_MainPersistent.MainPersistent up for play (max tick rate 60) at 2025.10.04-16.29.38
[2025.10.04-22.29.38:652][754]LogWorld: Bringing up level for play took: 0.001596
[2025.10.04-22.29.38:652][754]LogOnline: OSS: Creating online subsystem instance for: :Context_8
[2025.10.04-22.29.38:655][754]LogBlueprintUserMessages: [BP_ClareCharacter_C_0] BP_Sarten
[2025.10.04-22.29.38:658][754]LogBlueprintUserMessages: [BP_ClareCharacter_C_0] BP_Olla
[2025.10.04-22.29.38:661][754]LogBlueprintUserMessages: [BP_ClareCharacter_C_0] BP_LlaveInglesa
[2025.10.04-22.29.38:663][754]LogBlueprintUserMessages: [BP_ClareCharacter_C_0] BP_Escoba
[2025.10.04-22.29.38:665][754]LogBlueprintUserMessages: [BP_ClareCharacter_C_0] BP_Trapeador
[2025.10.04-22.29.38:667][754]LogBlueprintUserMessages: [BP_ClareCharacter_C_0] BP_Extintor
[2025.10.04-22.29.38:669][754]LogBlueprintUserMessages: [BP_ClareCharacter_C_0] BP_Cuchillo
[2025.10.04-22.29.38:670][754]PIE: Server logged in
[2025.10.04-22.29.38:671][754]PIE: Play in editor total start time 0.084 seconds.
[2025.10.04-22.29.42:855][  4]LogBlueprintUserMessages: [BP_FrancisIA_2] Se ha encontrado la mesa
[2025.10.04-22.29.44:838][123]LogBlueprintUserMessages: [BP_FrancisIA_2] Pedido:10--Congelado--Salado--Rojo
[2025.10.04-22.29.44:838][123]LogBlueprintUserMessages: [BP_FrancisIA_2] OnreachedTable Iniciado
[2025.10.04-22.29.49:839][423]LogBlueprintUserMessages: [BP_FrancisIA_2] Paciencia agotada, ENTRANDO EN MODO FURIA
[2025.10.04-22.29.51:839][543]LogBlueprintUserMessages: [BP_FrancisIA_2] EnterFury ejecutado
[2025.10.04-22.29.53:839][663]LogBlueprintUserMessages: [BP_FrancisIA_2] IsAttacking ejecutado
[2025.10.04-22.29.56:090][798]LogBlueprintUserMessages: [BP_FrancisIA_2] MOVETOTARGET ejecutado
[2025.10.04-22.29.56:340][813]LogBlueprintUserMessages: [BP_FrancisIA_2] MOVETOTARGET ejecutado
[2025.10.04-22.29.56:591][828]LogBlueprintUserMessages: [BP_FrancisIA_2] MOVETOTARGET ejecutado
[2025.10.04-22.29.56:841][843]LogBlueprintUserMessages: [BP_FrancisIA_2] MOVETOTARGET ejecutado
[2025.10.04-22.29.56:841][843]LogBlueprintUserMessages: [BP_FrancisIA_2] TryAttack ejecutado
[2025.10.04-22.29.57:090][858]LogBlueprintUserMessages: [BP_FrancisIA_2] MOVETOTARGET ejecutado
[2025.10.04-22.29.57:340][873]LogBlueprintUserMessages: [BP_FrancisIA_2] MOVETOTARGET ejecutado
[2025.10.04-22.29.57:590][888]LogBlueprintUserMessages: [BP_FrancisIA_2] MOVETOTARGET ejecutado
[2025.10.04-22.29.57:840][903]LogBlueprintUserMessages: [BP_FrancisIA_2] MOVETOTARGET ejecutado
[2025.10.04-22.29.57:840][903]LogBlueprintUserMessages: [BP_FrancisIA_2] TryAttack ejecutado
[2025.10.04-22.29.58:091][918]LogBlueprintUserMessages: [BP_FrancisIA_2] MOVETOTARGET ejecutado
[2025.10.04-22.29.58:340][933]LogBlueprintUserMessages: [BP_FrancisIA_2] MOVETOTARGET ejecutado
[2025.10.04-22.29.58:590][948]LogBlueprintUserMessages: [BP_FrancisIA_2] MOVETOTARGET ejecutado
[2025.10.04-22.29.58:840][963]LogBlueprintUserMessages: [BP_FrancisIA_2] MOVETOTARGET ejecutado
[2025.10.04-22.29.58:840][963]LogBlueprintUserMessages: [BP_FrancisIA_2] TryAttack ejecutado
[2025.10.04-22.29.59:091][978]LogBlueprintUserMessages: [BP_FrancisIA_2] MOVETOTARGET ejecutado
[2025.10.04-22.29.59:340][993]LogBlueprintUserMessages: [BP_FrancisIA_2] MOVETOTARGET ejecutado
[2025.10.04-22.29.59:591][  8]LogBlueprintUserMessages: [BP_FrancisIA_2] MOVETOTARGET ejecutado
[2025.10.04-22.29.59:841][ 23]LogBlueprintUserMessages: [BP_FrancisIA_2] MOVETOTARGET ejecutado
[2025.10.04-22.29.59:841][ 23]LogBlueprintUserMessages: [BP_FrancisIA_2] TryAttack ejecutado
[2025.10.04-22.30.00:091][ 38]LogBlueprintUserMessages: [BP_FrancisIA_2] MOVETOTARGET ejecutado
[2025.10.04-22.30.00:341][ 53]LogBlueprintUserMessages: [BP_FrancisIA_2] MOVETOTARGET ejecutado
[2025.10.04-22.30.00:591][ 68]LogBlueprintUserMessages: [BP_FrancisIA_2] MOVETOTARGET ejecutado
[2025.10.04-22.30.00:841][ 83]LogBlueprintUserMessages: [BP_FrancisIA_2] Francis Golpea a Clare
[2025.10.04-22.30.00:841][ 83]LogBlueprintUserMessages: [BP_ClareCharacter_C_0] Vida40.0
[2025.10.04-22.30.00:841][ 83]LogBlueprintUserMessages: [BP_FrancisIA_2] Daño ejecutado, daño:10.0
[2025.10.04-22.30.00:842][ 83]LogBlueprintUserMessages: [BP_FrancisIA_2] MOVETOTARGET ejecutado
[2025.10.04-22.30.00:842][ 83]LogBlueprintUserMessages: [BP_FrancisIA_2] TryAttack ejecutado
[2025.10.04-22.30.01:092][ 98]LogBlueprintUserMessages: [BP_FrancisIA_2] MOVETOTARGET ejecutado
[2025.10.04-22.30.01:342][113]LogBlueprintUserMessages: [BP_FrancisIA_2] MOVETOTARGET ejecutado
[2025.10.04-22.30.01:591][128]LogBlueprintUserMessages: [BP_FrancisIA_2] MOVETOTARGET ejecutado
[2025.10.04-22.30.01:842][143]LogBlueprintUserMessages: [BP_FrancisIA_2] MOVETOTARGET ejecutado
[2025.10.04-22.30.01:842][143]LogBlueprintUserMessages: [BP_FrancisIA_2] TryAttack ejecutado
[2025.10.04-22.30.02:092][158]LogBlueprintUserMessages: [BP_FrancisIA_2] MOVETOTARGET ejecutado
[2025.10.04-22.30.02:342][173]LogBlueprintUserMessages: [BP_FrancisIA_2] MOVETOTARGET ejecutado
[2025.10.04-22.30.02:593][188]LogBlueprintUserMessages: [BP_FrancisIA_2] MOVETOTARGET ejecutado
[2025.10.04-22.30.02:842][203]LogBlueprintUserMessages: [BP_FrancisIA_2] Francis Golpea a Clare
[2025.10.04-22.30.02:842][203]LogBlueprintUserMessages: [BP_ClareCharacter_C_0] Vida30.0
[2025.10.04-22.30.02:842][203]LogBlueprintUserMessages: [BP_FrancisIA_2] Daño ejecutado, daño:10.0
[2025.10.04-22.30.02:842][203]LogBlueprintUserMessages: [BP_FrancisIA_2] MOVETOTARGET ejecutado
[2025.10.04-22.30.02:842][203]LogBlueprintUserMessages: [BP_FrancisIA_2] TryAttack ejecutado
[2025.10.04-22.30.03:092][218]LogBlueprintUserMessages: [BP_FrancisIA_2] MOVETOTARGET ejecutado
[2025.10.04-22.30.03:343][233]LogBlueprintUserMessages: [BP_FrancisIA_2] MOVETOTARGET ejecutado
[2025.10.04-22.30.03:592][248]LogBlueprintUserMessages: [BP_FrancisIA_2] MOVETOTARGET ejecutado
[2025.10.04-22.30.03:843][263]LogBlueprintUserMessages: [BP_FrancisIA_2] MOVETOTARGET ejecutado
[2025.10.04-22.30.03:843][263]LogBlueprintUserMessages: [BP_FrancisIA_2] TryAttack ejecutado
[2025.10.04-22.30.04:093][278]LogBlueprintUserMessages: [BP_FrancisIA_2] MOVETOTARGET ejecutado
[2025.10.04-22.30.04:343][293]LogBlueprintUserMessages: [BP_FrancisIA_2] MOVETOTARGET ejecutado
[2025.10.04-22.30.04:592][308]LogBlueprintUserMessages: [BP_FrancisIA_2] MOVETOTARGET ejecutado
[2025.10.04-22.30.04:842][323]LogBlueprintUserMessages: [BP_FrancisIA_2] Francis Golpea a Clare
[2025.10.04-22.30.04:842][323]LogBlueprintUserMessages: [BP_ClareCharacter_C_0] Vida20.0
[2025.10.04-22.30.04:842][323]LogBlueprintUserMessages: [BP_FrancisIA_2] Daño ejecutado, daño:10.0
[2025.10.04-22.30.04:842][323]LogBlueprintUserMessages: [BP_FrancisIA_2] MOVETOTARGET ejecutado
[2025.10.04-22.30.04:842][323]LogBlueprintUserMessages: [BP_FrancisIA_2] TryAttack ejecutado
[2025.10.04-22.30.05:093][338]LogBlueprintUserMessages: [BP_FrancisIA_2] MOVETOTARGET ejecutado
[2025.10.04-22.30.05:343][353]LogBlueprintUserMessages: [BP_FrancisIA_2] MOVETOTARGET ejecutado
[2025.10.04-22.30.05:592][368]LogBlueprintUserMessages: [BP_FrancisIA_2] MOVETOTARGET ejecutado
[2025.10.04-22.30.05:842][383]LogBlueprintUserMessages: [BP_FrancisIA_2] MOVETOTARGET ejecutado
[2025.10.04-22.30.05:842][383]LogBlueprintUserMessages: [BP_FrancisIA_2] TryAttack ejecutado
[2025.10.04-22.30.06:092][398]LogBlueprintUserMessages: [BP_FrancisIA_2] MOVETOTARGET ejecutado
[2025.10.04-22.30.06:342][413]LogBlueprintUserMessages: [BP_FrancisIA_2] MOVETOTARGET ejecutado
[2025.10.04-22.30.06:593][428]LogBlueprintUserMessages: [BP_FrancisIA_2] MOVETOTARGET ejecutado
[2025.10.04-22.30.06:842][443]LogBlueprintUserMessages: [BP_FrancisIA_2] Francis Golpea a Clare
[2025.10.04-22.30.06:842][443]LogBlueprintUserMessages: [BP_ClareCharacter_C_0] Vida10.0
[2025.10.04-22.30.06:842][443]LogBlueprintUserMessages: [BP_FrancisIA_2] Daño ejecutado, daño:10.0
[2025.10.04-22.30.06:843][443]LogBlueprintUserMessages: [BP_FrancisIA_2] MOVETOTARGET ejecutado
[2025.10.04-22.30.06:843][443]LogBlueprintUserMessages: [BP_FrancisIA_2] TryAttack ejecutado
[2025.10.04-22.30.07:093][458]LogBlueprintUserMessages: [BP_FrancisIA_2] MOVETOTARGET ejecutado
[2025.10.04-22.30.07:343][473]LogBlueprintUserMessages: [BP_FrancisIA_2] MOVETOTARGET ejecutado
[2025.10.04-22.30.07:593][488]LogBlueprintUserMessages: [BP_FrancisIA_2] MOVETOTARGET ejecutado
[2025.10.04-22.30.07:843][503]LogBlueprintUserMessages: [BP_FrancisIA_2] MOVETOTARGET ejecutado
[2025.10.04-22.30.07:843][503]LogBlueprintUserMessages: [BP_FrancisIA_2] TryAttack ejecutado
[2025.10.04-22.30.08:094][518]LogBlueprintUserMessages: [BP_FrancisIA_2] MOVETOTARGET ejecutado
[2025.10.04-22.30.08:344][533]LogBlueprintUserMessages: [BP_FrancisIA_2] MOVETOTARGET ejecutado
[2025.10.04-22.30.08:593][548]LogBlueprintUserMessages: [BP_FrancisIA_2] MOVETOTARGET ejecutado
[2025.10.04-22.30.08:843][563]LogBlueprintUserMessages: [BP_FrancisIA_2] Francis Golpea a Clare
[2025.10.04-22.30.08:843][563]LogBlueprintUserMessages: [BP_ClareCharacter_C_0] Vida0.0
[2025.10.04-22.30.08:843][563]LogBlueprintUserMessages: [BP_ClareCharacter_C_0] CLARE A MUERTO
[2025.10.04-22.30.08:843][563]LogBlueprintUserMessages: [BP_FrancisIA_2] Daño ejecutado, daño:10.0
[2025.10.04-22.30.08:843][563]LogBlueprintUserMessages: [BP_FrancisIA_2] MOVETOTARGET ejecutado
[2025.10.04-22.30.08:843][563]LogBlueprintUserMessages: [BP_FrancisIA_2] TryAttack ejecutado
[2025.10.04-22.30.09:094][578]LogBlueprintUserMessages: [BP_FrancisIA_2] MOVETOTARGET ejecutado
[2025.10.04-22.30.09:343][593]LogBlueprintUserMessages: [BP_FrancisIA_2] MOVETOTARGET ejecutado
[2025.10.04-22.30.09:593][608]LogBlueprintUserMessages: [BP_FrancisIA_2] MOVETOTARGET ejecutado
[2025.10.04-22.30.09:829][620]LogSlate: Updating window title bar state: overlay mode, drag disabled, window buttons hidden, title bar hidden
[2025.10.04-22.30.09:829][620]LogWorld: BeginTearingDown for /Game/Maps/UEDPIE_0_MainPersistent
[2025.10.04-22.30.09:829][620]LogWorld: UWorld::CleanupWorld for MainPersistent, bSessionEnded=true, bCleanupResources=true
[2025.10.04-22.30.09:830][620]LogSlate: InvalidateAllWidgets triggered.  All widgets were invalidated
[2025.10.04-22.30.09:842][620]LogPlayLevel: Display: Shutting down PIE online subsystems
[2025.10.04-22.30.09:859][620]LogSlate: InvalidateAllWidgets triggered.  All widgets were invalidated
[2025.10.04-22.30.09:878][620]LogAudio: Display: Audio Device unregistered from world 'None'.
[2025.10.04-22.30.09:878][620]LogAudioMixer: FMixerPlatformXAudio2::StopAudioStream() called
[2025.10.04-22.30.09:880][620]LogAudioMixer: FMixerPlatformXAudio2::StopAudioStream() called
[2025.10.04-22.30.09:882][620]LogSlate: Updating window title bar state: overlay mode, drag disabled, window buttons hidden, title bar hidden
[2025.10.04-22.30.09:889][620]LogUObjectHash: Compacting FUObjectHashTables data took   1.66ms
[2025.10.04-22.30.09:924][621]LogPlayLevel: Display: Destroying online subsystem :Context_8
[2025.10.04-22.30.13:401][825]Cmd: OBJ SAVEPACKAGE PACKAGE="/Game/Maps/MainPersistent" FILE="../../../../../Proyectos UE 4.27/TasteOfMadness/TasteOfMadness/Content/Maps/MainPersistent.umap" SILENT=true AUTOSAVING=false KEEPDIRTY=false
[2025.10.04-22.30.13:417][825]LogUObjectHash: Compacting FUObjectHashTables data took   1.34ms
[2025.10.04-22.30.13:438][825]LogSavePackage: Moving '../../../../../Proyectos UE 4.27/TasteOfMadness/TasteOfMadness/Saved/MainPersistentF566769B48FFB2129BCD2E9AE1D88B05.tmp' to '../../../../../Proyectos UE 4.27/TasteOfMadness/TasteOfMadness/Content/Maps/MainPersistent.umap'
[2025.10.04-22.30.13:446][825]Cmd: OBJ SAVEPACKAGE PACKAGE="/Game/Maps/MainPersistent_BuiltData" FILE="../../../../../Proyectos UE 4.27/TasteOfMadness/TasteOfMadness/Content/Maps/MainPersistent_BuiltData.uasset" SILENT=true
[2025.10.04-22.30.13:526][825]LogSavePackage: Moving '../../../../../Proyectos UE 4.27/TasteOfMadness/TasteOfMadness/Saved/MainPersistent_BuiltData92308B704F92EDC66EA28CB62EDE48AE.tmp' to '../../../../../Proyectos UE 4.27/TasteOfMadness/TasteOfMadness/Content/Maps/MainPersistent_BuiltData.uasset'
[2025.10.04-22.30.13:547][825]AssetCheck: New page: Asset Save: multiple assets
[2025.10.04-22.30.13:548][825]LogContentValidation: Display: Validating MapBuildDataRegistry /Game/Maps/MainPersistent_BuiltData.MainPersistent_BuiltData
[2025.10.04-22.30.13:548][825]LogContentValidation: Display: Validating World /Game/Maps/MainPersistent.MainPersistent
[2025.10.04-22.30.21:002][271]LogObjectTools: Deleting 1 worlds: /Game/ThirdPersonBP/Maps/FrancisIA.FrancisIA
[2025.10.04-22.30.21:002][271]LogObjectTools: Currently 3 active worlds: /Game/Maps/MainPersistent.MainPersistent, /Engine/Transient.World_1, /Engine/Transient.World_2
[2025.10.04-22.30.21:020][271]LogUObjectHash: Compacting FUObjectHashTables data took   1.50ms
[2025.10.04-22.30.22:705][271]LogSlate: Window 'Delete Assets' being destroyed
[2025.10.04-22.30.22:733][271]LogWorld: UWorld::CleanupWorld for FrancisIA, bSessionEnded=true, bCleanupResources=true
[2025.10.04-22.30.22:733][271]LogSlate: InvalidateAllWidgets triggered.  All widgets were invalidated
[2025.10.04-22.30.22:805][271]LogUObjectHash: Compacting FUObjectHashTables data took   1.77ms
[2025.10.04-22.30.22:822][271]LogUObjectHash: Compacting FUObjectHashTables data took   0.97ms
[2025.10.04-22.30.22:850][271]LogUObjectHash: Compacting FUObjectHashTables data took   0.50ms
[2025.10.04-22.30.22:868][271]LogUObjectHash: Compacting FUObjectHashTables data took   0.50ms
[2025.10.04-22.33.37:428][225]LogSlate: Window 'Add Level' being destroyed
[2025.10.04-22.33.37:454][225]LogSlate: Window 'Open Level' being destroyed
[2025.10.04-22.33.51:955][ 87]Cmd: OBJ SAVEPACKAGE PACKAGE="/Game/Maps/MainPersistent" FILE="../../../../../Proyectos UE 4.27/TasteOfMadness/TasteOfMadness/Content/Maps/MainPersistent.umap" SILENT=true AUTOSAVING=false KEEPDIRTY=false
[2025.10.04-22.33.51:972][ 87]LogUObjectHash: Compacting FUObjectHashTables data took   0.82ms
[2025.10.04-22.33.51:997][ 87]LogSavePackage: Moving '../../../../../Proyectos UE 4.27/TasteOfMadness/TasteOfMadness/Saved/MainPersistentBFB2DC914099561FE3BB51B6DFC660AC.tmp' to '../../../../../Proyectos UE 4.27/TasteOfMadness/TasteOfMadness/Content/Maps/MainPersistent.umap'
[2025.10.04-22.33.52:005][ 87]Cmd: OBJ SAVEPACKAGE PACKAGE="/Game/Maps/MainPersistent_BuiltData" FILE="../../../../../Proyectos UE 4.27/TasteOfMadness/TasteOfMadness/Content/Maps/MainPersistent_BuiltData.uasset" SILENT=true
[2025.10.04-22.33.52:092][ 87]LogSavePackage: Moving '../../../../../Proyectos UE 4.27/TasteOfMadness/TasteOfMadness/Saved/MainPersistent_BuiltData2D46F6544AC6D237B3287BA1479D75B6.tmp' to '../../../../../Proyectos UE 4.27/TasteOfMadness/TasteOfMadness/Content/Maps/MainPersistent_BuiltData.uasset'
[2025.10.04-22.33.52:111][ 87]AssetCheck: New page: Asset Save: multiple assets
[2025.10.04-22.33.52:111][ 87]LogContentValidation: Display: Validating MapBuildDataRegistry /Game/Maps/MainPersistent_BuiltData.MainPersistent_BuiltData
[2025.10.04-22.33.52:111][ 87]LogContentValidation: Display: Validating World /Game/Maps/MainPersistent.MainPersistent
[2025.10.04-22.33.54:856][251]LogUObjectHash: Compacting FUObjectHashTables data took   0.53ms
[2025.10.04-22.33.54:882][251]LogAssetEditorSubsystem: Opening Asset editor for World /Game/Maps/MainPersistent.MainPersistent
[2025.10.04-22.33.54:882][251]Cmd: MAP LOAD FILE="../../../../../Proyectos UE 4.27/TasteOfMadness/TasteOfMadness/Content/Maps/MainPersistent.umap" TEMPLATE=0 SHOWPROGRESS=1 FEATURELEVEL=3
[2025.10.04-22.33.54:882][251]LightingResults: New page: Lighting Build
[2025.10.04-22.33.54:882][251]LoadErrors: New page: Loading map: MainPersistent.umap
[2025.10.04-22.33.54:885][251]LogWorld: UWorld::CleanupWorld for MainPersistent, bSessionEnded=true, bCleanupResources=true
[2025.10.04-22.33.54:885][251]LogSlate: InvalidateAllWidgets triggered.  All widgets were invalidated
[2025.10.04-22.33.54:886][251]MapCheck: New page: Map Check
[2025.10.04-22.33.54:886][251]LightingResults: New page: Lighting Build
[2025.10.04-22.33.54:901][251]LogAudio: Display: Audio Device unregistered from world 'None'.
[2025.10.04-22.33.54:906][251]LogUObjectHash: Compacting FUObjectHashTables data took   2.05ms
[2025.10.04-22.33.54:924][251]LogAudio: Display: Audio Device (ID: 1) registered with world 'MainPersistent'.
[2025.10.04-22.33.54:925][251]LogAIModule: Creating AISystem for world MainPersistent
[2025.10.04-22.33.54:937][251]LogEditorServer: Finished looking for orphan Actors (0.000 secs)
[2025.10.04-22.33.54:957][251]LogUObjectHash: Compacting FUObjectHashTables data took   1.50ms
[2025.10.04-22.33.54:963][251]Cmd: MAP CHECKDEP NOCLEARLOG
[2025.10.04-22.33.54:963][251]MapCheck: Map check complete: 0 Error(s), 0 Warning(s), took 0.06ms to complete.
[2025.10.04-22.33.54:964][251]LogFileHelpers: Loading map 'MainPersistent' took 0.081
[2025.10.04-22.34.54:292][116]LogSlate: Only BGRA pngs, bmps or icos are supported in by External Image Picker
[2025.10.04-22.37.00:982][406]LogSlate: Window 'Project Settings' being destroyed
[2025.10.04-22.37.00:992][406]LogSlate: Window 'Project Settings' being destroyed
[2025.10.04-22.37.41:792][460]LogSlate: Window 'Levels' being destroyed
[2025.10.04-22.37.41:799][460]LogSlate: Window 'Levels' being destroyed
[2025.10.04-22.37.42:691][510]LogUObjectHash: Compacting FUObjectHashTables data took   3.71ms
[2025.10.04-22.37.44:423][510]LogSlate: Window 'Save Content' being destroyed
[2025.10.04-22.37.44:459][510]Cmd: OBJ SAVEPACKAGE PACKAGE="/Game/Maps/MainPersistent" FILE="../../../../../Proyectos UE 4.27/TasteOfMadness/TasteOfMadness/Content/Maps/MainPersistent.umap" SILENT=true AUTOSAVING=false KEEPDIRTY=false
[2025.10.04-22.37.44:509][510]LogUObjectHash: Compacting FUObjectHashTables data took   3.62ms
[2025.10.04-22.37.44:530][510]LogSavePackage: Moving '../../../../../Proyectos UE 4.27/TasteOfMadness/TasteOfMadness/Saved/MainPersistentF8C018AA4C0BB89DA598AA90B8E604F7.tmp' to '../../../../../Proyectos UE 4.27/TasteOfMadness/TasteOfMadness/Content/Maps/MainPersistent.umap'
[2025.10.04-22.37.44:542][510]LogFileHelpers: Saving map 'MainPersistent' took 0.084
[2025.10.04-22.37.44:568][510]LogAssetEditorSubsystem: Opening Asset editor for World /Game/Maps/MainPersistent.MainPersistent
[2025.10.04-22.37.44:568][510]Cmd: MAP LOAD FILE="../../../../../Proyectos UE 4.27/TasteOfMadness/TasteOfMadness/Content/Maps/MainPersistent.umap" TEMPLATE=0 SHOWPROGRESS=1 FEATURELEVEL=3
[2025.10.04-22.37.44:569][510]LightingResults: New page: Lighting Build
[2025.10.04-22.37.44:569][510]LoadErrors: New page: Loading map: MainPersistent.umap
[2025.10.04-22.37.44:571][510]LogWorld: UWorld::CleanupWorld for MainPersistent, bSessionEnded=true, bCleanupResources=true
[2025.10.04-22.37.44:572][510]LogSlate: InvalidateAllWidgets triggered.  All widgets were invalidated
[2025.10.04-22.37.44:572][510]MapCheck: New page: Map Check
[2025.10.04-22.37.44:572][510]LightingResults: New page: Lighting Build
[2025.10.04-22.37.44:586][510]LogAudio: Display: Audio Device unregistered from world 'None'.
[2025.10.04-22.37.44:590][510]LogUObjectHash: Compacting FUObjectHashTables data took   1.68ms
[2025.10.04-22.37.44:611][510]LogAudio: Display: Audio Device (ID: 1) registered with world 'MainPersistent'.
[2025.10.04-22.37.44:611][510]LogAIModule: Creating AISystem for world MainPersistent
[2025.10.04-22.37.44:622][510]LogEditorServer: Finished looking for orphan Actors (0.000 secs)
[2025.10.04-22.37.44:641][510]LogUObjectHash: Compacting FUObjectHashTables data took   1.36ms
[2025.10.04-22.37.44:646][510]Cmd: MAP CHECKDEP NOCLEARLOG
[2025.10.04-22.37.44:647][510]MapCheck: Map check complete: 0 Error(s), 0 Warning(s), took 0.062ms to complete.
[2025.10.04-22.37.44:647][510]LogFileHelpers: Loading map 'MainPersistent' took 0.078
[2025.10.04-22.37.44:667][510]AssetCheck: New page: Asset Save: MainPersistent
[2025.10.04-22.37.44:668][510]LogContentValidation: Display: Validating World /Game/Maps/MainPersistent.MainPersistent
[2025.10.04-22.37.48:347][731]LogTemp: Repeating last play command: Selected Viewport
[2025.10.04-22.37.48:356][731]LogPlayLevel: PlayLevel: No blueprints needed recompiling
[2025.10.04-22.37.48:357][731]PIE: New page: PIE session: MainPersistent (4 oct. 2025 11:37:48)
[2025.10.04-22.37.48:357][731]LogPlayLevel: Creating play world package: /Game/Maps/UEDPIE_0_MainPersistent
[2025.10.04-22.37.48:370][731]LogPlayLevel: PIE: StaticDuplicateObject took: (0.013960s)
[2025.10.04-22.37.48:372][731]LogAIModule: Creating AISystem for world MainPersistent
[2025.10.04-22.37.48:372][731]LogPlayLevel: PIE: World Init took: (0.001687s)
[2025.10.04-22.37.48:372][731]LogPlayLevel: PIE: Created PIE world by copying editor world from /Game/Maps/MainPersistent.MainPersistent to /Game/Maps/UEDPIE_0_MainPersistent.MainPersistent (0.015801s)
[2025.10.04-22.37.48:390][731]LogUObjectHash: Compacting FUObjectHashTables data took   1.82ms
[2025.10.04-22.37.48:393][731]LogAudio: Display: Creating Audio Device:                 Id: 7, Scope: Unique, Realtime: True
[2025.10.04-22.37.48:393][731]LogAudioMixer: Display: Audio Mixer Platform Settings:
[2025.10.04-22.37.48:393][731]LogAudioMixer: Display: 	Sample Rate:						  48000
[2025.10.04-22.37.48:393][731]LogAudioMixer: Display: 	Callback Buffer Frame Size Requested: 1024
[2025.10.04-22.37.48:393][731]LogAudioMixer: Display: 	Callback Buffer Frame Size To Use:	  1024
[2025.10.04-22.37.48:393][731]LogAudioMixer: Display: 	Number of buffers to queue:			  2
[2025.10.04-22.37.48:393][731]LogAudioMixer: Display: 	Max Channels (voices):				  32
[2025.10.04-22.37.48:393][731]LogAudioMixer: Display: 	Number of Async Source Workers:		  0
[2025.10.04-22.37.48:393][731]LogAudio: Display: AudioDevice MaxSources: 32
[2025.10.04-22.37.48:393][731]LogAudio: Display: Audio Spatialization Plugin: None (built-in).
[2025.10.04-22.37.48:393][731]LogAudio: Display: Audio Reverb Plugin: None (built-in).
[2025.10.04-22.37.48:393][731]LogAudio: Display: Audio Occlusion Plugin: None (built-in).
[2025.10.04-22.37.48:393][731]LogAudioMixer: Display: Initializing audio mixer.
[2025.10.04-22.37.48:397][731]LogAudioMixer: Display: 0: FrontLeft
[2025.10.04-22.37.48:397][731]LogAudioMixer: Display: 1: FrontRight
[2025.10.04-22.37.48:412][731]LogAudioMixer: Display: Using Audio Device G274F (NVIDIA High Definition Audio)
[2025.10.04-22.37.48:412][731]LogAudioMixer: Display: Initializing Sound Submixes...
[2025.10.04-22.37.48:413][731]LogAudioMixer: Display: Creating Master Submix 'MasterSubmixDefault'
[2025.10.04-22.37.48:413][731]LogAudioMixer: Display: Creating Master Submix 'MasterReverbSubmixDefault'
[2025.10.04-22.37.48:413][731]LogAudioMixer: Display: Creating Master Submix 'MasterEQSubmixDefault'
[2025.10.04-22.37.48:413][731]LogAudioMixer: FMixerPlatformXAudio2::StartAudioStream() called
[2025.10.04-22.37.48:413][731]LogAudioMixer: Display: Output buffers initialized: Frames=1024, Channels=2, Samples=2048
[2025.10.04-22.37.48:415][731]LogAudioMixer: Display: Starting AudioMixerPlatformInterface::RunInternal()
[2025.10.04-22.37.48:415][731]LogAudioMixer: Display: FMixerPlatformXAudio2::SubmitBuffer() called for the first time
[2025.10.04-22.37.48:415][731]LogInit: FAudioDevice initialized.
[2025.10.04-22.37.48:416][731]LogAudio: Display: Audio Device (ID: 7) registered with world 'MainPersistent'.
[2025.10.04-22.37.48:427][731]LogLoad: Game class is 'BP_GameMode_C'
[2025.10.04-22.37.48:430][731]LogWorld: Bringing World /Game/Maps/UEDPIE_0_MainPersistent.MainPersistent up for play (max tick rate 60) at 2025.10.04-16.37.48
[2025.10.04-22.37.48:431][731]LogWorld: Bringing up level for play took: 0.002317
[2025.10.04-22.37.48:431][731]LogOnline: OSS: Creating online subsystem instance for: :Context_9
[2025.10.04-22.37.48:434][731]LogBlueprintUserMessages: [BP_ClareCharacter_C_0] BP_Sarten
[2025.10.04-22.37.48:436][731]LogBlueprintUserMessages: [BP_ClareCharacter_C_0] BP_Olla
[2025.10.04-22.37.48:438][731]LogBlueprintUserMessages: [BP_ClareCharacter_C_0] BP_LlaveInglesa
[2025.10.04-22.37.48:440][731]LogBlueprintUserMessages: [BP_ClareCharacter_C_0] BP_Escoba
[2025.10.04-22.37.48:441][731]LogBlueprintUserMessages: [BP_ClareCharacter_C_0] BP_Trapeador
[2025.10.04-22.37.48:443][731]LogBlueprintUserMessages: [BP_ClareCharacter_C_0] BP_Extintor
[2025.10.04-22.37.48:447][731]LogBlueprintUserMessages: [BP_ClareCharacter_C_0] BP_Cuchillo
[2025.10.04-22.37.48:448][731]PIE: Server logged in
[2025.10.04-22.37.48:449][731]PIE: Play in editor total start time 0.097 seconds.
[2025.10.04-22.37.50:048][823]LogSlate: Updating window title bar state: overlay mode, drag disabled, window buttons hidden, title bar hidden
[2025.10.04-22.37.50:048][823]LogWorld: BeginTearingDown for /Game/Maps/UEDPIE_0_MainPersistent
[2025.10.04-22.37.50:049][823]LogWorld: UWorld::CleanupWorld for MainPersistent, bSessionEnded=true, bCleanupResources=true
[2025.10.04-22.37.50:049][823]LogSlate: InvalidateAllWidgets triggered.  All widgets were invalidated
[2025.10.04-22.37.50:061][823]LogPlayLevel: Display: Shutting down PIE online subsystems
[2025.10.04-22.37.50:066][823]LogSlate: InvalidateAllWidgets triggered.  All widgets were invalidated
[2025.10.04-22.37.50:082][823]LogAudio: Display: Audio Device unregistered from world 'None'.
[2025.10.04-22.37.50:085][823]LogAudioMixer: FMixerPlatformXAudio2::StopAudioStream() called
[2025.10.04-22.37.50:087][823]LogAudioMixer: FMixerPlatformXAudio2::StopAudioStream() called
[2025.10.04-22.37.50:090][823]LogSlate: Updating window title bar state: overlay mode, drag disabled, window buttons hidden, title bar hidden
[2025.10.04-22.37.50:097][823]LogUObjectHash: Compacting FUObjectHashTables data took   1.89ms
[2025.10.04-22.37.50:118][824]LogPlayLevel: Display: Destroying online subsystem :Context_9
[2025.10.04-22.38.23:181][406]LogSlate: Window 'New Level' being destroyed
[2025.10.04-22.38.49:631][406]LogSlate: Window 'Save Level As' being destroyed
[2025.10.04-22.38.49:672][406]Cmd: OBJ SAVEPACKAGE PACKAGE="/Game/Maps/FrancisIA" FILE="../../../../../Proyectos UE 4.27/TasteOfMadness/TasteOfMadness/Content/Maps/FrancisIA.umap" SILENT=true AUTOSAVING=false KEEPDIRTY=false
[2025.10.04-22.38.49:692][406]LogUObjectHash: Compacting FUObjectHashTables data took   1.72ms
[2025.10.04-22.38.49:706][406]LogSavePackage: Moving '../../../../../Proyectos UE 4.27/TasteOfMadness/TasteOfMadness/Saved/FrancisIA43886DA348055360BF2815B2C8C7CFD7.tmp' to '../../../../../Proyectos UE 4.27/TasteOfMadness/TasteOfMadness/Content/Maps/FrancisIA.umap'
[2025.10.04-22.38.49:718][406]LogFileHelpers: Saving map 'FrancisIA' took 0.075
[2025.10.04-22.38.49:758][406]AssetCheck: New page: Asset Save: FrancisIA
[2025.10.04-22.38.49:758][406]LogContentValidation: Display: Validating World /Game/Maps/FrancisIA.FrancisIA
[2025.10.04-22.39.04:245][197]LogSlate: Window 'New Level' being destroyed
[2025.10.04-22.39.15:989][197]LogSlate: Window 'Save Level As' being destroyed
[2025.10.04-22.39.16:032][197]Cmd: OBJ SAVEPACKAGE PACKAGE="/Game/Maps/ComidaVivaIA" FILE="../../../../../Proyectos UE 4.27/TasteOfMadness/TasteOfMadness/Content/Maps/ComidaVivaIA.umap" SILENT=true AUTOSAVING=false KEEPDIRTY=false
[2025.10.04-22.39.16:052][197]LogUObjectHash: Compacting FUObjectHashTables data took   1.96ms
[2025.10.04-22.39.16:063][197]LogSavePackage: Moving '../../../../../Proyectos UE 4.27/TasteOfMadness/TasteOfMadness/Saved/ComidaVivaIAACB9EB74417653796B41E48758F09560.tmp' to '../../../../../Proyectos UE 4.27/TasteOfMadness/TasteOfMadness/Content/Maps/ComidaVivaIA.umap'
[2025.10.04-22.39.16:080][197]LogFileHelpers: Saving map 'ComidaVivaIA' took 0.078
[2025.10.04-22.39.16:122][197]AssetCheck: New page: Asset Save: ComidaVivaIA
[2025.10.04-22.39.16:122][197]LogContentValidation: Display: Validating World /Game/Maps/ComidaVivaIA.ComidaVivaIA
[2025.10.04-22.39.24:766][612]LogSlate: Window 'New Level' being destroyed
[2025.10.04-22.39.30:135][612]LogSlate: Window 'Save Level As' being destroyed
[2025.10.04-22.39.30:175][612]Cmd: OBJ SAVEPACKAGE PACKAGE="/Game/Maps/PropsSamuel" FILE="../../../../../Proyectos UE 4.27/TasteOfMadness/TasteOfMadness/Content/Maps/PropsSamuel.umap" SILENT=true AUTOSAVING=false KEEPDIRTY=false
[2025.10.04-22.39.30:194][612]LogUObjectHash: Compacting FUObjectHashTables data took   1.92ms
[2025.10.04-22.39.30:205][612]LogSavePackage: Moving '../../../../../Proyectos UE 4.27/TasteOfMadness/TasteOfMadness/Saved/PropsSamuel009C274E403EB3EBF9EE84984314A90E.tmp' to '../../../../../Proyectos UE 4.27/TasteOfMadness/TasteOfMadness/Content/Maps/PropsSamuel.umap'
[2025.10.04-22.39.30:218][612]LogFileHelpers: Saving map 'PropsSamuel' took 0.072
[2025.10.04-22.39.30:265][612]AssetCheck: New page: Asset Save: PropsSamuel
[2025.10.04-22.39.30:265][612]LogContentValidation: Display: Validating World /Game/Maps/PropsSamuel.PropsSamuel
[2025.10.04-22.39.36:899][891]LogSlate: Window 'New Level' being destroyed
[2025.10.04-22.39.44:144][891]LogSlate: Window 'Save Level As' being destroyed
[2025.10.04-22.39.44:183][891]Cmd: OBJ SAVEPACKAGE PACKAGE="/Game/Maps/PropsMichelle" FILE="../../../../../Proyectos UE 4.27/TasteOfMadness/TasteOfMadness/Content/Maps/PropsMichelle.umap" SILENT=true AUTOSAVING=false KEEPDIRTY=false
[2025.10.04-22.39.44:204][891]LogUObjectHash: Compacting FUObjectHashTables data took   3.06ms
[2025.10.04-22.39.44:217][891]LogSavePackage: Moving '../../../../../Proyectos UE 4.27/TasteOfMadness/TasteOfMadness/Saved/PropsMichelle7BEC48C440FBAD911B282C8B258DAEDE.tmp' to '../../../../../Proyectos UE 4.27/TasteOfMadness/TasteOfMadness/Content/Maps/PropsMichelle.umap'
[2025.10.04-22.39.44:228][891]LogFileHelpers: Saving map 'PropsMichelle' took 0.072
[2025.10.04-22.39.44:268][891]AssetCheck: New page: Asset Save: PropsMichelle
[2025.10.04-22.39.44:268][891]LogContentValidation: Display: Validating World /Game/Maps/PropsMichelle.PropsMichelle
[2025.10.04-22.39.48:724][ 97]LogSlate: Window 'New Level' being destroyed
[2025.10.04-22.39.54:272][ 97]LogSlate: Window 'Save Level As' being destroyed
[2025.10.04-22.39.54:313][ 97]Cmd: OBJ SAVEPACKAGE PACKAGE="/Game/Maps/PropsDaniela" FILE="../../../../../Proyectos UE 4.27/TasteOfMadness/TasteOfMadness/Content/Maps/PropsDaniela.umap" SILENT=true AUTOSAVING=false KEEPDIRTY=false
[2025.10.04-22.39.54:334][ 97]LogUObjectHash: Compacting FUObjectHashTables data took   2.71ms
[2025.10.04-22.39.54:347][ 97]LogSavePackage: Moving '../../../../../Proyectos UE 4.27/TasteOfMadness/TasteOfMadness/Saved/PropsDanielaF3F77044473B5F6F1C03148C7FB02EEB.tmp' to '../../../../../Proyectos UE 4.27/TasteOfMadness/TasteOfMadness/Content/Maps/PropsDaniela.umap'
[2025.10.04-22.39.54:361][ 97]LogFileHelpers: Saving map 'PropsDaniela' took 0.077
[2025.10.04-22.39.54:397][ 97]AssetCheck: New page: Asset Save: PropsDaniela
[2025.10.04-22.39.54:398][ 97]LogContentValidation: Display: Validating World /Game/Maps/PropsDaniela.PropsDaniela
[2025.10.04-22.39.58:577][239]LogSlate: Window 'New Level' being destroyed
[2025.10.04-22.40.08:541][239]LogSlate: Window 'Message' being destroyed
[2025.10.04-22.40.08:550][239]Message dialog closed, result: No, title: Message, text: PropsMichelle already exists. Do you want to replace it?
[2025.10.04-22.40.12:609][239]LogSlate: Window 'Save Level As' being destroyed
[2025.10.04-22.40.12:654][239]Cmd: OBJ SAVEPACKAGE PACKAGE="/Game/Maps/PropsChris" FILE="../../../../../Proyectos UE 4.27/TasteOfMadness/TasteOfMadness/Content/Maps/PropsChris.umap" SILENT=true AUTOSAVING=false KEEPDIRTY=false
[2025.10.04-22.40.12:676][239]LogUObjectHash: Compacting FUObjectHashTables data took   2.13ms
[2025.10.04-22.40.12:687][239]LogSavePackage: Moving '../../../../../Proyectos UE 4.27/TasteOfMadness/TasteOfMadness/Saved/PropsChrisE7B2253848DB1A7C38068A8B6EB8F8A4.tmp' to '../../../../../Proyectos UE 4.27/TasteOfMadness/TasteOfMadness/Content/Maps/PropsChris.umap'
[2025.10.04-22.40.12:704][239]LogFileHelpers: Saving map 'PropsChris' took 0.080
[2025.10.04-22.40.12:742][239]AssetCheck: New page: Asset Save: PropsChris
[2025.10.04-22.40.12:742][239]LogContentValidation: Display: Validating World /Game/Maps/PropsChris.PropsChris
[2025.10.04-22.40.19:542][475]LogSlate: Window 'New Level' being destroyed
[2025.10.04-22.40.27:939][475]LogSlate: Window 'Save Level As' being destroyed
[2025.10.04-22.40.27:977][475]Cmd: OBJ SAVEPACKAGE PACKAGE="/Game/Maps/PropsOliver" FILE="../../../../../Proyectos UE 4.27/TasteOfMadness/TasteOfMadness/Content/Maps/PropsOliver.umap" SILENT=true AUTOSAVING=false KEEPDIRTY=false
[2025.10.04-22.40.27:996][475]LogUObjectHash: Compacting FUObjectHashTables data took   1.44ms
[2025.10.04-22.40.28:007][475]LogSavePackage: Moving '../../../../../Proyectos UE 4.27/TasteOfMadness/TasteOfMadness/Saved/PropsOliverCB37484245826CD1AC3D99AB9E48B2B9.tmp' to '../../../../../Proyectos UE 4.27/TasteOfMadness/TasteOfMadness/Content/Maps/PropsOliver.umap'
[2025.10.04-22.40.28:022][475]LogFileHelpers: Saving map 'PropsOliver' took 0.071
[2025.10.04-22.40.28:063][475]AssetCheck: New page: Asset Save: PropsOliver
[2025.10.04-22.40.28:063][475]LogContentValidation: Display: Validating World /Game/Maps/PropsOliver.PropsOliver
[2025.10.04-22.40.36:807][990]Cmd: OBJ SAVEPACKAGE PACKAGE="/Game/Maps/ComidaVivaIA" FILE="../../../../../Proyectos UE 4.27/TasteOfMadness/TasteOfMadness/Content/Maps/ComidaVivaIA.umap" SILENT=true AUTOSAVING=false KEEPDIRTY=false
[2025.10.04-22.40.36:824][990]LogUObjectHash: Compacting FUObjectHashTables data took   2.23ms
[2025.10.04-22.40.36:832][990]LogSavePackage: Moving '../../../../../Proyectos UE 4.27/TasteOfMadness/TasteOfMadness/Saved/ComidaVivaIA58CD12B043FFB204950EE48DD6513520.tmp' to '../../../../../Proyectos UE 4.27/TasteOfMadness/TasteOfMadness/Content/Maps/ComidaVivaIA.umap'
[2025.10.04-22.40.36:851][990]AssetCheck: New page: Asset Save: ComidaVivaIA
[2025.10.04-22.40.36:851][990]LogContentValidation: Display: Validating World /Game/Maps/ComidaVivaIA.ComidaVivaIA
[2025.10.04-22.40.37:511][ 29]Cmd: OBJ SAVEPACKAGE PACKAGE="/Game/Maps/FrancisIA" FILE="../../../../../Proyectos UE 4.27/TasteOfMadness/TasteOfMadness/Content/Maps/FrancisIA.umap" SILENT=true AUTOSAVING=false KEEPDIRTY=false
[2025.10.04-22.40.37:527][ 29]LogUObjectHash: Compacting FUObjectHashTables data took   0.56ms
[2025.10.04-22.40.37:533][ 29]LogSavePackage: Moving '../../../../../Proyectos UE 4.27/TasteOfMadness/TasteOfMadness/Saved/FrancisIA0AC8316049F66BA33852A4B843EE84FF.tmp' to '../../../../../Proyectos UE 4.27/TasteOfMadness/TasteOfMadness/Content/Maps/FrancisIA.umap'
[2025.10.04-22.40.37:552][ 29]AssetCheck: New page: Asset Save: FrancisIA
[2025.10.04-22.40.37:552][ 29]LogContentValidation: Display: Validating World /Game/Maps/FrancisIA.FrancisIA
[2025.10.04-22.40.38:139][ 63]Cmd: OBJ SAVEPACKAGE PACKAGE="/Game/Maps/PropsChris" FILE="../../../../../Proyectos UE 4.27/TasteOfMadness/TasteOfMadness/Content/Maps/PropsChris.umap" SILENT=true AUTOSAVING=false KEEPDIRTY=false
[2025.10.04-22.40.38:156][ 63]LogUObjectHash: Compacting FUObjectHashTables data took   0.57ms
[2025.10.04-22.40.38:167][ 63]LogSavePackage: Moving '../../../../../Proyectos UE 4.27/TasteOfMadness/TasteOfMadness/Saved/PropsChris68CE1C51472B6D7A14B2F6ADA40200DA.tmp' to '../../../../../Proyectos UE 4.27/TasteOfMadness/TasteOfMadness/Content/Maps/PropsChris.umap'
[2025.10.04-22.40.38:196][ 63]AssetCheck: New page: Asset Save: PropsChris
[2025.10.04-22.40.38:196][ 63]LogContentValidation: Display: Validating World /Game/Maps/PropsChris.PropsChris
[2025.10.04-22.40.38:557][ 84]Cmd: OBJ SAVEPACKAGE PACKAGE="/Game/Maps/PropsDaniela" FILE="../../../../../Proyectos UE 4.27/TasteOfMadness/TasteOfMadness/Content/Maps/PropsDaniela.umap" SILENT=true AUTOSAVING=false KEEPDIRTY=false
[2025.10.04-22.40.38:572][ 84]LogUObjectHash: Compacting FUObjectHashTables data took   0.48ms
[2025.10.04-22.40.38:580][ 84]LogSavePackage: Moving '../../../../../Proyectos UE 4.27/TasteOfMadness/TasteOfMadness/Saved/PropsDaniela2F2EEF4D4005692B8D42D1A96FC4918B.tmp' to '../../../../../Proyectos UE 4.27/TasteOfMadness/TasteOfMadness/Content/Maps/PropsDaniela.umap'
[2025.10.04-22.40.38:601][ 84]AssetCheck: New page: Asset Save: PropsDaniela
[2025.10.04-22.40.38:601][ 84]LogContentValidation: Display: Validating World /Game/Maps/PropsDaniela.PropsDaniela
[2025.10.04-22.40.38:962][105]Cmd: OBJ SAVEPACKAGE PACKAGE="/Game/Maps/PropsMichelle" FILE="../../../../../Proyectos UE 4.27/TasteOfMadness/TasteOfMadness/Content/Maps/PropsMichelle.umap" SILENT=true AUTOSAVING=false KEEPDIRTY=false
[2025.10.04-22.40.38:978][105]LogUObjectHash: Compacting FUObjectHashTables data took   0.56ms
[2025.10.04-22.40.38:987][105]LogSavePackage: Moving '../../../../../Proyectos UE 4.27/TasteOfMadness/TasteOfMadness/Saved/PropsMichelleD385958C472E1CC74530A9949E993587.tmp' to '../../../../../Proyectos UE 4.27/TasteOfMadness/TasteOfMadness/Content/Maps/PropsMichelle.umap'
[2025.10.04-22.40.39:008][105]AssetCheck: New page: Asset Save: PropsMichelle
[2025.10.04-22.40.39:008][105]LogContentValidation: Display: Validating World /Game/Maps/PropsMichelle.PropsMichelle
[2025.10.04-22.40.39:688][145]Cmd: OBJ SAVEPACKAGE PACKAGE="/Game/Maps/PropsOliver" FILE="../../../../../Proyectos UE 4.27/TasteOfMadness/TasteOfMadness/Content/Maps/PropsOliver.umap" SILENT=true AUTOSAVING=false KEEPDIRTY=false
[2025.10.04-22.40.39:705][145]LogUObjectHash: Compacting FUObjectHashTables data took   0.53ms
[2025.10.04-22.40.39:713][145]LogSavePackage: Moving '../../../../../Proyectos UE 4.27/TasteOfMadness/TasteOfMadness/Saved/PropsOliverD0FBAC3740D185BC2C8A4DB73EBD0CC2.tmp' to '../../../../../Proyectos UE 4.27/TasteOfMadness/TasteOfMadness/Content/Maps/PropsOliver.umap'
[2025.10.04-22.40.39:735][145]AssetCheck: New page: Asset Save: PropsOliver
[2025.10.04-22.40.39:735][145]LogContentValidation: Display: Validating World /Game/Maps/PropsOliver.PropsOliver
[2025.10.04-22.40.40:335][180]Cmd: OBJ SAVEPACKAGE PACKAGE="/Game/Maps/PropsSamuel" FILE="../../../../../Proyectos UE 4.27/TasteOfMadness/TasteOfMadness/Content/Maps/PropsSamuel.umap" SILENT=true AUTOSAVING=false KEEPDIRTY=false
[2025.10.04-22.40.40:350][180]LogUObjectHash: Compacting FUObjectHashTables data took   0.61ms
[2025.10.04-22.40.40:357][180]LogSavePackage: Moving '../../../../../Proyectos UE 4.27/TasteOfMadness/TasteOfMadness/Saved/PropsSamuel579185494F86A27F8E7340B9FA3DDBD0.tmp' to '../../../../../Proyectos UE 4.27/TasteOfMadness/TasteOfMadness/Content/Maps/PropsSamuel.umap'
[2025.10.04-22.40.40:376][180]AssetCheck: New page: Asset Save: PropsSamuel
[2025.10.04-22.40.40:376][180]LogContentValidation: Display: Validating World /Game/Maps/PropsSamuel.PropsSamuel
[2025.10.04-22.40.42:141][285]Cmd: OBJ SAVEPACKAGE PACKAGE="/Game/Maps/MainPersistent" FILE="../../../../../Proyectos UE 4.27/TasteOfMadness/TasteOfMadness/Content/Maps/MainPersistent.umap" SILENT=true AUTOSAVING=false KEEPDIRTY=false
[2025.10.04-22.40.42:155][285]LogUObjectHash: Compacting FUObjectHashTables data took   0.48ms
[2025.10.04-22.40.42:175][285]LogSavePackage: Moving '../../../../../Proyectos UE 4.27/TasteOfMadness/TasteOfMadness/Saved/MainPersistentA650D2844E08700F9DC194B4CC5A8603.tmp' to '../../../../../Proyectos UE 4.27/TasteOfMadness/TasteOfMadness/Content/Maps/MainPersistent.umap'
[2025.10.04-22.40.42:185][285]Cmd: OBJ SAVEPACKAGE PACKAGE="/Game/Maps/MainPersistent_BuiltData" FILE="../../../../../Proyectos UE 4.27/TasteOfMadness/TasteOfMadness/Content/Maps/MainPersistent_BuiltData.uasset" SILENT=true
[2025.10.04-22.40.42:327][285]LogSavePackage: Moving '../../../../../Proyectos UE 4.27/TasteOfMadness/TasteOfMadness/Saved/MainPersistent_BuiltData3550871C44386ED45839C5B6F1C49E8C.tmp' to '../../../../../Proyectos UE 4.27/TasteOfMadness/TasteOfMadness/Content/Maps/MainPersistent_BuiltData.uasset'
[2025.10.04-22.40.42:352][285]AssetCheck: New page: Asset Save: multiple assets
[2025.10.04-22.40.42:352][285]LogContentValidation: Display: Validating World /Game/Maps/MainPersistent.MainPersistent
[2025.10.04-22.40.42:352][285]LogContentValidation: Display: Validating MapBuildDataRegistry /Game/Maps/MainPersistent_BuiltData.MainPersistent_BuiltData
[2025.10.04-22.40.52:757][868]Cmd: OBJ SAVEPACKAGE PACKAGE="/Game/Maps/MainPersistent" FILE="../../../../../Proyectos UE 4.27/TasteOfMadness/TasteOfMadness/Content/Maps/MainPersistent.umap" SILENT=true AUTOSAVING=false KEEPDIRTY=false
[2025.10.04-22.40.52:772][868]LogUObjectHash: Compacting FUObjectHashTables data took   0.45ms
[2025.10.04-22.40.52:794][868]LogSavePackage: Moving '../../../../../Proyectos UE 4.27/TasteOfMadness/TasteOfMadness/Saved/MainPersistent23D7A4604887C1F441340CA15CC2D27F.tmp' to '../../../../../Proyectos UE 4.27/TasteOfMadness/TasteOfMadness/Content/Maps/MainPersistent.umap'
[2025.10.04-22.40.52:802][868]Cmd: OBJ SAVEPACKAGE PACKAGE="/Game/Maps/MainPersistent_BuiltData" FILE="../../../../../Proyectos UE 4.27/TasteOfMadness/TasteOfMadness/Content/Maps/MainPersistent_BuiltData.uasset" SILENT=true
[2025.10.04-22.40.52:885][868]LogSavePackage: Moving '../../../../../Proyectos UE 4.27/TasteOfMadness/TasteOfMadness/Saved/MainPersistent_BuiltDataCD1403324A2480EA2806ABA6DADDFF80.tmp' to '../../../../../Proyectos UE 4.27/TasteOfMadness/TasteOfMadness/Content/Maps/MainPersistent_BuiltData.uasset'
[2025.10.04-22.40.52:905][868]AssetCheck: New page: Asset Save: multiple assets
[2025.10.04-22.40.52:905][868]LogContentValidation: Display: Validating World /Game/Maps/MainPersistent.MainPersistent
[2025.10.04-22.40.52:905][868]LogContentValidation: Display: Validating MapBuildDataRegistry /Game/Maps/MainPersistent_BuiltData.MainPersistent_BuiltData
[2025.10.04-22.42.03:882][ 74]Cmd: OBJ SAVEPACKAGE PACKAGE="/Game/Maps/MainPersistent" FILE="../../../../../Proyectos UE 4.27/TasteOfMadness/TasteOfMadness/Content/Maps/MainPersistent.umap" SILENT=true AUTOSAVING=false KEEPDIRTY=false
[2025.10.04-22.42.03:899][ 74]LogUObjectHash: Compacting FUObjectHashTables data took   1.51ms
[2025.10.04-22.42.03:921][ 74]LogSavePackage: Moving '../../../../../Proyectos UE 4.27/TasteOfMadness/TasteOfMadness/Saved/MainPersistentC95D22E74D003595FF9201B5F44B4644.tmp' to '../../../../../Proyectos UE 4.27/TasteOfMadness/TasteOfMadness/Content/Maps/MainPersistent.umap'
[2025.10.04-22.42.03:929][ 74]Cmd: OBJ SAVEPACKAGE PACKAGE="/Game/Maps/MainPersistent_BuiltData" FILE="../../../../../Proyectos UE 4.27/TasteOfMadness/TasteOfMadness/Content/Maps/MainPersistent_BuiltData.uasset" SILENT=true
[2025.10.04-22.42.04:017][ 74]LogSavePackage: Moving '../../../../../Proyectos UE 4.27/TasteOfMadness/TasteOfMadness/Saved/MainPersistent_BuiltData842B15EB4A0B0B08DC1CC1B3DC073D04.tmp' to '../../../../../Proyectos UE 4.27/TasteOfMadness/TasteOfMadness/Content/Maps/MainPersistent_BuiltData.uasset'
[2025.10.04-22.42.04:037][ 74]AssetCheck: New page: Asset Save: multiple assets
[2025.10.04-22.42.04:038][ 74]LogContentValidation: Display: Validating World /Game/Maps/MainPersistent.MainPersistent
[2025.10.04-22.42.04:038][ 74]LogContentValidation: Display: Validating MapBuildDataRegistry /Game/Maps/MainPersistent_BuiltData.MainPersistent_BuiltData
[2025.10.04-22.42.06:184][202]LogUObjectHash: Compacting FUObjectHashTables data took   0.86ms
[2025.10.04-22.42.06:208][202]LogAssetEditorSubsystem: Opening Asset editor for World /Game/Maps/FrancisIA.FrancisIA
[2025.10.04-22.42.06:208][202]Cmd: MAP LOAD FILE="../../../../../Proyectos UE 4.27/TasteOfMadness/TasteOfMadness/Content/Maps/FrancisIA.umap" TEMPLATE=0 SHOWPROGRESS=1 FEATURELEVEL=3
[2025.10.04-22.42.06:209][202]LightingResults: New page: Lighting Build
[2025.10.04-22.42.06:209][202]LoadErrors: New page: Loading map: FrancisIA.umap
[2025.10.04-22.42.06:215][202]LogWorld: UWorld::CleanupWorld for MainPersistent, bSessionEnded=true, bCleanupResources=true
[2025.10.04-22.42.06:215][202]LogSlate: InvalidateAllWidgets triggered.  All widgets were invalidated
[2025.10.04-22.42.06:215][202]LogWorld: UWorld::CleanupWorld for FrancisIA, bSessionEnded=true, bCleanupResources=true
[2025.10.04-22.42.06:215][202]LogSlate: InvalidateAllWidgets triggered.  All widgets were invalidated
[2025.10.04-22.42.06:215][202]LogWorld: UWorld::CleanupWorld for ComidaVivaIA, bSessionEnded=true, bCleanupResources=true
[2025.10.04-22.42.06:216][202]LogSlate: InvalidateAllWidgets triggered.  All widgets were invalidated
[2025.10.04-22.42.06:216][202]LogWorld: UWorld::CleanupWorld for PropsSamuel, bSessionEnded=true, bCleanupResources=true
[2025.10.04-22.42.06:216][202]LogSlate: InvalidateAllWidgets triggered.  All widgets were invalidated
[2025.10.04-22.42.06:216][202]LogWorld: UWorld::CleanupWorld for PropsMichelle, bSessionEnded=true, bCleanupResources=true
[2025.10.04-22.42.06:216][202]LogSlate: InvalidateAllWidgets triggered.  All widgets were invalidated
[2025.10.04-22.42.06:216][202]LogWorld: UWorld::CleanupWorld for PropsDaniela, bSessionEnded=true, bCleanupResources=true
[2025.10.04-22.42.06:216][202]LogSlate: InvalidateAllWidgets triggered.  All widgets were invalidated
[2025.10.04-22.42.06:216][202]LogWorld: UWorld::CleanupWorld for PropsChris, bSessionEnded=true, bCleanupResources=true
[2025.10.04-22.42.06:216][202]LogSlate: InvalidateAllWidgets triggered.  All widgets were invalidated
[2025.10.04-22.42.06:216][202]LogWorld: UWorld::CleanupWorld for PropsOliver, bSessionEnded=true, bCleanupResources=true
[2025.10.04-22.42.06:216][202]LogSlate: InvalidateAllWidgets triggered.  All widgets were invalidated
[2025.10.04-22.42.06:217][202]MapCheck: New page: Map Check
[2025.10.04-22.42.06:217][202]LightingResults: New page: Lighting Build
[2025.10.04-22.42.06:232][202]LogAudio: Display: Audio Device unregistered from world 'None'.
[2025.10.04-22.42.06:237][202]LogUObjectHash: Compacting FUObjectHashTables data took   1.61ms
[2025.10.04-22.42.06:257][202]LogUObjectHash: Compacting FUObjectHashTables data took   1.71ms
[2025.10.04-22.42.06:273][202]LogUObjectHash: Compacting FUObjectHashTables data took   1.75ms
[2025.10.04-22.42.06:273][202]LogAudio: Display: Audio Device (ID: 1) registered with world 'FrancisIA'.
[2025.10.04-22.42.06:275][202]LogEditorServer: Finished looking for orphan Actors (0.000 secs)
[2025.10.04-22.42.06:275][202]LogAIModule: Creating AISystem for world FrancisIA
[2025.10.04-22.42.06:293][202]LogUObjectHash: Compacting FUObjectHashTables data took   1.38ms
[2025.10.04-22.42.06:299][202]Cmd: MAP CHECKDEP NOCLEARLOG
[2025.10.04-22.42.06:299][202]MapCheck: Map check complete: 0 Error(s), 0 Warning(s), took 0.066ms to complete.
[2025.10.04-22.42.06:299][202]LogFileHelpers: Loading map 'FrancisIA' took 0.090
[2025.10.04-22.42.06:332][202]LogUObjectHash: Compacting FUObjectHashTables data took   0.51ms
[2025.10.04-22.43.53:982][149]LogUObjectHash: Compacting FUObjectHashTables data took   1.67ms
[2025.10.04-22.43.54:037][149]LogAssetEditorSubsystem: Opening Asset editor for World /Game/Maps/MainPersistent.MainPersistent
[2025.10.04-22.43.54:037][149]Cmd: MAP LOAD FILE="../../../../../Proyectos UE 4.27/TasteOfMadness/TasteOfMadness/Content/Maps/MainPersistent.umap" TEMPLATE=0 SHOWPROGRESS=1 FEATURELEVEL=3
[2025.10.04-22.43.54:037][149]LightingResults: New page: Lighting Build
[2025.10.04-22.43.54:037][149]LoadErrors: New page: Loading map: MainPersistent.umap
[2025.10.04-22.43.54:038][149]LogWorld: UWorld::CleanupWorld for FrancisIA, bSessionEnded=true, bCleanupResources=true
[2025.10.04-22.43.54:038][149]LogSlate: InvalidateAllWidgets triggered.  All widgets were invalidated
[2025.10.04-22.43.54:039][149]MapCheck: New page: Map Check
[2025.10.04-22.43.54:039][149]LightingResults: New page: Lighting Build
[2025.10.04-22.43.54:054][149]LogAudio: Display: Audio Device unregistered from world 'None'.
[2025.10.04-22.43.54:060][149]LogUObjectHash: Compacting FUObjectHashTables data took   1.78ms
[2025.10.04-22.43.54:060][149]LogAudio: Display: Audio Device (ID: 1) registered with world 'MainPersistent'.
[2025.10.04-22.43.54:066][149]LogStreaming: Display: ULevelStreaming::RequestLevel(/Game/Maps/PropsOliver) is flushing async loading
[2025.10.04-22.43.54:066][149]LogStreaming: Display: FlushAsyncLoading: 1 QueuedPackages, 0 AsyncPackages
[2025.10.04-22.43.54:079][149]LogStreaming: Display: ULevelStreaming::RequestLevel(/Game/Maps/PropsChris) is flushing async loading
[2025.10.04-22.43.54:089][149]LogStreaming: Display: ULevelStreaming::RequestLevel(/Game/Maps/ComidaVivaIA) is flushing async loading
[2025.10.04-22.43.54:100][149]LogStreaming: Display: ULevelStreaming::RequestLevel(/Game/Maps/PropsMichelle) is flushing async loading
[2025.10.04-22.43.54:110][149]LogStreaming: Display: ULevelStreaming::RequestLevel(/Game/Maps/PropsDaniela) is flushing async loading
[2025.10.04-22.43.54:118][149]LogStreaming: Display: ULevelStreaming::RequestLevel(/Game/Maps/FrancisIA) is flushing async loading
[2025.10.04-22.43.54:126][149]LogStreaming: Display: ULevelStreaming::RequestLevel(/Game/Maps/PropsSamuel) is flushing async loading
[2025.10.04-22.43.54:135][149]LogEditorServer: Finished looking for orphan Actors (0.000 secs)
[2025.10.04-22.43.54:135][149]LogAIModule: Creating AISystem for world MainPersistent
[2025.10.04-22.43.54:157][149]LogUObjectHash: Compacting FUObjectHashTables data took   1.67ms
[2025.10.04-22.43.54:162][149]Cmd: MAP CHECKDEP NOCLEARLOG
[2025.10.04-22.43.54:162][149]MapCheck: Map check complete: 0 Error(s), 0 Warning(s), took 0.179ms to complete.
[2025.10.04-22.43.54:162][149]LogFileHelpers: Loading map 'MainPersistent' took 0.125
[2025.10.04-22.44.34:143][539]LogSlate: Window 'Levels' being destroyed
[2025.10.04-22.44.34:155][539]LogSlate: Window 'Levels' being destroyed
[2025.10.04-22.44.35:599][625]Cmd: OBJ SAVEPACKAGE PACKAGE="/Game/Maps/MainPersistent" FILE="../../../../../Proyectos UE 4.27/TasteOfMadness/TasteOfMadness/Content/Maps/MainPersistent.umap" SILENT=true AUTOSAVING=false KEEPDIRTY=false
[2025.10.04-22.44.35:615][625]LogUObjectHash: Compacting FUObjectHashTables data took   1.55ms
[2025.10.04-22.44.35:638][625]LogSavePackage: Moving '../../../../../Proyectos UE 4.27/TasteOfMadness/TasteOfMadness/Saved/MainPersistentA510387345D5EDB9A7BB098B06A254E9.tmp' to '../../../../../Proyectos UE 4.27/TasteOfMadness/TasteOfMadness/Content/Maps/MainPersistent.umap'
[2025.10.04-22.44.35:648][625]Cmd: OBJ SAVEPACKAGE PACKAGE="/Game/Maps/MainPersistent_BuiltData" FILE="../../../../../Proyectos UE 4.27/TasteOfMadness/TasteOfMadness/Content/Maps/MainPersistent_BuiltData.uasset" SILENT=true
[2025.10.04-22.44.35:770][625]LogSavePackage: Moving '../../../../../Proyectos UE 4.27/TasteOfMadness/TasteOfMadness/Saved/MainPersistent_BuiltDataB2589EAF4379B8172CA9518A0E5819D4.tmp' to '../../../../../Proyectos UE 4.27/TasteOfMadness/TasteOfMadness/Content/Maps/MainPersistent_BuiltData.uasset'
[2025.10.04-22.44.35:789][625]AssetCheck: New page: Asset Save: multiple assets
[2025.10.04-22.44.35:789][625]LogContentValidation: Display: Validating MapBuildDataRegistry /Game/Maps/MainPersistent_BuiltData.MainPersistent_BuiltData
[2025.10.04-22.44.35:789][625]LogContentValidation: Display: Validating World /Game/Maps/MainPersistent.MainPersistent
[2025.10.04-22.45.09:317][952]Cmd: OBJ SAVEPACKAGE PACKAGE="/Game/Maps/MainPersistent" FILE="../../../../../Proyectos UE 4.27/TasteOfMadness/TasteOfMadness/Content/Maps/MainPersistent.umap" SILENT=true AUTOSAVING=false KEEPDIRTY=false
[2025.10.04-22.45.09:335][952]LogUObjectHash: Compacting FUObjectHashTables data took   1.50ms
[2025.10.04-22.45.09:363][952]LogSavePackage: Moving '../../../../../Proyectos UE 4.27/TasteOfMadness/TasteOfMadness/Saved/MainPersistent68B198C44540D9DB5D08CCBDB44E94E9.tmp' to '../../../../../Proyectos UE 4.27/TasteOfMadness/TasteOfMadness/Content/Maps/MainPersistent.umap'
[2025.10.04-22.45.09:377][952]Cmd: OBJ SAVEPACKAGE PACKAGE="/Game/Maps/MainPersistent_BuiltData" FILE="../../../../../Proyectos UE 4.27/TasteOfMadness/TasteOfMadness/Content/Maps/MainPersistent_BuiltData.uasset" SILENT=true
[2025.10.04-22.45.09:489][952]LogSavePackage: Moving '../../../../../Proyectos UE 4.27/TasteOfMadness/TasteOfMadness/Saved/MainPersistent_BuiltData041A49A44E0F4EA46BD5628A7DE5E2AE.tmp' to '../../../../../Proyectos UE 4.27/TasteOfMadness/TasteOfMadness/Content/Maps/MainPersistent_BuiltData.uasset'
[2025.10.04-22.45.09:511][952]AssetCheck: New page: Asset Save: multiple assets
[2025.10.04-22.45.09:511][952]LogContentValidation: Display: Validating MapBuildDataRegistry /Game/Maps/MainPersistent_BuiltData.MainPersistent_BuiltData
[2025.10.04-22.45.09:511][952]LogContentValidation: Display: Validating World /Game/Maps/MainPersistent.MainPersistent
[2025.10.04-22.45.10:708][ 21]LogUObjectHash: Compacting FUObjectHashTables data took   0.77ms
[2025.10.04-22.45.10:737][ 21]LogSlate: Window 'TasteOfMadness - Unreal Editor' being destroyed
[2025.10.04-22.45.10:741][ 21]LogWindowsTextInputMethodSystem: Display: IME system deactivated.
[2025.10.04-22.45.10:869][ 22]Cmd: QUIT_EDITOR
[2025.10.04-22.45.10:869][ 22]LogCore: Engine exit requested (reason: UUnrealEdEngine::CloseEditor())
[2025.10.04-22.45.10:874][ 22]LogCore: Engine exit requested (reason: EngineExit() was called; note: exit was already requested)
[2025.10.04-22.45.10:987][ 22]LogAudio: Display: Beginning Audio Device Manager Shutdown (Module: AudioMixerXAudio2)...
[2025.10.04-22.45.10:987][ 22]LogAudio: Display: Destroying 1 Remaining Audio Device(s)...
[2025.10.04-22.45.10:987][ 22]LogAudio: Display: Audio Device unregistered from world 'MainPersistent'.
[2025.10.04-22.45.10:987][ 22]LogAudioMixer: FMixerPlatformXAudio2::StopAudioStream() called
[2025.10.04-22.45.10:989][ 22]LogAudioMixer: FMixerPlatformXAudio2::StopAudioStream() called
[2025.10.04-22.45.10:992][ 22]LogAudio: Display: Audio Device Manager Shutdown
[2025.10.04-22.45.11:002][ 22]LogExit: Preparing to exit.
[2025.10.04-22.45.11:431][ 22]LogUObjectHash: Compacting FUObjectHashTables data took   1.85ms
[2025.10.04-22.45.11:577][ 22]LogWorld: UWorld::CleanupWorld for World_2, bSessionEnded=true, bCleanupResources=true
[2025.10.04-22.45.11:580][ 22]LogWorld: UWorld::CleanupWorld for World_1, bSessionEnded=true, bCleanupResources=true
[2025.10.04-22.45.11:634][ 22]LogWorld: UWorld::CleanupWorld for None, bSessionEnded=true, bCleanupResources=true
[2025.10.04-22.45.11:635][ 22]LogWorld: UWorld::CleanupWorld for None, bSessionEnded=true, bCleanupResources=true
[2025.10.04-22.45.11:635][ 22]LogWorld: UWorld::CleanupWorld for None, bSessionEnded=true, bCleanupResources=true
[2025.10.04-22.45.11:635][ 22]LogWorld: UWorld::CleanupWorld for None, bSessionEnded=true, bCleanupResources=true
[2025.10.04-22.45.11:635][ 22]LogWorld: UWorld::CleanupWorld for None, bSessionEnded=true, bCleanupResources=true
[2025.10.04-22.45.11:635][ 22]LogWorld: UWorld::CleanupWorld for None, bSessionEnded=true, bCleanupResources=true
[2025.10.04-22.45.11:635][ 22]LogWorld: UWorld::CleanupWorld for None, bSessionEnded=true, bCleanupResources=true
[2025.10.04-22.45.11:635][ 22]LogWorld: UWorld::CleanupWorld for None, bSessionEnded=true, bCleanupResources=true
[2025.10.04-22.45.11:635][ 22]LogExit: Editor shut down
[2025.10.04-22.45.11:636][ 22]LogExit: Transaction tracking system shut down
[2025.10.04-22.45.11:640][ 22]LogDemo: Cleaned up 0 splitscreen connections with owner deletion
[2025.10.04-22.45.11:937][ 22]LogExit: Object subsystem successfully closed.
[2025.10.04-22.45.11:969][ 22]LogShaderCompilers: Display: === FShaderJobCache stats ===
[2025.10.04-22.45.11:969][ 22]LogShaderCompilers: Display: Total job queries 0, among them cache hits 0 (0.00%)
[2025.10.04-22.45.11:969][ 22]LogShaderCompilers: Display: Tracking 0 distinct input hashes that result in 0 distinct outputs (0.00%)
[2025.10.04-22.45.11:969][ 22]LogShaderCompilers: Display: RAM used: 0.00 MB (0.00 GB) of 1638.40 MB (1.60 GB) budget. Usage: 0.00%
[2025.10.04-22.45.11:969][ 22]LogShaderCompilers: Display: ================================================
[2025.10.04-22.45.11:983][ 22]LogShaderCompilers: Display: Shaders left to compile 0
[2025.10.04-22.45.11:995][ 22]LogModuleManager: Shutting down and abandoning module ExternalImagePicker (884)
[2025.10.04-22.45.11:995][ 22]LogModuleManager: Shutting down and abandoning module BlueprintGraph (882)
[2025.10.04-22.45.11:995][ 22]LogModuleManager: Shutting down and abandoning module MovieSceneCapture (880)
[2025.10.04-22.45.11:995][ 22]LogModuleManager: Shutting down and abandoning module Voice (878)
[2025.10.04-22.45.11:995][ 22]LogModuleManager: Shutting down and abandoning module HierarchicalLODUtilities (874)
[2025.10.04-22.45.11:995][ 22]LogModuleManager: Shutting down and abandoning module NewLevelDialog (872)
[2025.10.04-22.45.11:995][ 22]LogModuleManager: Shutting down and abandoning module HierarchicalLODOutliner (870)
[2025.10.04-22.45.11:996][ 22]LogModuleManager: Shutting down and abandoning module SceneOutliner (868)
[2025.10.04-22.45.11:996][ 22]LogModuleManager: Shutting down and abandoning module AddContentDialog (866)
[2025.10.04-22.45.11:996][ 22]LogModuleManager: Shutting down and abandoning module WidgetCarousel (865)
[2025.10.04-22.45.11:996][ 22]LogModuleManager: Shutting down and abandoning module EditorWidgets (862)
[2025.10.04-22.45.11:996][ 22]LogModuleManager: Shutting down and abandoning module StatsViewer (860)
[2025.10.04-22.45.11:996][ 22]LogModuleManager: Shutting down and abandoning module PIEPreviewDeviceProfileSelector (858)
[2025.10.04-22.45.11:996][ 22]LogModuleManager: Shutting down and abandoning module SequenceRecorderSections (856)
[2025.10.04-22.45.11:996][ 22]LogModuleManager: Shutting down and abandoning module AutomationWorker (854)
[2025.10.04-22.45.11:996][ 22]LogModuleManager: Shutting down and abandoning module SteamVREditor (852)
[2025.10.04-22.45.11:996][ 22]LogModuleManager: Shutting down and abandoning module OculusMR (850)
[2025.10.04-22.45.11:996][ 22]LogModuleManager: Shutting down and abandoning module TakeRecorderSources (848)
[2025.10.04-22.45.11:996][ 22]LogModuleManager: Shutting down and abandoning module TakeRecorder (847)
[2025.10.04-22.45.11:996][ 22]LogModuleManager: Shutting down and abandoning module TakeTrackRecorders (844)
[2025.10.04-22.45.11:996][ 22]LogModuleManager: Shutting down and abandoning module TakesCore (842)
[2025.10.04-22.45.11:996][ 22]LogModuleManager: Shutting down and abandoning module OpenXRInput (840)
[2025.10.04-22.45.11:996][ 22]LogModuleManager: Shutting down and abandoning module GooglePADEditor (838)
[2025.10.04-22.45.11:996][ 22]LogModuleManager: Shutting down and abandoning module AudioCaptureEditor (836)
[2025.10.04-22.45.11:996][ 22]LogModuleManager: Shutting down and abandoning module TemplateSequenceEditor (834)
[2025.10.04-22.45.11:996][ 22]LogModuleManager: Shutting down and abandoning module MatineeToLevelSequence (832)
[2025.10.04-22.45.11:996][ 22]LogModuleManager: Shutting down and abandoning module LevelSequenceEditor (830)
[2025.10.04-22.45.11:996][ 22]LogModuleManager: Shutting down and abandoning module ActorSequenceEditor (828)
[2025.10.04-22.45.11:996][ 22]LogModuleManager: Shutting down and abandoning module WmfMediaFactory (826)
[2025.10.04-22.45.11:996][ 22]LogModuleManager: Shutting down and abandoning module WmfMediaEditor (824)
[2025.10.04-22.45.11:996][ 22]LogModuleManager: Shutting down and abandoning module WebMMediaFactory (822)
[2025.10.04-22.45.11:996][ 22]LogModuleManager: Shutting down and abandoning module WebMMediaEditor (820)
[2025.10.04-22.45.11:996][ 22]LogModuleManager: Shutting down and abandoning module WebMMedia (818)
[2025.10.04-22.45.11:996][ 22]LogModuleManager: Shutting down and abandoning module MediaPlayerEditor (816)
[2025.10.04-22.45.11:996][ 22]LogModuleManager: Shutting down and abandoning module MediaCompositingEditor (814)
[2025.10.04-22.45.11:997][ 22]LogModuleManager: Shutting down and abandoning module SequenceRecorder (813)
[2025.10.04-22.45.11:997][ 22]LogModuleManager: Shutting down and abandoning module OpenExrWrapper (810)
[2025.10.04-22.45.11:997][ 22]LogModuleManager: Shutting down and abandoning module ImgMediaFactory (808)
[2025.10.04-22.45.11:997][ 22]LogModuleManager: Shutting down and abandoning module ImgMediaEditor (806)
[2025.10.04-22.45.11:997][ 22]LogModuleManager: Shutting down and abandoning module AvfMediaFactory (804)
[2025.10.04-22.45.11:997][ 22]LogModuleManager: Shutting down and abandoning module AvfMediaEditor (802)
[2025.10.04-22.45.11:997][ 22]LogModuleManager: Shutting down and abandoning module AndroidMediaFactory (800)
[2025.10.04-22.45.11:997][ 22]LogModuleManager: Shutting down and abandoning module AndroidMediaEditor (798)
[2025.10.04-22.45.11:997][ 22]LogModuleManager: Shutting down and abandoning module MagicLeapMediaCodecFactory (796)
[2025.10.04-22.45.11:997][ 22]LogModuleManager: Shutting down and abandoning module MagicLeapMediaFactory (794)
[2025.10.04-22.45.11:997][ 22]LogModuleManager: Shutting down and abandoning module MagicLeapMediaEditor (792)
[2025.10.04-22.45.11:997][ 22]LogModuleManager: Shutting down and abandoning module PlanarCut (790)
[2025.10.04-22.45.11:997][ 22]LogModuleManager: Shutting down and abandoning module CharacterAI (788)
[2025.10.04-22.45.11:997][ 22]LogModuleManager: Shutting down and abandoning module TextureAlignMode (786)
[2025.10.04-22.45.11:997][ 22]LogModuleManager: Shutting down and abandoning module BspMode (784)
[2025.10.04-22.45.11:997][ 22]LogModuleManager: Shutting down and abandoning module GeometryMode (782)
[2025.10.04-22.45.11:997][ 22]LogModuleManager: Shutting down and abandoning module CameraShakePreviewer (780)
[2025.10.04-22.45.11:997][ 22]LogModuleManager: Shutting down and abandoning module SmartSnapping (778)
[2025.10.04-22.45.11:997][ 22]LogModuleManager: Shutting down and abandoning module SessionServices (776)
[2025.10.04-22.45.11:997][ 22]LogModuleManager: Shutting down and abandoning module MeshPaint (774)
[2025.10.04-22.45.11:997][ 22]LogModuleManager: Shutting down and abandoning module VirtualTexturingEditor (772)
[2025.10.04-22.45.11:997][ 22]LogModuleManager: Shutting down and abandoning module FoliageEdit (770)
[2025.10.04-22.45.11:997][ 22]LogModuleManager: Shutting down and abandoning module LandscapeEditor (768)
[2025.10.04-22.45.11:997][ 22]LogModuleManager: Shutting down and abandoning module MeshPaintMode (766)
[2025.10.04-22.45.11:997][ 22]LogModuleManager: Shutting down and abandoning module SceneDepthPickerMode (764)
[2025.10.04-22.45.11:997][ 22]LogModuleManager: Shutting down and abandoning module ActorPickerMode (762)
[2025.10.04-22.45.11:997][ 22]LogModuleManager: Shutting down and abandoning module PlacementMode (760)
[2025.10.04-22.45.11:997][ 22]LogModuleManager: Shutting down and abandoning module ViewportSnapping (758)
[2025.10.04-22.45.11:997][ 22]LogModuleManager: Shutting down and abandoning module ViewportInteraction (756)
[2025.10.04-22.45.11:997][ 22]LogModuleManager: Shutting down and abandoning module ClothPainter (754)
[2025.10.04-22.45.11:997][ 22]LogModuleManager: Shutting down and abandoning module SkeletalMeshEditor (753)
[2025.10.04-22.45.11:997][ 22]LogModuleManager: Shutting down and abandoning module LogVisualizer (750)
[2025.10.04-22.45.11:997][ 22]LogModuleManager: Shutting down and abandoning module IntroTutorials (748)
[2025.10.04-22.45.11:997][ 22]LogModuleManager: Shutting down and abandoning module GameProjectGeneration (747)
[2025.10.04-22.45.11:997][ 22]LogModuleManager: Shutting down and abandoning module LuminPlatformEditor (744)
[2025.10.04-22.45.11:997][ 22]LogModuleManager: Shutting down and abandoning module IOSPlatformEditor (742)
[2025.10.04-22.45.11:997][ 22]LogModuleManager: Shutting down and abandoning module AndroidPlatformEditor (740)
[2025.10.04-22.45.11:997][ 22]LogModuleManager: Shutting down and abandoning module AndroidDeviceDetection (739)
[2025.10.04-22.45.13:537][ 22]LogModuleManager: Shutting down and abandoning module WindowsPlatformEditor (736)
[2025.10.04-22.45.13:538][ 22]LogModuleManager: Shutting down and abandoning module LuminRuntimeSettings (734)
[2025.10.04-22.45.13:538][ 22]LogModuleManager: Shutting down and abandoning module IOSRuntimeSettings (732)
[2025.10.04-22.45.13:538][ 22]LogModuleManager: Shutting down and abandoning module AndroidRuntimeSettings (730)
[2025.10.04-22.45.13:538][ 22]LogModuleManager: Shutting down and abandoning module TraceInsights (728)
[2025.10.04-22.45.13:538][ 22]MemoryProfiler: Shutdown
[2025.10.04-22.45.13:538][ 22]NetworkingProfiler: Shutdown
[2025.10.04-22.45.13:538][ 22]LoadingProfiler: Shutdown
[2025.10.04-22.45.13:538][ 22]TimingProfiler: Shutdown
[2025.10.04-22.45.13:538][ 22]LogModuleManager: Shutting down and abandoning module TraceServices (727)
[2025.10.04-22.45.13:538][ 22]LogModuleManager: Shutting down and abandoning module EditorInteractiveToolsFramework (724)
[2025.10.04-22.45.13:538][ 22]LogModuleManager: Shutting down and abandoning module TimeManagementEditor (722)
[2025.10.04-22.45.13:538][ 22]LogModuleManager: Shutting down and abandoning module InputBindingEditor (720)
[2025.10.04-22.45.13:538][ 22]LogModuleManager: Shutting down and abandoning module MergeActors (718)
[2025.10.04-22.45.13:538][ 22]LogModuleManager: Shutting down and abandoning module LocalizationDashboard (716)
[2025.10.04-22.45.13:538][ 22]LogModuleManager: Shutting down and abandoning module LocalizationService (715)
[2025.10.04-22.45.13:538][ 22]LogModuleManager: Shutting down and abandoning module HardwareTargeting (712)
[2025.10.04-22.45.13:538][ 22]LogModuleManager: Shutting down and abandoning module DeviceProfileEditor (710)
[2025.10.04-22.45.13:538][ 22]LogModuleManager: Shutting down and abandoning module UndoHistory (708)
[2025.10.04-22.45.13:538][ 22]LogModuleManager: Shutting down and abandoning module XmlParser (706)
[2025.10.04-22.45.13:538][ 22]LogModuleManager: Shutting down and abandoning module Blutility (704)
[2025.10.04-22.45.13:538][ 22]LogModuleManager: Shutting down and abandoning module ProjectSettingsViewer (702)
[2025.10.04-22.45.13:538][ 22]LogModuleManager: Shutting down and abandoning module ProjectTargetPlatformEditor (701)
[2025.10.04-22.45.13:538][ 22]LogModuleManager: Shutting down and abandoning module EditorSettingsViewer (698)
[2025.10.04-22.45.13:538][ 22]LogModuleManager: Shutting down and abandoning module InternationalizationSettings (697)
[2025.10.04-22.45.13:538][ 22]LogModuleManager: Shutting down and abandoning module SettingsEditor (694)
[2025.10.04-22.45.13:538][ 22]LogModuleManager: Shutting down and abandoning module ProjectLauncher (692)
[2025.10.04-22.45.13:538][ 22]LogModuleManager: Shutting down and abandoning module SessionFrontend (690)
[2025.10.04-22.45.13:538][ 22]LogModuleManager: Shutting down and abandoning module ProfilerClient (688)
[2025.10.04-22.45.13:538][ 22]LogModuleManager: Shutting down and abandoning module DeviceManager (686)
[2025.10.04-22.45.13:539][ 22]LogModuleManager: Shutting down and abandoning module TargetDeviceServices (685)
[2025.10.04-22.45.13:572][ 22]LogModuleManager: Shutting down and abandoning module AutomationController (682)
[2025.10.04-22.45.13:572][ 22]LogModuleManager: Shutting down and abandoning module AutomationWindow (680)
[2025.10.04-22.45.13:572][ 22]LogModuleManager: Shutting down and abandoning module Layers (678)
[2025.10.04-22.45.13:572][ 22]LogModuleManager: Shutting down and abandoning module ComponentVisualizers (676)
[2025.10.04-22.45.13:572][ 22]LogModuleManager: Shutting down and abandoning module DetailCustomizations (674)
[2025.10.04-22.45.13:573][ 22]LogModuleManager: Shutting down and abandoning module PackagesDialog (672)
[2025.10.04-22.45.13:573][ 22]LogModuleManager: Shutting down and abandoning module AnimationBlueprintEditor (670)
[2025.10.04-22.45.13:573][ 22]LogModuleManager: Shutting down and abandoning module Persona (668)
[2025.10.04-22.45.13:573][ 22]LogModuleManager: Shutting down and abandoning module AdvancedPreviewScene (667)
[2025.10.04-22.45.13:573][ 22]LogModuleManager: Shutting down and abandoning module AnimGraph (665)
[2025.10.04-22.45.13:573][ 22]LogModuleManager: Shutting down and abandoning module Kismet (662)
[2025.10.04-22.45.13:580][ 22]LogModuleManager: Shutting down and abandoning module KismetWidgets (661)
[2025.10.04-22.45.13:580][ 22]LogModuleManager: Shutting down and abandoning module GraphEditor (658)
[2025.10.04-22.45.13:580][ 22]LogModuleManager: Shutting down and abandoning module StructViewer (656)
[2025.10.04-22.45.13:580][ 22]LogModuleManager: Shutting down and abandoning module ClassViewer (654)
[2025.10.04-22.45.13:580][ 22]LogModuleManager: Shutting down and abandoning module Toolbox (652)
[2025.10.04-22.45.13:580][ 22]LogModuleManager: Shutting down and abandoning module ModuleUI (650)
[2025.10.04-22.45.13:580][ 22]LogModuleManager: Shutting down and abandoning module OutputLog (648)
[2025.10.04-22.45.13:581][ 22]LogModuleManager: Shutting down and abandoning module GammaUI (646)
[2025.10.04-22.45.13:581][ 22]LogModuleManager: Shutting down and abandoning module Documentation (644)
[2025.10.04-22.45.13:582][ 22]LogModuleManager: Shutting down and abandoning module LiveCoding (642)
[2025.10.04-22.45.13:582][ 22]LogModuleManager: Shutting down and abandoning module LevelSequence (640)
[2025.10.04-22.45.13:582][ 22]LogModuleManager: Shutting down and abandoning module MovieSceneTracks (638)
[2025.10.04-22.45.13:582][ 22]LogModuleManager: Shutting down and abandoning module MovieScene (636)
[2025.10.04-22.45.13:582][ 22]LogModuleManager: Shutting down and abandoning module StreamingPauseRendering (634)
[2025.10.04-22.45.13:582][ 22]LogModuleManager: Shutting down and abandoning module LauncherPlatform (632)
[2025.10.04-22.45.13:582][ 22]LogModuleManager: Shutting down and abandoning module AnalyticsET (630)
[2025.10.04-22.45.13:582][ 22]LogModuleManager: Shutting down and abandoning module PortalServices (628)
[2025.10.04-22.45.13:582][ 22]LogModuleManager: Shutting down and abandoning module PortalRpc (626)
[2025.10.04-22.45.13:582][ 22]LogModuleManager: Shutting down and abandoning module MessagingRpc (624)
[2025.10.04-22.45.13:582][ 22]LogModuleManager: Shutting down and abandoning module AudioMixerXAudio2 (622)
[2025.10.04-22.45.13:582][ 22]LogModuleManager: Shutting down and abandoning module AudioMixerCore (621)
[2025.10.04-22.45.13:582][ 22]LogModuleManager: Shutting down and abandoning module AIModule (618)
[2025.10.04-22.45.13:582][ 22]LogModuleManager: Shutting down and abandoning module GameplayDebugger (617)
[2025.10.04-22.45.13:582][ 22]LogModuleManager: Shutting down and abandoning module AITestSuite (615)
[2025.10.04-22.45.13:582][ 22]LogModuleManager: Shutting down and abandoning module NavigationSystem (613)
[2025.10.04-22.45.13:582][ 22]LogModuleManager: Shutting down and abandoning module ImageWriteQueue (610)
[2025.10.04-22.45.13:590][ 22]LogModuleManager: Shutting down and abandoning module ProfilerService (608)
[2025.10.04-22.45.13:673][ 22]LogModuleManager: Shutting down and abandoning module TaskGraph (606)
[2025.10.04-22.45.13:673][ 22]LogModuleManager: Shutting down and abandoning module AudioSynesthesiaEditor (604)
[2025.10.04-22.45.13:673][ 22]LogModuleManager: Shutting down and abandoning module OculusEditor (602)
[2025.10.04-22.45.13:673][ 22]LogModuleManager: Shutting down and abandoning module OculusInput (600)
[2025.10.04-22.45.13:673][ 22]LogModuleManager: Shutting down and abandoning module ContentBrowserFileDataSource (598)
[2025.10.04-22.45.13:673][ 22]LogModuleManager: Shutting down and abandoning module ContentBrowserClassDataSource (596)
[2025.10.04-22.45.13:673][ 22]LogModuleManager: Shutting down and abandoning module ContentBrowserAssetDataSource (594)
[2025.10.04-22.45.13:673][ 22]LogModuleManager: Shutting down and abandoning module CollectionManager (593)
[2025.10.04-22.45.13:674][ 22]LogModuleManager: Shutting down and abandoning module TakeSequencer (590)
[2025.10.04-22.45.13:674][ 22]LogModuleManager: Shutting down and abandoning module TakeMovieScene (588)
[2025.10.04-22.45.13:674][ 22]LogModuleManager: Shutting down and abandoning module ScreenshotTools (586)
[2025.10.04-22.45.13:674][ 22]LogModuleManager: Shutting down and abandoning module SynthesisEditor (584)
[2025.10.04-22.45.13:674][ 22]LogModuleManager: Shutting down and abandoning module Synthesis (582)
[2025.10.04-22.45.13:674][ 22]LogModuleManager: Shutting down and abandoning module ProceduralMeshComponentEditor (580)
[2025.10.04-22.45.13:674][ 22]LogModuleManager: Shutting down and abandoning module ProceduralMeshComponent (578)
[2025.10.04-22.45.13:674][ 22]LogModuleManager: Shutting down and abandoning module OpenXREditor (576)
[2025.10.04-22.45.13:674][ 22]LogModuleManager: Shutting down and abandoning module MobilePatchingUtils (574)
[2025.10.04-22.45.13:674][ 22]LogModuleManager: Shutting down and abandoning module GooglePAD (572)
[2025.10.04-22.45.13:674][ 22]LogModuleManager: Shutting down and abandoning module EditableMesh (570)
[2025.10.04-22.45.13:674][ 22]LogModuleManager: Shutting down and abandoning module CustomMeshComponent (568)
[2025.10.04-22.45.13:674][ 22]LogModuleManager: Shutting down and abandoning module CableComponent (566)
[2025.10.04-22.45.13:674][ 22]LogModuleManager: Shutting down and abandoning module AudioCapture (564)
[2025.10.04-22.45.13:674][ 22]LogModuleManager: Shutting down and abandoning module AudioCaptureRtAudio (563)
[2025.10.04-22.45.13:674][ 22]LogModuleManager: Shutting down and abandoning module AssetTags (560)
[2025.10.04-22.45.13:674][ 22]LogModuleManager: Shutting down and abandoning module ArchVisCharacter (558)
[2025.10.04-22.45.13:674][ 22]LogModuleManager: Shutting down and abandoning module AppleImageUtilsBlueprintSupport (556)
[2025.10.04-22.45.13:674][ 22]LogModuleManager: Shutting down and abandoning module AppleImageUtils (554)
[2025.10.04-22.45.13:674][ 22]LogModuleManager: Shutting down and abandoning module AndroidPermission (552)
[2025.10.04-22.45.13:674][ 22]LogModuleManager: Shutting down and abandoning module ActorLayerUtilitiesEditor (550)
[2025.10.04-22.45.13:674][ 22]LogModuleManager: Shutting down and abandoning module ActorLayerUtilities (548)
[2025.10.04-22.45.13:674][ 22]LogModuleManager: Shutting down and abandoning module TemplateSequence (546)
[2025.10.04-22.45.13:674][ 22]LogModuleManager: Shutting down and abandoning module MediaCompositing (544)
[2025.10.04-22.45.13:674][ 22]LogModuleManager: Shutting down and abandoning module ImgMedia (542)
[2025.10.04-22.45.13:674][ 22]LogModuleManager: Shutting down and abandoning module MagicLeapSharedWorld (540)
[2025.10.04-22.45.13:674][ 22]LogModuleManager: Shutting down and abandoning module MagicLeapLightEstimation (538)
[2025.10.04-22.45.13:674][ 22]LogModuleManager: Shutting down and abandoning module MagicLeapHelperVulkan (536)
[2025.10.04-22.45.13:674][ 22]LogModuleManager: Shutting down and abandoning module MagicLeapHelperOpenGL (534)
[2025.10.04-22.45.13:674][ 22]LogModuleManager: Shutting down and abandoning module MagicLeapAudio (532)
[2025.10.04-22.45.13:674][ 22]LogModuleManager: Shutting down and abandoning module MotoSynthEditor (530)
[2025.10.04-22.45.13:674][ 22]LogModuleManager: Shutting down and abandoning module MotoSynth (528)
[2025.10.04-22.45.13:674][ 22]LogModuleManager: Shutting down and abandoning module OpenImageDenoise (526)
[2025.10.04-22.45.13:674][ 22]LogOpenImageDenoise: OIDN shutting down
[2025.10.04-22.45.13:674][ 22]LogModuleManager: Shutting down and abandoning module VariantManagerContentEditor (524)
[2025.10.04-22.45.13:674][ 22]LogModuleManager: Shutting down and abandoning module MeshConversion (522)
[2025.10.04-22.45.13:674][ 22]LogModuleManager: Shutting down and abandoning module DynamicMesh (520)
[2025.10.04-22.45.13:675][ 22]LogModuleManager: Shutting down and abandoning module GeometryAlgorithms (518)
[2025.10.04-22.45.13:675][ 22]LogModuleManager: Shutting down and abandoning module GeometricObjects (516)
[2025.10.04-22.45.13:675][ 22]LogModuleManager: Shutting down and abandoning module DatasmithContentEditor (514)
[2025.10.04-22.45.13:675][ 22]LogModuleManager: Shutting down and abandoning module GeometryCollectionTracks (512)
[2025.10.04-22.45.13:675][ 22]LogModuleManager: Shutting down and abandoning module GeometryCollectionSequencer (511)
[2025.10.04-22.45.13:675][ 22]LogModuleManager: Shutting down and abandoning module GeometryCollectionEditor (508)
[2025.10.04-22.45.13:675][ 22]LogModuleManager: Shutting down and abandoning module GeometryCacheTracks (506)
[2025.10.04-22.45.13:675][ 22]LogModuleManager: Shutting down and abandoning module GeometryCacheStreamer (504)
[2025.10.04-22.45.13:675][ 22]LogModuleManager: Shutting down and abandoning module GeometryCacheSequencer (502)
[2025.10.04-22.45.13:675][ 22]LogModuleManager: Shutting down and abandoning module NiagaraEditorWidgets (500)
[2025.10.04-22.45.13:675][ 22]LogModuleManager: Shutting down and abandoning module ChaosSolverEditor (498)
[2025.10.04-22.45.13:675][ 22]LogModuleManager: Shutting down and abandoning module FractureEditor (496)
[2025.10.04-22.45.13:675][ 22]LogModuleManager: Shutting down and abandoning module ChaosNiagara (494)
[2025.10.04-22.45.13:675][ 22]LogModuleManager: Shutting down and abandoning module FieldSystemEngine (493)
[2025.10.04-22.45.13:675][ 22]LogModuleManager: Shutting down and abandoning module ChaosClothEditor (490)
[2025.10.04-22.45.13:675][ 22]LogModuleManager: Shutting down and abandoning module BackChannel (488)
[2025.10.04-22.45.13:675][ 22]LogModuleManager: Shutting down and abandoning module AutomationUtilsEditor (486)
[2025.10.04-22.45.13:675][ 22]LogModuleManager: Shutting down and abandoning module AutomationUtils (484)
[2025.10.04-22.45.13:675][ 22]LogModuleManager: Shutting down and abandoning module SpeedTreeImporter (482)
[2025.10.04-22.45.13:675][ 22]LogModuleManager: Shutting down and abandoning module PluginBrowser (480)
[2025.10.04-22.45.13:675][ 22]LogModuleManager: Shutting down and abandoning module MobileLauncherProfileWizard (478)
[2025.10.04-22.45.13:675][ 22]LogModuleManager: Shutting down and abandoning module AlembicImporter (476)
[2025.10.04-22.45.13:675][ 22]LogModuleManager: Shutting down and abandoning module AlembicLibrary (475)
[2025.10.04-22.45.13:675][ 22]LogModuleManager: Shutting down and abandoning module GeometryCache (474)
[2025.10.04-22.45.13:675][ 22]LogModuleManager: Shutting down and abandoning module GeometryCacheEd (473)
[2025.10.04-22.45.13:675][ 22]LogModuleManager: Shutting down and abandoning module MaterialAnalyzer (468)
[2025.10.04-22.45.13:675][ 22]LogModuleManager: Shutting down and abandoning module LightPropagationVolumeEditor (466)
[2025.10.04-22.45.13:675][ 22]LogModuleManager: Shutting down and abandoning module CurveEditorTools (464)
[2025.10.04-22.45.13:675][ 22]LogModuleManager: Shutting down and abandoning module CryptoKeysOpenSSL (462)
[2025.10.04-22.45.13:675][ 22]LogModuleManager: Shutting down and abandoning module CryptoKeys (460)
[2025.10.04-22.45.13:675][ 22]LogModuleManager: Shutting down and abandoning module OodleNetworkHandlerComponent (458)
[2025.10.04-22.45.13:675][ 22]LogModuleManager: Shutting down and abandoning module VisualStudioCodeSourceCodeAccess (456)
[2025.10.04-22.45.13:675][ 22]LogModuleManager: Shutting down and abandoning module VisualStudioSourceCodeAccess (454)
[2025.10.04-22.45.13:675][ 22]LogModuleManager: Shutting down and abandoning module UObjectPlugin (452)
[2025.10.04-22.45.13:675][ 22]LogModuleManager: Shutting down and abandoning module SubversionSourceControl (450)
[2025.10.04-22.45.13:675][ 22]LogModuleManager: Shutting down and abandoning module RiderSourceCodeAccess (448)
[2025.10.04-22.45.13:675][ 22]LogModuleManager: Shutting down and abandoning module PluginUtils (446)
[2025.10.04-22.45.13:675][ 22]LogModuleManager: Shutting down and abandoning module PlasticSourceControl (444)
[2025.10.04-22.45.13:675][ 22]LogModuleManager: Shutting down and abandoning module PerforceSourceControl (442)
[2025.10.04-22.45.13:675][ 22]LogModuleManager: Shutting down and abandoning module GitSourceControl (440)
[2025.10.04-22.45.13:675][ 22]LogModuleManager: Shutting down and abandoning module SourceControl (439)
[2025.10.04-22.45.13:675][ 22]LogModuleManager: Shutting down and abandoning module CLionSourceCodeAccess (436)
[2025.10.04-22.45.13:675][ 22]LogModuleManager: Shutting down and abandoning module AnimationSharingEd (434)
[2025.10.04-22.45.13:675][ 22]LogModuleManager: Shutting down and abandoning module LiveLinkSequencer (432)
[2025.10.04-22.45.13:675][ 22]LogModuleManager: Shutting down and abandoning module LiveLinkMovieScene (430)
[2025.10.04-22.45.13:675][ 22]LogModuleManager: Shutting down and abandoning module LiveLinkGraphNode (428)
[2025.10.04-22.45.13:675][ 22]LogModuleManager: Shutting down and abandoning module LiveLinkEditor (426)
[2025.10.04-22.45.13:675][ 22]LogModuleManager: Shutting down and abandoning module LiveLinkComponents (424)
[2025.10.04-22.45.13:675][ 22]LogModuleManager: Shutting down and abandoning module LiveLink (422)
[2025.10.04-22.45.13:720][ 22]LogModuleManager: Shutting down and abandoning module PaperTiledImporter (420)
[2025.10.04-22.45.13:720][ 22]LogModuleManager: Shutting down and abandoning module PaperSpriteSheetImporter (418)
[2025.10.04-22.45.13:720][ 22]LogModuleManager: Shutting down and abandoning module Paper2DEditor (416)
[2025.10.04-22.45.13:720][ 22]LogModuleManager: Shutting down and abandoning module MeshPaintingToolset (414)
[2025.10.04-22.45.13:720][ 22]LogModuleManager: Shutting down and abandoning module MeshPaintEditorMode (412)
[2025.10.04-22.45.13:720][ 22]LogModuleManager: Shutting down and abandoning module SoundFields (410)
[2025.10.04-22.45.13:720][ 22]LogModuleManager: Shutting down and abandoning module SignificanceManager (408)
[2025.10.04-22.45.13:720][ 22]LogModuleManager: Shutting down and abandoning module RuntimePhysXCooking (406)
[2025.10.04-22.45.13:720][ 22]LogModuleManager: Shutting down and abandoning module PropertyAccessEditor (404)
[2025.10.04-22.45.13:720][ 22]LogModuleManager: Shutting down and abandoning module PhysXVehiclesEditor (402)
[2025.10.04-22.45.13:720][ 22]LogModuleManager: Shutting down and abandoning module LocationServicesBPLibrary (398)
[2025.10.04-22.45.13:720][ 22]LogModuleManager: Shutting down and abandoning module AudioSynesthesia (396)
[2025.10.04-22.45.13:720][ 22]LogModuleManager: Shutting down and abandoning module AudioSynesthesiaCore (394)
[2025.10.04-22.45.13:720][ 22]LogModuleManager: Shutting down and abandoning module ActorSequence (392)
[2025.10.04-22.45.13:720][ 22]LogModuleManager: Shutting down and abandoning module UdpMessaging (390)
[2025.10.04-22.45.13:821][ 22]LogModuleManager: Shutting down and abandoning module TcpMessaging (388)
[2025.10.04-22.45.13:922][ 22]LogModuleManager: Shutting down and abandoning module ImgMediaEngine (386)
[2025.10.04-22.45.13:922][ 22]LogModuleManager: Shutting down and abandoning module MagicLeapARPin (384)
[2025.10.04-22.45.13:922][ 22]LogModuleManager: Shutting down and abandoning module MagicLeapHandMeshing (382)
[2025.10.04-22.45.13:922][ 22]LogModuleManager: Shutting down and abandoning module MagicLeapSecureStorage (380)
[2025.10.04-22.45.13:922][ 22]LogModuleManager: Shutting down and abandoning module MagicLeapPrivileges (378)
[2025.10.04-22.45.13:922][ 22]LogModuleManager: Shutting down and abandoning module MagicLeapPlanes (376)
[2025.10.04-22.45.13:922][ 22]LogMagicLeapPlanes: Planes tracker already destroyed.
[2025.10.04-22.45.13:922][ 22]LogModuleManager: Shutting down and abandoning module MagicLeapImageTracker (374)
[2025.10.04-22.45.13:922][ 22]LogModuleManager: Shutting down and abandoning module MagicLeapIdentity (372)
[2025.10.04-22.45.13:922][ 22]LogModuleManager: Shutting down and abandoning module MagicLeapHandTracking (370)
[2025.10.04-22.45.13:922][ 22]LogModuleManager: Shutting down and abandoning module MagicLeapEyeTracker (368)
[2025.10.04-22.45.13:922][ 22]LogModuleManager: Shutting down and abandoning module MagicLeapController (366)
[2025.10.04-22.45.13:922][ 22]LogModuleManager: Shutting down and abandoning module MagicLeapARPinImpl (364)
[2025.10.04-22.45.13:922][ 22]LogModuleManager: Shutting down and abandoning module MagicLeapAR (362)
[2025.10.04-22.45.13:922][ 22]LogModuleManager: Shutting down and abandoning module PythonScriptPlugin (360)
[2025.10.04-22.45.13:922][ 22]LogModuleManager: Shutting down and abandoning module NiagaraAnimNotifies (358)
[2025.10.04-22.45.13:922][ 22]LogModuleManager: Shutting down and abandoning module Niagara (356)
[2025.10.04-22.45.13:922][ 22]LogModuleManager: Shutting down and abandoning module SignalProcessing (355)
[2025.10.04-22.45.13:922][ 22]LogModuleManager: Shutting down and abandoning module NiagaraEditor (353)
[2025.10.04-22.45.13:922][ 22]LogModuleManager: Shutting down and abandoning module NiagaraCore (350)
[2025.10.04-22.45.13:922][ 22]LogModuleManager: Shutting down and abandoning module LightPropagationVolumeRuntime (348)
[2025.10.04-22.45.13:922][ 22]LogModuleManager: Shutting down and abandoning module FacialAnimationEditor (346)
[2025.10.04-22.45.13:922][ 22]LogModuleManager: Shutting down and abandoning module FacialAnimation (344)
[2025.10.04-22.45.13:922][ 22]LogModuleManager: Shutting down and abandoning module GameplayTagsEditor (342)
[2025.10.04-22.45.13:922][ 22]LogModuleManager: Shutting down and abandoning module DataValidation (340)
[2025.10.04-22.45.13:922][ 22]LogModuleManager: Shutting down and abandoning module AssetManagerEditor (338)
[2025.10.04-22.45.13:923][ 22]LogModuleManager: Shutting down and abandoning module LevelEditor (337)
[2025.10.04-22.45.13:924][ 22]LogModuleManager: Shutting down and abandoning module PixelInspectorModule (336)
[2025.10.04-22.45.13:924][ 22]LogModuleManager: Shutting down and abandoning module CommonMenuExtensions (334)
[2025.10.04-22.45.13:924][ 22]LogModuleManager: Shutting down and abandoning module MainFrame (332)
[2025.10.04-22.45.13:924][ 22]LogModuleManager: Shutting down and abandoning module HotReload (331)
[2025.10.04-22.45.13:925][ 22]LogModuleManager: Shutting down and abandoning module ToolMenus (327)
[2025.10.04-22.45.13:925][ 22]LogModuleManager: Shutting down and abandoning module ContentBrowser (325)
[2025.10.04-22.45.13:925][ 22]LogModuleManager: Shutting down and abandoning module ContentBrowserData (324)
[2025.10.04-22.45.13:925][ 22]LogModuleManager: Shutting down and abandoning module TreeMap (321)
[2025.10.04-22.45.13:925][ 22]LogModuleManager: Shutting down and abandoning module PropertyAccessNode (318)
[2025.10.04-22.45.13:925][ 22]LogModuleManager: Shutting down and abandoning module AnimationSharing (316)
[2025.10.04-22.45.13:925][ 22]LogModuleManager: Shutting down and abandoning module EnvironmentQueryEditor (314)
[2025.10.04-22.45.13:925][ 22]LogModuleManager: Shutting down and abandoning module GameplayCameras (312)
[2025.10.04-22.45.13:925][ 22]LogModuleManager: Shutting down and abandoning module Paper2D (310)
[2025.10.04-22.45.13:925][ 22]LogModuleManager: Shutting down and abandoning module WindowsMoviePlayer (308)
[2025.10.04-22.45.13:926][ 22]LogModuleManager: Shutting down and abandoning module WebMMoviePlayer (306)
[2025.10.04-22.45.13:926][ 22]LogModuleManager: Shutting down and abandoning module NetworkReplayStreaming (304)
[2025.10.04-22.45.13:926][ 22]LogModuleManager: Shutting down and abandoning module PacketHandler (302)
[2025.10.04-22.45.13:926][ 22]LogModuleManager: Shutting down and abandoning module ClothingSystemEditor (300)
[2025.10.04-22.45.13:926][ 22]LogModuleManager: Shutting down and abandoning module ClothingSystemRuntimeNv (298)
[2025.10.04-22.45.13:926][ 22]LogModuleManager: Shutting down and abandoning module MediaAssets (296)
[2025.10.04-22.45.13:927][ 22]LogModuleManager: Shutting down and abandoning module Overlay (294)
[2025.10.04-22.45.13:927][ 22]LogModuleManager: Shutting down and abandoning module OverlayEditor (293)
[2025.10.04-22.45.13:927][ 22]LogModuleManager: Shutting down and abandoning module VREditor (290)
[2025.10.04-22.45.13:927][ 22]LogModuleManager: Shutting down and abandoning module StringTableEditor (288)
[2025.10.04-22.45.13:927][ 22]LogModuleManager: Shutting down and abandoning module GameplayTasksEditor (286)
[2025.10.04-22.45.13:927][ 22]LogModuleManager: Shutting down and abandoning module BehaviorTreeEditor (284)
[2025.10.04-22.45.13:927][ 22]LogModuleManager: Shutting down and abandoning module FunctionalTesting (282)
[2025.10.04-22.45.13:927][ 22]LogModuleManager: Shutting down and abandoning module CollisionAnalyzer (280)
[2025.10.04-22.45.13:927][ 22]LogModuleManager: Shutting down and abandoning module WorkspaceMenuStructure (279)
[2025.10.04-22.45.13:927][ 22]LogModuleManager: Shutting down and abandoning module UMG (276)
[2025.10.04-22.45.13:927][ 22]LogModuleManager: Shutting down and abandoning module UMGEditor (275)
[2025.10.04-22.45.13:927][ 22]LogModuleManager: Shutting down and abandoning module MessageLog (273)
[2025.10.04-22.45.13:927][ 22]LogModuleManager: Shutting down and abandoning module SlateReflector (268)
[2025.10.04-22.45.13:927][ 22]LogModuleManager: Shutting down and abandoning module Slate (266)
[2025.10.04-22.45.13:927][ 22]LogModuleManager: Shutting down and abandoning module SlateCore (264)
[2025.10.04-22.45.13:928][ 22]LogModuleManager: Shutting down and abandoning module LandscapeEditorUtilities (262)
[2025.10.04-22.45.13:928][ 22]LogModuleManager: Shutting down and abandoning module UnrealEd (260)
[2025.10.04-22.45.13:928][ 22]LogModuleManager: Shutting down and abandoning module MRMesh (258)
[2025.10.04-22.45.13:928][ 22]LogModuleManager: Shutting down and abandoning module SourceCodeAccess (256)
[2025.10.04-22.45.13:928][ 22]LogModuleManager: Shutting down and abandoning module HeadMountedDisplay (254)
[2025.10.04-22.45.13:928][ 22]LogModuleManager: Shutting down and abandoning module XAudio2 (252)
[2025.10.04-22.45.13:928][ 22]LogModuleManager: Shutting down and abandoning module Networking (250)
[2025.10.04-22.45.13:928][ 22]LogModuleManager: Shutting down and abandoning module Core (248)
[2025.10.04-22.45.13:928][ 22]LogModuleManager: Shutting down and abandoning module MaterialEditor (246)
[2025.10.04-22.45.13:928][ 22]LogModuleManager: Shutting down and abandoning module MovieSceneTools (244)
[2025.10.04-22.45.13:928][ 22]LogModuleManager: Shutting down and abandoning module CurveEditor (243)
[2025.10.04-22.45.13:928][ 22]LogModuleManager: Shutting down and abandoning module Sequencer (241)
[2025.10.04-22.45.13:928][ 22]LogModuleManager: Shutting down and abandoning module EditorStyle (240)
[2025.10.04-22.45.13:929][ 22]LogModuleManager: Shutting down and abandoning module KismetCompiler (236)
[2025.10.04-22.45.13:929][ 22]LogModuleManager: Shutting down and abandoning module MeshBuilder (234)
[2025.10.04-22.45.13:929][ 22]LogModuleManager: Shutting down and abandoning module MeshUtilities (232)
[2025.10.04-22.45.13:930][ 22]LogModuleManager: Shutting down and abandoning module MeshMergeUtilities (231)
[2025.10.04-22.45.13:930][ 22]LogModuleManager: Shutting down and abandoning module MeshReductionInterface (230)
[2025.10.04-22.45.13:930][ 22]LogModuleManager: Shutting down and abandoning module MeshBoneReduction (229)
[2025.10.04-22.45.13:930][ 22]LogModuleManager: Shutting down and abandoning module SkeletalMeshReduction (227)
[2025.10.04-22.45.13:930][ 22]LogModuleManager: Shutting down and abandoning module ProxyLODMeshReduction (225)
[2025.10.04-22.45.13:930][ 22]LogModuleManager: Shutting down and abandoning module QuadricMeshReduction (223)
[2025.10.04-22.45.13:930][ 22]LogModuleManager: Shutting down and abandoning module MaterialBaking (219)
[2025.10.04-22.45.13:930][ 22]LogModuleManager: Shutting down and abandoning module NullInstallBundleManager (214)
[2025.10.04-22.45.13:930][ 22]LogModuleManager: Shutting down and abandoning module DerivedDataCache (212)
[2025.10.04-22.45.13:930][ 22]LogModuleManager: Shutting down and abandoning module TargetPlatform (210)
[2025.10.04-22.45.13:930][ 22]LogModuleManager: Shutting down and abandoning module VulkanShaderFormat (209)
[2025.10.04-22.45.13:930][ 22]LogModuleManager: Shutting down and abandoning module ShaderFormatVectorVM (207)
[2025.10.04-22.45.13:930][ 22]LogModuleManager: Shutting down and abandoning module ShaderFormatOpenGL (205)
[2025.10.04-22.45.13:930][ 22]LogModuleManager: Shutting down and abandoning module ShaderFormatD3D (203)
[2025.10.04-22.45.13:930][ 22]LogModuleManager: Shutting down and abandoning module MetalShaderFormat (201)
[2025.10.04-22.45.13:930][ 22]LogModuleManager: Shutting down and abandoning module TextureFormatOodle (199)
[2025.10.04-22.45.13:930][ 22]LogModuleManager: Shutting down and abandoning module TextureFormatUncompressed (197)
[2025.10.04-22.45.13:930][ 22]LogModuleManager: Shutting down and abandoning module TextureFormatPVR (195)
[2025.10.04-22.45.13:930][ 22]LogModuleManager: Shutting down and abandoning module TextureFormatETC2 (193)
[2025.10.04-22.45.13:930][ 22]LogModuleManager: Shutting down and abandoning module TextureFormatDXT (191)
[2025.10.04-22.45.13:930][ 22]LogModuleManager: Shutting down and abandoning module TextureFormatIntelISPCTexComp (189)
[2025.10.04-22.45.13:930][ 22]LogModuleManager: Shutting down and abandoning module TextureFormatASTC (187)
[2025.10.04-22.45.13:930][ 22]LogModuleManager: Shutting down and abandoning module ImageWrapper (186)
[2025.10.04-22.45.13:930][ 22]LogModuleManager: Shutting down and abandoning module AudioFormatOpus (183)
[2025.10.04-22.45.13:930][ 22]LogModuleManager: Shutting down and abandoning module AudioFormatOgg (181)
[2025.10.04-22.45.13:930][ 22]LogModuleManager: Shutting down and abandoning module AudioFormatADPCM (179)
[2025.10.04-22.45.13:930][ 22]LogModuleManager: Shutting down and abandoning module WindowsServerTargetPlatform (177)
[2025.10.04-22.45.13:930][ 22]LogModuleManager: Shutting down and abandoning module WindowsClientTargetPlatform (175)
[2025.10.04-22.45.13:930][ 22]LogModuleManager: Shutting down and abandoning module WindowsTargetPlatform (173)
[2025.10.04-22.45.13:931][ 22]LogModuleManager: Shutting down and abandoning module WindowsNoEditorTargetPlatform (171)
[2025.10.04-22.45.13:931][ 22]LogModuleManager: Shutting down and abandoning module TVOSTargetPlatform (169)
[2025.10.04-22.45.13:931][ 22]LogModuleManager: Shutting down and abandoning module MacServerTargetPlatform (167)
[2025.10.04-22.45.13:931][ 22]LogModuleManager: Shutting down and abandoning module MacClientTargetPlatform (165)
[2025.10.04-22.45.13:931][ 22]LogModuleManager: Shutting down and abandoning module MacTargetPlatform (163)
[2025.10.04-22.45.13:931][ 22]LogModuleManager: Shutting down and abandoning module MacNoEditorTargetPlatform (161)
[2025.10.04-22.45.13:931][ 22]LogModuleManager: Shutting down and abandoning module LuminTargetPlatform (159)
[2025.10.04-22.45.13:932][ 22]LogModuleManager: Shutting down and abandoning module LinuxAArch64ServerTargetPlatform (157)
[2025.10.04-22.45.13:932][ 22]LogModuleManager: Shutting down and abandoning module LinuxAArch64ClientTargetPlatform (155)
[2025.10.04-22.45.13:932][ 22]LogModuleManager: Shutting down and abandoning module LinuxAArch64NoEditorTargetPlatform (153)
[2025.10.04-22.45.13:932][ 22]LogModuleManager: Shutting down and abandoning module LinuxServerTargetPlatform (151)
[2025.10.04-22.45.13:932][ 22]LogModuleManager: Shutting down and abandoning module LinuxClientTargetPlatform (149)
[2025.10.04-22.45.13:932][ 22]LogModuleManager: Shutting down and abandoning module LinuxNoEditorTargetPlatform (147)
[2025.10.04-22.45.13:932][ 22]LogModuleManager: Shutting down and abandoning module LinuxTargetPlatform (145)
[2025.10.04-22.45.13:932][ 22]LogModuleManager: Shutting down and abandoning module Messaging (143)
[2025.10.04-22.45.13:932][ 22]LogModuleManager: Shutting down and abandoning module IOSTargetPlatform (141)
[2025.10.04-22.45.13:933][ 22]LogModuleManager: Shutting down and abandoning module AndroidTargetPlatform (139)
[2025.10.04-22.45.13:937][ 22]LogModuleManager: Shutting down and abandoning module AllDesktopTargetPlatform (137)
[2025.10.04-22.45.13:937][ 22]LogModuleManager: Shutting down and abandoning module D3D11RHI (134)
[2025.10.04-22.45.13:937][ 22]LogModuleManager: Shutting down and abandoning module InputCore (132)
[2025.10.04-22.45.13:937][ 22]LogModuleManager: Shutting down and abandoning module Settings (130)
[2025.10.04-22.45.13:937][ 22]LogModuleManager: Shutting down and abandoning module DirectoryWatcher (128)
[2025.10.04-22.45.13:938][ 22]LogModuleManager: Shutting down and abandoning module PhysXCooking (126)
[2025.10.04-22.45.13:938][ 22]LogModuleManager: Shutting down and abandoning module Chaos (124)
[2025.10.04-22.45.13:938][ 22]LogModuleManager: Shutting down and abandoning module WindowsPlatformFeatures (122)
[2025.10.04-22.45.13:938][ 22]LogModuleManager: Shutting down and abandoning module GameplayMediaEncoder (121)
[2025.10.04-22.45.13:938][ 22]LogModuleManager: Shutting down and abandoning module AVEncoder (120)
[2025.10.04-22.45.13:938][ 22]LogModuleManager: Shutting down and abandoning module SteamVRInputDevice (116)
[2025.10.04-22.45.13:938][ 22]LogModuleManager: Shutting down and abandoning module SteamVRInput (114)
[2025.10.04-22.45.13:938][ 22]LogModuleManager: Shutting down and abandoning module SteamVR (112)
[2025.10.04-22.45.13:938][ 22]LogHMD: Freeing OpenVRDLLHandle.
[2025.10.04-22.45.13:938][ 22]LogModuleManager: Shutting down and abandoning module OculusHMD (110)
[2025.10.04-22.45.13:938][ 22]LogModuleManager: Shutting down and abandoning module LauncherChunkInstaller (108)
[2025.10.04-22.45.13:938][ 22]LogModuleManager: Shutting down and abandoning module OpenXRHandTracking (106)
[2025.10.04-22.45.13:938][ 22]LogSlate: Slate User Destroyed.  User Index 0, Is Virtual User: 0
[2025.10.04-22.45.13:939][ 22]LogModuleManager: Shutting down and abandoning module OpenXREyeTracker (104)
[2025.10.04-22.45.13:939][ 22]LogModuleManager: Shutting down and abandoning module OpenXRAR (102)
[2025.10.04-22.45.13:939][ 22]LogModuleManager: Shutting down and abandoning module AugmentedReality (101)
[2025.10.04-22.45.13:939][ 22]LogModuleManager: Shutting down and abandoning module OpenXRHMD (98)
[2025.10.04-22.45.13:939][ 22]LogModuleManager: Shutting down and abandoning module ExampleDeviceProfileSelector (96)
[2025.10.04-22.45.13:939][ 22]LogModuleManager: Shutting down and abandoning module ChunkDownloader (94)
[2025.10.04-22.45.13:939][ 22]LogModuleManager: Shutting down and abandoning module OnlineBlueprintSupport (92)
[2025.10.04-22.45.13:939][ 22]LogModuleManager: Shutting down and abandoning module OnlineSubsystem (88)
[2025.10.04-22.45.13:941][ 22]LogModuleManager: Shutting down and abandoning module XMPP (83)
[2025.10.04-22.45.13:941][ 22]LogModuleManager: Shutting down and abandoning module WebSockets (82)
[2025.10.04-22.45.13:948][ 22]LogModuleManager: Shutting down and abandoning module HTTP (79)
[2025.10.04-22.45.13:948][ 22]LogHttp: Display: Http module shutting down, but needs to wait on 1 outstanding Http requests:
[2025.10.04-22.45.13:948][ 22]LogHttp: Display: 	verb=[POST] url=[https://datarouter.ol.epicgames.com/datarouter/api/v1/public/data?SessionID=%7B7F0CA05F-472C-4368-5B5B-4891B92649F6%7D&AppID=UEEditor.Rocket.Release&AppVersion=4.27.2-18319896%2B%2B%2BUE4%2BRelease-4.27&UserID=fb2bd5594ab4fc7bd890d9ab08cf5a97%7C80d74a91cbd847fe82e7b6a734b4aa1f%7Cc5fcc5a5-3878-4a70-802f-06231ad30ee2&AppEnvironment=datacollector-binary&UploadType=eteventstream] refs=[1] status=Processing
[2025.10.04-22.45.13:948][ 22]LogHttp: Display: cleaning up 1 outstanding Http requests.
[2025.10.04-22.45.13:953][ 22]LogModuleManager: Shutting down and abandoning module SSL (78)
[2025.10.04-22.45.13:954][ 22]LogModuleManager: Shutting down and abandoning module WmfMedia (74)
[2025.10.04-22.45.13:955][ 22]LogModuleManager: Shutting down and abandoning module Media (73)
[2025.10.04-22.45.13:959][ 22]LogModuleManager: Shutting down and abandoning module MediaInfo (72)
[2025.10.04-22.45.13:959][ 22]LogModuleManager: Shutting down and abandoning module ExrReaderGpu (68)
[2025.10.04-22.45.13:959][ 22]LogModuleManager: Shutting down and abandoning module MLSDK (66)
[2025.10.04-22.45.13:959][ 22]LogModuleManager: Shutting down and abandoning module MagicLeap (64)
[2025.10.04-22.45.13:959][ 22]LogModuleManager: Shutting down and abandoning module VariantManagerContent (62)
[2025.10.04-22.45.13:959][ 22]LogModuleManager: Shutting down and abandoning module DatasmithContent (60)
[2025.10.04-22.45.13:960][ 22]LogModuleManager: Shutting down and abandoning module NiagaraVertexFactories (58)
[2025.10.04-22.45.13:960][ 22]LogModuleManager: Shutting down and abandoning module NiagaraShader (56)
[2025.10.04-22.45.13:960][ 22]LogModuleManager: Shutting down and abandoning module ChaosCloth (54)
[2025.10.04-22.45.13:960][ 22]LogModuleManager: Shutting down and abandoning module PixWinPlugin (52)
[2025.10.04-22.45.13:960][ 22]LogModuleManager: Shutting down and abandoning module AISupportModule (50)
[2025.10.04-22.45.13:960][ 22]LogModuleManager: Shutting down and abandoning module DesktopPlatform (48)
[2025.10.04-22.45.13:960][ 22]LogModuleManager: Shutting down and abandoning module PythonScriptPluginPreload (46)
[2025.10.04-22.45.13:960][ 22]LogModuleManager: Shutting down and abandoning module PlatformCryptoOpenSSL (44)
[2025.10.04-22.45.13:960][ 22]LogModuleManager: Shutting down and abandoning module PlatformCryptoTypes (42)
[2025.10.04-22.45.13:960][ 22]LogModuleManager: Shutting down and abandoning module PlatformCrypto (40)
[2025.10.04-22.45.13:960][ 22]LogModuleManager: Shutting down and abandoning module OodleDataCompressionFormat (38)
[2025.10.04-22.45.13:960][ 22]LogModuleManager: Shutting down and abandoning module XGEController (36)
[2025.10.04-22.45.13:960][ 22]LogModuleManager: Shutting down and abandoning module AnimationModifiers (34)
[2025.10.04-22.45.13:960][ 22]LogModuleManager: Shutting down and abandoning module AudioEditor (32)
[2025.10.04-22.45.13:960][ 22]LogModuleManager: Shutting down and abandoning module PropertyEditor (31)
[2025.10.04-22.45.13:960][ 22]LogModuleManager: Shutting down and abandoning module TextureCompressor (28)
[2025.10.04-22.45.13:960][ 22]LogModuleManager: Shutting down and abandoning module RenderCore (26)
[2025.10.04-22.45.13:960][ 22]LogModuleManager: Shutting down and abandoning module Landscape (24)
[2025.10.04-22.45.13:960][ 22]LogModuleManager: Shutting down and abandoning module SlateRHIRenderer (22)
[2025.10.04-22.45.13:961][ 22]LogModuleManager: Shutting down and abandoning module AnimGraphRuntime (20)
[2025.10.04-22.45.13:961][ 22]LogModuleManager: Shutting down and abandoning module Renderer (18)
[2025.10.04-22.45.13:961][ 22]LogModuleManager: Shutting down and abandoning module Engine (16)
[2025.10.04-22.45.13:961][ 22]LogModuleManager: Shutting down and abandoning module CoreUObject (14)
[2025.10.04-22.45.13:961][ 22]LogModuleManager: Shutting down and abandoning module NetworkFile (12)
[2025.10.04-22.45.13:961][ 22]LogModuleManager: Shutting down and abandoning module CookedIterativeFile (10)
[2025.10.04-22.45.13:961][ 22]LogModuleManager: Shutting down and abandoning module StreamingFile (8)
[2025.10.04-22.45.13:961][ 22]LogModuleManager: Shutting down and abandoning module SandboxFile (6)
[2025.10.04-22.45.13:961][ 22]LogModuleManager: Shutting down and abandoning module PakFile (4)
[2025.10.04-22.45.13:961][ 22]LogModuleManager: Shutting down and abandoning module RSA (3)
[2025.10.04-22.45.13:961][ 22]LogContentStreaming: Display: There are 1 unreleased StreamingManagers
[2025.10.04-22.45.14:008][ 22]LogD3D11RHI: Shutdown
[2025.10.04-22.45.14:008][ 22]LogD3D11RHI: CleanupD3DDevice
[2025.10.04-22.45.14:012][ 22]LogExit: Exiting.
[2025.10.04-22.45.14:025][ 22]Log file closed, 10/04/25 16:45:14
