Log file open, 10/02/25 08:48:23
LogWindows: Failed to load 'aqProf.dll' (GetLastError=126)
LogWindows: File 'aqProf.dll' does not exist
LogWindows: Failed to load 'VtuneApi.dll' (GetLastError=126)
LogWindows: File 'VtuneApi.dll' does not exist
LogWindows: Failed to load 'VtuneApi32e.dll' (GetLastError=126)
LogWindows: File 'VtuneApi32e.dll' does not exist
LogConsoleResponse: Display: Failed to find resolution value strings in scalability ini. Falling back to default.
LogConsoleResponse: Display: Failed to find resolution value strings in scalability ini. Falling back to default.
LogInit: Display: Running engine for game: TasteOfMadness
LogPlatformFile: Not using cached read wrapper
LogTaskGraph: Started task graph with 5 named threads and 35 total threads with 3 sets of task threads.
LogStats: Stats thread started at 0.460088
LogICUInternationalization: ICU TimeZone Detection - Raw Offset: -6:00, Platform Override: ''
LogInit: Display: Loading text-based GConfig....
LogPluginManager: Mounting plugin MeshPainting
LogPluginManager: Mounting plugin XGEController
LogPluginManager: Mounting plugin Paper2D
LogPluginManager: Mounting plugin AISupport
LogPluginManager: Mounting plugin LightPropagationVolume
LogPluginManager: Mounting plugin EnvironmentQueryEditor
LogPluginManager: Mounting plugin CameraShakePreviewer
LogPluginManager: Mounting plugin LiveLink
LogPluginManager: Mounting plugin GameplayCameras
LogPluginManager: Mounting plugin AnimationSharing
LogPluginManager: Mounting plugin CLionSourceCodeAccess
LogPluginManager: Mounting plugin CodeLiteSourceCodeAccess
LogPluginManager: Mounting plugin GitSourceControl
LogPluginManager: Mounting plugin NullSourceCodeAccess
LogPluginManager: Mounting plugin PerforceSourceControl
LogPluginManager: Mounting plugin KDevelopSourceCodeAccess
LogPluginManager: Mounting plugin PixWinPlugin
LogPluginManager: Mounting plugin PlasticSourceControl
LogPluginManager: Mounting plugin PluginUtils
LogPluginManager: Mounting plugin PropertyAccessNode
LogPluginManager: Mounting plugin RiderSourceCodeAccess
LogPluginManager: Mounting plugin SubversionSourceControl
LogPluginManager: Mounting plugin OodleNetwork
LogPluginManager: Mounting plugin TextureFormatOodle
LogPluginManager: Mounting plugin OodleData
LogPluginManager: Mounting plugin VisualStudioCodeSourceCodeAccess
LogPluginManager: Mounting plugin UObjectPlugin
LogPluginManager: Mounting plugin AssetManagerEditor
LogPluginManager: Mounting plugin VisualStudioSourceCodeAccess
LogPluginManager: Mounting plugin XCodeSourceCodeAccess
LogPluginManager: Mounting plugin CurveEditorTools
LogPluginManager: Mounting plugin CryptoKeys
LogPluginManager: Mounting plugin DataValidation
LogPluginManager: Mounting plugin FacialAnimation
LogPluginManager: Mounting plugin GameplayTagsEditor
LogPluginManager: Mounting plugin GeometryMode
LogPluginManager: Mounting plugin MacGraphicsSwitching
LogPluginManager: Mounting plugin DatasmithContent
LogPluginManager: Mounting plugin MaterialAnalyzer
LogPluginManager: Mounting plugin MobileLauncherProfileWizard
LogPluginManager: Mounting plugin PluginBrowser
LogPluginManager: Mounting plugin SpeedTreeImporter
LogPluginManager: Mounting plugin AlembicImporter
LogPluginManager: Mounting plugin VariantManagerContent
LogPluginManager: Mounting plugin AutomationUtils
LogPluginManager: Mounting plugin BackChannel
LogPluginManager: Mounting plugin ChaosCloth
LogPluginManager: Mounting plugin ChaosClothEditor
LogPluginManager: Mounting plugin ChaosEditor
LogPluginManager: Mounting plugin CharacterAI
LogPluginManager: Mounting plugin ChaosSolverPlugin
LogPluginManager: Mounting plugin ChaosNiagara
LogPluginManager: Mounting plugin Niagara
LogPluginManager: Mounting plugin GeometryCache
LogPluginManager: Mounting plugin GeometryCollectionPlugin
LogPluginManager: Mounting plugin GeometryProcessing
LogPluginManager: Mounting plugin MotoSynth
LogPluginManager: Mounting plugin OpenImageDenoise
LogPluginManager: Mounting plugin PlanarCut
LogPluginManager: Mounting plugin PlatformCrypto
LogPluginManager: Mounting plugin ProxyLODPlugin
LogPluginManager: Mounting plugin PythonScriptPlugin
LogPluginManager: Mounting plugin AndroidMedia
LogPluginManager: Mounting plugin SkeletalReduction
LogPluginManager: Mounting plugin AvfMedia
LogPluginManager: Mounting plugin ImgMedia
LogPluginManager: Mounting plugin MediaCompositing
LogPluginManager: Mounting plugin LuminPlatformFeatures
LogPluginManager: Mounting plugin MagicLeap
LogPluginManager: Mounting plugin MediaPlayerEditor
LogPluginManager: Mounting plugin WebMMedia
LogPluginManager: Mounting plugin WmfMedia
LogPluginManager: Mounting plugin MagicLeapLightEstimation
LogPluginManager: Mounting plugin MagicLeapMedia
LogPluginManager: Mounting plugin TcpMessaging
LogPluginManager: Mounting plugin UdpMessaging
LogPluginManager: Mounting plugin MagicLeapPassableWorld
LogPluginManager: Mounting plugin MLSDK
LogPluginManager: Mounting plugin ActorSequence
LogPluginManager: Mounting plugin OnlineSubsystem
LogPluginManager: Mounting plugin LevelSequenceEditor
LogPluginManager: Mounting plugin MatineeToLevelSequence
LogPluginManager: Mounting plugin TemplateSequence
LogPluginManager: Mounting plugin LauncherChunkInstaller
LogPluginManager: Mounting plugin ActorLayerUtilities
LogPluginManager: Mounting plugin AndroidDeviceProfileSelector
LogPluginManager: Mounting plugin OnlineSubsystemNull
LogPluginManager: Mounting plugin AndroidPermission
LogPluginManager: Mounting plugin AndroidMoviePlayer
LogPluginManager: Mounting plugin OnlineSubsystemUtils
LogPluginManager: Mounting plugin AppleImageUtils
LogPluginManager: Mounting plugin AppleMoviePlayer
LogPluginManager: Mounting plugin AssetTags
LogPluginManager: Mounting plugin ArchVisCharacter
LogPluginManager: Mounting plugin AudioCapture
LogPluginManager: Mounting plugin AudioSynesthesia
LogPluginManager: Mounting plugin CableComponent
LogPluginManager: Mounting plugin ChunkDownloader
LogPluginManager: Mounting plugin CustomMeshComponent
LogPluginManager: Mounting plugin ExampleDeviceProfileSelector
LogPluginManager: Mounting plugin EditableMesh
LogPluginManager: Mounting plugin GoogleCloudMessaging
LogPluginManager: Mounting plugin GooglePAD
LogPluginManager: Mounting plugin IOSDeviceProfileSelector
LogPluginManager: Mounting plugin LinuxDeviceProfileSelector
LogPluginManager: Mounting plugin LocationServicesBPLibrary
LogPluginManager: Mounting plugin MobilePatchingUtils
LogPluginManager: Mounting plugin OpenXR
LogPluginManager: Mounting plugin OpenXREyeTracker
LogPluginManager: Mounting plugin OpenXRHandTracking
LogPluginManager: Mounting plugin PhysXVehicles
LogPluginManager: Mounting plugin PostSplashScreen
LogPluginManager: Mounting plugin ProceduralMeshComponent
LogPluginManager: Mounting plugin PropertyAccessEditor
LogPluginManager: Mounting plugin RuntimePhysXCooking
LogPluginManager: Mounting plugin SignificanceManager
LogPluginManager: Mounting plugin SoundFields
LogPluginManager: Mounting plugin Synthesis
LogPluginManager: Mounting plugin WebMMoviePlayer
LogPluginManager: Mounting plugin WindowsMoviePlayer
LogPluginManager: Mounting plugin ScreenshotTools
LogPluginManager: Mounting plugin Takes
LogPluginManager: Mounting plugin ContentBrowserAssetDataSource
LogPluginManager: Mounting plugin ContentBrowserClassDataSource
LogPluginManager: Mounting plugin ContentBrowserFileDataSource
LogPluginManager: Mounting plugin OnlineSubsystemGooglePlay
LogPluginManager: Mounting plugin OnlineSubsystemIOS
LogPluginManager: Mounting plugin OculusVR
LogPluginManager: Mounting plugin SteamVR
PixWinPlugin: PIX capture plugin failed to initialize! Check that the process is launched from PIX.
LogInit: Using libcurl 7.55.1-DEV
LogInit:  - built for x86_64-pc-win32
LogInit:  - supports SSL with OpenSSL/1.1.1
LogInit:  - supports HTTP deflate (compression) using libz 1.2.8
LogInit:  - other features:
LogInit:      CURL_VERSION_SSL
LogInit:      CURL_VERSION_LIBZ
LogInit:      CURL_VERSION_IPV6
LogInit:      CURL_VERSION_ASYNCHDNS
LogInit:      CURL_VERSION_LARGEFILE
LogInit:      CURL_VERSION_IDN
LogInit:  CurlRequestOptions (configurable via config and command line):
LogInit:  - bVerifyPeer = true  - Libcurl will verify peer certificate
LogInit:  - bUseHttpProxy = false  - Libcurl will NOT use HTTP proxy
LogInit:  - bDontReuseConnections = false  - Libcurl will reuse connections
LogInit:  - MaxHostConnections = 16  - Libcurl will limit the number of connections to a host
LogInit:  - LocalHostAddr = Default
LogInit:  - BufferSize = 65536
LogOnline: OSS: Creating online subsystem instance for: NULL
LogInit: WinSock: version 1.1 (2.2), MaxSocks=32767, MaxUdp=65467
LogOnline: OSS: TryLoadSubsystemAndSetDefault: Loaded subsystem for module [NULL]
LogOculusPluginWrapper: OculusPlugin initialized successfully
LogHMD: Failed initializing OVRPlugin 1.59.0
LogInit: Build: ++UE4+Release-4.27-CL-18319896
LogInit: Engine Version: 4.27.2-18319896+++UE4+Release-4.27
LogInit: Compatible Engine Version: 4.27.0-17155196+++UE4+Release-4.27
LogInit: Net CL: 17155196
LogInit: OS: Windows 10 (Release 2009) (), CPU: 11th Gen Intel(R) Core(TM) i5-11400H @ 2.70GHz, GPU: Intel(R) UHD Graphics
LogInit: Compiled (64-bit): Nov 30 2021 07:12:08
LogInit: Compiled with Visual C++: 19.24.28315.00
LogInit: Build Configuration: Development
LogInit: Branch Name: ++UE4+Release-4.27
LogInit: Command Line:  -AUTH_LOGIN=unused -AUTH_PASSWORD=0b413bb02f9a4a0cb4cc64656e76aa5d -AUTH_TYPE=exchangecode -epicapp=UE_4.27 -epicenv=Prod -EpicPortal -epicusername=Geranetor -epicuserid=80d74a91cbd847fe82e7b6a734b4aa1f -epiclocale=en -epicsandboxid=ue
LogInit: Base Directory: F:/Games/UE_4.27/Engine/Binaries/Win64/
LogInit: Allocator: TBB
LogInit: Installed Engine Build: 1
LogDevObjectVersion: Number of dev versions registered: 29
LogDevObjectVersion:   Dev-Blueprints (B0D832E4-1F89-4F0D-ACCF-7EB736FD4AA2): 10
LogDevObjectVersion:   Dev-Build (E1C64328-A22C-4D53-A36C-8E866417BD8C): 0
LogDevObjectVersion:   Dev-Core (375EC13C-06E4-48FB-B500-84F0262A717E): 4
LogDevObjectVersion:   Dev-Editor (E4B068ED-F494-42E9-A231-DA0B2E46BB41): 40
LogDevObjectVersion:   Dev-Framework (CFFC743F-43B0-4480-9391-14DF171D2073): 37
LogDevObjectVersion:   Dev-Mobile (B02B49B5-BB20-44E9-A304-32B752E40360): 3
LogDevObjectVersion:   Dev-Networking (A4E4105C-59A1-49B5-A7C5-40C4547EDFEE): 0
LogDevObjectVersion:   Dev-Online (39C831C9-5AE6-47DC-9A44-9C173E1C8E7C): 0
LogDevObjectVersion:   Dev-Physics (78F01B33-EBEA-4F98-B9B4-84EACCB95AA2): 14
LogDevObjectVersion:   Dev-Platform (6631380F-2D4D-43E0-8009-CF276956A95A): 0
LogDevObjectVersion:   Dev-Rendering (12F88B9F-8875-4AFC-A67C-D90C383ABD29): 45
LogDevObjectVersion:   Dev-Sequencer (7B5AE74C-D270-4C10-A958-57980B212A5A): 13
LogDevObjectVersion:   Dev-VR (D7296918-1DD6-4BDD-9DE2-64A83CC13884): 3
LogDevObjectVersion:   Dev-LoadTimes (C2A15278-BFE7-4AFE-6C17-90FF531DF755): 1
LogDevObjectVersion:   Private-Geometry (6EACA3D4-40EC-4CC1-B786-8BED09428FC5): 3
LogDevObjectVersion:   Dev-AnimPhys (29E575DD-E0A3-4627-9D10-D276232CDCEA): 17
LogDevObjectVersion:   Dev-Anim (AF43A65D-7FD3-4947-9873-3E8ED9C1BB05): 15
LogDevObjectVersion:   Dev-ReflectionCapture (6B266CEC-1EC7-4B8F-A30B-E4D90942FC07): 1
LogDevObjectVersion:   Dev-Automation (0DF73D61-A23F-47EA-B727-89E90C41499A): 1
LogDevObjectVersion:   FortniteMain (601D1886-AC64-4F84-AA16-D3DE0DEAC7D6): 47
LogDevObjectVersion:   FortniteRelease (E7086368-6B23-4C58-8439-1B7016265E91): 1
LogDevObjectVersion:   Dev-Enterprise (9DFFBCD6-494F-0158-E221-12823C92A888): 10
LogDevObjectVersion:   Dev-Niagara (F2AED0AC-9AFE-416F-8664-AA7FFA26D6FC): 1
LogDevObjectVersion:   Dev-Destruction (174F1F0B-B4C6-45A5-B13F-2EE8D0FB917D): 10
LogDevObjectVersion:   Dev-Physics-Ext (35F94A83-E258-406C-A318-09F59610247C): 41
LogDevObjectVersion:   Dev-PhysicsMaterial-Chaos (B68FC16E-8B1B-42E2-B453-215C058844FE): 1
LogDevObjectVersion:   Dev-CineCamera (B2E18506-4273-CFC2-A54E-F4BB758BBA07): 1
LogDevObjectVersion:   Dev-VirtualProduction (64F58936-FD1B-42BA-BA96-7289D5D0FA4E): 1
LogDevObjectVersion:   Dev-MediaFramework (6F0ED827-A609-4895-9C91-998D90180EA4): 2
LogInit: Presizing for max 25165824 objects, including 0 objects not considered by GC, pre-allocating 0 bytes for permanent pool.
LogConfig: Applying CVar settings from Section [/Script/Engine.StreamingSettings] File [F:/Proyectos UE 4.27/TasteOfMadness/TasteOfMadness/Saved/Config/Windows/Engine.ini]
LogConfig: Setting CVar [[s.MinBulkDataSizeForAsyncLoading:131072]]
LogConfig: Setting CVar [[s.AsyncLoadingThreadEnabled:0]]
LogConfig: Setting CVar [[s.EventDrivenLoaderEnabled:1]]
LogConfig: Setting CVar [[s.WarnIfTimeLimitExceeded:0]]
LogConfig: Setting CVar [[s.TimeLimitExceededMultiplier:1.5]]
LogConfig: Setting CVar [[s.TimeLimitExceededMinTime:0.005]]
LogConfig: Setting CVar [[s.UseBackgroundLevelStreaming:1]]
LogConfig: Setting CVar [[s.PriorityAsyncLoadingExtraTime:15.0]]
LogConfig: Setting CVar [[s.LevelStreamingActorsUpdateTimeLimit:5.0]]
LogConfig: Setting CVar [[s.PriorityLevelStreamingActorsUpdateExtraTime:5.0]]
LogConfig: Setting CVar [[s.LevelStreamingComponentsRegistrationGranularity:10]]
LogConfig: Setting CVar [[s.UnregisterComponentsTimeLimit:1.0]]
LogConfig: Setting CVar [[s.LevelStreamingComponentsUnregistrationGranularity:5]]
LogConfig: Setting CVar [[s.FlushStreamingOnExit:1]]
LogInit: Object subsystem initialized
LogConfig: Setting CVar [[con.DebugEarlyDefault:1]]
LogConfig: Setting CVar [[r.setres:1280x720]]
[2025.10.02-14.48.24:449][  0]LogConfig: Setting CVar [[r.VSync:0]]
[2025.10.02-14.48.24:449][  0]LogConfig: Setting CVar [[r.RHICmdBypass:0]]
[2025.10.02-14.48.24:449][  0]LogConfig: Applying CVar settings from Section [/Script/Engine.RendererSettings] File [F:/Proyectos UE 4.27/TasteOfMadness/TasteOfMadness/Saved/Config/Windows/Engine.ini]
[2025.10.02-14.48.24:449][  0]LogConfig: Setting CVar [[r.GPUCrashDebugging:0]]
[2025.10.02-14.48.24:449][  0]LogConfig: Applying CVar settings from Section [/Script/Engine.RendererOverrideSettings] File [F:/Proyectos UE 4.27/TasteOfMadness/TasteOfMadness/Saved/Config/Windows/Engine.ini]
[2025.10.02-14.48.24:449][  0]LogConfig: Applying CVar settings from Section [/Script/Engine.StreamingSettings] File [F:/Proyectos UE 4.27/TasteOfMadness/TasteOfMadness/Saved/Config/Windows/Engine.ini]
[2025.10.02-14.48.24:449][  0]LogConfig: Setting CVar [[s.MinBulkDataSizeForAsyncLoading:131072]]
[2025.10.02-14.48.24:449][  0]LogConfig: Setting CVar [[s.AsyncLoadingThreadEnabled:0]]
[2025.10.02-14.48.24:449][  0]LogConfig: Setting CVar [[s.EventDrivenLoaderEnabled:1]]
[2025.10.02-14.48.24:449][  0]LogConfig: Setting CVar [[s.WarnIfTimeLimitExceeded:0]]
[2025.10.02-14.48.24:449][  0]LogConfig: Setting CVar [[s.TimeLimitExceededMultiplier:1.5]]
[2025.10.02-14.48.24:449][  0]LogConfig: Setting CVar [[s.TimeLimitExceededMinTime:0.005]]
[2025.10.02-14.48.24:449][  0]LogConfig: Setting CVar [[s.UseBackgroundLevelStreaming:1]]
[2025.10.02-14.48.24:449][  0]LogConfig: Setting CVar [[s.PriorityAsyncLoadingExtraTime:15.0]]
[2025.10.02-14.48.24:449][  0]LogConfig: Setting CVar [[s.LevelStreamingActorsUpdateTimeLimit:5.0]]
[2025.10.02-14.48.24:449][  0]LogConfig: Setting CVar [[s.PriorityLevelStreamingActorsUpdateExtraTime:5.0]]
[2025.10.02-14.48.24:449][  0]LogConfig: Setting CVar [[s.LevelStreamingComponentsRegistrationGranularity:10]]
[2025.10.02-14.48.24:449][  0]LogConfig: Setting CVar [[s.UnregisterComponentsTimeLimit:1.0]]
[2025.10.02-14.48.24:449][  0]LogConfig: Setting CVar [[s.LevelStreamingComponentsUnregistrationGranularity:5]]
[2025.10.02-14.48.24:449][  0]LogConfig: Setting CVar [[s.FlushStreamingOnExit:1]]
[2025.10.02-14.48.24:449][  0]LogConfig: Applying CVar settings from Section [/Script/Engine.GarbageCollectionSettings] File [F:/Proyectos UE 4.27/TasteOfMadness/TasteOfMadness/Saved/Config/Windows/Engine.ini]
[2025.10.02-14.48.24:449][  0]LogConfig: Setting CVar [[gc.MaxObjectsNotConsideredByGC:1]]
[2025.10.02-14.48.24:449][  0]LogConfig: Setting CVar [[gc.SizeOfPermanentObjectPool:0]]
[2025.10.02-14.48.24:449][  0]LogConfig: Setting CVar [[gc.FlushStreamingOnGC:0]]
[2025.10.02-14.48.24:449][  0]LogConfig: Setting CVar [[gc.NumRetriesBeforeForcingGC:10]]
[2025.10.02-14.48.24:449][  0]LogConfig: Setting CVar [[gc.AllowParallelGC:1]]
[2025.10.02-14.48.24:449][  0]LogConfig: Setting CVar [[gc.TimeBetweenPurgingPendingKillObjects:61.1]]
[2025.10.02-14.48.24:449][  0]LogConfig: Setting CVar [[gc.MaxObjectsInEditor:25165824]]
[2025.10.02-14.48.24:449][  0]LogConfig: Setting CVar [[gc.IncrementalBeginDestroyEnabled:1]]
[2025.10.02-14.48.24:449][  0]LogConfig: Setting CVar [[gc.CreateGCClusters:1]]
[2025.10.02-14.48.24:449][  0]LogConfig: Setting CVar [[gc.MinGCClusterSize:5]]
[2025.10.02-14.48.24:449][  0]LogConfig: Setting CVar [[gc.ActorClusteringEnabled:0]]
[2025.10.02-14.48.24:449][  0]LogConfig: Setting CVar [[gc.BlueprintClusteringEnabled:0]]
[2025.10.02-14.48.24:449][  0]LogConfig: Setting CVar [[gc.UseDisregardForGCOnDedicatedServers:0]]
[2025.10.02-14.48.24:449][  0]LogConfig: Setting CVar [[gc.MultithreadedDestructionEnabled:1]]
[2025.10.02-14.48.24:449][  0]LogConfig: Applying CVar settings from Section [/Script/Engine.NetworkSettings] File [F:/Proyectos UE 4.27/TasteOfMadness/TasteOfMadness/Saved/Config/Windows/Engine.ini]
[2025.10.02-14.48.24:449][  0]LogConfig: Applying CVar settings from Section [/Script/UnrealEd.CookerSettings] File [F:/Proyectos UE 4.27/TasteOfMadness/TasteOfMadness/Saved/Config/Windows/Engine.ini]
[2025.10.02-14.48.24:453][  0]LogConfig: Applying CVar settings from Section [ViewDistanceQuality@3] File [F:/Proyectos UE 4.27/TasteOfMadness/TasteOfMadness/Saved/Config/Windows/Scalability.ini]
[2025.10.02-14.48.24:453][  0]LogConfig: Setting CVar [[r.SkeletalMeshLODBias:0]]
[2025.10.02-14.48.24:453][  0]LogConfig: Setting CVar [[r.ViewDistanceScale:1.0]]
[2025.10.02-14.48.24:453][  0]LogConfig: Applying CVar settings from Section [AntiAliasingQuality@3] File [F:/Proyectos UE 4.27/TasteOfMadness/TasteOfMadness/Saved/Config/Windows/Scalability.ini]
[2025.10.02-14.48.24:453][  0]LogConfig: Setting CVar [[r.PostProcessAAQuality:4]]
[2025.10.02-14.48.24:453][  0]LogConfig: Applying CVar settings from Section [ShadowQuality@3] File [F:/Proyectos UE 4.27/TasteOfMadness/TasteOfMadness/Saved/Config/Windows/Scalability.ini]
[2025.10.02-14.48.24:453][  0]LogConfig: Setting CVar [[r.LightFunctionQuality:1]]
[2025.10.02-14.48.24:453][  0]LogConfig: Setting CVar [[r.ShadowQuality:5]]
[2025.10.02-14.48.24:453][  0]LogConfig: Setting CVar [[r.Shadow.CSM.MaxCascades:10]]
[2025.10.02-14.48.24:453][  0]LogConfig: Setting CVar [[r.Shadow.MaxResolution:2048]]
[2025.10.02-14.48.24:453][  0]LogConfig: Setting CVar [[r.Shadow.MaxCSMResolution:2048]]
[2025.10.02-14.48.24:453][  0]LogConfig: Setting CVar [[r.Shadow.RadiusThreshold:0.01]]
[2025.10.02-14.48.24:454][  0]LogConfig: Setting CVar [[r.Shadow.DistanceScale:1.0]]
[2025.10.02-14.48.24:454][  0]LogConfig: Setting CVar [[r.Shadow.CSM.TransitionScale:1.0]]
[2025.10.02-14.48.24:454][  0]LogConfig: Setting CVar [[r.Shadow.PreShadowResolutionFactor:1.0]]
[2025.10.02-14.48.24:454][  0]LogConfig: Setting CVar [[r.DistanceFieldShadowing:1]]
[2025.10.02-14.48.24:454][  0]LogConfig: Setting CVar [[r.DistanceFieldAO:1]]
[2025.10.02-14.48.24:454][  0]LogConfig: Setting CVar [[r.AOQuality:2]]
[2025.10.02-14.48.24:454][  0]LogConfig: Setting CVar [[r.VolumetricFog:1]]
[2025.10.02-14.48.24:454][  0]LogConfig: Setting CVar [[r.VolumetricFog.GridPixelSize:8]]
[2025.10.02-14.48.24:454][  0]LogConfig: Setting CVar [[r.VolumetricFog.GridSizeZ:128]]
[2025.10.02-14.48.24:454][  0]LogConfig: Setting CVar [[r.VolumetricFog.HistoryMissSupersampleCount:4]]
[2025.10.02-14.48.24:454][  0]LogConfig: Setting CVar [[r.LightMaxDrawDistanceScale:1]]
[2025.10.02-14.48.24:454][  0]LogConfig: Setting CVar [[r.CapsuleShadows:1]]
[2025.10.02-14.48.24:454][  0]LogConfig: Applying CVar settings from Section [PostProcessQuality@3] File [F:/Proyectos UE 4.27/TasteOfMadness/TasteOfMadness/Saved/Config/Windows/Scalability.ini]
[2025.10.02-14.48.24:454][  0]LogConfig: Setting CVar [[r.MotionBlurQuality:4]]
[2025.10.02-14.48.24:454][  0]LogConfig: Setting CVar [[r.AmbientOcclusionMipLevelFactor:0.4]]
[2025.10.02-14.48.24:454][  0]LogConfig: Setting CVar [[r.AmbientOcclusionMaxQuality:100]]
[2025.10.02-14.48.24:454][  0]LogConfig: Setting CVar [[r.AmbientOcclusionLevels:-1]]
[2025.10.02-14.48.24:454][  0]LogConfig: Setting CVar [[r.AmbientOcclusionRadiusScale:1.0]]
[2025.10.02-14.48.24:454][  0]LogConfig: Setting CVar [[r.DepthOfFieldQuality:2]]
[2025.10.02-14.48.24:454][  0]LogConfig: Setting CVar [[r.RenderTargetPoolMin:400]]
[2025.10.02-14.48.24:454][  0]LogConfig: Setting CVar [[r.LensFlareQuality:2]]
[2025.10.02-14.48.24:454][  0]LogConfig: Setting CVar [[r.SceneColorFringeQuality:1]]
[2025.10.02-14.48.24:454][  0]LogConfig: Setting CVar [[r.EyeAdaptationQuality:2]]
[2025.10.02-14.48.24:454][  0]LogConfig: Setting CVar [[r.BloomQuality:5]]
[2025.10.02-14.48.24:454][  0]LogConfig: Setting CVar [[r.FastBlurThreshold:100]]
[2025.10.02-14.48.24:454][  0]LogConfig: Setting CVar [[r.Upscale.Quality:3]]
[2025.10.02-14.48.24:454][  0]LogConfig: Setting CVar [[r.Tonemapper.GrainQuantization:1]]
[2025.10.02-14.48.24:454][  0]LogConfig: Setting CVar [[r.LightShaftQuality:1]]
[2025.10.02-14.48.24:454][  0]LogConfig: Setting CVar [[r.Filter.SizeScale:1]]
[2025.10.02-14.48.24:454][  0]LogConfig: Setting CVar [[r.Tonemapper.Quality:5]]
[2025.10.02-14.48.24:454][  0]LogConfig: Setting CVar [[r.DOF.Gather.AccumulatorQuality:1        ; higher gathering accumulator quality]]
[2025.10.02-14.48.24:454][  0]LogConfig: Setting CVar [[r.DOF.Gather.PostfilterMethod:1          ; Median3x3 postfilering method]]
[2025.10.02-14.48.24:454][  0]LogConfig: Setting CVar [[r.DOF.Gather.EnableBokehSettings:0       ; no bokeh simulation when gathering]]
[2025.10.02-14.48.24:454][  0]LogConfig: Setting CVar [[r.DOF.Gather.RingCount:4                 ; medium number of samples when gathering]]
[2025.10.02-14.48.24:454][  0]LogConfig: Setting CVar [[r.DOF.Scatter.ForegroundCompositing:1    ; additive foreground scattering]]
[2025.10.02-14.48.24:454][  0]LogConfig: Setting CVar [[r.DOF.Scatter.BackgroundCompositing:2    ; additive background scattering]]
[2025.10.02-14.48.24:454][  0]LogConfig: Setting CVar [[r.DOF.Scatter.EnableBokehSettings:1      ; bokeh simulation when scattering]]
[2025.10.02-14.48.24:454][  0]LogConfig: Setting CVar [[r.DOF.Scatter.MaxSpriteRatio:0.1         ; only a maximum of 10% of scattered bokeh]]
[2025.10.02-14.48.24:454][  0]LogConfig: Setting CVar [[r.DOF.Recombine.Quality:1                ; cheap slight out of focus]]
[2025.10.02-14.48.24:454][  0]LogConfig: Setting CVar [[r.DOF.Recombine.EnableBokehSettings:0    ; no bokeh simulation on slight out of focus]]
[2025.10.02-14.48.24:454][  0]LogConfig: Setting CVar [[r.DOF.TemporalAAQuality:1                ; more stable temporal accumulation]]
[2025.10.02-14.48.24:454][  0]LogConfig: Setting CVar [[r.DOF.Kernel.MaxForegroundRadius:0.025]]
[2025.10.02-14.48.24:454][  0]LogConfig: Setting CVar [[r.DOF.Kernel.MaxBackgroundRadius:0.025]]
[2025.10.02-14.48.24:454][  0]LogConfig: Applying CVar settings from Section [TextureQuality@3] File [F:/Proyectos UE 4.27/TasteOfMadness/TasteOfMadness/Saved/Config/Windows/Scalability.ini]
[2025.10.02-14.48.24:454][  0]LogConfig: Setting CVar [[r.Streaming.MipBias:0]]
[2025.10.02-14.48.24:454][  0]LogConfig: Setting CVar [[r.Streaming.AmortizeCPUToGPUCopy:0]]
[2025.10.02-14.48.24:454][  0]LogConfig: Setting CVar [[r.Streaming.MaxNumTexturesToStreamPerFrame:0]]
[2025.10.02-14.48.24:454][  0]LogConfig: Setting CVar [[r.Streaming.Boost:1]]
[2025.10.02-14.48.24:454][  0]LogConfig: Setting CVar [[r.MaxAnisotropy:8]]
[2025.10.02-14.48.24:454][  0]LogConfig: Setting CVar [[r.VT.MaxAnisotropy:8]]
[2025.10.02-14.48.24:454][  0]LogConfig: Setting CVar [[r.Streaming.LimitPoolSizeToVRAM:0]]
[2025.10.02-14.48.24:454][  0]LogConfig: Setting CVar [[r.Streaming.PoolSize:1000]]
[2025.10.02-14.48.24:454][  0]LogConfig: Setting CVar [[r.Streaming.MaxEffectiveScreenSize:0]]
[2025.10.02-14.48.24:454][  0]LogConfig: Applying CVar settings from Section [EffectsQuality@3] File [F:/Proyectos UE 4.27/TasteOfMadness/TasteOfMadness/Saved/Config/Windows/Scalability.ini]
[2025.10.02-14.48.24:454][  0]LogConfig: Setting CVar [[r.TranslucencyLightingVolumeDim:64]]
[2025.10.02-14.48.24:454][  0]LogConfig: Setting CVar [[r.RefractionQuality:2]]
[2025.10.02-14.48.24:454][  0]LogConfig: Setting CVar [[r.SSR.Quality:3]]
[2025.10.02-14.48.24:454][  0]LogConfig: Setting CVar [[r.SSR.HalfResSceneColor:0]]
[2025.10.02-14.48.24:454][  0]LogConfig: Setting CVar [[r.SceneColorFormat:4]]
[2025.10.02-14.48.24:454][  0]LogConfig: Setting CVar [[r.DetailMode:2]]
[2025.10.02-14.48.24:454][  0]LogConfig: Setting CVar [[r.TranslucencyVolumeBlur:1]]
[2025.10.02-14.48.24:454][  0]LogConfig: Setting CVar [[r.MaterialQualityLevel:1 ; High quality]]
[2025.10.02-14.48.24:454][  0]LogConfig: Setting CVar [[r.AnisotropicMaterials:1]]
[2025.10.02-14.48.24:454][  0]LogConfig: Setting CVar [[r.SSS.Scale:1]]
[2025.10.02-14.48.24:454][  0]LogConfig: Setting CVar [[r.SSS.SampleSet:2]]
[2025.10.02-14.48.24:454][  0]LogConfig: Setting CVar [[r.SSS.Quality:1]]
[2025.10.02-14.48.24:454][  0]LogConfig: Setting CVar [[r.SSS.HalfRes:0]]
[2025.10.02-14.48.24:454][  0]LogConfig: Setting CVar [[r.SSGI.Quality:3]]
[2025.10.02-14.48.24:454][  0]LogConfig: Setting CVar [[r.EmitterSpawnRateScale:1.0]]
[2025.10.02-14.48.24:454][  0]LogConfig: Setting CVar [[r.ParticleLightQuality:2]]
[2025.10.02-14.48.24:454][  0]LogConfig: Setting CVar [[r.SkyAtmosphere.AerialPerspectiveLUT.FastApplyOnOpaque:1 ; Always have FastSkyLUT 1 in this case to avoid wrong sky]]
[2025.10.02-14.48.24:454][  0]LogConfig: Setting CVar [[r.SkyAtmosphere.AerialPerspectiveLUT.SampleCountMaxPerSlice:4]]
[2025.10.02-14.48.24:454][  0]LogConfig: Setting CVar [[r.SkyAtmosphere.AerialPerspectiveLUT.DepthResolution:16.0]]
[2025.10.02-14.48.24:454][  0]LogConfig: Setting CVar [[r.SkyAtmosphere.FastSkyLUT:1]]
[2025.10.02-14.48.24:454][  0]LogConfig: Setting CVar [[r.SkyAtmosphere.FastSkyLUT.SampleCountMin:4.0]]
[2025.10.02-14.48.24:454][  0]LogConfig: Setting CVar [[r.SkyAtmosphere.FastSkyLUT.SampleCountMax:128.0]]
[2025.10.02-14.48.24:454][  0]LogConfig: Setting CVar [[r.SkyAtmosphere.SampleCountMin:4.0]]
[2025.10.02-14.48.24:454][  0]LogConfig: Setting CVar [[r.SkyAtmosphere.SampleCountMax:128.0]]
[2025.10.02-14.48.24:454][  0]LogConfig: Setting CVar [[r.SkyAtmosphere.TransmittanceLUT.UseSmallFormat:0]]
[2025.10.02-14.48.24:454][  0]LogConfig: Setting CVar [[r.SkyAtmosphere.TransmittanceLUT.SampleCount:10.0]]
[2025.10.02-14.48.24:454][  0]LogConfig: Setting CVar [[r.SkyAtmosphere.MultiScatteringLUT.SampleCount:15.0]]
[2025.10.02-14.48.24:454][  0]LogConfig: Setting CVar [[r.SkyLight.RealTimeReflectionCapture:1]]
[2025.10.02-14.48.24:454][  0]LogConfig: Applying CVar settings from Section [FoliageQuality@3] File [F:/Proyectos UE 4.27/TasteOfMadness/TasteOfMadness/Saved/Config/Windows/Scalability.ini]
[2025.10.02-14.48.24:454][  0]LogConfig: Setting CVar [[foliage.DensityScale:1.0]]
[2025.10.02-14.48.24:454][  0]LogConfig: Setting CVar [[grass.DensityScale:1.0]]
[2025.10.02-14.48.24:454][  0]LogConfig: Applying CVar settings from Section [ShadingQuality@3] File [F:/Proyectos UE 4.27/TasteOfMadness/TasteOfMadness/Saved/Config/Windows/Scalability.ini]
[2025.10.02-14.48.24:454][  0]LogConfig: Setting CVar [[r.HairStrands.SkyLighting.IntegrationType:2]]
[2025.10.02-14.48.24:454][  0]LogConfig: Setting CVar [[r.HairStrands.SkyAO.SampleCount:4]]
[2025.10.02-14.48.24:454][  0]LogConfig: Setting CVar [[r.HairStrands.Visibility.MSAA.SamplePerPixel:4]]
[2025.10.02-14.48.24:454][  0]LogInit: Selected Device Profile: [Windows]
[2025.10.02-14.48.24:454][  0]LogInit: Applying CVar settings loaded from the selected device profile: [Windows]
[2025.10.02-14.48.24:454][  0]LogHAL: Display: Platform has ~ 32 GB [34115739648 / 34359738368 / 32], which maps to Largest [LargestMinGB=32, LargerMinGB=12, DefaultMinGB=8, SmallerMinGB=6, SmallestMinGB=0)
[2025.10.02-14.48.24:454][  0]LogInit: Going up to parent DeviceProfile []
[2025.10.02-14.48.24:455][  0]LogConfig: Applying CVar settings from Section [ViewDistanceQuality@3] File [F:/Proyectos UE 4.27/TasteOfMadness/TasteOfMadness/Saved/Config/Windows/Scalability.ini]
[2025.10.02-14.48.24:455][  0]LogConfig: Setting CVar [[r.SkeletalMeshLODBias:0]]
[2025.10.02-14.48.24:455][  0]LogConfig: Setting CVar [[r.ViewDistanceScale:1.0]]
[2025.10.02-14.48.24:455][  0]LogConfig: Applying CVar settings from Section [AntiAliasingQuality@3] File [F:/Proyectos UE 4.27/TasteOfMadness/TasteOfMadness/Saved/Config/Windows/Scalability.ini]
[2025.10.02-14.48.24:455][  0]LogConfig: Setting CVar [[r.PostProcessAAQuality:4]]
[2025.10.02-14.48.24:455][  0]LogConfig: Applying CVar settings from Section [ShadowQuality@3] File [F:/Proyectos UE 4.27/TasteOfMadness/TasteOfMadness/Saved/Config/Windows/Scalability.ini]
[2025.10.02-14.48.24:455][  0]LogConfig: Setting CVar [[r.LightFunctionQuality:1]]
[2025.10.02-14.48.24:455][  0]LogConfig: Setting CVar [[r.ShadowQuality:5]]
[2025.10.02-14.48.24:455][  0]LogConfig: Setting CVar [[r.Shadow.CSM.MaxCascades:10]]
[2025.10.02-14.48.24:455][  0]LogConfig: Setting CVar [[r.Shadow.MaxResolution:2048]]
[2025.10.02-14.48.24:455][  0]LogConfig: Setting CVar [[r.Shadow.MaxCSMResolution:2048]]
[2025.10.02-14.48.24:455][  0]LogConfig: Setting CVar [[r.Shadow.RadiusThreshold:0.01]]
[2025.10.02-14.48.24:455][  0]LogConfig: Setting CVar [[r.Shadow.DistanceScale:1.0]]
[2025.10.02-14.48.24:455][  0]LogConfig: Setting CVar [[r.Shadow.CSM.TransitionScale:1.0]]
[2025.10.02-14.48.24:455][  0]LogConfig: Setting CVar [[r.Shadow.PreShadowResolutionFactor:1.0]]
[2025.10.02-14.48.24:455][  0]LogConfig: Setting CVar [[r.DistanceFieldShadowing:1]]
[2025.10.02-14.48.24:455][  0]LogConfig: Setting CVar [[r.DistanceFieldAO:1]]
[2025.10.02-14.48.24:455][  0]LogConfig: Setting CVar [[r.AOQuality:2]]
[2025.10.02-14.48.24:455][  0]LogConfig: Setting CVar [[r.VolumetricFog:1]]
[2025.10.02-14.48.24:455][  0]LogConfig: Setting CVar [[r.VolumetricFog.GridPixelSize:8]]
[2025.10.02-14.48.24:455][  0]LogConfig: Setting CVar [[r.VolumetricFog.GridSizeZ:128]]
[2025.10.02-14.48.24:455][  0]LogConfig: Setting CVar [[r.VolumetricFog.HistoryMissSupersampleCount:4]]
[2025.10.02-14.48.24:455][  0]LogConfig: Setting CVar [[r.LightMaxDrawDistanceScale:1]]
[2025.10.02-14.48.24:455][  0]LogConfig: Setting CVar [[r.CapsuleShadows:1]]
[2025.10.02-14.48.24:455][  0]LogConfig: Applying CVar settings from Section [PostProcessQuality@3] File [F:/Proyectos UE 4.27/TasteOfMadness/TasteOfMadness/Saved/Config/Windows/Scalability.ini]
[2025.10.02-14.48.24:455][  0]LogConfig: Setting CVar [[r.MotionBlurQuality:4]]
[2025.10.02-14.48.24:455][  0]LogConfig: Setting CVar [[r.AmbientOcclusionMipLevelFactor:0.4]]
[2025.10.02-14.48.24:455][  0]LogConfig: Setting CVar [[r.AmbientOcclusionMaxQuality:100]]
[2025.10.02-14.48.24:455][  0]LogConfig: Setting CVar [[r.AmbientOcclusionLevels:-1]]
[2025.10.02-14.48.24:455][  0]LogConfig: Setting CVar [[r.AmbientOcclusionRadiusScale:1.0]]
[2025.10.02-14.48.24:455][  0]LogConfig: Setting CVar [[r.DepthOfFieldQuality:2]]
[2025.10.02-14.48.24:455][  0]LogConfig: Setting CVar [[r.RenderTargetPoolMin:400]]
[2025.10.02-14.48.24:455][  0]LogConfig: Setting CVar [[r.LensFlareQuality:2]]
[2025.10.02-14.48.24:455][  0]LogConfig: Setting CVar [[r.SceneColorFringeQuality:1]]
[2025.10.02-14.48.24:455][  0]LogConfig: Setting CVar [[r.EyeAdaptationQuality:2]]
[2025.10.02-14.48.24:455][  0]LogConfig: Setting CVar [[r.BloomQuality:5]]
[2025.10.02-14.48.24:455][  0]LogConfig: Setting CVar [[r.FastBlurThreshold:100]]
[2025.10.02-14.48.24:455][  0]LogConfig: Setting CVar [[r.Upscale.Quality:3]]
[2025.10.02-14.48.24:455][  0]LogConfig: Setting CVar [[r.Tonemapper.GrainQuantization:1]]
[2025.10.02-14.48.24:455][  0]LogConfig: Setting CVar [[r.LightShaftQuality:1]]
[2025.10.02-14.48.24:455][  0]LogConfig: Setting CVar [[r.Filter.SizeScale:1]]
[2025.10.02-14.48.24:455][  0]LogConfig: Setting CVar [[r.Tonemapper.Quality:5]]
[2025.10.02-14.48.24:455][  0]LogConfig: Setting CVar [[r.DOF.Gather.AccumulatorQuality:1        ; higher gathering accumulator quality]]
[2025.10.02-14.48.24:455][  0]LogConfig: Setting CVar [[r.DOF.Gather.PostfilterMethod:1          ; Median3x3 postfilering method]]
[2025.10.02-14.48.24:455][  0]LogConfig: Setting CVar [[r.DOF.Gather.EnableBokehSettings:0       ; no bokeh simulation when gathering]]
[2025.10.02-14.48.24:455][  0]LogConfig: Setting CVar [[r.DOF.Gather.RingCount:4                 ; medium number of samples when gathering]]
[2025.10.02-14.48.24:455][  0]LogConfig: Setting CVar [[r.DOF.Scatter.ForegroundCompositing:1    ; additive foreground scattering]]
[2025.10.02-14.48.24:455][  0]LogConfig: Setting CVar [[r.DOF.Scatter.BackgroundCompositing:2    ; additive background scattering]]
[2025.10.02-14.48.24:455][  0]LogConfig: Setting CVar [[r.DOF.Scatter.EnableBokehSettings:1      ; bokeh simulation when scattering]]
[2025.10.02-14.48.24:455][  0]LogConfig: Setting CVar [[r.DOF.Scatter.MaxSpriteRatio:0.1         ; only a maximum of 10% of scattered bokeh]]
[2025.10.02-14.48.24:455][  0]LogConfig: Setting CVar [[r.DOF.Recombine.Quality:1                ; cheap slight out of focus]]
[2025.10.02-14.48.24:455][  0]LogConfig: Setting CVar [[r.DOF.Recombine.EnableBokehSettings:0    ; no bokeh simulation on slight out of focus]]
[2025.10.02-14.48.24:455][  0]LogConfig: Setting CVar [[r.DOF.TemporalAAQuality:1                ; more stable temporal accumulation]]
[2025.10.02-14.48.24:455][  0]LogConfig: Setting CVar [[r.DOF.Kernel.MaxForegroundRadius:0.025]]
[2025.10.02-14.48.24:455][  0]LogConfig: Setting CVar [[r.DOF.Kernel.MaxBackgroundRadius:0.025]]
[2025.10.02-14.48.24:455][  0]LogConfig: Applying CVar settings from Section [TextureQuality@3] File [F:/Proyectos UE 4.27/TasteOfMadness/TasteOfMadness/Saved/Config/Windows/Scalability.ini]
[2025.10.02-14.48.24:455][  0]LogConfig: Setting CVar [[r.Streaming.MipBias:0]]
[2025.10.02-14.48.24:455][  0]LogConfig: Setting CVar [[r.Streaming.AmortizeCPUToGPUCopy:0]]
[2025.10.02-14.48.24:455][  0]LogConfig: Setting CVar [[r.Streaming.MaxNumTexturesToStreamPerFrame:0]]
[2025.10.02-14.48.24:455][  0]LogConfig: Setting CVar [[r.Streaming.Boost:1]]
[2025.10.02-14.48.24:455][  0]LogConfig: Setting CVar [[r.MaxAnisotropy:8]]
[2025.10.02-14.48.24:455][  0]LogConfig: Setting CVar [[r.VT.MaxAnisotropy:8]]
[2025.10.02-14.48.24:455][  0]LogConfig: Setting CVar [[r.Streaming.LimitPoolSizeToVRAM:0]]
[2025.10.02-14.48.24:455][  0]LogConfig: Setting CVar [[r.Streaming.PoolSize:1000]]
[2025.10.02-14.48.24:455][  0]LogConfig: Setting CVar [[r.Streaming.MaxEffectiveScreenSize:0]]
[2025.10.02-14.48.24:455][  0]LogConfig: Applying CVar settings from Section [EffectsQuality@3] File [F:/Proyectos UE 4.27/TasteOfMadness/TasteOfMadness/Saved/Config/Windows/Scalability.ini]
[2025.10.02-14.48.24:455][  0]LogConfig: Setting CVar [[r.TranslucencyLightingVolumeDim:64]]
[2025.10.02-14.48.24:455][  0]LogConfig: Setting CVar [[r.RefractionQuality:2]]
[2025.10.02-14.48.24:455][  0]LogConfig: Setting CVar [[r.SSR.Quality:3]]
[2025.10.02-14.48.24:455][  0]LogConfig: Setting CVar [[r.SSR.HalfResSceneColor:0]]
[2025.10.02-14.48.24:455][  0]LogConfig: Setting CVar [[r.SceneColorFormat:4]]
[2025.10.02-14.48.24:455][  0]LogConfig: Setting CVar [[r.DetailMode:2]]
[2025.10.02-14.48.24:455][  0]LogConfig: Setting CVar [[r.TranslucencyVolumeBlur:1]]
[2025.10.02-14.48.24:455][  0]LogConfig: Setting CVar [[r.MaterialQualityLevel:1 ; High quality]]
[2025.10.02-14.48.24:455][  0]LogConfig: Setting CVar [[r.AnisotropicMaterials:1]]
[2025.10.02-14.48.24:455][  0]LogConfig: Setting CVar [[r.SSS.Scale:1]]
[2025.10.02-14.48.24:455][  0]LogConfig: Setting CVar [[r.SSS.SampleSet:2]]
[2025.10.02-14.48.24:455][  0]LogConfig: Setting CVar [[r.SSS.Quality:1]]
[2025.10.02-14.48.24:455][  0]LogConfig: Setting CVar [[r.SSS.HalfRes:0]]
[2025.10.02-14.48.24:455][  0]LogConfig: Setting CVar [[r.SSGI.Quality:3]]
[2025.10.02-14.48.24:455][  0]LogConfig: Setting CVar [[r.EmitterSpawnRateScale:1.0]]
[2025.10.02-14.48.24:455][  0]LogConfig: Setting CVar [[r.ParticleLightQuality:2]]
[2025.10.02-14.48.24:455][  0]LogConfig: Setting CVar [[r.SkyAtmosphere.AerialPerspectiveLUT.FastApplyOnOpaque:1 ; Always have FastSkyLUT 1 in this case to avoid wrong sky]]
[2025.10.02-14.48.24:455][  0]LogConfig: Setting CVar [[r.SkyAtmosphere.AerialPerspectiveLUT.SampleCountMaxPerSlice:4]]
[2025.10.02-14.48.24:455][  0]LogConfig: Setting CVar [[r.SkyAtmosphere.AerialPerspectiveLUT.DepthResolution:16.0]]
[2025.10.02-14.48.24:455][  0]LogConfig: Setting CVar [[r.SkyAtmosphere.FastSkyLUT:1]]
[2025.10.02-14.48.24:455][  0]LogConfig: Setting CVar [[r.SkyAtmosphere.FastSkyLUT.SampleCountMin:4.0]]
[2025.10.02-14.48.24:455][  0]LogConfig: Setting CVar [[r.SkyAtmosphere.FastSkyLUT.SampleCountMax:128.0]]
[2025.10.02-14.48.24:455][  0]LogConfig: Setting CVar [[r.SkyAtmosphere.SampleCountMin:4.0]]
[2025.10.02-14.48.24:455][  0]LogConfig: Setting CVar [[r.SkyAtmosphere.SampleCountMax:128.0]]
[2025.10.02-14.48.24:455][  0]LogConfig: Setting CVar [[r.SkyAtmosphere.TransmittanceLUT.UseSmallFormat:0]]
[2025.10.02-14.48.24:455][  0]LogConfig: Setting CVar [[r.SkyAtmosphere.TransmittanceLUT.SampleCount:10.0]]
[2025.10.02-14.48.24:455][  0]LogConfig: Setting CVar [[r.SkyAtmosphere.MultiScatteringLUT.SampleCount:15.0]]
[2025.10.02-14.48.24:455][  0]LogConfig: Setting CVar [[r.SkyLight.RealTimeReflectionCapture:1]]
[2025.10.02-14.48.24:455][  0]LogConfig: Applying CVar settings from Section [FoliageQuality@3] File [F:/Proyectos UE 4.27/TasteOfMadness/TasteOfMadness/Saved/Config/Windows/Scalability.ini]
[2025.10.02-14.48.24:455][  0]LogConfig: Setting CVar [[foliage.DensityScale:1.0]]
[2025.10.02-14.48.24:455][  0]LogConfig: Setting CVar [[grass.DensityScale:1.0]]
[2025.10.02-14.48.24:455][  0]LogConfig: Applying CVar settings from Section [ShadingQuality@3] File [F:/Proyectos UE 4.27/TasteOfMadness/TasteOfMadness/Saved/Config/Windows/Scalability.ini]
[2025.10.02-14.48.24:455][  0]LogConfig: Setting CVar [[r.HairStrands.SkyLighting.IntegrationType:2]]
[2025.10.02-14.48.24:455][  0]LogConfig: Setting CVar [[r.HairStrands.SkyAO.SampleCount:4]]
[2025.10.02-14.48.24:455][  0]LogConfig: Setting CVar [[r.HairStrands.Visibility.MSAA.SamplePerPixel:4]]
[2025.10.02-14.48.24:455][  0]LogConfig: Applying CVar settings from Section [Startup] File [../../../Engine/Config/ConsoleVariables.ini]
[2025.10.02-14.48.24:456][  0]LogConfig: Setting CVar [[net.UseAdaptiveNetUpdateFrequency:0]]
[2025.10.02-14.48.24:456][  0]LogConfig: Setting CVar [[p.chaos.AllowCreatePhysxBodies:1]]
[2025.10.02-14.48.24:456][  0]LogConfig: Setting CVar [[fx.SkipVectorVMBackendOptimizations:1]]
[2025.10.02-14.48.24:456][  0]LogConfig: Applying CVar settings from Section [ConsoleVariables] File [F:/Proyectos UE 4.27/TasteOfMadness/TasteOfMadness/Saved/Config/Windows/Engine.ini]
[2025.10.02-14.48.24:456][  0]LogConfig: Applying CVar settings from Section [ConsoleVariables] File [F:/Proyectos UE 4.27/TasteOfMadness/TasteOfMadness/Saved/Config/Windows/Editor.ini]
[2025.10.02-14.48.24:456][  0]LogInit: Computer: LEGIÓN_G
[2025.10.02-14.48.24:456][  0]LogInit: User: gerar
[2025.10.02-14.48.24:456][  0]LogInit: CPU Page size=4096, Cores=6
[2025.10.02-14.48.24:456][  0]LogInit: High frequency timer resolution =10.000000 MHz
[2025.10.02-14.48.24:456][  0]LogMemory: Memory total: Physical=31.8GB (32GB approx)
[2025.10.02-14.48.24:456][  0]LogMemory: Platform Memory Stats for Windows
[2025.10.02-14.48.24:456][  0]LogMemory: Process Physical Memory: 147.86 MB used, 147.86 MB peak
[2025.10.02-14.48.24:456][  0]LogMemory: Process Virtual Memory: 130.42 MB used, 130.42 MB peak
[2025.10.02-14.48.24:456][  0]LogMemory: Physical Memory: 14384.03 MB used,  18151.27 MB free, 32535.30 MB total
[2025.10.02-14.48.24:456][  0]LogMemory: Virtual Memory: 134198368.00 MB used,  19361.68 MB free, 134217728.00 MB total
[2025.10.02-14.48.24:466][  0]LogWindows: WindowsPlatformFeatures enabled
[2025.10.02-14.48.24:520][  0]LogInit: Physics initialised using underlying interface: PhysX
[2025.10.02-14.48.24:521][  0]LogInit: Overriding language with editor language configuration option (en).
[2025.10.02-14.48.24:521][  0]LogInit: Using OS detected locale (es-MX).
[2025.10.02-14.48.24:724][  0]LogInit: Setting process to per monitor DPI aware
[2025.10.02-14.48.24:755][  0]LogWindowsTextInputMethodSystem: Display: IME system deactivated.
[2025.10.02-14.48.24:774][  0]LogSlate: New Slate User Created.  User Index 0, Is Virtual User: 0
[2025.10.02-14.48.24:774][  0]LogSlate: Slate User Registered.  User Index 0, Is Virtual User: 0
[2025.10.02-14.48.25:029][  0]LogD3D11RHI: Loaded GFSDK_Aftermath_Lib.x64.dll
[2025.10.02-14.48.25:099][  0]LogHMD: Failed to initialize OpenVR with code 110
[2025.10.02-14.48.25:099][  0]LogD3D11RHI: D3D11 min allowed feature level: 11_0
[2025.10.02-14.48.25:099][  0]LogD3D11RHI: D3D11 max allowed feature level: 11_0
[2025.10.02-14.48.25:099][  0]LogD3D11RHI: D3D11 adapters:
[2025.10.02-14.48.25:341][  0]LogD3D11RHI:    0. 'NVIDIA GeForce RTX 3050 Ti Laptop GPU' (Feature Level 11_0)
[2025.10.02-14.48.25:341][  0]LogD3D11RHI:       3962/0/16267 MB DedicatedVideo/DedicatedSystem/SharedSystem, Outputs:1, VendorId:0x10de
[2025.10.02-14.48.25:431][  0]LogD3D11RHI:    1. 'Intel(R) UHD Graphics' (Feature Level 11_0)
[2025.10.02-14.48.25:431][  0]LogD3D11RHI:       128/0/16267 MB DedicatedVideo/DedicatedSystem/SharedSystem, Outputs:0, VendorId:0x8086
[2025.10.02-14.48.25:437][  0]LogD3D11RHI:    2. 'Microsoft Basic Render Driver' (Feature Level 11_0)
[2025.10.02-14.48.25:437][  0]LogD3D11RHI:       0/0/16267 MB DedicatedVideo/DedicatedSystem/SharedSystem, Outputs:0, VendorId:0x1414
[2025.10.02-14.48.25:437][  0]LogD3D11RHI: Chosen D3D11 Adapter:
[2025.10.02-14.48.25:437][  0]LogD3D11RHI:     Description : NVIDIA GeForce RTX 3050 Ti Laptop GPU
[2025.10.02-14.48.25:437][  0]LogD3D11RHI:     VendorId    : 10de
[2025.10.02-14.48.25:437][  0]LogD3D11RHI:     DeviceId    : 25e0
[2025.10.02-14.48.25:437][  0]LogD3D11RHI:     SubSysId    : 3e8b17aa
[2025.10.02-14.48.25:437][  0]LogD3D11RHI:     Revision    : 00a1
[2025.10.02-14.48.25:437][  0]LogD3D11RHI:     DedicatedVideoMemory : 4154458112 bytes
[2025.10.02-14.48.25:437][  0]LogD3D11RHI:     DedicatedSystemMemory : 0 bytes
[2025.10.02-14.48.25:437][  0]LogD3D11RHI:     SharedSystemMemory : 17057869824 bytes
[2025.10.02-14.48.25:437][  0]LogD3D11RHI:     AdapterLuid : 0 90531
[2025.10.02-14.48.25:448][  0]LogD3D11RHI: Creating new Direct3DDevice
[2025.10.02-14.48.25:448][  0]LogD3D11RHI:     GPU DeviceId: 0x25e0 (for the marketing name, search the web for "GPU Device Id")
[2025.10.02-14.48.25:448][  0]LogWindows: EnumDisplayDevices:
[2025.10.02-14.48.25:449][  0]LogWindows:    0. 'Intel(R) UHD Graphics' (P:1 D:1)
[2025.10.02-14.48.25:449][  0]LogWindows:    1. 'Intel(R) UHD Graphics' (P:0 D:0)
[2025.10.02-14.48.25:449][  0]LogWindows:    2. 'Intel(R) UHD Graphics' (P:0 D:0)
[2025.10.02-14.48.25:449][  0]LogWindows:    3. 'Intel(R) UHD Graphics' (P:0 D:0)
[2025.10.02-14.48.25:449][  0]LogWindows:    4. 'NVIDIA GeForce RTX 3050 Ti Laptop GPU' (P:0 D:0)
[2025.10.02-14.48.25:450][  0]LogWindows:    5. 'NVIDIA GeForce RTX 3050 Ti Laptop GPU' (P:0 D:0)
[2025.10.02-14.48.25:450][  0]LogWindows:    6. 'NVIDIA GeForce RTX 3050 Ti Laptop GPU' (P:0 D:0)
[2025.10.02-14.48.25:450][  0]LogWindows:    7. 'NVIDIA GeForce RTX 3050 Ti Laptop GPU' (P:0 D:0)
[2025.10.02-14.48.25:450][  0]LogWindows: DebugString: PrimaryIsNotTheChoosenAdapter PrimaryIsNotTheChoosenAdapter PrimaryIsNotTheChoosenAdapter PrimaryIsNotTheChoosenAdapter FoundDriverCount:4 
[2025.10.02-14.48.25:450][  0]LogD3D11RHI:     Adapter Name: NVIDIA GeForce RTX 3050 Ti Laptop GPU
[2025.10.02-14.48.25:450][  0]LogD3D11RHI:   Driver Version: 577.00 (internal:32.0.15.7700, unified:577.00)
[2025.10.02-14.48.25:450][  0]LogD3D11RHI:      Driver Date: 7-14-2025
[2025.10.02-14.48.25:450][  0]LogRHI: Texture pool is 2773 MB (70% of 3962 MB)
[2025.10.02-14.48.25:450][  0]LogD3D11RHI: Creating D3DDevice using adapter:
[2025.10.02-14.48.25:450][  0]LogD3D11RHI:     Description : NVIDIA GeForce RTX 3050 Ti Laptop GPU
[2025.10.02-14.48.25:450][  0]LogD3D11RHI:     VendorId    : 10de
[2025.10.02-14.48.25:450][  0]LogD3D11RHI:     DeviceId    : 25e0
[2025.10.02-14.48.25:450][  0]LogD3D11RHI:     SubSysId    : 3e8b17aa
[2025.10.02-14.48.25:450][  0]LogD3D11RHI:     Revision    : 00a1
[2025.10.02-14.48.25:450][  0]LogD3D11RHI:     DedicatedVideoMemory : 4154458112 bytes
[2025.10.02-14.48.25:451][  0]LogD3D11RHI:     DedicatedSystemMemory : 0 bytes
[2025.10.02-14.48.25:451][  0]LogD3D11RHI:     SharedSystemMemory : 17057869824 bytes
[2025.10.02-14.48.25:451][  0]LogD3D11RHI:     AdapterLuid : 0 90531
[2025.10.02-14.48.25:624][  0]LogD3D11RHI: RHI has support for 64 bit atomics
[2025.10.02-14.48.25:624][  0]LogD3D11RHI: Async texture creation enabled
[2025.10.02-14.48.25:624][  0]LogD3D11RHI: Array index from any shader is supported
[2025.10.02-14.48.25:646][  0]LogD3D11RHI: GPU Timing Frequency: 1000.000000 (Debug: 2 1)
[2025.10.02-14.48.25:692][  0]LogRHI: GeForceNow SDK initialized: 1
[2025.10.02-14.48.26:184][  0]LogTargetPlatformManager: Display: Loaded TargetPlatform 'AllDesktop'
[2025.10.02-14.48.26:210][  0]LogTargetPlatformManager: Display: Loaded TargetPlatform 'Android'
[2025.10.02-14.48.26:210][  0]LogTargetPlatformManager: Display: Loaded TargetPlatform 'Android_ASTC'
[2025.10.02-14.48.26:210][  0]LogTargetPlatformManager: Display: Loaded TargetPlatform 'Android_DXT'
[2025.10.02-14.48.26:210][  0]LogTargetPlatformManager: Display: Loaded TargetPlatform 'Android_ETC2'
[2025.10.02-14.48.26:210][  0]LogTargetPlatformManager: Display: Loaded TargetPlatform 'AndroidClient'
[2025.10.02-14.48.26:210][  0]LogTargetPlatformManager: Display: Loaded TargetPlatform 'Android_ASTCClient'
[2025.10.02-14.48.26:210][  0]LogTargetPlatformManager: Display: Loaded TargetPlatform 'Android_DXTClient'
[2025.10.02-14.48.26:210][  0]LogTargetPlatformManager: Display: Loaded TargetPlatform 'Android_ETC2Client'
[2025.10.02-14.48.26:210][  0]LogTargetPlatformManager: Display: Loaded TargetPlatform 'Android_Multi'
[2025.10.02-14.48.26:210][  0]LogTargetPlatformManager: Display: Loaded TargetPlatform 'Android_MultiClient'
[2025.10.02-14.48.26:236][  0]LogTargetPlatformManager: Display: Loaded TargetPlatform 'IOSClient'
[2025.10.02-14.48.26:236][  0]LogTargetPlatformManager: Display: Loaded TargetPlatform 'IOS'
[2025.10.02-14.48.26:249][  0]LogTargetPlatformManager: Display: Loaded TargetPlatform 'Linux'
[2025.10.02-14.48.26:255][  0]LogTargetPlatformManager: Display: Loaded TargetPlatform 'LinuxNoEditor'
[2025.10.02-14.48.26:262][  0]LogTargetPlatformManager: Display: Loaded TargetPlatform 'LinuxClient'
[2025.10.02-14.48.26:268][  0]LogTargetPlatformManager: Display: Loaded TargetPlatform 'LinuxServer'
[2025.10.02-14.48.26:279][  0]LogTargetPlatformManager: Display: Loaded TargetPlatform 'LinuxAArch64NoEditor'
[2025.10.02-14.48.26:286][  0]LogTargetPlatformManager: Display: Loaded TargetPlatform 'LinuxAArch64Client'
[2025.10.02-14.48.26:293][  0]LogTargetPlatformManager: Display: Loaded TargetPlatform 'LinuxAArch64Server'
[2025.10.02-14.48.26:324][  0]LogTargetPlatformManager: Display: Loaded TargetPlatform 'Lumin'
[2025.10.02-14.48.26:324][  0]LogTargetPlatformManager: Display: Loaded TargetPlatform 'LuminClient'
[2025.10.02-14.48.26:334][  0]LogTargetPlatformManager: Display: Loaded TargetPlatform 'MacNoEditor'
[2025.10.02-14.48.26:342][  0]LogTargetPlatformManager: Display: Loaded TargetPlatform 'Mac'
[2025.10.02-14.48.26:349][  0]LogTargetPlatformManager: Display: Loaded TargetPlatform 'MacClient'
[2025.10.02-14.48.26:356][  0]LogTargetPlatformManager: Display: Loaded TargetPlatform 'MacServer'
[2025.10.02-14.48.26:368][  0]LogTargetPlatformManager: Display: Loaded TargetPlatform 'TVOSClient'
[2025.10.02-14.48.26:368][  0]LogTargetPlatformManager: Display: Loaded TargetPlatform 'TVOS'
[2025.10.02-14.48.26:378][  0]LogTargetPlatformManager: Display: Loaded TargetPlatform 'WindowsNoEditor'
[2025.10.02-14.48.26:385][  0]LogTargetPlatformManager: Display: Loaded TargetPlatform 'Windows'
[2025.10.02-14.48.26:391][  0]LogTargetPlatformManager: Display: Loaded TargetPlatform 'WindowsClient'
[2025.10.02-14.48.26:400][  0]LogTargetPlatformManager: Display: Loaded TargetPlatform 'WindowsServer'
[2025.10.02-14.48.26:400][  0]LogTargetPlatformManager: Display: Building Assets For Windows
[2025.10.02-14.48.26:410][  0]LogAudioDebug: Display: Lib vorbis DLL was dynamically loaded.
[2025.10.02-14.48.26:452][  0]LogTextureFormatOodle: Display: Oodle Texture 2.9.0 init RDO Off
[2025.10.02-14.48.26:501][  0]LogRendererCore: Ray tracing is disabled. Reason: r.RayTracing=0.
[2025.10.02-14.48.26:501][  0]LogShaderCompilers: Guid format shader working directory is -17 characters bigger than the processId version (../../../../../Proyectos UE 4.27/TasteOfMadness/TasteOfMadness/Intermediate/Shaders/WorkingDirectory/27660/).
[2025.10.02-14.48.26:502][  0]LogShaderCompilers: Cleaned the shader compiler working directory 'C:/Users/gerar/AppData/Local/Temp/UnrealShaderWorkingDir/93805C774583E20D404C279B06B6665E/'.
[2025.10.02-14.48.26:502][  0]LogXGEController: Cannot use XGE Controller as Incredibuild is not installed on this machine.
[2025.10.02-14.48.26:502][  0]LogShaderCompilers: Cannot use XGE Shader Compiler as Incredibuild is not installed on this machine.
[2025.10.02-14.48.26:502][  0]LogShaderCompilers: Display: Using Local Shader Compiler.
[2025.10.02-14.48.27:341][  0]LogDerivedDataCache: Display: Max Cache Size: 512 MB
[2025.10.02-14.48.27:402][  0]LogDerivedDataCache: Loaded boot cache 0.06s 94MB C:/Users/gerar/AppData/Local/UnrealEngine/4.27/DerivedDataCache/Boot.ddc.
[2025.10.02-14.48.27:402][  0]LogDerivedDataCache: Display: Loaded Boot cache: C:/Users/gerar/AppData/Local/UnrealEngine/4.27/DerivedDataCache/Boot.ddc
[2025.10.02-14.48.27:402][  0]LogDerivedDataCache: FDerivedDataBackendGraph:  Pak pak cache file ../../../../../Proyectos UE 4.27/TasteOfMadness/TasteOfMadness/DerivedDataCache/DDC.ddp not found, will not use a pak cache.
[2025.10.02-14.48.27:402][  0]LogDerivedDataCache: Unable to find inner node Pak for hierarchical cache Hierarchy.
[2025.10.02-14.48.27:402][  0]LogDerivedDataCache: FDerivedDataBackendGraph:  CompressedPak pak cache file ../../../../../Proyectos UE 4.27/TasteOfMadness/TasteOfMadness/DerivedDataCache/Compressed.ddp not found, will not use a pak cache.
[2025.10.02-14.48.27:402][  0]LogDerivedDataCache: Unable to find inner node CompressedPak for hierarchical cache Hierarchy.
[2025.10.02-14.48.27:420][  0]LogDerivedDataCache: Display: Pak cache opened for reading ../../../Engine/DerivedDataCache/Compressed.ddp.
[2025.10.02-14.48.27:420][  0]LogDerivedDataCache: FDerivedDataBackendGraph:  EnterprisePak pak cache file ../../../Enterprise/DerivedDataCache/Compressed.ddp not found, will not use a pak cache.
[2025.10.02-14.48.27:420][  0]LogDerivedDataCache: Unable to find inner node EnterprisePak for hierarchical cache Hierarchy.
[2025.10.02-14.48.27:429][  0]LogDerivedDataCache: Speed tests for C:/Users/gerar/AppData/Local/UnrealEngine/Common/DerivedDataCache took 0.01 seconds
[2025.10.02-14.48.27:429][  0]LogDerivedDataCache: Display: Performance to C:/Users/gerar/AppData/Local/UnrealEngine/Common/DerivedDataCache: Latency=0.07ms. RandomReadSpeed=936.34MBs, RandomWriteSpeed=130.83MBs. Assigned SpeedClass 'Local'
[2025.10.02-14.48.27:430][  0]LogDerivedDataCache: Using Local data cache path C:/Users/gerar/AppData/Local/UnrealEngine/Common/DerivedDataCache: Writable
[2025.10.02-14.48.27:431][  0]LogDerivedDataCache: Shared data cache path not found in *engine.ini, will not use an Shared cache.
[2025.10.02-14.48.27:431][  0]LogDerivedDataCache: Unable to find inner node Shared for hierarchical cache Hierarchy.
[2025.10.02-14.48.27:480][  0]LogSlate: Using FreeType 2.10.0
[2025.10.02-14.48.27:481][  0]LogSlate: SlateFontServices - WITH_FREETYPE: 1, WITH_HARFBUZZ: 1
[2025.10.02-14.48.27:517][  0]LogAssetRegistry: FAssetRegistry took 0.0045 seconds to start up
[2025.10.02-14.48.27:793][  0]LogInit: Selected Device Profile: [Windows]
[2025.10.02-14.48.27:793][  0]LogInit: Active device profile: [0000013D9EE08700][0000013D9BD026C0 49] Windows
[2025.10.02-14.48.27:793][  0]LogInit: Profiles: [0000013D9EE08700][0000013D9BD026C0 49] Windows, [0000013D9EDC7700][0000013D9BD06800 49] WindowsNoEditor, [0000013D9EE0B300][0000013D9B78E940 49] WindowsServer, [0000013D9EDC4F00][0000013D9B792A80 49] WindowsClient, [0000013D9EE0B500][0000013D9B796BC0 49] IOS, [0000013D9ED97F00][0000013D9BF3CD40 49] iPadAir, [0000013D9EDC7B00][0000013D9BF40EC0 49] iPadAir2, [0000013D9ED50500][0000013D9BD3B180 49] IPadPro, [0000013D9ED50600][0000013D9BD371C0 49] iPadAir3, [0000013D9ED94100][0000013D9BB9F340 49] iPadAir4, [0000013D9ED52C00][0000013D9BBA34C0 49] iPadMini2, [0000013D9ED96500][0000013D9BBAB640 49] iPadMini3, [0000013D9ED53400][0000013D91D0B7C0 49] iPadMini4, [0000013D9ED94F00][0000013D91D0F940 49] iPadMini5, [0000013D9ED07E00][0000013D91D1FC00 49] iPhone6, [0000013D9ED07F00][0000013D91D160C0 49] iPodTouch6, [0000013D9EE0B900][0000013D921D8380 49] iPhone7, [0000013D9EE0A100][0000013D921C03C0 49] iPodTouch7, [0000013D9ED04400][0000013D921DC540 49] iPhone5S, [0000013D9ED53D00][0000013D9B2D26C0 49] iPhone6Plus, [0000013D9EE0B400][0000013D9B2D6840 49] iPhone6S, [0000013D9ED52000][0000013D9B79A980 49] iPhone6SPlus, [0000013D9EE08900][0000013D9B34AAC0 49] iPhone7Plus, [0000013D9ED50E00][0000013D9B34EC00 49] iPhoneSE, [0000013D9EE08200][0000013D9B352D40 49] iPhone8, [0000013D9ED52400][0000013D9B35AEC0 49] iPhone8Plus, [0000013D9EE09E00][0000013D9B71F040 49] iPhoneX, [0000013D9ED53E00][0000013D9B7231C0 49] iPhoneXS, [0000013D9EE09600][0000013D9B727340 49] iPhoneXSMax, [0000013D9ED52500][0000013D9282B4C0 49] iPhoneXR, [0000013D9EE0AA00][0000013D9B747640 49] iPhone11, [0000013D9ED53A00][0000013D9B74B7C0 49] iPhone11Pro, [0000013D9EE08F00][0000013D9B74F940 49] iPhone11ProMax, [0000013D9ED52300][0000013D9B753AC0 49] iPhoneSE2, [0000013D9EE0A700][0000013D9B75A0C0 49] iPhone12Mini, [0000013D9ED50700][0000013D9B75E240 49] iPhone12, [0000013D9EE0B100][0000013D9B7623C0 49] iPhone12Pro, [0000013D9ED53500][0000013D9B766540 49] iPhone12ProMax, [0000013D9EE08800][0000013D9B76A6C0 49] iPadPro105, [0000013D9ED51C00][0000013D9B76E840 49] iPadPro129, [0000013D9EE08300][0000013D9B7729C0 49] iPadPro97, [0000013D9ED51D00][0000013D91CFCB40 49] iPadPro2_129, [0000013D9EE08C00][0000013D9B356C80 49] iPad5, [0000013D9ED53000][0000013D9B756DC0 49] iPad6, [0000013D9EE0AC00][0000013D9B782F00 49] iPad7, [0000013D9ED52E00][0000013D9B78B080 49] iPad8, [0000013D9EE09800][0000013D919E3200 49] iPadPro11, [0000013D9ED51B00][0000013D919E7380 49] iPadPro2_11, [0000013D9EE09500][0000013D919EB500 49] iPadPro3_129, [0000013D9ED52700][0000013D919EF680 49] iPadPro4_129, [0000013D9EE08100][0000013D919F3800 49] AppleTV, [0000013D9ED52B00][0000013D91D1B980 49] AppleTV4K, [0000013D9EE09B00][0000013D9BF7DB00 49] TVOS, [0000013D9ED50900][0000013D9BD52100 49] Mac, [0000013D9EE09700][0000013D9BF78280 49] MacClient, [0000013D9ED52F00][0000013D91D12400 49] MacNoEditor, [0000013D9EE08D00][0000013D919F6580 49] MacServer, [0000013D9ED50300][0000013D919FA700 49] Linux, [0000013D9EE0AE00][0000013D9BF88880 49] LinuxAArch64, [0000013D9ED51500][0000013D9BF8CA00 49] LinuxNoEditor, [0000013D9EE0A400][0000013D9BF90B80 49] LinuxAArch64NoEditor, [0000013D9ED50200][0000013D9BF94D00 49] LinuxClient, [0000013D9EE0AD00][0000013D9B786E40 49] LinuxAArch64Client, [0000013D9ED50C00][0000013D9BF98F80 49] LinuxServer, [0000013D9EE08400][0000013D9BF9D0C0 49] LinuxAArch64Server, [0000013D9ED51000][0000013D9BFA5240 49] Android, [0000013D9ED97900][0000013D9BFA93C0 49] Android_Low, [0000013D9ED05B00][0000013D9BFAD540 49] Android_Mid, [0000013D9ED97000][0000013D919736C0 49] Android_High, [0000013D9ED06300][0000013D91977840 49] Android_Default, [0000013D9ED96000][0000013D9197B9C0 49] Android_Adreno4xx, [0000013D9ED04100][0000013D9197FB40 49] Android_Adreno5xx_Low, [0000013D9ED94B00][0000013D91982140 49] Android_Adreno5xx, [0000013D9ED05800][0000013D919862C0 49] Android_Adreno6xx, [0000013D9ED95100][0000013D9198A440 49] Android_Adreno6xx_Vulkan, [0000013D9ED04800][0000013D9198E5C0 49] Android_Mali_T6xx, [0000013D9ED97600][0000013D91992740 49] Android_Mali_T7xx, [0000013D9ED04D00][0000013D919968C0 49] Android_Mali_T8xx, [0000013D9ED97C00][0000013D9199AA40 49] Android_Mali_G71, [0000013D9ED05500][0000013D9199EBC0 49] Android_Mali_G72, [0000013D9ED97E00][0000013D919A2D40 49] Android_Mali_G72_Vulkan, [0000013D9ED07D00][0000013D919A6EC0 49] Android_Mali_G76, [0000013D9ED97A00][0000013D9BFA1000 49] Android_Mali_G76_Vulkan, [0000013D9ED07600][0000013D919AB140 49] Android_Mali_G77, [0000013D9ED96200][0000013D919AF280 49] Android_Mali_G77_Vulkan, [0000013D9ED05200][0000013D919B33C0 49] Android_Mali_G78, [0000013D9ED94A00][0000013D919BB540 49] Android_Mali_G78_Vulkan, [0000013D9ED07000][0000013D919BF6C0 49] Android_Mali_G710, [0000013D9ED95400][0000013D919C3840 49] Android_Mali_G710_Vulkan, [0000013D9ED04700][0000013D919C79C0 49] Android_Vulkan_SM5, [0000013D9ED95800][0000013D919CBB40 49] Android_PowerVR_G6xxx, [0000013D9ED04E00][0000013D919CE140 49] Android_PowerVR_GT7xxx, [0000013D9ED94200][0000013D919D22C0 49] Android_PowerVR_GE8xxx, [0000013D9ED04600][0000013D919D6440 49] Android_PowerVR_GM9xxx, [0000013D9ED96600][0000013D919DA5C0 49] Android_PowerVR_GM9xxx_Vulkan, [0000013D9ED50F00][0000013D919DE740 49] Android_TegraK1, [0000013D9ED96A00][0000013D9BEA68C0 49] Android_Unknown_Vulkan, [0000013D9ED50D00][0000013D9BEAAA40 49] Lumin, [0000013D9ED95200][0000013D9BEAEBC0 49] Lumin_Desktop, [0000013D9ED50B00][0000013D9BEB2D40 49] HoloLens, 
[2025.10.02-14.48.27:952][  0]LogMeshReduction: Using QuadricMeshReduction for automatic static mesh reduction
[2025.10.02-14.48.27:952][  0]LogMeshReduction: Using SimplygonMeshReduction for automatic skeletal mesh reduction
[2025.10.02-14.48.27:952][  0]LogMeshReduction: Using ProxyLODMeshReduction for automatic mesh merging
[2025.10.02-14.48.27:952][  0]LogMeshReduction: No distributed automatic mesh merging module available
[2025.10.02-14.48.27:952][  0]LogMeshMerging: No distributed automatic mesh merging module available
[2025.10.02-14.48.27:976][  0]LogNetVersion: TasteOfMadness 1.0.0, NetCL: 17155196, EngineNetVer: 17, GameNetVer: 0 (Checksum: 3999798361)
[2025.10.02-14.48.28:454][  0]LogTexture: Default maximum texture size for cubemaps generated from long-lat sources has been changed from 512 to unlimited. In order to preserve old behaiour for '/Engine/MapTemplates/Sky/DaylightAmbientCubemap.DaylightAmbientCubemap', its maximum texture size has been explicitly set to 512.
[2025.10.02-14.48.28:511][  0]LogHMD: PokeAHoleMaterial loaded successfully
[2025.10.02-14.48.28:516][  0]LogUObjectArray: 17178 objects as part of root set at end of initial load.
[2025.10.02-14.48.28:516][  0]LogUObjectAllocator: 4302048 out of 0 bytes used by permanent object pool.
[2025.10.02-14.48.28:516][  0]LogUObjectArray: CloseDisregardForGC: 0/0 objects in disregard for GC pool
[2025.10.02-14.48.28:850][  0]LogNiagaraDebuggerClient: Niagara Debugger Client Initialized | Session: 36F4474748A38875F027A0B8EAA48332 | Instance: 84C295EC48E14C881546159EADD4E429 (LEGIÓN_G-27660).
[2025.10.02-14.48.28:889][  0]LogPython: Using Python 3.7.7
[2025.10.02-14.48.29:474][  0]LogTcpMessaging: Initializing TcpMessaging bridge
[2025.10.02-14.48.29:480][  0]LogUdpMessaging: Initializing bridge on interface 0.0.0.0:0 to multicast group 230.0.0.1:6666.
[2025.10.02-14.48.29:675][  0]SourceControl: Source control is disabled
[2025.10.02-14.48.29:675][  0]SourceControl: Source control is disabled
[2025.10.02-14.48.29:679][  0]SourceControl: Source control is disabled
[2025.10.02-14.48.29:682][  0]SourceControl: Source control is disabled
[2025.10.02-14.48.29:695][  0]SourceControl: Source control is disabled
[2025.10.02-14.48.29:703][  0]LogUProjectInfo: Found projects:
[2025.10.02-14.48.29:963][  0]LogOpenImageDenoise: OIDN starting up
[2025.10.02-14.48.30:021][  0]LogAndroidPermission: UAndroidPermissionCallbackProxy::GetInstance
[2025.10.02-14.48.30:048][  0]LogAudioCaptureCore: Display: No Audio Capture implementations found. Audio input will be silent.
[2025.10.02-14.48.30:048][  0]LogAudioCaptureCore: Display: No Audio Capture implementations found. Audio input will be silent.
[2025.10.02-14.48.30:192][  0]LogCollectionManager: Loaded 0 collections in 0.000726 seconds
[2025.10.02-14.48.30:222][  0]LogFileCache: Scanning file cache for directory 'F:/Proyectos UE 4.27/TasteOfMadness/TasteOfMadness/Saved/Collections/' took 0.00s
[2025.10.02-14.48.30:222][  0]LogFileCache: Scanning file cache for directory 'F:/Proyectos UE 4.27/TasteOfMadness/TasteOfMadness/Content/Developers/gerar/Collections/' took 0.00s
[2025.10.02-14.48.30:222][  0]LogFileCache: Scanning file cache for directory 'F:/Proyectos UE 4.27/TasteOfMadness/TasteOfMadness/Content/Collections/' took 0.00s
[2025.10.02-14.48.30:222][  0]LogOcInput: OculusInput pre-init called
[2025.10.02-14.48.30:520][  0]LogEngine: Initializing Engine...
[2025.10.02-14.48.30:528][  0]LogHMD: Failed to enumerate extensions. Please check that you have a valid OpenXR runtime installed.
[2025.10.02-14.48.30:529][  0]LogHMD: Failed to initialize OpenVR with code 110
[2025.10.02-14.48.30:530][  0]LogMagicLeap: Warning: VR disabled because ZI is not enabled.  To enable, in the editor, Edit -> Project Settings -> Plugins -> Magic Leap Plugin -> Enable Zero Iteration
[2025.10.02-14.48.30:531][  0]LogStats: UGameplayTagsManager::InitializeManager -  0.000 s
[2025.10.02-14.48.30:660][  0]LogInit: Initializing FReadOnlyCVARCache
[2025.10.02-14.48.30:671][  0]LogAIModule: Creating AISystem for world Untitled
[2025.10.02-14.48.30:677][  0]LogAudio: Display: Initializing Audio Device Manager...
[2025.10.02-14.48.30:682][  0]LogAudio: Display: Loading Default Audio Settings Objects...
[2025.10.02-14.48.30:682][  0]LogAudio: Display: No default SoundConcurrencyObject specified (or failed to load).
[2025.10.02-14.48.30:683][  0]LogAudio: Display: Audio Device Manager Initialized
[2025.10.02-14.48.30:683][  0]LogAudio: Display: Creating Audio Device:                 Id: 1, Scope: Shared, Realtime: True
[2025.10.02-14.48.30:683][  0]LogAudioMixer: Display: Audio Mixer Platform Settings:
[2025.10.02-14.48.30:683][  0]LogAudioMixer: Display: 	Sample Rate:						  48000
[2025.10.02-14.48.30:683][  0]LogAudioMixer: Display: 	Callback Buffer Frame Size Requested: 1024
[2025.10.02-14.48.30:683][  0]LogAudioMixer: Display: 	Callback Buffer Frame Size To Use:	  1024
[2025.10.02-14.48.30:683][  0]LogAudioMixer: Display: 	Number of buffers to queue:			  2
[2025.10.02-14.48.30:683][  0]LogAudioMixer: Display: 	Max Channels (voices):				  32
[2025.10.02-14.48.30:683][  0]LogAudioMixer: Display: 	Number of Async Source Workers:		  0
[2025.10.02-14.48.30:683][  0]LogAudio: Display: AudioDevice MaxSources: 32
[2025.10.02-14.48.30:683][  0]LogAudio: Display: Audio Spatialization Plugin: None (built-in).
[2025.10.02-14.48.30:683][  0]LogAudio: Display: Audio Reverb Plugin: None (built-in).
[2025.10.02-14.48.30:683][  0]LogAudio: Display: Audio Occlusion Plugin: None (built-in).
[2025.10.02-14.48.30:683][  0]LogAudioMixer: Display: Initializing audio mixer.
[2025.10.02-14.48.30:697][  0]LogAudioMixer: Display: 0: FrontLeft
[2025.10.02-14.48.30:697][  0]LogAudioMixer: Display: 1: FrontRight
[2025.10.02-14.48.31:068][  0]LogAudioMixer: Display: Using Audio Device Altavoces (Realtek(R) Audio)
[2025.10.02-14.48.31:072][  0]LogAudioMixer: Display: Initializing Sound Submixes...
[2025.10.02-14.48.31:075][  0]LogAudioMixer: Display: Creating Master Submix 'MasterSubmixDefault'
[2025.10.02-14.48.31:075][  0]LogAudioMixer: Display: Creating Master Submix 'MasterReverbSubmixDefault'
[2025.10.02-14.48.31:076][  0]LogAudioMixer: Display: Creating Master Submix 'MasterEQSubmixDefault'
[2025.10.02-14.48.31:076][  0]LogAudioMixer: FMixerPlatformXAudio2::StartAudioStream() called
[2025.10.02-14.48.31:076][  0]LogAudioMixer: Display: Output buffers initialized: Frames=1024, Channels=2, Samples=2048
[2025.10.02-14.48.31:078][  0]LogAudioMixer: Display: Starting AudioMixerPlatformInterface::RunInternal()
[2025.10.02-14.48.31:078][  0]LogAudioMixer: Display: FMixerPlatformXAudio2::SubmitBuffer() called for the first time
[2025.10.02-14.48.31:078][  0]LogInit: FAudioDevice initialized.
[2025.10.02-14.48.31:078][  0]LogAudio: Display: Audio Device (ID: 1) registered with world 'Untitled'.
[2025.10.02-14.48.31:078][  0]LogNetVersion: Set ProjectVersion to 1.0.0.0. Version Checksum will be recalculated on next use.
[2025.10.02-14.48.31:151][  0]LogDerivedDataCache: Saved boot cache 0.07s 94MB C:/Users/gerar/AppData/Local/UnrealEngine/4.27/DerivedDataCache/Boot.ddc.
[2025.10.02-14.48.31:152][  0]LogInit: Texture streaming: Enabled
[2025.10.02-14.48.31:169][  0]LogAnalytics: Display: [UEEditor.Rocket.Release] APIServer = https://datarouter.ol.epicgames.com/. AppVersion = 4.27.2-18319896+++UE4+Release-4.27
[2025.10.02-14.48.31:174][  0]LogEngineSessionManager: EngineSessionManager initialized
[2025.10.02-14.48.31:174][  0]LogEditorSessionSummary: Verbose: Initializing EditorSessionSummaryWriter for editor session tracking
[2025.10.02-14.48.31:178][  0]LogEditorSessionSummary: EditorSessionSummaryWriter initialized
[2025.10.02-14.48.31:212][  0]LogInit: Transaction tracking system initialized
[2025.10.02-14.48.31:238][  0]BlueprintLog: New page: Editor Load
[2025.10.02-14.48.31:316][  0]LocalizationService: Localization service is disabled
[2025.10.02-14.48.31:348][  0]TimingProfiler: Initialize
[2025.10.02-14.48.31:348][  0]TimingProfiler: OnSessionChanged
[2025.10.02-14.48.31:348][  0]LoadingProfiler: Initialize
[2025.10.02-14.48.31:348][  0]LoadingProfiler: OnSessionChanged
[2025.10.02-14.48.31:348][  0]NetworkingProfiler: Initialize
[2025.10.02-14.48.31:348][  0]NetworkingProfiler: OnSessionChanged
[2025.10.02-14.48.31:348][  0]MemoryProfiler: Initialize
[2025.10.02-14.48.31:348][  0]MemoryProfiler: OnSessionChanged
[2025.10.02-14.48.31:538][  0]LogCook: Display: CookSettings for Memory: MemoryMaxUsedVirtual 0MiB, MemoryMaxUsedPhysical 16384MiB, MemoryMinFreeVirtual 0MiB, MemoryMinFreePhysical 1024MiB
[2025.10.02-14.48.31:538][  0]LogCook: Display: Mobile HDR setting 1
[2025.10.02-14.48.31:699][  0]LogFileCache: Scanning file cache for directory 'F:/Proyectos UE 4.27/TasteOfMadness/TasteOfMadness/Content/' took 0.01s
[2025.10.02-14.48.32:086][  0]LogInit: Display: Engine is initialized. Leaving FEngineLoop::Init()
[2025.10.02-14.48.32:092][  0]SourceControl: Source control is disabled
[2025.10.02-14.48.32:092][  0]LogUnrealEdMisc: Loading editor; pre map load, took 9.353
[2025.10.02-14.48.32:092][  0]Cmd: MAP LOAD FILE="../../../../../Proyectos UE 4.27/TasteOfMadness/TasteOfMadness/Content/ThirdPersonBP/Maps/ThirdPersonExampleMap.umap" TEMPLATE=0 SHOWPROGRESS=1 FEATURELEVEL=3
[2025.10.02-14.48.32:093][  0]LightingResults: New page: Lighting Build
[2025.10.02-14.48.32:094][  0]LogWorld: UWorld::CleanupWorld for Untitled, bSessionEnded=true, bCleanupResources=true
[2025.10.02-14.48.32:094][  0]LogSlate: InvalidateAllWidgets triggered.  All widgets were invalidated
[2025.10.02-14.48.32:094][  0]MapCheck: New page: Map Check
[2025.10.02-14.48.32:094][  0]LightingResults: New page: Lighting Build
[2025.10.02-14.48.32:100][  0]LogAudio: Display: Audio Device unregistered from world 'None'.
[2025.10.02-14.48.32:104][  0]LogUObjectHash: Compacting FUObjectHashTables data took   0.87ms
[2025.10.02-14.48.32:743][  0]LogAudio: Display: Audio Device (ID: 1) registered with world 'ThirdPersonExampleMap'.
[2025.10.02-14.48.32:744][  0]LogAIModule: Creating AISystem for world ThirdPersonExampleMap
[2025.10.02-14.48.32:771][  0]LogEditorServer: Finished looking for orphan Actors (0.000 secs)
[2025.10.02-14.48.32:785][  0]LogUObjectHash: Compacting FUObjectHashTables data took   0.97ms
[2025.10.02-14.48.32:786][  0]Cmd: MAP CHECKDEP NOCLEARLOG
[2025.10.02-14.48.32:786][  0]MapCheck: Map check complete: 0 Error(s), 0 Warning(s), took 0.122ms to complete.
[2025.10.02-14.48.32:786][  0]LogFileHelpers: Loading map 'ThirdPersonExampleMap' took 0.695
[2025.10.02-14.48.32:789][  0]LogUnrealEdMisc: Total Editor Startup Time, took 10.050
[2025.10.02-14.48.32:977][  0]LogSlate: Updating window title bar state: overlay mode, drag disabled, window buttons hidden, title bar hidden
[2025.10.02-14.48.32:987][  0]LogSlate: Updating window title bar state: overlay mode, drag disabled, window buttons hidden, title bar hidden
[2025.10.02-14.48.32:995][  0]LogSlate: Updating window title bar state: overlay mode, drag disabled, window buttons hidden, title bar hidden
[2025.10.02-14.48.33:001][  0]LogSlate: Updating window title bar state: overlay mode, drag disabled, window buttons hidden, title bar hidden
[2025.10.02-14.48.33:037][  0]LogNativeClassHierarchy: Verbose: Native class hierarchy populated in 0.0111 seconds. Added 3822 classes and 928 folders.
[2025.10.02-14.48.33:053][  0]LogNativeClassHierarchy: Verbose: Native class hierarchy updated for 'WidgetCarousel' in 0.0004 seconds. Added 0 classes and 0 folders.
[2025.10.02-14.48.33:061][  0]LogPakFile: PakFile PrimaryIndexSize=187
[2025.10.02-14.48.33:061][  0]LogPakFile: PakFile PathHashIndexSize=101
[2025.10.02-14.48.33:061][  0]LogPakFile: PakFile FullDirectoryIndexSize=148
[2025.10.02-14.48.33:061][  0]LogShaderLibrary: Display: ShaderCodeLibraryPakFileMountedCallback: PakFile 'F:/Games/UE_4.27/FeaturePacks/FP_FirstPerson.upack' (chunk index -1, root 'root:/') mounted
[2025.10.02-14.48.33:061][  0]LogShaderLibrary: Display: ShaderCodeLibraryPakFileMountedCallback: pending pak file info (ChunkID:-1 Root:root:/ File:F:/Games/UE_4.27/FeaturePacks/FP_FirstPerson.upack)
[2025.10.02-14.48.33:062][  0]LogPakFile: OnPakFileMounted2Time == 0.000862
[2025.10.02-14.48.33:066][  0]LogPakFile: PakFile PrimaryIndexSize=189
[2025.10.02-14.48.33:066][  0]LogPakFile: PakFile PathHashIndexSize=101
[2025.10.02-14.48.33:066][  0]LogPakFile: PakFile FullDirectoryIndexSize=152
[2025.10.02-14.48.33:066][  0]LogShaderLibrary: Display: ShaderCodeLibraryPakFileMountedCallback: PakFile 'F:/Games/UE_4.27/FeaturePacks/FP_FirstPersonBP.upack' (chunk index -1, root 'root:/') mounted
[2025.10.02-14.48.33:066][  0]LogShaderLibrary: Display: ShaderCodeLibraryPakFileMountedCallback: pending pak file info (ChunkID:-1 Root:root:/ File:F:/Games/UE_4.27/FeaturePacks/FP_FirstPersonBP.upack)
[2025.10.02-14.48.33:066][  0]LogPakFile: OnPakFileMounted2Time == 0.000045
[2025.10.02-14.48.33:067][  0]LogPakFile: PakFile PrimaryIndexSize=191
[2025.10.02-14.48.33:067][  0]LogPakFile: PakFile PathHashIndexSize=101
[2025.10.02-14.48.33:067][  0]LogPakFile: PakFile FullDirectoryIndexSize=160
[2025.10.02-14.48.33:067][  0]LogShaderLibrary: Display: ShaderCodeLibraryPakFileMountedCallback: PakFile 'F:/Games/UE_4.27/FeaturePacks/MobileStarterContent.upack' (chunk index -1, root 'root:/') mounted
[2025.10.02-14.48.33:068][  0]LogShaderLibrary: Display: ShaderCodeLibraryPakFileMountedCallback: pending pak file info (ChunkID:-1 Root:root:/ File:F:/Games/UE_4.27/FeaturePacks/MobileStarterContent.upack)
[2025.10.02-14.48.33:068][  0]LogPakFile: OnPakFileMounted2Time == 0.000037
[2025.10.02-14.48.33:070][  0]LogPakFile: PakFile PrimaryIndexSize=185
[2025.10.02-14.48.33:070][  0]LogPakFile: PakFile PathHashIndexSize=101
[2025.10.02-14.48.33:070][  0]LogPakFile: PakFile FullDirectoryIndexSize=148
[2025.10.02-14.48.33:070][  0]LogShaderLibrary: Display: ShaderCodeLibraryPakFileMountedCallback: PakFile 'F:/Games/UE_4.27/FeaturePacks/StarterContent.upack' (chunk index -1, root 'root:/') mounted
[2025.10.02-14.48.33:070][  0]LogShaderLibrary: Display: ShaderCodeLibraryPakFileMountedCallback: pending pak file info (ChunkID:-1 Root:root:/ File:F:/Games/UE_4.27/FeaturePacks/StarterContent.upack)
[2025.10.02-14.48.33:070][  0]LogPakFile: OnPakFileMounted2Time == 0.000051
[2025.10.02-14.48.33:073][  0]LogPakFile: PakFile PrimaryIndexSize=190
[2025.10.02-14.48.33:073][  0]LogPakFile: PakFile PathHashIndexSize=101
[2025.10.02-14.48.33:073][  0]LogPakFile: PakFile FullDirectoryIndexSize=154
[2025.10.02-14.48.33:073][  0]LogShaderLibrary: Display: ShaderCodeLibraryPakFileMountedCallback: PakFile 'F:/Games/UE_4.27/FeaturePacks/TP_2DSideScroller.upack' (chunk index -1, root 'root:/') mounted
[2025.10.02-14.48.33:073][  0]LogShaderLibrary: Display: ShaderCodeLibraryPakFileMountedCallback: pending pak file info (ChunkID:-1 Root:root:/ File:F:/Games/UE_4.27/FeaturePacks/TP_2DSideScroller.upack)
[2025.10.02-14.48.33:073][  0]LogPakFile: OnPakFileMounted2Time == 0.000029
[2025.10.02-14.48.33:075][  0]LogPakFile: PakFile PrimaryIndexSize=192
[2025.10.02-14.48.33:075][  0]LogPakFile: PakFile PathHashIndexSize=101
[2025.10.02-14.48.33:075][  0]LogPakFile: PakFile FullDirectoryIndexSize=158
[2025.10.02-14.48.33:075][  0]LogShaderLibrary: Display: ShaderCodeLibraryPakFileMountedCallback: PakFile 'F:/Games/UE_4.27/FeaturePacks/TP_2DSideScrollerBP.upack' (chunk index -1, root 'root:/') mounted
[2025.10.02-14.48.33:075][  0]LogShaderLibrary: Display: ShaderCodeLibraryPakFileMountedCallback: pending pak file info (ChunkID:-1 Root:root:/ File:F:/Games/UE_4.27/FeaturePacks/TP_2DSideScrollerBP.upack)
[2025.10.02-14.48.33:075][  0]LogPakFile: OnPakFileMounted2Time == 0.000040
[2025.10.02-14.48.33:077][  0]LogPakFile: PakFile PrimaryIndexSize=182
[2025.10.02-14.48.33:077][  0]LogPakFile: PakFile PathHashIndexSize=101
[2025.10.02-14.48.33:077][  0]LogPakFile: PakFile FullDirectoryIndexSize=138
[2025.10.02-14.48.33:077][  0]LogShaderLibrary: Display: ShaderCodeLibraryPakFileMountedCallback: PakFile 'F:/Games/UE_4.27/FeaturePacks/TP_Flying.upack' (chunk index -1, root 'root:/') mounted
[2025.10.02-14.48.33:077][  0]LogShaderLibrary: Display: ShaderCodeLibraryPakFileMountedCallback: pending pak file info (ChunkID:-1 Root:root:/ File:F:/Games/UE_4.27/FeaturePacks/TP_Flying.upack)
[2025.10.02-14.48.33:077][  0]LogPakFile: OnPakFileMounted2Time == 0.000034
[2025.10.02-14.48.33:079][  0]LogPakFile: PakFile PrimaryIndexSize=184
[2025.10.02-14.48.33:079][  0]LogPakFile: PakFile PathHashIndexSize=101
[2025.10.02-14.48.33:079][  0]LogPakFile: PakFile FullDirectoryIndexSize=142
[2025.10.02-14.48.33:079][  0]LogShaderLibrary: Display: ShaderCodeLibraryPakFileMountedCallback: PakFile 'F:/Games/UE_4.27/FeaturePacks/TP_FlyingBP.upack' (chunk index -1, root 'root:/') mounted
[2025.10.02-14.48.33:079][  0]LogShaderLibrary: Display: ShaderCodeLibraryPakFileMountedCallback: pending pak file info (ChunkID:-1 Root:root:/ File:F:/Games/UE_4.27/FeaturePacks/TP_FlyingBP.upack)
[2025.10.02-14.48.33:079][  0]LogPakFile: OnPakFileMounted2Time == 0.000051
[2025.10.02-14.48.33:081][  0]LogPakFile: PakFile PrimaryIndexSize=188
[2025.10.02-14.48.33:081][  0]LogPakFile: PakFile PathHashIndexSize=101
[2025.10.02-14.48.33:081][  0]LogPakFile: PakFile FullDirectoryIndexSize=150
[2025.10.02-14.48.33:081][  0]LogShaderLibrary: Display: ShaderCodeLibraryPakFileMountedCallback: PakFile 'F:/Games/UE_4.27/FeaturePacks/TP_HandheldARBP.upack' (chunk index -1, root 'root:/') mounted
[2025.10.02-14.48.33:081][  0]LogShaderLibrary: Display: ShaderCodeLibraryPakFileMountedCallback: pending pak file info (ChunkID:-1 Root:root:/ File:F:/Games/UE_4.27/FeaturePacks/TP_HandheldARBP.upack)
[2025.10.02-14.48.33:081][  0]LogPakFile: OnPakFileMounted2Time == 0.000099
[2025.10.02-14.48.33:084][  0]LogPakFile: PakFile PrimaryIndexSize=182
[2025.10.02-14.48.33:084][  0]LogPakFile: PakFile PathHashIndexSize=101
[2025.10.02-14.48.33:084][  0]LogPakFile: PakFile FullDirectoryIndexSize=138
[2025.10.02-14.48.33:084][  0]LogShaderLibrary: Display: ShaderCodeLibraryPakFileMountedCallback: PakFile 'F:/Games/UE_4.27/FeaturePacks/TP_Puzzle.upack' (chunk index -1, root 'root:/') mounted
[2025.10.02-14.48.33:084][  0]LogShaderLibrary: Display: ShaderCodeLibraryPakFileMountedCallback: pending pak file info (ChunkID:-1 Root:root:/ File:F:/Games/UE_4.27/FeaturePacks/TP_Puzzle.upack)
[2025.10.02-14.48.33:084][  0]LogPakFile: OnPakFileMounted2Time == 0.000055
[2025.10.02-14.48.33:086][  0]LogPakFile: PakFile PrimaryIndexSize=184
[2025.10.02-14.48.33:086][  0]LogPakFile: PakFile PathHashIndexSize=101
[2025.10.02-14.48.33:086][  0]LogPakFile: PakFile FullDirectoryIndexSize=142
[2025.10.02-14.48.33:086][  0]LogShaderLibrary: Display: ShaderCodeLibraryPakFileMountedCallback: PakFile 'F:/Games/UE_4.27/FeaturePacks/TP_PuzzleBP.upack' (chunk index -1, root 'root:/') mounted
[2025.10.02-14.48.33:086][  0]LogShaderLibrary: Display: ShaderCodeLibraryPakFileMountedCallback: pending pak file info (ChunkID:-1 Root:root:/ File:F:/Games/UE_4.27/FeaturePacks/TP_PuzzleBP.upack)
[2025.10.02-14.48.33:086][  0]LogPakFile: OnPakFileMounted2Time == 0.000029
[2025.10.02-14.48.33:087][  0]LogPakFile: PakFile PrimaryIndexSize=183
[2025.10.02-14.48.33:087][  0]LogPakFile: PakFile PathHashIndexSize=101
[2025.10.02-14.48.33:087][  0]LogPakFile: PakFile FullDirectoryIndexSize=140
[2025.10.02-14.48.33:088][  0]LogShaderLibrary: Display: ShaderCodeLibraryPakFileMountedCallback: PakFile 'F:/Games/UE_4.27/FeaturePacks/TP_Rolling.upack' (chunk index -1, root 'root:/') mounted
[2025.10.02-14.48.33:088][  0]LogShaderLibrary: Display: ShaderCodeLibraryPakFileMountedCallback: pending pak file info (ChunkID:-1 Root:root:/ File:F:/Games/UE_4.27/FeaturePacks/TP_Rolling.upack)
[2025.10.02-14.48.33:088][  0]LogPakFile: OnPakFileMounted2Time == 0.000136
[2025.10.02-14.48.33:090][  0]LogPakFile: PakFile PrimaryIndexSize=185
[2025.10.02-14.48.33:090][  0]LogPakFile: PakFile PathHashIndexSize=101
[2025.10.02-14.48.33:090][  0]LogPakFile: PakFile FullDirectoryIndexSize=144
[2025.10.02-14.48.33:090][  0]LogShaderLibrary: Display: ShaderCodeLibraryPakFileMountedCallback: PakFile 'F:/Games/UE_4.27/FeaturePacks/TP_RollingBP.upack' (chunk index -1, root 'root:/') mounted
[2025.10.02-14.48.33:090][  0]LogShaderLibrary: Display: ShaderCodeLibraryPakFileMountedCallback: pending pak file info (ChunkID:-1 Root:root:/ File:F:/Games/UE_4.27/FeaturePacks/TP_RollingBP.upack)
[2025.10.02-14.48.33:090][  0]LogPakFile: OnPakFileMounted2Time == 0.000032
[2025.10.02-14.48.33:091][  0]LogPakFile: PakFile PrimaryIndexSize=188
[2025.10.02-14.48.33:091][  0]LogPakFile: PakFile PathHashIndexSize=101
[2025.10.02-14.48.33:091][  0]LogPakFile: PakFile FullDirectoryIndexSize=150
[2025.10.02-14.48.33:091][  0]LogShaderLibrary: Display: ShaderCodeLibraryPakFileMountedCallback: PakFile 'F:/Games/UE_4.27/FeaturePacks/TP_SideScroller.upack' (chunk index -1, root 'root:/') mounted
[2025.10.02-14.48.33:091][  0]LogShaderLibrary: Display: ShaderCodeLibraryPakFileMountedCallback: pending pak file info (ChunkID:-1 Root:root:/ File:F:/Games/UE_4.27/FeaturePacks/TP_SideScroller.upack)
[2025.10.02-14.48.33:091][  0]LogPakFile: OnPakFileMounted2Time == 0.000028
[2025.10.02-14.48.33:093][  0]LogPakFile: PakFile PrimaryIndexSize=190
[2025.10.02-14.48.33:093][  0]LogPakFile: PakFile PathHashIndexSize=101
[2025.10.02-14.48.33:093][  0]LogPakFile: PakFile FullDirectoryIndexSize=154
[2025.10.02-14.48.33:093][  0]LogShaderLibrary: Display: ShaderCodeLibraryPakFileMountedCallback: PakFile 'F:/Games/UE_4.27/FeaturePacks/TP_SideScrollerBP.upack' (chunk index -1, root 'root:/') mounted
[2025.10.02-14.48.33:093][  0]LogShaderLibrary: Display: ShaderCodeLibraryPakFileMountedCallback: pending pak file info (ChunkID:-1 Root:root:/ File:F:/Games/UE_4.27/FeaturePacks/TP_SideScrollerBP.upack)
[2025.10.02-14.48.33:093][  0]LogPakFile: OnPakFileMounted2Time == 0.000032
[2025.10.02-14.48.33:096][  0]LogPakFile: PakFile PrimaryIndexSize=187
[2025.10.02-14.48.33:096][  0]LogPakFile: PakFile PathHashIndexSize=101
[2025.10.02-14.48.33:096][  0]LogPakFile: PakFile FullDirectoryIndexSize=148
[2025.10.02-14.48.33:096][  0]LogShaderLibrary: Display: ShaderCodeLibraryPakFileMountedCallback: PakFile 'F:/Games/UE_4.27/FeaturePacks/TP_ThirdPerson.upack' (chunk index -1, root 'root:/') mounted
[2025.10.02-14.48.33:096][  0]LogShaderLibrary: Display: ShaderCodeLibraryPakFileMountedCallback: pending pak file info (ChunkID:-1 Root:root:/ File:F:/Games/UE_4.27/FeaturePacks/TP_ThirdPerson.upack)
[2025.10.02-14.48.33:096][  0]LogPakFile: OnPakFileMounted2Time == 0.000036
[2025.10.02-14.48.33:097][  0]LogPakFile: PakFile PrimaryIndexSize=189
[2025.10.02-14.48.33:098][  0]LogPakFile: PakFile PathHashIndexSize=101
[2025.10.02-14.48.33:098][  0]LogPakFile: PakFile FullDirectoryIndexSize=152
[2025.10.02-14.48.33:098][  0]LogShaderLibrary: Display: ShaderCodeLibraryPakFileMountedCallback: PakFile 'F:/Games/UE_4.27/FeaturePacks/TP_ThirdPersonBP.upack' (chunk index -1, root 'root:/') mounted
[2025.10.02-14.48.33:098][  0]LogShaderLibrary: Display: ShaderCodeLibraryPakFileMountedCallback: pending pak file info (ChunkID:-1 Root:root:/ File:F:/Games/UE_4.27/FeaturePacks/TP_ThirdPersonBP.upack)
[2025.10.02-14.48.33:098][  0]LogPakFile: OnPakFileMounted2Time == 0.000030
[2025.10.02-14.48.33:099][  0]LogPakFile: PakFile PrimaryIndexSize=183
[2025.10.02-14.48.33:099][  0]LogPakFile: PakFile PathHashIndexSize=101
[2025.10.02-14.48.33:099][  0]LogPakFile: PakFile FullDirectoryIndexSize=140
[2025.10.02-14.48.33:099][  0]LogShaderLibrary: Display: ShaderCodeLibraryPakFileMountedCallback: PakFile 'F:/Games/UE_4.27/FeaturePacks/TP_TopDown.upack' (chunk index -1, root 'root:/') mounted
[2025.10.02-14.48.33:099][  0]LogShaderLibrary: Display: ShaderCodeLibraryPakFileMountedCallback: pending pak file info (ChunkID:-1 Root:root:/ File:F:/Games/UE_4.27/FeaturePacks/TP_TopDown.upack)
[2025.10.02-14.48.33:099][  0]LogPakFile: OnPakFileMounted2Time == 0.000038
[2025.10.02-14.48.33:101][  0]LogPakFile: PakFile PrimaryIndexSize=185
[2025.10.02-14.48.33:101][  0]LogPakFile: PakFile PathHashIndexSize=101
[2025.10.02-14.48.33:101][  0]LogPakFile: PakFile FullDirectoryIndexSize=144
[2025.10.02-14.48.33:101][  0]LogShaderLibrary: Display: ShaderCodeLibraryPakFileMountedCallback: PakFile 'F:/Games/UE_4.27/FeaturePacks/TP_TopDownBP.upack' (chunk index -1, root 'root:/') mounted
[2025.10.02-14.48.33:101][  0]LogShaderLibrary: Display: ShaderCodeLibraryPakFileMountedCallback: pending pak file info (ChunkID:-1 Root:root:/ File:F:/Games/UE_4.27/FeaturePacks/TP_TopDownBP.upack)
[2025.10.02-14.48.33:101][  0]LogPakFile: OnPakFileMounted2Time == 0.000034
[2025.10.02-14.48.33:103][  0]LogPakFile: PakFile PrimaryIndexSize=185
[2025.10.02-14.48.33:103][  0]LogPakFile: PakFile PathHashIndexSize=101
[2025.10.02-14.48.33:103][  0]LogPakFile: PakFile FullDirectoryIndexSize=144
[2025.10.02-14.48.33:103][  0]LogShaderLibrary: Display: ShaderCodeLibraryPakFileMountedCallback: PakFile 'F:/Games/UE_4.27/FeaturePacks/TP_TwinStick.upack' (chunk index -1, root 'root:/') mounted
[2025.10.02-14.48.33:103][  0]LogShaderLibrary: Display: ShaderCodeLibraryPakFileMountedCallback: pending pak file info (ChunkID:-1 Root:root:/ File:F:/Games/UE_4.27/FeaturePacks/TP_TwinStick.upack)
[2025.10.02-14.48.33:103][  0]LogPakFile: OnPakFileMounted2Time == 0.000036
[2025.10.02-14.48.33:104][  0]LogPakFile: PakFile PrimaryIndexSize=187
[2025.10.02-14.48.33:104][  0]LogPakFile: PakFile PathHashIndexSize=101
[2025.10.02-14.48.33:104][  0]LogPakFile: PakFile FullDirectoryIndexSize=148
[2025.10.02-14.48.33:104][  0]LogShaderLibrary: Display: ShaderCodeLibraryPakFileMountedCallback: PakFile 'F:/Games/UE_4.27/FeaturePacks/TP_TwinStickBP.upack' (chunk index -1, root 'root:/') mounted
[2025.10.02-14.48.33:104][  0]LogShaderLibrary: Display: ShaderCodeLibraryPakFileMountedCallback: pending pak file info (ChunkID:-1 Root:root:/ File:F:/Games/UE_4.27/FeaturePacks/TP_TwinStickBP.upack)
[2025.10.02-14.48.33:104][  0]LogPakFile: OnPakFileMounted2Time == 0.000033
[2025.10.02-14.48.33:105][  0]LogPakFile: PakFile PrimaryIndexSize=183
[2025.10.02-14.48.33:105][  0]LogPakFile: PakFile PathHashIndexSize=101
[2025.10.02-14.48.33:105][  0]LogPakFile: PakFile FullDirectoryIndexSize=140
[2025.10.02-14.48.33:105][  0]LogShaderLibrary: Display: ShaderCodeLibraryPakFileMountedCallback: PakFile 'F:/Games/UE_4.27/FeaturePacks/TP_Vehicle.upack' (chunk index -1, root 'root:/') mounted
[2025.10.02-14.48.33:106][  0]LogShaderLibrary: Display: ShaderCodeLibraryPakFileMountedCallback: pending pak file info (ChunkID:-1 Root:root:/ File:F:/Games/UE_4.27/FeaturePacks/TP_Vehicle.upack)
[2025.10.02-14.48.33:106][  0]LogPakFile: OnPakFileMounted2Time == 0.000044
[2025.10.02-14.48.33:107][  0]LogPakFile: PakFile PrimaryIndexSize=186
[2025.10.02-14.48.33:107][  0]LogPakFile: PakFile PathHashIndexSize=101
[2025.10.02-14.48.33:107][  0]LogPakFile: PakFile FullDirectoryIndexSize=146
[2025.10.02-14.48.33:107][  0]LogShaderLibrary: Display: ShaderCodeLibraryPakFileMountedCallback: PakFile 'F:/Games/UE_4.27/FeaturePacks/TP_VehicleAdv.upack' (chunk index -1, root 'root:/') mounted
[2025.10.02-14.48.33:107][  0]LogShaderLibrary: Display: ShaderCodeLibraryPakFileMountedCallback: pending pak file info (ChunkID:-1 Root:root:/ File:F:/Games/UE_4.27/FeaturePacks/TP_VehicleAdv.upack)
[2025.10.02-14.48.33:107][  0]LogPakFile: OnPakFileMounted2Time == 0.000028
[2025.10.02-14.48.33:109][  0]LogPakFile: PakFile PrimaryIndexSize=188
[2025.10.02-14.48.33:109][  0]LogPakFile: PakFile PathHashIndexSize=101
[2025.10.02-14.48.33:109][  0]LogPakFile: PakFile FullDirectoryIndexSize=150
[2025.10.02-14.48.33:109][  0]LogShaderLibrary: Display: ShaderCodeLibraryPakFileMountedCallback: PakFile 'F:/Games/UE_4.27/FeaturePacks/TP_VehicleAdvBP.upack' (chunk index -1, root 'root:/') mounted
[2025.10.02-14.48.33:109][  0]LogShaderLibrary: Display: ShaderCodeLibraryPakFileMountedCallback: pending pak file info (ChunkID:-1 Root:root:/ File:F:/Games/UE_4.27/FeaturePacks/TP_VehicleAdvBP.upack)
[2025.10.02-14.48.33:109][  0]LogPakFile: OnPakFileMounted2Time == 0.000028
[2025.10.02-14.48.33:111][  0]LogPakFile: PakFile PrimaryIndexSize=185
[2025.10.02-14.48.33:111][  0]LogPakFile: PakFile PathHashIndexSize=101
[2025.10.02-14.48.33:111][  0]LogPakFile: PakFile FullDirectoryIndexSize=144
[2025.10.02-14.48.33:111][  0]LogShaderLibrary: Display: ShaderCodeLibraryPakFileMountedCallback: PakFile 'F:/Games/UE_4.27/FeaturePacks/TP_VehicleBP.upack' (chunk index -1, root 'root:/') mounted
[2025.10.02-14.48.33:111][  0]LogShaderLibrary: Display: ShaderCodeLibraryPakFileMountedCallback: pending pak file info (ChunkID:-1 Root:root:/ File:F:/Games/UE_4.27/FeaturePacks/TP_VehicleBP.upack)
[2025.10.02-14.48.33:111][  0]LogPakFile: OnPakFileMounted2Time == 0.000064
[2025.10.02-14.48.33:114][  0]LogPakFile: PakFile PrimaryIndexSize=192
[2025.10.02-14.48.33:114][  0]LogPakFile: PakFile PathHashIndexSize=101
[2025.10.02-14.48.33:114][  0]LogPakFile: PakFile FullDirectoryIndexSize=158
[2025.10.02-14.48.33:114][  0]LogShaderLibrary: Display: ShaderCodeLibraryPakFileMountedCallback: PakFile 'F:/Games/UE_4.27/FeaturePacks/TP_VirtualRealityBP.upack' (chunk index -1, root 'root:/') mounted
[2025.10.02-14.48.33:114][  0]LogShaderLibrary: Display: ShaderCodeLibraryPakFileMountedCallback: pending pak file info (ChunkID:-1 Root:root:/ File:F:/Games/UE_4.27/FeaturePacks/TP_VirtualRealityBP.upack)
[2025.10.02-14.48.33:114][  0]LogPakFile: OnPakFileMounted2Time == 0.000033
[2025.10.02-14.48.33:250][  0]LogNativeClassHierarchy: Verbose: Native class hierarchy updated for 'AddContentDialog' in 0.0003 seconds. Added 0 classes and 0 folders.
[2025.10.02-14.48.33:261][  0]LogNativeClassHierarchy: Verbose: Native class hierarchy updated for 'SceneOutliner' in 0.0003 seconds. Added 2 classes and 0 folders.
[2025.10.02-14.48.33:421][  0]LogSlate: Took 0.000301 seconds to synchronously load lazily loaded font '../../../Engine/Content/Slate/Fonts/Roboto-Regular.ttf' (155K)
[2025.10.02-14.48.33:424][  0]LogSlate: Took 0.000765 seconds to synchronously load lazily loaded font '../../../Engine/Content/Editor/Slate/Fonts/FontAwesome.ttf' (139K)
[2025.10.02-14.48.33:426][  0]LogSlate: Took 0.000332 seconds to synchronously load lazily loaded font '../../../Engine/Content/Slate/Fonts/Roboto-Bold.ttf' (160K)
[2025.10.02-14.48.33:555][  0]LogRenderer: Reallocating scene render targets to support 940x424 Format 10 NumSamples 1 (Frame:1).
[2025.10.02-14.48.33:928][  0]LogNativeClassHierarchy: Verbose: Native class hierarchy updated for 'HierarchicalLODOutliner' in 0.0004 seconds. Added 0 classes and 0 folders.
[2025.10.02-14.48.33:928][  0]LogLoad: (Engine Initialization) Total time: 11.19 seconds
[2025.10.02-14.48.33:928][  0]LogLoad: (Engine Initialization) Total Blueprint compile time: 0.00 seconds
[2025.10.02-14.48.34:000][  0]LogAssetRegistry: Asset discovery search completed in 6.4850 seconds
[2025.10.02-14.48.34:009][  0]LogCollectionManager: Fixed up redirectors for 0 collections in 0.000005 seconds (updated 0 objects)
[2025.10.02-14.48.34:013][  0]LogContentStreaming: Texture pool size now 1000 MB
[2025.10.02-14.48.34:083][  2]LogSlate: Took 0.001094 seconds to synchronously load lazily loaded font '../../../Engine/Content/Slate/Fonts/Roboto-Light.ttf' (167K)
[2025.10.02-14.48.34:963][ 35]LogSlate: Took 0.000434 seconds to synchronously load lazily loaded font '../../../Engine/Content/Slate/Fonts/Roboto-Light.ttf' (167K)
[2025.10.02-14.48.38:655][249]LogEditorViewport: Clicking on Actor (LMB): StaticMeshActor (Floor)
[2025.10.02-14.48.41:510][411]LogTemp: Repeating last play command: Selected Viewport
[2025.10.02-14.48.41:522][411]LogPlayLevel: PlayLevel: No blueprints needed recompiling
[2025.10.02-14.48.41:526][411]PIE: New page: PIE session: ThirdPersonExampleMap (2 oct. 2025 3:48:41)
[2025.10.02-14.48.41:527][411]LogOnline: OSS: Creating online subsystem instance for: NULL
[2025.10.02-14.48.41:530][411]LogOnline: OSS: TryLoadSubsystemAndSetDefault: Loaded subsystem for module [NULL]
[2025.10.02-14.48.41:531][411]LogPlayLevel: Creating play world package: /Game/ThirdPersonBP/Maps/UEDPIE_0_ThirdPersonExampleMap
[2025.10.02-14.48.41:548][411]LogPlayLevel: PIE: StaticDuplicateObject took: (0.016817s)
[2025.10.02-14.48.41:551][411]LogAIModule: Creating AISystem for world ThirdPersonExampleMap
[2025.10.02-14.48.41:552][411]LogPlayLevel: PIE: World Init took: (0.003569s)
[2025.10.02-14.48.41:552][411]LogPlayLevel: PIE: Created PIE world by copying editor world from /Game/ThirdPersonBP/Maps/ThirdPersonExampleMap.ThirdPersonExampleMap to /Game/ThirdPersonBP/Maps/UEDPIE_0_ThirdPersonExampleMap.ThirdPersonExampleMap (0.021039s)
[2025.10.02-14.48.41:558][411]LogUObjectHash: Compacting FUObjectHashTables data took   0.69ms
[2025.10.02-14.48.41:560][411]LogAudio: Display: Creating Audio Device:                 Id: 2, Scope: Unique, Realtime: True
[2025.10.02-14.48.41:561][411]LogAudioMixer: Display: Audio Mixer Platform Settings:
[2025.10.02-14.48.41:561][411]LogAudioMixer: Display: 	Sample Rate:						  48000
[2025.10.02-14.48.41:561][411]LogAudioMixer: Display: 	Callback Buffer Frame Size Requested: 1024
[2025.10.02-14.48.41:561][411]LogAudioMixer: Display: 	Callback Buffer Frame Size To Use:	  1024
[2025.10.02-14.48.41:561][411]LogAudioMixer: Display: 	Number of buffers to queue:			  2
[2025.10.02-14.48.41:561][411]LogAudioMixer: Display: 	Max Channels (voices):				  32
[2025.10.02-14.48.41:561][411]LogAudioMixer: Display: 	Number of Async Source Workers:		  0
[2025.10.02-14.48.41:561][411]LogAudio: Display: AudioDevice MaxSources: 32
[2025.10.02-14.48.41:561][411]LogAudio: Display: Audio Spatialization Plugin: None (built-in).
[2025.10.02-14.48.41:561][411]LogAudio: Display: Audio Reverb Plugin: None (built-in).
[2025.10.02-14.48.41:561][411]LogAudio: Display: Audio Occlusion Plugin: None (built-in).
[2025.10.02-14.48.41:561][411]LogAudioMixer: Display: Initializing audio mixer.
[2025.10.02-14.48.41:565][411]LogAudioMixer: Display: 0: FrontLeft
[2025.10.02-14.48.41:565][411]LogAudioMixer: Display: 1: FrontRight
[2025.10.02-14.48.41:607][411]LogAudioMixer: Display: Using Audio Device Altavoces (Realtek(R) Audio)
[2025.10.02-14.48.41:607][411]LogAudioMixer: Display: Initializing Sound Submixes...
[2025.10.02-14.48.41:607][411]LogAudioMixer: Display: Creating Master Submix 'MasterSubmixDefault'
[2025.10.02-14.48.41:607][411]LogAudioMixer: Display: Creating Master Submix 'MasterReverbSubmixDefault'
[2025.10.02-14.48.41:607][411]LogAudioMixer: Display: Creating Master Submix 'MasterEQSubmixDefault'
[2025.10.02-14.48.41:607][411]LogAudioMixer: FMixerPlatformXAudio2::StartAudioStream() called
[2025.10.02-14.48.41:607][411]LogAudioMixer: Display: Output buffers initialized: Frames=1024, Channels=2, Samples=2048
[2025.10.02-14.48.41:609][411]LogAudioMixer: Display: Starting AudioMixerPlatformInterface::RunInternal()
[2025.10.02-14.48.41:609][411]LogAudioMixer: Display: FMixerPlatformXAudio2::SubmitBuffer() called for the first time
[2025.10.02-14.48.41:609][411]LogInit: FAudioDevice initialized.
[2025.10.02-14.48.41:609][411]LogAudio: Display: Audio Device (ID: 2) registered with world 'ThirdPersonExampleMap'.
[2025.10.02-14.48.41:623][411]LogLoad: Game class is 'BP_GameMode_C'
[2025.10.02-14.48.41:631][411]LogWorld: Bringing World /Game/ThirdPersonBP/Maps/UEDPIE_0_ThirdPersonExampleMap.ThirdPersonExampleMap up for play (max tick rate 60) at 2025.10.02-08.48.41
[2025.10.02-14.48.41:641][411]LogWorld: Bringing up level for play took: 0.012245
[2025.10.02-14.48.41:643][411]LogOnline: OSS: Creating online subsystem instance for: :Context_4
[2025.10.02-14.48.41:654][411]LogNativeClassHierarchy: Verbose: Native class hierarchy updated for 'MovieSceneCapture' in 0.0003 seconds. Added 20 classes and 0 folders.
[2025.10.02-14.48.41:664][411]LogBlueprintUserMessages: [BP_ClareCharacter_C_0] BP_Sarten
[2025.10.02-14.48.41:669][411]LogBlueprintUserMessages: [BP_ClareCharacter_C_0] BP_Olla
[2025.10.02-14.48.41:671][411]LogBlueprintUserMessages: [BP_ClareCharacter_C_0] BP_LlaveInglesa
[2025.10.02-14.48.41:674][411]LogBlueprintUserMessages: [BP_ClareCharacter_C_0] BP_Escoba
[2025.10.02-14.48.41:676][411]LogBlueprintUserMessages: [BP_ClareCharacter_C_0] BP_Trapeador
[2025.10.02-14.48.41:678][411]LogBlueprintUserMessages: [BP_ClareCharacter_C_0] BP_Extintor
[2025.10.02-14.48.41:679][411]LogBlueprintUserMessages: [BP_ClareCharacter_C_0] BP_Cuchillo
[2025.10.02-14.48.41:682][411]PIE: Server logged in
[2025.10.02-14.48.41:684][411]PIE: Play in editor total start time 0.166 seconds.
[2025.10.02-14.48.45:773][651]LogBlueprintUserMessages: [BP_FrancisIA_2] Se ha encontrado la mesa
[2025.10.02-14.48.47:756][770]LogBlueprintUserMessages: [BP_FrancisIA_2] Pedido:9--Congelado--Salado--Verde
[2025.10.02-14.48.47:756][770]LogBlueprintUserMessages: [BP_FrancisIA_2] OnreachedTable Iniciado
[2025.10.02-14.48.52:756][ 70]LogBlueprintUserMessages: [BP_FrancisIA_2] Paciencia agotada, ENTRANDO EN MODO FURIA
[2025.10.02-14.48.54:756][190]LogBlueprintUserMessages: [BP_FrancisIA_2] EnterFury ejecutado
[2025.10.02-14.48.56:757][310]LogBlueprintUserMessages: [BP_FrancisIA_2] IsAttacking ejecutado
[2025.10.02-14.48.59:007][445]LogBlueprintUserMessages: [BP_FrancisIA_2] MOVETOTARGET ejecutado
[2025.10.02-14.48.59:257][460]LogBlueprintUserMessages: [BP_FrancisIA_2] MOVETOTARGET ejecutado
[2025.10.02-14.48.59:507][475]LogBlueprintUserMessages: [BP_FrancisIA_2] MOVETOTARGET ejecutado
[2025.10.02-14.48.59:757][490]LogBlueprintUserMessages: [BP_FrancisIA_2] MOVETOTARGET ejecutado
[2025.10.02-14.48.59:757][490]LogBlueprintUserMessages: [BP_FrancisIA_2] TryAttack ejecutado
[2025.10.02-14.49.00:007][505]LogBlueprintUserMessages: [BP_FrancisIA_2] MOVETOTARGET ejecutado
[2025.10.02-14.49.00:257][520]LogBlueprintUserMessages: [BP_FrancisIA_2] MOVETOTARGET ejecutado
[2025.10.02-14.49.00:507][535]LogBlueprintUserMessages: [BP_FrancisIA_2] MOVETOTARGET ejecutado
[2025.10.02-14.49.00:757][550]LogBlueprintUserMessages: [BP_FrancisIA_2] MOVETOTARGET ejecutado
[2025.10.02-14.49.00:757][550]LogBlueprintUserMessages: [BP_FrancisIA_2] TryAttack ejecutado
[2025.10.02-14.49.01:008][565]LogBlueprintUserMessages: [BP_FrancisIA_2] MOVETOTARGET ejecutado
[2025.10.02-14.49.01:257][580]LogBlueprintUserMessages: [BP_FrancisIA_2] MOVETOTARGET ejecutado
[2025.10.02-14.49.01:508][595]LogBlueprintUserMessages: [BP_FrancisIA_2] MOVETOTARGET ejecutado
[2025.10.02-14.49.01:757][610]LogBlueprintUserMessages: [BP_FrancisIA_2] MOVETOTARGET ejecutado
[2025.10.02-14.49.01:757][610]LogBlueprintUserMessages: [BP_FrancisIA_2] TryAttack ejecutado
[2025.10.02-14.49.02:009][625]LogBlueprintUserMessages: [BP_FrancisIA_2] MOVETOTARGET ejecutado
[2025.10.02-14.49.02:258][640]LogBlueprintUserMessages: [BP_FrancisIA_2] MOVETOTARGET ejecutado
[2025.10.02-14.49.02:507][655]LogBlueprintUserMessages: [BP_FrancisIA_2] MOVETOTARGET ejecutado
[2025.10.02-14.49.02:757][670]LogBlueprintUserMessages: [BP_FrancisIA_2] MOVETOTARGET ejecutado
[2025.10.02-14.49.02:757][670]LogBlueprintUserMessages: [BP_FrancisIA_2] TryAttack ejecutado
[2025.10.02-14.49.03:008][685]LogBlueprintUserMessages: [BP_FrancisIA_2] MOVETOTARGET ejecutado
[2025.10.02-14.49.03:258][700]LogBlueprintUserMessages: [BP_FrancisIA_2] MOVETOTARGET ejecutado
[2025.10.02-14.49.03:507][715]LogBlueprintUserMessages: [BP_FrancisIA_2] MOVETOTARGET ejecutado
[2025.10.02-14.49.03:757][730]LogBlueprintUserMessages: [BP_FrancisIA_2] MOVETOTARGET ejecutado
[2025.10.02-14.49.03:757][730]LogBlueprintUserMessages: [BP_FrancisIA_2] TryAttack ejecutado
[2025.10.02-14.49.04:007][745]LogBlueprintUserMessages: [BP_FrancisIA_2] MOVETOTARGET ejecutado
[2025.10.02-14.49.04:258][760]LogBlueprintUserMessages: [BP_FrancisIA_2] MOVETOTARGET ejecutado
[2025.10.02-14.49.04:508][775]LogBlueprintUserMessages: [BP_FrancisIA_2] MOVETOTARGET ejecutado
[2025.10.02-14.49.04:757][790]LogBlueprintUserMessages: [BP_FrancisIA_2] MOVETOTARGET ejecutado
[2025.10.02-14.49.04:757][790]LogBlueprintUserMessages: [BP_FrancisIA_2] TryAttack ejecutado
[2025.10.02-14.49.05:007][805]LogBlueprintUserMessages: [BP_FrancisIA_2] MOVETOTARGET ejecutado
[2025.10.02-14.49.05:257][820]LogBlueprintUserMessages: [BP_FrancisIA_2] MOVETOTARGET ejecutado
[2025.10.02-14.49.05:508][835]LogBlueprintUserMessages: [BP_FrancisIA_2] MOVETOTARGET ejecutado
[2025.10.02-14.49.05:758][850]LogBlueprintUserMessages: [BP_FrancisIA_2] MOVETOTARGET ejecutado
[2025.10.02-14.49.05:758][850]LogBlueprintUserMessages: [BP_FrancisIA_2] TryAttack ejecutado
[2025.10.02-14.49.06:008][865]LogBlueprintUserMessages: [BP_FrancisIA_2] MOVETOTARGET ejecutado
[2025.10.02-14.49.06:258][880]LogBlueprintUserMessages: [BP_FrancisIA_2] MOVETOTARGET ejecutado
[2025.10.02-14.49.06:508][895]LogBlueprintUserMessages: [BP_FrancisIA_2] MOVETOTARGET ejecutado
[2025.10.02-14.49.06:758][910]LogBlueprintUserMessages: [BP_FrancisIA_2] MOVETOTARGET ejecutado
[2025.10.02-14.49.06:758][910]LogBlueprintUserMessages: [BP_FrancisIA_2] TryAttack ejecutado
[2025.10.02-14.49.07:009][925]LogBlueprintUserMessages: [BP_FrancisIA_2] MOVETOTARGET ejecutado
[2025.10.02-14.49.07:259][940]LogBlueprintUserMessages: [BP_FrancisIA_2] MOVETOTARGET ejecutado
[2025.10.02-14.49.07:507][955]LogBlueprintUserMessages: [BP_FrancisIA_2] MOVETOTARGET ejecutado
[2025.10.02-14.49.07:758][970]LogBlueprintUserMessages: [BP_FrancisIA_2] MOVETOTARGET ejecutado
[2025.10.02-14.49.07:758][970]LogBlueprintUserMessages: [BP_FrancisIA_2] TryAttack ejecutado
[2025.10.02-14.49.08:008][985]LogBlueprintUserMessages: [BP_FrancisIA_2] MOVETOTARGET ejecutado
[2025.10.02-14.49.08:258][  0]LogBlueprintUserMessages: [BP_FrancisIA_2] MOVETOTARGET ejecutado
[2025.10.02-14.49.08:508][ 15]LogBlueprintUserMessages: [BP_FrancisIA_2] MOVETOTARGET ejecutado
[2025.10.02-14.49.08:758][ 30]LogBlueprintUserMessages: [BP_FrancisIA_2] MOVETOTARGET ejecutado
[2025.10.02-14.49.08:758][ 30]LogBlueprintUserMessages: [BP_FrancisIA_2] TryAttack ejecutado
[2025.10.02-14.49.09:009][ 45]LogBlueprintUserMessages: [BP_FrancisIA_2] MOVETOTARGET ejecutado
[2025.10.02-14.49.09:258][ 60]LogBlueprintUserMessages: [BP_FrancisIA_2] MOVETOTARGET ejecutado
[2025.10.02-14.49.09:508][ 75]LogBlueprintUserMessages: [BP_FrancisIA_2] MOVETOTARGET ejecutado
[2025.10.02-14.49.09:757][ 90]LogBlueprintUserMessages: [BP_FrancisIA_2] Francis Golpea a Clare
[2025.10.02-14.49.09:759][ 90]LogBlueprintUserMessages: [BP_ClareCharacter_C_0] Vida40.0
[2025.10.02-14.49.09:759][ 90]LogBlueprintUserMessages: [BP_FrancisIA_2] Daño ejecutado, daño:10.0
[2025.10.02-14.49.09:759][ 90]LogBlueprintUserMessages: [BP_FrancisIA_2] MOVETOTARGET ejecutado
[2025.10.02-14.49.09:759][ 90]LogBlueprintUserMessages: [BP_FrancisIA_2] TryAttack ejecutado
[2025.10.02-14.49.10:008][105]LogBlueprintUserMessages: [BP_FrancisIA_2] MOVETOTARGET ejecutado
[2025.10.02-14.49.10:259][120]LogBlueprintUserMessages: [BP_FrancisIA_2] MOVETOTARGET ejecutado
[2025.10.02-14.49.10:508][135]LogBlueprintUserMessages: [BP_FrancisIA_2] MOVETOTARGET ejecutado
[2025.10.02-14.49.10:758][150]LogBlueprintUserMessages: [BP_FrancisIA_2] MOVETOTARGET ejecutado
[2025.10.02-14.49.10:758][150]LogBlueprintUserMessages: [BP_FrancisIA_2] TryAttack ejecutado
[2025.10.02-14.49.11:009][165]LogBlueprintUserMessages: [BP_FrancisIA_2] MOVETOTARGET ejecutado
[2025.10.02-14.49.11:258][180]LogBlueprintUserMessages: [BP_FrancisIA_2] MOVETOTARGET ejecutado
[2025.10.02-14.49.11:508][195]LogBlueprintUserMessages: [BP_FrancisIA_2] MOVETOTARGET ejecutado
[2025.10.02-14.49.11:758][210]LogBlueprintUserMessages: [BP_FrancisIA_2] Francis Golpea a Clare
[2025.10.02-14.49.11:758][210]LogBlueprintUserMessages: [BP_ClareCharacter_C_0] Vida30.0
[2025.10.02-14.49.11:758][210]LogBlueprintUserMessages: [BP_FrancisIA_2] Daño ejecutado, daño:10.0
[2025.10.02-14.49.11:758][210]LogBlueprintUserMessages: [BP_FrancisIA_2] MOVETOTARGET ejecutado
[2025.10.02-14.49.11:758][210]LogBlueprintUserMessages: [BP_FrancisIA_2] TryAttack ejecutado
[2025.10.02-14.49.12:009][225]LogBlueprintUserMessages: [BP_FrancisIA_2] MOVETOTARGET ejecutado
[2025.10.02-14.49.12:259][240]LogBlueprintUserMessages: [BP_FrancisIA_2] MOVETOTARGET ejecutado
[2025.10.02-14.49.12:508][255]LogBlueprintUserMessages: [BP_FrancisIA_2] MOVETOTARGET ejecutado
[2025.10.02-14.49.12:759][270]LogBlueprintUserMessages: [BP_FrancisIA_2] MOVETOTARGET ejecutado
[2025.10.02-14.49.12:759][270]LogBlueprintUserMessages: [BP_FrancisIA_2] TryAttack ejecutado
[2025.10.02-14.49.13:009][285]LogBlueprintUserMessages: [BP_FrancisIA_2] MOVETOTARGET ejecutado
[2025.10.02-14.49.13:259][300]LogBlueprintUserMessages: [BP_FrancisIA_2] MOVETOTARGET ejecutado
[2025.10.02-14.49.13:509][315]LogBlueprintUserMessages: [BP_FrancisIA_2] MOVETOTARGET ejecutado
[2025.10.02-14.49.13:758][330]LogBlueprintUserMessages: [BP_FrancisIA_2] Francis Golpea a Clare
[2025.10.02-14.49.13:758][330]LogBlueprintUserMessages: [BP_ClareCharacter_C_0] Vida20.0
[2025.10.02-14.49.13:759][330]LogBlueprintUserMessages: [BP_FrancisIA_2] Daño ejecutado, daño:10.0
[2025.10.02-14.49.13:759][330]LogBlueprintUserMessages: [BP_FrancisIA_2] MOVETOTARGET ejecutado
[2025.10.02-14.49.13:759][330]LogBlueprintUserMessages: [BP_FrancisIA_2] TryAttack ejecutado
[2025.10.02-14.49.14:009][345]LogBlueprintUserMessages: [BP_FrancisIA_2] MOVETOTARGET ejecutado
[2025.10.02-14.49.14:259][360]LogBlueprintUserMessages: [BP_FrancisIA_2] MOVETOTARGET ejecutado
[2025.10.02-14.49.14:509][375]LogBlueprintUserMessages: [BP_FrancisIA_2] MOVETOTARGET ejecutado
[2025.10.02-14.49.14:760][390]LogBlueprintUserMessages: [BP_FrancisIA_2] MOVETOTARGET ejecutado
[2025.10.02-14.49.14:760][390]LogBlueprintUserMessages: [BP_FrancisIA_2] TryAttack ejecutado
[2025.10.02-14.49.15:009][405]LogBlueprintUserMessages: [BP_FrancisIA_2] MOVETOTARGET ejecutado
[2025.10.02-14.49.15:259][420]LogBlueprintUserMessages: [BP_FrancisIA_2] MOVETOTARGET ejecutado
[2025.10.02-14.49.15:509][435]LogBlueprintUserMessages: [BP_FrancisIA_2] MOVETOTARGET ejecutado
[2025.10.02-14.49.15:759][450]LogBlueprintUserMessages: [BP_FrancisIA_2] Francis Golpea a Clare
[2025.10.02-14.49.15:759][450]LogBlueprintUserMessages: [BP_ClareCharacter_C_0] Vida10.0
[2025.10.02-14.49.15:759][450]LogBlueprintUserMessages: [BP_FrancisIA_2] Daño ejecutado, daño:10.0
[2025.10.02-14.49.15:759][450]LogBlueprintUserMessages: [BP_FrancisIA_2] MOVETOTARGET ejecutado
[2025.10.02-14.49.15:759][450]LogBlueprintUserMessages: [BP_FrancisIA_2] TryAttack ejecutado
[2025.10.02-14.49.16:010][465]LogBlueprintUserMessages: [BP_FrancisIA_2] MOVETOTARGET ejecutado
[2025.10.02-14.49.16:260][480]LogBlueprintUserMessages: [BP_FrancisIA_2] MOVETOTARGET ejecutado
[2025.10.02-14.49.16:509][495]LogBlueprintUserMessages: [BP_FrancisIA_2] MOVETOTARGET ejecutado
[2025.10.02-14.49.16:759][510]LogBlueprintUserMessages: [BP_FrancisIA_2] MOVETOTARGET ejecutado
[2025.10.02-14.49.16:759][510]LogBlueprintUserMessages: [BP_FrancisIA_2] TryAttack ejecutado
[2025.10.02-14.49.17:009][525]LogBlueprintUserMessages: [BP_FrancisIA_2] MOVETOTARGET ejecutado
[2025.10.02-14.49.17:260][540]LogBlueprintUserMessages: [BP_FrancisIA_2] MOVETOTARGET ejecutado
[2025.10.02-14.49.17:510][555]LogBlueprintUserMessages: [BP_FrancisIA_2] MOVETOTARGET ejecutado
[2025.10.02-14.49.17:759][570]LogBlueprintUserMessages: [BP_FrancisIA_2] Francis Golpea a Clare
[2025.10.02-14.49.17:760][570]LogBlueprintUserMessages: [BP_ClareCharacter_C_0] Vida0.0
[2025.10.02-14.49.17:761][570]LogBlueprintUserMessages: [BP_ClareCharacter_C_0] CLARE A MUERTO
[2025.10.02-14.49.17:761][570]LogBlueprintUserMessages: [BP_FrancisIA_2] Daño ejecutado, daño:10.0
[2025.10.02-14.49.17:762][570]LogBlueprintUserMessages: [BP_FrancisIA_2] MOVETOTARGET ejecutado
[2025.10.02-14.49.17:762][570]LogBlueprintUserMessages: [BP_FrancisIA_2] TryAttack ejecutado
[2025.10.02-14.49.18:010][585]LogBlueprintUserMessages: [BP_FrancisIA_2] MOVETOTARGET ejecutado
[2025.10.02-14.49.18:260][600]LogBlueprintUserMessages: [BP_FrancisIA_2] MOVETOTARGET ejecutado
[2025.10.02-14.49.18:509][615]LogBlueprintUserMessages: [BP_FrancisIA_2] MOVETOTARGET ejecutado
[2025.10.02-14.49.18:630][620]LogSlate: Updating window title bar state: overlay mode, drag disabled, window buttons hidden, title bar hidden
[2025.10.02-14.49.18:630][620]LogWorld: BeginTearingDown for /Game/ThirdPersonBP/Maps/UEDPIE_0_ThirdPersonExampleMap
[2025.10.02-14.49.18:631][620]LogWorld: UWorld::CleanupWorld for ThirdPersonExampleMap, bSessionEnded=true, bCleanupResources=true
[2025.10.02-14.49.18:633][620]LogSlate: InvalidateAllWidgets triggered.  All widgets were invalidated
[2025.10.02-14.49.18:647][620]LogPlayLevel: Display: Shutting down PIE online subsystems
[2025.10.02-14.49.18:668][620]LogSlate: InvalidateAllWidgets triggered.  All widgets were invalidated
[2025.10.02-14.49.18:674][620]LogSlate: Updating window title bar state: overlay mode, drag disabled, window buttons hidden, title bar hidden
[2025.10.02-14.49.18:677][620]LogAudioMixer: FMixerPlatformXAudio2::StopAudioStream() called
[2025.10.02-14.49.18:679][620]LogAudioMixer: FMixerPlatformXAudio2::StopAudioStream() called
[2025.10.02-14.49.18:687][620]LogUObjectHash: Compacting FUObjectHashTables data took   1.00ms
[2025.10.02-14.49.18:730][621]LogPlayLevel: Display: Destroying online subsystem :Context_4
[2025.10.02-14.49.33:868][522]LogUObjectHash: Compacting FUObjectHashTables data took   0.81ms
[2025.10.02-14.49.33:886][522]LogSlate: Window 'TasteOfMadness - Unreal Editor' being destroyed
[2025.10.02-14.49.33:887][522]LogWindowsTextInputMethodSystem: Display: IME system deactivated.
[2025.10.02-14.49.34:013][523]Cmd: QUIT_EDITOR
[2025.10.02-14.49.34:014][523]LogCore: Engine exit requested (reason: UUnrealEdEngine::CloseEditor())
[2025.10.02-14.49.34:020][523]LogCore: Engine exit requested (reason: EngineExit() was called; note: exit was already requested)
[2025.10.02-14.49.34:113][523]LogAudio: Display: Beginning Audio Device Manager Shutdown (Module: AudioMixerXAudio2)...
[2025.10.02-14.49.34:113][523]LogAudio: Display: Destroying 1 Remaining Audio Device(s)...
[2025.10.02-14.49.34:113][523]LogAudio: Display: Audio Device unregistered from world 'ThirdPersonExampleMap'.
[2025.10.02-14.49.34:113][523]LogAudioMixer: FMixerPlatformXAudio2::StopAudioStream() called
[2025.10.02-14.49.34:114][523]LogAudioMixer: FMixerPlatformXAudio2::StopAudioStream() called
[2025.10.02-14.49.34:166][523]LogAudio: Display: Audio Device Manager Shutdown
[2025.10.02-14.49.34:177][523]LogExit: Preparing to exit.
[2025.10.02-14.49.34:534][523]LogUObjectHash: Compacting FUObjectHashTables data took   1.10ms
[2025.10.02-14.49.34:647][523]LogWorld: UWorld::CleanupWorld for World_0, bSessionEnded=true, bCleanupResources=true
[2025.10.02-14.49.34:647][523]LogWorld: UWorld::CleanupWorld for World_2, bSessionEnded=true, bCleanupResources=true
[2025.10.02-14.49.34:647][523]LogWorld: UWorld::CleanupWorld for World_1, bSessionEnded=true, bCleanupResources=true
[2025.10.02-14.49.34:676][523]LogDemo: Cleaned up 0 splitscreen connections with owner deletion
[2025.10.02-14.49.34:686][523]LogExit: Editor shut down
[2025.10.02-14.49.34:687][523]LogExit: Transaction tracking system shut down
[2025.10.02-14.49.34:869][523]LogExit: Object subsystem successfully closed.
[2025.10.02-14.49.34:894][523]LogShaderCompilers: Display: === FShaderJobCache stats ===
[2025.10.02-14.49.34:894][523]LogShaderCompilers: Display: Total job queries 0, among them cache hits 0 (0.00%)
[2025.10.02-14.49.34:894][523]LogShaderCompilers: Display: Tracking 0 distinct input hashes that result in 0 distinct outputs (0.00%)
[2025.10.02-14.49.34:894][523]LogShaderCompilers: Display: RAM used: 0.00 MB (0.00 GB) of 1638.40 MB (1.60 GB) budget. Usage: 0.00%
[2025.10.02-14.49.34:894][523]LogShaderCompilers: Display: ================================================
[2025.10.02-14.49.34:903][523]LogShaderCompilers: Display: Shaders left to compile 0
[2025.10.02-14.49.34:914][523]LogModuleManager: Shutting down and abandoning module MovieSceneCapture (874)
[2025.10.02-14.49.34:914][523]LogModuleManager: Shutting down and abandoning module Voice (872)
[2025.10.02-14.49.34:914][523]LogModuleManager: Shutting down and abandoning module HierarchicalLODOutliner (870)
[2025.10.02-14.49.34:915][523]LogModuleManager: Shutting down and abandoning module SceneOutliner (868)
[2025.10.02-14.49.34:915][523]LogModuleManager: Shutting down and abandoning module AddContentDialog (866)
[2025.10.02-14.49.34:915][523]LogModuleManager: Shutting down and abandoning module WidgetCarousel (865)
[2025.10.02-14.49.34:915][523]LogModuleManager: Shutting down and abandoning module EditorWidgets (862)
[2025.10.02-14.49.34:915][523]LogModuleManager: Shutting down and abandoning module StatsViewer (860)
[2025.10.02-14.49.34:915][523]LogModuleManager: Shutting down and abandoning module PIEPreviewDeviceProfileSelector (858)
[2025.10.02-14.49.34:915][523]LogModuleManager: Shutting down and abandoning module SequenceRecorderSections (856)
[2025.10.02-14.49.34:915][523]LogModuleManager: Shutting down and abandoning module AutomationWorker (854)
[2025.10.02-14.49.34:915][523]LogModuleManager: Shutting down and abandoning module SteamVREditor (852)
[2025.10.02-14.49.34:915][523]LogModuleManager: Shutting down and abandoning module OculusMR (850)
[2025.10.02-14.49.34:915][523]LogModuleManager: Shutting down and abandoning module TakeRecorderSources (848)
[2025.10.02-14.49.34:916][523]LogModuleManager: Shutting down and abandoning module TakeRecorder (847)
[2025.10.02-14.49.34:916][523]LogModuleManager: Shutting down and abandoning module TakeTrackRecorders (844)
[2025.10.02-14.49.34:916][523]LogModuleManager: Shutting down and abandoning module TakesCore (842)
[2025.10.02-14.49.34:916][523]LogModuleManager: Shutting down and abandoning module OpenXRInput (840)
[2025.10.02-14.49.34:916][523]LogModuleManager: Shutting down and abandoning module GooglePADEditor (838)
[2025.10.02-14.49.34:916][523]LogModuleManager: Shutting down and abandoning module AudioCaptureEditor (836)
[2025.10.02-14.49.34:916][523]LogModuleManager: Shutting down and abandoning module TemplateSequenceEditor (834)
[2025.10.02-14.49.34:916][523]LogModuleManager: Shutting down and abandoning module MatineeToLevelSequence (832)
[2025.10.02-14.49.34:916][523]LogModuleManager: Shutting down and abandoning module LevelSequenceEditor (830)
[2025.10.02-14.49.34:916][523]LogModuleManager: Shutting down and abandoning module ActorSequenceEditor (828)
[2025.10.02-14.49.34:917][523]LogModuleManager: Shutting down and abandoning module MagicLeapMediaCodecFactory (826)
[2025.10.02-14.49.34:917][523]LogModuleManager: Shutting down and abandoning module MagicLeapMediaFactory (824)
[2025.10.02-14.49.34:917][523]LogModuleManager: Shutting down and abandoning module MagicLeapMediaEditor (822)
[2025.10.02-14.49.34:917][523]LogModuleManager: Shutting down and abandoning module WmfMediaFactory (820)
[2025.10.02-14.49.34:917][523]LogModuleManager: Shutting down and abandoning module WmfMediaEditor (818)
[2025.10.02-14.49.34:917][523]LogModuleManager: Shutting down and abandoning module WebMMediaFactory (816)
[2025.10.02-14.49.34:917][523]LogModuleManager: Shutting down and abandoning module WebMMediaEditor (814)
[2025.10.02-14.49.34:917][523]LogModuleManager: Shutting down and abandoning module WebMMedia (812)
[2025.10.02-14.49.34:917][523]LogModuleManager: Shutting down and abandoning module MediaPlayerEditor (810)
[2025.10.02-14.49.34:917][523]LogModuleManager: Shutting down and abandoning module MediaCompositingEditor (808)
[2025.10.02-14.49.34:917][523]LogModuleManager: Shutting down and abandoning module SequenceRecorder (807)
[2025.10.02-14.49.34:917][523]LogModuleManager: Shutting down and abandoning module OpenExrWrapper (804)
[2025.10.02-14.49.34:917][523]LogModuleManager: Shutting down and abandoning module ImgMediaFactory (802)
[2025.10.02-14.49.34:917][523]LogModuleManager: Shutting down and abandoning module ImgMediaEditor (800)
[2025.10.02-14.49.34:917][523]LogModuleManager: Shutting down and abandoning module AvfMediaFactory (798)
[2025.10.02-14.49.34:917][523]LogModuleManager: Shutting down and abandoning module AvfMediaEditor (796)
[2025.10.02-14.49.34:917][523]LogModuleManager: Shutting down and abandoning module AndroidMediaFactory (794)
[2025.10.02-14.49.34:917][523]LogModuleManager: Shutting down and abandoning module AndroidMediaEditor (792)
[2025.10.02-14.49.34:917][523]LogModuleManager: Shutting down and abandoning module PlanarCut (790)
[2025.10.02-14.49.34:917][523]LogModuleManager: Shutting down and abandoning module CharacterAI (788)
[2025.10.02-14.49.34:917][523]LogModuleManager: Shutting down and abandoning module TextureAlignMode (786)
[2025.10.02-14.49.34:917][523]LogModuleManager: Shutting down and abandoning module BspMode (784)
[2025.10.02-14.49.34:917][523]LogModuleManager: Shutting down and abandoning module GeometryMode (782)
[2025.10.02-14.49.34:917][523]LogModuleManager: Shutting down and abandoning module CameraShakePreviewer (780)
[2025.10.02-14.49.34:917][523]LogModuleManager: Shutting down and abandoning module SmartSnapping (778)
[2025.10.02-14.49.34:917][523]LogModuleManager: Shutting down and abandoning module SessionServices (776)
[2025.10.02-14.49.34:917][523]LogModuleManager: Shutting down and abandoning module MeshPaint (774)
[2025.10.02-14.49.34:917][523]LogModuleManager: Shutting down and abandoning module VirtualTexturingEditor (772)
[2025.10.02-14.49.34:917][523]LogModuleManager: Shutting down and abandoning module FoliageEdit (770)
[2025.10.02-14.49.34:917][523]LogModuleManager: Shutting down and abandoning module LandscapeEditor (768)
[2025.10.02-14.49.34:918][523]LogModuleManager: Shutting down and abandoning module MeshPaintMode (766)
[2025.10.02-14.49.34:918][523]LogModuleManager: Shutting down and abandoning module SceneDepthPickerMode (764)
[2025.10.02-14.49.34:918][523]LogModuleManager: Shutting down and abandoning module ActorPickerMode (762)
[2025.10.02-14.49.34:918][523]LogModuleManager: Shutting down and abandoning module PlacementMode (760)
[2025.10.02-14.49.34:918][523]LogModuleManager: Shutting down and abandoning module ViewportSnapping (758)
[2025.10.02-14.49.34:918][523]LogModuleManager: Shutting down and abandoning module ViewportInteraction (756)
[2025.10.02-14.49.34:918][523]LogModuleManager: Shutting down and abandoning module ClothPainter (754)
[2025.10.02-14.49.34:918][523]LogModuleManager: Shutting down and abandoning module SkeletalMeshEditor (753)
[2025.10.02-14.49.34:918][523]LogModuleManager: Shutting down and abandoning module LogVisualizer (750)
[2025.10.02-14.49.34:918][523]LogModuleManager: Shutting down and abandoning module IntroTutorials (748)
[2025.10.02-14.49.34:918][523]LogModuleManager: Shutting down and abandoning module GameProjectGeneration (747)
[2025.10.02-14.49.34:919][523]LogModuleManager: Shutting down and abandoning module LuminPlatformEditor (744)
[2025.10.02-14.49.34:919][523]LogModuleManager: Shutting down and abandoning module IOSPlatformEditor (742)
[2025.10.02-14.49.34:919][523]LogModuleManager: Shutting down and abandoning module AndroidPlatformEditor (740)
[2025.10.02-14.49.34:919][523]LogModuleManager: Shutting down and abandoning module AndroidDeviceDetection (739)
[2025.10.02-14.49.35:426][523]LogModuleManager: Shutting down and abandoning module WindowsPlatformEditor (736)
[2025.10.02-14.49.35:426][523]LogModuleManager: Shutting down and abandoning module LuminRuntimeSettings (734)
[2025.10.02-14.49.35:426][523]LogModuleManager: Shutting down and abandoning module IOSRuntimeSettings (732)
[2025.10.02-14.49.35:426][523]LogModuleManager: Shutting down and abandoning module AndroidRuntimeSettings (730)
[2025.10.02-14.49.35:426][523]LogModuleManager: Shutting down and abandoning module TraceInsights (728)
[2025.10.02-14.49.35:426][523]MemoryProfiler: Shutdown
[2025.10.02-14.49.35:426][523]NetworkingProfiler: Shutdown
[2025.10.02-14.49.35:426][523]LoadingProfiler: Shutdown
[2025.10.02-14.49.35:426][523]TimingProfiler: Shutdown
[2025.10.02-14.49.35:426][523]LogModuleManager: Shutting down and abandoning module TraceServices (727)
[2025.10.02-14.49.35:426][523]LogModuleManager: Shutting down and abandoning module EditorInteractiveToolsFramework (724)
[2025.10.02-14.49.35:426][523]LogModuleManager: Shutting down and abandoning module TimeManagementEditor (722)
[2025.10.02-14.49.35:426][523]LogModuleManager: Shutting down and abandoning module InputBindingEditor (720)
[2025.10.02-14.49.35:426][523]LogModuleManager: Shutting down and abandoning module MergeActors (718)
[2025.10.02-14.49.35:426][523]LogModuleManager: Shutting down and abandoning module LocalizationDashboard (716)
[2025.10.02-14.49.35:426][523]LogModuleManager: Shutting down and abandoning module LocalizationService (715)
[2025.10.02-14.49.35:426][523]LogModuleManager: Shutting down and abandoning module HardwareTargeting (712)
[2025.10.02-14.49.35:426][523]LogModuleManager: Shutting down and abandoning module DeviceProfileEditor (710)
[2025.10.02-14.49.35:426][523]LogModuleManager: Shutting down and abandoning module UndoHistory (708)
[2025.10.02-14.49.35:426][523]LogModuleManager: Shutting down and abandoning module XmlParser (706)
[2025.10.02-14.49.35:426][523]LogModuleManager: Shutting down and abandoning module Blutility (704)
[2025.10.02-14.49.35:426][523]LogModuleManager: Shutting down and abandoning module ProjectSettingsViewer (702)
[2025.10.02-14.49.35:426][523]LogModuleManager: Shutting down and abandoning module ProjectTargetPlatformEditor (701)
[2025.10.02-14.49.35:426][523]LogModuleManager: Shutting down and abandoning module EditorSettingsViewer (698)
[2025.10.02-14.49.35:426][523]LogModuleManager: Shutting down and abandoning module InternationalizationSettings (697)
[2025.10.02-14.49.35:426][523]LogModuleManager: Shutting down and abandoning module SettingsEditor (694)
[2025.10.02-14.49.35:426][523]LogModuleManager: Shutting down and abandoning module ProjectLauncher (692)
[2025.10.02-14.49.35:427][523]LogModuleManager: Shutting down and abandoning module SessionFrontend (690)
[2025.10.02-14.49.35:427][523]LogModuleManager: Shutting down and abandoning module ProfilerClient (688)
[2025.10.02-14.49.35:427][523]LogModuleManager: Shutting down and abandoning module DeviceManager (686)
[2025.10.02-14.49.35:427][523]LogModuleManager: Shutting down and abandoning module TargetDeviceServices (685)
[2025.10.02-14.49.35:459][523]LogModuleManager: Shutting down and abandoning module AutomationController (682)
[2025.10.02-14.49.35:459][523]LogModuleManager: Shutting down and abandoning module AutomationWindow (680)
[2025.10.02-14.49.35:459][523]LogModuleManager: Shutting down and abandoning module Layers (678)
[2025.10.02-14.49.35:459][523]LogModuleManager: Shutting down and abandoning module ComponentVisualizers (676)
[2025.10.02-14.49.35:459][523]LogModuleManager: Shutting down and abandoning module DetailCustomizations (674)
[2025.10.02-14.49.35:459][523]LogModuleManager: Shutting down and abandoning module PackagesDialog (672)
[2025.10.02-14.49.35:459][523]LogModuleManager: Shutting down and abandoning module AnimationBlueprintEditor (670)
[2025.10.02-14.49.35:459][523]LogModuleManager: Shutting down and abandoning module Persona (668)
[2025.10.02-14.49.35:459][523]LogModuleManager: Shutting down and abandoning module AdvancedPreviewScene (667)
[2025.10.02-14.49.35:459][523]LogModuleManager: Shutting down and abandoning module AnimGraph (665)
[2025.10.02-14.49.35:459][523]LogModuleManager: Shutting down and abandoning module Kismet (662)
[2025.10.02-14.49.35:460][523]LogModuleManager: Shutting down and abandoning module KismetWidgets (661)
[2025.10.02-14.49.35:460][523]LogModuleManager: Shutting down and abandoning module GraphEditor (658)
[2025.10.02-14.49.35:460][523]LogModuleManager: Shutting down and abandoning module StructViewer (656)
[2025.10.02-14.49.35:460][523]LogModuleManager: Shutting down and abandoning module ClassViewer (654)
[2025.10.02-14.49.35:460][523]LogModuleManager: Shutting down and abandoning module Toolbox (652)
[2025.10.02-14.49.35:460][523]LogModuleManager: Shutting down and abandoning module ModuleUI (650)
[2025.10.02-14.49.35:460][523]LogModuleManager: Shutting down and abandoning module OutputLog (648)
[2025.10.02-14.49.35:460][523]LogModuleManager: Shutting down and abandoning module GammaUI (646)
[2025.10.02-14.49.35:460][523]LogModuleManager: Shutting down and abandoning module Documentation (644)
[2025.10.02-14.49.35:460][523]LogModuleManager: Shutting down and abandoning module LiveCoding (642)
[2025.10.02-14.49.35:460][523]LogModuleManager: Shutting down and abandoning module LevelSequence (640)
[2025.10.02-14.49.35:460][523]LogModuleManager: Shutting down and abandoning module MovieSceneTracks (638)
[2025.10.02-14.49.35:460][523]LogModuleManager: Shutting down and abandoning module MovieScene (636)
[2025.10.02-14.49.35:460][523]LogModuleManager: Shutting down and abandoning module StreamingPauseRendering (634)
[2025.10.02-14.49.35:460][523]LogModuleManager: Shutting down and abandoning module LauncherPlatform (632)
[2025.10.02-14.49.35:460][523]LogModuleManager: Shutting down and abandoning module AnalyticsET (630)
[2025.10.02-14.49.35:460][523]LogModuleManager: Shutting down and abandoning module PortalServices (628)
[2025.10.02-14.49.35:460][523]LogModuleManager: Shutting down and abandoning module PortalRpc (626)
[2025.10.02-14.49.35:460][523]LogModuleManager: Shutting down and abandoning module MessagingRpc (624)
[2025.10.02-14.49.35:460][523]LogModuleManager: Shutting down and abandoning module AudioMixerXAudio2 (622)
[2025.10.02-14.49.35:460][523]LogModuleManager: Shutting down and abandoning module AudioMixerCore (621)
[2025.10.02-14.49.35:460][523]LogModuleManager: Shutting down and abandoning module AIModule (618)
[2025.10.02-14.49.35:460][523]LogModuleManager: Shutting down and abandoning module GameplayDebugger (617)
[2025.10.02-14.49.35:460][523]LogModuleManager: Shutting down and abandoning module AITestSuite (615)
[2025.10.02-14.49.35:460][523]LogModuleManager: Shutting down and abandoning module NavigationSystem (613)
[2025.10.02-14.49.35:460][523]LogModuleManager: Shutting down and abandoning module ImageWriteQueue (610)
[2025.10.02-14.49.35:466][523]LogModuleManager: Shutting down and abandoning module ProfilerService (608)
[2025.10.02-14.49.35:614][523]LogModuleManager: Shutting down and abandoning module TaskGraph (606)
[2025.10.02-14.49.35:614][523]LogModuleManager: Shutting down and abandoning module AudioSynesthesiaEditor (604)
[2025.10.02-14.49.35:614][523]LogModuleManager: Shutting down and abandoning module OculusEditor (602)
[2025.10.02-14.49.35:614][523]LogModuleManager: Shutting down and abandoning module OculusInput (600)
[2025.10.02-14.49.35:614][523]LogModuleManager: Shutting down and abandoning module ContentBrowserFileDataSource (598)
[2025.10.02-14.49.35:614][523]LogModuleManager: Shutting down and abandoning module ContentBrowserClassDataSource (596)
[2025.10.02-14.49.35:614][523]LogModuleManager: Shutting down and abandoning module ContentBrowserAssetDataSource (594)
[2025.10.02-14.49.35:614][523]LogModuleManager: Shutting down and abandoning module CollectionManager (593)
[2025.10.02-14.49.35:615][523]LogModuleManager: Shutting down and abandoning module TakeSequencer (590)
[2025.10.02-14.49.35:615][523]LogModuleManager: Shutting down and abandoning module TakeMovieScene (588)
[2025.10.02-14.49.35:615][523]LogModuleManager: Shutting down and abandoning module ScreenshotTools (586)
[2025.10.02-14.49.35:615][523]LogModuleManager: Shutting down and abandoning module SynthesisEditor (584)
[2025.10.02-14.49.35:615][523]LogModuleManager: Shutting down and abandoning module Synthesis (582)
[2025.10.02-14.49.35:615][523]LogModuleManager: Shutting down and abandoning module ProceduralMeshComponentEditor (580)
[2025.10.02-14.49.35:615][523]LogModuleManager: Shutting down and abandoning module ProceduralMeshComponent (578)
[2025.10.02-14.49.35:615][523]LogModuleManager: Shutting down and abandoning module OpenXREditor (576)
[2025.10.02-14.49.35:615][523]LogModuleManager: Shutting down and abandoning module MobilePatchingUtils (574)
[2025.10.02-14.49.35:615][523]LogModuleManager: Shutting down and abandoning module GooglePAD (572)
[2025.10.02-14.49.35:615][523]LogModuleManager: Shutting down and abandoning module EditableMesh (570)
[2025.10.02-14.49.35:615][523]LogModuleManager: Shutting down and abandoning module CustomMeshComponent (568)
[2025.10.02-14.49.35:615][523]LogModuleManager: Shutting down and abandoning module CableComponent (566)
[2025.10.02-14.49.35:615][523]LogModuleManager: Shutting down and abandoning module AudioCapture (564)
[2025.10.02-14.49.35:615][523]LogModuleManager: Shutting down and abandoning module AudioCaptureRtAudio (563)
[2025.10.02-14.49.35:615][523]LogModuleManager: Shutting down and abandoning module ArchVisCharacter (560)
[2025.10.02-14.49.35:615][523]LogModuleManager: Shutting down and abandoning module AssetTags (558)
[2025.10.02-14.49.35:615][523]LogModuleManager: Shutting down and abandoning module AppleImageUtilsBlueprintSupport (556)
[2025.10.02-14.49.35:615][523]LogModuleManager: Shutting down and abandoning module AppleImageUtils (554)
[2025.10.02-14.49.35:615][523]LogModuleManager: Shutting down and abandoning module AndroidPermission (552)
[2025.10.02-14.49.35:615][523]LogModuleManager: Shutting down and abandoning module ActorLayerUtilitiesEditor (550)
[2025.10.02-14.49.35:615][523]LogModuleManager: Shutting down and abandoning module ActorLayerUtilities (548)
[2025.10.02-14.49.35:615][523]LogModuleManager: Shutting down and abandoning module TemplateSequence (546)
[2025.10.02-14.49.35:615][523]LogModuleManager: Shutting down and abandoning module MagicLeapSharedWorld (544)
[2025.10.02-14.49.35:615][523]LogModuleManager: Shutting down and abandoning module MagicLeapLightEstimation (542)
[2025.10.02-14.49.35:615][523]LogModuleManager: Shutting down and abandoning module MagicLeapHelperVulkan (540)
[2025.10.02-14.49.35:615][523]LogModuleManager: Shutting down and abandoning module MagicLeapHelperOpenGL (538)
[2025.10.02-14.49.35:615][523]LogModuleManager: Shutting down and abandoning module MagicLeapAudio (536)
[2025.10.02-14.49.35:615][523]LogModuleManager: Shutting down and abandoning module MediaCompositing (534)
[2025.10.02-14.49.35:615][523]LogModuleManager: Shutting down and abandoning module ImgMedia (532)
[2025.10.02-14.49.35:615][523]LogModuleManager: Shutting down and abandoning module OpenImageDenoise (530)
[2025.10.02-14.49.35:615][523]LogOpenImageDenoise: OIDN shutting down
[2025.10.02-14.49.35:615][523]LogModuleManager: Shutting down and abandoning module MotoSynthEditor (528)
[2025.10.02-14.49.35:615][523]LogModuleManager: Shutting down and abandoning module MotoSynth (526)
[2025.10.02-14.49.35:615][523]LogModuleManager: Shutting down and abandoning module MeshConversion (524)
[2025.10.02-14.49.35:615][523]LogModuleManager: Shutting down and abandoning module DynamicMesh (522)
[2025.10.02-14.49.35:615][523]LogModuleManager: Shutting down and abandoning module GeometryAlgorithms (520)
[2025.10.02-14.49.35:615][523]LogModuleManager: Shutting down and abandoning module GeometricObjects (518)
[2025.10.02-14.49.35:615][523]LogModuleManager: Shutting down and abandoning module GeometryCollectionTracks (516)
[2025.10.02-14.49.35:615][523]LogModuleManager: Shutting down and abandoning module GeometryCollectionSequencer (515)
[2025.10.02-14.49.35:615][523]LogModuleManager: Shutting down and abandoning module GeometryCollectionEditor (512)
[2025.10.02-14.49.35:615][523]LogModuleManager: Shutting down and abandoning module GeometryCacheTracks (510)
[2025.10.02-14.49.35:615][523]LogModuleManager: Shutting down and abandoning module GeometryCacheStreamer (508)
[2025.10.02-14.49.35:615][523]LogModuleManager: Shutting down and abandoning module GeometryCacheSequencer (506)
[2025.10.02-14.49.35:615][523]LogModuleManager: Shutting down and abandoning module NiagaraEditorWidgets (504)
[2025.10.02-14.49.35:615][523]LogModuleManager: Shutting down and abandoning module ChaosNiagara (502)
[2025.10.02-14.49.35:615][523]LogModuleManager: Shutting down and abandoning module ChaosSolverEditor (500)
[2025.10.02-14.49.35:615][523]LogModuleManager: Shutting down and abandoning module FractureEditor (498)
[2025.10.02-14.49.35:615][523]LogModuleManager: Shutting down and abandoning module FieldSystemEngine (497)
[2025.10.02-14.49.35:615][523]LogModuleManager: Shutting down and abandoning module ChaosClothEditor (494)
[2025.10.02-14.49.35:615][523]LogModuleManager: Shutting down and abandoning module BackChannel (492)
[2025.10.02-14.49.35:615][523]LogModuleManager: Shutting down and abandoning module AutomationUtilsEditor (490)
[2025.10.02-14.49.35:615][523]LogModuleManager: Shutting down and abandoning module AutomationUtils (488)
[2025.10.02-14.49.35:616][523]LogModuleManager: Shutting down and abandoning module VariantManagerContentEditor (486)
[2025.10.02-14.49.35:616][523]LogModuleManager: Shutting down and abandoning module AlembicImporter (484)
[2025.10.02-14.49.35:616][523]LogModuleManager: Shutting down and abandoning module AlembicLibrary (483)
[2025.10.02-14.49.35:616][523]LogModuleManager: Shutting down and abandoning module GeometryCache (482)
[2025.10.02-14.49.35:616][523]LogModuleManager: Shutting down and abandoning module GeometryCacheEd (481)
[2025.10.02-14.49.35:616][523]LogModuleManager: Shutting down and abandoning module SpeedTreeImporter (476)
[2025.10.02-14.49.35:616][523]LogModuleManager: Shutting down and abandoning module PluginBrowser (474)
[2025.10.02-14.49.35:616][523]LogModuleManager: Shutting down and abandoning module MobileLauncherProfileWizard (472)
[2025.10.02-14.49.35:616][523]LogModuleManager: Shutting down and abandoning module MaterialAnalyzer (470)
[2025.10.02-14.49.35:616][523]LogModuleManager: Shutting down and abandoning module DatasmithContentEditor (468)
[2025.10.02-14.49.35:616][523]LogModuleManager: Shutting down and abandoning module CryptoKeysOpenSSL (466)
[2025.10.02-14.49.35:616][523]LogModuleManager: Shutting down and abandoning module CryptoKeys (464)
[2025.10.02-14.49.35:616][523]LogModuleManager: Shutting down and abandoning module CurveEditorTools (462)
[2025.10.02-14.49.35:616][523]LogModuleManager: Shutting down and abandoning module VisualStudioSourceCodeAccess (460)
[2025.10.02-14.49.35:616][523]LogModuleManager: Shutting down and abandoning module UObjectPlugin (458)
[2025.10.02-14.49.35:616][523]LogModuleManager: Shutting down and abandoning module VisualStudioCodeSourceCodeAccess (456)
[2025.10.02-14.49.35:616][523]LogModuleManager: Shutting down and abandoning module OodleNetworkHandlerComponent (454)
[2025.10.02-14.49.35:616][523]LogModuleManager: Shutting down and abandoning module SubversionSourceControl (452)
[2025.10.02-14.49.35:616][523]LogModuleManager: Shutting down and abandoning module RiderSourceCodeAccess (450)
[2025.10.02-14.49.35:616][523]LogModuleManager: Shutting down and abandoning module PluginUtils (448)
[2025.10.02-14.49.35:616][523]LogModuleManager: Shutting down and abandoning module PlasticSourceControl (446)
[2025.10.02-14.49.35:616][523]LogModuleManager: Shutting down and abandoning module PerforceSourceControl (444)
[2025.10.02-14.49.35:616][523]LogModuleManager: Shutting down and abandoning module GitSourceControl (442)
[2025.10.02-14.49.35:616][523]LogModuleManager: Shutting down and abandoning module SourceControl (441)
[2025.10.02-14.49.35:616][523]LogModuleManager: Shutting down and abandoning module CLionSourceCodeAccess (438)
[2025.10.02-14.49.35:616][523]LogModuleManager: Shutting down and abandoning module AnimationSharingEd (436)
[2025.10.02-14.49.35:616][523]LogModuleManager: Shutting down and abandoning module LiveLinkSequencer (434)
[2025.10.02-14.49.35:616][523]LogModuleManager: Shutting down and abandoning module LiveLinkMovieScene (432)
[2025.10.02-14.49.35:616][523]LogModuleManager: Shutting down and abandoning module LiveLinkGraphNode (430)
[2025.10.02-14.49.35:616][523]LogModuleManager: Shutting down and abandoning module LiveLinkEditor (428)
[2025.10.02-14.49.35:616][523]LogModuleManager: Shutting down and abandoning module LiveLinkComponents (426)
[2025.10.02-14.49.35:616][523]LogModuleManager: Shutting down and abandoning module LiveLink (424)
[2025.10.02-14.49.35:632][523]LogModuleManager: Shutting down and abandoning module LightPropagationVolumeEditor (422)
[2025.10.02-14.49.35:632][523]LogModuleManager: Shutting down and abandoning module PaperTiledImporter (420)
[2025.10.02-14.49.35:632][523]LogModuleManager: Shutting down and abandoning module PaperSpriteSheetImporter (418)
[2025.10.02-14.49.35:632][523]LogModuleManager: Shutting down and abandoning module Paper2DEditor (416)
[2025.10.02-14.49.35:632][523]LogModuleManager: Shutting down and abandoning module MeshPaintingToolset (414)
[2025.10.02-14.49.35:632][523]LogModuleManager: Shutting down and abandoning module MeshPaintEditorMode (412)
[2025.10.02-14.49.35:632][523]LogModuleManager: Shutting down and abandoning module SoundFields (410)
[2025.10.02-14.49.35:632][523]LogModuleManager: Shutting down and abandoning module SignificanceManager (408)
[2025.10.02-14.49.35:632][523]LogModuleManager: Shutting down and abandoning module RuntimePhysXCooking (406)
[2025.10.02-14.49.35:632][523]LogModuleManager: Shutting down and abandoning module PropertyAccessEditor (404)
[2025.10.02-14.49.35:633][523]LogModuleManager: Shutting down and abandoning module PhysXVehiclesEditor (402)
[2025.10.02-14.49.35:633][523]LogModuleManager: Shutting down and abandoning module LocationServicesBPLibrary (398)
[2025.10.02-14.49.35:633][523]LogModuleManager: Shutting down and abandoning module AudioSynesthesia (396)
[2025.10.02-14.49.35:633][523]LogModuleManager: Shutting down and abandoning module AudioSynesthesiaCore (394)
[2025.10.02-14.49.35:633][523]LogModuleManager: Shutting down and abandoning module ActorSequence (392)
[2025.10.02-14.49.35:633][523]LogModuleManager: Shutting down and abandoning module MagicLeapARPin (390)
[2025.10.02-14.49.35:633][523]LogModuleManager: Shutting down and abandoning module UdpMessaging (388)
[2025.10.02-14.49.35:734][523]LogModuleManager: Shutting down and abandoning module TcpMessaging (386)
[2025.10.02-14.49.35:835][523]LogModuleManager: Shutting down and abandoning module MagicLeapHandMeshing (384)
[2025.10.02-14.49.35:835][523]LogModuleManager: Shutting down and abandoning module MagicLeapSecureStorage (382)
[2025.10.02-14.49.35:835][523]LogModuleManager: Shutting down and abandoning module MagicLeapPrivileges (380)
[2025.10.02-14.49.35:835][523]LogModuleManager: Shutting down and abandoning module MagicLeapPlanes (378)
[2025.10.02-14.49.35:835][523]LogMagicLeapPlanes: Planes tracker already destroyed.
[2025.10.02-14.49.35:835][523]LogModuleManager: Shutting down and abandoning module MagicLeapImageTracker (376)
[2025.10.02-14.49.35:835][523]LogModuleManager: Shutting down and abandoning module MagicLeapIdentity (374)
[2025.10.02-14.49.35:835][523]LogModuleManager: Shutting down and abandoning module MagicLeapHandTracking (372)
[2025.10.02-14.49.35:835][523]LogModuleManager: Shutting down and abandoning module MagicLeapEyeTracker (370)
[2025.10.02-14.49.35:835][523]LogModuleManager: Shutting down and abandoning module MagicLeapController (368)
[2025.10.02-14.49.35:835][523]LogModuleManager: Shutting down and abandoning module MagicLeapARPinImpl (366)
[2025.10.02-14.49.35:835][523]LogModuleManager: Shutting down and abandoning module MagicLeapAR (364)
[2025.10.02-14.49.35:835][523]LogModuleManager: Shutting down and abandoning module ImgMediaEngine (362)
[2025.10.02-14.49.35:835][523]LogModuleManager: Shutting down and abandoning module PythonScriptPlugin (360)
[2025.10.02-14.49.35:835][523]LogModuleManager: Shutting down and abandoning module NiagaraAnimNotifies (358)
[2025.10.02-14.49.35:835][523]LogModuleManager: Shutting down and abandoning module Niagara (356)
[2025.10.02-14.49.35:835][523]LogModuleManager: Shutting down and abandoning module SignalProcessing (355)
[2025.10.02-14.49.35:835][523]LogModuleManager: Shutting down and abandoning module NiagaraEditor (353)
[2025.10.02-14.49.35:835][523]LogModuleManager: Shutting down and abandoning module NiagaraCore (350)
[2025.10.02-14.49.35:835][523]LogModuleManager: Shutting down and abandoning module GameplayTagsEditor (348)
[2025.10.02-14.49.35:835][523]LogModuleManager: Shutting down and abandoning module FacialAnimationEditor (346)
[2025.10.02-14.49.35:835][523]LogModuleManager: Shutting down and abandoning module FacialAnimation (344)
[2025.10.02-14.49.35:835][523]LogModuleManager: Shutting down and abandoning module DataValidation (342)
[2025.10.02-14.49.35:835][523]LogModuleManager: Shutting down and abandoning module AssetManagerEditor (340)
[2025.10.02-14.49.35:835][523]LogModuleManager: Shutting down and abandoning module LevelEditor (339)
[2025.10.02-14.49.35:836][523]LogModuleManager: Shutting down and abandoning module PixelInspectorModule (338)
[2025.10.02-14.49.35:836][523]LogModuleManager: Shutting down and abandoning module CommonMenuExtensions (336)
[2025.10.02-14.49.35:836][523]LogModuleManager: Shutting down and abandoning module MainFrame (334)
[2025.10.02-14.49.35:836][523]LogModuleManager: Shutting down and abandoning module HotReload (333)
[2025.10.02-14.49.35:837][523]LogModuleManager: Shutting down and abandoning module ToolMenus (329)
[2025.10.02-14.49.35:837][523]LogModuleManager: Shutting down and abandoning module ContentBrowser (327)
[2025.10.02-14.49.35:837][523]LogModuleManager: Shutting down and abandoning module ContentBrowserData (326)
[2025.10.02-14.49.35:837][523]LogModuleManager: Shutting down and abandoning module TreeMap (323)
[2025.10.02-14.49.35:837][523]LogModuleManager: Shutting down and abandoning module PropertyAccessNode (320)
[2025.10.02-14.49.35:837][523]LogModuleManager: Shutting down and abandoning module AnimationSharing (318)
[2025.10.02-14.49.35:837][523]LogModuleManager: Shutting down and abandoning module GameplayCameras (316)
[2025.10.02-14.49.35:837][523]LogModuleManager: Shutting down and abandoning module EnvironmentQueryEditor (314)
[2025.10.02-14.49.35:837][523]LogModuleManager: Shutting down and abandoning module LightPropagationVolumeRuntime (312)
[2025.10.02-14.49.35:837][523]LogModuleManager: Shutting down and abandoning module Paper2D (310)
[2025.10.02-14.49.35:837][523]LogModuleManager: Shutting down and abandoning module WindowsMoviePlayer (308)
[2025.10.02-14.49.35:838][523]LogModuleManager: Shutting down and abandoning module WebMMoviePlayer (306)
[2025.10.02-14.49.35:838][523]LogModuleManager: Shutting down and abandoning module NetworkReplayStreaming (304)
[2025.10.02-14.49.35:838][523]LogModuleManager: Shutting down and abandoning module PacketHandler (302)
[2025.10.02-14.49.35:838][523]LogModuleManager: Shutting down and abandoning module ClothingSystemEditor (300)
[2025.10.02-14.49.35:838][523]LogModuleManager: Shutting down and abandoning module ClothingSystemRuntimeNv (298)
[2025.10.02-14.49.35:838][523]LogModuleManager: Shutting down and abandoning module MediaAssets (296)
[2025.10.02-14.49.35:838][523]LogModuleManager: Shutting down and abandoning module Overlay (294)
[2025.10.02-14.49.35:838][523]LogModuleManager: Shutting down and abandoning module OverlayEditor (293)
[2025.10.02-14.49.35:838][523]LogModuleManager: Shutting down and abandoning module VREditor (290)
[2025.10.02-14.49.35:838][523]LogModuleManager: Shutting down and abandoning module StringTableEditor (288)
[2025.10.02-14.49.35:838][523]LogModuleManager: Shutting down and abandoning module GameplayTasksEditor (286)
[2025.10.02-14.49.35:838][523]LogModuleManager: Shutting down and abandoning module BehaviorTreeEditor (284)
[2025.10.02-14.49.35:838][523]LogModuleManager: Shutting down and abandoning module FunctionalTesting (282)
[2025.10.02-14.49.35:838][523]LogModuleManager: Shutting down and abandoning module CollisionAnalyzer (280)
[2025.10.02-14.49.35:838][523]LogModuleManager: Shutting down and abandoning module WorkspaceMenuStructure (279)
[2025.10.02-14.49.35:838][523]LogModuleManager: Shutting down and abandoning module UMG (276)
[2025.10.02-14.49.35:838][523]LogModuleManager: Shutting down and abandoning module UMGEditor (275)
[2025.10.02-14.49.35:838][523]LogModuleManager: Shutting down and abandoning module MessageLog (273)
[2025.10.02-14.49.35:838][523]LogModuleManager: Shutting down and abandoning module SlateReflector (268)
[2025.10.02-14.49.35:838][523]LogModuleManager: Shutting down and abandoning module Slate (266)
[2025.10.02-14.49.35:838][523]LogModuleManager: Shutting down and abandoning module SlateCore (264)
[2025.10.02-14.49.35:839][523]LogModuleManager: Shutting down and abandoning module LandscapeEditorUtilities (262)
[2025.10.02-14.49.35:839][523]LogModuleManager: Shutting down and abandoning module UnrealEd (260)
[2025.10.02-14.49.35:839][523]LogModuleManager: Shutting down and abandoning module MRMesh (258)
[2025.10.02-14.49.35:839][523]LogModuleManager: Shutting down and abandoning module SourceCodeAccess (256)
[2025.10.02-14.49.35:839][523]LogModuleManager: Shutting down and abandoning module HeadMountedDisplay (254)
[2025.10.02-14.49.35:839][523]LogModuleManager: Shutting down and abandoning module XAudio2 (252)
[2025.10.02-14.49.35:839][523]LogModuleManager: Shutting down and abandoning module Networking (250)
[2025.10.02-14.49.35:839][523]LogModuleManager: Shutting down and abandoning module Core (248)
[2025.10.02-14.49.35:839][523]LogModuleManager: Shutting down and abandoning module MaterialEditor (246)
[2025.10.02-14.49.35:839][523]LogModuleManager: Shutting down and abandoning module MovieSceneTools (244)
[2025.10.02-14.49.35:839][523]LogModuleManager: Shutting down and abandoning module CurveEditor (243)
[2025.10.02-14.49.35:839][523]LogModuleManager: Shutting down and abandoning module Sequencer (241)
[2025.10.02-14.49.35:839][523]LogModuleManager: Shutting down and abandoning module EditorStyle (240)
[2025.10.02-14.49.35:840][523]LogModuleManager: Shutting down and abandoning module KismetCompiler (236)
[2025.10.02-14.49.35:840][523]LogModuleManager: Shutting down and abandoning module MeshBuilder (234)
[2025.10.02-14.49.35:840][523]LogModuleManager: Shutting down and abandoning module MeshUtilities (232)
[2025.10.02-14.49.35:840][523]LogModuleManager: Shutting down and abandoning module MeshMergeUtilities (231)
[2025.10.02-14.49.35:840][523]LogModuleManager: Shutting down and abandoning module MeshReductionInterface (230)
[2025.10.02-14.49.35:840][523]LogModuleManager: Shutting down and abandoning module MeshBoneReduction (229)
[2025.10.02-14.49.35:840][523]LogModuleManager: Shutting down and abandoning module SkeletalMeshReduction (227)
[2025.10.02-14.49.35:840][523]LogModuleManager: Shutting down and abandoning module ProxyLODMeshReduction (225)
[2025.10.02-14.49.35:840][523]LogModuleManager: Shutting down and abandoning module QuadricMeshReduction (223)
[2025.10.02-14.49.35:840][523]LogModuleManager: Shutting down and abandoning module MaterialBaking (219)
[2025.10.02-14.49.35:840][523]LogModuleManager: Shutting down and abandoning module NullInstallBundleManager (214)
[2025.10.02-14.49.35:840][523]LogModuleManager: Shutting down and abandoning module DerivedDataCache (212)
[2025.10.02-14.49.35:840][523]LogModuleManager: Shutting down and abandoning module TargetPlatform (210)
[2025.10.02-14.49.35:840][523]LogModuleManager: Shutting down and abandoning module VulkanShaderFormat (209)
[2025.10.02-14.49.35:841][523]LogModuleManager: Shutting down and abandoning module ShaderFormatVectorVM (207)
[2025.10.02-14.49.35:841][523]LogModuleManager: Shutting down and abandoning module ShaderFormatOpenGL (205)
[2025.10.02-14.49.35:841][523]LogModuleManager: Shutting down and abandoning module ShaderFormatD3D (203)
[2025.10.02-14.49.35:841][523]LogModuleManager: Shutting down and abandoning module MetalShaderFormat (201)
[2025.10.02-14.49.35:841][523]LogModuleManager: Shutting down and abandoning module TextureFormatOodle (199)
[2025.10.02-14.49.35:841][523]LogModuleManager: Shutting down and abandoning module TextureFormatUncompressed (197)
[2025.10.02-14.49.35:841][523]LogModuleManager: Shutting down and abandoning module TextureFormatPVR (195)
[2025.10.02-14.49.35:841][523]LogModuleManager: Shutting down and abandoning module TextureFormatETC2 (193)
[2025.10.02-14.49.35:841][523]LogModuleManager: Shutting down and abandoning module TextureFormatDXT (191)
[2025.10.02-14.49.35:841][523]LogModuleManager: Shutting down and abandoning module TextureFormatIntelISPCTexComp (189)
[2025.10.02-14.49.35:841][523]LogModuleManager: Shutting down and abandoning module TextureFormatASTC (187)
[2025.10.02-14.49.35:841][523]LogModuleManager: Shutting down and abandoning module ImageWrapper (186)
[2025.10.02-14.49.35:841][523]LogModuleManager: Shutting down and abandoning module AudioFormatOpus (183)
[2025.10.02-14.49.35:841][523]LogModuleManager: Shutting down and abandoning module AudioFormatOgg (181)
[2025.10.02-14.49.35:841][523]LogModuleManager: Shutting down and abandoning module AudioFormatADPCM (179)
[2025.10.02-14.49.35:841][523]LogModuleManager: Shutting down and abandoning module WindowsServerTargetPlatform (177)
[2025.10.02-14.49.35:841][523]LogModuleManager: Shutting down and abandoning module WindowsClientTargetPlatform (175)
[2025.10.02-14.49.35:841][523]LogModuleManager: Shutting down and abandoning module WindowsTargetPlatform (173)
[2025.10.02-14.49.35:841][523]LogModuleManager: Shutting down and abandoning module WindowsNoEditorTargetPlatform (171)
[2025.10.02-14.49.35:841][523]LogModuleManager: Shutting down and abandoning module TVOSTargetPlatform (169)
[2025.10.02-14.49.35:842][523]LogModuleManager: Shutting down and abandoning module MacServerTargetPlatform (167)
[2025.10.02-14.49.35:842][523]LogModuleManager: Shutting down and abandoning module MacClientTargetPlatform (165)
[2025.10.02-14.49.35:842][523]LogModuleManager: Shutting down and abandoning module MacTargetPlatform (163)
[2025.10.02-14.49.35:842][523]LogModuleManager: Shutting down and abandoning module MacNoEditorTargetPlatform (161)
[2025.10.02-14.49.35:842][523]LogModuleManager: Shutting down and abandoning module LuminTargetPlatform (159)
[2025.10.02-14.49.35:842][523]LogModuleManager: Shutting down and abandoning module LinuxAArch64ServerTargetPlatform (157)
[2025.10.02-14.49.35:843][523]LogModuleManager: Shutting down and abandoning module LinuxAArch64ClientTargetPlatform (155)
[2025.10.02-14.49.35:843][523]LogModuleManager: Shutting down and abandoning module LinuxAArch64NoEditorTargetPlatform (153)
[2025.10.02-14.49.35:843][523]LogModuleManager: Shutting down and abandoning module LinuxServerTargetPlatform (151)
[2025.10.02-14.49.35:843][523]LogModuleManager: Shutting down and abandoning module LinuxClientTargetPlatform (149)
[2025.10.02-14.49.35:843][523]LogModuleManager: Shutting down and abandoning module LinuxNoEditorTargetPlatform (147)
[2025.10.02-14.49.35:843][523]LogModuleManager: Shutting down and abandoning module LinuxTargetPlatform (145)
[2025.10.02-14.49.35:843][523]LogModuleManager: Shutting down and abandoning module Messaging (143)
[2025.10.02-14.49.35:843][523]LogModuleManager: Shutting down and abandoning module IOSTargetPlatform (141)
[2025.10.02-14.49.35:843][523]LogModuleManager: Shutting down and abandoning module AndroidTargetPlatform (139)
[2025.10.02-14.49.35:846][523]LogModuleManager: Shutting down and abandoning module AllDesktopTargetPlatform (137)
[2025.10.02-14.49.35:847][523]LogModuleManager: Shutting down and abandoning module D3D11RHI (134)
[2025.10.02-14.49.35:847][523]LogModuleManager: Shutting down and abandoning module InputCore (132)
[2025.10.02-14.49.35:847][523]LogModuleManager: Shutting down and abandoning module Settings (130)
[2025.10.02-14.49.35:847][523]LogModuleManager: Shutting down and abandoning module DirectoryWatcher (128)
[2025.10.02-14.49.35:847][523]LogModuleManager: Shutting down and abandoning module PhysXCooking (126)
[2025.10.02-14.49.35:847][523]LogModuleManager: Shutting down and abandoning module Chaos (124)
[2025.10.02-14.49.35:847][523]LogModuleManager: Shutting down and abandoning module WindowsPlatformFeatures (122)
[2025.10.02-14.49.35:847][523]LogModuleManager: Shutting down and abandoning module GameplayMediaEncoder (121)
[2025.10.02-14.49.35:847][523]LogModuleManager: Shutting down and abandoning module AVEncoder (120)
[2025.10.02-14.49.35:847][523]LogModuleManager: Shutting down and abandoning module SteamVRInputDevice (116)
[2025.10.02-14.49.35:847][523]LogModuleManager: Shutting down and abandoning module SteamVRInput (114)
[2025.10.02-14.49.35:847][523]LogModuleManager: Shutting down and abandoning module SteamVR (112)
[2025.10.02-14.49.35:847][523]LogHMD: Freeing OpenVRDLLHandle.
[2025.10.02-14.49.35:847][523]LogModuleManager: Shutting down and abandoning module OculusHMD (110)
[2025.10.02-14.49.35:847][523]LogModuleManager: Shutting down and abandoning module OpenXRHandTracking (108)
[2025.10.02-14.49.35:848][523]LogSlate: Slate User Destroyed.  User Index 0, Is Virtual User: 0
[2025.10.02-14.49.35:848][523]LogModuleManager: Shutting down and abandoning module OpenXREyeTracker (106)
[2025.10.02-14.49.35:848][523]LogModuleManager: Shutting down and abandoning module OpenXRAR (104)
[2025.10.02-14.49.35:848][523]LogModuleManager: Shutting down and abandoning module AugmentedReality (103)
[2025.10.02-14.49.35:848][523]LogModuleManager: Shutting down and abandoning module OpenXRHMD (100)
[2025.10.02-14.49.35:849][523]LogModuleManager: Shutting down and abandoning module ExampleDeviceProfileSelector (98)
[2025.10.02-14.49.35:849][523]LogModuleManager: Shutting down and abandoning module ChunkDownloader (96)
[2025.10.02-14.49.35:849][523]LogModuleManager: Shutting down and abandoning module OnlineBlueprintSupport (94)
[2025.10.02-14.49.35:849][523]LogModuleManager: Shutting down and abandoning module LauncherChunkInstaller (90)
[2025.10.02-14.49.35:849][523]LogModuleManager: Shutting down and abandoning module OnlineSubsystem (88)
[2025.10.02-14.49.35:851][523]LogModuleManager: Shutting down and abandoning module XMPP (83)
[2025.10.02-14.49.35:851][523]LogModuleManager: Shutting down and abandoning module WebSockets (82)
[2025.10.02-14.49.35:868][523]LogModuleManager: Shutting down and abandoning module HTTP (79)
[2025.10.02-14.49.35:868][523]LogHttp: Display: Http module shutting down, but needs to wait on 1 outstanding Http requests:
[2025.10.02-14.49.35:868][523]LogHttp: Display: 	verb=[POST] url=[https://datarouter.ol.epicgames.com/datarouter/api/v1/public/data?SessionID=%7BF8551B4A-4174-4145-426E-77ABE3B1FCB2%7D&AppID=UEEditor.Rocket.Release&AppVersion=4.27.2-18319896%2B%2B%2BUE4%2BRelease-4.27&UserID=fb2bd5594ab4fc7bd890d9ab08cf5a97%7C80d74a91cbd847fe82e7b6a734b4aa1f%7Cc5fcc5a5-3878-4a70-802f-06231ad30ee2&AppEnvironment=datacollector-binary&UploadType=eteventstream] refs=[1] status=Processing
[2025.10.02-14.49.35:868][523]LogHttp: Display: cleaning up 1 outstanding Http requests.
[2025.10.02-14.49.35:899][523]LogModuleManager: Shutting down and abandoning module SSL (78)
[2025.10.02-14.49.35:900][523]LogModuleManager: Shutting down and abandoning module MLSDK (74)
[2025.10.02-14.49.35:900][523]LogModuleManager: Shutting down and abandoning module WmfMedia (72)
[2025.10.02-14.49.35:902][523]LogModuleManager: Shutting down and abandoning module Media (71)
[2025.10.02-14.49.35:904][523]LogModuleManager: Shutting down and abandoning module MediaInfo (70)
[2025.10.02-14.49.35:904][523]LogModuleManager: Shutting down and abandoning module MagicLeap (66)
[2025.10.02-14.49.35:904][523]LogModuleManager: Shutting down and abandoning module ExrReaderGpu (64)
[2025.10.02-14.49.35:904][523]LogModuleManager: Shutting down and abandoning module NiagaraVertexFactories (62)
[2025.10.02-14.49.35:904][523]LogModuleManager: Shutting down and abandoning module NiagaraShader (60)
[2025.10.02-14.49.35:904][523]LogModuleManager: Shutting down and abandoning module ChaosCloth (58)
[2025.10.02-14.49.35:904][523]LogModuleManager: Shutting down and abandoning module VariantManagerContent (56)
[2025.10.02-14.49.35:904][523]LogModuleManager: Shutting down and abandoning module DatasmithContent (54)
[2025.10.02-14.49.35:904][523]LogModuleManager: Shutting down and abandoning module PixWinPlugin (52)
[2025.10.02-14.49.35:904][523]LogModuleManager: Shutting down and abandoning module AISupportModule (50)
[2025.10.02-14.49.35:904][523]LogModuleManager: Shutting down and abandoning module DesktopPlatform (48)
[2025.10.02-14.49.35:904][523]LogModuleManager: Shutting down and abandoning module PythonScriptPluginPreload (46)
[2025.10.02-14.49.35:904][523]LogModuleManager: Shutting down and abandoning module PlatformCryptoOpenSSL (44)
[2025.10.02-14.49.35:904][523]LogModuleManager: Shutting down and abandoning module PlatformCryptoTypes (42)
[2025.10.02-14.49.35:904][523]LogModuleManager: Shutting down and abandoning module PlatformCrypto (40)
[2025.10.02-14.49.35:904][523]LogModuleManager: Shutting down and abandoning module OodleDataCompressionFormat (38)
[2025.10.02-14.49.35:904][523]LogModuleManager: Shutting down and abandoning module XGEController (36)
[2025.10.02-14.49.35:906][523]LogModuleManager: Shutting down and abandoning module AnimationModifiers (34)
[2025.10.02-14.49.35:906][523]LogModuleManager: Shutting down and abandoning module AudioEditor (32)
[2025.10.02-14.49.35:906][523]LogModuleManager: Shutting down and abandoning module PropertyEditor (31)
[2025.10.02-14.49.35:906][523]LogModuleManager: Shutting down and abandoning module TextureCompressor (28)
[2025.10.02-14.49.35:906][523]LogModuleManager: Shutting down and abandoning module RenderCore (26)
[2025.10.02-14.49.35:906][523]LogModuleManager: Shutting down and abandoning module Landscape (24)
[2025.10.02-14.49.35:906][523]LogModuleManager: Shutting down and abandoning module SlateRHIRenderer (22)
[2025.10.02-14.49.35:906][523]LogModuleManager: Shutting down and abandoning module AnimGraphRuntime (20)
[2025.10.02-14.49.35:906][523]LogModuleManager: Shutting down and abandoning module Renderer (18)
[2025.10.02-14.49.35:906][523]LogModuleManager: Shutting down and abandoning module Engine (16)
[2025.10.02-14.49.35:906][523]LogModuleManager: Shutting down and abandoning module CoreUObject (14)
[2025.10.02-14.49.35:906][523]LogModuleManager: Shutting down and abandoning module NetworkFile (12)
[2025.10.02-14.49.35:906][523]LogModuleManager: Shutting down and abandoning module CookedIterativeFile (10)
[2025.10.02-14.49.35:906][523]LogModuleManager: Shutting down and abandoning module StreamingFile (8)
[2025.10.02-14.49.35:906][523]LogModuleManager: Shutting down and abandoning module SandboxFile (6)
[2025.10.02-14.49.35:906][523]LogModuleManager: Shutting down and abandoning module PakFile (4)
[2025.10.02-14.49.35:906][523]LogModuleManager: Shutting down and abandoning module RSA (3)
[2025.10.02-14.49.36:381][523]LogContentStreaming: Display: There are 1 unreleased StreamingManagers
[2025.10.02-14.49.36:409][523]LogD3D11RHI: Shutdown
[2025.10.02-14.49.36:409][523]LogD3D11RHI: CleanupD3DDevice
[2025.10.02-14.49.36:412][523]LogExit: Exiting.
[2025.10.02-14.49.36:422][523]Log file closed, 10/02/25 08:49:36
