Log file open, 10/07/25 18:27:12
LogWindows: Failed to load 'aqProf.dll' (GetLastError=126)
LogWindows: File 'aqProf.dll' does not exist
LogWindows: Failed to load 'VtuneApi.dll' (GetLastError=126)
LogWindows: File 'VtuneApi.dll' does not exist
LogWindows: Failed to load 'VtuneApi32e.dll' (GetLastError=126)
LogWindows: File 'VtuneApi32e.dll' does not exist
LogConsoleResponse: Display: Failed to find resolution value strings in scalability ini. Falling back to default.
LogConsoleResponse: Display: Failed to find resolution value strings in scalability ini. Falling back to default.
LogInit: Display: Running engine for game: TasteOfMadness
LogPlatformFile: Not using cached read wrapper
LogTaskGraph: Started task graph with 5 named threads and 47 total threads with 3 sets of task threads.
LogStats: Stats thread started at 0.334057
LogICUInternationalization: ICU TimeZone Detection - Raw Offset: -6:00, Platform Override: ''
LogInit: Display: Loading text-based GConfig....
LogPluginManager: Mounting plugin MeshPainting
LogPluginManager: Mounting plugin XGEController
LogPluginManager: Mounting plugin Paper2D
LogPluginManager: Mounting plugin LiveLink
LogPluginManager: Mounting plugin EnvironmentQueryEditor
LogPluginManager: Mounting plugin AISupport
LogPluginManager: Mounting plugin CameraShakePreviewer
LogPluginManager: Mounting plugin GameplayCameras
LogPluginManager: Mounting plugin LightPropagationVolume
LogPluginManager: Mounting plugin CurveEditorTools
LogPluginManager: Mounting plugin CryptoKeys
LogPluginManager: Mounting plugin GameplayTagsEditor
LogPluginManager: Mounting plugin AssetManagerEditor
LogPluginManager: Mounting plugin MacGraphicsSwitching
LogPluginManager: Mounting plugin GeometryMode
LogPluginManager: Mounting plugin DataValidation
LogPluginManager: Mounting plugin FacialAnimation
LogPluginManager: Mounting plugin MobileLauncherProfileWizard
LogPluginManager: Mounting plugin MaterialAnalyzer
LogPluginManager: Mounting plugin PluginBrowser
LogPluginManager: Mounting plugin Niagara
LogPluginManager: Mounting plugin DatasmithContent
LogPluginManager: Mounting plugin VariantManagerContent
LogPluginManager: Mounting plugin AutomationUtils
LogPluginManager: Mounting plugin BackChannel
LogPluginManager: Mounting plugin SpeedTreeImporter
LogPluginManager: Mounting plugin ChaosClothEditor
LogPluginManager: Mounting plugin AlembicImporter
LogPluginManager: Mounting plugin ChaosNiagara
LogPluginManager: Mounting plugin ChaosCloth
LogPluginManager: Mounting plugin ChaosSolverPlugin
LogPluginManager: Mounting plugin CharacterAI
LogPluginManager: Mounting plugin ChaosEditor
LogPluginManager: Mounting plugin GeometryCache
LogPluginManager: Mounting plugin GeometryProcessing
LogPluginManager: Mounting plugin PlatformCrypto
LogPluginManager: Mounting plugin ProxyLODPlugin
LogPluginManager: Mounting plugin GeometryCollectionPlugin
LogPluginManager: Mounting plugin PlanarCut
LogPluginManager: Mounting plugin MotoSynth
LogPluginManager: Mounting plugin PythonScriptPlugin
LogPluginManager: Mounting plugin OpenImageDenoise
LogPluginManager: Mounting plugin SkeletalReduction
LogPluginManager: Mounting plugin AndroidMedia
LogPluginManager: Mounting plugin AvfMedia
LogPluginManager: Mounting plugin MediaCompositing
LogPluginManager: Mounting plugin ImgMedia
LogPluginManager: Mounting plugin MagicLeap
LogPluginManager: Mounting plugin MediaPlayerEditor
LogPluginManager: Mounting plugin WmfMedia
LogPluginManager: Mounting plugin LuminPlatformFeatures
LogPluginManager: Mounting plugin MagicLeapLightEstimation
LogPluginManager: Mounting plugin MagicLeapMedia
LogPluginManager: Mounting plugin MagicLeapPassableWorld
LogPluginManager: Mounting plugin MLSDK
LogPluginManager: Mounting plugin ActorSequence
LogPluginManager: Mounting plugin MatineeToLevelSequence
LogPluginManager: Mounting plugin TcpMessaging
LogPluginManager: Mounting plugin LevelSequenceEditor
LogPluginManager: Mounting plugin TemplateSequence
LogPluginManager: Mounting plugin OnlineSubsystem
LogPluginManager: Mounting plugin UdpMessaging
LogPluginManager: Mounting plugin OnlineSubsystemNull
LogPluginManager: Mounting plugin WebMMedia
LogPluginManager: Mounting plugin ActorLayerUtilities
LogPluginManager: Mounting plugin OnlineSubsystemUtils
LogPluginManager: Mounting plugin LauncherChunkInstaller
LogPluginManager: Mounting plugin AndroidMoviePlayer
LogPluginManager: Mounting plugin AndroidPermission
LogPluginManager: Mounting plugin AppleImageUtils
LogPluginManager: Mounting plugin AppleMoviePlayer
LogPluginManager: Mounting plugin AssetTags
LogPluginManager: Mounting plugin AudioCapture
LogPluginManager: Mounting plugin AndroidDeviceProfileSelector
LogPluginManager: Mounting plugin ArchVisCharacter
LogPluginManager: Mounting plugin ChunkDownloader
LogPluginManager: Mounting plugin AudioSynesthesia
LogPluginManager: Mounting plugin CustomMeshComponent
LogPluginManager: Mounting plugin CableComponent
LogPluginManager: Mounting plugin EditableMesh
LogPluginManager: Mounting plugin ExampleDeviceProfileSelector
LogPluginManager: Mounting plugin GoogleCloudMessaging
LogPluginManager: Mounting plugin GooglePAD
LogPluginManager: Mounting plugin LinuxDeviceProfileSelector
LogPluginManager: Mounting plugin LocationServicesBPLibrary
LogPluginManager: Mounting plugin IOSDeviceProfileSelector
LogPluginManager: Mounting plugin MobilePatchingUtils
LogPluginManager: Mounting plugin OpenXREyeTracker
LogPluginManager: Mounting plugin OpenXR
LogPluginManager: Mounting plugin OpenXRHandTracking
LogPluginManager: Mounting plugin PhysXVehicles
LogPluginManager: Mounting plugin PostSplashScreen
LogPluginManager: Mounting plugin ProceduralMeshComponent
LogPluginManager: Mounting plugin PropertyAccessEditor
LogPluginManager: Mounting plugin SoundFields
LogPluginManager: Mounting plugin SignificanceManager
LogPluginManager: Mounting plugin RuntimePhysXCooking
LogPluginManager: Mounting plugin Synthesis
LogPluginManager: Mounting plugin WebMMoviePlayer
LogPluginManager: Mounting plugin ScreenshotTools
LogPluginManager: Mounting plugin WindowsMoviePlayer
LogPluginManager: Mounting plugin Takes
LogPluginManager: Mounting plugin AnimationSharing
LogPluginManager: Mounting plugin CLionSourceCodeAccess
LogPluginManager: Mounting plugin OodleNetwork
LogPluginManager: Mounting plugin NullSourceCodeAccess
LogPluginManager: Mounting plugin KDevelopSourceCodeAccess
LogPluginManager: Mounting plugin PlasticSourceControl
LogPluginManager: Mounting plugin PluginUtils
LogPluginManager: Mounting plugin CodeLiteSourceCodeAccess
LogPluginManager: Mounting plugin PixWinPlugin
LogPluginManager: Mounting plugin PropertyAccessNode
LogPluginManager: Mounting plugin SubversionSourceControl
LogPluginManager: Mounting plugin OodleData
LogPluginManager: Mounting plugin GitSourceControl
LogPluginManager: Mounting plugin UObjectPlugin
LogPluginManager: Mounting plugin VisualStudioSourceCodeAccess
LogPluginManager: Mounting plugin VisualStudioCodeSourceCodeAccess
LogPluginManager: Mounting plugin RiderSourceCodeAccess
LogPluginManager: Mounting plugin XCodeSourceCodeAccess
LogPluginManager: Mounting plugin TextureFormatOodle
LogPluginManager: Mounting plugin PerforceSourceControl
LogPluginManager: Mounting plugin ContentBrowserFileDataSource
LogPluginManager: Mounting plugin ContentBrowserAssetDataSource
LogPluginManager: Mounting plugin ContentBrowserClassDataSource
LogPluginManager: Mounting plugin OnlineSubsystemIOS
LogPluginManager: Mounting plugin OnlineSubsystemGooglePlay
LogPluginManager: Mounting plugin OculusVR
LogPluginManager: Mounting plugin SteamVR
LogInit: Using libcurl 7.55.1-DEV
LogInit:  - built for x86_64-pc-win32
LogInit:  - supports SSL with OpenSSL/1.1.1
LogInit:  - supports HTTP deflate (compression) using libz 1.2.8
LogInit:  - other features:
LogInit:      CURL_VERSION_SSL
LogInit:      CURL_VERSION_LIBZ
LogInit:      CURL_VERSION_IPV6
LogInit:      CURL_VERSION_ASYNCHDNS
LogInit:      CURL_VERSION_LARGEFILE
LogInit:      CURL_VERSION_IDN
LogInit:  CurlRequestOptions (configurable via config and command line):
LogInit:  - bVerifyPeer = true  - Libcurl will verify peer certificate
LogInit:  - bUseHttpProxy = false  - Libcurl will NOT use HTTP proxy
LogInit:  - bDontReuseConnections = false  - Libcurl will reuse connections
LogInit:  - MaxHostConnections = 16  - Libcurl will limit the number of connections to a host
LogInit:  - LocalHostAddr = Default
LogInit:  - BufferSize = 65536
LogOnline: OSS: Creating online subsystem instance for: NULL
LogInit: WinSock: version 1.1 (2.2), MaxSocks=32767, MaxUdp=65467
LogOnline: OSS: TryLoadSubsystemAndSetDefault: Loaded subsystem for module [NULL]
PixWinPlugin: PIX capture plugin failed to initialize! Check that the process is launched from PIX.
LogOculusPluginWrapper: OculusPlugin initialized successfully
LogHMD: Failed initializing OVRPlugin 1.59.0
LogInit: Build: ++UE4+Release-4.27-CL-18319896
LogInit: Engine Version: 4.27.2-18319896+++UE4+Release-4.27
LogInit: Compatible Engine Version: 4.27.0-17155196+++UE4+Release-4.27
LogInit: Net CL: 17155196
LogInit: OS: Windows 10 (Release 2009) (), CPU: AMD Ryzen 7 8845HS w/ Radeon 780M Graphics, GPU: AMD Radeon(TM) Graphics
LogInit: Compiled (64-bit): Nov 30 2021 07:12:08
LogInit: Compiled with Visual C++: 19.24.28315.00
LogInit: Build Configuration: Development
LogInit: Branch Name: ++UE4+Release-4.27
LogInit: Command Line: 
LogInit: Base Directory: C:/Program Files/Epic Games/UE_4.27/Engine/Binaries/Win64/
LogInit: Allocator: TBB
LogInit: Installed Engine Build: 1
LogDevObjectVersion: Number of dev versions registered: 29
LogDevObjectVersion:   Dev-Blueprints (B0D832E4-1F89-4F0D-ACCF-7EB736FD4AA2): 10
LogDevObjectVersion:   Dev-Build (E1C64328-A22C-4D53-A36C-8E866417BD8C): 0
LogDevObjectVersion:   Dev-Core (375EC13C-06E4-48FB-B500-84F0262A717E): 4
LogDevObjectVersion:   Dev-Editor (E4B068ED-F494-42E9-A231-DA0B2E46BB41): 40
LogDevObjectVersion:   Dev-Framework (CFFC743F-43B0-4480-9391-14DF171D2073): 37
LogDevObjectVersion:   Dev-Mobile (B02B49B5-BB20-44E9-A304-32B752E40360): 3
LogDevObjectVersion:   Dev-Networking (A4E4105C-59A1-49B5-A7C5-40C4547EDFEE): 0
LogDevObjectVersion:   Dev-Online (39C831C9-5AE6-47DC-9A44-9C173E1C8E7C): 0
LogDevObjectVersion:   Dev-Physics (78F01B33-EBEA-4F98-B9B4-84EACCB95AA2): 14
LogDevObjectVersion:   Dev-Platform (6631380F-2D4D-43E0-8009-CF276956A95A): 0
LogDevObjectVersion:   Dev-Rendering (12F88B9F-8875-4AFC-A67C-D90C383ABD29): 45
LogDevObjectVersion:   Dev-Sequencer (7B5AE74C-D270-4C10-A958-57980B212A5A): 13
LogDevObjectVersion:   Dev-VR (D7296918-1DD6-4BDD-9DE2-64A83CC13884): 3
LogDevObjectVersion:   Dev-LoadTimes (C2A15278-BFE7-4AFE-6C17-90FF531DF755): 1
LogDevObjectVersion:   Private-Geometry (6EACA3D4-40EC-4CC1-B786-8BED09428FC5): 3
LogDevObjectVersion:   Dev-AnimPhys (29E575DD-E0A3-4627-9D10-D276232CDCEA): 17
LogDevObjectVersion:   Dev-Anim (AF43A65D-7FD3-4947-9873-3E8ED9C1BB05): 15
LogDevObjectVersion:   Dev-ReflectionCapture (6B266CEC-1EC7-4B8F-A30B-E4D90942FC07): 1
LogDevObjectVersion:   Dev-Automation (0DF73D61-A23F-47EA-B727-89E90C41499A): 1
LogDevObjectVersion:   FortniteMain (601D1886-AC64-4F84-AA16-D3DE0DEAC7D6): 47
LogDevObjectVersion:   FortniteRelease (E7086368-6B23-4C58-8439-1B7016265E91): 1
LogDevObjectVersion:   Dev-Enterprise (9DFFBCD6-494F-0158-E221-12823C92A888): 10
LogDevObjectVersion:   Dev-Niagara (F2AED0AC-9AFE-416F-8664-AA7FFA26D6FC): 1
LogDevObjectVersion:   Dev-Destruction (174F1F0B-B4C6-45A5-B13F-2EE8D0FB917D): 10
LogDevObjectVersion:   Dev-Physics-Ext (35F94A83-E258-406C-A318-09F59610247C): 41
LogDevObjectVersion:   Dev-PhysicsMaterial-Chaos (B68FC16E-8B1B-42E2-B453-215C058844FE): 1
LogDevObjectVersion:   Dev-CineCamera (B2E18506-4273-CFC2-A54E-F4BB758BBA07): 1
LogDevObjectVersion:   Dev-VirtualProduction (64F58936-FD1B-42BA-BA96-7289D5D0FA4E): 1
LogDevObjectVersion:   Dev-MediaFramework (6F0ED827-A609-4895-9C91-998D90180EA4): 2
LogInit: Presizing for max 25165824 objects, including 0 objects not considered by GC, pre-allocating 0 bytes for permanent pool.
LogConfig: Applying CVar settings from Section [/Script/Engine.StreamingSettings] File [C:/Users/sambb/OneDrive/Documentos/GitHub/TasteOfMadness/TasteOfMadness/Saved/Config/Windows/Engine.ini]
LogConfig: Setting CVar [[s.MinBulkDataSizeForAsyncLoading:131072]]
LogConfig: Setting CVar [[s.AsyncLoadingThreadEnabled:0]]
LogConfig: Setting CVar [[s.EventDrivenLoaderEnabled:1]]
LogConfig: Setting CVar [[s.WarnIfTimeLimitExceeded:0]]
LogConfig: Setting CVar [[s.TimeLimitExceededMultiplier:1.5]]
LogConfig: Setting CVar [[s.TimeLimitExceededMinTime:0.005]]
LogConfig: Setting CVar [[s.UseBackgroundLevelStreaming:1]]
LogConfig: Setting CVar [[s.PriorityAsyncLoadingExtraTime:15.0]]
LogConfig: Setting CVar [[s.LevelStreamingActorsUpdateTimeLimit:5.0]]
LogConfig: Setting CVar [[s.PriorityLevelStreamingActorsUpdateExtraTime:5.0]]
LogConfig: Setting CVar [[s.LevelStreamingComponentsRegistrationGranularity:10]]
LogConfig: Setting CVar [[s.UnregisterComponentsTimeLimit:1.0]]
LogConfig: Setting CVar [[s.LevelStreamingComponentsUnregistrationGranularity:5]]
LogConfig: Setting CVar [[s.FlushStreamingOnExit:1]]
LogInit: Object subsystem initialized
LogConfig: Setting CVar [[con.DebugEarlyDefault:1]]
LogConfig: Setting CVar [[r.setres:1280x720]]
[2025.10.08-00.27.12:809][  0]LogConfig: Setting CVar [[r.VSync:0]]
[2025.10.08-00.27.12:809][  0]LogConfig: Setting CVar [[r.RHICmdBypass:0]]
[2025.10.08-00.27.12:809][  0]LogConfig: Applying CVar settings from Section [/Script/Engine.RendererSettings] File [C:/Users/sambb/OneDrive/Documentos/GitHub/TasteOfMadness/TasteOfMadness/Saved/Config/Windows/Engine.ini]
[2025.10.08-00.27.12:809][  0]LogConfig: Setting CVar [[r.GPUCrashDebugging:0]]
[2025.10.08-00.27.12:809][  0]LogConfig: Applying CVar settings from Section [/Script/Engine.RendererOverrideSettings] File [C:/Users/sambb/OneDrive/Documentos/GitHub/TasteOfMadness/TasteOfMadness/Saved/Config/Windows/Engine.ini]
[2025.10.08-00.27.12:809][  0]LogConfig: Applying CVar settings from Section [/Script/Engine.StreamingSettings] File [C:/Users/sambb/OneDrive/Documentos/GitHub/TasteOfMadness/TasteOfMadness/Saved/Config/Windows/Engine.ini]
[2025.10.08-00.27.12:809][  0]LogConfig: Setting CVar [[s.MinBulkDataSizeForAsyncLoading:131072]]
[2025.10.08-00.27.12:809][  0]LogConfig: Setting CVar [[s.AsyncLoadingThreadEnabled:0]]
[2025.10.08-00.27.12:809][  0]LogConfig: Setting CVar [[s.EventDrivenLoaderEnabled:1]]
[2025.10.08-00.27.12:809][  0]LogConfig: Setting CVar [[s.WarnIfTimeLimitExceeded:0]]
[2025.10.08-00.27.12:809][  0]LogConfig: Setting CVar [[s.TimeLimitExceededMultiplier:1.5]]
[2025.10.08-00.27.12:809][  0]LogConfig: Setting CVar [[s.TimeLimitExceededMinTime:0.005]]
[2025.10.08-00.27.12:809][  0]LogConfig: Setting CVar [[s.UseBackgroundLevelStreaming:1]]
[2025.10.08-00.27.12:809][  0]LogConfig: Setting CVar [[s.PriorityAsyncLoadingExtraTime:15.0]]
[2025.10.08-00.27.12:809][  0]LogConfig: Setting CVar [[s.LevelStreamingActorsUpdateTimeLimit:5.0]]
[2025.10.08-00.27.12:809][  0]LogConfig: Setting CVar [[s.PriorityLevelStreamingActorsUpdateExtraTime:5.0]]
[2025.10.08-00.27.12:809][  0]LogConfig: Setting CVar [[s.LevelStreamingComponentsRegistrationGranularity:10]]
[2025.10.08-00.27.12:809][  0]LogConfig: Setting CVar [[s.UnregisterComponentsTimeLimit:1.0]]
[2025.10.08-00.27.12:809][  0]LogConfig: Setting CVar [[s.LevelStreamingComponentsUnregistrationGranularity:5]]
[2025.10.08-00.27.12:809][  0]LogConfig: Setting CVar [[s.FlushStreamingOnExit:1]]
[2025.10.08-00.27.12:809][  0]LogConfig: Applying CVar settings from Section [/Script/Engine.GarbageCollectionSettings] File [C:/Users/sambb/OneDrive/Documentos/GitHub/TasteOfMadness/TasteOfMadness/Saved/Config/Windows/Engine.ini]
[2025.10.08-00.27.12:809][  0]LogConfig: Setting CVar [[gc.MaxObjectsNotConsideredByGC:1]]
[2025.10.08-00.27.12:809][  0]LogConfig: Setting CVar [[gc.SizeOfPermanentObjectPool:0]]
[2025.10.08-00.27.12:809][  0]LogConfig: Setting CVar [[gc.FlushStreamingOnGC:0]]
[2025.10.08-00.27.12:809][  0]LogConfig: Setting CVar [[gc.NumRetriesBeforeForcingGC:10]]
[2025.10.08-00.27.12:810][  0]LogConfig: Setting CVar [[gc.AllowParallelGC:1]]
[2025.10.08-00.27.12:810][  0]LogConfig: Setting CVar [[gc.TimeBetweenPurgingPendingKillObjects:61.1]]
[2025.10.08-00.27.12:810][  0]LogConfig: Setting CVar [[gc.MaxObjectsInEditor:25165824]]
[2025.10.08-00.27.12:810][  0]LogConfig: Setting CVar [[gc.IncrementalBeginDestroyEnabled:1]]
[2025.10.08-00.27.12:810][  0]LogConfig: Setting CVar [[gc.CreateGCClusters:1]]
[2025.10.08-00.27.12:810][  0]LogConfig: Setting CVar [[gc.MinGCClusterSize:5]]
[2025.10.08-00.27.12:810][  0]LogConfig: Setting CVar [[gc.ActorClusteringEnabled:0]]
[2025.10.08-00.27.12:810][  0]LogConfig: Setting CVar [[gc.BlueprintClusteringEnabled:0]]
[2025.10.08-00.27.12:810][  0]LogConfig: Setting CVar [[gc.UseDisregardForGCOnDedicatedServers:0]]
[2025.10.08-00.27.12:810][  0]LogConfig: Setting CVar [[gc.MultithreadedDestructionEnabled:1]]
[2025.10.08-00.27.12:810][  0]LogConfig: Applying CVar settings from Section [/Script/Engine.NetworkSettings] File [C:/Users/sambb/OneDrive/Documentos/GitHub/TasteOfMadness/TasteOfMadness/Saved/Config/Windows/Engine.ini]
[2025.10.08-00.27.12:810][  0]LogConfig: Applying CVar settings from Section [/Script/UnrealEd.CookerSettings] File [C:/Users/sambb/OneDrive/Documentos/GitHub/TasteOfMadness/TasteOfMadness/Saved/Config/Windows/Engine.ini]
[2025.10.08-00.27.12:815][  0]LogConfig: Applying CVar settings from Section [ViewDistanceQuality@3] File [C:/Users/sambb/OneDrive/Documentos/GitHub/TasteOfMadness/TasteOfMadness/Saved/Config/Windows/Scalability.ini]
[2025.10.08-00.27.12:815][  0]LogConfig: Setting CVar [[r.SkeletalMeshLODBias:0]]
[2025.10.08-00.27.12:815][  0]LogConfig: Setting CVar [[r.ViewDistanceScale:1.0]]
[2025.10.08-00.27.12:815][  0]LogConfig: Applying CVar settings from Section [AntiAliasingQuality@3] File [C:/Users/sambb/OneDrive/Documentos/GitHub/TasteOfMadness/TasteOfMadness/Saved/Config/Windows/Scalability.ini]
[2025.10.08-00.27.12:815][  0]LogConfig: Setting CVar [[r.PostProcessAAQuality:4]]
[2025.10.08-00.27.12:815][  0]LogConfig: Applying CVar settings from Section [ShadowQuality@3] File [C:/Users/sambb/OneDrive/Documentos/GitHub/TasteOfMadness/TasteOfMadness/Saved/Config/Windows/Scalability.ini]
[2025.10.08-00.27.12:815][  0]LogConfig: Setting CVar [[r.LightFunctionQuality:1]]
[2025.10.08-00.27.12:815][  0]LogConfig: Setting CVar [[r.ShadowQuality:5]]
[2025.10.08-00.27.12:815][  0]LogConfig: Setting CVar [[r.Shadow.CSM.MaxCascades:10]]
[2025.10.08-00.27.12:815][  0]LogConfig: Setting CVar [[r.Shadow.MaxResolution:2048]]
[2025.10.08-00.27.12:815][  0]LogConfig: Setting CVar [[r.Shadow.MaxCSMResolution:2048]]
[2025.10.08-00.27.12:815][  0]LogConfig: Setting CVar [[r.Shadow.RadiusThreshold:0.01]]
[2025.10.08-00.27.12:815][  0]LogConfig: Setting CVar [[r.Shadow.DistanceScale:1.0]]
[2025.10.08-00.27.12:815][  0]LogConfig: Setting CVar [[r.Shadow.CSM.TransitionScale:1.0]]
[2025.10.08-00.27.12:815][  0]LogConfig: Setting CVar [[r.Shadow.PreShadowResolutionFactor:1.0]]
[2025.10.08-00.27.12:815][  0]LogConfig: Setting CVar [[r.DistanceFieldShadowing:1]]
[2025.10.08-00.27.12:815][  0]LogConfig: Setting CVar [[r.DistanceFieldAO:1]]
[2025.10.08-00.27.12:815][  0]LogConfig: Setting CVar [[r.AOQuality:2]]
[2025.10.08-00.27.12:815][  0]LogConfig: Setting CVar [[r.VolumetricFog:1]]
[2025.10.08-00.27.12:815][  0]LogConfig: Setting CVar [[r.VolumetricFog.GridPixelSize:8]]
[2025.10.08-00.27.12:815][  0]LogConfig: Setting CVar [[r.VolumetricFog.GridSizeZ:128]]
[2025.10.08-00.27.12:815][  0]LogConfig: Setting CVar [[r.VolumetricFog.HistoryMissSupersampleCount:4]]
[2025.10.08-00.27.12:815][  0]LogConfig: Setting CVar [[r.LightMaxDrawDistanceScale:1]]
[2025.10.08-00.27.12:815][  0]LogConfig: Setting CVar [[r.CapsuleShadows:1]]
[2025.10.08-00.27.12:815][  0]LogConfig: Applying CVar settings from Section [PostProcessQuality@3] File [C:/Users/sambb/OneDrive/Documentos/GitHub/TasteOfMadness/TasteOfMadness/Saved/Config/Windows/Scalability.ini]
[2025.10.08-00.27.12:815][  0]LogConfig: Setting CVar [[r.MotionBlurQuality:4]]
[2025.10.08-00.27.12:815][  0]LogConfig: Setting CVar [[r.AmbientOcclusionMipLevelFactor:0.4]]
[2025.10.08-00.27.12:815][  0]LogConfig: Setting CVar [[r.AmbientOcclusionMaxQuality:100]]
[2025.10.08-00.27.12:815][  0]LogConfig: Setting CVar [[r.AmbientOcclusionLevels:-1]]
[2025.10.08-00.27.12:815][  0]LogConfig: Setting CVar [[r.AmbientOcclusionRadiusScale:1.0]]
[2025.10.08-00.27.12:815][  0]LogConfig: Setting CVar [[r.DepthOfFieldQuality:2]]
[2025.10.08-00.27.12:815][  0]LogConfig: Setting CVar [[r.RenderTargetPoolMin:400]]
[2025.10.08-00.27.12:815][  0]LogConfig: Setting CVar [[r.LensFlareQuality:2]]
[2025.10.08-00.27.12:815][  0]LogConfig: Setting CVar [[r.SceneColorFringeQuality:1]]
[2025.10.08-00.27.12:815][  0]LogConfig: Setting CVar [[r.EyeAdaptationQuality:2]]
[2025.10.08-00.27.12:815][  0]LogConfig: Setting CVar [[r.BloomQuality:5]]
[2025.10.08-00.27.12:815][  0]LogConfig: Setting CVar [[r.FastBlurThreshold:100]]
[2025.10.08-00.27.12:815][  0]LogConfig: Setting CVar [[r.Upscale.Quality:3]]
[2025.10.08-00.27.12:815][  0]LogConfig: Setting CVar [[r.Tonemapper.GrainQuantization:1]]
[2025.10.08-00.27.12:815][  0]LogConfig: Setting CVar [[r.LightShaftQuality:1]]
[2025.10.08-00.27.12:815][  0]LogConfig: Setting CVar [[r.Filter.SizeScale:1]]
[2025.10.08-00.27.12:816][  0]LogConfig: Setting CVar [[r.Tonemapper.Quality:5]]
[2025.10.08-00.27.12:816][  0]LogConfig: Setting CVar [[r.DOF.Gather.AccumulatorQuality:1        ; higher gathering accumulator quality]]
[2025.10.08-00.27.12:816][  0]LogConfig: Setting CVar [[r.DOF.Gather.PostfilterMethod:1          ; Median3x3 postfilering method]]
[2025.10.08-00.27.12:816][  0]LogConfig: Setting CVar [[r.DOF.Gather.EnableBokehSettings:0       ; no bokeh simulation when gathering]]
[2025.10.08-00.27.12:816][  0]LogConfig: Setting CVar [[r.DOF.Gather.RingCount:4                 ; medium number of samples when gathering]]
[2025.10.08-00.27.12:816][  0]LogConfig: Setting CVar [[r.DOF.Scatter.ForegroundCompositing:1    ; additive foreground scattering]]
[2025.10.08-00.27.12:816][  0]LogConfig: Setting CVar [[r.DOF.Scatter.BackgroundCompositing:2    ; additive background scattering]]
[2025.10.08-00.27.12:816][  0]LogConfig: Setting CVar [[r.DOF.Scatter.EnableBokehSettings:1      ; bokeh simulation when scattering]]
[2025.10.08-00.27.12:816][  0]LogConfig: Setting CVar [[r.DOF.Scatter.MaxSpriteRatio:0.1         ; only a maximum of 10% of scattered bokeh]]
[2025.10.08-00.27.12:816][  0]LogConfig: Setting CVar [[r.DOF.Recombine.Quality:1                ; cheap slight out of focus]]
[2025.10.08-00.27.12:816][  0]LogConfig: Setting CVar [[r.DOF.Recombine.EnableBokehSettings:0    ; no bokeh simulation on slight out of focus]]
[2025.10.08-00.27.12:816][  0]LogConfig: Setting CVar [[r.DOF.TemporalAAQuality:1                ; more stable temporal accumulation]]
[2025.10.08-00.27.12:816][  0]LogConfig: Setting CVar [[r.DOF.Kernel.MaxForegroundRadius:0.025]]
[2025.10.08-00.27.12:816][  0]LogConfig: Setting CVar [[r.DOF.Kernel.MaxBackgroundRadius:0.025]]
[2025.10.08-00.27.12:816][  0]LogConfig: Applying CVar settings from Section [TextureQuality@3] File [C:/Users/sambb/OneDrive/Documentos/GitHub/TasteOfMadness/TasteOfMadness/Saved/Config/Windows/Scalability.ini]
[2025.10.08-00.27.12:816][  0]LogConfig: Setting CVar [[r.Streaming.MipBias:0]]
[2025.10.08-00.27.12:816][  0]LogConfig: Setting CVar [[r.Streaming.AmortizeCPUToGPUCopy:0]]
[2025.10.08-00.27.12:816][  0]LogConfig: Setting CVar [[r.Streaming.MaxNumTexturesToStreamPerFrame:0]]
[2025.10.08-00.27.12:816][  0]LogConfig: Setting CVar [[r.Streaming.Boost:1]]
[2025.10.08-00.27.12:816][  0]LogConfig: Setting CVar [[r.MaxAnisotropy:8]]
[2025.10.08-00.27.12:816][  0]LogConfig: Setting CVar [[r.VT.MaxAnisotropy:8]]
[2025.10.08-00.27.12:816][  0]LogConfig: Setting CVar [[r.Streaming.LimitPoolSizeToVRAM:0]]
[2025.10.08-00.27.12:816][  0]LogConfig: Setting CVar [[r.Streaming.PoolSize:1000]]
[2025.10.08-00.27.12:816][  0]LogConfig: Setting CVar [[r.Streaming.MaxEffectiveScreenSize:0]]
[2025.10.08-00.27.12:816][  0]LogConfig: Applying CVar settings from Section [EffectsQuality@3] File [C:/Users/sambb/OneDrive/Documentos/GitHub/TasteOfMadness/TasteOfMadness/Saved/Config/Windows/Scalability.ini]
[2025.10.08-00.27.12:816][  0]LogConfig: Setting CVar [[r.TranslucencyLightingVolumeDim:64]]
[2025.10.08-00.27.12:816][  0]LogConfig: Setting CVar [[r.RefractionQuality:2]]
[2025.10.08-00.27.12:816][  0]LogConfig: Setting CVar [[r.SSR.Quality:3]]
[2025.10.08-00.27.12:816][  0]LogConfig: Setting CVar [[r.SSR.HalfResSceneColor:0]]
[2025.10.08-00.27.12:816][  0]LogConfig: Setting CVar [[r.SceneColorFormat:4]]
[2025.10.08-00.27.12:816][  0]LogConfig: Setting CVar [[r.DetailMode:2]]
[2025.10.08-00.27.12:816][  0]LogConfig: Setting CVar [[r.TranslucencyVolumeBlur:1]]
[2025.10.08-00.27.12:816][  0]LogConfig: Setting CVar [[r.MaterialQualityLevel:1 ; High quality]]
[2025.10.08-00.27.12:816][  0]LogConfig: Setting CVar [[r.AnisotropicMaterials:1]]
[2025.10.08-00.27.12:816][  0]LogConfig: Setting CVar [[r.SSS.Scale:1]]
[2025.10.08-00.27.12:816][  0]LogConfig: Setting CVar [[r.SSS.SampleSet:2]]
[2025.10.08-00.27.12:816][  0]LogConfig: Setting CVar [[r.SSS.Quality:1]]
[2025.10.08-00.27.12:816][  0]LogConfig: Setting CVar [[r.SSS.HalfRes:0]]
[2025.10.08-00.27.12:816][  0]LogConfig: Setting CVar [[r.SSGI.Quality:3]]
[2025.10.08-00.27.12:816][  0]LogConfig: Setting CVar [[r.EmitterSpawnRateScale:1.0]]
[2025.10.08-00.27.12:816][  0]LogConfig: Setting CVar [[r.ParticleLightQuality:2]]
[2025.10.08-00.27.12:816][  0]LogConfig: Setting CVar [[r.SkyAtmosphere.AerialPerspectiveLUT.FastApplyOnOpaque:1 ; Always have FastSkyLUT 1 in this case to avoid wrong sky]]
[2025.10.08-00.27.12:816][  0]LogConfig: Setting CVar [[r.SkyAtmosphere.AerialPerspectiveLUT.SampleCountMaxPerSlice:4]]
[2025.10.08-00.27.12:816][  0]LogConfig: Setting CVar [[r.SkyAtmosphere.AerialPerspectiveLUT.DepthResolution:16.0]]
[2025.10.08-00.27.12:816][  0]LogConfig: Setting CVar [[r.SkyAtmosphere.FastSkyLUT:1]]
[2025.10.08-00.27.12:816][  0]LogConfig: Setting CVar [[r.SkyAtmosphere.FastSkyLUT.SampleCountMin:4.0]]
[2025.10.08-00.27.12:816][  0]LogConfig: Setting CVar [[r.SkyAtmosphere.FastSkyLUT.SampleCountMax:128.0]]
[2025.10.08-00.27.12:816][  0]LogConfig: Setting CVar [[r.SkyAtmosphere.SampleCountMin:4.0]]
[2025.10.08-00.27.12:816][  0]LogConfig: Setting CVar [[r.SkyAtmosphere.SampleCountMax:128.0]]
[2025.10.08-00.27.12:816][  0]LogConfig: Setting CVar [[r.SkyAtmosphere.TransmittanceLUT.UseSmallFormat:0]]
[2025.10.08-00.27.12:816][  0]LogConfig: Setting CVar [[r.SkyAtmosphere.TransmittanceLUT.SampleCount:10.0]]
[2025.10.08-00.27.12:816][  0]LogConfig: Setting CVar [[r.SkyAtmosphere.MultiScatteringLUT.SampleCount:15.0]]
[2025.10.08-00.27.12:816][  0]LogConfig: Setting CVar [[r.SkyLight.RealTimeReflectionCapture:1]]
[2025.10.08-00.27.12:816][  0]LogConfig: Applying CVar settings from Section [FoliageQuality@3] File [C:/Users/sambb/OneDrive/Documentos/GitHub/TasteOfMadness/TasteOfMadness/Saved/Config/Windows/Scalability.ini]
[2025.10.08-00.27.12:816][  0]LogConfig: Setting CVar [[foliage.DensityScale:1.0]]
[2025.10.08-00.27.12:816][  0]LogConfig: Setting CVar [[grass.DensityScale:1.0]]
[2025.10.08-00.27.12:816][  0]LogConfig: Applying CVar settings from Section [ShadingQuality@3] File [C:/Users/sambb/OneDrive/Documentos/GitHub/TasteOfMadness/TasteOfMadness/Saved/Config/Windows/Scalability.ini]
[2025.10.08-00.27.12:816][  0]LogConfig: Setting CVar [[r.HairStrands.SkyLighting.IntegrationType:2]]
[2025.10.08-00.27.12:816][  0]LogConfig: Setting CVar [[r.HairStrands.SkyAO.SampleCount:4]]
[2025.10.08-00.27.12:816][  0]LogConfig: Setting CVar [[r.HairStrands.Visibility.MSAA.SamplePerPixel:4]]
[2025.10.08-00.27.12:816][  0]LogInit: Selected Device Profile: [Windows]
[2025.10.08-00.27.12:816][  0]LogInit: Applying CVar settings loaded from the selected device profile: [Windows]
[2025.10.08-00.27.12:816][  0]LogHAL: Display: Platform has ~ 16 GB [16390533120 / 17179869184 / 16], which maps to Larger [LargestMinGB=32, LargerMinGB=12, DefaultMinGB=8, SmallerMinGB=6, SmallestMinGB=0)
[2025.10.08-00.27.12:816][  0]LogInit: Going up to parent DeviceProfile []
[2025.10.08-00.27.12:816][  0]LogConfig: Applying CVar settings from Section [ViewDistanceQuality@3] File [C:/Users/sambb/OneDrive/Documentos/GitHub/TasteOfMadness/TasteOfMadness/Saved/Config/Windows/Scalability.ini]
[2025.10.08-00.27.12:816][  0]LogConfig: Setting CVar [[r.SkeletalMeshLODBias:0]]
[2025.10.08-00.27.12:816][  0]LogConfig: Setting CVar [[r.ViewDistanceScale:1.0]]
[2025.10.08-00.27.12:816][  0]LogConfig: Applying CVar settings from Section [AntiAliasingQuality@3] File [C:/Users/sambb/OneDrive/Documentos/GitHub/TasteOfMadness/TasteOfMadness/Saved/Config/Windows/Scalability.ini]
[2025.10.08-00.27.12:816][  0]LogConfig: Setting CVar [[r.PostProcessAAQuality:4]]
[2025.10.08-00.27.12:816][  0]LogConfig: Applying CVar settings from Section [ShadowQuality@3] File [C:/Users/sambb/OneDrive/Documentos/GitHub/TasteOfMadness/TasteOfMadness/Saved/Config/Windows/Scalability.ini]
[2025.10.08-00.27.12:816][  0]LogConfig: Setting CVar [[r.LightFunctionQuality:1]]
[2025.10.08-00.27.12:816][  0]LogConfig: Setting CVar [[r.ShadowQuality:5]]
[2025.10.08-00.27.12:816][  0]LogConfig: Setting CVar [[r.Shadow.CSM.MaxCascades:10]]
[2025.10.08-00.27.12:816][  0]LogConfig: Setting CVar [[r.Shadow.MaxResolution:2048]]
[2025.10.08-00.27.12:816][  0]LogConfig: Setting CVar [[r.Shadow.MaxCSMResolution:2048]]
[2025.10.08-00.27.12:816][  0]LogConfig: Setting CVar [[r.Shadow.RadiusThreshold:0.01]]
[2025.10.08-00.27.12:816][  0]LogConfig: Setting CVar [[r.Shadow.DistanceScale:1.0]]
[2025.10.08-00.27.12:816][  0]LogConfig: Setting CVar [[r.Shadow.CSM.TransitionScale:1.0]]
[2025.10.08-00.27.12:816][  0]LogConfig: Setting CVar [[r.Shadow.PreShadowResolutionFactor:1.0]]
[2025.10.08-00.27.12:816][  0]LogConfig: Setting CVar [[r.DistanceFieldShadowing:1]]
[2025.10.08-00.27.12:816][  0]LogConfig: Setting CVar [[r.DistanceFieldAO:1]]
[2025.10.08-00.27.12:816][  0]LogConfig: Setting CVar [[r.AOQuality:2]]
[2025.10.08-00.27.12:816][  0]LogConfig: Setting CVar [[r.VolumetricFog:1]]
[2025.10.08-00.27.12:816][  0]LogConfig: Setting CVar [[r.VolumetricFog.GridPixelSize:8]]
[2025.10.08-00.27.12:816][  0]LogConfig: Setting CVar [[r.VolumetricFog.GridSizeZ:128]]
[2025.10.08-00.27.12:816][  0]LogConfig: Setting CVar [[r.VolumetricFog.HistoryMissSupersampleCount:4]]
[2025.10.08-00.27.12:816][  0]LogConfig: Setting CVar [[r.LightMaxDrawDistanceScale:1]]
[2025.10.08-00.27.12:816][  0]LogConfig: Setting CVar [[r.CapsuleShadows:1]]
[2025.10.08-00.27.12:816][  0]LogConfig: Applying CVar settings from Section [PostProcessQuality@3] File [C:/Users/sambb/OneDrive/Documentos/GitHub/TasteOfMadness/TasteOfMadness/Saved/Config/Windows/Scalability.ini]
[2025.10.08-00.27.12:816][  0]LogConfig: Setting CVar [[r.MotionBlurQuality:4]]
[2025.10.08-00.27.12:816][  0]LogConfig: Setting CVar [[r.AmbientOcclusionMipLevelFactor:0.4]]
[2025.10.08-00.27.12:816][  0]LogConfig: Setting CVar [[r.AmbientOcclusionMaxQuality:100]]
[2025.10.08-00.27.12:816][  0]LogConfig: Setting CVar [[r.AmbientOcclusionLevels:-1]]
[2025.10.08-00.27.12:816][  0]LogConfig: Setting CVar [[r.AmbientOcclusionRadiusScale:1.0]]
[2025.10.08-00.27.12:816][  0]LogConfig: Setting CVar [[r.DepthOfFieldQuality:2]]
[2025.10.08-00.27.12:816][  0]LogConfig: Setting CVar [[r.RenderTargetPoolMin:400]]
[2025.10.08-00.27.12:816][  0]LogConfig: Setting CVar [[r.LensFlareQuality:2]]
[2025.10.08-00.27.12:816][  0]LogConfig: Setting CVar [[r.SceneColorFringeQuality:1]]
[2025.10.08-00.27.12:816][  0]LogConfig: Setting CVar [[r.EyeAdaptationQuality:2]]
[2025.10.08-00.27.12:816][  0]LogConfig: Setting CVar [[r.BloomQuality:5]]
[2025.10.08-00.27.12:816][  0]LogConfig: Setting CVar [[r.FastBlurThreshold:100]]
[2025.10.08-00.27.12:816][  0]LogConfig: Setting CVar [[r.Upscale.Quality:3]]
[2025.10.08-00.27.12:816][  0]LogConfig: Setting CVar [[r.Tonemapper.GrainQuantization:1]]
[2025.10.08-00.27.12:816][  0]LogConfig: Setting CVar [[r.LightShaftQuality:1]]
[2025.10.08-00.27.12:816][  0]LogConfig: Setting CVar [[r.Filter.SizeScale:1]]
[2025.10.08-00.27.12:816][  0]LogConfig: Setting CVar [[r.Tonemapper.Quality:5]]
[2025.10.08-00.27.12:816][  0]LogConfig: Setting CVar [[r.DOF.Gather.AccumulatorQuality:1        ; higher gathering accumulator quality]]
[2025.10.08-00.27.12:816][  0]LogConfig: Setting CVar [[r.DOF.Gather.PostfilterMethod:1          ; Median3x3 postfilering method]]
[2025.10.08-00.27.12:816][  0]LogConfig: Setting CVar [[r.DOF.Gather.EnableBokehSettings:0       ; no bokeh simulation when gathering]]
[2025.10.08-00.27.12:816][  0]LogConfig: Setting CVar [[r.DOF.Gather.RingCount:4                 ; medium number of samples when gathering]]
[2025.10.08-00.27.12:816][  0]LogConfig: Setting CVar [[r.DOF.Scatter.ForegroundCompositing:1    ; additive foreground scattering]]
[2025.10.08-00.27.12:816][  0]LogConfig: Setting CVar [[r.DOF.Scatter.BackgroundCompositing:2    ; additive background scattering]]
[2025.10.08-00.27.12:816][  0]LogConfig: Setting CVar [[r.DOF.Scatter.EnableBokehSettings:1      ; bokeh simulation when scattering]]
[2025.10.08-00.27.12:816][  0]LogConfig: Setting CVar [[r.DOF.Scatter.MaxSpriteRatio:0.1         ; only a maximum of 10% of scattered bokeh]]
[2025.10.08-00.27.12:817][  0]LogConfig: Setting CVar [[r.DOF.Recombine.Quality:1                ; cheap slight out of focus]]
[2025.10.08-00.27.12:817][  0]LogConfig: Setting CVar [[r.DOF.Recombine.EnableBokehSettings:0    ; no bokeh simulation on slight out of focus]]
[2025.10.08-00.27.12:817][  0]LogConfig: Setting CVar [[r.DOF.TemporalAAQuality:1                ; more stable temporal accumulation]]
[2025.10.08-00.27.12:817][  0]LogConfig: Setting CVar [[r.DOF.Kernel.MaxForegroundRadius:0.025]]
[2025.10.08-00.27.12:817][  0]LogConfig: Setting CVar [[r.DOF.Kernel.MaxBackgroundRadius:0.025]]
[2025.10.08-00.27.12:817][  0]LogConfig: Applying CVar settings from Section [TextureQuality@3] File [C:/Users/sambb/OneDrive/Documentos/GitHub/TasteOfMadness/TasteOfMadness/Saved/Config/Windows/Scalability.ini]
[2025.10.08-00.27.12:817][  0]LogConfig: Setting CVar [[r.Streaming.MipBias:0]]
[2025.10.08-00.27.12:817][  0]LogConfig: Setting CVar [[r.Streaming.AmortizeCPUToGPUCopy:0]]
[2025.10.08-00.27.12:817][  0]LogConfig: Setting CVar [[r.Streaming.MaxNumTexturesToStreamPerFrame:0]]
[2025.10.08-00.27.12:817][  0]LogConfig: Setting CVar [[r.Streaming.Boost:1]]
[2025.10.08-00.27.12:817][  0]LogConfig: Setting CVar [[r.MaxAnisotropy:8]]
[2025.10.08-00.27.12:817][  0]LogConfig: Setting CVar [[r.VT.MaxAnisotropy:8]]
[2025.10.08-00.27.12:817][  0]LogConfig: Setting CVar [[r.Streaming.LimitPoolSizeToVRAM:0]]
[2025.10.08-00.27.12:817][  0]LogConfig: Setting CVar [[r.Streaming.PoolSize:1000]]
[2025.10.08-00.27.12:817][  0]LogConfig: Setting CVar [[r.Streaming.MaxEffectiveScreenSize:0]]
[2025.10.08-00.27.12:817][  0]LogConfig: Applying CVar settings from Section [EffectsQuality@3] File [C:/Users/sambb/OneDrive/Documentos/GitHub/TasteOfMadness/TasteOfMadness/Saved/Config/Windows/Scalability.ini]
[2025.10.08-00.27.12:817][  0]LogConfig: Setting CVar [[r.TranslucencyLightingVolumeDim:64]]
[2025.10.08-00.27.12:817][  0]LogConfig: Setting CVar [[r.RefractionQuality:2]]
[2025.10.08-00.27.12:817][  0]LogConfig: Setting CVar [[r.SSR.Quality:3]]
[2025.10.08-00.27.12:817][  0]LogConfig: Setting CVar [[r.SSR.HalfResSceneColor:0]]
[2025.10.08-00.27.12:817][  0]LogConfig: Setting CVar [[r.SceneColorFormat:4]]
[2025.10.08-00.27.12:817][  0]LogConfig: Setting CVar [[r.DetailMode:2]]
[2025.10.08-00.27.12:817][  0]LogConfig: Setting CVar [[r.TranslucencyVolumeBlur:1]]
[2025.10.08-00.27.12:817][  0]LogConfig: Setting CVar [[r.MaterialQualityLevel:1 ; High quality]]
[2025.10.08-00.27.12:817][  0]LogConfig: Setting CVar [[r.AnisotropicMaterials:1]]
[2025.10.08-00.27.12:817][  0]LogConfig: Setting CVar [[r.SSS.Scale:1]]
[2025.10.08-00.27.12:817][  0]LogConfig: Setting CVar [[r.SSS.SampleSet:2]]
[2025.10.08-00.27.12:817][  0]LogConfig: Setting CVar [[r.SSS.Quality:1]]
[2025.10.08-00.27.12:817][  0]LogConfig: Setting CVar [[r.SSS.HalfRes:0]]
[2025.10.08-00.27.12:817][  0]LogConfig: Setting CVar [[r.SSGI.Quality:3]]
[2025.10.08-00.27.12:817][  0]LogConfig: Setting CVar [[r.EmitterSpawnRateScale:1.0]]
[2025.10.08-00.27.12:817][  0]LogConfig: Setting CVar [[r.ParticleLightQuality:2]]
[2025.10.08-00.27.12:817][  0]LogConfig: Setting CVar [[r.SkyAtmosphere.AerialPerspectiveLUT.FastApplyOnOpaque:1 ; Always have FastSkyLUT 1 in this case to avoid wrong sky]]
[2025.10.08-00.27.12:817][  0]LogConfig: Setting CVar [[r.SkyAtmosphere.AerialPerspectiveLUT.SampleCountMaxPerSlice:4]]
[2025.10.08-00.27.12:817][  0]LogConfig: Setting CVar [[r.SkyAtmosphere.AerialPerspectiveLUT.DepthResolution:16.0]]
[2025.10.08-00.27.12:817][  0]LogConfig: Setting CVar [[r.SkyAtmosphere.FastSkyLUT:1]]
[2025.10.08-00.27.12:817][  0]LogConfig: Setting CVar [[r.SkyAtmosphere.FastSkyLUT.SampleCountMin:4.0]]
[2025.10.08-00.27.12:817][  0]LogConfig: Setting CVar [[r.SkyAtmosphere.FastSkyLUT.SampleCountMax:128.0]]
[2025.10.08-00.27.12:817][  0]LogConfig: Setting CVar [[r.SkyAtmosphere.SampleCountMin:4.0]]
[2025.10.08-00.27.12:817][  0]LogConfig: Setting CVar [[r.SkyAtmosphere.SampleCountMax:128.0]]
[2025.10.08-00.27.12:817][  0]LogConfig: Setting CVar [[r.SkyAtmosphere.TransmittanceLUT.UseSmallFormat:0]]
[2025.10.08-00.27.12:817][  0]LogConfig: Setting CVar [[r.SkyAtmosphere.TransmittanceLUT.SampleCount:10.0]]
[2025.10.08-00.27.12:817][  0]LogConfig: Setting CVar [[r.SkyAtmosphere.MultiScatteringLUT.SampleCount:15.0]]
[2025.10.08-00.27.12:817][  0]LogConfig: Setting CVar [[r.SkyLight.RealTimeReflectionCapture:1]]
[2025.10.08-00.27.12:817][  0]LogConfig: Applying CVar settings from Section [FoliageQuality@3] File [C:/Users/sambb/OneDrive/Documentos/GitHub/TasteOfMadness/TasteOfMadness/Saved/Config/Windows/Scalability.ini]
[2025.10.08-00.27.12:817][  0]LogConfig: Setting CVar [[foliage.DensityScale:1.0]]
[2025.10.08-00.27.12:817][  0]LogConfig: Setting CVar [[grass.DensityScale:1.0]]
[2025.10.08-00.27.12:817][  0]LogConfig: Applying CVar settings from Section [ShadingQuality@3] File [C:/Users/sambb/OneDrive/Documentos/GitHub/TasteOfMadness/TasteOfMadness/Saved/Config/Windows/Scalability.ini]
[2025.10.08-00.27.12:817][  0]LogConfig: Setting CVar [[r.HairStrands.SkyLighting.IntegrationType:2]]
[2025.10.08-00.27.12:817][  0]LogConfig: Setting CVar [[r.HairStrands.SkyAO.SampleCount:4]]
[2025.10.08-00.27.12:817][  0]LogConfig: Setting CVar [[r.HairStrands.Visibility.MSAA.SamplePerPixel:4]]
[2025.10.08-00.27.12:817][  0]LogConfig: Applying CVar settings from Section [Startup] File [../../../Engine/Config/ConsoleVariables.ini]
[2025.10.08-00.27.12:817][  0]LogConfig: Setting CVar [[net.UseAdaptiveNetUpdateFrequency:0]]
[2025.10.08-00.27.12:817][  0]LogConfig: Setting CVar [[p.chaos.AllowCreatePhysxBodies:1]]
[2025.10.08-00.27.12:817][  0]LogConfig: Setting CVar [[fx.SkipVectorVMBackendOptimizations:1]]
[2025.10.08-00.27.12:817][  0]LogConfig: Applying CVar settings from Section [ConsoleVariables] File [C:/Users/sambb/OneDrive/Documentos/GitHub/TasteOfMadness/TasteOfMadness/Saved/Config/Windows/Engine.ini]
[2025.10.08-00.27.12:817][  0]LogConfig: Applying CVar settings from Section [ConsoleVariables] File [C:/Users/sambb/OneDrive/Documentos/GitHub/TasteOfMadness/TasteOfMadness/Saved/Config/Windows/Editor.ini]
[2025.10.08-00.27.12:819][  0]LogInit: Computer: SAM_PC
[2025.10.08-00.27.12:819][  0]LogInit: User: sambb
[2025.10.08-00.27.12:819][  0]LogInit: CPU Page size=4096, Cores=8
[2025.10.08-00.27.12:819][  0]LogInit: High frequency timer resolution =10.000000 MHz
[2025.10.08-00.27.12:819][  0]LogMemory: Memory total: Physical=15.3GB (16GB approx)
[2025.10.08-00.27.12:819][  0]LogMemory: Platform Memory Stats for Windows
[2025.10.08-00.27.12:819][  0]LogMemory: Process Physical Memory: 153.59 MB used, 153.59 MB peak
[2025.10.08-00.27.12:819][  0]LogMemory: Process Virtual Memory: 123.75 MB used, 123.75 MB peak
[2025.10.08-00.27.12:819][  0]LogMemory: Physical Memory: 10963.14 MB used,  4668.09 MB free, 15631.23 MB total
[2025.10.08-00.27.12:819][  0]LogMemory: Virtual Memory: 134211568.00 MB used,  6156.21 MB free, 134217728.00 MB total
[2025.10.08-00.27.12:827][  0]LogWindows: WindowsPlatformFeatures enabled
[2025.10.08-00.27.12:880][  0]LogInit: Physics initialised using underlying interface: PhysX
[2025.10.08-00.27.12:880][  0]LogInit: Using OS detected language (es-MX).
[2025.10.08-00.27.12:880][  0]LogInit: Using OS detected locale (es-MX).
[2025.10.08-00.27.12:886][  0]LogTextLocalizationResource: LocRes '../../../Engine/Content/Localization/Editor/es-MX/Editor.locres' could not be opened for reading!
[2025.10.08-00.27.12:886][  0]LogTextLocalizationResource: LocRes '../../../Engine/Content/Localization/EditorTutorials/es-MX/EditorTutorials.locres' could not be opened for reading!
[2025.10.08-00.27.12:886][  0]LogTextLocalizationResource: LocRes '../../../Engine/Content/Localization/Keywords/es-MX/Keywords.locres' could not be opened for reading!
[2025.10.08-00.27.12:886][  0]LogTextLocalizationResource: LocRes '../../../Engine/Content/Localization/Category/es-MX/Category.locres' could not be opened for reading!
[2025.10.08-00.27.12:886][  0]LogTextLocalizationResource: LocRes '../../../Engine/Content/Localization/ToolTips/es-MX/ToolTips.locres' could not be opened for reading!
[2025.10.08-00.27.12:886][  0]LogTextLocalizationResource: LocRes '../../../Engine/Content/Localization/PropertyNames/es-MX/PropertyNames.locres' could not be opened for reading!
[2025.10.08-00.27.12:886][  0]LogTextLocalizationResource: LocRes '../../../Engine/Content/Localization/Engine/es-MX/Engine.locres' could not be opened for reading!
[2025.10.08-00.27.12:886][  0]LogTextLocalizationResource: LocRes '../../../Engine/Plugins/Online/OnlineSubsystemUtils/Content/Localization/OnlineSubsystemUtils/es-MX/OnlineSubsystemUtils.locres' could not be opened for reading!
[2025.10.08-00.27.12:886][  0]LogTextLocalizationResource: LocRes '../../../Engine/Plugins/Online/IOS/OnlineSubsystemIOS/Content/Localization/OnlineSubsystemIOS/es-MX/OnlineSubsystemIOS.locres' could not be opened for reading!
[2025.10.08-00.27.12:886][  0]LogTextLocalizationResource: LocRes '../../../Engine/Plugins/Online/Android/OnlineSubsystemGooglePlay/Content/Localization/OnlineSubsystemGooglePlay/es-MX/OnlineSubsystemGooglePlay.locres' could not be opened for reading!
[2025.10.08-00.27.12:930][  0]LogInit: Setting process to per monitor DPI aware
[2025.10.08-00.27.12:957][  0]LogWindowsTextInputMethodSystem: Display: IME system deactivated.
[2025.10.08-00.27.12:973][  0]LogSlate: New Slate User Created.  User Index 0, Is Virtual User: 0
[2025.10.08-00.27.12:973][  0]LogSlate: Slate User Registered.  User Index 0, Is Virtual User: 0
[2025.10.08-00.27.13:137][  0]LogD3D11RHI: Loaded GFSDK_Aftermath_Lib.x64.dll
[2025.10.08-00.27.13:206][  0]LogHMD: Failed to initialize OpenVR with code 110
[2025.10.08-00.27.13:206][  0]LogD3D11RHI: D3D11 min allowed feature level: 11_0
[2025.10.08-00.27.13:206][  0]LogD3D11RHI: D3D11 max allowed feature level: 11_0
[2025.10.08-00.27.13:206][  0]LogD3D11RHI: D3D11 adapters:
[2025.10.08-00.27.13:376][  0]LogD3D11RHI:    0. 'NVIDIA GeForce RTX 4050 Laptop GPU' (Feature Level 11_0)
[2025.10.08-00.27.13:376][  0]LogD3D11RHI:       5921/0/7815 MB DedicatedVideo/DedicatedSystem/SharedSystem, Outputs:1, VendorId:0x10de
[2025.10.08-00.27.13:454][  0]LogD3D11RHI:    1. 'AMD Radeon(TM) Graphics' (Feature Level 11_0)
[2025.10.08-00.27.13:454][  0]LogD3D11RHI:       417/0/7815 MB DedicatedVideo/DedicatedSystem/SharedSystem, Outputs:0, VendorId:0x1002
[2025.10.08-00.27.13:457][  0]LogD3D11RHI:    2. 'Microsoft Basic Render Driver' (Feature Level 11_0)
[2025.10.08-00.27.13:457][  0]LogD3D11RHI:       0/0/7815 MB DedicatedVideo/DedicatedSystem/SharedSystem, Outputs:0, VendorId:0x1414
[2025.10.08-00.27.13:457][  0]LogD3D11RHI: Chosen D3D11 Adapter:
[2025.10.08-00.27.13:457][  0]LogD3D11RHI:     Description : NVIDIA GeForce RTX 4050 Laptop GPU
[2025.10.08-00.27.13:457][  0]LogD3D11RHI:     VendorId    : 10de
[2025.10.08-00.27.13:457][  0]LogD3D11RHI:     DeviceId    : 28a1
[2025.10.08-00.27.13:457][  0]LogD3D11RHI:     SubSysId    : 8c2f103c
[2025.10.08-00.27.13:457][  0]LogD3D11RHI:     Revision    : 00a1
[2025.10.08-00.27.13:457][  0]LogD3D11RHI:     DedicatedVideoMemory : 6208618496 bytes
[2025.10.08-00.27.13:457][  0]LogD3D11RHI:     DedicatedSystemMemory : 0 bytes
[2025.10.08-00.27.13:457][  0]LogD3D11RHI:     SharedSystemMemory : 8195266560 bytes
[2025.10.08-00.27.13:457][  0]LogD3D11RHI:     AdapterLuid : 0 95989
[2025.10.08-00.27.13:468][  0]LogD3D11RHI: Creating new Direct3DDevice
[2025.10.08-00.27.13:468][  0]LogD3D11RHI:     GPU DeviceId: 0x28a1 (for the marketing name, search the web for "GPU Device Id")
[2025.10.08-00.27.13:468][  0]LogWindows: EnumDisplayDevices:
[2025.10.08-00.27.13:468][  0]LogWindows:    0. 'AMD Radeon(TM) Graphics' (P:1 D:1)
[2025.10.08-00.27.13:468][  0]LogWindows:    1. 'AMD Radeon(TM) Graphics' (P:0 D:0)
[2025.10.08-00.27.13:469][  0]LogWindows:    2. 'AMD Radeon(TM) Graphics' (P:0 D:0)
[2025.10.08-00.27.13:469][  0]LogWindows:    3. 'AMD Radeon(TM) Graphics' (P:0 D:0)
[2025.10.08-00.27.13:469][  0]LogWindows:    4. 'AMD Radeon(TM) Graphics' (P:0 D:0)
[2025.10.08-00.27.13:470][  0]LogWindows:    5. 'NVIDIA GeForce RTX 4050 Laptop GPU' (P:0 D:0)
[2025.10.08-00.27.13:470][  0]LogWindows: DebugString: PrimaryIsNotTheChoosenAdapter PrimaryIsNotTheChoosenAdapter PrimaryIsNotTheChoosenAdapter PrimaryIsNotTheChoosenAdapter PrimaryIsNotTheChoosenAdapter 
[2025.10.08-00.27.13:470][  0]LogD3D11RHI:     Adapter Name: NVIDIA GeForce RTX 4050 Laptop GPU
[2025.10.08-00.27.13:470][  0]LogD3D11RHI:   Driver Version: 577.03 (internal:32.0.15.7703, unified:577.03)
[2025.10.08-00.27.13:470][  0]LogD3D11RHI:      Driver Date: 7-28-2025
[2025.10.08-00.27.13:470][  0]LogRHI: Texture pool is 4144 MB (70% of 5921 MB)
[2025.10.08-00.27.13:470][  0]LogD3D11RHI: Creating D3DDevice using adapter:
[2025.10.08-00.27.13:470][  0]LogD3D11RHI:     Description : NVIDIA GeForce RTX 4050 Laptop GPU
[2025.10.08-00.27.13:470][  0]LogD3D11RHI:     VendorId    : 10de
[2025.10.08-00.27.13:470][  0]LogD3D11RHI:     DeviceId    : 28a1
[2025.10.08-00.27.13:470][  0]LogD3D11RHI:     SubSysId    : 8c2f103c
[2025.10.08-00.27.13:470][  0]LogD3D11RHI:     Revision    : 00a1
[2025.10.08-00.27.13:470][  0]LogD3D11RHI:     DedicatedVideoMemory : 6208618496 bytes
[2025.10.08-00.27.13:470][  0]LogD3D11RHI:     DedicatedSystemMemory : 0 bytes
[2025.10.08-00.27.13:470][  0]LogD3D11RHI:     SharedSystemMemory : 8195266560 bytes
[2025.10.08-00.27.13:470][  0]LogD3D11RHI:     AdapterLuid : 0 95989
[2025.10.08-00.27.13:606][  0]LogD3D11RHI: RHI has support for 64 bit atomics
[2025.10.08-00.27.13:607][  0]LogD3D11RHI: Async texture creation enabled
[2025.10.08-00.27.13:607][  0]LogD3D11RHI: Array index from any shader is supported
[2025.10.08-00.27.13:621][  0]LogD3D11RHI: GPU Timing Frequency: 1000.000000 (Debug: 2 1)
[2025.10.08-00.27.13:649][  0]LogRHI: GeForceNow SDK initialized: 1
[2025.10.08-00.27.13:906][  0]LogTargetPlatformManager: Display: Loaded TargetPlatform 'AllDesktop'
[2025.10.08-00.27.13:924][  0]LogTargetPlatformManager: Display: Loaded TargetPlatform 'Android'
[2025.10.08-00.27.13:924][  0]LogTargetPlatformManager: Display: Loaded TargetPlatform 'Android_ASTC'
[2025.10.08-00.27.13:924][  0]LogTargetPlatformManager: Display: Loaded TargetPlatform 'Android_DXT'
[2025.10.08-00.27.13:924][  0]LogTargetPlatformManager: Display: Loaded TargetPlatform 'Android_ETC2'
[2025.10.08-00.27.13:924][  0]LogTargetPlatformManager: Display: Loaded TargetPlatform 'AndroidClient'
[2025.10.08-00.27.13:924][  0]LogTargetPlatformManager: Display: Loaded TargetPlatform 'Android_ASTCClient'
[2025.10.08-00.27.13:924][  0]LogTargetPlatformManager: Display: Loaded TargetPlatform 'Android_DXTClient'
[2025.10.08-00.27.13:924][  0]LogTargetPlatformManager: Display: Loaded TargetPlatform 'Android_ETC2Client'
[2025.10.08-00.27.13:924][  0]LogTargetPlatformManager: Display: Loaded TargetPlatform 'Android_Multi'
[2025.10.08-00.27.13:924][  0]LogTargetPlatformManager: Display: Loaded TargetPlatform 'Android_MultiClient'
[2025.10.08-00.27.13:943][  0]LogTargetPlatformManager: Display: Loaded TargetPlatform 'IOSClient'
[2025.10.08-00.27.13:943][  0]LogTargetPlatformManager: Display: Loaded TargetPlatform 'IOS'
[2025.10.08-00.27.13:952][  0]LogTargetPlatformManager: Display: Loaded TargetPlatform 'Linux'
[2025.10.08-00.27.13:957][  0]LogTargetPlatformManager: Display: Loaded TargetPlatform 'LinuxNoEditor'
[2025.10.08-00.27.13:962][  0]LogTargetPlatformManager: Display: Loaded TargetPlatform 'LinuxClient'
[2025.10.08-00.27.13:967][  0]LogTargetPlatformManager: Display: Loaded TargetPlatform 'LinuxServer'
[2025.10.08-00.27.13:976][  0]LogTargetPlatformManager: Display: Loaded TargetPlatform 'LinuxAArch64NoEditor'
[2025.10.08-00.27.13:983][  0]LogTargetPlatformManager: Display: Loaded TargetPlatform 'LinuxAArch64Client'
[2025.10.08-00.27.13:988][  0]LogTargetPlatformManager: Display: Loaded TargetPlatform 'LinuxAArch64Server'
[2025.10.08-00.27.14:009][  0]LogTargetPlatformManager: Display: Loaded TargetPlatform 'Lumin'
[2025.10.08-00.27.14:009][  0]LogTargetPlatformManager: Display: Loaded TargetPlatform 'LuminClient'
[2025.10.08-00.27.14:018][  0]LogTargetPlatformManager: Display: Loaded TargetPlatform 'MacNoEditor'
[2025.10.08-00.27.14:023][  0]LogTargetPlatformManager: Display: Loaded TargetPlatform 'Mac'
[2025.10.08-00.27.14:029][  0]LogTargetPlatformManager: Display: Loaded TargetPlatform 'MacClient'
[2025.10.08-00.27.14:033][  0]LogTargetPlatformManager: Display: Loaded TargetPlatform 'MacServer'
[2025.10.08-00.27.14:044][  0]LogTargetPlatformManager: Display: Loaded TargetPlatform 'TVOSClient'
[2025.10.08-00.27.14:044][  0]LogTargetPlatformManager: Display: Loaded TargetPlatform 'TVOS'
[2025.10.08-00.27.14:052][  0]LogTargetPlatformManager: Display: Loaded TargetPlatform 'WindowsNoEditor'
[2025.10.08-00.27.14:056][  0]LogTargetPlatformManager: Display: Loaded TargetPlatform 'Windows'
[2025.10.08-00.27.14:062][  0]LogTargetPlatformManager: Display: Loaded TargetPlatform 'WindowsClient'
[2025.10.08-00.27.14:067][  0]LogTargetPlatformManager: Display: Loaded TargetPlatform 'WindowsServer'
[2025.10.08-00.27.14:067][  0]LogTargetPlatformManager: Display: Building Assets For Windows
[2025.10.08-00.27.14:076][  0]LogAudioDebug: Display: Lib vorbis DLL was dynamically loaded.
[2025.10.08-00.27.14:116][  0]LogTextureFormatOodle: Display: Oodle Texture 2.9.0 init RDO Off
[2025.10.08-00.27.14:156][  0]LogRendererCore: Ray tracing is disabled. Reason: r.RayTracing=0.
[2025.10.08-00.27.14:157][  0]LogShaderCompilers: Guid format shader working directory is -41 characters bigger than the processId version (../../../../../../Users/sambb/OneDrive/Documentos/GitHub/TasteOfMadness/TasteOfMadness/Intermediate/Shaders/WorkingDirectory/18952/).
[2025.10.08-00.27.14:157][  0]LogShaderCompilers: Cleaned the shader compiler working directory 'C:/Users/sambb/AppData/Local/Temp/UnrealShaderWorkingDir/614E3BC141B2DDADE69AB3882F7AB773/'.
[2025.10.08-00.27.14:157][  0]LogXGEController: Cannot use XGE Controller as Incredibuild is not installed on this machine.
[2025.10.08-00.27.14:157][  0]LogShaderCompilers: Cannot use XGE Shader Compiler as Incredibuild is not installed on this machine.
[2025.10.08-00.27.14:157][  0]LogShaderCompilers: Display: Using Local Shader Compiler.
[2025.10.08-00.27.14:687][  0]LogDerivedDataCache: Display: Max Cache Size: 512 MB
[2025.10.08-00.27.14:729][  0]LogDerivedDataCache: Loaded boot cache 0.04s 94MB C:/Users/sambb/AppData/Local/UnrealEngine/4.27/DerivedDataCache/Boot.ddc.
[2025.10.08-00.27.14:729][  0]LogDerivedDataCache: Display: Loaded Boot cache: C:/Users/sambb/AppData/Local/UnrealEngine/4.27/DerivedDataCache/Boot.ddc
[2025.10.08-00.27.14:729][  0]LogDerivedDataCache: FDerivedDataBackendGraph:  Pak pak cache file ../../../../../../Users/sambb/OneDrive/Documentos/GitHub/TasteOfMadness/TasteOfMadness/DerivedDataCache/DDC.ddp not found, will not use a pak cache.
[2025.10.08-00.27.14:729][  0]LogDerivedDataCache: Unable to find inner node Pak for hierarchical cache Hierarchy.
[2025.10.08-00.27.14:729][  0]LogDerivedDataCache: FDerivedDataBackendGraph:  CompressedPak pak cache file ../../../../../../Users/sambb/OneDrive/Documentos/GitHub/TasteOfMadness/TasteOfMadness/DerivedDataCache/Compressed.ddp not found, will not use a pak cache.
[2025.10.08-00.27.14:729][  0]LogDerivedDataCache: Unable to find inner node CompressedPak for hierarchical cache Hierarchy.
[2025.10.08-00.27.14:744][  0]LogDerivedDataCache: Display: Pak cache opened for reading ../../../Engine/DerivedDataCache/Compressed.ddp.
[2025.10.08-00.27.14:744][  0]LogDerivedDataCache: FDerivedDataBackendGraph:  EnterprisePak pak cache file ../../../Enterprise/DerivedDataCache/Compressed.ddp not found, will not use a pak cache.
[2025.10.08-00.27.14:744][  0]LogDerivedDataCache: Unable to find inner node EnterprisePak for hierarchical cache Hierarchy.
[2025.10.08-00.27.14:753][  0]LogDerivedDataCache: Speed tests for C:/Users/sambb/AppData/Local/UnrealEngine/Common/DerivedDataCache took 0.01 seconds
[2025.10.08-00.27.14:753][  0]LogDerivedDataCache: Display: Performance to C:/Users/sambb/AppData/Local/UnrealEngine/Common/DerivedDataCache: Latency=0.03ms. RandomReadSpeed=1394.88MBs, RandomWriteSpeed=135.52MBs. Assigned SpeedClass 'Local'
[2025.10.08-00.27.14:754][  0]LogDerivedDataCache: Using Local data cache path C:/Users/sambb/AppData/Local/UnrealEngine/Common/DerivedDataCache: Writable
[2025.10.08-00.27.14:754][  0]LogDerivedDataCache: Shared data cache path not found in *engine.ini, will not use an Shared cache.
[2025.10.08-00.27.14:754][  0]LogDerivedDataCache: Unable to find inner node Shared for hierarchical cache Hierarchy.
[2025.10.08-00.27.14:789][  0]LogSlate: Using FreeType 2.10.0
[2025.10.08-00.27.14:790][  0]LogSlate: SlateFontServices - WITH_FREETYPE: 1, WITH_HARFBUZZ: 1
[2025.10.08-00.27.14:812][  0]LogAssetRegistry: FAssetRegistry took 0.0028 seconds to start up
[2025.10.08-00.27.15:043][  0]LogInit: Selected Device Profile: [Windows]
[2025.10.08-00.27.15:043][  0]LogInit: Active device profile: [000002C516CBED00][000002C50E92C780 49] Windows
[2025.10.08-00.27.15:043][  0]LogInit: Profiles: [000002C516CBED00][000002C50E92C780 49] Windows, [000002C516C69D00][000002C50E930A00 49] WindowsNoEditor, [000002C516CBFC00][000002C50E934C80 49] WindowsServer, [000002C516C6AA00][000002C517642F40 49] WindowsClient, [000002C516CBD800][000002C517653200 49] IOS, [000002C516C69300][000002C51765B4C0 49] iPadAir, [000002C516CBE500][000002C51765F780 49] iPadAir2, [000002C516B3D300][000002C517716140 49] IPadPro, [000002C516B3D400][000002C5176D2180 49] iPadAir3, [000002C516C6BA00][000002C517706440 49] iPadAir4, [000002C516B3E100][000002C517702700 49] iPadMini2, [000002C516C6AF00][000002C5177129C0 49] iPadMini3, [000002C516B3EC00][000002C51763EC40 49] iPadMini4, [000002C516C69E00][000002C51778AEC0 49] iPadMini5, [000002C516B54B00][000002C51780F400 49] iPhone6, [000002C516B54C00][000002C5177B1440 49] iPodTouch6, [000002C516CBDA00][000002C51782B980 49] iPhone7, [000002C516CBD400][000002C5178039C0 49] iPodTouch7, [000002C516B3D000][000002C517806100 49] iPhone5S, [000002C516B3C800][000002C5177FE3C0 49] iPhone6Plus, [000002C516B57D00][000002C517826680 49] iPhone6S, [000002C516B3CD00][000002C517836940 49] iPhone6SPlus, [000002C516B57600][000002C51783AC00 49] iPhone7Plus, [000002C516B3EE00][000002C5177ACE80 49] iPhoneSE, [000002C516B56100][000002C51783F100 49] iPhone8, [000002C516B3DB00][000002C5178473C0 49] iPhone8Plus, [000002C516B56800][000002C517867680 49] iPhoneX, [000002C516B3E500][000002C51787B940 49] iPhoneXS, [000002C516B54E00][000002C517985C00 49] iPhoneXSMax, [000002C516CBF500][000002C517A40340 49] iPhoneXR, [000002C516B57E00][000002C517A6C600 49] iPhone11, [000002C516CBDF00][000002C517A988C0 49] iPhone11Pro, [000002C516B57300][000002C517AB4B80 49] iPhone11ProMax, [000002C516CBC100][000002C517AF0E40 49] iPhoneSE2, [000002C516B56D00][000002C5178430C0 49] iPhone12Mini, [000002C516CBC200][000002C517B9B340 49] iPhone12, [000002C516B56F00][000002C517BB9600 49] iPhone12Pro, [000002C516CBC900][000002C517BCD8C0 49] iPhone12ProMax, [000002C516B54800][000002C517C4BB80 49] iPadPro105, [000002C516CBCB00][000002C517C4E2C0 49] iPadPro129, [000002C516B54700][000002C517C52580 49] iPadPro97, [000002C516CBE000][000002C517C56840 49] iPadPro2_129, [000002C516B55700][000002C517C5AB00 49] iPad5, [000002C516CBF600][000002C517C5EDC0 49] iPad6, [000002C516B54F00][000002C517C63080 49] iPad7, [000002C516CBDE00][000002C517BB5300 49] iPad8, [000002C516B57800][000002C517C67580 49] iPadPro11, [000002C516CBCD00][000002C517C6F840 49] iPadPro2_11, [000002C516B57400][000002C517C73B00 49] iPadPro3_129, [000002C516CBCF00][000002C517C76240 49] iPadPro4_129, [000002C516B54500][000002C517C7A500 49] AppleTV, [000002C516CBE900][000002C517C7E7C0 49] AppleTV4K, [000002C516B55600][000002C517C82A80 49] TVOS, [000002C516CBD700][000002C517C86D40 49] Mac, [000002C516B54300][000002C517C8B000 49] MacClient, [000002C516CBC800][000002C5109572C0 49] MacNoEditor, [000002C516B57A00][000002C517C6B540 49] MacServer, [000002C516CBEB00][000002C51095F7C0 49] Linux, [000002C516B55400][000002C510967A80 49] LinuxAArch64, [000002C516CBCA00][000002C51096A1C0 49] LinuxNoEditor, [000002C516B54A00][000002C517750480 49] LinuxAArch64NoEditor, [000002C516CBD500][000002C517762740 49] LinuxClient, [000002C516B56E00][000002C51777EA00 49] LinuxAArch64Client, [000002C516CBD000][000002C517782CC0 49] LinuxServer, [000002C516B56500][000002C517786F80 49] LinuxAArch64Server, [000002C516CBF700][000002C5178A9240 49] Android, [000002C516B57F00][000002C5178E5500 49] Android_Low, [000002C516CBDB00][000002C510963780 49] Android_Mid, [000002C516B56400][000002C517A33A40 49] Android_High, [000002C516CBF400][000002C517A36180 49] Android_Default, [000002C516B55800][000002C517A3A440 49] Android_Adreno4xx, [000002C516CBC400][000002C5178E8700 49] Android_Adreno5xx_Low, [000002C516B56C00][000002C5178EC9C0 49] Android_Adreno5xx, [000002C516B3D800][000002C5178F0C80 49] Android_Adreno6xx, [000002C516C68300][000002C5178F4F40 49] Android_Adreno6xx_Vulkan, [000002C516B3D100][000002C5178F9200 49] Android_Mali_T6xx, [000002C516C6A500][000002C5178FD4C0 49] Android_Mali_T7xx, [000002C516B3F700][000002C517A2F740 49] Android_Mali_T8xx, [000002C516C68600][000002C5179019C0 49] Android_Mali_G71, [000002C516B3F200][000002C517908100 49] Android_Mali_G72, [000002C516C6A800][000002C51905C3C0 49] Android_Mali_G72_Vulkan, [000002C516B3E900][000002C519060680 49] Android_Mali_G76, [000002C516C6BB00][000002C519064940 49] Android_Mali_G76_Vulkan, [000002C516B3E000][000002C519068C00 49] Android_Mali_G77, [000002C516C6B100][000002C51906CEC0 49] Android_Mali_G77_Vulkan, [000002C516B3DE00][000002C519071180 49] Android_Mali_G78, [000002C516C6A900][000002C519075440 49] Android_Mali_G78_Vulkan, [000002C516B3CF00][000002C519079700 49] Android_Mali_G710, [000002C516C6AE00][000002C517905980 49] Android_Mali_G710_Vulkan, [000002C516B3F100][000002C51907DC00 49] Android_Vulkan_SM5, [000002C516C69800][000002C519084340 49] Android_PowerVR_G6xxx, [000002C516B3DA00][000002C519088600 49] Android_PowerVR_GT7xxx, [000002C516C68900][000002C51908C8C0 49] Android_PowerVR_GE8xxx, [000002C516B3DF00][000002C519090B80 49] Android_PowerVR_GM9xxx, [000002C516C69600][000002C519094E40 49] Android_PowerVR_GM9xxx_Vulkan, [000002C516B3DD00][000002C519099100 49] Android_TegraK1, [000002C516C68C00][000002C51909D3C0 49] Android_Unknown_Vulkan, [000002C516B3CC00][000002C5190B1680 49] Lumin, [000002C516C6B700][000002C5190B5940 49] Lumin_Desktop, [000002C516B3F900][000002C519081BC0 49] HoloLens, 
[2025.10.08-00.27.15:173][  0]LogMeshReduction: Using QuadricMeshReduction for automatic static mesh reduction
[2025.10.08-00.27.15:173][  0]LogMeshReduction: Using SimplygonMeshReduction for automatic skeletal mesh reduction
[2025.10.08-00.27.15:173][  0]LogMeshReduction: Using ProxyLODMeshReduction for automatic mesh merging
[2025.10.08-00.27.15:173][  0]LogMeshReduction: No distributed automatic mesh merging module available
[2025.10.08-00.27.15:173][  0]LogMeshMerging: No distributed automatic mesh merging module available
[2025.10.08-00.27.15:190][  0]LogNetVersion: TasteOfMadness 1.0.0, NetCL: 17155196, EngineNetVer: 17, GameNetVer: 0 (Checksum: 3999798361)
[2025.10.08-00.27.15:539][  0]LogTexture: Default maximum texture size for cubemaps generated from long-lat sources has been changed from 512 to unlimited. In order to preserve old behaiour for '/Engine/MapTemplates/Sky/DaylightAmbientCubemap.DaylightAmbientCubemap', its maximum texture size has been explicitly set to 512.
[2025.10.08-00.27.15:583][  0]LogHMD: PokeAHoleMaterial loaded successfully
[2025.10.08-00.27.15:589][  0]LogUObjectArray: 17178 objects as part of root set at end of initial load.
[2025.10.08-00.27.15:589][  0]LogUObjectAllocator: 4302048 out of 0 bytes used by permanent object pool.
[2025.10.08-00.27.15:589][  0]LogUObjectArray: CloseDisregardForGC: 0/0 objects in disregard for GC pool
[2025.10.08-00.27.15:900][  0]LogNiagaraDebuggerClient: Niagara Debugger Client Initialized | Session: 3C23B902423C8E6E792DEE8596589359 | Instance: 97607DDB40B0C384594D5382EA29D693 (SAM_PC-18952).
[2025.10.08-00.27.15:936][  0]LogPython: Using Python 3.7.7
[2025.10.08-00.27.16:443][  0]LogTcpMessaging: Initializing TcpMessaging bridge
[2025.10.08-00.27.16:448][  0]LogUdpMessaging: Initializing bridge on interface 0.0.0.0:0 to multicast group 230.0.0.1:6666.
[2025.10.08-00.27.16:848][  0]LogOpenImageDenoise: OIDN starting up
[2025.10.08-00.27.16:904][  0]LogAndroidPermission: UAndroidPermissionCallbackProxy::GetInstance
[2025.10.08-00.27.16:928][  0]LogAudioCaptureCore: Display: No Audio Capture implementations found. Audio input will be silent.
[2025.10.08-00.27.16:928][  0]LogAudioCaptureCore: Display: No Audio Capture implementations found. Audio input will be silent.
[2025.10.08-00.27.17:065][  0]SourceControl: El control de código fuente está desactivado
[2025.10.08-00.27.17:065][  0]SourceControl: El control de código fuente está desactivado
[2025.10.08-00.27.17:070][  0]SourceControl: El control de código fuente está desactivado
[2025.10.08-00.27.17:074][  0]SourceControl: El control de código fuente está desactivado
[2025.10.08-00.27.17:084][  0]LogUProjectInfo: Found projects:
[2025.10.08-00.27.17:100][  0]SourceControl: El control de código fuente está desactivado
[2025.10.08-00.27.17:110][  0]LogCollectionManager: Loaded 0 collections in 0.001382 seconds
[2025.10.08-00.27.17:138][  0]LogFileCache: Scanning file cache for directory 'C:/Users/sambb/OneDrive/Documentos/GitHub/TasteOfMadness/TasteOfMadness/Saved/Collections/' took 0.00s
[2025.10.08-00.27.17:138][  0]LogFileCache: Scanning file cache for directory 'C:/Users/sambb/OneDrive/Documentos/GitHub/TasteOfMadness/TasteOfMadness/Content/Developers/sambb/Collections/' took 0.00s
[2025.10.08-00.27.17:138][  0]LogFileCache: Scanning file cache for directory 'C:/Users/sambb/OneDrive/Documentos/GitHub/TasteOfMadness/TasteOfMadness/Content/Collections/' took 0.00s
[2025.10.08-00.27.17:138][  0]LogOcInput: OculusInput pre-init called
[2025.10.08-00.27.17:343][  0]LogEngine: Initializing Engine...
[2025.10.08-00.27.17:345][  0]LogHMD: Failed to enumerate extensions. Please check that you have a valid OpenXR runtime installed.
[2025.10.08-00.27.17:345][  0]LogHMD: Failed to initialize OpenVR with code 110
[2025.10.08-00.27.17:345][  0]LogMagicLeap: Warning: VR disabled because ZI is not enabled.  To enable, in the editor, Edit -> Project Settings -> Plugins -> Magic Leap Plugin -> Enable Zero Iteration
[2025.10.08-00.27.17:347][  0]LogStats: UGameplayTagsManager::InitializeManager -  0.000 s
[2025.10.08-00.27.17:439][  0]LogInit: Initializing FReadOnlyCVARCache
[2025.10.08-00.27.17:449][  0]LogAIModule: Creating AISystem for world Untitled
[2025.10.08-00.27.17:449][  0]LogAudio: Display: Initializing Audio Device Manager...
[2025.10.08-00.27.17:455][  0]LogAudio: Display: Loading Default Audio Settings Objects...
[2025.10.08-00.27.17:455][  0]LogAudio: Display: No default SoundConcurrencyObject specified (or failed to load).
[2025.10.08-00.27.17:456][  0]LogAudio: Display: Audio Device Manager Initialized
[2025.10.08-00.27.17:456][  0]LogAudio: Display: Creating Audio Device:                 Id: 1, Scope: Shared, Realtime: True
[2025.10.08-00.27.17:456][  0]LogAudioMixer: Display: Audio Mixer Platform Settings:
[2025.10.08-00.27.17:456][  0]LogAudioMixer: Display: 	Sample Rate:						  48000
[2025.10.08-00.27.17:456][  0]LogAudioMixer: Display: 	Callback Buffer Frame Size Requested: 1024
[2025.10.08-00.27.17:456][  0]LogAudioMixer: Display: 	Callback Buffer Frame Size To Use:	  1024
[2025.10.08-00.27.17:456][  0]LogAudioMixer: Display: 	Number of buffers to queue:			  2
[2025.10.08-00.27.17:456][  0]LogAudioMixer: Display: 	Max Channels (voices):				  32
[2025.10.08-00.27.17:456][  0]LogAudioMixer: Display: 	Number of Async Source Workers:		  0
[2025.10.08-00.27.17:456][  0]LogAudio: Display: AudioDevice MaxSources: 32
[2025.10.08-00.27.17:456][  0]LogAudio: Display: Audio Spatialization Plugin: None (built-in).
[2025.10.08-00.27.17:456][  0]LogAudio: Display: Audio Reverb Plugin: None (built-in).
[2025.10.08-00.27.17:456][  0]LogAudio: Display: Audio Occlusion Plugin: None (built-in).
[2025.10.08-00.27.17:456][  0]LogAudioMixer: Display: Initializing audio mixer.
[2025.10.08-00.27.17:469][  0]LogAudioMixer: Display: 0: FrontLeft
[2025.10.08-00.27.17:469][  0]LogAudioMixer: Display: 1: FrontRight
[2025.10.08-00.27.17:531][  0]LogAudioMixer: Display: Using Audio Device SB's Headphones (JBL Tune 520BT)
[2025.10.08-00.27.17:534][  0]LogAudioMixer: Display: Initializing Sound Submixes...
[2025.10.08-00.27.17:536][  0]LogAudioMixer: Display: Creating Master Submix 'MasterSubmixDefault'
[2025.10.08-00.27.17:536][  0]LogAudioMixer: Display: Creating Master Submix 'MasterReverbSubmixDefault'
[2025.10.08-00.27.17:536][  0]LogAudioMixer: Display: Creating Master Submix 'MasterEQSubmixDefault'
[2025.10.08-00.27.17:537][  0]LogAudioMixer: FMixerPlatformXAudio2::StartAudioStream() called
[2025.10.08-00.27.17:537][  0]LogAudioMixer: Display: Output buffers initialized: Frames=1024, Channels=2, Samples=2048
[2025.10.08-00.27.17:538][  0]LogAudioMixer: Display: Starting AudioMixerPlatformInterface::RunInternal()
[2025.10.08-00.27.17:538][  0]LogAudioMixer: Display: FMixerPlatformXAudio2::SubmitBuffer() called for the first time
[2025.10.08-00.27.17:538][  0]LogInit: FAudioDevice initialized.
[2025.10.08-00.27.17:538][  0]LogAudio: Display: Audio Device (ID: 1) registered with world 'Untitled'.
[2025.10.08-00.27.17:538][  0]LogNetVersion: Set ProjectVersion to 1.0.0.0. Version Checksum will be recalculated on next use.
[2025.10.08-00.27.17:591][  0]LogDerivedDataCache: Saved boot cache 0.05s 94MB C:/Users/sambb/AppData/Local/UnrealEngine/4.27/DerivedDataCache/Boot.ddc.
[2025.10.08-00.27.17:592][  0]LogInit: Texture streaming: Enabled
[2025.10.08-00.27.17:609][  0]LogAnalytics: Display: [UEEditor.Rocket.Release] APIServer = https://datarouter.ol.epicgames.com/. AppVersion = 4.27.2-18319896+++UE4+Release-4.27
[2025.10.08-00.27.17:613][  0]LogEngineSessionManager: EngineSessionManager initialized
[2025.10.08-00.27.17:613][  0]LogEditorSessionSummary: Verbose: Initializing EditorSessionSummaryWriter for editor session tracking
[2025.10.08-00.27.17:614][  0]LogEditorSessionSummary: EditorSessionSummaryWriter initialized
[2025.10.08-00.27.17:646][  0]LogInit: Transaction tracking system initialized
[2025.10.08-00.27.17:673][  0]BlueprintLog: New page: Cargar el editor
[2025.10.08-00.27.17:748][  0]LocalizationService: Localization service is disabled
[2025.10.08-00.27.17:776][  0]TimingProfiler: Initialize
[2025.10.08-00.27.17:776][  0]TimingProfiler: OnSessionChanged
[2025.10.08-00.27.17:776][  0]LoadingProfiler: Initialize
[2025.10.08-00.27.17:776][  0]LoadingProfiler: OnSessionChanged
[2025.10.08-00.27.17:776][  0]NetworkingProfiler: Initialize
[2025.10.08-00.27.17:776][  0]NetworkingProfiler: OnSessionChanged
[2025.10.08-00.27.17:776][  0]MemoryProfiler: Initialize
[2025.10.08-00.27.17:776][  0]MemoryProfiler: OnSessionChanged
[2025.10.08-00.27.17:919][  0]LogCook: Display: CookSettings for Memory: MemoryMaxUsedVirtual 0MiB, MemoryMaxUsedPhysical 16384MiB, MemoryMinFreeVirtual 0MiB, MemoryMinFreePhysical 1024MiB
[2025.10.08-00.27.17:919][  0]LogCook: Display: Mobile HDR setting 1
[2025.10.08-00.27.18:133][  0]LogFileCache: Scanning file cache for directory 'C:/Users/sambb/OneDrive/Documentos/GitHub/TasteOfMadness/TasteOfMadness/Content/' took 0.01s
[2025.10.08-00.27.18:278][  0]LogInit: Display: Engine is initialized. Leaving FEngineLoop::Init()
[2025.10.08-00.27.18:281][  0]SourceControl: El control de código fuente está desactivado
[2025.10.08-00.27.18:281][  0]LogUnrealEdMisc: Loading editor; pre map load, took 6.872
[2025.10.08-00.27.18:281][  0]Cmd: MAP LOAD FILE="../../../../../../Users/sambb/OneDrive/Documentos/GitHub/TasteOfMadness/TasteOfMadness/Content/Maps/MainPersistent.umap" TEMPLATE=0 SHOWPROGRESS=1 FEATURELEVEL=3
[2025.10.08-00.27.18:282][  0]LightingResults: New page: Diseñar la iluminación
[2025.10.08-00.27.18:283][  0]LogWorld: UWorld::CleanupWorld for Untitled, bSessionEnded=true, bCleanupResources=true
[2025.10.08-00.27.18:283][  0]LogSlate: InvalidateAllWidgets triggered.  All widgets were invalidated
[2025.10.08-00.27.18:283][  0]MapCheck: New page: Revisión del mapa
[2025.10.08-00.27.18:283][  0]LightingResults: New page: Diseñar la iluminación
[2025.10.08-00.27.18:287][  0]LogAudio: Display: Audio Device unregistered from world 'None'.
[2025.10.08-00.27.18:290][  0]LogUObjectHash: Compacting FUObjectHashTables data took   0.60ms
[2025.10.08-00.27.18:379][  0]LogLinker: Warning: [AssetLog] C:\Users\sambb\OneDrive\Documentos\GitHub\TasteOfMadness\TasteOfMadness\Content\Maps\MainPersistent.umap: Failed to load '/Game/Maps/MainPersistent_BuiltData': Can't find file.
[2025.10.08-00.27.18:380][  0]LogLinker: Warning: [AssetLog] C:\Users\sambb\OneDrive\Documentos\GitHub\TasteOfMadness\TasteOfMadness\Content\Maps\MainPersistent.umap: Failed to load '/Game/Maps/MainPersistent_BuiltData': Can't find file.
[2025.10.08-00.27.18:382][  0]LogLinker: Warning: [AssetLog] C:\Users\sambb\OneDrive\Documentos\GitHub\TasteOfMadness\TasteOfMadness\Content\Maps\MainPersistent.umap: Failed to load '/Game/Maps/MainPersistent_BuiltData': Can't find file.
[2025.10.08-00.27.18:384][  0]LogLinker: Warning: Failed to load '/Game/Maps/MainPersistent_BuiltData': Can't find file.
[2025.10.08-00.27.18:384][  0]LogLinker: Warning: Failed to load '/Game/Maps/MainPersistent_BuiltData': Can't find file.
[2025.10.08-00.27.18:415][  0]LogLinker: Warning: [AssetLog] C:\Users\sambb\OneDrive\Documentos\GitHub\TasteOfMadness\TasteOfMadness\Content\Maps\MainPersistent.umap: Failed to load '/Game/Maps/MainPersistent_BuiltData': Can't find file.
[2025.10.08-00.27.18:415][  0]LoadErrors: Error al cargar /Game/Maps/MainPersistent_BuiltData.MainPersistent_BuiltData Referenciado por PersistentLevel
[2025.10.08-00.27.18:485][  0]LogAudio: Display: Audio Device (ID: 1) registered with world 'MainPersistent'.
[2025.10.08-00.27.18:486][  0]LogAIModule: Creating AISystem for world MainPersistent
[2025.10.08-00.27.18:491][  0]LogStreaming: Display: ULevelStreaming::RequestLevel(/Game/Maps/FrancisIA) is flushing async loading
[2025.10.08-00.27.18:491][  0]LogStreaming: Display: FlushAsyncLoading: 1 QueuedPackages, 0 AsyncPackages
[2025.10.08-00.27.18:493][  0]LogStreaming: Error: Couldn't find file for package /Game/Maps/FrancisIA_BuiltData requested by async loading code. NameToLoad: /Game/Maps/FrancisIA_BuiltData
[2025.10.08-00.27.18:647][  0]LogStreaming: Display: ULevelStreaming::RequestLevel(/Game/Maps/ComidaVivaIA) is flushing async loading
[2025.10.08-00.27.18:651][  0]LogStreaming: Display: ULevelStreaming::RequestLevel(/Game/Maps/PropsSamuel) is flushing async loading
[2025.10.08-00.27.18:655][  0]LogStreaming: Display: ULevelStreaming::RequestLevel(/Game/Maps/PropsMichelle) is flushing async loading
[2025.10.08-00.27.18:660][  0]LogStreaming: Display: ULevelStreaming::RequestLevel(/Game/Maps/PropsDaniela) is flushing async loading
[2025.10.08-00.27.18:666][  0]LogStreaming: Display: ULevelStreaming::RequestLevel(/Game/Maps/PropsChris) is flushing async loading
[2025.10.08-00.27.18:670][  0]LogStreaming: Display: ULevelStreaming::RequestLevel(/Game/Maps/PropsOliver) is flushing async loading
[2025.10.08-00.27.18:676][  0]LogEditorServer: Finished looking for orphan Actors (0.000 secs)
[2025.10.08-00.27.18:684][  0]LogUObjectHash: Compacting FUObjectHashTables data took   0.81ms
[2025.10.08-00.27.18:685][  0]Cmd: MAP CHECKDEP NOCLEARLOG
[2025.10.08-00.27.18:685][  0]MapCheck: Map check complete: 0 Error(s), 0 Warning(s), took 0.651ms to complete.
[2025.10.08-00.27.18:685][  0]LogFileHelpers: Loading map 'MainPersistent' took 0.404
[2025.10.08-00.27.18:686][  0]LogUnrealEdMisc: Total Editor Startup Time, took 7.278
[2025.10.08-00.27.18:797][  0]LogSlate: Updating window title bar state: overlay mode, drag disabled, window buttons hidden, title bar hidden
[2025.10.08-00.27.18:803][  0]LogSlate: Updating window title bar state: overlay mode, drag disabled, window buttons hidden, title bar hidden
[2025.10.08-00.27.18:808][  0]LogSlate: Updating window title bar state: overlay mode, drag disabled, window buttons hidden, title bar hidden
[2025.10.08-00.27.18:814][  0]LogSlate: Updating window title bar state: overlay mode, drag disabled, window buttons hidden, title bar hidden
[2025.10.08-00.27.18:827][  0]LogNativeClassHierarchy: Verbose: Native class hierarchy populated in 0.0094 seconds. Added 3822 classes and 928 folders.
[2025.10.08-00.27.18:830][  0]LogNativeClassHierarchy: Verbose: Native class hierarchy updated for 'WidgetCarousel' in 0.0003 seconds. Added 0 classes and 0 folders.
[2025.10.08-00.27.18:831][  0]LogPakFile: PakFile PrimaryIndexSize=187
[2025.10.08-00.27.18:831][  0]LogPakFile: PakFile PathHashIndexSize=101
[2025.10.08-00.27.18:831][  0]LogPakFile: PakFile FullDirectoryIndexSize=148
[2025.10.08-00.27.18:831][  0]LogShaderLibrary: Display: ShaderCodeLibraryPakFileMountedCallback: PakFile 'C:/Program Files/Epic Games/UE_4.27/FeaturePacks/FP_FirstPerson.upack' (chunk index -1, root 'root:/') mounted
[2025.10.08-00.27.18:831][  0]LogShaderLibrary: Display: ShaderCodeLibraryPakFileMountedCallback: pending pak file info (ChunkID:-1 Root:root:/ File:C:/Program Files/Epic Games/UE_4.27/FeaturePacks/FP_FirstPerson.upack)
[2025.10.08-00.27.18:831][  0]LogPakFile: OnPakFileMounted2Time == 0.000052
[2025.10.08-00.27.18:832][  0]LogPakFile: PakFile PrimaryIndexSize=189
[2025.10.08-00.27.18:832][  0]LogPakFile: PakFile PathHashIndexSize=101
[2025.10.08-00.27.18:832][  0]LogPakFile: PakFile FullDirectoryIndexSize=152
[2025.10.08-00.27.18:832][  0]LogShaderLibrary: Display: ShaderCodeLibraryPakFileMountedCallback: PakFile 'C:/Program Files/Epic Games/UE_4.27/FeaturePacks/FP_FirstPersonBP.upack' (chunk index -1, root 'root:/') mounted
[2025.10.08-00.27.18:832][  0]LogShaderLibrary: Display: ShaderCodeLibraryPakFileMountedCallback: pending pak file info (ChunkID:-1 Root:root:/ File:C:/Program Files/Epic Games/UE_4.27/FeaturePacks/FP_FirstPersonBP.upack)
[2025.10.08-00.27.18:832][  0]LogPakFile: OnPakFileMounted2Time == 0.000030
[2025.10.08-00.27.18:832][  0]LogPakFile: PakFile PrimaryIndexSize=191
[2025.10.08-00.27.18:832][  0]LogPakFile: PakFile PathHashIndexSize=101
[2025.10.08-00.27.18:832][  0]LogPakFile: PakFile FullDirectoryIndexSize=160
[2025.10.08-00.27.18:832][  0]LogShaderLibrary: Display: ShaderCodeLibraryPakFileMountedCallback: PakFile 'C:/Program Files/Epic Games/UE_4.27/FeaturePacks/MobileStarterContent.upack' (chunk index -1, root 'root:/') mounted
[2025.10.08-00.27.18:832][  0]LogShaderLibrary: Display: ShaderCodeLibraryPakFileMountedCallback: pending pak file info (ChunkID:-1 Root:root:/ File:C:/Program Files/Epic Games/UE_4.27/FeaturePacks/MobileStarterContent.upack)
[2025.10.08-00.27.18:832][  0]LogPakFile: OnPakFileMounted2Time == 0.000026
[2025.10.08-00.27.18:832][  0]LogPakFile: PakFile PrimaryIndexSize=185
[2025.10.08-00.27.18:832][  0]LogPakFile: PakFile PathHashIndexSize=101
[2025.10.08-00.27.18:832][  0]LogPakFile: PakFile FullDirectoryIndexSize=148
[2025.10.08-00.27.18:832][  0]LogShaderLibrary: Display: ShaderCodeLibraryPakFileMountedCallback: PakFile 'C:/Program Files/Epic Games/UE_4.27/FeaturePacks/StarterContent.upack' (chunk index -1, root 'root:/') mounted
[2025.10.08-00.27.18:833][  0]LogShaderLibrary: Display: ShaderCodeLibraryPakFileMountedCallback: pending pak file info (ChunkID:-1 Root:root:/ File:C:/Program Files/Epic Games/UE_4.27/FeaturePacks/StarterContent.upack)
[2025.10.08-00.27.18:833][  0]LogPakFile: OnPakFileMounted2Time == 0.000031
[2025.10.08-00.27.18:833][  0]LogPakFile: PakFile PrimaryIndexSize=190
[2025.10.08-00.27.18:833][  0]LogPakFile: PakFile PathHashIndexSize=101
[2025.10.08-00.27.18:833][  0]LogPakFile: PakFile FullDirectoryIndexSize=154
[2025.10.08-00.27.18:833][  0]LogShaderLibrary: Display: ShaderCodeLibraryPakFileMountedCallback: PakFile 'C:/Program Files/Epic Games/UE_4.27/FeaturePacks/TP_2DSideScroller.upack' (chunk index -1, root 'root:/') mounted
[2025.10.08-00.27.18:833][  0]LogShaderLibrary: Display: ShaderCodeLibraryPakFileMountedCallback: pending pak file info (ChunkID:-1 Root:root:/ File:C:/Program Files/Epic Games/UE_4.27/FeaturePacks/TP_2DSideScroller.upack)
[2025.10.08-00.27.18:833][  0]LogPakFile: OnPakFileMounted2Time == 0.000024
[2025.10.08-00.27.18:833][  0]LogPakFile: PakFile PrimaryIndexSize=192
[2025.10.08-00.27.18:833][  0]LogPakFile: PakFile PathHashIndexSize=101
[2025.10.08-00.27.18:833][  0]LogPakFile: PakFile FullDirectoryIndexSize=158
[2025.10.08-00.27.18:833][  0]LogShaderLibrary: Display: ShaderCodeLibraryPakFileMountedCallback: PakFile 'C:/Program Files/Epic Games/UE_4.27/FeaturePacks/TP_2DSideScrollerBP.upack' (chunk index -1, root 'root:/') mounted
[2025.10.08-00.27.18:833][  0]LogShaderLibrary: Display: ShaderCodeLibraryPakFileMountedCallback: pending pak file info (ChunkID:-1 Root:root:/ File:C:/Program Files/Epic Games/UE_4.27/FeaturePacks/TP_2DSideScrollerBP.upack)
[2025.10.08-00.27.18:833][  0]LogPakFile: OnPakFileMounted2Time == 0.000028
[2025.10.08-00.27.18:834][  0]LogPakFile: PakFile PrimaryIndexSize=182
[2025.10.08-00.27.18:834][  0]LogPakFile: PakFile PathHashIndexSize=101
[2025.10.08-00.27.18:834][  0]LogPakFile: PakFile FullDirectoryIndexSize=138
[2025.10.08-00.27.18:834][  0]LogShaderLibrary: Display: ShaderCodeLibraryPakFileMountedCallback: PakFile 'C:/Program Files/Epic Games/UE_4.27/FeaturePacks/TP_Flying.upack' (chunk index -1, root 'root:/') mounted
[2025.10.08-00.27.18:834][  0]LogShaderLibrary: Display: ShaderCodeLibraryPakFileMountedCallback: pending pak file info (ChunkID:-1 Root:root:/ File:C:/Program Files/Epic Games/UE_4.27/FeaturePacks/TP_Flying.upack)
[2025.10.08-00.27.18:834][  0]LogPakFile: OnPakFileMounted2Time == 0.000022
[2025.10.08-00.27.18:834][  0]LogPakFile: PakFile PrimaryIndexSize=184
[2025.10.08-00.27.18:834][  0]LogPakFile: PakFile PathHashIndexSize=101
[2025.10.08-00.27.18:834][  0]LogPakFile: PakFile FullDirectoryIndexSize=142
[2025.10.08-00.27.18:834][  0]LogShaderLibrary: Display: ShaderCodeLibraryPakFileMountedCallback: PakFile 'C:/Program Files/Epic Games/UE_4.27/FeaturePacks/TP_FlyingBP.upack' (chunk index -1, root 'root:/') mounted
[2025.10.08-00.27.18:834][  0]LogShaderLibrary: Display: ShaderCodeLibraryPakFileMountedCallback: pending pak file info (ChunkID:-1 Root:root:/ File:C:/Program Files/Epic Games/UE_4.27/FeaturePacks/TP_FlyingBP.upack)
[2025.10.08-00.27.18:834][  0]LogPakFile: OnPakFileMounted2Time == 0.000021
[2025.10.08-00.27.18:835][  0]LogPakFile: PakFile PrimaryIndexSize=188
[2025.10.08-00.27.18:835][  0]LogPakFile: PakFile PathHashIndexSize=101
[2025.10.08-00.27.18:835][  0]LogPakFile: PakFile FullDirectoryIndexSize=150
[2025.10.08-00.27.18:835][  0]LogShaderLibrary: Display: ShaderCodeLibraryPakFileMountedCallback: PakFile 'C:/Program Files/Epic Games/UE_4.27/FeaturePacks/TP_HandheldARBP.upack' (chunk index -1, root 'root:/') mounted
[2025.10.08-00.27.18:835][  0]LogShaderLibrary: Display: ShaderCodeLibraryPakFileMountedCallback: pending pak file info (ChunkID:-1 Root:root:/ File:C:/Program Files/Epic Games/UE_4.27/FeaturePacks/TP_HandheldARBP.upack)
[2025.10.08-00.27.18:835][  0]LogPakFile: OnPakFileMounted2Time == 0.000029
[2025.10.08-00.27.18:835][  0]LogPakFile: PakFile PrimaryIndexSize=182
[2025.10.08-00.27.18:835][  0]LogPakFile: PakFile PathHashIndexSize=101
[2025.10.08-00.27.18:835][  0]LogPakFile: PakFile FullDirectoryIndexSize=138
[2025.10.08-00.27.18:835][  0]LogShaderLibrary: Display: ShaderCodeLibraryPakFileMountedCallback: PakFile 'C:/Program Files/Epic Games/UE_4.27/FeaturePacks/TP_Puzzle.upack' (chunk index -1, root 'root:/') mounted
[2025.10.08-00.27.18:836][  0]LogShaderLibrary: Display: ShaderCodeLibraryPakFileMountedCallback: pending pak file info (ChunkID:-1 Root:root:/ File:C:/Program Files/Epic Games/UE_4.27/FeaturePacks/TP_Puzzle.upack)
[2025.10.08-00.27.18:836][  0]LogPakFile: OnPakFileMounted2Time == 0.000029
[2025.10.08-00.27.18:836][  0]LogPakFile: PakFile PrimaryIndexSize=184
[2025.10.08-00.27.18:836][  0]LogPakFile: PakFile PathHashIndexSize=101
[2025.10.08-00.27.18:836][  0]LogPakFile: PakFile FullDirectoryIndexSize=142
[2025.10.08-00.27.18:836][  0]LogShaderLibrary: Display: ShaderCodeLibraryPakFileMountedCallback: PakFile 'C:/Program Files/Epic Games/UE_4.27/FeaturePacks/TP_PuzzleBP.upack' (chunk index -1, root 'root:/') mounted
[2025.10.08-00.27.18:836][  0]LogShaderLibrary: Display: ShaderCodeLibraryPakFileMountedCallback: pending pak file info (ChunkID:-1 Root:root:/ File:C:/Program Files/Epic Games/UE_4.27/FeaturePacks/TP_PuzzleBP.upack)
[2025.10.08-00.27.18:836][  0]LogPakFile: OnPakFileMounted2Time == 0.000025
[2025.10.08-00.27.18:836][  0]LogPakFile: PakFile PrimaryIndexSize=183
[2025.10.08-00.27.18:836][  0]LogPakFile: PakFile PathHashIndexSize=101
[2025.10.08-00.27.18:836][  0]LogPakFile: PakFile FullDirectoryIndexSize=140
[2025.10.08-00.27.18:836][  0]LogShaderLibrary: Display: ShaderCodeLibraryPakFileMountedCallback: PakFile 'C:/Program Files/Epic Games/UE_4.27/FeaturePacks/TP_Rolling.upack' (chunk index -1, root 'root:/') mounted
[2025.10.08-00.27.18:836][  0]LogShaderLibrary: Display: ShaderCodeLibraryPakFileMountedCallback: pending pak file info (ChunkID:-1 Root:root:/ File:C:/Program Files/Epic Games/UE_4.27/FeaturePacks/TP_Rolling.upack)
[2025.10.08-00.27.18:836][  0]LogPakFile: OnPakFileMounted2Time == 0.000021
[2025.10.08-00.27.18:836][  0]LogPakFile: PakFile PrimaryIndexSize=185
[2025.10.08-00.27.18:836][  0]LogPakFile: PakFile PathHashIndexSize=101
[2025.10.08-00.27.18:836][  0]LogPakFile: PakFile FullDirectoryIndexSize=144
[2025.10.08-00.27.18:836][  0]LogShaderLibrary: Display: ShaderCodeLibraryPakFileMountedCallback: PakFile 'C:/Program Files/Epic Games/UE_4.27/FeaturePacks/TP_RollingBP.upack' (chunk index -1, root 'root:/') mounted
[2025.10.08-00.27.18:836][  0]LogShaderLibrary: Display: ShaderCodeLibraryPakFileMountedCallback: pending pak file info (ChunkID:-1 Root:root:/ File:C:/Program Files/Epic Games/UE_4.27/FeaturePacks/TP_RollingBP.upack)
[2025.10.08-00.27.18:836][  0]LogPakFile: OnPakFileMounted2Time == 0.000021
[2025.10.08-00.27.18:838][  0]LogPakFile: PakFile PrimaryIndexSize=188
[2025.10.08-00.27.18:838][  0]LogPakFile: PakFile PathHashIndexSize=101
[2025.10.08-00.27.18:838][  0]LogPakFile: PakFile FullDirectoryIndexSize=150
[2025.10.08-00.27.18:838][  0]LogShaderLibrary: Display: ShaderCodeLibraryPakFileMountedCallback: PakFile 'C:/Program Files/Epic Games/UE_4.27/FeaturePacks/TP_SideScroller.upack' (chunk index -1, root 'root:/') mounted
[2025.10.08-00.27.18:838][  0]LogShaderLibrary: Display: ShaderCodeLibraryPakFileMountedCallback: pending pak file info (ChunkID:-1 Root:root:/ File:C:/Program Files/Epic Games/UE_4.27/FeaturePacks/TP_SideScroller.upack)
[2025.10.08-00.27.18:838][  0]LogPakFile: OnPakFileMounted2Time == 0.000021
[2025.10.08-00.27.18:838][  0]LogPakFile: PakFile PrimaryIndexSize=190
[2025.10.08-00.27.18:838][  0]LogPakFile: PakFile PathHashIndexSize=101
[2025.10.08-00.27.18:838][  0]LogPakFile: PakFile FullDirectoryIndexSize=154
[2025.10.08-00.27.18:838][  0]LogShaderLibrary: Display: ShaderCodeLibraryPakFileMountedCallback: PakFile 'C:/Program Files/Epic Games/UE_4.27/FeaturePacks/TP_SideScrollerBP.upack' (chunk index -1, root 'root:/') mounted
[2025.10.08-00.27.18:838][  0]LogShaderLibrary: Display: ShaderCodeLibraryPakFileMountedCallback: pending pak file info (ChunkID:-1 Root:root:/ File:C:/Program Files/Epic Games/UE_4.27/FeaturePacks/TP_SideScrollerBP.upack)
[2025.10.08-00.27.18:838][  0]LogPakFile: OnPakFileMounted2Time == 0.000021
[2025.10.08-00.27.18:838][  0]LogPakFile: PakFile PrimaryIndexSize=187
[2025.10.08-00.27.18:838][  0]LogPakFile: PakFile PathHashIndexSize=101
[2025.10.08-00.27.18:838][  0]LogPakFile: PakFile FullDirectoryIndexSize=148
[2025.10.08-00.27.18:838][  0]LogShaderLibrary: Display: ShaderCodeLibraryPakFileMountedCallback: PakFile 'C:/Program Files/Epic Games/UE_4.27/FeaturePacks/TP_ThirdPerson.upack' (chunk index -1, root 'root:/') mounted
[2025.10.08-00.27.18:838][  0]LogShaderLibrary: Display: ShaderCodeLibraryPakFileMountedCallback: pending pak file info (ChunkID:-1 Root:root:/ File:C:/Program Files/Epic Games/UE_4.27/FeaturePacks/TP_ThirdPerson.upack)
[2025.10.08-00.27.18:838][  0]LogPakFile: OnPakFileMounted2Time == 0.000021
[2025.10.08-00.27.18:838][  0]LogPakFile: PakFile PrimaryIndexSize=189
[2025.10.08-00.27.18:838][  0]LogPakFile: PakFile PathHashIndexSize=101
[2025.10.08-00.27.18:838][  0]LogPakFile: PakFile FullDirectoryIndexSize=152
[2025.10.08-00.27.18:838][  0]LogShaderLibrary: Display: ShaderCodeLibraryPakFileMountedCallback: PakFile 'C:/Program Files/Epic Games/UE_4.27/FeaturePacks/TP_ThirdPersonBP.upack' (chunk index -1, root 'root:/') mounted
[2025.10.08-00.27.18:838][  0]LogShaderLibrary: Display: ShaderCodeLibraryPakFileMountedCallback: pending pak file info (ChunkID:-1 Root:root:/ File:C:/Program Files/Epic Games/UE_4.27/FeaturePacks/TP_ThirdPersonBP.upack)
[2025.10.08-00.27.18:838][  0]LogPakFile: OnPakFileMounted2Time == 0.000021
[2025.10.08-00.27.18:839][  0]LogPakFile: PakFile PrimaryIndexSize=183
[2025.10.08-00.27.18:839][  0]LogPakFile: PakFile PathHashIndexSize=101
[2025.10.08-00.27.18:839][  0]LogPakFile: PakFile FullDirectoryIndexSize=140
[2025.10.08-00.27.18:839][  0]LogShaderLibrary: Display: ShaderCodeLibraryPakFileMountedCallback: PakFile 'C:/Program Files/Epic Games/UE_4.27/FeaturePacks/TP_TopDown.upack' (chunk index -1, root 'root:/') mounted
[2025.10.08-00.27.18:839][  0]LogShaderLibrary: Display: ShaderCodeLibraryPakFileMountedCallback: pending pak file info (ChunkID:-1 Root:root:/ File:C:/Program Files/Epic Games/UE_4.27/FeaturePacks/TP_TopDown.upack)
[2025.10.08-00.27.18:839][  0]LogPakFile: OnPakFileMounted2Time == 0.000030
[2025.10.08-00.27.18:839][  0]LogPakFile: PakFile PrimaryIndexSize=185
[2025.10.08-00.27.18:839][  0]LogPakFile: PakFile PathHashIndexSize=101
[2025.10.08-00.27.18:839][  0]LogPakFile: PakFile FullDirectoryIndexSize=144
[2025.10.08-00.27.18:839][  0]LogShaderLibrary: Display: ShaderCodeLibraryPakFileMountedCallback: PakFile 'C:/Program Files/Epic Games/UE_4.27/FeaturePacks/TP_TopDownBP.upack' (chunk index -1, root 'root:/') mounted
[2025.10.08-00.27.18:839][  0]LogShaderLibrary: Display: ShaderCodeLibraryPakFileMountedCallback: pending pak file info (ChunkID:-1 Root:root:/ File:C:/Program Files/Epic Games/UE_4.27/FeaturePacks/TP_TopDownBP.upack)
[2025.10.08-00.27.18:839][  0]LogPakFile: OnPakFileMounted2Time == 0.000021
[2025.10.08-00.27.18:839][  0]LogPakFile: PakFile PrimaryIndexSize=185
[2025.10.08-00.27.18:839][  0]LogPakFile: PakFile PathHashIndexSize=101
[2025.10.08-00.27.18:839][  0]LogPakFile: PakFile FullDirectoryIndexSize=144
[2025.10.08-00.27.18:839][  0]LogShaderLibrary: Display: ShaderCodeLibraryPakFileMountedCallback: PakFile 'C:/Program Files/Epic Games/UE_4.27/FeaturePacks/TP_TwinStick.upack' (chunk index -1, root 'root:/') mounted
[2025.10.08-00.27.18:839][  0]LogShaderLibrary: Display: ShaderCodeLibraryPakFileMountedCallback: pending pak file info (ChunkID:-1 Root:root:/ File:C:/Program Files/Epic Games/UE_4.27/FeaturePacks/TP_TwinStick.upack)
[2025.10.08-00.27.18:839][  0]LogPakFile: OnPakFileMounted2Time == 0.000020
[2025.10.08-00.27.18:840][  0]LogPakFile: PakFile PrimaryIndexSize=187
[2025.10.08-00.27.18:840][  0]LogPakFile: PakFile PathHashIndexSize=101
[2025.10.08-00.27.18:840][  0]LogPakFile: PakFile FullDirectoryIndexSize=148
[2025.10.08-00.27.18:840][  0]LogShaderLibrary: Display: ShaderCodeLibraryPakFileMountedCallback: PakFile 'C:/Program Files/Epic Games/UE_4.27/FeaturePacks/TP_TwinStickBP.upack' (chunk index -1, root 'root:/') mounted
[2025.10.08-00.27.18:840][  0]LogShaderLibrary: Display: ShaderCodeLibraryPakFileMountedCallback: pending pak file info (ChunkID:-1 Root:root:/ File:C:/Program Files/Epic Games/UE_4.27/FeaturePacks/TP_TwinStickBP.upack)
[2025.10.08-00.27.18:840][  0]LogPakFile: OnPakFileMounted2Time == 0.000020
[2025.10.08-00.27.18:840][  0]LogPakFile: PakFile PrimaryIndexSize=183
[2025.10.08-00.27.18:840][  0]LogPakFile: PakFile PathHashIndexSize=101
[2025.10.08-00.27.18:840][  0]LogPakFile: PakFile FullDirectoryIndexSize=140
[2025.10.08-00.27.18:840][  0]LogShaderLibrary: Display: ShaderCodeLibraryPakFileMountedCallback: PakFile 'C:/Program Files/Epic Games/UE_4.27/FeaturePacks/TP_Vehicle.upack' (chunk index -1, root 'root:/') mounted
[2025.10.08-00.27.18:840][  0]LogShaderLibrary: Display: ShaderCodeLibraryPakFileMountedCallback: pending pak file info (ChunkID:-1 Root:root:/ File:C:/Program Files/Epic Games/UE_4.27/FeaturePacks/TP_Vehicle.upack)
[2025.10.08-00.27.18:840][  0]LogPakFile: OnPakFileMounted2Time == 0.000021
[2025.10.08-00.27.18:841][  0]LogPakFile: PakFile PrimaryIndexSize=186
[2025.10.08-00.27.18:841][  0]LogPakFile: PakFile PathHashIndexSize=101
[2025.10.08-00.27.18:841][  0]LogPakFile: PakFile FullDirectoryIndexSize=146
[2025.10.08-00.27.18:841][  0]LogShaderLibrary: Display: ShaderCodeLibraryPakFileMountedCallback: PakFile 'C:/Program Files/Epic Games/UE_4.27/FeaturePacks/TP_VehicleAdv.upack' (chunk index -1, root 'root:/') mounted
[2025.10.08-00.27.18:841][  0]LogShaderLibrary: Display: ShaderCodeLibraryPakFileMountedCallback: pending pak file info (ChunkID:-1 Root:root:/ File:C:/Program Files/Epic Games/UE_4.27/FeaturePacks/TP_VehicleAdv.upack)
[2025.10.08-00.27.18:841][  0]LogPakFile: OnPakFileMounted2Time == 0.000026
[2025.10.08-00.27.18:841][  0]LogPakFile: PakFile PrimaryIndexSize=188
[2025.10.08-00.27.18:841][  0]LogPakFile: PakFile PathHashIndexSize=101
[2025.10.08-00.27.18:841][  0]LogPakFile: PakFile FullDirectoryIndexSize=150
[2025.10.08-00.27.18:841][  0]LogShaderLibrary: Display: ShaderCodeLibraryPakFileMountedCallback: PakFile 'C:/Program Files/Epic Games/UE_4.27/FeaturePacks/TP_VehicleAdvBP.upack' (chunk index -1, root 'root:/') mounted
[2025.10.08-00.27.18:841][  0]LogShaderLibrary: Display: ShaderCodeLibraryPakFileMountedCallback: pending pak file info (ChunkID:-1 Root:root:/ File:C:/Program Files/Epic Games/UE_4.27/FeaturePacks/TP_VehicleAdvBP.upack)
[2025.10.08-00.27.18:841][  0]LogPakFile: OnPakFileMounted2Time == 0.000021
[2025.10.08-00.27.18:841][  0]LogPakFile: PakFile PrimaryIndexSize=185
[2025.10.08-00.27.18:841][  0]LogPakFile: PakFile PathHashIndexSize=101
[2025.10.08-00.27.18:841][  0]LogPakFile: PakFile FullDirectoryIndexSize=144
[2025.10.08-00.27.18:841][  0]LogShaderLibrary: Display: ShaderCodeLibraryPakFileMountedCallback: PakFile 'C:/Program Files/Epic Games/UE_4.27/FeaturePacks/TP_VehicleBP.upack' (chunk index -1, root 'root:/') mounted
[2025.10.08-00.27.18:841][  0]LogShaderLibrary: Display: ShaderCodeLibraryPakFileMountedCallback: pending pak file info (ChunkID:-1 Root:root:/ File:C:/Program Files/Epic Games/UE_4.27/FeaturePacks/TP_VehicleBP.upack)
[2025.10.08-00.27.18:841][  0]LogPakFile: OnPakFileMounted2Time == 0.000022
[2025.10.08-00.27.18:841][  0]LogPakFile: PakFile PrimaryIndexSize=192
[2025.10.08-00.27.18:843][  0]LogPakFile: PakFile PathHashIndexSize=101
[2025.10.08-00.27.18:843][  0]LogPakFile: PakFile FullDirectoryIndexSize=158
[2025.10.08-00.27.18:843][  0]LogShaderLibrary: Display: ShaderCodeLibraryPakFileMountedCallback: PakFile 'C:/Program Files/Epic Games/UE_4.27/FeaturePacks/TP_VirtualRealityBP.upack' (chunk index -1, root 'root:/') mounted
[2025.10.08-00.27.18:843][  0]LogShaderLibrary: Display: ShaderCodeLibraryPakFileMountedCallback: pending pak file info (ChunkID:-1 Root:root:/ File:C:/Program Files/Epic Games/UE_4.27/FeaturePacks/TP_VirtualRealityBP.upack)
[2025.10.08-00.27.18:843][  0]LogPakFile: OnPakFileMounted2Time == 0.000021
[2025.10.08-00.27.18:888][  0]LogNativeClassHierarchy: Verbose: Native class hierarchy updated for 'AddContentDialog' in 0.0003 seconds. Added 0 classes and 0 folders.
[2025.10.08-00.27.18:888][  0]LogNativeClassHierarchy: Verbose: Native class hierarchy updated for 'SceneOutliner' in 0.0003 seconds. Added 2 classes and 0 folders.
[2025.10.08-00.27.19:060][  0]LogSlate: Took 0.000270 seconds to synchronously load lazily loaded font '../../../Engine/Content/Slate/Fonts/Roboto-Regular.ttf' (155K)
[2025.10.08-00.27.19:062][  0]LogSlate: Took 0.000154 seconds to synchronously load lazily loaded font '../../../Engine/Content/Editor/Slate/Fonts/FontAwesome.ttf' (139K)
[2025.10.08-00.27.19:063][  0]LogSlate: Took 0.000186 seconds to synchronously load lazily loaded font '../../../Engine/Content/Slate/Fonts/Roboto-Bold.ttf' (160K)
[2025.10.08-00.27.19:122][  0]LogRenderer: Reallocating scene render targets to support 964x412 Format 10 NumSamples 1 (Frame:1).
[2025.10.08-00.27.19:199][  0]LogNativeClassHierarchy: Verbose: Native class hierarchy updated for 'HierarchicalLODOutliner' in 0.0005 seconds. Added 0 classes and 0 folders.
[2025.10.08-00.27.19:199][  0]LogLoad: (Engine Initialization) Total time: 7.79 seconds
[2025.10.08-00.27.19:199][  0]LogLoad: (Engine Initialization) Total Blueprint compile time: 0.00 seconds
[2025.10.08-00.27.19:247][  0]LogAssetRegistry: Asset discovery search completed in 4.4363 seconds
[2025.10.08-00.27.19:254][  0]LogCollectionManager: Fixed up redirectors for 0 collections in 0.000005 seconds (updated 0 objects)
[2025.10.08-00.27.19:254][  0]LogContentStreaming: Texture pool size now 1000 MB
[2025.10.08-00.27.19:307][  0]LogSlate: Took 0.000228 seconds to synchronously load lazily loaded font '../../../Engine/Content/Slate/Fonts/DroidSansMono.ttf' (77K)
[2025.10.08-00.27.19:355][  2]LogSlate: Took 0.000167 seconds to synchronously load lazily loaded font '../../../Engine/Content/Slate/Fonts/Roboto-Light.ttf' (167K)
[2025.10.08-00.27.20:872][ 89]LogSlate: Window 'Registro del mensaje' being destroyed
[2025.10.08-00.27.20:877][ 89]LogSlate: Window 'Registro del mensaje' being destroyed
[2025.10.08-00.27.29:747][619]LogUObjectHash: Compacting FUObjectHashTables data took   0.52ms
[2025.10.08-00.27.29:758][619]LogSlate: Took 0.000218 seconds to synchronously load lazily loaded font '../../../Engine/Content/Slate/Fonts/Roboto-Light.ttf' (167K)
[2025.10.08-00.27.29:776][619]LogAssetEditorSubsystem: Opening Asset editor for World /Game/Maps/MainPersistent.MainPersistent
[2025.10.08-00.27.29:776][619]Cmd: MAP LOAD FILE="../../../../../../Users/sambb/OneDrive/Documentos/GitHub/TasteOfMadness/TasteOfMadness/Content/Maps/MainPersistent.umap" TEMPLATE=0 SHOWPROGRESS=1 FEATURELEVEL=3
[2025.10.08-00.27.29:776][619]LightingResults: New page: Diseñar la iluminación
[2025.10.08-00.27.29:776][619]LoadErrors: New page: Cargando mapa: MainPersistent.umap
[2025.10.08-00.27.29:782][619]LogWorld: UWorld::CleanupWorld for MainPersistent, bSessionEnded=true, bCleanupResources=true
[2025.10.08-00.27.29:782][619]LogSlate: InvalidateAllWidgets triggered.  All widgets were invalidated
[2025.10.08-00.27.29:783][619]LogWorld: UWorld::CleanupWorld for FrancisIA, bSessionEnded=true, bCleanupResources=true
[2025.10.08-00.27.29:783][619]LogSlate: InvalidateAllWidgets triggered.  All widgets were invalidated
[2025.10.08-00.27.29:783][619]LogWorld: UWorld::CleanupWorld for ComidaVivaIA, bSessionEnded=true, bCleanupResources=true
[2025.10.08-00.27.29:783][619]LogSlate: InvalidateAllWidgets triggered.  All widgets were invalidated
[2025.10.08-00.27.29:783][619]LogWorld: UWorld::CleanupWorld for PropsSamuel, bSessionEnded=true, bCleanupResources=true
[2025.10.08-00.27.29:783][619]LogSlate: InvalidateAllWidgets triggered.  All widgets were invalidated
[2025.10.08-00.27.29:783][619]LogWorld: UWorld::CleanupWorld for PropsMichelle, bSessionEnded=true, bCleanupResources=true
[2025.10.08-00.27.29:783][619]LogSlate: InvalidateAllWidgets triggered.  All widgets were invalidated
[2025.10.08-00.27.29:783][619]LogWorld: UWorld::CleanupWorld for PropsDaniela, bSessionEnded=true, bCleanupResources=true
[2025.10.08-00.27.29:783][619]LogSlate: InvalidateAllWidgets triggered.  All widgets were invalidated
[2025.10.08-00.27.29:783][619]LogWorld: UWorld::CleanupWorld for PropsChris, bSessionEnded=true, bCleanupResources=true
[2025.10.08-00.27.29:783][619]LogSlate: InvalidateAllWidgets triggered.  All widgets were invalidated
[2025.10.08-00.27.29:783][619]LogWorld: UWorld::CleanupWorld for PropsOliver, bSessionEnded=true, bCleanupResources=true
[2025.10.08-00.27.29:783][619]LogSlate: InvalidateAllWidgets triggered.  All widgets were invalidated
[2025.10.08-00.27.29:783][619]MapCheck: New page: Revisión del mapa
[2025.10.08-00.27.29:783][619]LightingResults: New page: Diseñar la iluminación
[2025.10.08-00.27.29:786][619]LogAudio: Display: Audio Device unregistered from world 'None'.
[2025.10.08-00.27.29:791][619]LogUObjectHash: Compacting FUObjectHashTables data took   0.67ms
[2025.10.08-00.27.29:792][619]LogLinker: Warning: [AssetLog] C:\Users\sambb\OneDrive\Documentos\GitHub\TasteOfMadness\TasteOfMadness\Content\Maps\MainPersistent.umap: Failed to load '/Game/Maps/MainPersistent_BuiltData': Can't find file.
[2025.10.08-00.27.29:793][619]LogLinker: Warning: [AssetLog] C:\Users\sambb\OneDrive\Documentos\GitHub\TasteOfMadness\TasteOfMadness\Content\Maps\MainPersistent.umap: Failed to load '/Game/Maps/MainPersistent_BuiltData': Can't find file.
[2025.10.08-00.27.29:793][619]LogLinker: Warning: [AssetLog] C:\Users\sambb\OneDrive\Documentos\GitHub\TasteOfMadness\TasteOfMadness\Content\Maps\MainPersistent.umap: Failed to load '/Game/Maps/MainPersistent_BuiltData': Can't find file.
[2025.10.08-00.27.29:794][619]LogLinker: Warning: Failed to load '/Game/Maps/MainPersistent_BuiltData': Can't find file.
[2025.10.08-00.27.29:794][619]LogLinker: Warning: Failed to load '/Game/Maps/MainPersistent_BuiltData': Can't find file.
[2025.10.08-00.27.29:794][619]LogLinker: Warning: [AssetLog] C:\Users\sambb\OneDrive\Documentos\GitHub\TasteOfMadness\TasteOfMadness\Content\Maps\MainPersistent.umap: Failed to load '/Game/Maps/MainPersistent_BuiltData': Can't find file.
[2025.10.08-00.27.29:795][619]LoadErrors: Error al cargar /Game/Maps/MainPersistent_BuiltData.MainPersistent_BuiltData Referenciado por PersistentLevel
[2025.10.08-00.27.29:801][619]LogAudio: Display: Audio Device (ID: 1) registered with world 'MainPersistent'.
[2025.10.08-00.27.29:802][619]LogAIModule: Creating AISystem for world MainPersistent
[2025.10.08-00.27.29:812][619]LogStreaming: Display: ULevelStreaming::RequestLevel(/Game/Maps/PropsMichelle) is flushing async loading
[2025.10.08-00.27.29:812][619]LogStreaming: Display: FlushAsyncLoading: 1 QueuedPackages, 0 AsyncPackages
[2025.10.08-00.27.29:816][619]LogStreaming: Display: ULevelStreaming::RequestLevel(/Game/Maps/PropsSamuel) is flushing async loading
[2025.10.08-00.27.29:821][619]LogStreaming: Display: ULevelStreaming::RequestLevel(/Game/Maps/ComidaVivaIA) is flushing async loading
[2025.10.08-00.27.29:826][619]LogStreaming: Display: ULevelStreaming::RequestLevel(/Game/Maps/FrancisIA) is flushing async loading
[2025.10.08-00.27.29:826][619]LogStreaming: Error: Couldn't find file for package /Game/Maps/FrancisIA_BuiltData requested by async loading code. NameToLoad: /Game/Maps/FrancisIA_BuiltData
[2025.10.08-00.27.29:835][619]LogStreaming: Display: ULevelStreaming::RequestLevel(/Game/Maps/PropsDaniela) is flushing async loading
[2025.10.08-00.27.29:840][619]LogStreaming: Display: ULevelStreaming::RequestLevel(/Game/Maps/PropsChris) is flushing async loading
[2025.10.08-00.27.29:844][619]LogStreaming: Display: ULevelStreaming::RequestLevel(/Game/Maps/PropsOliver) is flushing async loading
[2025.10.08-00.27.29:851][619]LogEditorServer: Finished looking for orphan Actors (0.000 secs)
[2025.10.08-00.27.29:889][619]LogUObjectHash: Compacting FUObjectHashTables data took   0.63ms
[2025.10.08-00.27.29:905][619]Cmd: MAP CHECKDEP NOCLEARLOG
[2025.10.08-00.27.29:906][619]MapCheck: Map check complete: 0 Error(s), 0 Warning(s), took 0.55ms to complete.
[2025.10.08-00.27.29:906][619]LogFileHelpers: Loading map 'MainPersistent' took 0.129
[2025.10.08-00.27.29:937][619]LogUObjectHash: Compacting FUObjectHashTables data took   0.22ms
[2025.10.08-00.27.33:940][853]LogSlate: Window 'Registro del mensaje' being destroyed
[2025.10.08-00.27.33:945][853]LogSlate: Window 'Registro del mensaje' being destroyed
[2025.10.08-00.27.36:748][ 11]LogNativeClassHierarchy: Verbose: Native class hierarchy updated for 'WorldBrowser' in 0.0003 seconds. Added 2 classes and 3 folders.
[2025.10.08-00.27.49:586][779]LogNavigation: Warning: ConstructTiledNavMesh: Failed to create navmesh of size 0.
[2025.10.08-00.27.50:235][818]LogNavigation: Warning: ConstructTiledNavMesh: Failed to create navmesh of size 0.
[2025.10.08-00.27.50:884][857]LogNavigation: Warning: ConstructTiledNavMesh: Failed to create navmesh of size 0.
[2025.10.08-00.29.26:521][235]LogSlate: Window 'Niveles' being destroyed
[2025.10.08-00.29.26:527][235]LogSlate: Window 'Niveles' being destroyed
[2025.10.08-00.29.39:597][392]LogFactory: FactoryCreateFile: StaticMesh with FbxFactory (0 0 ../../../../../../Users/sambb/OneDrive/Documentos/kitchen_props.fbx)
[2025.10.08-00.29.39:621][392]LogFbx: Loading FBX Scene from ../../../../../../Users/sambb/OneDrive/Documentos/kitchen_props.fbx
[2025.10.08-00.29.39:725][392]LogFbx: FBX Scene Loaded Succesfully
[2025.10.08-00.29.42:375][392]LogSlate: Window 'Opciones de importación de FBX' being destroyed
[2025.10.08-00.29.42:395][392]LogMaterial: Display: Missing cached shadermap for milk_body in PCD3D_SM5, Default, SM5 (DDC key hash: 0F6F7109FA6991667A664D9E7156AE1B22FE3B7F), compiling. 
[2025.10.08-00.29.42:399][392]LogMaterial: Display: Missing cached shadermap for milk_secondary in PCD3D_SM5, Default, SM5 (DDC key hash: 8C9F1F3464F2DB85F501BCF44A718FB162B7FAA5), compiling. 
[2025.10.08-00.29.42:401][392]LogFbx: Display: Triangulating static mesh Cube
[2025.10.08-00.29.42:557][392]LogStaticMesh: Generando la malla estática kitchen_props_Cube...
[2025.10.08-00.29.42:635][392]LogStaticMesh: Built static mesh [0.08s] /Game/Props/Items/kitchen_props_Cube.kitchen_props_Cube
[2025.10.08-00.29.42:658][392]LogMaterial: Display: Missing cached shadermap for cream_secondary in PCD3D_SM5, Default, SM5 (DDC key hash: F227710C7D115C48E5D6DA6C10A92708FDBF331A), compiling. 
[2025.10.08-00.29.42:660][392]LogMaterial: Display: Missing cached shadermap for cream_body in PCD3D_SM5, Default, SM5 (DDC key hash: 021DD583AD80FA1FDFE85FEAC43333FF870524B5), compiling. 
[2025.10.08-00.29.42:660][392]LogFbx: Display: Triangulating static mesh Cube.001
[2025.10.08-00.29.42:715][392]LogStaticMesh: Generando la malla estática kitchen_props_Cube_001...
[2025.10.08-00.29.42:742][392]LogStaticMesh: Built static mesh [0.03s] /Game/Props/Items/kitchen_props_Cube_001.kitchen_props_Cube_001
[2025.10.08-00.29.42:754][392]LogMaterial: Display: Missing cached shadermap for garlic in PCD3D_SM5, Default, SM5 (DDC key hash: 5F94BA16052C0600CAF9F25B8D92C8EF436CBBCD), compiling. 
[2025.10.08-00.29.42:755][392]LogFbx: Display: Triangulating static mesh Cube.002
[2025.10.08-00.29.42:815][392]LogStaticMesh: Generando la malla estática kitchen_props_Cube_002...
[2025.10.08-00.29.42:846][392]LogStaticMesh: Built static mesh [0.03s] /Game/Props/Items/kitchen_props_Cube_002.kitchen_props_Cube_002
[2025.10.08-00.29.42:861][392]LogMaterial: Display: Missing cached shadermap for noodles in PCD3D_SM5, Default, SM5 (DDC key hash: 05ABEE01B1FA24651698D020626D861092A8A733), compiling. 
[2025.10.08-00.29.42:863][392]LogMaterial: Display: Missing cached shadermap for noodles_package in PCD3D_SM5, Default, SM5 (DDC key hash: 8558CBDD2426CE70827D90804040D7115DF8AE1F), compiling. 
[2025.10.08-00.29.42:864][392]LogFbx: Display: Triangulating static mesh Cube.003
[2025.10.08-00.29.45:717][392]LogUObjectHash: Compacting FUObjectHashTables data took   0.61ms
[2025.10.08-00.29.45:718][392]LogLinker: Warning: Failed to load '/Game/Props/Items/kitchen_props_Cube': Can't find file.
[2025.10.08-00.29.45:718][392]LogLinker: Warning: Failed to load '/Game/Props/Items/kitchen_props_Cube': Can't find file.
[2025.10.08-00.29.45:718][392]LogUObjectGlobals: Warning: Error al encontrar el objeto 'Object /Game/Props/Items/kitchen_props_Cube.kitchen_props_Cube'
[2025.10.08-00.29.45:718][392]LogLinker: Warning: Failed to load '/Game/Props/Items/milk_body': Can't find file.
[2025.10.08-00.29.45:719][392]LogLinker: Warning: Failed to load '/Game/Props/Items/milk_body': Can't find file.
[2025.10.08-00.29.45:719][392]LogUObjectGlobals: Warning: Error al encontrar el objeto 'Object /Game/Props/Items/milk_body.milk_body'
[2025.10.08-00.29.45:719][392]LogLinker: Warning: Failed to load '/Game/Props/Items/milk_secondary': Can't find file.
[2025.10.08-00.29.45:719][392]LogLinker: Warning: Failed to load '/Game/Props/Items/milk_secondary': Can't find file.
[2025.10.08-00.29.45:719][392]LogUObjectGlobals: Warning: Error al encontrar el objeto 'Object /Game/Props/Items/milk_secondary.milk_secondary'
[2025.10.08-00.29.45:719][392]LogLinker: Warning: Failed to load '/Game/Props/Items/kitchen_props_Cube_001': Can't find file.
[2025.10.08-00.29.45:719][392]LogLinker: Warning: Failed to load '/Game/Props/Items/kitchen_props_Cube_001': Can't find file.
[2025.10.08-00.29.45:719][392]LogUObjectGlobals: Warning: Error al encontrar el objeto 'Object /Game/Props/Items/kitchen_props_Cube_001.kitchen_props_Cube_001'
[2025.10.08-00.29.45:719][392]LogLinker: Warning: Failed to load '/Game/Props/Items/cream_secondary': Can't find file.
[2025.10.08-00.29.45:719][392]LogLinker: Warning: Failed to load '/Game/Props/Items/cream_secondary': Can't find file.
[2025.10.08-00.29.45:719][392]LogUObjectGlobals: Warning: Error al encontrar el objeto 'Object /Game/Props/Items/cream_secondary.cream_secondary'
[2025.10.08-00.29.45:719][392]LogLinker: Warning: Failed to load '/Game/Props/Items/cream_body': Can't find file.
[2025.10.08-00.29.45:719][392]LogLinker: Warning: Failed to load '/Game/Props/Items/cream_body': Can't find file.
[2025.10.08-00.29.45:719][392]LogUObjectGlobals: Warning: Error al encontrar el objeto 'Object /Game/Props/Items/cream_body.cream_body'
[2025.10.08-00.29.45:719][392]LogLinker: Warning: Failed to load '/Game/Props/Items/kitchen_props_Cube_002': Can't find file.
[2025.10.08-00.29.45:719][392]LogLinker: Warning: Failed to load '/Game/Props/Items/kitchen_props_Cube_002': Can't find file.
[2025.10.08-00.29.45:719][392]LogUObjectGlobals: Warning: Error al encontrar el objeto 'Object /Game/Props/Items/kitchen_props_Cube_002.kitchen_props_Cube_002'
[2025.10.08-00.29.45:719][392]LogLinker: Warning: Failed to load '/Game/Props/Items/garlic': Can't find file.
[2025.10.08-00.29.45:719][392]LogLinker: Warning: Failed to load '/Game/Props/Items/garlic': Can't find file.
[2025.10.08-00.29.45:719][392]LogUObjectGlobals: Warning: Error al encontrar el objeto 'Object /Game/Props/Items/garlic.garlic'
[2025.10.08-00.29.45:720][392]LogLinker: Warning: Failed to load '/Game/Props/Items/noodles': Can't find file.
[2025.10.08-00.29.45:720][392]LogLinker: Warning: Failed to load '/Game/Props/Items/noodles': Can't find file.
[2025.10.08-00.29.45:720][392]LogUObjectGlobals: Warning: Error al encontrar el objeto 'Object /Game/Props/Items/noodles.noodles'
[2025.10.08-00.29.45:720][392]LogLinker: Warning: Failed to load '/Game/Props/Items/noodles_package': Can't find file.
[2025.10.08-00.29.45:720][392]LogLinker: Warning: Failed to load '/Game/Props/Items/noodles_package': Can't find file.
[2025.10.08-00.29.45:720][392]LogUObjectGlobals: Warning: Error al encontrar el objeto 'Object /Game/Props/Items/noodles_package.noodles_package'
[2025.10.08-00.29.45:720][392]LogUObjectGlobals: Force Deleting 0 Package(s):
[2025.10.08-00.29.46:194][392]LogUObjectHash: Compacting FUObjectHashTables data took   0.22ms
[2025.10.08-00.29.46:214][392]FBXImport: Warning: No smoothing group information was found in this FBX scene.  Please make sure to enable the 'Export Smoothing Groups' option in the FBX Exporter plug-in before exporting the file.  Even for tools that don't support smoothing groups, the FBX Exporter will generate appropriate smoothing data at export-time so that correct vertex normals can be inferred while importing. 
[2025.10.08-00.29.46:216][392]FBXImport: Import was canceled. 
[2025.10.08-00.29.46:243][392]LogAssetTools: The import task was canceled.
[2025.10.08-00.29.48:677][537]LogSlate: Window 'Registro del mensaje' being destroyed
[2025.10.08-00.29.48:682][537]LogSlate: Window 'Registro del mensaje' being destroyed
[2025.10.08-00.30.10:171][550]LogFactory: FactoryCreateFile: StaticMesh with FbxFactory (0 0 ../../../../../../Users/sambb/OneDrive/Documentos/kitchen_props.fbx)
[2025.10.08-00.30.10:194][550]LogFbx: Loading FBX Scene from ../../../../../../Users/sambb/OneDrive/Documentos/kitchen_props.fbx
[2025.10.08-00.30.10:291][550]LogFbx: FBX Scene Loaded Succesfully
[2025.10.08-00.30.11:435][550]LogSlate: Window 'Opciones de importación de FBX' being destroyed
[2025.10.08-00.30.11:463][550]LogMaterial: Display: Missing cached shadermap for milk_body in PCD3D_SM5, Default, SM5 (DDC key hash: 1B111A36434E01C92E0EE1A54D03EA3A8F558C4D), compiling. 
[2025.10.08-00.30.11:465][550]LogMaterial: Display: Missing cached shadermap for milk_secondary in PCD3D_SM5, Default, SM5 (DDC key hash: 076F58E5FB899AC701AD8459A5FDBF6C58CF33B0), compiling. 
[2025.10.08-00.30.11:467][550]LogFbx: Display: Triangulating static mesh Cube
[2025.10.08-00.30.11:617][550]LogStaticMesh: Generando la malla estática kitchen_props_Cube...
[2025.10.08-00.30.11:690][550]LogStaticMesh: Built static mesh [0.07s] /Game/Props/Items/kitchen_props_Cube.kitchen_props_Cube
[2025.10.08-00.30.11:713][550]LogMaterial: Display: Missing cached shadermap for cream_secondary in PCD3D_SM5, Default, SM5 (DDC key hash: D48C84C65522A492F71A635B50D106AF17113600), compiling. 
[2025.10.08-00.30.11:715][550]LogMaterial: Display: Missing cached shadermap for cream_body in PCD3D_SM5, Default, SM5 (DDC key hash: 67C40D3D7D7DCD182CA9E97A2B47B885C2A7A54D), compiling. 
[2025.10.08-00.30.11:716][550]LogFbx: Display: Triangulating static mesh Cube.001
[2025.10.08-00.30.11:772][550]LogStaticMesh: Generando la malla estática kitchen_props_Cube_001...
[2025.10.08-00.30.11:803][550]LogStaticMesh: Built static mesh [0.03s] /Game/Props/Items/kitchen_props_Cube_001.kitchen_props_Cube_001
[2025.10.08-00.30.11:814][550]LogMaterial: Display: Missing cached shadermap for garlic in PCD3D_SM5, Default, SM5 (DDC key hash: A02B0F9320858D9F58826567C92D47B37BCB07D9), compiling. 
[2025.10.08-00.30.11:815][550]LogFbx: Display: Triangulating static mesh Cube.002
[2025.10.08-00.30.11:878][550]LogStaticMesh: Generando la malla estática kitchen_props_Cube_002...
[2025.10.08-00.30.11:910][550]LogStaticMesh: Built static mesh [0.03s] /Game/Props/Items/kitchen_props_Cube_002.kitchen_props_Cube_002
[2025.10.08-00.30.11:925][550]LogMaterial: Display: Missing cached shadermap for noodles in PCD3D_SM5, Default, SM5 (DDC key hash: 43A7DA57AA9FFC8A5224F242A22CB51CFB64B170), compiling. 
[2025.10.08-00.30.11:928][550]LogMaterial: Display: Missing cached shadermap for noodles_package in PCD3D_SM5, Default, SM5 (DDC key hash: 32179C61AA6B8467E6E22D9D2732750F0D7BD0C2), compiling. 
[2025.10.08-00.30.11:929][550]LogFbx: Display: Triangulating static mesh Cube.003
[2025.10.08-00.30.15:385][550]LogStaticMesh: Generando la malla estática kitchen_props_Cube_003...
[2025.10.08-00.30.17:115][550]LogStaticMesh: Built static mesh [1.73s] /Game/Props/Items/kitchen_props_Cube_003.kitchen_props_Cube_003
[2025.10.08-00.30.17:322][550]LogMaterial: Display: Missing cached shadermap for potato in PCD3D_SM5, Default, SM5 (DDC key hash: 8EEB9A9064D9BC5F3BE37F36F14B4F764433417B), compiling. 
[2025.10.08-00.30.17:323][550]LogFbx: Display: Triangulating static mesh Cube.004
[2025.10.08-00.30.17:350][550]LogStaticMesh: Generando la malla estática kitchen_props_Cube_004...
[2025.10.08-00.30.17:362][550]LogStaticMesh: Built static mesh [0.01s] /Game/Props/Items/kitchen_props_Cube_004.kitchen_props_Cube_004
[2025.10.08-00.30.17:369][550]LogMaterial: Display: Missing cached shadermap for corn in PCD3D_SM5, Default, SM5 (DDC key hash: 5BA9D561A5AEA27C0C06E4F757303F845A79D08B), compiling. 
[2025.10.08-00.30.17:371][550]LogFbx: Display: Triangulating static mesh Cube.005
[2025.10.08-00.30.19:414][550]LogStaticMesh: Generando la malla estática kitchen_props_Cube_005...
[2025.10.08-00.30.20:319][550]LogStaticMesh: Built static mesh [0.91s] /Game/Props/Items/kitchen_props_Cube_005.kitchen_props_Cube_005
[2025.10.08-00.30.20:549][550]LogMaterial: Display: Missing cached shadermap for butter in PCD3D_SM5, Default, SM5 (DDC key hash: 5F03CBE6AC0864AB78C5E68F8D5D51686A6E933D), compiling. 
[2025.10.08-00.30.20:550][550]LogFbx: Display: Triangulating static mesh Cube.006
[2025.10.08-00.30.20:611][550]LogStaticMesh: Generando la malla estática kitchen_props_Cube_006...
[2025.10.08-00.30.20:636][550]LogStaticMesh: Built static mesh [0.03s] /Game/Props/Items/kitchen_props_Cube_006.kitchen_props_Cube_006
[2025.10.08-00.30.20:648][550]LogMaterial: Display: Missing cached shadermap for cheese_main in PCD3D_SM5, Default, SM5 (DDC key hash: F4653D883F72C69728DE5FE3D7283B4F7299DA47), compiling. 
[2025.10.08-00.30.20:650][550]LogMaterial: Display: Missing cached shadermap for cheese_interior in PCD3D_SM5, Default, SM5 (DDC key hash: 7FE9A0AAD74D8E61699C62FDC2C6F5AA490EB608), compiling. 
[2025.10.08-00.30.20:651][550]LogFbx: Display: Triangulating static mesh Cube.007
[2025.10.08-00.30.20:715][550]LogStaticMesh: Generando la malla estática kitchen_props_Cube_007...
[2025.10.08-00.30.20:748][550]LogStaticMesh: Built static mesh [0.03s] /Game/Props/Items/kitchen_props_Cube_007.kitchen_props_Cube_007
[2025.10.08-00.30.20:766][550]LogMaterial: Display: Missing cached shadermap for squash_main in PCD3D_SM5, Default, SM5 (DDC key hash: 4118BB42CFF3D638577D7145072B3DE8E876FCD4), compiling. 
[2025.10.08-00.30.20:768][550]LogMaterial: Display: Missing cached shadermap for squash_secondary in PCD3D_SM5, Default, SM5 (DDC key hash: 17D2631F24BAC1EEFF25DA5338C2D8375448BCE1), compiling. 
[2025.10.08-00.30.20:769][550]LogFbx: Display: Triangulating static mesh Cube.008
[2025.10.08-00.30.20:864][550]LogStaticMesh: Generando la malla estática kitchen_props_Cube_008...
[2025.10.08-00.30.20:906][550]LogStaticMesh: Built static mesh [0.04s] /Game/Props/Items/kitchen_props_Cube_008.kitchen_props_Cube_008
[2025.10.08-00.30.20:924][550]LogMaterial: Display: Missing cached shadermap for egg in PCD3D_SM5, Default, SM5 (DDC key hash: C61AA2388FEFE7E57D896B9CF3750D9E6699C4E4), compiling. 
[2025.10.08-00.30.20:925][550]LogFbx: Display: Triangulating static mesh Sphere
[2025.10.08-00.30.21:004][550]LogStaticMesh: Generando la malla estática kitchen_props_Sphere...
[2025.10.08-00.30.21:048][550]LogStaticMesh: Built static mesh [0.04s] /Game/Props/Items/kitchen_props_Sphere.kitchen_props_Sphere
[2025.10.08-00.30.21:350][550]FBXImport: Warning: No smoothing group information was found in this FBX scene.  Please make sure to enable the 'Export Smoothing Groups' option in the FBX Exporter plug-in before exporting the file.  Even for tools that don't support smoothing groups, the FBX Exporter will generate appropriate smoothing data at export-time so that correct vertex normals can be inferred while importing. 
[2025.10.08-00.30.21:445][551]LogShaderCompilers: Display: Submitted 2 shader compile jobs with 'ForceLocal' priority
[2025.10.08-00.30.21:451][552]LogShaderCompilers: Display: Worker (1/13): shaders left to compile 2
[2025.10.08-00.30.21:451][552]LogShaderCompilers: Display: Worker (2/13): shaders left to compile 1
[2025.10.08-00.30.21:451][552]LogShaderCompilers: Display: Started 2 'Local' shader compile jobs with 'ForceLocal' priority
[2025.10.08-00.30.21:467][552]LogShaderCompilers: Display: Submitted 14 shader compile jobs with 'Normal' priority
[2025.10.08-00.30.21:479][552]LogShaderCompilers: Display: Submitted 2 shader compile jobs with 'ForceLocal' priority
[2025.10.08-00.30.21:485][552]LogShaderCompilers: Display: Submitted 14 shader compile jobs with 'Normal' priority
[2025.10.08-00.30.21:486][552]LogShaderCompilers: Display: Worker (3/13): shaders left to compile 2
[2025.10.08-00.30.21:486][552]LogShaderCompilers: Display: Worker (4/13): shaders left to compile 1
[2025.10.08-00.30.21:486][552]LogShaderCompilers: Display: Worker (5/13): shaders left to compile 28
[2025.10.08-00.30.21:486][552]LogShaderCompilers: Display: Worker (6/13): shaders left to compile 25
[2025.10.08-00.30.21:486][552]LogShaderCompilers: Display: Worker (7/13): shaders left to compile 22
[2025.10.08-00.30.21:486][552]LogShaderCompilers: Display: Worker (8/13): shaders left to compile 19
[2025.10.08-00.30.21:486][552]LogShaderCompilers: Display: Worker (9/13): shaders left to compile 16
[2025.10.08-00.30.21:486][552]LogShaderCompilers: Display: Worker (10/13): shaders left to compile 13
[2025.10.08-00.30.21:486][552]LogShaderCompilers: Display: Worker (11/13): shaders left to compile 10
[2025.10.08-00.30.21:486][552]LogShaderCompilers: Display: Worker (12/13): shaders left to compile 7
[2025.10.08-00.30.21:486][552]LogShaderCompilers: Display: Started 24 'Local' shader compile jobs with 'Normal' priority
[2025.10.08-00.30.21:486][552]LogShaderCompilers: Display: Started 2 'Local' shader compile jobs with 'ForceLocal' priority
[2025.10.08-00.30.21:492][552]LogShaderCompilers: Display: Submitted 2 shader compile jobs with 'ForceLocal' priority
[2025.10.08-00.30.21:500][552]LogShaderCompilers: Display: Submitted 14 shader compile jobs with 'Normal' priority
[2025.10.08-00.30.21:509][552]LogShaderCompilers: Display: Submitted 2 shader compile jobs with 'ForceLocal' priority
[2025.10.08-00.30.21:516][552]LogShaderCompilers: Display: Submitted 14 shader compile jobs with 'Normal' priority
[2025.10.08-00.30.21:523][552]LogShaderCompilers: Display: Submitted 2 shader compile jobs with 'ForceLocal' priority
[2025.10.08-00.30.21:529][552]LogShaderCompilers: Display: Submitted 14 shader compile jobs with 'Normal' priority
[2025.10.08-00.30.21:551][552]LogShaderCompilers: Display: Submitted 2 shader compile jobs with 'ForceLocal' priority
[2025.10.08-00.30.21:559][552]LogShaderCompilers: Display: Submitted 14 shader compile jobs with 'Normal' priority
[2025.10.08-00.30.21:564][552]LogShaderCompilers: Display: Submitted 2 shader compile jobs with 'ForceLocal' priority
[2025.10.08-00.30.21:573][552]LogShaderCompilers: Display: Submitted 14 shader compile jobs with 'Normal' priority
[2025.10.08-00.30.21:787][554]LogShaderCompilers: Display: Submitted 2 shader compile jobs with 'ForceLocal' priority
[2025.10.08-00.30.21:801][555]LogShaderCompilers: Display: Submitted 14 shader compile jobs with 'Normal' priority
[2025.10.08-00.30.21:817][556]LogShaderCompilers: Display: Submitted 2 shader compile jobs with 'ForceLocal' priority
[2025.10.08-00.30.21:823][556]LogShaderCompilers: Display: Submitted 14 shader compile jobs with 'Normal' priority
[2025.10.08-00.30.21:831][556]LogShaderCompilers: Display: Submitted 2 shader compile jobs with 'ForceLocal' priority
[2025.10.08-00.30.21:842][556]LogShaderCompilers: Display: Submitted 14 shader compile jobs with 'Normal' priority
[2025.10.08-00.30.21:851][556]LogShaderCompilers: Display: Submitted 2 shader compile jobs with 'ForceLocal' priority
[2025.10.08-00.30.21:866][556]LogShaderCompilers: Display: Submitted 14 shader compile jobs with 'Normal' priority
[2025.10.08-00.30.21:883][556]LogShaderCompilers: Display: Submitted 2 shader compile jobs with 'ForceLocal' priority
[2025.10.08-00.30.21:886][556]LogShaderCompilers: Display: Submitted 2 shader compile jobs with 'ForceLocal' priority
[2025.10.08-00.30.21:896][556]LogShaderCompilers: Display: Submitted 14 shader compile jobs with 'Normal' priority
[2025.10.08-00.30.21:909][556]LogShaderCompilers: Display: Submitted 14 shader compile jobs with 'Normal' priority
[2025.10.08-00.30.21:920][556]LogShaderCompilers: Display: Submitted 2 shader compile jobs with 'ForceLocal' priority
[2025.10.08-00.30.21:936][556]LogShaderCompilers: Display: Submitted 14 shader compile jobs with 'Normal' priority
[2025.10.08-00.30.21:948][556]LogShaderCompilers: Display: Submitted 2 shader compile jobs with 'ForceLocal' priority
[2025.10.08-00.30.21:959][556]LogShaderCompilers: Display: Submitted 14 shader compile jobs with 'Normal' priority
[2025.10.08-00.30.21:995][556]LogShaderCompilers: Display: Worker (2/13): shaders left to compile 26
[2025.10.08-00.30.21:995][556]LogShaderCompilers: Display: Started 3 'Local' shader compile jobs with 'ForceLocal' priority
[2025.10.08-00.30.22:039][556]LogShaderCompilers: Display: === FShaderJobCache stats ===
[2025.10.08-00.30.22:039][556]LogShaderCompilers: Display: Total job queries 240, among them cache hits 0 (0.00%)
[2025.10.08-00.30.22:039][556]LogShaderCompilers: Display: Tracking 1 distinct input hashes that result in 1 distinct outputs (100.00%)
[2025.10.08-00.30.22:039][556]LogShaderCompilers: Display: RAM used: 0.00 MB (0.00 GB) of 819.20 MB (0.80 GB) budget. Usage: 0.00%
[2025.10.08-00.30.22:039][556]LogShaderCompilers: Display: ================================================
[2025.10.08-00.30.22:064][558]LogShaderCompilers: Display: Worker (4/13): shaders left to compile 23
[2025.10.08-00.30.22:064][558]LogShaderCompilers: Display: Started 2 'Local' shader compile jobs with 'ForceLocal' priority
[2025.10.08-00.30.22:215][567]LogShaderCompilers: Display: Worker (3/13): shaders left to compile 21
[2025.10.08-00.30.22:215][567]LogShaderCompilers: Display: Started 2 'Local' shader compile jobs with 'ForceLocal' priority
[2025.10.08-00.30.22:231][568]LogShaderCompilers: Display: Worker (1/13): shaders left to compile 19
[2025.10.08-00.30.22:231][568]LogShaderCompilers: Display: Started 2 'Local' shader compile jobs with 'ForceLocal' priority
[2025.10.08-00.30.22:710][593]LogShaderCompilers: Display: Worker (5/13): shaders left to compile 17
[2025.10.08-00.30.22:710][593]LogShaderCompilers: Display: Started 2 'Local' shader compile jobs with 'ForceLocal' priority
[2025.10.08-00.30.23:074][603]LogShaderCompilers: Display: Worker (7/13): shaders left to compile 15
[2025.10.08-00.30.23:074][603]LogShaderCompilers: Display: Started 2 'Local' shader compile jobs with 'ForceLocal' priority
[2025.10.08-00.30.23:175][608]LogShaderCompilers: Display: Worker (9/13): shaders left to compile 13
[2025.10.08-00.30.23:175][608]LogShaderCompilers: Display: Started 2 'Local' shader compile jobs with 'ForceLocal' priority
[2025.10.08-00.30.23:290][615]LogShaderCompilers: Display: Worker (10/13): shaders left to compile 11
[2025.10.08-00.30.23:290][615]LogShaderCompilers: Display: Started 1 'Local' shader compile jobs with 'ForceLocal' priority
[2025.10.08-00.30.23:310][616]LogShaderCompilers: Display: Worker (4/13): shaders left to compile 10
[2025.10.08-00.30.23:310][616]LogShaderCompilers: Display: Started 1 'Local' shader compile jobs with 'ForceLocal' priority
[2025.10.08-00.30.23:310][616]LogShaderCompilers: Display: Worker (3/13): shaders left to compile 9
[2025.10.08-00.30.23:310][616]LogShaderCompilers: Display: Started 1 'Local' shader compile jobs with 'ForceLocal' priority
[2025.10.08-00.30.23:345][618]LogShaderCompilers: Display: Worker (1/13): shaders left to compile 8
[2025.10.08-00.30.23:345][618]LogShaderCompilers: Display: Started 1 'Local' shader compile jobs with 'ForceLocal' priority
[2025.10.08-00.30.23:649][635]LogShaderCompilers: Display: Worker (8/13): shaders left to compile 7
[2025.10.08-00.30.23:649][635]LogShaderCompilers: Display: Started 1 'Local' shader compile jobs with 'ForceLocal' priority
[2025.10.08-00.30.23:794][642]LogShaderCompilers: Display: Worker (11/13): shaders left to compile 6
[2025.10.08-00.30.23:794][642]LogShaderCompilers: Display: Started 1 'Local' shader compile jobs with 'ForceLocal' priority
[2025.10.08-00.30.23:811][643]LogShaderCompilers: Display: Worker (10/13): shaders left to compile 5
[2025.10.08-00.30.23:811][643]LogShaderCompilers: Display: Started 1 'Local' shader compile jobs with 'ForceLocal' priority
[2025.10.08-00.30.23:877][646]LogShaderCompilers: Display: Worker (3/13): shaders left to compile 4
[2025.10.08-00.30.23:877][646]LogShaderCompilers: Display: Started 1 'Local' shader compile jobs with 'ForceLocal' priority
[2025.10.08-00.30.23:893][647]LogShaderCompilers: Display: Worker (2/13): shaders left to compile 3
[2025.10.08-00.30.23:893][647]LogShaderCompilers: Display: Worker (5/13): shaders left to compile 2
[2025.10.08-00.30.23:893][647]LogShaderCompilers: Display: Started 2 'Local' shader compile jobs with 'ForceLocal' priority
[2025.10.08-00.30.23:964][651]LogShaderCompilers: Display: Worker (6/13): shaders left to compile 1
[2025.10.08-00.30.23:964][651]LogShaderCompilers: Display: Started 1 'Local' shader compile jobs with 'ForceLocal' priority
[2025.10.08-00.30.24:034][655]LogShaderCompilers: Display: Worker (4/13): shaders left to compile 186
[2025.10.08-00.30.24:034][655]LogShaderCompilers: Display: Started 10 'Local' shader compile jobs with 'Normal' priority
[2025.10.08-00.30.24:053][656]LogShaderCompilers: Display: Worker (1/13): shaders left to compile 176
[2025.10.08-00.30.24:053][656]LogShaderCompilers: Display: Worker (12/13): shaders left to compile 166
[2025.10.08-00.30.24:053][656]LogShaderCompilers: Display: Started 20 'Local' shader compile jobs with 'Normal' priority
[2025.10.08-00.30.24:177][663]LogShaderCompilers: Display: Worker (8/13): shaders left to compile 156
[2025.10.08-00.30.24:177][663]LogShaderCompilers: Display: Started 10 'Local' shader compile jobs with 'Normal' priority
[2025.10.08-00.30.24:392][676]LogShaderCompilers: Display: Worker (7/13): shaders left to compile 146
[2025.10.08-00.30.24:392][676]LogShaderCompilers: Display: Started 10 'Local' shader compile jobs with 'Normal' priority
[2025.10.08-00.30.24:392][676]LogShaderCompilers: Display: Worker (2/13): shaders left to compile 136
[2025.10.08-00.30.24:392][676]LogShaderCompilers: Display: Worker (9/13): shaders left to compile 126
[2025.10.08-00.30.24:392][676]LogShaderCompilers: Display: Worker (10/13): shaders left to compile 116
[2025.10.08-00.30.24:392][676]LogShaderCompilers: Display: Started 30 'Local' shader compile jobs with 'Normal' priority
[2025.10.08-00.30.24:457][680]LogShaderCompilers: Display: Worker (6/13): shaders left to compile 106
[2025.10.08-00.30.24:457][680]LogShaderCompilers: Display: Started 9 'Local' shader compile jobs with 'Normal' priority
[2025.10.08-00.30.24:507][683]LogShaderCompilers: Display: Worker (11/13): shaders left to compile 97
[2025.10.08-00.30.24:507][683]LogShaderCompilers: Display: Started 9 'Local' shader compile jobs with 'Normal' priority
[2025.10.08-00.30.24:583][687]LogShaderCompilers: Display: Worker (3/13): shaders left to compile 88
[2025.10.08-00.30.24:583][687]LogShaderCompilers: Display: Started 8 'Local' shader compile jobs with 'Normal' priority
[2025.10.08-00.30.24:583][687]LogSlate: Window 'Registro del mensaje' being destroyed
[2025.10.08-00.30.24:593][687]LogSlate: Window 'Registro del mensaje' being destroyed
[2025.10.08-00.30.24:618][688]LogShaderCompilers: Display: Worker (5/13): shaders left to compile 80
[2025.10.08-00.30.24:619][688]LogShaderCompilers: Display: Started 7 'Local' shader compile jobs with 'Normal' priority
[2025.10.08-00.30.28:373][849]LogShaderCompilers: Display: Worker (5/13): shaders left to compile 73
[2025.10.08-00.30.28:373][849]LogShaderCompilers: Display: Started 7 'Local' shader compile jobs with 'Normal' priority
[2025.10.08-00.30.29:003][876]LogShaderCompilers: Display: Worker (6/13): shaders left to compile 66
[2025.10.08-00.30.29:003][876]LogShaderCompilers: Display: Started 6 'Local' shader compile jobs with 'Normal' priority
[2025.10.08-00.30.29:085][880]LogShaderCompilers: Display: Worker (3/13): shaders left to compile 60
[2025.10.08-00.30.29:085][880]LogShaderCompilers: Display: Started 6 'Local' shader compile jobs with 'Normal' priority
[2025.10.08-00.30.29:272][889]LogShaderCompilers: Display: Worker (7/13): shaders left to compile 54
[2025.10.08-00.30.29:272][889]LogShaderCompilers: Display: Started 5 'Local' shader compile jobs with 'Normal' priority
[2025.10.08-00.30.29:509][900]LogShaderCompilers: Display: Worker (12/13): shaders left to compile 49
[2025.10.08-00.30.29:509][900]LogShaderCompilers: Display: Started 5 'Local' shader compile jobs with 'Normal' priority
[2025.10.08-00.30.29:715][909]LogShaderCompilers: Display: Worker (8/13): shaders left to compile 44
[2025.10.08-00.30.29:715][909]LogShaderCompilers: Display: Started 4 'Local' shader compile jobs with 'Normal' priority
[2025.10.08-00.30.29:730][910]LogShaderCompilers: Display: Worker (11/13): shaders left to compile 40
[2025.10.08-00.30.29:730][910]LogShaderCompilers: Display: Started 4 'Local' shader compile jobs with 'Normal' priority
[2025.10.08-00.30.29:780][912]LogShaderCompilers: Display: Worker (1/13): shaders left to compile 36
[2025.10.08-00.30.29:780][912]LogShaderCompilers: Display: Started 4 'Local' shader compile jobs with 'Normal' priority
[2025.10.08-00.30.29:791][913]LogShaderCompilers: Display: Worker (2/13): shaders left to compile 32
[2025.10.08-00.30.29:791][913]LogShaderCompilers: Display: Started 3 'Local' shader compile jobs with 'Normal' priority
[2025.10.08-00.30.29:854][916]LogShaderCompilers: Display: Worker (4/13): shaders left to compile 29
[2025.10.08-00.30.29:854][916]LogShaderCompilers: Display: Started 3 'Local' shader compile jobs with 'Normal' priority
[2025.10.08-00.30.30:364][937]LogShaderCompilers: Display: Worker (9/13): shaders left to compile 26
[2025.10.08-00.30.30:364][937]LogShaderCompilers: Display: Started 3 'Local' shader compile jobs with 'Normal' priority
[2025.10.08-00.30.30:574][946]LogShaderCompilers: Display: Worker (10/13): shaders left to compile 23
[2025.10.08-00.30.30:574][946]LogShaderCompilers: Display: Started 2 'Local' shader compile jobs with 'Normal' priority
[2025.10.08-00.30.31:168][971]LogShaderCompilers: Display: Worker (2/13): shaders left to compile 21
[2025.10.08-00.30.31:168][971]LogShaderCompilers: Display: Started 2 'Local' shader compile jobs with 'Normal' priority
[2025.10.08-00.30.31:388][980]LogShaderCompilers: Display: Worker (12/13): shaders left to compile 19
[2025.10.08-00.30.31:388][980]LogShaderCompilers: Display: Started 2 'Local' shader compile jobs with 'Normal' priority
[2025.10.08-00.30.31:794][995]LogShaderCompilers: Display: Worker (9/13): shaders left to compile 17
[2025.10.08-00.30.31:794][995]LogShaderCompilers: Display: Started 2 'Local' shader compile jobs with 'Normal' priority
[2025.10.08-00.30.31:811][996]LogShaderCompilers: Display: Worker (2/13): shaders left to compile 15
[2025.10.08-00.30.31:812][996]LogShaderCompilers: Display: Started 2 'Local' shader compile jobs with 'Normal' priority
[2025.10.08-00.30.31:956][  2]LogShaderCompilers: Display: Worker (11/13): shaders left to compile 13
[2025.10.08-00.30.31:956][  2]LogShaderCompilers: Display: Started 2 'Local' shader compile jobs with 'Normal' priority
[2025.10.08-00.30.32:009][  5]LogShaderCompilers: Display: Worker (7/13): shaders left to compile 11
[2025.10.08-00.30.32:009][  5]LogShaderCompilers: Display: Started 1 'Local' shader compile jobs with 'Normal' priority
[2025.10.08-00.30.32:067][  7]LogShaderCompilers: Display: Worker (1/13): shaders left to compile 10
[2025.10.08-00.30.32:067][  7]LogShaderCompilers: Display: Started 1 'Local' shader compile jobs with 'Normal' priority
[2025.10.08-00.30.32:136][ 10]LogShaderCompilers: Display: Worker (4/13): shaders left to compile 9
[2025.10.08-00.30.32:136][ 10]LogShaderCompilers: Display: Started 1 'Local' shader compile jobs with 'Normal' priority
[2025.10.08-00.30.32:261][ 15]LogShaderCompilers: Display: Worker (5/13): shaders left to compile 8
[2025.10.08-00.30.32:261][ 15]LogShaderCompilers: Display: Started 1 'Local' shader compile jobs with 'Normal' priority
[2025.10.08-00.30.32:328][ 18]LogShaderCompilers: Display: Worker (10/13): shaders left to compile 7
[2025.10.08-00.30.32:328][ 18]LogShaderCompilers: Display: Started 1 'Local' shader compile jobs with 'Normal' priority
[2025.10.08-00.30.32:464][ 24]LogShaderCompilers: Display: Worker (8/13): shaders left to compile 6
[2025.10.08-00.30.32:464][ 24]LogShaderCompilers: Display: Started 1 'Local' shader compile jobs with 'Normal' priority
[2025.10.08-00.30.32:496][ 25]LogShaderCompilers: Display: Worker (9/13): shaders left to compile 5
[2025.10.08-00.30.32:496][ 25]LogShaderCompilers: Display: Started 1 'Local' shader compile jobs with 'Normal' priority
[2025.10.08-00.30.32:549][ 28]LogShaderCompilers: Display: Worker (3/13): shaders left to compile 4
[2025.10.08-00.30.32:549][ 28]LogShaderCompilers: Display: Worker (12/13): shaders left to compile 3
[2025.10.08-00.30.32:549][ 28]LogShaderCompilers: Display: Started 2 'Local' shader compile jobs with 'Normal' priority
[2025.10.08-00.30.32:585][ 29]LogShaderCompilers: Display: Worker (6/13): shaders left to compile 2
[2025.10.08-00.30.32:585][ 29]LogShaderCompilers: Display: Started 1 'Local' shader compile jobs with 'Normal' priority
[2025.10.08-00.30.32:585][ 29]LogShaderCompilers: Display: Worker (1/13): shaders left to compile 1
[2025.10.08-00.30.32:585][ 29]LogShaderCompilers: Display: Started 1 'Local' shader compile jobs with 'Normal' priority
[2025.10.08-00.30.36:344][249]LogContentBrowser: Attempting asset rename: butter -> M_Butter
[2025.10.08-00.30.36:414][249]Cmd: OBJ SAVEPACKAGE PACKAGE="/Game/Props/Items/M_Butter" FILE="../../../../../../Users/sambb/OneDrive/Documentos/GitHub/TasteOfMadness/TasteOfMadness/Content/Props/Items/M_Butter.uasset" SILENT=true
[2025.10.08-00.30.36:419][249]LogSavePackage: Moving '../../../../../../Users/sambb/OneDrive/Documentos/GitHub/TasteOfMadness/TasteOfMadness/Saved/M_ButterBD0A9998490981295551C28597E1738E.tmp' to '../../../../../../Users/sambb/OneDrive/Documentos/GitHub/TasteOfMadness/TasteOfMadness/Content/Props/Items/M_Butter.uasset'
[2025.10.08-00.30.36:478][249]LogUObjectHash: Compacting FUObjectHashTables data took   0.55ms
[2025.10.08-00.30.36:491][249]LogUObjectHash: Compacting FUObjectHashTables data took   0.53ms
[2025.10.08-00.30.36:495][249]LogUObjectHash: Compacting FUObjectHashTables data took   0.25ms
[2025.10.08-00.30.36:523][249]AssetCheck: New page: Asset Save: M_Butter
[2025.10.08-00.30.36:523][249]LogContentValidation: Display: Validating Material /Game/Props/Items/M_Butter.M_Butter
[2025.10.08-00.30.45:118][764]LogContentBrowser: Attempting asset rename: cheese_interior -> M_CheeseInterior
[2025.10.08-00.30.45:185][764]LogSavePackage: Moving '../../../../../../Users/sambb/OneDrive/Documentos/GitHub/TasteOfMadness/TasteOfMadness/Saved/M_CheeseInterior571C8A5C47155FBEB3445DBAF2B7C8C3.tmp' to '../../../../../../Users/sambb/OneDrive/Documentos/GitHub/TasteOfMadness/TasteOfMadness/Content/Props/Items/M_CheeseInterior.uasset'
[2025.10.08-00.30.45:247][764]LogUObjectHash: Compacting FUObjectHashTables data took   0.28ms
[2025.10.08-00.30.45:260][764]LogUObjectHash: Compacting FUObjectHashTables data took   0.36ms
[2025.10.08-00.30.45:263][764]LogUObjectHash: Compacting FUObjectHashTables data took   0.28ms
[2025.10.08-00.30.45:290][764]AssetCheck: New page: Asset Save: M_CheeseInterior
[2025.10.08-00.30.45:290][764]LogContentValidation: Display: Validating Material /Game/Props/Items/M_CheeseInterior.M_CheeseInterior
[2025.10.08-00.31.03:321][846]LogContentBrowser: Attempting asset rename: cheese_main -> M_CheeseMain
[2025.10.08-00.31.03:393][846]LogSavePackage: Moving '../../../../../../Users/sambb/OneDrive/Documentos/GitHub/TasteOfMadness/TasteOfMadness/Saved/M_CheeseMainFEB62A1D4851849BDA7F5482DE63AE18.tmp' to '../../../../../../Users/sambb/OneDrive/Documentos/GitHub/TasteOfMadness/TasteOfMadness/Content/Props/Items/M_CheeseMain.uasset'
[2025.10.08-00.31.03:451][846]LogUObjectHash: Compacting FUObjectHashTables data took   0.22ms
[2025.10.08-00.31.03:462][846]LogUObjectHash: Compacting FUObjectHashTables data took   0.38ms
[2025.10.08-00.31.03:465][846]LogUObjectHash: Compacting FUObjectHashTables data took   0.22ms
[2025.10.08-00.31.03:491][846]AssetCheck: New page: Asset Save: M_CheeseMain
[2025.10.08-00.31.03:491][846]LogContentValidation: Display: Validating Material /Game/Props/Items/M_CheeseMain.M_CheeseMain
[2025.10.08-00.31.11:197][303]LogContentBrowser: Attempting asset rename: corn -> M_Corn
[2025.10.08-00.31.11:255][303]Cmd: OBJ SAVEPACKAGE PACKAGE="/Game/Props/Items/M_Corn" FILE="../../../../../../Users/sambb/OneDrive/Documentos/GitHub/TasteOfMadness/TasteOfMadness/Content/Props/Items/M_Corn.uasset" SILENT=true
[2025.10.08-00.31.11:260][303]LogSavePackage: Moving '../../../../../../Users/sambb/OneDrive/Documentos/GitHub/TasteOfMadness/TasteOfMadness/Saved/M_Corn54B01AAC449C184DA6E5C99FC7FF3F3F.tmp' to '../../../../../../Users/sambb/OneDrive/Documentos/GitHub/TasteOfMadness/TasteOfMadness/Content/Props/Items/M_Corn.uasset'
[2025.10.08-00.31.11:319][303]LogUObjectHash: Compacting FUObjectHashTables data took   0.24ms
[2025.10.08-00.31.11:330][303]LogUObjectHash: Compacting FUObjectHashTables data took   0.40ms
[2025.10.08-00.31.11:333][303]LogUObjectHash: Compacting FUObjectHashTables data took   0.24ms
[2025.10.08-00.31.11:361][303]AssetCheck: New page: Asset Save: M_Corn
[2025.10.08-00.31.11:361][303]LogContentValidation: Display: Validating Material /Game/Props/Items/M_Corn.M_Corn
[2025.10.08-00.31.23:274][ 18]LogContentBrowser: Attempting asset rename: cream_body -> M_CreamBody
[2025.10.08-00.31.23:346][ 18]LogSavePackage: Moving '../../../../../../Users/sambb/OneDrive/Documentos/GitHub/TasteOfMadness/TasteOfMadness/Saved/M_CreamBodyBAD98CA24F58DC5309F694B1F7F040B2.tmp' to '../../../../../../Users/sambb/OneDrive/Documentos/GitHub/TasteOfMadness/TasteOfMadness/Content/Props/Items/M_CreamBody.uasset'
[2025.10.08-00.31.23:407][ 18]LogUObjectHash: Compacting FUObjectHashTables data took   0.32ms
[2025.10.08-00.31.23:416][ 18]LogUObjectHash: Compacting FUObjectHashTables data took   0.39ms
[2025.10.08-00.31.23:421][ 18]LogUObjectHash: Compacting FUObjectHashTables data took   0.22ms
[2025.10.08-00.31.23:447][ 18]AssetCheck: New page: Asset Save: M_CreamBody
[2025.10.08-00.31.23:447][ 18]LogContentValidation: Display: Validating Material /Game/Props/Items/M_CreamBody.M_CreamBody
[2025.10.08-00.31.33:334][608]LogContentBrowser: Attempting asset rename: cream_secondary -> M_CreamSecondary
[2025.10.08-00.31.33:393][608]LogSavePackage: Moving '../../../../../../Users/sambb/OneDrive/Documentos/GitHub/TasteOfMadness/TasteOfMadness/Saved/M_CreamSecondary856A1CF543DF6D4284CDBDA0D14DA9E2.tmp' to '../../../../../../Users/sambb/OneDrive/Documentos/GitHub/TasteOfMadness/TasteOfMadness/Content/Props/Items/M_CreamSecondary.uasset'
[2025.10.08-00.31.33:455][608]LogUObjectHash: Compacting FUObjectHashTables data took   0.30ms
[2025.10.08-00.31.33:467][608]LogUObjectHash: Compacting FUObjectHashTables data took   0.40ms
[2025.10.08-00.31.33:470][608]LogUObjectHash: Compacting FUObjectHashTables data took   0.25ms
[2025.10.08-00.31.33:495][608]AssetCheck: New page: Asset Save: M_CreamSecondary
[2025.10.08-00.31.33:495][608]LogContentValidation: Display: Validating Material /Game/Props/Items/M_CreamSecondary.M_CreamSecondary
[2025.10.08-00.31.43:356][200]LogContentBrowser: Attempting asset rename: egg -> M_Egg
[2025.10.08-00.31.43:425][200]Cmd: OBJ SAVEPACKAGE PACKAGE="/Game/Props/Items/M_Egg" FILE="../../../../../../Users/sambb/OneDrive/Documentos/GitHub/TasteOfMadness/TasteOfMadness/Content/Props/Items/M_Egg.uasset" SILENT=true
[2025.10.08-00.31.43:428][200]LogSavePackage: Moving '../../../../../../Users/sambb/OneDrive/Documentos/GitHub/TasteOfMadness/TasteOfMadness/Saved/M_Egg9C1A64184EAF4EDDC938CB89F96751B5.tmp' to '../../../../../../Users/sambb/OneDrive/Documentos/GitHub/TasteOfMadness/TasteOfMadness/Content/Props/Items/M_Egg.uasset'
[2025.10.08-00.31.43:489][200]LogUObjectHash: Compacting FUObjectHashTables data took   0.25ms
[2025.10.08-00.31.43:500][200]LogUObjectHash: Compacting FUObjectHashTables data took   0.36ms
[2025.10.08-00.31.43:504][200]LogUObjectHash: Compacting FUObjectHashTables data took   0.24ms
[2025.10.08-00.31.43:532][200]AssetCheck: New page: Asset Save: M_Egg
[2025.10.08-00.31.43:532][200]LogContentValidation: Display: Validating Material /Game/Props/Items/M_Egg.M_Egg
[2025.10.08-00.31.50:666][627]LogContentBrowser: Attempting asset rename: garlic -> M_Garlic
[2025.10.08-00.31.50:730][627]Cmd: OBJ SAVEPACKAGE PACKAGE="/Game/Props/Items/M_Garlic" FILE="../../../../../../Users/sambb/OneDrive/Documentos/GitHub/TasteOfMadness/TasteOfMadness/Content/Props/Items/M_Garlic.uasset" SILENT=true
[2025.10.08-00.31.50:734][627]LogSavePackage: Moving '../../../../../../Users/sambb/OneDrive/Documentos/GitHub/TasteOfMadness/TasteOfMadness/Saved/M_GarlicD5F54126431615864C7FC29ABA7AE38A.tmp' to '../../../../../../Users/sambb/OneDrive/Documentos/GitHub/TasteOfMadness/TasteOfMadness/Content/Props/Items/M_Garlic.uasset'
[2025.10.08-00.31.50:796][627]LogUObjectHash: Compacting FUObjectHashTables data took   0.23ms
[2025.10.08-00.31.50:807][627]LogUObjectHash: Compacting FUObjectHashTables data took   0.38ms
[2025.10.08-00.31.50:810][627]LogUObjectHash: Compacting FUObjectHashTables data took   0.23ms
[2025.10.08-00.31.50:835][627]AssetCheck: New page: Asset Save: M_Garlic
[2025.10.08-00.31.50:835][627]LogContentValidation: Display: Validating Material /Game/Props/Items/M_Garlic.M_Garlic
[2025.10.08-00.31.56:798][983]LogContentBrowser: Attempting asset rename: kitchen_props_Cube -> S_Milk
[2025.10.08-00.31.56:863][983]Cmd: OBJ SAVEPACKAGE PACKAGE="/Game/Props/Items/S_Milk" FILE="../../../../../../Users/sambb/OneDrive/Documentos/GitHub/TasteOfMadness/TasteOfMadness/Content/Props/Items/S_Milk.uasset" SILENT=true
[2025.10.08-00.31.56:886][983]LogSavePackage: Moving '../../../../../../Users/sambb/OneDrive/Documentos/GitHub/TasteOfMadness/TasteOfMadness/Saved/S_Milk3A9187F04FE7A176073D11974C10E23F.tmp' to '../../../../../../Users/sambb/OneDrive/Documentos/GitHub/TasteOfMadness/TasteOfMadness/Content/Props/Items/S_Milk.uasset'
[2025.10.08-00.31.56:946][983]LogUObjectHash: Compacting FUObjectHashTables data took   0.34ms
[2025.10.08-00.31.56:957][983]LogUObjectHash: Compacting FUObjectHashTables data took   0.43ms
[2025.10.08-00.31.56:961][983]LogUObjectHash: Compacting FUObjectHashTables data took   0.22ms
[2025.10.08-00.31.56:986][983]AssetCheck: New page: Asset Save: S_Milk
[2025.10.08-00.31.56:987][983]LogContentValidation: Display: Validating StaticMesh /Game/Props/Items/S_Milk.S_Milk
[2025.10.08-00.32.05:073][466]LogContentBrowser: Attempting asset rename: squash_main -> M_SquashMain
[2025.10.08-00.32.05:138][466]LogSavePackage: Moving '../../../../../../Users/sambb/OneDrive/Documentos/GitHub/TasteOfMadness/TasteOfMadness/Saved/M_SquashMainBA5F792C4E534CF1D863459232F4EBD1.tmp' to '../../../../../../Users/sambb/OneDrive/Documentos/GitHub/TasteOfMadness/TasteOfMadness/Content/Props/Items/M_SquashMain.uasset'
[2025.10.08-00.32.05:200][466]LogUObjectHash: Compacting FUObjectHashTables data took   0.23ms
[2025.10.08-00.32.05:211][466]LogUObjectHash: Compacting FUObjectHashTables data took   0.41ms
[2025.10.08-00.32.05:214][466]LogUObjectHash: Compacting FUObjectHashTables data took   0.26ms
[2025.10.08-00.32.05:243][466]AssetCheck: New page: Asset Save: M_SquashMain
[2025.10.08-00.32.05:243][466]LogContentValidation: Display: Validating Material /Game/Props/Items/M_SquashMain.M_SquashMain
[2025.10.08-00.32.16:346][131]LogContentBrowser: Attempting asset rename: squash_secondary -> M_SquashSecondary
[2025.10.08-00.32.16:411][131]LogSavePackage: Moving '../../../../../../Users/sambb/OneDrive/Documentos/GitHub/TasteOfMadness/TasteOfMadness/Saved/M_SquashSecondary55113AAB47CDB99BE907AA872731C1EA.tmp' to '../../../../../../Users/sambb/OneDrive/Documentos/GitHub/TasteOfMadness/TasteOfMadness/Content/Props/Items/M_SquashSecondary.uasset'
[2025.10.08-00.32.16:473][131]LogUObjectHash: Compacting FUObjectHashTables data took   0.31ms
[2025.10.08-00.32.16:484][131]LogUObjectHash: Compacting FUObjectHashTables data took   0.36ms
[2025.10.08-00.32.16:486][131]LogUObjectHash: Compacting FUObjectHashTables data took   0.23ms
[2025.10.08-00.32.16:514][131]AssetCheck: New page: Asset Save: M_SquashSecondary
[2025.10.08-00.32.16:514][131]LogContentValidation: Display: Validating Material /Game/Props/Items/M_SquashSecondary.M_SquashSecondary
[2025.10.08-00.32.25:687][680]LogContentBrowser: Attempting asset rename: noodles_package -> M_NoodlesPackage
[2025.10.08-00.32.25:750][680]LogSavePackage: Moving '../../../../../../Users/sambb/OneDrive/Documentos/GitHub/TasteOfMadness/TasteOfMadness/Saved/M_NoodlesPackage722C1381477E64A14DFC03A492A4C11C.tmp' to '../../../../../../Users/sambb/OneDrive/Documentos/GitHub/TasteOfMadness/TasteOfMadness/Content/Props/Items/M_NoodlesPackage.uasset'
[2025.10.08-00.32.25:810][680]LogUObjectHash: Compacting FUObjectHashTables data took   0.21ms
[2025.10.08-00.32.25:820][680]LogUObjectHash: Compacting FUObjectHashTables data took   0.41ms
[2025.10.08-00.32.25:824][680]LogUObjectHash: Compacting FUObjectHashTables data took   0.22ms
[2025.10.08-00.32.25:850][680]AssetCheck: New page: Asset Save: M_NoodlesPackage
[2025.10.08-00.32.25:850][680]LogContentValidation: Display: Validating Material /Game/Props/Items/M_NoodlesPackage.M_NoodlesPackage
[2025.10.08-00.32.36:057][291]LogContentBrowser: Attempting asset rename: noodles -> M_Noodles
[2025.10.08-00.32.36:122][291]Cmd: OBJ SAVEPACKAGE PACKAGE="/Game/Props/Items/M_Noodles" FILE="../../../../../../Users/sambb/OneDrive/Documentos/GitHub/TasteOfMadness/TasteOfMadness/Content/Props/Items/M_Noodles.uasset" SILENT=true
[2025.10.08-00.32.36:126][291]LogSavePackage: Moving '../../../../../../Users/sambb/OneDrive/Documentos/GitHub/TasteOfMadness/TasteOfMadness/Saved/M_NoodlesC7C552F148CBF59E0FCB96B03E346C65.tmp' to '../../../../../../Users/sambb/OneDrive/Documentos/GitHub/TasteOfMadness/TasteOfMadness/Content/Props/Items/M_Noodles.uasset'
[2025.10.08-00.32.36:186][291]LogUObjectHash: Compacting FUObjectHashTables data took   0.27ms
[2025.10.08-00.32.36:196][291]LogUObjectHash: Compacting FUObjectHashTables data took   0.55ms
[2025.10.08-00.32.36:200][291]LogUObjectHash: Compacting FUObjectHashTables data took   0.23ms
[2025.10.08-00.32.36:226][291]AssetCheck: New page: Asset Save: M_Noodles
[2025.10.08-00.32.36:226][291]LogContentValidation: Display: Validating Material /Game/Props/Items/M_Noodles.M_Noodles
[2025.10.08-00.32.46:702][919]LogContentBrowser: Attempting asset rename: milk_body -> M_MilkBody
[2025.10.08-00.32.46:773][919]Cmd: OBJ SAVEPACKAGE PACKAGE="/Game/Props/Items/M_MilkBody" FILE="../../../../../../Users/sambb/OneDrive/Documentos/GitHub/TasteOfMadness/TasteOfMadness/Content/Props/Items/M_MilkBody.uasset" SILENT=true
[2025.10.08-00.32.46:777][919]LogSavePackage: Moving '../../../../../../Users/sambb/OneDrive/Documentos/GitHub/TasteOfMadness/TasteOfMadness/Saved/M_MilkBody8C7B41A747FC3BD4CAC86491AAD9AE44.tmp' to '../../../../../../Users/sambb/OneDrive/Documentos/GitHub/TasteOfMadness/TasteOfMadness/Content/Props/Items/M_MilkBody.uasset'
[2025.10.08-00.32.46:839][919]LogUObjectHash: Compacting FUObjectHashTables data took   0.21ms
[2025.10.08-00.32.46:850][919]LogUObjectHash: Compacting FUObjectHashTables data took   0.38ms
[2025.10.08-00.32.46:853][919]LogUObjectHash: Compacting FUObjectHashTables data took   0.26ms
[2025.10.08-00.32.46:871][919]Cmd: OBJ SAVEPACKAGE PACKAGE="/Game/Props/Items/S_Milk" FILE="../../../../../../Users/sambb/OneDrive/Documentos/GitHub/TasteOfMadness/TasteOfMadness/Content/Props/Items/S_Milk.uasset" SILENT=true
[2025.10.08-00.32.46:892][919]LogSavePackage: Moving '../../../../../../Users/sambb/OneDrive/Documentos/GitHub/TasteOfMadness/TasteOfMadness/Saved/S_MilkACA46E1E41D3D347B198C19216467ECF.tmp' to '../../../../../../Users/sambb/OneDrive/Documentos/GitHub/TasteOfMadness/TasteOfMadness/Content/Props/Items/S_Milk.uasset'
[2025.10.08-00.32.46:931][919]AssetCheck: New page: Asset Save: multiple assets
[2025.10.08-00.32.46:931][919]LogContentValidation: Display: Validating Material /Game/Props/Items/M_MilkBody.M_MilkBody
[2025.10.08-00.32.46:931][919]LogContentValidation: Display: Validating StaticMesh /Game/Props/Items/S_Milk.S_Milk
[2025.10.08-00.32.56:590][496]LogContentBrowser: Attempting asset rename: milk_secondary -> M_MilkSecondary
[2025.10.08-00.32.56:652][496]LogSavePackage: Moving '../../../../../../Users/sambb/OneDrive/Documentos/GitHub/TasteOfMadness/TasteOfMadness/Saved/M_MilkSecondary4D105BC34F2B916DF523EE82511DF80B.tmp' to '../../../../../../Users/sambb/OneDrive/Documentos/GitHub/TasteOfMadness/TasteOfMadness/Content/Props/Items/M_MilkSecondary.uasset'
[2025.10.08-00.32.56:713][496]LogUObjectHash: Compacting FUObjectHashTables data took   0.23ms
[2025.10.08-00.32.56:725][496]LogUObjectHash: Compacting FUObjectHashTables data took   0.34ms
[2025.10.08-00.32.56:729][496]LogUObjectHash: Compacting FUObjectHashTables data took   0.29ms
[2025.10.08-00.32.56:753][496]Cmd: OBJ SAVEPACKAGE PACKAGE="/Game/Props/Items/S_Milk" FILE="../../../../../../Users/sambb/OneDrive/Documentos/GitHub/TasteOfMadness/TasteOfMadness/Content/Props/Items/S_Milk.uasset" SILENT=true
[2025.10.08-00.32.56:775][496]LogSavePackage: Moving '../../../../../../Users/sambb/OneDrive/Documentos/GitHub/TasteOfMadness/TasteOfMadness/Saved/S_Milk8A16EDF84100BC01ABE1D3B3FE787AB6.tmp' to '../../../../../../Users/sambb/OneDrive/Documentos/GitHub/TasteOfMadness/TasteOfMadness/Content/Props/Items/S_Milk.uasset'
[2025.10.08-00.32.56:810][496]AssetCheck: New page: Asset Save: multiple assets
[2025.10.08-00.32.56:810][496]LogContentValidation: Display: Validating Material /Game/Props/Items/M_MilkSecondary.M_MilkSecondary
[2025.10.08-00.32.56:810][496]LogContentValidation: Display: Validating StaticMesh /Game/Props/Items/S_Milk.S_Milk
[2025.10.08-00.33.04:126][933]LogContentBrowser: Attempting asset rename: potato -> M_Potato
[2025.10.08-00.33.04:185][933]Cmd: OBJ SAVEPACKAGE PACKAGE="/Game/Props/Items/M_Potato" FILE="../../../../../../Users/sambb/OneDrive/Documentos/GitHub/TasteOfMadness/TasteOfMadness/Content/Props/Items/M_Potato.uasset" SILENT=true
[2025.10.08-00.33.04:188][933]LogSavePackage: Moving '../../../../../../Users/sambb/OneDrive/Documentos/GitHub/TasteOfMadness/TasteOfMadness/Saved/M_Potato2792CBA349A74E8DE574DAAD794CDC84.tmp' to '../../../../../../Users/sambb/OneDrive/Documentos/GitHub/TasteOfMadness/TasteOfMadness/Content/Props/Items/M_Potato.uasset'
[2025.10.08-00.33.04:248][933]LogUObjectHash: Compacting FUObjectHashTables data took   0.28ms
[2025.10.08-00.33.04:260][933]LogUObjectHash: Compacting FUObjectHashTables data took   0.51ms
[2025.10.08-00.33.04:263][933]LogUObjectHash: Compacting FUObjectHashTables data took   0.23ms
[2025.10.08-00.33.04:292][933]AssetCheck: New page: Asset Save: M_Potato
[2025.10.08-00.33.04:292][933]LogContentValidation: Display: Validating Material /Game/Props/Items/M_Potato.M_Potato
[2025.10.08-00.33.10:587][310]LogContentBrowser: Attempting asset rename: kitchen_props_Cube_001 -> S_Cream
[2025.10.08-00.33.10:647][310]Cmd: OBJ SAVEPACKAGE PACKAGE="/Game/Props/Items/S_Cream" FILE="../../../../../../Users/sambb/OneDrive/Documentos/GitHub/TasteOfMadness/TasteOfMadness/Content/Props/Items/S_Cream.uasset" SILENT=true
[2025.10.08-00.33.10:656][310]LogSavePackage: Moving '../../../../../../Users/sambb/OneDrive/Documentos/GitHub/TasteOfMadness/TasteOfMadness/Saved/S_CreamB7D66B45400345ED74737CA00D0C6DFE.tmp' to '../../../../../../Users/sambb/OneDrive/Documentos/GitHub/TasteOfMadness/TasteOfMadness/Content/Props/Items/S_Cream.uasset'
[2025.10.08-00.33.10:719][310]LogUObjectHash: Compacting FUObjectHashTables data took   0.24ms
[2025.10.08-00.33.10:733][310]LogUObjectHash: Compacting FUObjectHashTables data took   0.37ms
[2025.10.08-00.33.10:738][310]LogUObjectHash: Compacting FUObjectHashTables data took   0.27ms
[2025.10.08-00.33.10:763][310]AssetCheck: New page: Asset Save: S_Cream
[2025.10.08-00.33.10:763][310]LogContentValidation: Display: Validating StaticMesh /Game/Props/Items/S_Cream.S_Cream
[2025.10.08-00.33.20:633][901]LogContentBrowser: Attempting asset rename: kitchen_props_Cube_002 -> S_Garlic
[2025.10.08-00.33.20:701][901]Cmd: OBJ SAVEPACKAGE PACKAGE="/Game/Props/Items/S_Garlic" FILE="../../../../../../Users/sambb/OneDrive/Documentos/GitHub/TasteOfMadness/TasteOfMadness/Content/Props/Items/S_Garlic.uasset" SILENT=true
[2025.10.08-00.33.20:713][901]LogSavePackage: Moving '../../../../../../Users/sambb/OneDrive/Documentos/GitHub/TasteOfMadness/TasteOfMadness/Saved/S_GarlicAF4BA8B94CF0E29B26B4A49048A5F975.tmp' to '../../../../../../Users/sambb/OneDrive/Documentos/GitHub/TasteOfMadness/TasteOfMadness/Content/Props/Items/S_Garlic.uasset'
[2025.10.08-00.33.20:773][901]LogUObjectHash: Compacting FUObjectHashTables data took   0.22ms
[2025.10.08-00.33.20:787][901]LogUObjectHash: Compacting FUObjectHashTables data took   0.44ms
[2025.10.08-00.33.20:791][901]LogUObjectHash: Compacting FUObjectHashTables data took   0.23ms
[2025.10.08-00.33.20:818][901]AssetCheck: New page: Asset Save: S_Garlic
[2025.10.08-00.33.20:818][901]LogContentValidation: Display: Validating StaticMesh /Game/Props/Items/S_Garlic.S_Garlic
[2025.10.08-00.33.26:177][222]LogContentBrowser: Attempting asset rename: kitchen_props_Cube_003 -> S_Noodles
[2025.10.08-00.33.26:233][222]Cmd: OBJ SAVEPACKAGE PACKAGE="/Game/Props/Items/S_Noodles" FILE="../../../../../../Users/sambb/OneDrive/Documentos/GitHub/TasteOfMadness/TasteOfMadness/Content/Props/Items/S_Noodles.uasset" SILENT=true
[2025.10.08-00.33.26:417][222]LogSavePackage: Moving '../../../../../../Users/sambb/OneDrive/Documentos/GitHub/TasteOfMadness/TasteOfMadness/Saved/S_NoodlesC8DADFD1432C22081E8AE1B7D28C7DAD.tmp' to '../../../../../../Users/sambb/OneDrive/Documentos/GitHub/TasteOfMadness/TasteOfMadness/Content/Props/Items/S_Noodles.uasset'
[2025.10.08-00.33.26:479][222]LogUObjectHash: Compacting FUObjectHashTables data took   0.23ms
[2025.10.08-00.33.26:492][222]LogUObjectHash: Compacting FUObjectHashTables data took   0.37ms
[2025.10.08-00.33.26:495][222]LogUObjectHash: Compacting FUObjectHashTables data took   0.24ms
[2025.10.08-00.33.26:524][222]AssetCheck: New page: Asset Save: S_Noodles
[2025.10.08-00.33.26:524][222]LogContentValidation: Display: Validating StaticMesh /Game/Props/Items/S_Noodles.S_Noodles
[2025.10.08-00.33.38:691][951]LogContentBrowser: Attempting asset rename: kitchen_props_Cube_004 -> S_Potato
[2025.10.08-00.33.38:751][951]Cmd: OBJ SAVEPACKAGE PACKAGE="/Game/Props/Items/S_Potato" FILE="../../../../../../Users/sambb/OneDrive/Documentos/GitHub/TasteOfMadness/TasteOfMadness/Content/Props/Items/S_Potato.uasset" SILENT=true
[2025.10.08-00.33.38:759][951]LogSavePackage: Moving '../../../../../../Users/sambb/OneDrive/Documentos/GitHub/TasteOfMadness/TasteOfMadness/Saved/S_PotatoE0C7B6F24CEDB97B9EFF1497DC7CF85C.tmp' to '../../../../../../Users/sambb/OneDrive/Documentos/GitHub/TasteOfMadness/TasteOfMadness/Content/Props/Items/S_Potato.uasset'
[2025.10.08-00.33.38:815][951]LogUObjectHash: Compacting FUObjectHashTables data took   0.21ms
[2025.10.08-00.33.38:831][951]LogUObjectHash: Compacting FUObjectHashTables data took   0.37ms
[2025.10.08-00.33.38:834][951]LogUObjectHash: Compacting FUObjectHashTables data took   0.24ms
[2025.10.08-00.33.38:861][951]AssetCheck: New page: Asset Save: S_Potato
[2025.10.08-00.33.38:861][951]LogContentValidation: Display: Validating StaticMesh /Game/Props/Items/S_Potato.S_Potato
[2025.10.08-00.33.44:331][278]LogContentBrowser: Attempting asset rename: kitchen_props_Cube_005 -> S_Corn
[2025.10.08-00.33.44:390][278]Cmd: OBJ SAVEPACKAGE PACKAGE="/Game/Props/Items/S_Corn" FILE="../../../../../../Users/sambb/OneDrive/Documentos/GitHub/TasteOfMadness/TasteOfMadness/Content/Props/Items/S_Corn.uasset" SILENT=true
[2025.10.08-00.33.44:485][278]LogSavePackage: Moving '../../../../../../Users/sambb/OneDrive/Documentos/GitHub/TasteOfMadness/TasteOfMadness/Saved/S_Corn87FA41FB49E5A26E01C435A86E5E8F62.tmp' to '../../../../../../Users/sambb/OneDrive/Documentos/GitHub/TasteOfMadness/TasteOfMadness/Content/Props/Items/S_Corn.uasset'
[2025.10.08-00.33.44:550][278]LogUObjectHash: Compacting FUObjectHashTables data took   0.23ms
[2025.10.08-00.33.44:563][278]LogUObjectHash: Compacting FUObjectHashTables data took   0.42ms
[2025.10.08-00.33.44:567][278]LogUObjectHash: Compacting FUObjectHashTables data took   0.23ms
[2025.10.08-00.33.44:593][278]AssetCheck: New page: Asset Save: S_Corn
[2025.10.08-00.33.44:593][278]LogContentValidation: Display: Validating StaticMesh /Game/Props/Items/S_Corn.S_Corn
[2025.10.08-00.33.53:684][822]LogContentBrowser: Attempting asset rename: kitchen_props_Cube_006 -> S_Butter
[2025.10.08-00.33.53:747][822]Cmd: OBJ SAVEPACKAGE PACKAGE="/Game/Props/Items/S_Butter" FILE="../../../../../../Users/sambb/OneDrive/Documentos/GitHub/TasteOfMadness/TasteOfMadness/Content/Props/Items/S_Butter.uasset" SILENT=true
[2025.10.08-00.33.53:760][822]LogSavePackage: Moving '../../../../../../Users/sambb/OneDrive/Documentos/GitHub/TasteOfMadness/TasteOfMadness/Saved/S_ButterACF189404CB6761784DC9DA147691260.tmp' to '../../../../../../Users/sambb/OneDrive/Documentos/GitHub/TasteOfMadness/TasteOfMadness/Content/Props/Items/S_Butter.uasset'
[2025.10.08-00.33.53:817][822]LogUObjectHash: Compacting FUObjectHashTables data took   0.21ms
[2025.10.08-00.33.53:831][822]LogUObjectHash: Compacting FUObjectHashTables data took   0.38ms
[2025.10.08-00.33.53:834][822]LogUObjectHash: Compacting FUObjectHashTables data took   0.29ms
[2025.10.08-00.33.53:860][822]AssetCheck: New page: Asset Save: S_Butter
[2025.10.08-00.33.53:860][822]LogContentValidation: Display: Validating StaticMesh /Game/Props/Items/S_Butter.S_Butter
[2025.10.08-00.33.59:687][171]LogContentBrowser: Attempting asset rename: kitchen_props_Cube_007 -> S_Cheese
[2025.10.08-00.33.59:751][171]Cmd: OBJ SAVEPACKAGE PACKAGE="/Game/Props/Items/S_Cheese" FILE="../../../../../../Users/sambb/OneDrive/Documentos/GitHub/TasteOfMadness/TasteOfMadness/Content/Props/Items/S_Cheese.uasset" SILENT=true
[2025.10.08-00.33.59:767][171]LogSavePackage: Moving '../../../../../../Users/sambb/OneDrive/Documentos/GitHub/TasteOfMadness/TasteOfMadness/Saved/S_Cheese8E73B05E42EB27C6BEAD9A809B73A47C.tmp' to '../../../../../../Users/sambb/OneDrive/Documentos/GitHub/TasteOfMadness/TasteOfMadness/Content/Props/Items/S_Cheese.uasset'
[2025.10.08-00.33.59:829][171]LogUObjectHash: Compacting FUObjectHashTables data took   0.28ms
[2025.10.08-00.33.59:841][171]LogUObjectHash: Compacting FUObjectHashTables data took   0.40ms
[2025.10.08-00.33.59:845][171]LogUObjectHash: Compacting FUObjectHashTables data took   0.35ms
[2025.10.08-00.33.59:874][171]AssetCheck: New page: Asset Save: S_Cheese
[2025.10.08-00.33.59:874][171]LogContentValidation: Display: Validating StaticMesh /Game/Props/Items/S_Cheese.S_Cheese
[2025.10.08-00.34.05:509][508]LogContentBrowser: Attempting asset rename: kitchen_props_Cube_008 -> S_Squash
[2025.10.08-00.34.05:567][508]Cmd: OBJ SAVEPACKAGE PACKAGE="/Game/Props/Items/S_Squash" FILE="../../../../../../Users/sambb/OneDrive/Documentos/GitHub/TasteOfMadness/TasteOfMadness/Content/Props/Items/S_Squash.uasset" SILENT=true
[2025.10.08-00.34.05:585][508]LogSavePackage: Moving '../../../../../../Users/sambb/OneDrive/Documentos/GitHub/TasteOfMadness/TasteOfMadness/Saved/S_Squash68067A0248C24F5BDFC8E38011C876E2.tmp' to '../../../../../../Users/sambb/OneDrive/Documentos/GitHub/TasteOfMadness/TasteOfMadness/Content/Props/Items/S_Squash.uasset'
[2025.10.08-00.34.05:640][508]LogUObjectHash: Compacting FUObjectHashTables data took   0.23ms
[2025.10.08-00.34.05:653][508]LogUObjectHash: Compacting FUObjectHashTables data took   0.39ms
[2025.10.08-00.34.05:655][508]LogUObjectHash: Compacting FUObjectHashTables data took   0.23ms
[2025.10.08-00.34.05:682][508]AssetCheck: New page: Asset Save: S_Squash
[2025.10.08-00.34.05:682][508]LogContentValidation: Display: Validating StaticMesh /Game/Props/Items/S_Squash.S_Squash
[2025.10.08-00.34.12:445][913]LogContentBrowser: Attempting asset rename: kitchen_props_Sphere -> S_Eggs
[2025.10.08-00.34.12:505][913]Cmd: OBJ SAVEPACKAGE PACKAGE="/Game/Props/Items/S_Eggs" FILE="../../../../../../Users/sambb/OneDrive/Documentos/GitHub/TasteOfMadness/TasteOfMadness/Content/Props/Items/S_Eggs.uasset" SILENT=true
[2025.10.08-00.34.12:522][913]LogSavePackage: Moving '../../../../../../Users/sambb/OneDrive/Documentos/GitHub/TasteOfMadness/TasteOfMadness/Saved/S_EggsCA53A0B3408E8A79D6410B855EB4E5D2.tmp' to '../../../../../../Users/sambb/OneDrive/Documentos/GitHub/TasteOfMadness/TasteOfMadness/Content/Props/Items/S_Eggs.uasset'
[2025.10.08-00.34.12:584][913]LogUObjectHash: Compacting FUObjectHashTables data took   0.22ms
[2025.10.08-00.34.12:595][913]LogUObjectHash: Compacting FUObjectHashTables data took   0.42ms
[2025.10.08-00.34.12:599][913]LogUObjectHash: Compacting FUObjectHashTables data took   0.36ms
[2025.10.08-00.34.12:625][913]AssetCheck: New page: Asset Save: S_Eggs
[2025.10.08-00.34.12:625][913]LogContentValidation: Display: Validating StaticMesh /Game/Props/Items/S_Eggs.S_Eggs
[2025.10.08-00.34.23:759][565]LogUObjectHash: Compacting FUObjectHashTables data took   0.23ms
[2025.10.08-00.34.23:766][565]LogSavePackage: Moving '../../../../../../Users/sambb/OneDrive/Documentos/GitHub/TasteOfMadness/TasteOfMadness/Saved/PropsSamuelADEB33324C4036345D5C369B90152245.tmp' to '../../../../../../Users/sambb/OneDrive/Documentos/GitHub/TasteOfMadness/TasteOfMadness/Content/Maps/PropsSamuel.umap'
[2025.10.08-00.34.23:782][565]AssetCheck: New page: Asset Save: PropsSamuel
[2025.10.08-00.34.23:782][565]LogContentValidation: Display: Validating World /Game/Maps/PropsSamuel.PropsSamuel
[2025.10.08-00.34.26:191][710]LogSlate: Window 'Niveles' being destroyed
[2025.10.08-00.34.26:198][710]LogSlate: Window 'Niveles' being destroyed
[2025.10.08-00.34.26:827][748]LogUObjectHash: Compacting FUObjectHashTables data took   0.51ms
[2025.10.08-00.35.07:614][748]LogSlate: Window 'Guardar contenido' being destroyed
[2025.10.08-00.35.07:679][748]LogSlate: Window 'TasteOfMadness - Unreal Editor' being destroyed
[2025.10.08-00.35.07:681][748]LogWindowsTextInputMethodSystem: Display: IME system deactivated.
[2025.10.08-00.35.07:792][749]Cmd: QUIT_EDITOR
[2025.10.08-00.35.07:792][749]LogCore: Engine exit requested (reason: UUnrealEdEngine::CloseEditor())
[2025.10.08-00.35.07:794][749]LogCore: Engine exit requested (reason: EngineExit() was called; note: exit was already requested)
[2025.10.08-00.35.07:796][749]LogAudio: Display: Beginning Audio Device Manager Shutdown (Module: AudioMixerXAudio2)...
[2025.10.08-00.35.07:796][749]LogAudio: Display: Destroying 1 Remaining Audio Device(s)...
[2025.10.08-00.35.07:796][749]LogAudio: Display: Audio Device unregistered from world 'MainPersistent'.
[2025.10.08-00.35.07:797][749]LogAudioMixer: FMixerPlatformXAudio2::StopAudioStream() called
[2025.10.08-00.35.07:798][749]LogAudioMixer: FMixerPlatformXAudio2::StopAudioStream() called
[2025.10.08-00.35.07:800][749]LogAudio: Display: Audio Device Manager Shutdown
[2025.10.08-00.35.07:805][749]LogExit: Preparing to exit.
[2025.10.08-00.35.08:781][749]LogUObjectHash: Compacting FUObjectHashTables data took   1.42ms
[2025.10.08-00.35.08:885][749]LogWorld: UWorld::CleanupWorld for World_0, bSessionEnded=true, bCleanupResources=true
[2025.10.08-00.35.08:885][749]LogWorld: UWorld::CleanupWorld for World_1, bSessionEnded=true, bCleanupResources=true
[2025.10.08-00.35.08:885][749]LogWorld: UWorld::CleanupWorld for World_2, bSessionEnded=true, bCleanupResources=true
[2025.10.08-00.35.08:911][749]LogWorld: UWorld::CleanupWorld for None, bSessionEnded=true, bCleanupResources=true
[2025.10.08-00.35.08:911][749]LogWorld: UWorld::CleanupWorld for None, bSessionEnded=true, bCleanupResources=true
[2025.10.08-00.35.08:911][749]LogWorld: UWorld::CleanupWorld for None, bSessionEnded=true, bCleanupResources=true
[2025.10.08-00.35.08:911][749]LogWorld: UWorld::CleanupWorld for None, bSessionEnded=true, bCleanupResources=true
[2025.10.08-00.35.08:911][749]LogWorld: UWorld::CleanupWorld for None, bSessionEnded=true, bCleanupResources=true
[2025.10.08-00.35.08:911][749]LogWorld: UWorld::CleanupWorld for None, bSessionEnded=true, bCleanupResources=true
[2025.10.08-00.35.08:911][749]LogWorld: UWorld::CleanupWorld for None, bSessionEnded=true, bCleanupResources=true
[2025.10.08-00.35.08:911][749]LogWorld: UWorld::CleanupWorld for None, bSessionEnded=true, bCleanupResources=true
[2025.10.08-00.35.08:912][749]LogExit: Editor shut down
[2025.10.08-00.35.08:913][749]LogExit: Transaction tracking system shut down
[2025.10.08-00.35.08:913][749]LogDemo: Cleaned up 0 splitscreen connections with owner deletion
[2025.10.08-00.35.09:188][749]LogExit: Object subsystem successfully closed.
[2025.10.08-00.35.09:229][749]LogShaderCompilers: Display: === FShaderJobCache stats ===
[2025.10.08-00.35.09:229][749]LogShaderCompilers: Display: Total job queries 251, among them cache hits 11 (4.38%)
[2025.10.08-00.35.09:229][749]LogShaderCompilers: Display: Tracking 240 distinct input hashes that result in 13 distinct outputs (5.42%)
[2025.10.08-00.35.09:230][749]LogShaderCompilers: Display: RAM used: 0.08 MB (0.00 GB) of 819.20 MB (0.80 GB) budget. Usage: 0.01%
[2025.10.08-00.35.09:230][749]LogShaderCompilers: Display: ================================================
[2025.10.08-00.35.09:240][749]LogShaderCompilers: Display: Shaders left to compile 0
[2025.10.08-00.35.09:277][749]LogModuleManager: Shutting down and abandoning module HierarchicalLODOutliner (870)
[2025.10.08-00.35.09:277][749]LogModuleManager: Shutting down and abandoning module SceneOutliner (868)
[2025.10.08-00.35.09:277][749]LogModuleManager: Shutting down and abandoning module AddContentDialog (866)
[2025.10.08-00.35.09:277][749]LogModuleManager: Shutting down and abandoning module WidgetCarousel (865)
[2025.10.08-00.35.09:277][749]LogModuleManager: Shutting down and abandoning module EditorWidgets (862)
[2025.10.08-00.35.09:277][749]LogModuleManager: Shutting down and abandoning module StatsViewer (860)
[2025.10.08-00.35.09:277][749]LogModuleManager: Shutting down and abandoning module PIEPreviewDeviceProfileSelector (858)
[2025.10.08-00.35.09:277][749]LogModuleManager: Shutting down and abandoning module SequenceRecorderSections (856)
[2025.10.08-00.35.09:277][749]LogModuleManager: Shutting down and abandoning module AutomationWorker (854)
[2025.10.08-00.35.09:277][749]LogModuleManager: Shutting down and abandoning module SteamVREditor (852)
[2025.10.08-00.35.09:277][749]LogModuleManager: Shutting down and abandoning module OculusMR (850)
[2025.10.08-00.35.09:277][749]LogModuleManager: Shutting down and abandoning module TakeRecorderSources (848)
[2025.10.08-00.35.09:278][749]LogModuleManager: Shutting down and abandoning module TakeRecorder (847)
[2025.10.08-00.35.09:278][749]LogModuleManager: Shutting down and abandoning module TakeTrackRecorders (844)
[2025.10.08-00.35.09:278][749]LogModuleManager: Shutting down and abandoning module TakesCore (842)
[2025.10.08-00.35.09:278][749]LogModuleManager: Shutting down and abandoning module OpenXRInput (840)
[2025.10.08-00.35.09:278][749]LogModuleManager: Shutting down and abandoning module GooglePADEditor (838)
[2025.10.08-00.35.09:278][749]LogModuleManager: Shutting down and abandoning module AudioCaptureEditor (836)
[2025.10.08-00.35.09:278][749]LogModuleManager: Shutting down and abandoning module WebMMediaFactory (834)
[2025.10.08-00.35.09:278][749]LogModuleManager: Shutting down and abandoning module WebMMediaEditor (832)
[2025.10.08-00.35.09:278][749]LogModuleManager: Shutting down and abandoning module WebMMedia (830)
[2025.10.08-00.35.09:278][749]LogModuleManager: Shutting down and abandoning module TemplateSequenceEditor (828)
[2025.10.08-00.35.09:278][749]LogModuleManager: Shutting down and abandoning module LevelSequenceEditor (826)
[2025.10.08-00.35.09:278][749]LogModuleManager: Shutting down and abandoning module MatineeToLevelSequence (824)
[2025.10.08-00.35.09:278][749]LogModuleManager: Shutting down and abandoning module ActorSequenceEditor (822)
[2025.10.08-00.35.09:278][749]LogModuleManager: Shutting down and abandoning module MagicLeapMediaCodecFactory (820)
[2025.10.08-00.35.09:278][749]LogModuleManager: Shutting down and abandoning module MagicLeapMediaFactory (818)
[2025.10.08-00.35.09:278][749]LogModuleManager: Shutting down and abandoning module MagicLeapMediaEditor (816)
[2025.10.08-00.35.09:278][749]LogModuleManager: Shutting down and abandoning module WmfMediaFactory (814)
[2025.10.08-00.35.09:278][749]LogModuleManager: Shutting down and abandoning module WmfMediaEditor (812)
[2025.10.08-00.35.09:278][749]LogModuleManager: Shutting down and abandoning module MediaPlayerEditor (810)
[2025.10.08-00.35.09:278][749]LogModuleManager: Shutting down and abandoning module OpenExrWrapper (808)
[2025.10.08-00.35.09:278][749]LogModuleManager: Shutting down and abandoning module ImgMediaFactory (806)
[2025.10.08-00.35.09:278][749]LogModuleManager: Shutting down and abandoning module ImgMediaEditor (804)
[2025.10.08-00.35.09:278][749]LogModuleManager: Shutting down and abandoning module MediaCompositingEditor (802)
[2025.10.08-00.35.09:278][749]LogModuleManager: Shutting down and abandoning module SequenceRecorder (801)
[2025.10.08-00.35.09:278][749]LogModuleManager: Shutting down and abandoning module AvfMediaFactory (798)
[2025.10.08-00.35.09:278][749]LogModuleManager: Shutting down and abandoning module AvfMediaEditor (796)
[2025.10.08-00.35.09:278][749]LogModuleManager: Shutting down and abandoning module AndroidMediaFactory (794)
[2025.10.08-00.35.09:278][749]LogModuleManager: Shutting down and abandoning module AndroidMediaEditor (792)
[2025.10.08-00.35.09:278][749]LogModuleManager: Shutting down and abandoning module PlanarCut (790)
[2025.10.08-00.35.09:278][749]LogModuleManager: Shutting down and abandoning module CharacterAI (788)
[2025.10.08-00.35.09:278][749]LogModuleManager: Shutting down and abandoning module TextureAlignMode (786)
[2025.10.08-00.35.09:278][749]LogModuleManager: Shutting down and abandoning module BspMode (784)
[2025.10.08-00.35.09:278][749]LogModuleManager: Shutting down and abandoning module GeometryMode (782)
[2025.10.08-00.35.09:278][749]LogModuleManager: Shutting down and abandoning module CameraShakePreviewer (780)
[2025.10.08-00.35.09:278][749]LogModuleManager: Shutting down and abandoning module SmartSnapping (778)
[2025.10.08-00.35.09:278][749]LogModuleManager: Shutting down and abandoning module SessionServices (776)
[2025.10.08-00.35.09:278][749]LogModuleManager: Shutting down and abandoning module MeshPaint (774)
[2025.10.08-00.35.09:279][749]LogModuleManager: Shutting down and abandoning module VirtualTexturingEditor (772)
[2025.10.08-00.35.09:279][749]LogModuleManager: Shutting down and abandoning module FoliageEdit (770)
[2025.10.08-00.35.09:279][749]LogModuleManager: Shutting down and abandoning module LandscapeEditor (768)
[2025.10.08-00.35.09:279][749]LogModuleManager: Shutting down and abandoning module MeshPaintMode (766)
[2025.10.08-00.35.09:279][749]LogModuleManager: Shutting down and abandoning module SceneDepthPickerMode (764)
[2025.10.08-00.35.09:279][749]LogModuleManager: Shutting down and abandoning module ActorPickerMode (762)
[2025.10.08-00.35.09:279][749]LogModuleManager: Shutting down and abandoning module PlacementMode (760)
[2025.10.08-00.35.09:279][749]LogModuleManager: Shutting down and abandoning module ViewportSnapping (758)
[2025.10.08-00.35.09:279][749]LogModuleManager: Shutting down and abandoning module ViewportInteraction (756)
[2025.10.08-00.35.09:279][749]LogModuleManager: Shutting down and abandoning module ClothPainter (754)
[2025.10.08-00.35.09:279][749]LogModuleManager: Shutting down and abandoning module SkeletalMeshEditor (753)
[2025.10.08-00.35.09:279][749]LogModuleManager: Shutting down and abandoning module LogVisualizer (750)
[2025.10.08-00.35.09:279][749]LogModuleManager: Shutting down and abandoning module IntroTutorials (748)
[2025.10.08-00.35.09:279][749]LogModuleManager: Shutting down and abandoning module GameProjectGeneration (747)
[2025.10.08-00.35.09:279][749]LogModuleManager: Shutting down and abandoning module LuminPlatformEditor (744)
[2025.10.08-00.35.09:279][749]LogModuleManager: Shutting down and abandoning module IOSPlatformEditor (742)
[2025.10.08-00.35.09:279][749]LogModuleManager: Shutting down and abandoning module AndroidPlatformEditor (740)
[2025.10.08-00.35.09:279][749]LogModuleManager: Shutting down and abandoning module AndroidDeviceDetection (739)
[2025.10.08-00.35.10:158][749]LogModuleManager: Shutting down and abandoning module WindowsPlatformEditor (736)
[2025.10.08-00.35.10:158][749]LogModuleManager: Shutting down and abandoning module LuminRuntimeSettings (734)
[2025.10.08-00.35.10:158][749]LogModuleManager: Shutting down and abandoning module IOSRuntimeSettings (732)
[2025.10.08-00.35.10:158][749]LogModuleManager: Shutting down and abandoning module AndroidRuntimeSettings (730)
[2025.10.08-00.35.10:158][749]LogModuleManager: Shutting down and abandoning module TraceInsights (728)
[2025.10.08-00.35.10:158][749]MemoryProfiler: Shutdown
[2025.10.08-00.35.10:158][749]NetworkingProfiler: Shutdown
[2025.10.08-00.35.10:158][749]LoadingProfiler: Shutdown
[2025.10.08-00.35.10:158][749]TimingProfiler: Shutdown
[2025.10.08-00.35.10:158][749]LogModuleManager: Shutting down and abandoning module TraceServices (727)
[2025.10.08-00.35.10:158][749]LogModuleManager: Shutting down and abandoning module EditorInteractiveToolsFramework (724)
[2025.10.08-00.35.10:158][749]LogModuleManager: Shutting down and abandoning module TimeManagementEditor (722)
[2025.10.08-00.35.10:158][749]LogModuleManager: Shutting down and abandoning module InputBindingEditor (720)
[2025.10.08-00.35.10:158][749]LogModuleManager: Shutting down and abandoning module MergeActors (718)
[2025.10.08-00.35.10:158][749]LogModuleManager: Shutting down and abandoning module LocalizationDashboard (716)
[2025.10.08-00.35.10:158][749]LogModuleManager: Shutting down and abandoning module LocalizationService (715)
[2025.10.08-00.35.10:158][749]LogModuleManager: Shutting down and abandoning module HardwareTargeting (712)
[2025.10.08-00.35.10:158][749]LogModuleManager: Shutting down and abandoning module DeviceProfileEditor (710)
[2025.10.08-00.35.10:158][749]LogModuleManager: Shutting down and abandoning module UndoHistory (708)
[2025.10.08-00.35.10:158][749]LogModuleManager: Shutting down and abandoning module XmlParser (706)
[2025.10.08-00.35.10:158][749]LogModuleManager: Shutting down and abandoning module Blutility (704)
[2025.10.08-00.35.10:158][749]LogModuleManager: Shutting down and abandoning module ProjectSettingsViewer (702)
[2025.10.08-00.35.10:158][749]LogModuleManager: Shutting down and abandoning module ProjectTargetPlatformEditor (701)
[2025.10.08-00.35.10:158][749]LogModuleManager: Shutting down and abandoning module EditorSettingsViewer (698)
[2025.10.08-00.35.10:158][749]LogModuleManager: Shutting down and abandoning module InternationalizationSettings (697)
[2025.10.08-00.35.10:158][749]LogModuleManager: Shutting down and abandoning module SettingsEditor (694)
[2025.10.08-00.35.10:158][749]LogModuleManager: Shutting down and abandoning module ProjectLauncher (692)
[2025.10.08-00.35.10:158][749]LogModuleManager: Shutting down and abandoning module SessionFrontend (690)
[2025.10.08-00.35.10:158][749]LogModuleManager: Shutting down and abandoning module ProfilerClient (688)
[2025.10.08-00.35.10:158][749]LogModuleManager: Shutting down and abandoning module DeviceManager (686)
[2025.10.08-00.35.10:158][749]LogModuleManager: Shutting down and abandoning module TargetDeviceServices (685)
[2025.10.08-00.35.10:191][749]LogModuleManager: Shutting down and abandoning module AutomationController (682)
[2025.10.08-00.35.10:191][749]LogModuleManager: Shutting down and abandoning module AutomationWindow (680)
[2025.10.08-00.35.10:191][749]LogModuleManager: Shutting down and abandoning module Layers (678)
[2025.10.08-00.35.10:191][749]LogModuleManager: Shutting down and abandoning module ComponentVisualizers (676)
[2025.10.08-00.35.10:191][749]LogModuleManager: Shutting down and abandoning module DetailCustomizations (674)
[2025.10.08-00.35.10:191][749]LogModuleManager: Shutting down and abandoning module PackagesDialog (672)
[2025.10.08-00.35.10:191][749]LogModuleManager: Shutting down and abandoning module AnimationBlueprintEditor (670)
[2025.10.08-00.35.10:191][749]LogModuleManager: Shutting down and abandoning module Persona (668)
[2025.10.08-00.35.10:191][749]LogModuleManager: Shutting down and abandoning module AdvancedPreviewScene (667)
[2025.10.08-00.35.10:191][749]LogModuleManager: Shutting down and abandoning module AnimGraph (665)
[2025.10.08-00.35.10:191][749]LogModuleManager: Shutting down and abandoning module Kismet (662)
[2025.10.08-00.35.10:191][749]LogModuleManager: Shutting down and abandoning module KismetWidgets (661)
[2025.10.08-00.35.10:191][749]LogModuleManager: Shutting down and abandoning module GraphEditor (658)
[2025.10.08-00.35.10:192][749]LogModuleManager: Shutting down and abandoning module StructViewer (656)
[2025.10.08-00.35.10:192][749]LogModuleManager: Shutting down and abandoning module ClassViewer (654)
[2025.10.08-00.35.10:192][749]LogModuleManager: Shutting down and abandoning module Toolbox (652)
[2025.10.08-00.35.10:192][749]LogModuleManager: Shutting down and abandoning module ModuleUI (650)
[2025.10.08-00.35.10:192][749]LogModuleManager: Shutting down and abandoning module OutputLog (648)
[2025.10.08-00.35.10:192][749]LogModuleManager: Shutting down and abandoning module GammaUI (646)
[2025.10.08-00.35.10:192][749]LogModuleManager: Shutting down and abandoning module Documentation (644)
[2025.10.08-00.35.10:192][749]LogModuleManager: Shutting down and abandoning module LiveCoding (642)
[2025.10.08-00.35.10:192][749]LogModuleManager: Shutting down and abandoning module LevelSequence (640)
[2025.10.08-00.35.10:192][749]LogModuleManager: Shutting down and abandoning module MovieSceneTracks (638)
[2025.10.08-00.35.10:192][749]LogModuleManager: Shutting down and abandoning module MovieScene (636)
[2025.10.08-00.35.10:193][749]LogModuleManager: Shutting down and abandoning module StreamingPauseRendering (634)
[2025.10.08-00.35.10:193][749]LogModuleManager: Shutting down and abandoning module LauncherPlatform (632)
[2025.10.08-00.35.10:193][749]LogModuleManager: Shutting down and abandoning module AnalyticsET (630)
[2025.10.08-00.35.10:193][749]LogModuleManager: Shutting down and abandoning module PortalServices (628)
[2025.10.08-00.35.10:193][749]LogModuleManager: Shutting down and abandoning module PortalRpc (626)
[2025.10.08-00.35.10:193][749]LogModuleManager: Shutting down and abandoning module MessagingRpc (624)
[2025.10.08-00.35.10:193][749]LogModuleManager: Shutting down and abandoning module AudioMixerXAudio2 (622)
[2025.10.08-00.35.10:193][749]LogModuleManager: Shutting down and abandoning module AudioMixerCore (621)
[2025.10.08-00.35.10:193][749]LogModuleManager: Shutting down and abandoning module AIModule (618)
[2025.10.08-00.35.10:193][749]LogModuleManager: Shutting down and abandoning module GameplayDebugger (617)
[2025.10.08-00.35.10:193][749]LogModuleManager: Shutting down and abandoning module AITestSuite (615)
[2025.10.08-00.35.10:193][749]LogModuleManager: Shutting down and abandoning module NavigationSystem (613)
[2025.10.08-00.35.10:193][749]LogModuleManager: Shutting down and abandoning module ImageWriteQueue (610)
[2025.10.08-00.35.10:201][749]LogModuleManager: Shutting down and abandoning module ProfilerService (608)
[2025.10.08-00.35.10:413][749]LogModuleManager: Shutting down and abandoning module TaskGraph (606)
[2025.10.08-00.35.10:413][749]LogModuleManager: Shutting down and abandoning module AudioSynesthesiaEditor (604)
[2025.10.08-00.35.10:413][749]LogModuleManager: Shutting down and abandoning module OculusEditor (602)
[2025.10.08-00.35.10:413][749]LogModuleManager: Shutting down and abandoning module OculusInput (600)
[2025.10.08-00.35.10:413][749]LogModuleManager: Shutting down and abandoning module ContentBrowserClassDataSource (598)
[2025.10.08-00.35.10:413][749]LogModuleManager: Shutting down and abandoning module ContentBrowserAssetDataSource (596)
[2025.10.08-00.35.10:413][749]LogModuleManager: Shutting down and abandoning module CollectionManager (595)
[2025.10.08-00.35.10:413][749]LogModuleManager: Shutting down and abandoning module ContentBrowserFileDataSource (592)
[2025.10.08-00.35.10:413][749]LogModuleManager: Shutting down and abandoning module PerforceSourceControl (590)
[2025.10.08-00.35.10:414][749]LogModuleManager: Shutting down and abandoning module RiderSourceCodeAccess (588)
[2025.10.08-00.35.10:414][749]LogModuleManager: Shutting down and abandoning module VisualStudioCodeSourceCodeAccess (586)
[2025.10.08-00.35.10:414][749]LogModuleManager: Shutting down and abandoning module VisualStudioSourceCodeAccess (584)
[2025.10.08-00.35.10:414][749]LogModuleManager: Shutting down and abandoning module UObjectPlugin (582)
[2025.10.08-00.35.10:414][749]LogModuleManager: Shutting down and abandoning module GitSourceControl (580)
[2025.10.08-00.35.10:414][749]LogModuleManager: Shutting down and abandoning module SubversionSourceControl (578)
[2025.10.08-00.35.10:414][749]LogModuleManager: Shutting down and abandoning module PluginUtils (576)
[2025.10.08-00.35.10:414][749]LogModuleManager: Shutting down and abandoning module PlasticSourceControl (574)
[2025.10.08-00.35.10:414][749]LogModuleManager: Shutting down and abandoning module SourceControl (573)
[2025.10.08-00.35.10:414][749]LogModuleManager: Shutting down and abandoning module OodleNetworkHandlerComponent (570)
[2025.10.08-00.35.10:414][749]LogModuleManager: Shutting down and abandoning module CLionSourceCodeAccess (568)
[2025.10.08-00.35.10:414][749]LogModuleManager: Shutting down and abandoning module AnimationSharingEd (566)
[2025.10.08-00.35.10:414][749]LogModuleManager: Shutting down and abandoning module TakeSequencer (564)
[2025.10.08-00.35.10:414][749]LogModuleManager: Shutting down and abandoning module TakeMovieScene (562)
[2025.10.08-00.35.10:414][749]LogModuleManager: Shutting down and abandoning module ScreenshotTools (560)
[2025.10.08-00.35.10:414][749]LogModuleManager: Shutting down and abandoning module SynthesisEditor (558)
[2025.10.08-00.35.10:414][749]LogModuleManager: Shutting down and abandoning module Synthesis (556)
[2025.10.08-00.35.10:414][749]LogModuleManager: Shutting down and abandoning module ProceduralMeshComponentEditor (554)
[2025.10.08-00.35.10:414][749]LogModuleManager: Shutting down and abandoning module ProceduralMeshComponent (552)
[2025.10.08-00.35.10:414][749]LogModuleManager: Shutting down and abandoning module OpenXREditor (550)
[2025.10.08-00.35.10:414][749]LogModuleManager: Shutting down and abandoning module MobilePatchingUtils (548)
[2025.10.08-00.35.10:414][749]LogModuleManager: Shutting down and abandoning module GooglePAD (546)
[2025.10.08-00.35.10:414][749]LogModuleManager: Shutting down and abandoning module EditableMesh (544)
[2025.10.08-00.35.10:414][749]LogModuleManager: Shutting down and abandoning module CableComponent (542)
[2025.10.08-00.35.10:414][749]LogModuleManager: Shutting down and abandoning module CustomMeshComponent (540)
[2025.10.08-00.35.10:414][749]LogModuleManager: Shutting down and abandoning module ArchVisCharacter (538)
[2025.10.08-00.35.10:414][749]LogModuleManager: Shutting down and abandoning module AudioCapture (536)
[2025.10.08-00.35.10:414][749]LogModuleManager: Shutting down and abandoning module AudioCaptureRtAudio (535)
[2025.10.08-00.35.10:414][749]LogModuleManager: Shutting down and abandoning module AssetTags (532)
[2025.10.08-00.35.10:414][749]LogModuleManager: Shutting down and abandoning module AppleImageUtilsBlueprintSupport (530)
[2025.10.08-00.35.10:414][749]LogModuleManager: Shutting down and abandoning module AppleImageUtils (528)
[2025.10.08-00.35.10:414][749]LogModuleManager: Shutting down and abandoning module AndroidPermission (526)
[2025.10.08-00.35.10:414][749]LogModuleManager: Shutting down and abandoning module ActorLayerUtilitiesEditor (524)
[2025.10.08-00.35.10:414][749]LogModuleManager: Shutting down and abandoning module ActorLayerUtilities (522)
[2025.10.08-00.35.10:414][749]LogModuleManager: Shutting down and abandoning module TemplateSequence (520)
[2025.10.08-00.35.10:414][749]LogModuleManager: Shutting down and abandoning module MagicLeapSharedWorld (518)
[2025.10.08-00.35.10:414][749]LogModuleManager: Shutting down and abandoning module MagicLeapLightEstimation (516)
[2025.10.08-00.35.10:414][749]LogModuleManager: Shutting down and abandoning module MagicLeapHelperVulkan (514)
[2025.10.08-00.35.10:414][749]LogModuleManager: Shutting down and abandoning module MagicLeapHelperOpenGL (512)
[2025.10.08-00.35.10:414][749]LogModuleManager: Shutting down and abandoning module MagicLeapAudio (510)
[2025.10.08-00.35.10:414][749]LogModuleManager: Shutting down and abandoning module ImgMedia (508)
[2025.10.08-00.35.10:414][749]LogModuleManager: Shutting down and abandoning module MediaCompositing (506)
[2025.10.08-00.35.10:414][749]LogModuleManager: Shutting down and abandoning module OpenImageDenoise (504)
[2025.10.08-00.35.10:414][749]LogOpenImageDenoise: OIDN shutting down
[2025.10.08-00.35.10:414][749]LogModuleManager: Shutting down and abandoning module MotoSynthEditor (502)
[2025.10.08-00.35.10:414][749]LogModuleManager: Shutting down and abandoning module MotoSynth (500)
[2025.10.08-00.35.10:414][749]LogModuleManager: Shutting down and abandoning module GeometryCollectionTracks (498)
[2025.10.08-00.35.10:414][749]LogModuleManager: Shutting down and abandoning module GeometryCollectionSequencer (497)
[2025.10.08-00.35.10:414][749]LogModuleManager: Shutting down and abandoning module GeometryCollectionEditor (494)
[2025.10.08-00.35.10:414][749]LogModuleManager: Shutting down and abandoning module MeshConversion (492)
[2025.10.08-00.35.10:414][749]LogModuleManager: Shutting down and abandoning module DynamicMesh (490)
[2025.10.08-00.35.10:414][749]LogModuleManager: Shutting down and abandoning module GeometryAlgorithms (488)
[2025.10.08-00.35.10:414][749]LogModuleManager: Shutting down and abandoning module GeometricObjects (486)
[2025.10.08-00.35.10:414][749]LogModuleManager: Shutting down and abandoning module GeometryCacheTracks (484)
[2025.10.08-00.35.10:414][749]LogModuleManager: Shutting down and abandoning module GeometryCacheStreamer (482)
[2025.10.08-00.35.10:414][749]LogModuleManager: Shutting down and abandoning module GeometryCacheSequencer (480)
[2025.10.08-00.35.10:414][749]LogModuleManager: Shutting down and abandoning module FractureEditor (478)
[2025.10.08-00.35.10:414][749]LogModuleManager: Shutting down and abandoning module ChaosSolverEditor (476)
[2025.10.08-00.35.10:414][749]LogModuleManager: Shutting down and abandoning module ChaosNiagara (474)
[2025.10.08-00.35.10:414][749]LogModuleManager: Shutting down and abandoning module FieldSystemEngine (473)
[2025.10.08-00.35.10:414][749]LogModuleManager: Shutting down and abandoning module AlembicImporter (470)
[2025.10.08-00.35.10:414][749]LogModuleManager: Shutting down and abandoning module AlembicLibrary (469)
[2025.10.08-00.35.10:414][749]LogModuleManager: Shutting down and abandoning module GeometryCache (468)
[2025.10.08-00.35.10:414][749]LogModuleManager: Shutting down and abandoning module GeometryCacheEd (467)
[2025.10.08-00.35.10:414][749]LogModuleManager: Shutting down and abandoning module ChaosClothEditor (462)
[2025.10.08-00.35.10:414][749]LogModuleManager: Shutting down and abandoning module SpeedTreeImporter (460)
[2025.10.08-00.35.10:414][749]LogModuleManager: Shutting down and abandoning module BackChannel (458)
[2025.10.08-00.35.10:414][749]LogModuleManager: Shutting down and abandoning module AutomationUtilsEditor (456)
[2025.10.08-00.35.10:414][749]LogModuleManager: Shutting down and abandoning module AutomationUtils (454)
[2025.10.08-00.35.10:414][749]LogModuleManager: Shutting down and abandoning module VariantManagerContentEditor (452)
[2025.10.08-00.35.10:414][749]LogModuleManager: Shutting down and abandoning module DatasmithContentEditor (450)
[2025.10.08-00.35.10:415][749]LogModuleManager: Shutting down and abandoning module NiagaraEditorWidgets (448)
[2025.10.08-00.35.10:415][749]LogModuleManager: Shutting down and abandoning module PluginBrowser (446)
[2025.10.08-00.35.10:415][749]LogModuleManager: Shutting down and abandoning module MaterialAnalyzer (444)
[2025.10.08-00.35.10:415][749]LogModuleManager: Shutting down and abandoning module MobileLauncherProfileWizard (442)
[2025.10.08-00.35.10:415][749]LogModuleManager: Shutting down and abandoning module CryptoKeysOpenSSL (440)
[2025.10.08-00.35.10:415][749]LogModuleManager: Shutting down and abandoning module CryptoKeys (438)
[2025.10.08-00.35.10:415][749]LogModuleManager: Shutting down and abandoning module CurveEditorTools (436)
[2025.10.08-00.35.10:415][749]LogModuleManager: Shutting down and abandoning module LightPropagationVolumeEditor (434)
[2025.10.08-00.35.10:415][749]LogModuleManager: Shutting down and abandoning module LiveLinkSequencer (432)
[2025.10.08-00.35.10:415][749]LogModuleManager: Shutting down and abandoning module LiveLinkMovieScene (430)
[2025.10.08-00.35.10:415][749]LogModuleManager: Shutting down and abandoning module LiveLinkGraphNode (428)
[2025.10.08-00.35.10:415][749]LogModuleManager: Shutting down and abandoning module LiveLinkEditor (426)
[2025.10.08-00.35.10:415][749]LogModuleManager: Shutting down and abandoning module LiveLinkComponents (424)
[2025.10.08-00.35.10:415][749]LogModuleManager: Shutting down and abandoning module LiveLink (422)
[2025.10.08-00.35.10:897][749]LogModuleManager: Shutting down and abandoning module PaperTiledImporter (420)
[2025.10.08-00.35.10:897][749]LogModuleManager: Shutting down and abandoning module PaperSpriteSheetImporter (418)
[2025.10.08-00.35.10:897][749]LogModuleManager: Shutting down and abandoning module Paper2DEditor (416)
[2025.10.08-00.35.10:897][749]LogModuleManager: Shutting down and abandoning module MeshPaintingToolset (414)
[2025.10.08-00.35.10:897][749]LogModuleManager: Shutting down and abandoning module MeshPaintEditorMode (412)
[2025.10.08-00.35.10:897][749]LogModuleManager: Shutting down and abandoning module PropertyAccessNode (410)
[2025.10.08-00.35.10:897][749]LogModuleManager: Shutting down and abandoning module AnimationSharing (408)
[2025.10.08-00.35.10:897][749]LogModuleManager: Shutting down and abandoning module RuntimePhysXCooking (406)
[2025.10.08-00.35.10:897][749]LogModuleManager: Shutting down and abandoning module SignificanceManager (404)
[2025.10.08-00.35.10:897][749]LogModuleManager: Shutting down and abandoning module SoundFields (402)
[2025.10.08-00.35.10:897][749]LogModuleManager: Shutting down and abandoning module PropertyAccessEditor (400)
[2025.10.08-00.35.10:897][749]LogModuleManager: Shutting down and abandoning module PhysXVehiclesEditor (398)
[2025.10.08-00.35.10:897][749]LogModuleManager: Shutting down and abandoning module LocationServicesBPLibrary (394)
[2025.10.08-00.35.10:897][749]LogModuleManager: Shutting down and abandoning module AudioSynesthesia (392)
[2025.10.08-00.35.10:897][749]LogModuleManager: Shutting down and abandoning module AudioSynesthesiaCore (390)
[2025.10.08-00.35.10:897][749]LogModuleManager: Shutting down and abandoning module UdpMessaging (388)
[2025.10.08-00.35.10:999][749]LogModuleManager: Shutting down and abandoning module TcpMessaging (386)
[2025.10.08-00.35.11:100][749]LogModuleManager: Shutting down and abandoning module ActorSequence (384)
[2025.10.08-00.35.11:100][749]LogModuleManager: Shutting down and abandoning module MagicLeapARPin (382)
[2025.10.08-00.35.11:100][749]LogModuleManager: Shutting down and abandoning module MagicLeapHandMeshing (380)
[2025.10.08-00.35.11:100][749]LogModuleManager: Shutting down and abandoning module MagicLeapSecureStorage (378)
[2025.10.08-00.35.11:100][749]LogModuleManager: Shutting down and abandoning module MagicLeapPrivileges (376)
[2025.10.08-00.35.11:100][749]LogModuleManager: Shutting down and abandoning module MagicLeapPlanes (374)
[2025.10.08-00.35.11:100][749]LogMagicLeapPlanes: Planes tracker already destroyed.
[2025.10.08-00.35.11:100][749]LogModuleManager: Shutting down and abandoning module MagicLeapImageTracker (372)
[2025.10.08-00.35.11:100][749]LogModuleManager: Shutting down and abandoning module MagicLeapIdentity (370)
[2025.10.08-00.35.11:100][749]LogModuleManager: Shutting down and abandoning module MagicLeapHandTracking (368)
[2025.10.08-00.35.11:100][749]LogModuleManager: Shutting down and abandoning module MagicLeapEyeTracker (366)
[2025.10.08-00.35.11:100][749]LogModuleManager: Shutting down and abandoning module MagicLeapController (364)
[2025.10.08-00.35.11:100][749]LogModuleManager: Shutting down and abandoning module MagicLeapARPinImpl (362)
[2025.10.08-00.35.11:100][749]LogModuleManager: Shutting down and abandoning module MagicLeapAR (360)
[2025.10.08-00.35.11:100][749]LogModuleManager: Shutting down and abandoning module ImgMediaEngine (358)
[2025.10.08-00.35.11:100][749]LogModuleManager: Shutting down and abandoning module PythonScriptPlugin (356)
[2025.10.08-00.35.11:100][749]LogModuleManager: Shutting down and abandoning module NiagaraAnimNotifies (354)
[2025.10.08-00.35.11:100][749]LogModuleManager: Shutting down and abandoning module Niagara (352)
[2025.10.08-00.35.11:100][749]LogModuleManager: Shutting down and abandoning module SignalProcessing (351)
[2025.10.08-00.35.11:100][749]LogModuleManager: Shutting down and abandoning module NiagaraEditor (349)
[2025.10.08-00.35.11:100][749]LogModuleManager: Shutting down and abandoning module NiagaraCore (346)
[2025.10.08-00.35.11:100][749]LogModuleManager: Shutting down and abandoning module FacialAnimationEditor (344)
[2025.10.08-00.35.11:100][749]LogModuleManager: Shutting down and abandoning module FacialAnimation (342)
[2025.10.08-00.35.11:100][749]LogModuleManager: Shutting down and abandoning module DataValidation (340)
[2025.10.08-00.35.11:100][749]LogModuleManager: Shutting down and abandoning module AssetManagerEditor (338)
[2025.10.08-00.35.11:100][749]LogModuleManager: Shutting down and abandoning module LevelEditor (337)
[2025.10.08-00.35.11:101][749]LogModuleManager: Shutting down and abandoning module PixelInspectorModule (336)
[2025.10.08-00.35.11:101][749]LogModuleManager: Shutting down and abandoning module CommonMenuExtensions (334)
[2025.10.08-00.35.11:101][749]LogModuleManager: Shutting down and abandoning module MainFrame (332)
[2025.10.08-00.35.11:101][749]LogModuleManager: Shutting down and abandoning module HotReload (331)
[2025.10.08-00.35.11:102][749]LogModuleManager: Shutting down and abandoning module ToolMenus (327)
[2025.10.08-00.35.11:102][749]LogModuleManager: Shutting down and abandoning module ContentBrowser (325)
[2025.10.08-00.35.11:102][749]LogModuleManager: Shutting down and abandoning module ContentBrowserData (324)
[2025.10.08-00.35.11:102][749]LogModuleManager: Shutting down and abandoning module TreeMap (321)
[2025.10.08-00.35.11:102][749]LogModuleManager: Shutting down and abandoning module GameplayTagsEditor (318)
[2025.10.08-00.35.11:102][749]LogModuleManager: Shutting down and abandoning module LightPropagationVolumeRuntime (316)
[2025.10.08-00.35.11:102][749]LogModuleManager: Shutting down and abandoning module GameplayCameras (314)
[2025.10.08-00.35.11:102][749]LogModuleManager: Shutting down and abandoning module EnvironmentQueryEditor (312)
[2025.10.08-00.35.11:102][749]LogModuleManager: Shutting down and abandoning module Paper2D (310)
[2025.10.08-00.35.11:102][749]LogModuleManager: Shutting down and abandoning module WindowsMoviePlayer (308)
[2025.10.08-00.35.11:103][749]LogModuleManager: Shutting down and abandoning module WebMMoviePlayer (306)
[2025.10.08-00.35.11:103][749]LogModuleManager: Shutting down and abandoning module NetworkReplayStreaming (304)
[2025.10.08-00.35.11:103][749]LogModuleManager: Shutting down and abandoning module PacketHandler (302)
[2025.10.08-00.35.11:103][749]LogModuleManager: Shutting down and abandoning module ClothingSystemEditor (300)
[2025.10.08-00.35.11:104][749]LogModuleManager: Shutting down and abandoning module ClothingSystemRuntimeNv (298)
[2025.10.08-00.35.11:104][749]LogModuleManager: Shutting down and abandoning module MediaAssets (296)
[2025.10.08-00.35.11:104][749]LogModuleManager: Shutting down and abandoning module Overlay (294)
[2025.10.08-00.35.11:104][749]LogModuleManager: Shutting down and abandoning module OverlayEditor (293)
[2025.10.08-00.35.11:104][749]LogModuleManager: Shutting down and abandoning module VREditor (290)
[2025.10.08-00.35.11:104][749]LogModuleManager: Shutting down and abandoning module StringTableEditor (288)
[2025.10.08-00.35.11:104][749]LogModuleManager: Shutting down and abandoning module GameplayTasksEditor (286)
[2025.10.08-00.35.11:104][749]LogModuleManager: Shutting down and abandoning module BehaviorTreeEditor (284)
[2025.10.08-00.35.11:104][749]LogModuleManager: Shutting down and abandoning module FunctionalTesting (282)
[2025.10.08-00.35.11:104][749]LogModuleManager: Shutting down and abandoning module CollisionAnalyzer (280)
[2025.10.08-00.35.11:104][749]LogModuleManager: Shutting down and abandoning module WorkspaceMenuStructure (279)
[2025.10.08-00.35.11:104][749]LogModuleManager: Shutting down and abandoning module UMG (276)
[2025.10.08-00.35.11:104][749]LogModuleManager: Shutting down and abandoning module UMGEditor (275)
[2025.10.08-00.35.11:104][749]LogModuleManager: Shutting down and abandoning module MessageLog (273)
[2025.10.08-00.35.11:104][749]LogModuleManager: Shutting down and abandoning module SlateReflector (268)
[2025.10.08-00.35.11:104][749]LogModuleManager: Shutting down and abandoning module Slate (266)
[2025.10.08-00.35.11:104][749]LogModuleManager: Shutting down and abandoning module SlateCore (264)
[2025.10.08-00.35.11:105][749]LogModuleManager: Shutting down and abandoning module LandscapeEditorUtilities (262)
[2025.10.08-00.35.11:105][749]LogModuleManager: Shutting down and abandoning module UnrealEd (260)
[2025.10.08-00.35.11:105][749]LogModuleManager: Shutting down and abandoning module MRMesh (258)
[2025.10.08-00.35.11:105][749]LogModuleManager: Shutting down and abandoning module SourceCodeAccess (256)
[2025.10.08-00.35.11:105][749]LogModuleManager: Shutting down and abandoning module HeadMountedDisplay (254)
[2025.10.08-00.35.11:105][749]LogModuleManager: Shutting down and abandoning module XAudio2 (252)
[2025.10.08-00.35.11:105][749]LogModuleManager: Shutting down and abandoning module Networking (250)
[2025.10.08-00.35.11:105][749]LogModuleManager: Shutting down and abandoning module Core (248)
[2025.10.08-00.35.11:105][749]LogModuleManager: Shutting down and abandoning module MaterialEditor (246)
[2025.10.08-00.35.11:106][749]LogModuleManager: Shutting down and abandoning module MovieSceneTools (244)
[2025.10.08-00.35.11:106][749]LogModuleManager: Shutting down and abandoning module CurveEditor (243)
[2025.10.08-00.35.11:106][749]LogModuleManager: Shutting down and abandoning module Sequencer (241)
[2025.10.08-00.35.11:106][749]LogModuleManager: Shutting down and abandoning module EditorStyle (240)
[2025.10.08-00.35.11:107][749]LogModuleManager: Shutting down and abandoning module KismetCompiler (236)
[2025.10.08-00.35.11:107][749]LogModuleManager: Shutting down and abandoning module MeshBuilder (234)
[2025.10.08-00.35.11:107][749]LogModuleManager: Shutting down and abandoning module MeshUtilities (232)
[2025.10.08-00.35.11:107][749]LogModuleManager: Shutting down and abandoning module MeshMergeUtilities (231)
[2025.10.08-00.35.11:107][749]LogModuleManager: Shutting down and abandoning module MeshReductionInterface (230)
[2025.10.08-00.35.11:107][749]LogModuleManager: Shutting down and abandoning module MeshBoneReduction (229)
[2025.10.08-00.35.11:107][749]LogModuleManager: Shutting down and abandoning module SkeletalMeshReduction (227)
[2025.10.08-00.35.11:107][749]LogModuleManager: Shutting down and abandoning module ProxyLODMeshReduction (225)
[2025.10.08-00.35.11:107][749]LogModuleManager: Shutting down and abandoning module QuadricMeshReduction (223)
[2025.10.08-00.35.11:107][749]LogModuleManager: Shutting down and abandoning module MaterialBaking (219)
[2025.10.08-00.35.11:107][749]LogModuleManager: Shutting down and abandoning module NullInstallBundleManager (214)
[2025.10.08-00.35.11:107][749]LogModuleManager: Shutting down and abandoning module DerivedDataCache (212)
[2025.10.08-00.35.11:107][749]LogModuleManager: Shutting down and abandoning module TargetPlatform (210)
[2025.10.08-00.35.11:107][749]LogModuleManager: Shutting down and abandoning module VulkanShaderFormat (209)
[2025.10.08-00.35.11:107][749]LogModuleManager: Shutting down and abandoning module ShaderFormatVectorVM (207)
[2025.10.08-00.35.11:107][749]LogModuleManager: Shutting down and abandoning module ShaderFormatOpenGL (205)
[2025.10.08-00.35.11:107][749]LogModuleManager: Shutting down and abandoning module ShaderFormatD3D (203)
[2025.10.08-00.35.11:107][749]LogModuleManager: Shutting down and abandoning module MetalShaderFormat (201)
[2025.10.08-00.35.11:107][749]LogModuleManager: Shutting down and abandoning module TextureFormatOodle (199)
[2025.10.08-00.35.11:107][749]LogModuleManager: Shutting down and abandoning module TextureFormatUncompressed (197)
[2025.10.08-00.35.11:107][749]LogModuleManager: Shutting down and abandoning module TextureFormatPVR (195)
[2025.10.08-00.35.11:107][749]LogModuleManager: Shutting down and abandoning module TextureFormatETC2 (193)
[2025.10.08-00.35.11:107][749]LogModuleManager: Shutting down and abandoning module TextureFormatDXT (191)
[2025.10.08-00.35.11:107][749]LogModuleManager: Shutting down and abandoning module TextureFormatIntelISPCTexComp (189)
[2025.10.08-00.35.11:107][749]LogModuleManager: Shutting down and abandoning module TextureFormatASTC (187)
[2025.10.08-00.35.11:107][749]LogModuleManager: Shutting down and abandoning module ImageWrapper (186)
[2025.10.08-00.35.11:107][749]LogModuleManager: Shutting down and abandoning module AudioFormatOpus (183)
[2025.10.08-00.35.11:107][749]LogModuleManager: Shutting down and abandoning module AudioFormatOgg (181)
[2025.10.08-00.35.11:107][749]LogModuleManager: Shutting down and abandoning module AudioFormatADPCM (179)
[2025.10.08-00.35.11:107][749]LogModuleManager: Shutting down and abandoning module WindowsServerTargetPlatform (177)
[2025.10.08-00.35.11:107][749]LogModuleManager: Shutting down and abandoning module WindowsClientTargetPlatform (175)
[2025.10.08-00.35.11:107][749]LogModuleManager: Shutting down and abandoning module WindowsTargetPlatform (173)
[2025.10.08-00.35.11:107][749]LogModuleManager: Shutting down and abandoning module WindowsNoEditorTargetPlatform (171)
[2025.10.08-00.35.11:107][749]LogModuleManager: Shutting down and abandoning module TVOSTargetPlatform (169)
[2025.10.08-00.35.11:108][749]LogModuleManager: Shutting down and abandoning module MacServerTargetPlatform (167)
[2025.10.08-00.35.11:108][749]LogModuleManager: Shutting down and abandoning module MacClientTargetPlatform (165)
[2025.10.08-00.35.11:108][749]LogModuleManager: Shutting down and abandoning module MacTargetPlatform (163)
[2025.10.08-00.35.11:108][749]LogModuleManager: Shutting down and abandoning module MacNoEditorTargetPlatform (161)
[2025.10.08-00.35.11:108][749]LogModuleManager: Shutting down and abandoning module LuminTargetPlatform (159)
[2025.10.08-00.35.11:108][749]LogModuleManager: Shutting down and abandoning module LinuxAArch64ServerTargetPlatform (157)
[2025.10.08-00.35.11:108][749]LogModuleManager: Shutting down and abandoning module LinuxAArch64ClientTargetPlatform (155)
[2025.10.08-00.35.11:108][749]LogModuleManager: Shutting down and abandoning module LinuxAArch64NoEditorTargetPlatform (153)
[2025.10.08-00.35.11:108][749]LogModuleManager: Shutting down and abandoning module LinuxServerTargetPlatform (151)
[2025.10.08-00.35.11:108][749]LogModuleManager: Shutting down and abandoning module LinuxClientTargetPlatform (149)
[2025.10.08-00.35.11:108][749]LogModuleManager: Shutting down and abandoning module LinuxNoEditorTargetPlatform (147)
[2025.10.08-00.35.11:108][749]LogModuleManager: Shutting down and abandoning module LinuxTargetPlatform (145)
[2025.10.08-00.35.11:108][749]LogModuleManager: Shutting down and abandoning module Messaging (143)
[2025.10.08-00.35.11:108][749]LogModuleManager: Shutting down and abandoning module IOSTargetPlatform (141)
[2025.10.08-00.35.11:110][749]LogModuleManager: Shutting down and abandoning module AndroidTargetPlatform (139)
[2025.10.08-00.35.11:114][749]LogModuleManager: Shutting down and abandoning module AllDesktopTargetPlatform (137)
[2025.10.08-00.35.11:114][749]LogModuleManager: Shutting down and abandoning module D3D11RHI (134)
[2025.10.08-00.35.11:114][749]LogModuleManager: Shutting down and abandoning module InputCore (132)
[2025.10.08-00.35.11:114][749]LogModuleManager: Shutting down and abandoning module Settings (130)
[2025.10.08-00.35.11:114][749]LogModuleManager: Shutting down and abandoning module DirectoryWatcher (128)
[2025.10.08-00.35.11:114][749]LogModuleManager: Shutting down and abandoning module PhysXCooking (126)
[2025.10.08-00.35.11:114][749]LogModuleManager: Shutting down and abandoning module Chaos (124)
[2025.10.08-00.35.11:114][749]LogModuleManager: Shutting down and abandoning module WindowsPlatformFeatures (122)
[2025.10.08-00.35.11:114][749]LogModuleManager: Shutting down and abandoning module GameplayMediaEncoder (121)
[2025.10.08-00.35.11:114][749]LogModuleManager: Shutting down and abandoning module AVEncoder (120)
[2025.10.08-00.35.11:114][749]LogModuleManager: Shutting down and abandoning module SteamVRInputDevice (116)
[2025.10.08-00.35.11:114][749]LogModuleManager: Shutting down and abandoning module SteamVRInput (114)
[2025.10.08-00.35.11:114][749]LogModuleManager: Shutting down and abandoning module SteamVR (112)
[2025.10.08-00.35.11:114][749]LogHMD: Freeing OpenVRDLLHandle.
[2025.10.08-00.35.11:114][749]LogModuleManager: Shutting down and abandoning module OculusHMD (110)
[2025.10.08-00.35.11:114][749]LogModuleManager: Shutting down and abandoning module PixWinPlugin (108)
[2025.10.08-00.35.11:114][749]LogModuleManager: Shutting down and abandoning module OpenXRHandTracking (106)
[2025.10.08-00.35.11:114][749]LogSlate: Slate User Destroyed.  User Index 0, Is Virtual User: 0
[2025.10.08-00.35.11:115][749]LogModuleManager: Shutting down and abandoning module OpenXRAR (104)
[2025.10.08-00.35.11:115][749]LogModuleManager: Shutting down and abandoning module AugmentedReality (103)
[2025.10.08-00.35.11:115][749]LogModuleManager: Shutting down and abandoning module OpenXRHMD (100)
[2025.10.08-00.35.11:115][749]LogModuleManager: Shutting down and abandoning module OpenXREyeTracker (98)
[2025.10.08-00.35.11:115][749]LogModuleManager: Shutting down and abandoning module ExampleDeviceProfileSelector (96)
[2025.10.08-00.35.11:115][749]LogModuleManager: Shutting down and abandoning module ChunkDownloader (94)
[2025.10.08-00.35.11:115][749]LogModuleManager: Shutting down and abandoning module LauncherChunkInstaller (92)
[2025.10.08-00.35.11:115][749]LogModuleManager: Shutting down and abandoning module OnlineBlueprintSupport (90)
[2025.10.08-00.35.11:115][749]LogModuleManager: Shutting down and abandoning module OnlineSubsystem (86)
[2025.10.08-00.35.11:116][749]LogModuleManager: Shutting down and abandoning module XMPP (81)
[2025.10.08-00.35.11:116][749]LogModuleManager: Shutting down and abandoning module WebSockets (80)
[2025.10.08-00.35.11:121][749]LogModuleManager: Shutting down and abandoning module HTTP (77)
[2025.10.08-00.35.11:122][749]LogHttp: Display: Http module shutting down, but needs to wait on 1 outstanding Http requests:
[2025.10.08-00.35.11:122][749]LogHttp: Display: 	verb=[POST] url=[https://datarouter.ol.epicgames.com/datarouter/api/v1/public/data?SessionID=%7B8410E92E-4810-77BE-822D-5C9966CD1037%7D&AppID=UEEditor.Rocket.Release&AppVersion=4.27.2-18319896%2B%2B%2BUE4%2BRelease-4.27&UserID=106420de46d929294abfc8b017828d87%7Cab1ea508c15a42afa321ecd109f3df9e%7Cdfe7e829-9b4b-4fce-83d9-53ac20851907&AppEnvironment=datacollector-binary&UploadType=eteventstream] refs=[1] status=Processing
[2025.10.08-00.35.11:122][749]LogHttp: Display: cleaning up 1 outstanding Http requests.
[2025.10.08-00.35.11:151][749]LogModuleManager: Shutting down and abandoning module SSL (76)
[2025.10.08-00.35.11:152][749]LogModuleManager: Shutting down and abandoning module MLSDK (72)
[2025.10.08-00.35.11:152][749]LogModuleManager: Shutting down and abandoning module WmfMedia (70)
[2025.10.08-00.35.11:154][749]LogModuleManager: Shutting down and abandoning module Media (69)
[2025.10.08-00.35.11:155][749]LogModuleManager: Shutting down and abandoning module MediaInfo (68)
[2025.10.08-00.35.11:155][749]LogModuleManager: Shutting down and abandoning module MagicLeap (64)
[2025.10.08-00.35.11:155][749]LogModuleManager: Shutting down and abandoning module ExrReaderGpu (62)
[2025.10.08-00.35.11:155][749]LogModuleManager: Shutting down and abandoning module ChaosCloth (60)
[2025.10.08-00.35.11:155][749]LogModuleManager: Shutting down and abandoning module VariantManagerContent (58)
[2025.10.08-00.35.11:155][749]LogModuleManager: Shutting down and abandoning module DatasmithContent (56)
[2025.10.08-00.35.11:156][749]LogModuleManager: Shutting down and abandoning module NiagaraVertexFactories (54)
[2025.10.08-00.35.11:156][749]LogModuleManager: Shutting down and abandoning module NiagaraShader (52)
[2025.10.08-00.35.11:156][749]LogModuleManager: Shutting down and abandoning module AISupportModule (50)
[2025.10.08-00.35.11:156][749]LogModuleManager: Shutting down and abandoning module DesktopPlatform (48)
[2025.10.08-00.35.11:156][749]LogModuleManager: Shutting down and abandoning module OodleDataCompressionFormat (46)
[2025.10.08-00.35.11:156][749]LogModuleManager: Shutting down and abandoning module PythonScriptPluginPreload (44)
[2025.10.08-00.35.11:156][749]LogModuleManager: Shutting down and abandoning module PlatformCryptoOpenSSL (42)
[2025.10.08-00.35.11:156][749]LogModuleManager: Shutting down and abandoning module PlatformCryptoTypes (40)
[2025.10.08-00.35.11:156][749]LogModuleManager: Shutting down and abandoning module PlatformCrypto (38)
[2025.10.08-00.35.11:156][749]LogModuleManager: Shutting down and abandoning module XGEController (36)
[2025.10.08-00.35.11:156][749]LogXGEController: Cleaning working directory: C:/Users/sambb/AppData/Local/Temp/UnrealXGEWorkingDir/
[2025.10.08-00.35.11:157][749]LogModuleManager: Shutting down and abandoning module AnimationModifiers (34)
[2025.10.08-00.35.11:157][749]LogModuleManager: Shutting down and abandoning module AudioEditor (32)
[2025.10.08-00.35.11:157][749]LogModuleManager: Shutting down and abandoning module PropertyEditor (31)
[2025.10.08-00.35.11:157][749]LogModuleManager: Shutting down and abandoning module TextureCompressor (28)
[2025.10.08-00.35.11:157][749]LogModuleManager: Shutting down and abandoning module RenderCore (26)
[2025.10.08-00.35.11:157][749]LogModuleManager: Shutting down and abandoning module Landscape (24)
[2025.10.08-00.35.11:157][749]LogModuleManager: Shutting down and abandoning module SlateRHIRenderer (22)
[2025.10.08-00.35.11:157][749]LogModuleManager: Shutting down and abandoning module AnimGraphRuntime (20)
[2025.10.08-00.35.11:157][749]LogModuleManager: Shutting down and abandoning module Renderer (18)
[2025.10.08-00.35.11:157][749]LogModuleManager: Shutting down and abandoning module Engine (16)
[2025.10.08-00.35.11:157][749]LogModuleManager: Shutting down and abandoning module CoreUObject (14)
[2025.10.08-00.35.11:157][749]LogModuleManager: Shutting down and abandoning module NetworkFile (12)
[2025.10.08-00.35.11:157][749]LogModuleManager: Shutting down and abandoning module CookedIterativeFile (10)
[2025.10.08-00.35.11:157][749]LogModuleManager: Shutting down and abandoning module StreamingFile (8)
[2025.10.08-00.35.11:157][749]LogModuleManager: Shutting down and abandoning module SandboxFile (6)
[2025.10.08-00.35.11:157][749]LogModuleManager: Shutting down and abandoning module PakFile (4)
[2025.10.08-00.35.11:157][749]LogModuleManager: Shutting down and abandoning module RSA (3)
[2025.10.08-00.35.11:159][749]LogContentStreaming: Display: There are 1 unreleased StreamingManagers
[2025.10.08-00.35.11:204][749]LogD3D11RHI: Shutdown
[2025.10.08-00.35.11:204][749]LogD3D11RHI: CleanupD3DDevice
[2025.10.08-00.35.11:210][749]LogExit: Exiting.
[2025.10.08-00.35.11:224][749]Log file closed, 10/07/25 18:35:11
