Log file open, 10/12/25 16:55:31
LogWindows: Failed to load 'aqProf.dll' (GetLastError=126)
LogWindows: File 'aqProf.dll' does not exist
LogWindows: Failed to load 'VtuneApi.dll' (GetLastError=126)
LogWindows: File 'VtuneApi.dll' does not exist
LogWindows: Failed to load 'VtuneApi32e.dll' (GetLastError=126)
LogWindows: File 'VtuneApi32e.dll' does not exist
LogConsoleResponse: Display: Failed to find resolution value strings in scalability ini. Falling back to default.
LogConsoleResponse: Display: Failed to find resolution value strings in scalability ini. Falling back to default.
LogInit: Display: Running engine for game: TasteOfMadness
LogPlatformFile: Not using cached read wrapper
LogTaskGraph: Started task graph with 5 named threads and 35 total threads with 3 sets of task threads.
LogStats: Stats thread started at 0.189510
LogICUInternationalization: ICU TimeZone Detection - Raw Offset: -6:00, Platform Override: ''
LogInit: Display: Loading text-based GConfig....
LogPluginManager: Mounting plugin MeshPainting
LogPluginManager: Mounting plugin XGEController
LogPluginManager: Mounting plugin Paper2D
LogPluginManager: Mounting plugin AISupport
LogPluginManager: Mounting plugin EnvironmentQueryEditor
LogPluginManager: Mounting plugin LiveLink
LogPluginManager: Mounting plugin LightPropagationVolume
LogPluginManager: Mounting plugin GameplayCameras
LogPluginManager: Mounting plugin CameraShakePreviewer
LogPluginManager: Mounting plugin OodleData
LogPluginManager: Mounting plugin OodleNetwork
LogPluginManager: Mounting plugin AnimationSharing
LogPluginManager: Mounting plugin CLionSourceCodeAccess
LogPluginManager: Mounting plugin CodeLiteSourceCodeAccess
LogPluginManager: Mounting plugin GitSourceControl
LogPluginManager: Mounting plugin NullSourceCodeAccess
LogPluginManager: Mounting plugin PixWinPlugin
LogPluginManager: Mounting plugin KDevelopSourceCodeAccess
LogPluginManager: Mounting plugin PerforceSourceControl
LogPluginManager: Mounting plugin PluginUtils
LogPluginManager: Mounting plugin PlasticSourceControl
LogPluginManager: Mounting plugin PropertyAccessNode
LogPluginManager: Mounting plugin UObjectPlugin
LogPluginManager: Mounting plugin VisualStudioSourceCodeAccess
LogPluginManager: Mounting plugin VisualStudioCodeSourceCodeAccess
LogPluginManager: Mounting plugin XCodeSourceCodeAccess
LogPluginManager: Mounting plugin SubversionSourceControl
LogPluginManager: Mounting plugin RiderSourceCodeAccess
LogPluginManager: Mounting plugin TextureFormatOodle
LogPluginManager: Mounting plugin AssetManagerEditor
LogPluginManager: Mounting plugin VariantManagerContent
LogPluginManager: Mounting plugin CurveEditorTools
LogPluginManager: Mounting plugin Niagara
LogPluginManager: Mounting plugin CryptoKeys
LogPluginManager: Mounting plugin FacialAnimation
LogPluginManager: Mounting plugin GeometryMode
LogPluginManager: Mounting plugin GameplayTagsEditor
LogPluginManager: Mounting plugin MacGraphicsSwitching
LogPluginManager: Mounting plugin MaterialAnalyzer
LogPluginManager: Mounting plugin MobileLauncherProfileWizard
LogPluginManager: Mounting plugin SpeedTreeImporter
LogPluginManager: Mounting plugin MagicLeap
LogPluginManager: Mounting plugin LuminPlatformFeatures
LogPluginManager: Mounting plugin DataValidation
LogPluginManager: Mounting plugin MagicLeapLightEstimation
LogPluginManager: Mounting plugin PluginBrowser
LogPluginManager: Mounting plugin MagicLeapMedia
LogPluginManager: Mounting plugin MagicLeapPassableWorld
LogPluginManager: Mounting plugin MLSDK
LogPluginManager: Mounting plugin AndroidMedia
LogPluginManager: Mounting plugin AvfMedia
LogPluginManager: Mounting plugin DatasmithContent
LogPluginManager: Mounting plugin ImgMedia
LogPluginManager: Mounting plugin MediaCompositing
LogPluginManager: Mounting plugin MediaPlayerEditor
LogPluginManager: Mounting plugin WebMMedia
LogPluginManager: Mounting plugin ActorSequence
LogPluginManager: Mounting plugin WmfMedia
LogPluginManager: Mounting plugin MatineeToLevelSequence
LogPluginManager: Mounting plugin LevelSequenceEditor
LogPluginManager: Mounting plugin TemplateSequence
LogPluginManager: Mounting plugin TcpMessaging
LogPluginManager: Mounting plugin UdpMessaging
LogPluginManager: Mounting plugin OnlineSubsystem
LogPluginManager: Mounting plugin OnlineSubsystemNull
LogPluginManager: Mounting plugin OnlineSubsystemUtils
LogPluginManager: Mounting plugin LauncherChunkInstaller
LogPluginManager: Mounting plugin ActorLayerUtilities
LogPluginManager: Mounting plugin ScreenshotTools
LogPluginManager: Mounting plugin Takes
LogPluginManager: Mounting plugin AndroidDeviceProfileSelector
LogPluginManager: Mounting plugin AndroidMoviePlayer
LogPluginManager: Mounting plugin AndroidPermission
LogPluginManager: Mounting plugin AppleMoviePlayer
LogPluginManager: Mounting plugin AppleImageUtils
LogPluginManager: Mounting plugin ArchVisCharacter
LogPluginManager: Mounting plugin AssetTags
LogPluginManager: Mounting plugin AudioCapture
LogPluginManager: Mounting plugin AudioSynesthesia
LogPluginManager: Mounting plugin CustomMeshComponent
LogPluginManager: Mounting plugin CableComponent
LogPluginManager: Mounting plugin ChunkDownloader
LogPluginManager: Mounting plugin EditableMesh
LogPluginManager: Mounting plugin ExampleDeviceProfileSelector
LogPluginManager: Mounting plugin GoogleCloudMessaging
LogPluginManager: Mounting plugin GooglePAD
LogPluginManager: Mounting plugin IOSDeviceProfileSelector
LogPluginManager: Mounting plugin LinuxDeviceProfileSelector
LogPluginManager: Mounting plugin LocationServicesBPLibrary
LogPluginManager: Mounting plugin MobilePatchingUtils
LogPluginManager: Mounting plugin OpenXR
LogPluginManager: Mounting plugin OpenXREyeTracker
LogPluginManager: Mounting plugin OpenXRHandTracking
LogPluginManager: Mounting plugin PostSplashScreen
LogPluginManager: Mounting plugin ProceduralMeshComponent
LogPluginManager: Mounting plugin PhysXVehicles
LogPluginManager: Mounting plugin PropertyAccessEditor
LogPluginManager: Mounting plugin RuntimePhysXCooking
LogPluginManager: Mounting plugin SignificanceManager
LogPluginManager: Mounting plugin SoundFields
LogPluginManager: Mounting plugin Synthesis
LogPluginManager: Mounting plugin WebMMoviePlayer
LogPluginManager: Mounting plugin WindowsMoviePlayer
LogPluginManager: Mounting plugin AlembicImporter
LogPluginManager: Mounting plugin BackChannel
LogPluginManager: Mounting plugin ChaosCloth
LogPluginManager: Mounting plugin ChaosClothEditor
LogPluginManager: Mounting plugin AutomationUtils
LogPluginManager: Mounting plugin ChaosEditor
LogPluginManager: Mounting plugin ChaosSolverPlugin
LogPluginManager: Mounting plugin ChaosNiagara
LogPluginManager: Mounting plugin CharacterAI
LogPluginManager: Mounting plugin GeometryCache
LogPluginManager: Mounting plugin GeometryCollectionPlugin
LogPluginManager: Mounting plugin GeometryProcessing
LogPluginManager: Mounting plugin MotoSynth
LogPluginManager: Mounting plugin OpenImageDenoise
LogPluginManager: Mounting plugin PlanarCut
LogPluginManager: Mounting plugin ProxyLODPlugin
LogPluginManager: Mounting plugin PythonScriptPlugin
LogPluginManager: Mounting plugin PlatformCrypto
LogPluginManager: Mounting plugin SkeletalReduction
LogPluginManager: Mounting plugin ContentBrowserAssetDataSource
LogPluginManager: Mounting plugin ContentBrowserClassDataSource
LogPluginManager: Mounting plugin ContentBrowserFileDataSource
LogPluginManager: Mounting plugin OnlineSubsystemGooglePlay
LogPluginManager: Mounting plugin OnlineSubsystemIOS
LogPluginManager: Mounting plugin OculusVR
LogPluginManager: Mounting plugin SteamVR
PixWinPlugin: PIX capture plugin failed to initialize! Check that the process is launched from PIX.
LogInit: Using libcurl 7.55.1-DEV
LogInit:  - built for x86_64-pc-win32
LogInit:  - supports SSL with OpenSSL/1.1.1
LogInit:  - supports HTTP deflate (compression) using libz 1.2.8
LogInit:  - other features:
LogInit:      CURL_VERSION_SSL
LogInit:      CURL_VERSION_LIBZ
LogInit:      CURL_VERSION_IPV6
LogInit:      CURL_VERSION_ASYNCHDNS
LogInit:      CURL_VERSION_LARGEFILE
LogInit:      CURL_VERSION_IDN
LogInit:  CurlRequestOptions (configurable via config and command line):
LogInit:  - bVerifyPeer = true  - Libcurl will verify peer certificate
LogInit:  - bUseHttpProxy = false  - Libcurl will NOT use HTTP proxy
LogInit:  - bDontReuseConnections = false  - Libcurl will reuse connections
LogInit:  - MaxHostConnections = 16  - Libcurl will limit the number of connections to a host
LogInit:  - LocalHostAddr = Default
LogInit:  - BufferSize = 65536
LogOnline: OSS: Creating online subsystem instance for: NULL
LogInit: WinSock: version 1.1 (2.2), MaxSocks=32767, MaxUdp=65467
LogOnline: OSS: TryLoadSubsystemAndSetDefault: Loaded subsystem for module [NULL]
LogOculusPluginWrapper: OculusPlugin initialized successfully
LogHMD: Failed initializing OVRPlugin 1.59.0
LogInit: Build: ++UE4+Release-4.27-CL-18319896
LogInit: Engine Version: 4.27.2-18319896+++UE4+Release-4.27
LogInit: Compatible Engine Version: 4.27.0-17155196+++UE4+Release-4.27
LogInit: Net CL: 17155196
LogInit: OS: Windows 10 (Release 2009) (), CPU: AMD Ryzen 5 5600 6-Core Processor              , GPU: NVIDIA GeForce RTX 3060
LogInit: Compiled (64-bit): Nov 30 2021 07:12:08
LogInit: Compiled with Visual C++: 19.24.28315.00
LogInit: Build Configuration: Development
LogInit: Branch Name: ++UE4+Release-4.27
LogInit: Command Line: 
LogInit: Base Directory: E:/Epic/UE_4.27/Engine/Binaries/Win64/
LogInit: Allocator: TBB
LogInit: Installed Engine Build: 1
LogDevObjectVersion: Number of dev versions registered: 29
LogDevObjectVersion:   Dev-Blueprints (B0D832E4-1F89-4F0D-ACCF-7EB736FD4AA2): 10
LogDevObjectVersion:   Dev-Build (E1C64328-A22C-4D53-A36C-8E866417BD8C): 0
LogDevObjectVersion:   Dev-Core (375EC13C-06E4-48FB-B500-84F0262A717E): 4
LogDevObjectVersion:   Dev-Editor (E4B068ED-F494-42E9-A231-DA0B2E46BB41): 40
LogDevObjectVersion:   Dev-Framework (CFFC743F-43B0-4480-9391-14DF171D2073): 37
LogDevObjectVersion:   Dev-Mobile (B02B49B5-BB20-44E9-A304-32B752E40360): 3
LogDevObjectVersion:   Dev-Networking (A4E4105C-59A1-49B5-A7C5-40C4547EDFEE): 0
LogDevObjectVersion:   Dev-Online (39C831C9-5AE6-47DC-9A44-9C173E1C8E7C): 0
LogDevObjectVersion:   Dev-Physics (78F01B33-EBEA-4F98-B9B4-84EACCB95AA2): 14
LogDevObjectVersion:   Dev-Platform (6631380F-2D4D-43E0-8009-CF276956A95A): 0
LogDevObjectVersion:   Dev-Rendering (12F88B9F-8875-4AFC-A67C-D90C383ABD29): 45
LogDevObjectVersion:   Dev-Sequencer (7B5AE74C-D270-4C10-A958-57980B212A5A): 13
LogDevObjectVersion:   Dev-VR (D7296918-1DD6-4BDD-9DE2-64A83CC13884): 3
LogDevObjectVersion:   Dev-LoadTimes (C2A15278-BFE7-4AFE-6C17-90FF531DF755): 1
LogDevObjectVersion:   Private-Geometry (6EACA3D4-40EC-4CC1-B786-8BED09428FC5): 3
LogDevObjectVersion:   Dev-AnimPhys (29E575DD-E0A3-4627-9D10-D276232CDCEA): 17
LogDevObjectVersion:   Dev-Anim (AF43A65D-7FD3-4947-9873-3E8ED9C1BB05): 15
LogDevObjectVersion:   Dev-ReflectionCapture (6B266CEC-1EC7-4B8F-A30B-E4D90942FC07): 1
LogDevObjectVersion:   Dev-Automation (0DF73D61-A23F-47EA-B727-89E90C41499A): 1
LogDevObjectVersion:   FortniteMain (601D1886-AC64-4F84-AA16-D3DE0DEAC7D6): 47
LogDevObjectVersion:   FortniteRelease (E7086368-6B23-4C58-8439-1B7016265E91): 1
LogDevObjectVersion:   Dev-Enterprise (9DFFBCD6-494F-0158-E221-12823C92A888): 10
LogDevObjectVersion:   Dev-Niagara (F2AED0AC-9AFE-416F-8664-AA7FFA26D6FC): 1
LogDevObjectVersion:   Dev-Destruction (174F1F0B-B4C6-45A5-B13F-2EE8D0FB917D): 10
LogDevObjectVersion:   Dev-Physics-Ext (35F94A83-E258-406C-A318-09F59610247C): 41
LogDevObjectVersion:   Dev-PhysicsMaterial-Chaos (B68FC16E-8B1B-42E2-B453-215C058844FE): 1
LogDevObjectVersion:   Dev-CineCamera (B2E18506-4273-CFC2-A54E-F4BB758BBA07): 1
LogDevObjectVersion:   Dev-VirtualProduction (64F58936-FD1B-42BA-BA96-7289D5D0FA4E): 1
LogDevObjectVersion:   Dev-MediaFramework (6F0ED827-A609-4895-9C91-998D90180EA4): 2
LogInit: Presizing for max 25165824 objects, including 0 objects not considered by GC, pre-allocating 0 bytes for permanent pool.
LogConfig: Applying CVar settings from Section [/Script/Engine.StreamingSettings] File [C:/Users/PC/Documents/GitHub/TasteOfMadness/TasteOfMadness/Saved/Config/Windows/Engine.ini]
LogConfig: Setting CVar [[s.MinBulkDataSizeForAsyncLoading:131072]]
LogConfig: Setting CVar [[s.AsyncLoadingThreadEnabled:0]]
LogConfig: Setting CVar [[s.EventDrivenLoaderEnabled:1]]
LogConfig: Setting CVar [[s.WarnIfTimeLimitExceeded:0]]
LogConfig: Setting CVar [[s.TimeLimitExceededMultiplier:1.5]]
LogConfig: Setting CVar [[s.TimeLimitExceededMinTime:0.005]]
LogConfig: Setting CVar [[s.UseBackgroundLevelStreaming:1]]
LogConfig: Setting CVar [[s.PriorityAsyncLoadingExtraTime:15.0]]
LogConfig: Setting CVar [[s.LevelStreamingActorsUpdateTimeLimit:5.0]]
LogConfig: Setting CVar [[s.PriorityLevelStreamingActorsUpdateExtraTime:5.0]]
LogConfig: Setting CVar [[s.LevelStreamingComponentsRegistrationGranularity:10]]
LogConfig: Setting CVar [[s.UnregisterComponentsTimeLimit:1.0]]
LogConfig: Setting CVar [[s.LevelStreamingComponentsUnregistrationGranularity:5]]
LogConfig: Setting CVar [[s.FlushStreamingOnExit:1]]
LogInit: Object subsystem initialized
LogConfig: Setting CVar [[con.DebugEarlyDefault:1]]
LogConfig: Setting CVar [[r.setres:1280x720]]
[2025.10.12-22.55.32:008][  0]LogConfig: Setting CVar [[r.VSync:0]]
[2025.10.12-22.55.32:008][  0]LogConfig: Setting CVar [[r.RHICmdBypass:0]]
[2025.10.12-22.55.32:008][  0]LogConfig: Applying CVar settings from Section [/Script/Engine.RendererSettings] File [C:/Users/PC/Documents/GitHub/TasteOfMadness/TasteOfMadness/Saved/Config/Windows/Engine.ini]
[2025.10.12-22.55.32:008][  0]LogConfig: Setting CVar [[r.GPUCrashDebugging:0]]
[2025.10.12-22.55.32:008][  0]LogConfig: Applying CVar settings from Section [/Script/Engine.RendererOverrideSettings] File [C:/Users/PC/Documents/GitHub/TasteOfMadness/TasteOfMadness/Saved/Config/Windows/Engine.ini]
[2025.10.12-22.55.32:008][  0]LogConfig: Applying CVar settings from Section [/Script/Engine.StreamingSettings] File [C:/Users/PC/Documents/GitHub/TasteOfMadness/TasteOfMadness/Saved/Config/Windows/Engine.ini]
[2025.10.12-22.55.32:008][  0]LogConfig: Setting CVar [[s.MinBulkDataSizeForAsyncLoading:131072]]
[2025.10.12-22.55.32:008][  0]LogConfig: Setting CVar [[s.AsyncLoadingThreadEnabled:0]]
[2025.10.12-22.55.32:008][  0]LogConfig: Setting CVar [[s.EventDrivenLoaderEnabled:1]]
[2025.10.12-22.55.32:008][  0]LogConfig: Setting CVar [[s.WarnIfTimeLimitExceeded:0]]
[2025.10.12-22.55.32:008][  0]LogConfig: Setting CVar [[s.TimeLimitExceededMultiplier:1.5]]
[2025.10.12-22.55.32:008][  0]LogConfig: Setting CVar [[s.TimeLimitExceededMinTime:0.005]]
[2025.10.12-22.55.32:008][  0]LogConfig: Setting CVar [[s.UseBackgroundLevelStreaming:1]]
[2025.10.12-22.55.32:008][  0]LogConfig: Setting CVar [[s.PriorityAsyncLoadingExtraTime:15.0]]
[2025.10.12-22.55.32:008][  0]LogConfig: Setting CVar [[s.LevelStreamingActorsUpdateTimeLimit:5.0]]
[2025.10.12-22.55.32:008][  0]LogConfig: Setting CVar [[s.PriorityLevelStreamingActorsUpdateExtraTime:5.0]]
[2025.10.12-22.55.32:008][  0]LogConfig: Setting CVar [[s.LevelStreamingComponentsRegistrationGranularity:10]]
[2025.10.12-22.55.32:008][  0]LogConfig: Setting CVar [[s.UnregisterComponentsTimeLimit:1.0]]
[2025.10.12-22.55.32:008][  0]LogConfig: Setting CVar [[s.LevelStreamingComponentsUnregistrationGranularity:5]]
[2025.10.12-22.55.32:008][  0]LogConfig: Setting CVar [[s.FlushStreamingOnExit:1]]
[2025.10.12-22.55.32:008][  0]LogConfig: Applying CVar settings from Section [/Script/Engine.GarbageCollectionSettings] File [C:/Users/PC/Documents/GitHub/TasteOfMadness/TasteOfMadness/Saved/Config/Windows/Engine.ini]
[2025.10.12-22.55.32:008][  0]LogConfig: Setting CVar [[gc.MaxObjectsNotConsideredByGC:1]]
[2025.10.12-22.55.32:008][  0]LogConfig: Setting CVar [[gc.SizeOfPermanentObjectPool:0]]
[2025.10.12-22.55.32:008][  0]LogConfig: Setting CVar [[gc.FlushStreamingOnGC:0]]
[2025.10.12-22.55.32:008][  0]LogConfig: Setting CVar [[gc.NumRetriesBeforeForcingGC:10]]
[2025.10.12-22.55.32:008][  0]LogConfig: Setting CVar [[gc.AllowParallelGC:1]]
[2025.10.12-22.55.32:008][  0]LogConfig: Setting CVar [[gc.TimeBetweenPurgingPendingKillObjects:61.1]]
[2025.10.12-22.55.32:008][  0]LogConfig: Setting CVar [[gc.MaxObjectsInEditor:25165824]]
[2025.10.12-22.55.32:008][  0]LogConfig: Setting CVar [[gc.IncrementalBeginDestroyEnabled:1]]
[2025.10.12-22.55.32:008][  0]LogConfig: Setting CVar [[gc.CreateGCClusters:1]]
[2025.10.12-22.55.32:008][  0]LogConfig: Setting CVar [[gc.MinGCClusterSize:5]]
[2025.10.12-22.55.32:008][  0]LogConfig: Setting CVar [[gc.ActorClusteringEnabled:0]]
[2025.10.12-22.55.32:008][  0]LogConfig: Setting CVar [[gc.BlueprintClusteringEnabled:0]]
[2025.10.12-22.55.32:008][  0]LogConfig: Setting CVar [[gc.UseDisregardForGCOnDedicatedServers:0]]
[2025.10.12-22.55.32:008][  0]LogConfig: Setting CVar [[gc.MultithreadedDestructionEnabled:1]]
[2025.10.12-22.55.32:008][  0]LogConfig: Applying CVar settings from Section [/Script/Engine.NetworkSettings] File [C:/Users/PC/Documents/GitHub/TasteOfMadness/TasteOfMadness/Saved/Config/Windows/Engine.ini]
[2025.10.12-22.55.32:008][  0]LogConfig: Applying CVar settings from Section [/Script/UnrealEd.CookerSettings] File [C:/Users/PC/Documents/GitHub/TasteOfMadness/TasteOfMadness/Saved/Config/Windows/Engine.ini]
[2025.10.12-22.55.32:063][  0]LogConfig: Applying CVar settings from Section [ViewDistanceQuality@3] File [C:/Users/PC/Documents/GitHub/TasteOfMadness/TasteOfMadness/Saved/Config/Windows/Scalability.ini]
[2025.10.12-22.55.32:063][  0]LogConfig: Setting CVar [[r.SkeletalMeshLODBias:0]]
[2025.10.12-22.55.32:063][  0]LogConfig: Setting CVar [[r.ViewDistanceScale:1.0]]
[2025.10.12-22.55.32:063][  0]LogConfig: Applying CVar settings from Section [AntiAliasingQuality@3] File [C:/Users/PC/Documents/GitHub/TasteOfMadness/TasteOfMadness/Saved/Config/Windows/Scalability.ini]
[2025.10.12-22.55.32:063][  0]LogConfig: Setting CVar [[r.PostProcessAAQuality:4]]
[2025.10.12-22.55.32:063][  0]LogConfig: Applying CVar settings from Section [ShadowQuality@3] File [C:/Users/PC/Documents/GitHub/TasteOfMadness/TasteOfMadness/Saved/Config/Windows/Scalability.ini]
[2025.10.12-22.55.32:063][  0]LogConfig: Setting CVar [[r.LightFunctionQuality:1]]
[2025.10.12-22.55.32:063][  0]LogConfig: Setting CVar [[r.ShadowQuality:5]]
[2025.10.12-22.55.32:063][  0]LogConfig: Setting CVar [[r.Shadow.CSM.MaxCascades:10]]
[2025.10.12-22.55.32:063][  0]LogConfig: Setting CVar [[r.Shadow.MaxResolution:2048]]
[2025.10.12-22.55.32:063][  0]LogConfig: Setting CVar [[r.Shadow.MaxCSMResolution:2048]]
[2025.10.12-22.55.32:063][  0]LogConfig: Setting CVar [[r.Shadow.RadiusThreshold:0.01]]
[2025.10.12-22.55.32:063][  0]LogConfig: Setting CVar [[r.Shadow.DistanceScale:1.0]]
[2025.10.12-22.55.32:063][  0]LogConfig: Setting CVar [[r.Shadow.CSM.TransitionScale:1.0]]
[2025.10.12-22.55.32:063][  0]LogConfig: Setting CVar [[r.Shadow.PreShadowResolutionFactor:1.0]]
[2025.10.12-22.55.32:063][  0]LogConfig: Setting CVar [[r.DistanceFieldShadowing:1]]
[2025.10.12-22.55.32:063][  0]LogConfig: Setting CVar [[r.DistanceFieldAO:1]]
[2025.10.12-22.55.32:063][  0]LogConfig: Setting CVar [[r.AOQuality:2]]
[2025.10.12-22.55.32:063][  0]LogConfig: Setting CVar [[r.VolumetricFog:1]]
[2025.10.12-22.55.32:063][  0]LogConfig: Setting CVar [[r.VolumetricFog.GridPixelSize:8]]
[2025.10.12-22.55.32:063][  0]LogConfig: Setting CVar [[r.VolumetricFog.GridSizeZ:128]]
[2025.10.12-22.55.32:063][  0]LogConfig: Setting CVar [[r.VolumetricFog.HistoryMissSupersampleCount:4]]
[2025.10.12-22.55.32:063][  0]LogConfig: Setting CVar [[r.LightMaxDrawDistanceScale:1]]
[2025.10.12-22.55.32:063][  0]LogConfig: Setting CVar [[r.CapsuleShadows:1]]
[2025.10.12-22.55.32:063][  0]LogConfig: Applying CVar settings from Section [PostProcessQuality@3] File [C:/Users/PC/Documents/GitHub/TasteOfMadness/TasteOfMadness/Saved/Config/Windows/Scalability.ini]
[2025.10.12-22.55.32:063][  0]LogConfig: Setting CVar [[r.MotionBlurQuality:4]]
[2025.10.12-22.55.32:063][  0]LogConfig: Setting CVar [[r.AmbientOcclusionMipLevelFactor:0.4]]
[2025.10.12-22.55.32:063][  0]LogConfig: Setting CVar [[r.AmbientOcclusionMaxQuality:100]]
[2025.10.12-22.55.32:063][  0]LogConfig: Setting CVar [[r.AmbientOcclusionLevels:-1]]
[2025.10.12-22.55.32:063][  0]LogConfig: Setting CVar [[r.AmbientOcclusionRadiusScale:1.0]]
[2025.10.12-22.55.32:063][  0]LogConfig: Setting CVar [[r.DepthOfFieldQuality:2]]
[2025.10.12-22.55.32:063][  0]LogConfig: Setting CVar [[r.RenderTargetPoolMin:400]]
[2025.10.12-22.55.32:063][  0]LogConfig: Setting CVar [[r.LensFlareQuality:2]]
[2025.10.12-22.55.32:063][  0]LogConfig: Setting CVar [[r.SceneColorFringeQuality:1]]
[2025.10.12-22.55.32:063][  0]LogConfig: Setting CVar [[r.EyeAdaptationQuality:2]]
[2025.10.12-22.55.32:063][  0]LogConfig: Setting CVar [[r.BloomQuality:5]]
[2025.10.12-22.55.32:063][  0]LogConfig: Setting CVar [[r.FastBlurThreshold:100]]
[2025.10.12-22.55.32:063][  0]LogConfig: Setting CVar [[r.Upscale.Quality:3]]
[2025.10.12-22.55.32:063][  0]LogConfig: Setting CVar [[r.Tonemapper.GrainQuantization:1]]
[2025.10.12-22.55.32:063][  0]LogConfig: Setting CVar [[r.LightShaftQuality:1]]
[2025.10.12-22.55.32:064][  0]LogConfig: Setting CVar [[r.Filter.SizeScale:1]]
[2025.10.12-22.55.32:064][  0]LogConfig: Setting CVar [[r.Tonemapper.Quality:5]]
[2025.10.12-22.55.32:064][  0]LogConfig: Setting CVar [[r.DOF.Gather.AccumulatorQuality:1        ; higher gathering accumulator quality]]
[2025.10.12-22.55.32:064][  0]LogConfig: Setting CVar [[r.DOF.Gather.PostfilterMethod:1          ; Median3x3 postfilering method]]
[2025.10.12-22.55.32:064][  0]LogConfig: Setting CVar [[r.DOF.Gather.EnableBokehSettings:0       ; no bokeh simulation when gathering]]
[2025.10.12-22.55.32:064][  0]LogConfig: Setting CVar [[r.DOF.Gather.RingCount:4                 ; medium number of samples when gathering]]
[2025.10.12-22.55.32:064][  0]LogConfig: Setting CVar [[r.DOF.Scatter.ForegroundCompositing:1    ; additive foreground scattering]]
[2025.10.12-22.55.32:064][  0]LogConfig: Setting CVar [[r.DOF.Scatter.BackgroundCompositing:2    ; additive background scattering]]
[2025.10.12-22.55.32:064][  0]LogConfig: Setting CVar [[r.DOF.Scatter.EnableBokehSettings:1      ; bokeh simulation when scattering]]
[2025.10.12-22.55.32:064][  0]LogConfig: Setting CVar [[r.DOF.Scatter.MaxSpriteRatio:0.1         ; only a maximum of 10% of scattered bokeh]]
[2025.10.12-22.55.32:064][  0]LogConfig: Setting CVar [[r.DOF.Recombine.Quality:1                ; cheap slight out of focus]]
[2025.10.12-22.55.32:064][  0]LogConfig: Setting CVar [[r.DOF.Recombine.EnableBokehSettings:0    ; no bokeh simulation on slight out of focus]]
[2025.10.12-22.55.32:064][  0]LogConfig: Setting CVar [[r.DOF.TemporalAAQuality:1                ; more stable temporal accumulation]]
[2025.10.12-22.55.32:064][  0]LogConfig: Setting CVar [[r.DOF.Kernel.MaxForegroundRadius:0.025]]
[2025.10.12-22.55.32:064][  0]LogConfig: Setting CVar [[r.DOF.Kernel.MaxBackgroundRadius:0.025]]
[2025.10.12-22.55.32:064][  0]LogConfig: Applying CVar settings from Section [TextureQuality@3] File [C:/Users/PC/Documents/GitHub/TasteOfMadness/TasteOfMadness/Saved/Config/Windows/Scalability.ini]
[2025.10.12-22.55.32:064][  0]LogConfig: Setting CVar [[r.Streaming.MipBias:0]]
[2025.10.12-22.55.32:064][  0]LogConfig: Setting CVar [[r.Streaming.AmortizeCPUToGPUCopy:0]]
[2025.10.12-22.55.32:064][  0]LogConfig: Setting CVar [[r.Streaming.MaxNumTexturesToStreamPerFrame:0]]
[2025.10.12-22.55.32:064][  0]LogConfig: Setting CVar [[r.Streaming.Boost:1]]
[2025.10.12-22.55.32:064][  0]LogConfig: Setting CVar [[r.MaxAnisotropy:8]]
[2025.10.12-22.55.32:064][  0]LogConfig: Setting CVar [[r.VT.MaxAnisotropy:8]]
[2025.10.12-22.55.32:064][  0]LogConfig: Setting CVar [[r.Streaming.LimitPoolSizeToVRAM:0]]
[2025.10.12-22.55.32:064][  0]LogConfig: Setting CVar [[r.Streaming.PoolSize:1000]]
[2025.10.12-22.55.32:064][  0]LogConfig: Setting CVar [[r.Streaming.MaxEffectiveScreenSize:0]]
[2025.10.12-22.55.32:064][  0]LogConfig: Applying CVar settings from Section [EffectsQuality@3] File [C:/Users/PC/Documents/GitHub/TasteOfMadness/TasteOfMadness/Saved/Config/Windows/Scalability.ini]
[2025.10.12-22.55.32:064][  0]LogConfig: Setting CVar [[r.TranslucencyLightingVolumeDim:64]]
[2025.10.12-22.55.32:064][  0]LogConfig: Setting CVar [[r.RefractionQuality:2]]
[2025.10.12-22.55.32:064][  0]LogConfig: Setting CVar [[r.SSR.Quality:3]]
[2025.10.12-22.55.32:064][  0]LogConfig: Setting CVar [[r.SSR.HalfResSceneColor:0]]
[2025.10.12-22.55.32:064][  0]LogConfig: Setting CVar [[r.SceneColorFormat:4]]
[2025.10.12-22.55.32:064][  0]LogConfig: Setting CVar [[r.DetailMode:2]]
[2025.10.12-22.55.32:064][  0]LogConfig: Setting CVar [[r.TranslucencyVolumeBlur:1]]
[2025.10.12-22.55.32:064][  0]LogConfig: Setting CVar [[r.MaterialQualityLevel:1 ; High quality]]
[2025.10.12-22.55.32:064][  0]LogConfig: Setting CVar [[r.AnisotropicMaterials:1]]
[2025.10.12-22.55.32:064][  0]LogConfig: Setting CVar [[r.SSS.Scale:1]]
[2025.10.12-22.55.32:064][  0]LogConfig: Setting CVar [[r.SSS.SampleSet:2]]
[2025.10.12-22.55.32:064][  0]LogConfig: Setting CVar [[r.SSS.Quality:1]]
[2025.10.12-22.55.32:064][  0]LogConfig: Setting CVar [[r.SSS.HalfRes:0]]
[2025.10.12-22.55.32:064][  0]LogConfig: Setting CVar [[r.SSGI.Quality:3]]
[2025.10.12-22.55.32:064][  0]LogConfig: Setting CVar [[r.EmitterSpawnRateScale:1.0]]
[2025.10.12-22.55.32:064][  0]LogConfig: Setting CVar [[r.ParticleLightQuality:2]]
[2025.10.12-22.55.32:064][  0]LogConfig: Setting CVar [[r.SkyAtmosphere.AerialPerspectiveLUT.FastApplyOnOpaque:1 ; Always have FastSkyLUT 1 in this case to avoid wrong sky]]
[2025.10.12-22.55.32:064][  0]LogConfig: Setting CVar [[r.SkyAtmosphere.AerialPerspectiveLUT.SampleCountMaxPerSlice:4]]
[2025.10.12-22.55.32:064][  0]LogConfig: Setting CVar [[r.SkyAtmosphere.AerialPerspectiveLUT.DepthResolution:16.0]]
[2025.10.12-22.55.32:064][  0]LogConfig: Setting CVar [[r.SkyAtmosphere.FastSkyLUT:1]]
[2025.10.12-22.55.32:064][  0]LogConfig: Setting CVar [[r.SkyAtmosphere.FastSkyLUT.SampleCountMin:4.0]]
[2025.10.12-22.55.32:064][  0]LogConfig: Setting CVar [[r.SkyAtmosphere.FastSkyLUT.SampleCountMax:128.0]]
[2025.10.12-22.55.32:064][  0]LogConfig: Setting CVar [[r.SkyAtmosphere.SampleCountMin:4.0]]
[2025.10.12-22.55.32:064][  0]LogConfig: Setting CVar [[r.SkyAtmosphere.SampleCountMax:128.0]]
[2025.10.12-22.55.32:064][  0]LogConfig: Setting CVar [[r.SkyAtmosphere.TransmittanceLUT.UseSmallFormat:0]]
[2025.10.12-22.55.32:064][  0]LogConfig: Setting CVar [[r.SkyAtmosphere.TransmittanceLUT.SampleCount:10.0]]
[2025.10.12-22.55.32:064][  0]LogConfig: Setting CVar [[r.SkyAtmosphere.MultiScatteringLUT.SampleCount:15.0]]
[2025.10.12-22.55.32:064][  0]LogConfig: Setting CVar [[r.SkyLight.RealTimeReflectionCapture:1]]
[2025.10.12-22.55.32:064][  0]LogConfig: Applying CVar settings from Section [FoliageQuality@3] File [C:/Users/PC/Documents/GitHub/TasteOfMadness/TasteOfMadness/Saved/Config/Windows/Scalability.ini]
[2025.10.12-22.55.32:064][  0]LogConfig: Setting CVar [[foliage.DensityScale:1.0]]
[2025.10.12-22.55.32:064][  0]LogConfig: Setting CVar [[grass.DensityScale:1.0]]
[2025.10.12-22.55.32:064][  0]LogConfig: Applying CVar settings from Section [ShadingQuality@3] File [C:/Users/PC/Documents/GitHub/TasteOfMadness/TasteOfMadness/Saved/Config/Windows/Scalability.ini]
[2025.10.12-22.55.32:064][  0]LogConfig: Setting CVar [[r.HairStrands.SkyLighting.IntegrationType:2]]
[2025.10.12-22.55.32:064][  0]LogConfig: Setting CVar [[r.HairStrands.SkyAO.SampleCount:4]]
[2025.10.12-22.55.32:064][  0]LogConfig: Setting CVar [[r.HairStrands.Visibility.MSAA.SamplePerPixel:4]]
[2025.10.12-22.55.32:064][  0]LogInit: Selected Device Profile: [Windows]
[2025.10.12-22.55.32:064][  0]LogInit: Applying CVar settings loaded from the selected device profile: [Windows]
[2025.10.12-22.55.32:064][  0]LogHAL: Display: Platform has ~ 24 GB [25689112576 / 34359738368 / 24], which maps to Larger [LargestMinGB=32, LargerMinGB=12, DefaultMinGB=8, SmallerMinGB=6, SmallestMinGB=0)
[2025.10.12-22.55.32:064][  0]LogInit: Going up to parent DeviceProfile []
[2025.10.12-22.55.32:064][  0]LogConfig: Applying CVar settings from Section [ViewDistanceQuality@3] File [C:/Users/PC/Documents/GitHub/TasteOfMadness/TasteOfMadness/Saved/Config/Windows/Scalability.ini]
[2025.10.12-22.55.32:064][  0]LogConfig: Setting CVar [[r.SkeletalMeshLODBias:0]]
[2025.10.12-22.55.32:064][  0]LogConfig: Setting CVar [[r.ViewDistanceScale:1.0]]
[2025.10.12-22.55.32:064][  0]LogConfig: Applying CVar settings from Section [AntiAliasingQuality@3] File [C:/Users/PC/Documents/GitHub/TasteOfMadness/TasteOfMadness/Saved/Config/Windows/Scalability.ini]
[2025.10.12-22.55.32:064][  0]LogConfig: Setting CVar [[r.PostProcessAAQuality:4]]
[2025.10.12-22.55.32:064][  0]LogConfig: Applying CVar settings from Section [ShadowQuality@3] File [C:/Users/PC/Documents/GitHub/TasteOfMadness/TasteOfMadness/Saved/Config/Windows/Scalability.ini]
[2025.10.12-22.55.32:064][  0]LogConfig: Setting CVar [[r.LightFunctionQuality:1]]
[2025.10.12-22.55.32:064][  0]LogConfig: Setting CVar [[r.ShadowQuality:5]]
[2025.10.12-22.55.32:064][  0]LogConfig: Setting CVar [[r.Shadow.CSM.MaxCascades:10]]
[2025.10.12-22.55.32:064][  0]LogConfig: Setting CVar [[r.Shadow.MaxResolution:2048]]
[2025.10.12-22.55.32:064][  0]LogConfig: Setting CVar [[r.Shadow.MaxCSMResolution:2048]]
[2025.10.12-22.55.32:064][  0]LogConfig: Setting CVar [[r.Shadow.RadiusThreshold:0.01]]
[2025.10.12-22.55.32:064][  0]LogConfig: Setting CVar [[r.Shadow.DistanceScale:1.0]]
[2025.10.12-22.55.32:065][  0]LogConfig: Setting CVar [[r.Shadow.CSM.TransitionScale:1.0]]
[2025.10.12-22.55.32:065][  0]LogConfig: Setting CVar [[r.Shadow.PreShadowResolutionFactor:1.0]]
[2025.10.12-22.55.32:065][  0]LogConfig: Setting CVar [[r.DistanceFieldShadowing:1]]
[2025.10.12-22.55.32:065][  0]LogConfig: Setting CVar [[r.DistanceFieldAO:1]]
[2025.10.12-22.55.32:065][  0]LogConfig: Setting CVar [[r.AOQuality:2]]
[2025.10.12-22.55.32:065][  0]LogConfig: Setting CVar [[r.VolumetricFog:1]]
[2025.10.12-22.55.32:065][  0]LogConfig: Setting CVar [[r.VolumetricFog.GridPixelSize:8]]
[2025.10.12-22.55.32:065][  0]LogConfig: Setting CVar [[r.VolumetricFog.GridSizeZ:128]]
[2025.10.12-22.55.32:065][  0]LogConfig: Setting CVar [[r.VolumetricFog.HistoryMissSupersampleCount:4]]
[2025.10.12-22.55.32:065][  0]LogConfig: Setting CVar [[r.LightMaxDrawDistanceScale:1]]
[2025.10.12-22.55.32:065][  0]LogConfig: Setting CVar [[r.CapsuleShadows:1]]
[2025.10.12-22.55.32:065][  0]LogConfig: Applying CVar settings from Section [PostProcessQuality@3] File [C:/Users/PC/Documents/GitHub/TasteOfMadness/TasteOfMadness/Saved/Config/Windows/Scalability.ini]
[2025.10.12-22.55.32:065][  0]LogConfig: Setting CVar [[r.MotionBlurQuality:4]]
[2025.10.12-22.55.32:065][  0]LogConfig: Setting CVar [[r.AmbientOcclusionMipLevelFactor:0.4]]
[2025.10.12-22.55.32:065][  0]LogConfig: Setting CVar [[r.AmbientOcclusionMaxQuality:100]]
[2025.10.12-22.55.32:065][  0]LogConfig: Setting CVar [[r.AmbientOcclusionLevels:-1]]
[2025.10.12-22.55.32:065][  0]LogConfig: Setting CVar [[r.AmbientOcclusionRadiusScale:1.0]]
[2025.10.12-22.55.32:065][  0]LogConfig: Setting CVar [[r.DepthOfFieldQuality:2]]
[2025.10.12-22.55.32:065][  0]LogConfig: Setting CVar [[r.RenderTargetPoolMin:400]]
[2025.10.12-22.55.32:065][  0]LogConfig: Setting CVar [[r.LensFlareQuality:2]]
[2025.10.12-22.55.32:065][  0]LogConfig: Setting CVar [[r.SceneColorFringeQuality:1]]
[2025.10.12-22.55.32:065][  0]LogConfig: Setting CVar [[r.EyeAdaptationQuality:2]]
[2025.10.12-22.55.32:065][  0]LogConfig: Setting CVar [[r.BloomQuality:5]]
[2025.10.12-22.55.32:065][  0]LogConfig: Setting CVar [[r.FastBlurThreshold:100]]
[2025.10.12-22.55.32:065][  0]LogConfig: Setting CVar [[r.Upscale.Quality:3]]
[2025.10.12-22.55.32:065][  0]LogConfig: Setting CVar [[r.Tonemapper.GrainQuantization:1]]
[2025.10.12-22.55.32:065][  0]LogConfig: Setting CVar [[r.LightShaftQuality:1]]
[2025.10.12-22.55.32:065][  0]LogConfig: Setting CVar [[r.Filter.SizeScale:1]]
[2025.10.12-22.55.32:065][  0]LogConfig: Setting CVar [[r.Tonemapper.Quality:5]]
[2025.10.12-22.55.32:065][  0]LogConfig: Setting CVar [[r.DOF.Gather.AccumulatorQuality:1        ; higher gathering accumulator quality]]
[2025.10.12-22.55.32:065][  0]LogConfig: Setting CVar [[r.DOF.Gather.PostfilterMethod:1          ; Median3x3 postfilering method]]
[2025.10.12-22.55.32:065][  0]LogConfig: Setting CVar [[r.DOF.Gather.EnableBokehSettings:0       ; no bokeh simulation when gathering]]
[2025.10.12-22.55.32:065][  0]LogConfig: Setting CVar [[r.DOF.Gather.RingCount:4                 ; medium number of samples when gathering]]
[2025.10.12-22.55.32:065][  0]LogConfig: Setting CVar [[r.DOF.Scatter.ForegroundCompositing:1    ; additive foreground scattering]]
[2025.10.12-22.55.32:065][  0]LogConfig: Setting CVar [[r.DOF.Scatter.BackgroundCompositing:2    ; additive background scattering]]
[2025.10.12-22.55.32:065][  0]LogConfig: Setting CVar [[r.DOF.Scatter.EnableBokehSettings:1      ; bokeh simulation when scattering]]
[2025.10.12-22.55.32:065][  0]LogConfig: Setting CVar [[r.DOF.Scatter.MaxSpriteRatio:0.1         ; only a maximum of 10% of scattered bokeh]]
[2025.10.12-22.55.32:065][  0]LogConfig: Setting CVar [[r.DOF.Recombine.Quality:1                ; cheap slight out of focus]]
[2025.10.12-22.55.32:065][  0]LogConfig: Setting CVar [[r.DOF.Recombine.EnableBokehSettings:0    ; no bokeh simulation on slight out of focus]]
[2025.10.12-22.55.32:065][  0]LogConfig: Setting CVar [[r.DOF.TemporalAAQuality:1                ; more stable temporal accumulation]]
[2025.10.12-22.55.32:065][  0]LogConfig: Setting CVar [[r.DOF.Kernel.MaxForegroundRadius:0.025]]
[2025.10.12-22.55.32:065][  0]LogConfig: Setting CVar [[r.DOF.Kernel.MaxBackgroundRadius:0.025]]
[2025.10.12-22.55.32:065][  0]LogConfig: Applying CVar settings from Section [TextureQuality@3] File [C:/Users/PC/Documents/GitHub/TasteOfMadness/TasteOfMadness/Saved/Config/Windows/Scalability.ini]
[2025.10.12-22.55.32:065][  0]LogConfig: Setting CVar [[r.Streaming.MipBias:0]]
[2025.10.12-22.55.32:065][  0]LogConfig: Setting CVar [[r.Streaming.AmortizeCPUToGPUCopy:0]]
[2025.10.12-22.55.32:065][  0]LogConfig: Setting CVar [[r.Streaming.MaxNumTexturesToStreamPerFrame:0]]
[2025.10.12-22.55.32:065][  0]LogConfig: Setting CVar [[r.Streaming.Boost:1]]
[2025.10.12-22.55.32:065][  0]LogConfig: Setting CVar [[r.MaxAnisotropy:8]]
[2025.10.12-22.55.32:065][  0]LogConfig: Setting CVar [[r.VT.MaxAnisotropy:8]]
[2025.10.12-22.55.32:065][  0]LogConfig: Setting CVar [[r.Streaming.LimitPoolSizeToVRAM:0]]
[2025.10.12-22.55.32:065][  0]LogConfig: Setting CVar [[r.Streaming.PoolSize:1000]]
[2025.10.12-22.55.32:065][  0]LogConfig: Setting CVar [[r.Streaming.MaxEffectiveScreenSize:0]]
[2025.10.12-22.55.32:065][  0]LogConfig: Applying CVar settings from Section [EffectsQuality@3] File [C:/Users/PC/Documents/GitHub/TasteOfMadness/TasteOfMadness/Saved/Config/Windows/Scalability.ini]
[2025.10.12-22.55.32:065][  0]LogConfig: Setting CVar [[r.TranslucencyLightingVolumeDim:64]]
[2025.10.12-22.55.32:065][  0]LogConfig: Setting CVar [[r.RefractionQuality:2]]
[2025.10.12-22.55.32:065][  0]LogConfig: Setting CVar [[r.SSR.Quality:3]]
[2025.10.12-22.55.32:065][  0]LogConfig: Setting CVar [[r.SSR.HalfResSceneColor:0]]
[2025.10.12-22.55.32:065][  0]LogConfig: Setting CVar [[r.SceneColorFormat:4]]
[2025.10.12-22.55.32:065][  0]LogConfig: Setting CVar [[r.DetailMode:2]]
[2025.10.12-22.55.32:065][  0]LogConfig: Setting CVar [[r.TranslucencyVolumeBlur:1]]
[2025.10.12-22.55.32:065][  0]LogConfig: Setting CVar [[r.MaterialQualityLevel:1 ; High quality]]
[2025.10.12-22.55.32:065][  0]LogConfig: Setting CVar [[r.AnisotropicMaterials:1]]
[2025.10.12-22.55.32:065][  0]LogConfig: Setting CVar [[r.SSS.Scale:1]]
[2025.10.12-22.55.32:065][  0]LogConfig: Setting CVar [[r.SSS.SampleSet:2]]
[2025.10.12-22.55.32:065][  0]LogConfig: Setting CVar [[r.SSS.Quality:1]]
[2025.10.12-22.55.32:065][  0]LogConfig: Setting CVar [[r.SSS.HalfRes:0]]
[2025.10.12-22.55.32:065][  0]LogConfig: Setting CVar [[r.SSGI.Quality:3]]
[2025.10.12-22.55.32:065][  0]LogConfig: Setting CVar [[r.EmitterSpawnRateScale:1.0]]
[2025.10.12-22.55.32:065][  0]LogConfig: Setting CVar [[r.ParticleLightQuality:2]]
[2025.10.12-22.55.32:065][  0]LogConfig: Setting CVar [[r.SkyAtmosphere.AerialPerspectiveLUT.FastApplyOnOpaque:1 ; Always have FastSkyLUT 1 in this case to avoid wrong sky]]
[2025.10.12-22.55.32:065][  0]LogConfig: Setting CVar [[r.SkyAtmosphere.AerialPerspectiveLUT.SampleCountMaxPerSlice:4]]
[2025.10.12-22.55.32:065][  0]LogConfig: Setting CVar [[r.SkyAtmosphere.AerialPerspectiveLUT.DepthResolution:16.0]]
[2025.10.12-22.55.32:065][  0]LogConfig: Setting CVar [[r.SkyAtmosphere.FastSkyLUT:1]]
[2025.10.12-22.55.32:065][  0]LogConfig: Setting CVar [[r.SkyAtmosphere.FastSkyLUT.SampleCountMin:4.0]]
[2025.10.12-22.55.32:065][  0]LogConfig: Setting CVar [[r.SkyAtmosphere.FastSkyLUT.SampleCountMax:128.0]]
[2025.10.12-22.55.32:065][  0]LogConfig: Setting CVar [[r.SkyAtmosphere.SampleCountMin:4.0]]
[2025.10.12-22.55.32:065][  0]LogConfig: Setting CVar [[r.SkyAtmosphere.SampleCountMax:128.0]]
[2025.10.12-22.55.32:065][  0]LogConfig: Setting CVar [[r.SkyAtmosphere.TransmittanceLUT.UseSmallFormat:0]]
[2025.10.12-22.55.32:065][  0]LogConfig: Setting CVar [[r.SkyAtmosphere.TransmittanceLUT.SampleCount:10.0]]
[2025.10.12-22.55.32:065][  0]LogConfig: Setting CVar [[r.SkyAtmosphere.MultiScatteringLUT.SampleCount:15.0]]
[2025.10.12-22.55.32:065][  0]LogConfig: Setting CVar [[r.SkyLight.RealTimeReflectionCapture:1]]
[2025.10.12-22.55.32:065][  0]LogConfig: Applying CVar settings from Section [FoliageQuality@3] File [C:/Users/PC/Documents/GitHub/TasteOfMadness/TasteOfMadness/Saved/Config/Windows/Scalability.ini]
[2025.10.12-22.55.32:065][  0]LogConfig: Setting CVar [[foliage.DensityScale:1.0]]
[2025.10.12-22.55.32:065][  0]LogConfig: Setting CVar [[grass.DensityScale:1.0]]
[2025.10.12-22.55.32:065][  0]LogConfig: Applying CVar settings from Section [ShadingQuality@3] File [C:/Users/PC/Documents/GitHub/TasteOfMadness/TasteOfMadness/Saved/Config/Windows/Scalability.ini]
[2025.10.12-22.55.32:065][  0]LogConfig: Setting CVar [[r.HairStrands.SkyLighting.IntegrationType:2]]
[2025.10.12-22.55.32:065][  0]LogConfig: Setting CVar [[r.HairStrands.SkyAO.SampleCount:4]]
[2025.10.12-22.55.32:065][  0]LogConfig: Setting CVar [[r.HairStrands.Visibility.MSAA.SamplePerPixel:4]]
[2025.10.12-22.55.32:065][  0]LogConfig: Applying CVar settings from Section [Startup] File [../../../Engine/Config/ConsoleVariables.ini]
[2025.10.12-22.55.32:066][  0]LogConfig: Setting CVar [[net.UseAdaptiveNetUpdateFrequency:0]]
[2025.10.12-22.55.32:066][  0]LogConfig: Setting CVar [[p.chaos.AllowCreatePhysxBodies:1]]
[2025.10.12-22.55.32:066][  0]LogConfig: Setting CVar [[fx.SkipVectorVMBackendOptimizations:1]]
[2025.10.12-22.55.32:066][  0]LogConfig: Applying CVar settings from Section [ConsoleVariables] File [C:/Users/PC/Documents/GitHub/TasteOfMadness/TasteOfMadness/Saved/Config/Windows/Engine.ini]
[2025.10.12-22.55.32:066][  0]LogConfig: Applying CVar settings from Section [ConsoleVariables] File [C:/Users/PC/Documents/GitHub/TasteOfMadness/TasteOfMadness/Saved/Config/Windows/Editor.ini]
[2025.10.12-22.55.32:066][  0]LogInit: Computer: DESKTOP-QFES4I7
[2025.10.12-22.55.32:066][  0]LogInit: User: PC
[2025.10.12-22.55.32:066][  0]LogInit: CPU Page size=4096, Cores=6
[2025.10.12-22.55.32:066][  0]LogInit: High frequency timer resolution =10.000000 MHz
[2025.10.12-22.55.32:066][  0]LogMemory: Memory total: Physical=23.9GB (24GB approx)
[2025.10.12-22.55.32:066][  0]LogMemory: Platform Memory Stats for Windows
[2025.10.12-22.55.32:066][  0]LogMemory: Process Physical Memory: 145.97 MB used, 145.98 MB peak
[2025.10.12-22.55.32:066][  0]LogMemory: Process Virtual Memory: 130.01 MB used, 130.01 MB peak
[2025.10.12-22.55.32:066][  0]LogMemory: Physical Memory: 11068.43 MB used,  13430.62 MB free, 24499.05 MB total
[2025.10.12-22.55.32:066][  0]LogMemory: Virtual Memory: 134203768.00 MB used,  13958.94 MB free, 134217728.00 MB total
[2025.10.12-22.55.32:073][  0]LogWindows: WindowsPlatformFeatures enabled
[2025.10.12-22.55.32:106][  0]LogInit: Physics initialised using underlying interface: PhysX
[2025.10.12-22.55.32:107][  0]LogInit: Overriding language with editor language configuration option (en).
[2025.10.12-22.55.32:107][  0]LogInit: Overriding language with editor locale configuration option (en).
[2025.10.12-22.55.32:238][  0]LogInit: Setting process to per monitor DPI aware
[2025.10.12-22.55.32:247][  0]LogWindowsTextInputMethodSystem: Display: IME system deactivated.
[2025.10.12-22.55.32:257][  0]LogSlate: New Slate User Created.  User Index 0, Is Virtual User: 0
[2025.10.12-22.55.32:257][  0]LogSlate: Slate User Registered.  User Index 0, Is Virtual User: 0
[2025.10.12-22.55.32:362][  0]LogD3D11RHI: Loaded GFSDK_Aftermath_Lib.x64.dll
[2025.10.12-22.55.32:365][  0]LogHMD: Failed to initialize OpenVR with code 110
[2025.10.12-22.55.32:365][  0]LogD3D11RHI: D3D11 min allowed feature level: 11_0
[2025.10.12-22.55.32:365][  0]LogD3D11RHI: D3D11 max allowed feature level: 11_0
[2025.10.12-22.55.32:365][  0]LogD3D11RHI: D3D11 adapters:
[2025.10.12-22.55.32:514][  0]LogD3D11RHI:    0. 'NVIDIA GeForce RTX 3060' (Feature Level 11_0)
[2025.10.12-22.55.32:514][  0]LogD3D11RHI:       12115/0/12249 MB DedicatedVideo/DedicatedSystem/SharedSystem, Outputs:1, VendorId:0x10de
[2025.10.12-22.55.32:516][  0]LogD3D11RHI:    1. 'Microsoft Basic Render Driver' (Feature Level 11_0)
[2025.10.12-22.55.32:516][  0]LogD3D11RHI:       0/0/12249 MB DedicatedVideo/DedicatedSystem/SharedSystem, Outputs:0, VendorId:0x1414
[2025.10.12-22.55.32:516][  0]LogD3D11RHI: Chosen D3D11 Adapter:
[2025.10.12-22.55.32:516][  0]LogD3D11RHI:     Description : NVIDIA GeForce RTX 3060
[2025.10.12-22.55.32:516][  0]LogD3D11RHI:     VendorId    : 10de
[2025.10.12-22.55.32:516][  0]LogD3D11RHI:     DeviceId    : 2504
[2025.10.12-22.55.32:516][  0]LogD3D11RHI:     SubSysId    : 397d1462
[2025.10.12-22.55.32:516][  0]LogD3D11RHI:     Revision    : 00a1
[2025.10.12-22.55.32:516][  0]LogD3D11RHI:     DedicatedVideoMemory : 12703498240 bytes
[2025.10.12-22.55.32:516][  0]LogD3D11RHI:     DedicatedSystemMemory : 0 bytes
[2025.10.12-22.55.32:516][  0]LogD3D11RHI:     SharedSystemMemory : 12844556288 bytes
[2025.10.12-22.55.32:516][  0]LogD3D11RHI:     AdapterLuid : 0 78811
[2025.10.12-22.55.32:522][  0]LogD3D11RHI: Creating new Direct3DDevice
[2025.10.12-22.55.32:522][  0]LogD3D11RHI:     GPU DeviceId: 0x2504 (for the marketing name, search the web for "GPU Device Id")
[2025.10.12-22.55.32:522][  0]LogWindows: EnumDisplayDevices:
[2025.10.12-22.55.32:522][  0]LogWindows:    0. 'NVIDIA GeForce RTX 3060' (P:1 D:1)
[2025.10.12-22.55.32:522][  0]LogWindows:    1. 'NVIDIA GeForce RTX 3060' (P:0 D:0)
[2025.10.12-22.55.32:523][  0]LogWindows:    2. 'NVIDIA GeForce RTX 3060' (P:0 D:0)
[2025.10.12-22.55.32:523][  0]LogWindows:    3. 'NVIDIA GeForce RTX 3060' (P:0 D:0)
[2025.10.12-22.55.32:523][  0]LogWindows: DebugString: FoundDriverCount:4 
[2025.10.12-22.55.32:523][  0]LogD3D11RHI:     Adapter Name: NVIDIA GeForce RTX 3060
[2025.10.12-22.55.32:523][  0]LogD3D11RHI:   Driver Version: 581.29 (internal:32.0.15.8129, unified:581.29)
[2025.10.12-22.55.32:523][  0]LogD3D11RHI:      Driver Date: 9-5-2025
[2025.10.12-22.55.32:523][  0]LogRHI: Texture pool is 8480 MB (70% of 12115 MB)
[2025.10.12-22.55.32:523][  0]LogD3D11RHI: Creating D3DDevice using adapter:
[2025.10.12-22.55.32:523][  0]LogD3D11RHI:     Description : NVIDIA GeForce RTX 3060
[2025.10.12-22.55.32:523][  0]LogD3D11RHI:     VendorId    : 10de
[2025.10.12-22.55.32:523][  0]LogD3D11RHI:     DeviceId    : 2504
[2025.10.12-22.55.32:523][  0]LogD3D11RHI:     SubSysId    : 397d1462
[2025.10.12-22.55.32:523][  0]LogD3D11RHI:     Revision    : 00a1
[2025.10.12-22.55.32:523][  0]LogD3D11RHI:     DedicatedVideoMemory : 12703498240 bytes
[2025.10.12-22.55.32:523][  0]LogD3D11RHI:     DedicatedSystemMemory : 0 bytes
[2025.10.12-22.55.32:523][  0]LogD3D11RHI:     SharedSystemMemory : 12844556288 bytes
[2025.10.12-22.55.32:523][  0]LogD3D11RHI:     AdapterLuid : 0 78811
[2025.10.12-22.55.32:636][  0]LogD3D11RHI: RHI has support for 64 bit atomics
[2025.10.12-22.55.32:636][  0]LogD3D11RHI: Async texture creation enabled
[2025.10.12-22.55.32:636][  0]LogD3D11RHI: Array index from any shader is supported
[2025.10.12-22.55.32:652][  0]LogD3D11RHI: GPU Timing Frequency: 1000.000000 (Debug: 2 1)
[2025.10.12-22.55.32:671][  0]LogRHI: GeForceNow SDK initialized: 1
[2025.10.12-22.55.32:899][  0]LogTargetPlatformManager: Display: Loaded TargetPlatform 'AllDesktop'
[2025.10.12-22.55.32:916][  0]LogTargetPlatformManager: Display: Loaded TargetPlatform 'Android'
[2025.10.12-22.55.32:916][  0]LogTargetPlatformManager: Display: Loaded TargetPlatform 'Android_ASTC'
[2025.10.12-22.55.32:916][  0]LogTargetPlatformManager: Display: Loaded TargetPlatform 'Android_DXT'
[2025.10.12-22.55.32:916][  0]LogTargetPlatformManager: Display: Loaded TargetPlatform 'Android_ETC2'
[2025.10.12-22.55.32:916][  0]LogTargetPlatformManager: Display: Loaded TargetPlatform 'AndroidClient'
[2025.10.12-22.55.32:916][  0]LogTargetPlatformManager: Display: Loaded TargetPlatform 'Android_ASTCClient'
[2025.10.12-22.55.32:916][  0]LogTargetPlatformManager: Display: Loaded TargetPlatform 'Android_DXTClient'
[2025.10.12-22.55.32:916][  0]LogTargetPlatformManager: Display: Loaded TargetPlatform 'Android_ETC2Client'
[2025.10.12-22.55.32:916][  0]LogTargetPlatformManager: Display: Loaded TargetPlatform 'Android_Multi'
[2025.10.12-22.55.32:916][  0]LogTargetPlatformManager: Display: Loaded TargetPlatform 'Android_MultiClient'
[2025.10.12-22.55.32:928][  0]LogTargetPlatformManager: Display: Loaded TargetPlatform 'IOSClient'
[2025.10.12-22.55.32:928][  0]LogTargetPlatformManager: Display: Loaded TargetPlatform 'IOS'
[2025.10.12-22.55.32:935][  0]LogTargetPlatformManager: Display: Loaded TargetPlatform 'Linux'
[2025.10.12-22.55.32:938][  0]LogTargetPlatformManager: Display: Loaded TargetPlatform 'LinuxNoEditor'
[2025.10.12-22.55.32:941][  0]LogTargetPlatformManager: Display: Loaded TargetPlatform 'LinuxClient'
[2025.10.12-22.55.32:944][  0]LogTargetPlatformManager: Display: Loaded TargetPlatform 'LinuxServer'
[2025.10.12-22.55.32:950][  0]LogTargetPlatformManager: Display: Loaded TargetPlatform 'LinuxAArch64NoEditor'
[2025.10.12-22.55.32:953][  0]LogTargetPlatformManager: Display: Loaded TargetPlatform 'LinuxAArch64Client'
[2025.10.12-22.55.32:956][  0]LogTargetPlatformManager: Display: Loaded TargetPlatform 'LinuxAArch64Server'
[2025.10.12-22.55.32:972][  0]LogTargetPlatformManager: Display: Loaded TargetPlatform 'Lumin'
[2025.10.12-22.55.32:972][  0]LogTargetPlatformManager: Display: Loaded TargetPlatform 'LuminClient'
[2025.10.12-22.55.32:977][  0]LogTargetPlatformManager: Display: Loaded TargetPlatform 'MacNoEditor'
[2025.10.12-22.55.32:980][  0]LogTargetPlatformManager: Display: Loaded TargetPlatform 'Mac'
[2025.10.12-22.55.32:983][  0]LogTargetPlatformManager: Display: Loaded TargetPlatform 'MacClient'
[2025.10.12-22.55.32:987][  0]LogTargetPlatformManager: Display: Loaded TargetPlatform 'MacServer'
[2025.10.12-22.55.32:994][  0]LogTargetPlatformManager: Display: Loaded TargetPlatform 'TVOSClient'
[2025.10.12-22.55.32:994][  0]LogTargetPlatformManager: Display: Loaded TargetPlatform 'TVOS'
[2025.10.12-22.55.33:000][  0]LogTargetPlatformManager: Display: Loaded TargetPlatform 'WindowsNoEditor'
[2025.10.12-22.55.33:005][  0]LogTargetPlatformManager: Display: Loaded TargetPlatform 'Windows'
[2025.10.12-22.55.33:008][  0]LogTargetPlatformManager: Display: Loaded TargetPlatform 'WindowsClient'
[2025.10.12-22.55.33:012][  0]LogTargetPlatformManager: Display: Loaded TargetPlatform 'WindowsServer'
[2025.10.12-22.55.33:012][  0]LogTargetPlatformManager: Display: Building Assets For Windows
[2025.10.12-22.55.33:018][  0]LogAudioDebug: Display: Lib vorbis DLL was dynamically loaded.
[2025.10.12-22.55.33:039][  0]LogTextureFormatOodle: Display: Oodle Texture 2.9.0 init RDO Off
[2025.10.12-22.55.33:060][  0]LogRendererCore: Ray tracing is disabled. Reason: r.RayTracing=0.
[2025.10.12-22.55.33:060][  0]LogShaderCompilers: Guid format shader working directory is -16 characters bigger than the processId version (C:/Users/PC/Documents/GitHub/TasteOfMadness/TasteOfMadness/Intermediate/Shaders/WorkingDirectory/17736/).
[2025.10.12-22.55.33:060][  0]LogShaderCompilers: Cleaned the shader compiler working directory 'C:/Users/PC/AppData/Local/Temp/UnrealShaderWorkingDir/D7247BE742F434A4D8BB43945737491C/'.
[2025.10.12-22.55.33:060][  0]LogXGEController: Cannot use XGE Controller as Incredibuild is not installed on this machine.
[2025.10.12-22.55.33:060][  0]LogShaderCompilers: Cannot use XGE Shader Compiler as Incredibuild is not installed on this machine.
[2025.10.12-22.55.33:060][  0]LogShaderCompilers: Display: Using Local Shader Compiler.
[2025.10.12-22.55.33:643][  0]LogDerivedDataCache: Display: Max Cache Size: 512 MB
[2025.10.12-22.55.33:692][  0]LogDerivedDataCache: Loaded boot cache 0.05s 94MB C:/Users/PC/AppData/Local/UnrealEngine/4.27/DerivedDataCache/Boot.ddc.
[2025.10.12-22.55.33:692][  0]LogDerivedDataCache: Display: Loaded Boot cache: C:/Users/PC/AppData/Local/UnrealEngine/4.27/DerivedDataCache/Boot.ddc
[2025.10.12-22.55.33:692][  0]LogDerivedDataCache: FDerivedDataBackendGraph:  Pak pak cache file C:/Users/PC/Documents/GitHub/TasteOfMadness/TasteOfMadness/DerivedDataCache/DDC.ddp not found, will not use a pak cache.
[2025.10.12-22.55.33:692][  0]LogDerivedDataCache: Unable to find inner node Pak for hierarchical cache Hierarchy.
[2025.10.12-22.55.33:692][  0]LogDerivedDataCache: FDerivedDataBackendGraph:  CompressedPak pak cache file C:/Users/PC/Documents/GitHub/TasteOfMadness/TasteOfMadness/DerivedDataCache/Compressed.ddp not found, will not use a pak cache.
[2025.10.12-22.55.33:692][  0]LogDerivedDataCache: Unable to find inner node CompressedPak for hierarchical cache Hierarchy.
[2025.10.12-22.55.33:708][  0]LogDerivedDataCache: Display: Pak cache opened for reading ../../../Engine/DerivedDataCache/Compressed.ddp.
[2025.10.12-22.55.33:708][  0]LogDerivedDataCache: FDerivedDataBackendGraph:  EnterprisePak pak cache file ../../../Enterprise/DerivedDataCache/Compressed.ddp not found, will not use a pak cache.
[2025.10.12-22.55.33:708][  0]LogDerivedDataCache: Unable to find inner node EnterprisePak for hierarchical cache Hierarchy.
[2025.10.12-22.55.33:714][  0]LogDerivedDataCache: Speed tests for C:/Users/PC/AppData/Local/UnrealEngine/Common/DerivedDataCache took 0.01 seconds
[2025.10.12-22.55.33:714][  0]LogDerivedDataCache: Display: Performance to C:/Users/PC/AppData/Local/UnrealEngine/Common/DerivedDataCache: Latency=0.04ms. RandomReadSpeed=1150.46MBs, RandomWriteSpeed=184.59MBs. Assigned SpeedClass 'Local'
[2025.10.12-22.55.33:715][  0]LogDerivedDataCache: Using Local data cache path C:/Users/PC/AppData/Local/UnrealEngine/Common/DerivedDataCache: Writable
[2025.10.12-22.55.33:715][  0]LogDerivedDataCache: Shared data cache path not found in *engine.ini, will not use an Shared cache.
[2025.10.12-22.55.33:715][  0]LogDerivedDataCache: Unable to find inner node Shared for hierarchical cache Hierarchy.
[2025.10.12-22.55.33:758][  0]LogSlate: Using FreeType 2.10.0
[2025.10.12-22.55.33:759][  0]LogSlate: SlateFontServices - WITH_FREETYPE: 1, WITH_HARFBUZZ: 1
[2025.10.12-22.55.33:776][  0]LogAssetRegistry: FAssetRegistry took 0.0022 seconds to start up
[2025.10.12-22.55.33:957][  0]LogInit: Selected Device Profile: [Windows]
[2025.10.12-22.55.33:957][  0]LogInit: Active device profile: [00000207525E0B00][0000020751FEE200 49] Windows
[2025.10.12-22.55.33:957][  0]LogInit: Profiles: [00000207525E0B00][0000020751FEE200 49] Windows, [0000020752566100][0000020747DD8380 49] WindowsNoEditor, [00000207525E1900][0000020747AFE500 49] WindowsServer, [0000020752566E00][0000020747B02680 49] WindowsClient, [00000207525E3C00][0000020751FF27C0 49] IOS, [0000020752564F00][0000020747DEC900 49] iPadAir, [00000207525E3E00][0000020747DF0A40 49] iPadAir2, [00000207536A8D00][0000020747E0CCC0 49] IPadPro, [00000207536A8E00][0000020747DF8D00 49] iPadAir3, [0000020752567B00][0000020747E14E80 49] iPadAir4, [00000207536AB700][00000207533DD000 49] iPadMini2, [0000020752567100][00000207533E1180 49] iPadMini3, [00000207536AB900][000002075340B300 49] iPadMini4, [0000020752567500][0000020753413480 49] iPadMini5, [00000207536E0600][0000020753437740 49] iPhone6, [00000207536E0700][0000020753423780 49] iPodTouch6, [00000207525E2600][0000020751FCFA40 49] iPhone7, [00000207525E2800][000002075343BA80 49] iPodTouch7, [00000207536E0100][0000020751FD3C00 49] iPhone5S, [00000207536A8700][0000020751FD6200 49] iPhone6Plus, [00000207536E2500][0000020751FDA380 49] iPhone6S, [00000207536A9400][0000020751FDE500 49] iPhone6SPlus, [00000207536E3B00][0000020751FE2680 49] iPhone7Plus, [00000207536AB600][0000020747AFA800 49] iPhoneSE, [00000207525E2C00][0000020747E04940 49] iPhone8, [00000207536A8600][0000020747D86A80 49] iPhone8Plus, [00000207525E2100][0000020747D8ABC0 49] iPhoneX, [00000207536AA900][00000207486CAD00 49] iPhoneXS, [00000207525E3D00][00000207486D2E80 49] iPhoneXSMax, [00000207536AAE00][00000207486D7000 49] iPhoneXR, [00000207525E3F00][0000020754835180 49] iPhone11, [00000207536A9F00][000002075483D300 49] iPhone11Pro, [00000207525E0600][0000020754841480 49] iPhone11ProMax, [00000207536AA000][0000020754845600 49] iPhoneSE2, [00000207525E3A00][000002075484D780 49] iPhone12Mini, [00000207536AA700][00000207509C5900 49] iPhone12, [00000207525E2A00][00000207509D9A80 49] iPhone12Pro, [00000207536A8500][00000207509DDC00 49] iPhone12ProMax, [00000207525E3900][00000207509E0200 49] iPadPro105, [00000207536A9800][00000207509E4380 49] iPadPro129, [00000207525E0C00][00000207509E8500 49] iPadPro97, [00000207536AA400][00000207509EC680 49] iPadPro2_129, [00000207525E0800][00000207509F0800 49] iPad5, [00000207536A8400][00000207509F4980 49] iPad6, [00000207525E1B00][000002074865AB00 49] iPad7, [00000207536AB500][00000207486CEC40 49] iPad8, [00000207525E1F00][000002074865ED80 49] iPadPro11, [00000207536A9A00][0000020748662EC0 49] iPadPro2_11, [00000207525E2500][000002074866B040 49] iPadPro3_129, [00000207536AA200][00000207486A11C0 49] iPadPro4_129, [00000207525E1600][00000207486A5340 49] AppleTV, [00000207536ABD00][00000207532994C0 49] AppleTV4K, [00000207525E1A00][00000207532D1640 49] TVOS, [00000207536A8A00][000002075331B7C0 49] Mac, [00000207525E2400][000002075331F940 49] MacClient, [00000207536AAC00][0000020753323AC0 49] MacNoEditor, [00000207525E3500][00000207533700C0 49] MacServer, [00000207536AA300][0000020753374240 49] Linux, [00000207525E0300][00000207533AC3C0 49] LinuxAArch64, [00000207536AA100][00000207486A8540 49] LinuxNoEditor, [00000207525E2300][00000207486AC6C0 49] LinuxAArch64NoEditor, [00000207536ABC00][00000207486B0840 49] LinuxClient, [00000207525E0F00][00000207533269C0 49] LinuxAArch64Client, [00000207536A9200][00000207486B4B40 49] LinuxServer, [00000207525E3000][00000207486B8CC0 49] LinuxAArch64Server, [00000207536A9600][0000020748666E00 49] Android, [00000207525E1200][0000020747D62F40 49] Android_Low, [00000207536ABE00][0000020747D67080 49] Android_Mid, [00000207525E0100][0000020747D6B1C0 49] Android_High, [00000207536AAA00][0000020747D73340 49] Android_Default, [00000207525E1300][0000020747D774C0 49] Android_Adreno4xx, [0000020752566300][0000020747D7B640 49] Android_Adreno5xx_Low, [00000207536E1C00][0000020747D7F7C0 49] Android_Adreno5xx, [0000020752567E00][0000020753417940 49] Android_Adreno6xx, [00000207536E2700][0000020754831AC0 49] Android_Adreno6xx_Vulkan, [0000020752567600][000002075340E0C0 49] Android_Mali_T6xx, [00000207536E0F00][0000020754848240 49] Android_Mali_T7xx, [0000020752565B00][0000020747D823C0 49] Android_Mali_T8xx, [00000207536E1F00][0000020751F7A540 49] Android_Mali_G71, [0000020752566C00][0000020751F7E6C0 49] Android_Mali_G72, [00000207536E2F00][0000020751F82840 49] Android_Mali_G72_Vulkan, [0000020752566500][0000020751F869C0 49] Android_Mali_G76, [00000207536E2200][0000020751F8AB40 49] Android_Mali_G76_Vulkan, [0000020752564E00][0000020751F8ECC0 49] Android_Mali_G77, [00000207536E1400][0000020751F92E40 49] Android_Mali_G77_Vulkan, [0000020752567700][0000020747D6EF80 49] Android_Mali_G78, [00000207536E1300][0000020751F970C0 49] Android_Mali_G78_Vulkan, [0000020752565500][0000020751F9B200 49] Android_Mali_G710, [00000207536E3D00][0000020751F9F340 49] Android_Mali_G710_Vulkan, [0000020752564700][00000207533B54C0 49] Android_Vulkan_SM5, [00000207536E1B00][00000207533B9640 49] Android_PowerVR_G6xxx, [0000020752564A00][00000207533BD7C0 49] Android_PowerVR_GT7xxx, [00000207536E0200][00000207533C1940 49] Android_PowerVR_GE8xxx, [0000020752567800][00000207533C5AC0 49] Android_PowerVR_GM9xxx, [00000207536E0A00][00000207533C80C0 49] Android_PowerVR_GM9xxx_Vulkan, [0000020752565000][00000207533CC240 49] Android_TegraK1, [00000207536E1700][00000207533D03C0 49] Android_Unknown_Vulkan, [0000020752565800][00000207533D4540 49] Lumin, [00000207536E3C00][00000207533D86C0 49] Lumin_Desktop, [0000020752565600][000002075332A840 49] HoloLens, 
[2025.10.12-22.55.34:053][  0]LogMeshReduction: Using QuadricMeshReduction for automatic static mesh reduction
[2025.10.12-22.55.34:053][  0]LogMeshReduction: Using SimplygonMeshReduction for automatic skeletal mesh reduction
[2025.10.12-22.55.34:053][  0]LogMeshReduction: Using ProxyLODMeshReduction for automatic mesh merging
[2025.10.12-22.55.34:053][  0]LogMeshReduction: No distributed automatic mesh merging module available
[2025.10.12-22.55.34:053][  0]LogMeshMerging: No distributed automatic mesh merging module available
[2025.10.12-22.55.34:063][  0]LogNetVersion: TasteOfMadness 1.0.0, NetCL: 17155196, EngineNetVer: 17, GameNetVer: 0 (Checksum: 3999798361)
[2025.10.12-22.55.34:330][  0]LogTexture: Default maximum texture size for cubemaps generated from long-lat sources has been changed from 512 to unlimited. In order to preserve old behaiour for '/Engine/MapTemplates/Sky/DaylightAmbientCubemap.DaylightAmbientCubemap', its maximum texture size has been explicitly set to 512.
[2025.10.12-22.55.34:371][  0]LogHMD: PokeAHoleMaterial loaded successfully
[2025.10.12-22.55.34:376][  0]LogUObjectArray: 17178 objects as part of root set at end of initial load.
[2025.10.12-22.55.34:376][  0]LogUObjectAllocator: 4302048 out of 0 bytes used by permanent object pool.
[2025.10.12-22.55.34:376][  0]LogUObjectArray: CloseDisregardForGC: 0/0 objects in disregard for GC pool
[2025.10.12-22.55.34:558][  0]LogNiagaraDebuggerClient: Niagara Debugger Client Initialized | Session: 731A1A4E4D52A9583EF45183BCD44204 | Instance: C2E991A0472BAE2B62C3A69B2E91235A (DESKTOP-QFES4I7-17736).
[2025.10.12-22.55.34:665][  0]LogTcpMessaging: Initializing TcpMessaging bridge
[2025.10.12-22.55.34:668][  0]LogUdpMessaging: Initializing bridge on interface 0.0.0.0:0 to multicast group 230.0.0.1:6666.
[2025.10.12-22.55.34:697][  0]LogPython: Using Python 3.7.7
[2025.10.12-22.55.35:161][  0]SourceControl: Source control is disabled
[2025.10.12-22.55.35:161][  0]SourceControl: Source control is disabled
[2025.10.12-22.55.35:164][  0]SourceControl: Source control is disabled
[2025.10.12-22.55.35:169][  0]SourceControl: Source control is disabled
[2025.10.12-22.55.35:175][  0]LogUProjectInfo: Found projects:
[2025.10.12-22.55.35:184][  0]SourceControl: Source control is disabled
[2025.10.12-22.55.35:275][  0]LogAndroidPermission: UAndroidPermissionCallbackProxy::GetInstance
[2025.10.12-22.55.35:291][  0]LogAudioCaptureCore: Display: No Audio Capture implementations found. Audio input will be silent.
[2025.10.12-22.55.35:291][  0]LogAudioCaptureCore: Display: No Audio Capture implementations found. Audio input will be silent.
[2025.10.12-22.55.35:454][  0]LogOpenImageDenoise: OIDN starting up
[2025.10.12-22.55.35:460][  0]LogCollectionManager: Loaded 0 collections in 0.000509 seconds
[2025.10.12-22.55.35:478][  0]LogFileCache: Scanning file cache for directory 'C:/Users/PC/Documents/GitHub/TasteOfMadness/TasteOfMadness/Saved/Collections/' took 0.00s
[2025.10.12-22.55.35:478][  0]LogFileCache: Scanning file cache for directory 'C:/Users/PC/Documents/GitHub/TasteOfMadness/TasteOfMadness/Content/Developers/PC/Collections/' took 0.00s
[2025.10.12-22.55.35:478][  0]LogFileCache: Scanning file cache for directory 'C:/Users/PC/Documents/GitHub/TasteOfMadness/TasteOfMadness/Content/Collections/' took 0.00s
[2025.10.12-22.55.35:478][  0]LogOcInput: OculusInput pre-init called
[2025.10.12-22.55.35:644][  0]LogEngine: Initializing Engine...
[2025.10.12-22.55.35:646][  0]LogHMD: Failed to enumerate extensions. Please check that you have a valid OpenXR runtime installed.
[2025.10.12-22.55.35:646][  0]LogHMD: Failed to initialize OpenVR with code 110
[2025.10.12-22.55.35:646][  0]LogMagicLeap: Warning: VR disabled because ZI is not enabled.  To enable, in the editor, Edit -> Project Settings -> Plugins -> Magic Leap Plugin -> Enable Zero Iteration
[2025.10.12-22.55.35:646][  0]LogStats: UGameplayTagsManager::InitializeManager -  0.000 s
[2025.10.12-22.55.35:738][  0]LogInit: Initializing FReadOnlyCVARCache
[2025.10.12-22.55.35:744][  0]LogAIModule: Creating AISystem for world Untitled
[2025.10.12-22.55.35:744][  0]LogAudio: Display: Initializing Audio Device Manager...
[2025.10.12-22.55.35:746][  0]LogAudio: Display: Loading Default Audio Settings Objects...
[2025.10.12-22.55.35:747][  0]LogAudio: Display: No default SoundConcurrencyObject specified (or failed to load).
[2025.10.12-22.55.35:747][  0]LogAudio: Display: Audio Device Manager Initialized
[2025.10.12-22.55.35:747][  0]LogAudio: Display: Creating Audio Device:                 Id: 1, Scope: Shared, Realtime: True
[2025.10.12-22.55.35:747][  0]LogAudioMixer: Display: Audio Mixer Platform Settings:
[2025.10.12-22.55.35:747][  0]LogAudioMixer: Display: 	Sample Rate:						  48000
[2025.10.12-22.55.35:747][  0]LogAudioMixer: Display: 	Callback Buffer Frame Size Requested: 1024
[2025.10.12-22.55.35:747][  0]LogAudioMixer: Display: 	Callback Buffer Frame Size To Use:	  1024
[2025.10.12-22.55.35:747][  0]LogAudioMixer: Display: 	Number of buffers to queue:			  2
[2025.10.12-22.55.35:747][  0]LogAudioMixer: Display: 	Max Channels (voices):				  32
[2025.10.12-22.55.35:747][  0]LogAudioMixer: Display: 	Number of Async Source Workers:		  0
[2025.10.12-22.55.35:747][  0]LogAudio: Display: AudioDevice MaxSources: 32
[2025.10.12-22.55.35:747][  0]LogAudio: Display: Audio Spatialization Plugin: None (built-in).
[2025.10.12-22.55.35:747][  0]LogAudio: Display: Audio Reverb Plugin: None (built-in).
[2025.10.12-22.55.35:747][  0]LogAudio: Display: Audio Occlusion Plugin: None (built-in).
[2025.10.12-22.55.35:747][  0]LogAudioMixer: Display: Initializing audio mixer.
[2025.10.12-22.55.35:762][  0]LogAudioMixer: Display: 0: FrontLeft
[2025.10.12-22.55.35:762][  0]LogAudioMixer: Display: 1: FrontRight
[2025.10.12-22.55.35:787][  0]LogAudioMixer: Display: Using Audio Device LC24RG50 (NVIDIA High Definition Audio)
[2025.10.12-22.55.35:788][  0]LogAudioMixer: Display: Initializing Sound Submixes...
[2025.10.12-22.55.35:790][  0]LogAudioMixer: Display: Creating Master Submix 'MasterSubmixDefault'
[2025.10.12-22.55.35:790][  0]LogAudioMixer: Display: Creating Master Submix 'MasterReverbSubmixDefault'
[2025.10.12-22.55.35:791][  0]LogAudioMixer: Display: Creating Master Submix 'MasterEQSubmixDefault'
[2025.10.12-22.55.35:791][  0]LogAudioMixer: FMixerPlatformXAudio2::StartAudioStream() called
[2025.10.12-22.55.35:791][  0]LogAudioMixer: Display: Output buffers initialized: Frames=1024, Channels=2, Samples=2048
[2025.10.12-22.55.35:791][  0]LogAudioMixer: Display: Starting AudioMixerPlatformInterface::RunInternal()
[2025.10.12-22.55.35:791][  0]LogAudioMixer: Display: FMixerPlatformXAudio2::SubmitBuffer() called for the first time
[2025.10.12-22.55.35:791][  0]LogInit: FAudioDevice initialized.
[2025.10.12-22.55.35:791][  0]LogAudio: Display: Audio Device (ID: 1) registered with world 'Untitled'.
[2025.10.12-22.55.35:792][  0]LogNetVersion: Set ProjectVersion to 1.0.0.0. Version Checksum will be recalculated on next use.
[2025.10.12-22.55.35:832][  0]LogDerivedDataCache: Saved boot cache 0.04s 94MB C:/Users/PC/AppData/Local/UnrealEngine/4.27/DerivedDataCache/Boot.ddc.
[2025.10.12-22.55.35:833][  0]LogInit: Texture streaming: Enabled
[2025.10.12-22.55.35:843][  0]LogAnalytics: Display: [UEEditor.Rocket.Release] APIServer = https://datarouter.ol.epicgames.com/. AppVersion = 4.27.2-18319896+++UE4+Release-4.27
[2025.10.12-22.55.35:845][  0]LogEngineSessionManager: EngineSessionManager initialized
[2025.10.12-22.55.35:845][  0]LogEditorSessionSummary: Verbose: Initializing EditorSessionSummaryWriter for editor session tracking
[2025.10.12-22.55.35:846][  0]LogEditorSessionSummary: EditorSessionSummaryWriter initialized
[2025.10.12-22.55.35:870][  0]LogInit: Transaction tracking system initialized
[2025.10.12-22.55.35:886][  0]BlueprintLog: New page: Editor Load
[2025.10.12-22.55.35:925][  0]LocalizationService: Localization service is disabled
[2025.10.12-22.55.35:941][  0]TimingProfiler: Initialize
[2025.10.12-22.55.35:941][  0]TimingProfiler: OnSessionChanged
[2025.10.12-22.55.35:941][  0]LoadingProfiler: Initialize
[2025.10.12-22.55.35:941][  0]LoadingProfiler: OnSessionChanged
[2025.10.12-22.55.35:941][  0]NetworkingProfiler: Initialize
[2025.10.12-22.55.35:941][  0]NetworkingProfiler: OnSessionChanged
[2025.10.12-22.55.35:941][  0]MemoryProfiler: Initialize
[2025.10.12-22.55.35:941][  0]MemoryProfiler: OnSessionChanged
[2025.10.12-22.55.36:035][  0]LogCook: Display: CookSettings for Memory: MemoryMaxUsedVirtual 0MiB, MemoryMaxUsedPhysical 16384MiB, MemoryMinFreeVirtual 0MiB, MemoryMinFreePhysical 1024MiB
[2025.10.12-22.55.36:035][  0]LogCook: Display: Mobile HDR setting 1
[2025.10.12-22.55.36:039][  0]LogFileCache: Scanning file cache for directory 'C:/Users/PC/Documents/GitHub/TasteOfMadness/TasteOfMadness/Content/' took 0.00s
[2025.10.12-22.55.36:039][  0]LogLinker: Warning: Failed to load '/Engine/BasicShapes/Cube': Can't find file.
[2025.10.12-22.55.36:039][  0]LogLinker: Warning: Failed to load '/Engine/BasicShapes/Cube': Can't find file.
[2025.10.12-22.55.36:039][  0]LogUObjectGlobals: Warning: Failed to find object 'StaticMesh /Engine/BasicShapes/Cube.Cube'
[2025.10.12-22.55.36:288][  0]LogInit: Display: Engine is initialized. Leaving FEngineLoop::Init()
[2025.10.12-22.55.36:290][  0]SourceControl: Source control is disabled
[2025.10.12-22.55.36:290][  0]LogUnrealEdMisc: Loading editor; pre map load, took 5.034
[2025.10.12-22.55.36:290][  0]Cmd: MAP LOAD FILE="C:/Users/PC/Documents/GitHub/TasteOfMadness/TasteOfMadness/Content/Maps/MainPersistent.umap" TEMPLATE=0 SHOWPROGRESS=1 FEATURELEVEL=3
[2025.10.12-22.55.36:291][  0]LightingResults: New page: Lighting Build
[2025.10.12-22.55.36:291][  0]LogWorld: UWorld::CleanupWorld for Untitled, bSessionEnded=true, bCleanupResources=true
[2025.10.12-22.55.36:291][  0]LogSlate: InvalidateAllWidgets triggered.  All widgets were invalidated
[2025.10.12-22.55.36:292][  0]MapCheck: New page: Map Check
[2025.10.12-22.55.36:292][  0]LightingResults: New page: Lighting Build
[2025.10.12-22.55.36:295][  0]LogAudio: Display: Audio Device unregistered from world 'None'.
[2025.10.12-22.55.36:297][  0]LogUObjectHash: Compacting FUObjectHashTables data took   0.78ms
[2025.10.12-22.55.36:468][  0]LogAudio: Display: Audio Device (ID: 1) registered with world 'MainPersistent'.
[2025.10.12-22.55.36:469][  0]LogAIModule: Creating AISystem for world MainPersistent
[2025.10.12-22.55.36:472][  0]LogStreaming: Display: ULevelStreaming::RequestLevel(/Game/Maps/FrancisIA) is flushing async loading
[2025.10.12-22.55.36:472][  0]LogStreaming: Display: FlushAsyncLoading: 1 QueuedPackages, 0 AsyncPackages
[2025.10.12-22.55.36:625][  0]LogStreaming: Display: ULevelStreaming::RequestLevel(/Game/Maps/ComidaVivaIA) is flushing async loading
[2025.10.12-22.55.36:686][  0]LogStreaming: Display: ULevelStreaming::RequestLevel(/Game/Maps/PropsSamuel) is flushing async loading
[2025.10.12-22.55.36:689][  0]LogStreaming: Display: ULevelStreaming::RequestLevel(/Game/Maps/PropsMichelle) is flushing async loading
[2025.10.12-22.55.36:692][  0]LogStreaming: Display: ULevelStreaming::RequestLevel(/Game/Maps/PropsDaniela) is flushing async loading
[2025.10.12-22.55.36:696][  0]LogStreaming: Display: ULevelStreaming::RequestLevel(/Game/Maps/PropsChris) is flushing async loading
[2025.10.12-22.55.36:700][  0]LogStreaming: Display: ULevelStreaming::RequestLevel(/Game/Maps/PropsOliver) is flushing async loading
[2025.10.12-22.55.36:703][  0]LogEditorServer: Finished looking for orphan Actors (0.000 secs)
[2025.10.12-22.55.36:704][  0]LogNavigation: Warning: NavData RegistrationFailed_AgentAlreadySupported, specified agent type already has its navmesh implemented.
[2025.10.12-22.55.36:710][  0]LogUObjectHash: Compacting FUObjectHashTables data took   1.04ms
[2025.10.12-22.55.36:711][  0]Cmd: MAP CHECKDEP NOCLEARLOG
[2025.10.12-22.55.36:711][  0]MapCheck: Map check complete: 0 Error(s), 0 Warning(s), took 0.464ms to complete.
[2025.10.12-22.55.36:711][  0]LogFileHelpers: Loading map 'MainPersistent' took 0.421
[2025.10.12-22.55.36:713][  0]LogUnrealEdMisc: Total Editor Startup Time, took 5.457
[2025.10.12-22.55.36:806][  0]LogSlate: Updating window title bar state: overlay mode, drag disabled, window buttons hidden, title bar hidden
[2025.10.12-22.55.36:810][  0]LogSlate: Updating window title bar state: overlay mode, drag disabled, window buttons hidden, title bar hidden
[2025.10.12-22.55.36:814][  0]LogSlate: Updating window title bar state: overlay mode, drag disabled, window buttons hidden, title bar hidden
[2025.10.12-22.55.36:818][  0]LogSlate: Updating window title bar state: overlay mode, drag disabled, window buttons hidden, title bar hidden
[2025.10.12-22.55.36:829][  0]LogNativeClassHierarchy: Verbose: Native class hierarchy populated in 0.0080 seconds. Added 3822 classes and 928 folders.
[2025.10.12-22.55.36:831][  0]LogNativeClassHierarchy: Verbose: Native class hierarchy updated for 'WidgetCarousel' in 0.0002 seconds. Added 0 classes and 0 folders.
[2025.10.12-22.55.36:832][  0]LogPakFile: PakFile PrimaryIndexSize=187
[2025.10.12-22.55.36:832][  0]LogPakFile: PakFile PathHashIndexSize=101
[2025.10.12-22.55.36:832][  0]LogPakFile: PakFile FullDirectoryIndexSize=148
[2025.10.12-22.55.36:832][  0]LogShaderLibrary: Display: ShaderCodeLibraryPakFileMountedCallback: PakFile 'E:/Epic/UE_4.27/FeaturePacks/FP_FirstPerson.upack' (chunk index -1, root 'root:/') mounted
[2025.10.12-22.55.36:832][  0]LogShaderLibrary: Display: ShaderCodeLibraryPakFileMountedCallback: pending pak file info (ChunkID:-1 Root:root:/ File:E:/Epic/UE_4.27/FeaturePacks/FP_FirstPerson.upack)
[2025.10.12-22.55.36:832][  0]LogPakFile: OnPakFileMounted2Time == 0.000041
[2025.10.12-22.55.36:832][  0]LogPakFile: PakFile PrimaryIndexSize=189
[2025.10.12-22.55.36:832][  0]LogPakFile: PakFile PathHashIndexSize=101
[2025.10.12-22.55.36:832][  0]LogPakFile: PakFile FullDirectoryIndexSize=152
[2025.10.12-22.55.36:832][  0]LogShaderLibrary: Display: ShaderCodeLibraryPakFileMountedCallback: PakFile 'E:/Epic/UE_4.27/FeaturePacks/FP_FirstPersonBP.upack' (chunk index -1, root 'root:/') mounted
[2025.10.12-22.55.36:832][  0]LogShaderLibrary: Display: ShaderCodeLibraryPakFileMountedCallback: pending pak file info (ChunkID:-1 Root:root:/ File:E:/Epic/UE_4.27/FeaturePacks/FP_FirstPersonBP.upack)
[2025.10.12-22.55.36:832][  0]LogPakFile: OnPakFileMounted2Time == 0.000025
[2025.10.12-22.55.36:832][  0]LogPakFile: PakFile PrimaryIndexSize=191
[2025.10.12-22.55.36:832][  0]LogPakFile: PakFile PathHashIndexSize=101
[2025.10.12-22.55.36:833][  0]LogPakFile: PakFile FullDirectoryIndexSize=160
[2025.10.12-22.55.36:833][  0]LogShaderLibrary: Display: ShaderCodeLibraryPakFileMountedCallback: PakFile 'E:/Epic/UE_4.27/FeaturePacks/MobileStarterContent.upack' (chunk index -1, root 'root:/') mounted
[2025.10.12-22.55.36:833][  0]LogShaderLibrary: Display: ShaderCodeLibraryPakFileMountedCallback: pending pak file info (ChunkID:-1 Root:root:/ File:E:/Epic/UE_4.27/FeaturePacks/MobileStarterContent.upack)
[2025.10.12-22.55.36:833][  0]LogPakFile: OnPakFileMounted2Time == 0.000023
[2025.10.12-22.55.36:833][  0]LogPakFile: PakFile PrimaryIndexSize=185
[2025.10.12-22.55.36:833][  0]LogPakFile: PakFile PathHashIndexSize=101
[2025.10.12-22.55.36:833][  0]LogPakFile: PakFile FullDirectoryIndexSize=148
[2025.10.12-22.55.36:833][  0]LogShaderLibrary: Display: ShaderCodeLibraryPakFileMountedCallback: PakFile 'E:/Epic/UE_4.27/FeaturePacks/StarterContent.upack' (chunk index -1, root 'root:/') mounted
[2025.10.12-22.55.36:833][  0]LogShaderLibrary: Display: ShaderCodeLibraryPakFileMountedCallback: pending pak file info (ChunkID:-1 Root:root:/ File:E:/Epic/UE_4.27/FeaturePacks/StarterContent.upack)
[2025.10.12-22.55.36:833][  0]LogPakFile: OnPakFileMounted2Time == 0.000024
[2025.10.12-22.55.36:833][  0]LogPakFile: PakFile PrimaryIndexSize=190
[2025.10.12-22.55.36:833][  0]LogPakFile: PakFile PathHashIndexSize=101
[2025.10.12-22.55.36:833][  0]LogPakFile: PakFile FullDirectoryIndexSize=154
[2025.10.12-22.55.36:833][  0]LogShaderLibrary: Display: ShaderCodeLibraryPakFileMountedCallback: PakFile 'E:/Epic/UE_4.27/FeaturePacks/TP_2DSideScroller.upack' (chunk index -1, root 'root:/') mounted
[2025.10.12-22.55.36:833][  0]LogShaderLibrary: Display: ShaderCodeLibraryPakFileMountedCallback: pending pak file info (ChunkID:-1 Root:root:/ File:E:/Epic/UE_4.27/FeaturePacks/TP_2DSideScroller.upack)
[2025.10.12-22.55.36:833][  0]LogPakFile: OnPakFileMounted2Time == 0.000023
[2025.10.12-22.55.36:834][  0]LogPakFile: PakFile PrimaryIndexSize=192
[2025.10.12-22.55.36:834][  0]LogPakFile: PakFile PathHashIndexSize=101
[2025.10.12-22.55.36:834][  0]LogPakFile: PakFile FullDirectoryIndexSize=158
[2025.10.12-22.55.36:834][  0]LogShaderLibrary: Display: ShaderCodeLibraryPakFileMountedCallback: PakFile 'E:/Epic/UE_4.27/FeaturePacks/TP_2DSideScrollerBP.upack' (chunk index -1, root 'root:/') mounted
[2025.10.12-22.55.36:834][  0]LogShaderLibrary: Display: ShaderCodeLibraryPakFileMountedCallback: pending pak file info (ChunkID:-1 Root:root:/ File:E:/Epic/UE_4.27/FeaturePacks/TP_2DSideScrollerBP.upack)
[2025.10.12-22.55.36:834][  0]LogPakFile: OnPakFileMounted2Time == 0.000022
[2025.10.12-22.55.36:834][  0]LogPakFile: PakFile PrimaryIndexSize=182
[2025.10.12-22.55.36:834][  0]LogPakFile: PakFile PathHashIndexSize=101
[2025.10.12-22.55.36:834][  0]LogPakFile: PakFile FullDirectoryIndexSize=138
[2025.10.12-22.55.36:834][  0]LogShaderLibrary: Display: ShaderCodeLibraryPakFileMountedCallback: PakFile 'E:/Epic/UE_4.27/FeaturePacks/TP_Flying.upack' (chunk index -1, root 'root:/') mounted
[2025.10.12-22.55.36:834][  0]LogShaderLibrary: Display: ShaderCodeLibraryPakFileMountedCallback: pending pak file info (ChunkID:-1 Root:root:/ File:E:/Epic/UE_4.27/FeaturePacks/TP_Flying.upack)
[2025.10.12-22.55.36:834][  0]LogPakFile: OnPakFileMounted2Time == 0.000022
[2025.10.12-22.55.36:834][  0]LogPakFile: PakFile PrimaryIndexSize=184
[2025.10.12-22.55.36:834][  0]LogPakFile: PakFile PathHashIndexSize=101
[2025.10.12-22.55.36:834][  0]LogPakFile: PakFile FullDirectoryIndexSize=142
[2025.10.12-22.55.36:834][  0]LogShaderLibrary: Display: ShaderCodeLibraryPakFileMountedCallback: PakFile 'E:/Epic/UE_4.27/FeaturePacks/TP_FlyingBP.upack' (chunk index -1, root 'root:/') mounted
[2025.10.12-22.55.36:834][  0]LogShaderLibrary: Display: ShaderCodeLibraryPakFileMountedCallback: pending pak file info (ChunkID:-1 Root:root:/ File:E:/Epic/UE_4.27/FeaturePacks/TP_FlyingBP.upack)
[2025.10.12-22.55.36:834][  0]LogPakFile: OnPakFileMounted2Time == 0.000022
[2025.10.12-22.55.36:835][  0]LogPakFile: PakFile PrimaryIndexSize=188
[2025.10.12-22.55.36:835][  0]LogPakFile: PakFile PathHashIndexSize=101
[2025.10.12-22.55.36:835][  0]LogPakFile: PakFile FullDirectoryIndexSize=150
[2025.10.12-22.55.36:835][  0]LogShaderLibrary: Display: ShaderCodeLibraryPakFileMountedCallback: PakFile 'E:/Epic/UE_4.27/FeaturePacks/TP_HandheldARBP.upack' (chunk index -1, root 'root:/') mounted
[2025.10.12-22.55.36:835][  0]LogShaderLibrary: Display: ShaderCodeLibraryPakFileMountedCallback: pending pak file info (ChunkID:-1 Root:root:/ File:E:/Epic/UE_4.27/FeaturePacks/TP_HandheldARBP.upack)
[2025.10.12-22.55.36:835][  0]LogPakFile: OnPakFileMounted2Time == 0.000022
[2025.10.12-22.55.36:835][  0]LogPakFile: PakFile PrimaryIndexSize=182
[2025.10.12-22.55.36:835][  0]LogPakFile: PakFile PathHashIndexSize=101
[2025.10.12-22.55.36:835][  0]LogPakFile: PakFile FullDirectoryIndexSize=138
[2025.10.12-22.55.36:835][  0]LogShaderLibrary: Display: ShaderCodeLibraryPakFileMountedCallback: PakFile 'E:/Epic/UE_4.27/FeaturePacks/TP_Puzzle.upack' (chunk index -1, root 'root:/') mounted
[2025.10.12-22.55.36:835][  0]LogShaderLibrary: Display: ShaderCodeLibraryPakFileMountedCallback: pending pak file info (ChunkID:-1 Root:root:/ File:E:/Epic/UE_4.27/FeaturePacks/TP_Puzzle.upack)
[2025.10.12-22.55.36:835][  0]LogPakFile: OnPakFileMounted2Time == 0.000022
[2025.10.12-22.55.36:836][  0]LogPakFile: PakFile PrimaryIndexSize=184
[2025.10.12-22.55.36:836][  0]LogPakFile: PakFile PathHashIndexSize=101
[2025.10.12-22.55.36:836][  0]LogPakFile: PakFile FullDirectoryIndexSize=142
[2025.10.12-22.55.36:836][  0]LogShaderLibrary: Display: ShaderCodeLibraryPakFileMountedCallback: PakFile 'E:/Epic/UE_4.27/FeaturePacks/TP_PuzzleBP.upack' (chunk index -1, root 'root:/') mounted
[2025.10.12-22.55.36:836][  0]LogShaderLibrary: Display: ShaderCodeLibraryPakFileMountedCallback: pending pak file info (ChunkID:-1 Root:root:/ File:E:/Epic/UE_4.27/FeaturePacks/TP_PuzzleBP.upack)
[2025.10.12-22.55.36:836][  0]LogPakFile: OnPakFileMounted2Time == 0.000022
[2025.10.12-22.55.36:836][  0]LogPakFile: PakFile PrimaryIndexSize=183
[2025.10.12-22.55.36:836][  0]LogPakFile: PakFile PathHashIndexSize=101
[2025.10.12-22.55.36:836][  0]LogPakFile: PakFile FullDirectoryIndexSize=140
[2025.10.12-22.55.36:836][  0]LogShaderLibrary: Display: ShaderCodeLibraryPakFileMountedCallback: PakFile 'E:/Epic/UE_4.27/FeaturePacks/TP_Rolling.upack' (chunk index -1, root 'root:/') mounted
[2025.10.12-22.55.36:836][  0]LogShaderLibrary: Display: ShaderCodeLibraryPakFileMountedCallback: pending pak file info (ChunkID:-1 Root:root:/ File:E:/Epic/UE_4.27/FeaturePacks/TP_Rolling.upack)
[2025.10.12-22.55.36:836][  0]LogPakFile: OnPakFileMounted2Time == 0.000022
[2025.10.12-22.55.36:836][  0]LogPakFile: PakFile PrimaryIndexSize=185
[2025.10.12-22.55.36:836][  0]LogPakFile: PakFile PathHashIndexSize=101
[2025.10.12-22.55.36:836][  0]LogPakFile: PakFile FullDirectoryIndexSize=144
[2025.10.12-22.55.36:836][  0]LogShaderLibrary: Display: ShaderCodeLibraryPakFileMountedCallback: PakFile 'E:/Epic/UE_4.27/FeaturePacks/TP_RollingBP.upack' (chunk index -1, root 'root:/') mounted
[2025.10.12-22.55.36:836][  0]LogShaderLibrary: Display: ShaderCodeLibraryPakFileMountedCallback: pending pak file info (ChunkID:-1 Root:root:/ File:E:/Epic/UE_4.27/FeaturePacks/TP_RollingBP.upack)
[2025.10.12-22.55.36:836][  0]LogPakFile: OnPakFileMounted2Time == 0.000022
[2025.10.12-22.55.36:837][  0]LogPakFile: PakFile PrimaryIndexSize=188
[2025.10.12-22.55.36:837][  0]LogPakFile: PakFile PathHashIndexSize=101
[2025.10.12-22.55.36:837][  0]LogPakFile: PakFile FullDirectoryIndexSize=150
[2025.10.12-22.55.36:837][  0]LogShaderLibrary: Display: ShaderCodeLibraryPakFileMountedCallback: PakFile 'E:/Epic/UE_4.27/FeaturePacks/TP_SideScroller.upack' (chunk index -1, root 'root:/') mounted
[2025.10.12-22.55.36:837][  0]LogShaderLibrary: Display: ShaderCodeLibraryPakFileMountedCallback: pending pak file info (ChunkID:-1 Root:root:/ File:E:/Epic/UE_4.27/FeaturePacks/TP_SideScroller.upack)
[2025.10.12-22.55.36:837][  0]LogPakFile: OnPakFileMounted2Time == 0.000025
[2025.10.12-22.55.36:837][  0]LogPakFile: PakFile PrimaryIndexSize=190
[2025.10.12-22.55.36:837][  0]LogPakFile: PakFile PathHashIndexSize=101
[2025.10.12-22.55.36:837][  0]LogPakFile: PakFile FullDirectoryIndexSize=154
[2025.10.12-22.55.36:837][  0]LogShaderLibrary: Display: ShaderCodeLibraryPakFileMountedCallback: PakFile 'E:/Epic/UE_4.27/FeaturePacks/TP_SideScrollerBP.upack' (chunk index -1, root 'root:/') mounted
[2025.10.12-22.55.36:837][  0]LogShaderLibrary: Display: ShaderCodeLibraryPakFileMountedCallback: pending pak file info (ChunkID:-1 Root:root:/ File:E:/Epic/UE_4.27/FeaturePacks/TP_SideScrollerBP.upack)
[2025.10.12-22.55.36:837][  0]LogPakFile: OnPakFileMounted2Time == 0.000022
[2025.10.12-22.55.36:837][  0]LogPakFile: PakFile PrimaryIndexSize=187
[2025.10.12-22.55.36:837][  0]LogPakFile: PakFile PathHashIndexSize=101
[2025.10.12-22.55.36:837][  0]LogPakFile: PakFile FullDirectoryIndexSize=148
[2025.10.12-22.55.36:837][  0]LogShaderLibrary: Display: ShaderCodeLibraryPakFileMountedCallback: PakFile 'E:/Epic/UE_4.27/FeaturePacks/TP_ThirdPerson.upack' (chunk index -1, root 'root:/') mounted
[2025.10.12-22.55.36:837][  0]LogShaderLibrary: Display: ShaderCodeLibraryPakFileMountedCallback: pending pak file info (ChunkID:-1 Root:root:/ File:E:/Epic/UE_4.27/FeaturePacks/TP_ThirdPerson.upack)
[2025.10.12-22.55.36:837][  0]LogPakFile: OnPakFileMounted2Time == 0.000023
[2025.10.12-22.55.36:838][  0]LogPakFile: PakFile PrimaryIndexSize=189
[2025.10.12-22.55.36:838][  0]LogPakFile: PakFile PathHashIndexSize=101
[2025.10.12-22.55.36:838][  0]LogPakFile: PakFile FullDirectoryIndexSize=152
[2025.10.12-22.55.36:838][  0]LogShaderLibrary: Display: ShaderCodeLibraryPakFileMountedCallback: PakFile 'E:/Epic/UE_4.27/FeaturePacks/TP_ThirdPersonBP.upack' (chunk index -1, root 'root:/') mounted
[2025.10.12-22.55.36:838][  0]LogShaderLibrary: Display: ShaderCodeLibraryPakFileMountedCallback: pending pak file info (ChunkID:-1 Root:root:/ File:E:/Epic/UE_4.27/FeaturePacks/TP_ThirdPersonBP.upack)
[2025.10.12-22.55.36:838][  0]LogPakFile: OnPakFileMounted2Time == 0.000023
[2025.10.12-22.55.36:838][  0]LogPakFile: PakFile PrimaryIndexSize=183
[2025.10.12-22.55.36:838][  0]LogPakFile: PakFile PathHashIndexSize=101
[2025.10.12-22.55.36:838][  0]LogPakFile: PakFile FullDirectoryIndexSize=140
[2025.10.12-22.55.36:838][  0]LogShaderLibrary: Display: ShaderCodeLibraryPakFileMountedCallback: PakFile 'E:/Epic/UE_4.27/FeaturePacks/TP_TopDown.upack' (chunk index -1, root 'root:/') mounted
[2025.10.12-22.55.36:838][  0]LogShaderLibrary: Display: ShaderCodeLibraryPakFileMountedCallback: pending pak file info (ChunkID:-1 Root:root:/ File:E:/Epic/UE_4.27/FeaturePacks/TP_TopDown.upack)
[2025.10.12-22.55.36:838][  0]LogPakFile: OnPakFileMounted2Time == 0.000026
[2025.10.12-22.55.36:839][  0]LogPakFile: PakFile PrimaryIndexSize=185
[2025.10.12-22.55.36:839][  0]LogPakFile: PakFile PathHashIndexSize=101
[2025.10.12-22.55.36:839][  0]LogPakFile: PakFile FullDirectoryIndexSize=144
[2025.10.12-22.55.36:839][  0]LogShaderLibrary: Display: ShaderCodeLibraryPakFileMountedCallback: PakFile 'E:/Epic/UE_4.27/FeaturePacks/TP_TopDownBP.upack' (chunk index -1, root 'root:/') mounted
[2025.10.12-22.55.36:839][  0]LogShaderLibrary: Display: ShaderCodeLibraryPakFileMountedCallback: pending pak file info (ChunkID:-1 Root:root:/ File:E:/Epic/UE_4.27/FeaturePacks/TP_TopDownBP.upack)
[2025.10.12-22.55.36:839][  0]LogPakFile: OnPakFileMounted2Time == 0.000022
[2025.10.12-22.55.36:839][  0]LogPakFile: PakFile PrimaryIndexSize=185
[2025.10.12-22.55.36:839][  0]LogPakFile: PakFile PathHashIndexSize=101
[2025.10.12-22.55.36:839][  0]LogPakFile: PakFile FullDirectoryIndexSize=144
[2025.10.12-22.55.36:839][  0]LogShaderLibrary: Display: ShaderCodeLibraryPakFileMountedCallback: PakFile 'E:/Epic/UE_4.27/FeaturePacks/TP_TwinStick.upack' (chunk index -1, root 'root:/') mounted
[2025.10.12-22.55.36:839][  0]LogShaderLibrary: Display: ShaderCodeLibraryPakFileMountedCallback: pending pak file info (ChunkID:-1 Root:root:/ File:E:/Epic/UE_4.27/FeaturePacks/TP_TwinStick.upack)
[2025.10.12-22.55.36:839][  0]LogPakFile: OnPakFileMounted2Time == 0.000022
[2025.10.12-22.55.36:839][  0]LogPakFile: PakFile PrimaryIndexSize=187
[2025.10.12-22.55.36:839][  0]LogPakFile: PakFile PathHashIndexSize=101
[2025.10.12-22.55.36:839][  0]LogPakFile: PakFile FullDirectoryIndexSize=148
[2025.10.12-22.55.36:839][  0]LogShaderLibrary: Display: ShaderCodeLibraryPakFileMountedCallback: PakFile 'E:/Epic/UE_4.27/FeaturePacks/TP_TwinStickBP.upack' (chunk index -1, root 'root:/') mounted
[2025.10.12-22.55.36:839][  0]LogShaderLibrary: Display: ShaderCodeLibraryPakFileMountedCallback: pending pak file info (ChunkID:-1 Root:root:/ File:E:/Epic/UE_4.27/FeaturePacks/TP_TwinStickBP.upack)
[2025.10.12-22.55.36:839][  0]LogPakFile: OnPakFileMounted2Time == 0.000022
[2025.10.12-22.55.36:840][  0]LogPakFile: PakFile PrimaryIndexSize=183
[2025.10.12-22.55.36:840][  0]LogPakFile: PakFile PathHashIndexSize=101
[2025.10.12-22.55.36:840][  0]LogPakFile: PakFile FullDirectoryIndexSize=140
[2025.10.12-22.55.36:840][  0]LogShaderLibrary: Display: ShaderCodeLibraryPakFileMountedCallback: PakFile 'E:/Epic/UE_4.27/FeaturePacks/TP_Vehicle.upack' (chunk index -1, root 'root:/') mounted
[2025.10.12-22.55.36:840][  0]LogShaderLibrary: Display: ShaderCodeLibraryPakFileMountedCallback: pending pak file info (ChunkID:-1 Root:root:/ File:E:/Epic/UE_4.27/FeaturePacks/TP_Vehicle.upack)
[2025.10.12-22.55.36:840][  0]LogPakFile: OnPakFileMounted2Time == 0.000022
[2025.10.12-22.55.36:840][  0]LogPakFile: PakFile PrimaryIndexSize=186
[2025.10.12-22.55.36:840][  0]LogPakFile: PakFile PathHashIndexSize=101
[2025.10.12-22.55.36:840][  0]LogPakFile: PakFile FullDirectoryIndexSize=146
[2025.10.12-22.55.36:840][  0]LogShaderLibrary: Display: ShaderCodeLibraryPakFileMountedCallback: PakFile 'E:/Epic/UE_4.27/FeaturePacks/TP_VehicleAdv.upack' (chunk index -1, root 'root:/') mounted
[2025.10.12-22.55.36:840][  0]LogShaderLibrary: Display: ShaderCodeLibraryPakFileMountedCallback: pending pak file info (ChunkID:-1 Root:root:/ File:E:/Epic/UE_4.27/FeaturePacks/TP_VehicleAdv.upack)
[2025.10.12-22.55.36:840][  0]LogPakFile: OnPakFileMounted2Time == 0.000022
[2025.10.12-22.55.36:840][  0]LogPakFile: PakFile PrimaryIndexSize=188
[2025.10.12-22.55.36:840][  0]LogPakFile: PakFile PathHashIndexSize=101
[2025.10.12-22.55.36:840][  0]LogPakFile: PakFile FullDirectoryIndexSize=150
[2025.10.12-22.55.36:840][  0]LogShaderLibrary: Display: ShaderCodeLibraryPakFileMountedCallback: PakFile 'E:/Epic/UE_4.27/FeaturePacks/TP_VehicleAdvBP.upack' (chunk index -1, root 'root:/') mounted
[2025.10.12-22.55.36:840][  0]LogShaderLibrary: Display: ShaderCodeLibraryPakFileMountedCallback: pending pak file info (ChunkID:-1 Root:root:/ File:E:/Epic/UE_4.27/FeaturePacks/TP_VehicleAdvBP.upack)
[2025.10.12-22.55.36:840][  0]LogPakFile: OnPakFileMounted2Time == 0.000022
[2025.10.12-22.55.36:841][  0]LogPakFile: PakFile PrimaryIndexSize=185
[2025.10.12-22.55.36:841][  0]LogPakFile: PakFile PathHashIndexSize=101
[2025.10.12-22.55.36:841][  0]LogPakFile: PakFile FullDirectoryIndexSize=144
[2025.10.12-22.55.36:841][  0]LogShaderLibrary: Display: ShaderCodeLibraryPakFileMountedCallback: PakFile 'E:/Epic/UE_4.27/FeaturePacks/TP_VehicleBP.upack' (chunk index -1, root 'root:/') mounted
[2025.10.12-22.55.36:841][  0]LogShaderLibrary: Display: ShaderCodeLibraryPakFileMountedCallback: pending pak file info (ChunkID:-1 Root:root:/ File:E:/Epic/UE_4.27/FeaturePacks/TP_VehicleBP.upack)
[2025.10.12-22.55.36:841][  0]LogPakFile: OnPakFileMounted2Time == 0.000022
[2025.10.12-22.55.36:841][  0]LogPakFile: PakFile PrimaryIndexSize=192
[2025.10.12-22.55.36:841][  0]LogPakFile: PakFile PathHashIndexSize=101
[2025.10.12-22.55.36:841][  0]LogPakFile: PakFile FullDirectoryIndexSize=158
[2025.10.12-22.55.36:841][  0]LogShaderLibrary: Display: ShaderCodeLibraryPakFileMountedCallback: PakFile 'E:/Epic/UE_4.27/FeaturePacks/TP_VirtualRealityBP.upack' (chunk index -1, root 'root:/') mounted
[2025.10.12-22.55.36:841][  0]LogShaderLibrary: Display: ShaderCodeLibraryPakFileMountedCallback: pending pak file info (ChunkID:-1 Root:root:/ File:E:/Epic/UE_4.27/FeaturePacks/TP_VirtualRealityBP.upack)
[2025.10.12-22.55.36:841][  0]LogPakFile: OnPakFileMounted2Time == 0.000022
[2025.10.12-22.55.36:874][  0]LogNativeClassHierarchy: Verbose: Native class hierarchy updated for 'AddContentDialog' in 0.0002 seconds. Added 0 classes and 0 folders.
[2025.10.12-22.55.36:874][  0]LogNativeClassHierarchy: Verbose: Native class hierarchy updated for 'SceneOutliner' in 0.0002 seconds. Added 2 classes and 0 folders.
[2025.10.12-22.55.36:918][  0]LogSlate: Took 0.000125 seconds to synchronously load lazily loaded font '../../../Engine/Content/Slate/Fonts/Roboto-Regular.ttf' (155K)
[2025.10.12-22.55.36:919][  0]LogSlate: Took 0.000133 seconds to synchronously load lazily loaded font '../../../Engine/Content/Editor/Slate/Fonts/FontAwesome.ttf' (139K)
[2025.10.12-22.55.36:920][  0]LogSlate: Took 0.000102 seconds to synchronously load lazily loaded font '../../../Engine/Content/Slate/Fonts/Roboto-Bold.ttf' (160K)
[2025.10.12-22.55.36:979][  0]LogRenderer: Reallocating scene render targets to support 1164x652 Format 10 NumSamples 1 (Frame:1).
[2025.10.12-22.55.37:053][  0]LogNativeClassHierarchy: Verbose: Native class hierarchy updated for 'HierarchicalLODOutliner' in 0.0003 seconds. Added 0 classes and 0 folders.
[2025.10.12-22.55.37:053][  0]LogLoad: (Engine Initialization) Total time: 5.80 seconds
[2025.10.12-22.55.37:053][  0]LogLoad: (Engine Initialization) Total Blueprint compile time: 0.00 seconds
[2025.10.12-22.55.37:070][  0]LogLinker: Warning: Failed to load '/Engine/BasicShapes/Cube': Can't find file.
[2025.10.12-22.55.37:070][  0]LogLinker: Warning: Failed to load '/Engine/BasicShapes/Cube': Can't find file.
[2025.10.12-22.55.37:070][  0]LogUObjectGlobals: Warning: Failed to find object 'StaticMesh /Engine/BasicShapes/Cube.Cube'
[2025.10.12-22.55.37:096][  0]LogAssetRegistry: Asset discovery search completed in 3.3212 seconds
[2025.10.12-22.55.37:100][  0]LogCollectionManager: Fixed up redirectors for 0 collections in 0.000004 seconds (updated 0 objects)
[2025.10.12-22.55.37:101][  0]LogContentStreaming: Texture pool size now 1000 MB
[2025.10.12-22.55.38:414][  4]LogSlate: Took 0.000128 seconds to synchronously load lazily loaded font '../../../Engine/Content/Slate/Fonts/Roboto-Light.ttf' (167K)
[2025.10.12-22.55.39:756][  8]LogScript: Warning: Accessed None trying to read property CallFunc_TryGetPawnOwner_ReturnValue
	ABP_Swarm_C /Engine/Transient.World_2:PersistentLevel.SkeletalMeshActor_0.SkeletalMeshComponent0.ABP_Swarm_C_0
	Function /Game/Characters/Content_Enemies/BP_Rata/ABP_Swarm.ABP_Swarm_C:ExecuteUbergraph_ABP_Swarm:00D8
[2025.10.12-22.55.40:770][ 11]LogAssetEditorSubsystem: Opening Asset editor for Blueprint /Game/Characters/Content_Enemies/BP_Rata/BP_TrailDamage.BP_TrailDamage
[2025.10.12-22.55.40:874][ 11]LogNativeClassHierarchy: Verbose: Native class hierarchy updated for 'BlueprintGraph' in 0.0004 seconds. Added 126 classes and 0 folders.
[2025.10.12-22.55.41:470][ 11]LogAssetEditorSubsystem: Opening Asset editor for Material /Game/Characters/Content_Enemies/BP_Rata/M_TrailDamage.M_TrailDamage
[2025.10.12-22.55.41:471][ 11]LogMaterial: Display: Missing cached shadermap for M_TrailDamage in PCD3D_SM5, Default, SM5 (DDC key hash: 6C9FE0CAB2501128853BE1C87AAE165D084C0311), compiling. 
[2025.10.12-22.55.41:512][ 11]LogShaderCompilers: Display: Submitted 25 shader compile jobs with 'Normal' priority
[2025.10.12-22.55.41:516][ 11]LogTexture: Default maximum texture size for cubemaps generated from long-lat sources has been changed from 512 to unlimited. In order to preserve old behaiour for '/Engine/EditorMaterials/AssetViewer/EpicQuadPanorama_CC+EV1.EpicQuadPanorama_CC+EV1', its maximum texture size has been explicitly set to 512.
[2025.10.12-22.55.41:569][ 11]LogTexture: Default maximum texture size for cubemaps generated from long-lat sources has been changed from 512 to unlimited. In order to preserve old behaiour for '/Engine/MapTemplates/Sky/SunsetAmbientCubemap.SunsetAmbientCubemap', its maximum texture size has been explicitly set to 512.
[2025.10.12-22.55.41:664][ 11]LogMaterial: Display: Missing cached shadermap for M_TrailDamage in PCD3D_SM5, Default, SM5 (DDC key hash: 0A54ED7B9AAFC4A0BB4286151FE5F180D997B86A), compiling. 
[2025.10.12-22.55.41:666][ 11]LogMaterial: Display: Missing cached shadermap for M_TrailDamage in PCD3D_SM5, Default, SM5 (DDC key hash: 5E70E52EFDA9BFB1BEE5DF398B4EF450A8A0C6A1), compiling. 
[2025.10.12-22.55.41:667][ 11]LogMaterial: Display: Missing cached shadermap for FMatExpressionPreview MaterialExpressionVectorParameter_0 in PCD3D_SM5, Default, SM5 (DDC key hash: 7EAF5ACE7D6D5339E1ADAF6E857A0AB12F8D9ECF), compiling. 
[2025.10.12-22.55.41:668][ 11]LogMaterial: Display: Missing cached shadermap for FMatExpressionPreview MaterialExpressionScalarParameter_0 in PCD3D_SM5, Default, SM5 (DDC key hash: F1EF3556BB90B7074C9E6BAFFC2BF3F549E089C2), compiling. 
[2025.10.12-22.55.41:707][ 11]LogAssetEditorSubsystem: Opening Asset editor for Blueprint /Game/Characters/Content_Enemies/BP_Rata/BP_SwarmEnemy.BP_SwarmEnemy
[2025.10.12-22.55.41:962][ 11]MaterialEditorStats: Texture samplers: 0/16
[2025.10.12-22.55.41:964][ 11]LogSlate: Took 0.000161 seconds to synchronously load lazily loaded font '../../../Engine/Content/Slate/Fonts/Roboto-BoldCondensed.ttf' (158K)
[2025.10.12-22.55.42:005][ 12]LogSlate: Took 0.000182 seconds to synchronously load lazily loaded font '../../../Engine/Content/Slate/Fonts/Roboto-Italic.ttf' (157K)
[2025.10.12-22.55.42:023][ 13]LogShaderCompilers: Display: Submitted 25 shader compile jobs with 'Normal' priority
[2025.10.12-22.55.42:031][ 14]LogShaderCompilers: Display: Worker (1/9): shaders left to compile 25
[2025.10.12-22.55.42:031][ 14]LogShaderCompilers: Display: Worker (2/9): shaders left to compile 21
[2025.10.12-22.55.42:031][ 14]LogShaderCompilers: Display: Worker (3/9): shaders left to compile 17
[2025.10.12-22.55.42:031][ 14]LogShaderCompilers: Display: Worker (4/9): shaders left to compile 13
[2025.10.12-22.55.42:031][ 14]LogShaderCompilers: Display: Worker (5/9): shaders left to compile 9
[2025.10.12-22.55.42:031][ 14]LogShaderCompilers: Display: Worker (6/9): shaders left to compile 5
[2025.10.12-22.55.42:031][ 14]LogShaderCompilers: Display: Worker (7/9): shaders left to compile 1
[2025.10.12-22.55.42:031][ 14]LogShaderCompilers: Display: Started 25 'Local' shader compile jobs with 'Normal' priority
[2025.10.12-22.55.42:608][ 70]MaterialEditorStats: Texture samplers: 1/16
[2025.10.12-22.55.43:371][148]MaterialEditorStats: Texture samplers: 2/16
[2025.10.12-22.55.43:489][161]MaterialEditorStats: Texture samplers: 4/16
[2025.10.12-22.55.43:660][177]MaterialEditorStats: Base pass shader: 79 instructions
[2025.10.12-22.55.43:660][177]MaterialEditorStats: Base pass shader with Volumetric Lightmap: 106 instructions
[2025.10.12-22.55.43:660][177]MaterialEditorStats: Base pass vertex shader: 193 instructions
[2025.10.12-22.55.43:660][177]MaterialEditorStats: Texture samplers: 4/16
[2025.10.12-22.55.49:279][828]LogUObjectHash: Compacting FUObjectHashTables data took   1.91ms
[2025.10.12-22.55.49:293][828]LogAssetEditorSubsystem: Opening Asset editor for World /Game/Maps/ComidaVivaIA.ComidaVivaIA
[2025.10.12-22.55.49:293][828]Cmd: MAP LOAD FILE="C:/Users/PC/Documents/GitHub/TasteOfMadness/TasteOfMadness/Content/Maps/ComidaVivaIA.umap" TEMPLATE=0 SHOWPROGRESS=1 FEATURELEVEL=3
[2025.10.12-22.55.49:293][828]LightingResults: New page: Lighting Build
[2025.10.12-22.55.49:293][828]LoadErrors: New page: Loading map: ComidaVivaIA.umap
[2025.10.12-22.55.49:318][828]LogWorld: UWorld::CleanupWorld for MainPersistent, bSessionEnded=true, bCleanupResources=true
[2025.10.12-22.55.49:318][828]LogSlate: InvalidateAllWidgets triggered.  All widgets were invalidated
[2025.10.12-22.55.49:318][828]LogWorld: UWorld::CleanupWorld for FrancisIA, bSessionEnded=true, bCleanupResources=true
[2025.10.12-22.55.49:318][828]LogSlate: InvalidateAllWidgets triggered.  All widgets were invalidated
[2025.10.12-22.55.49:318][828]LogWorld: UWorld::CleanupWorld for ComidaVivaIA, bSessionEnded=true, bCleanupResources=true
[2025.10.12-22.55.49:318][828]LogSlate: InvalidateAllWidgets triggered.  All widgets were invalidated
[2025.10.12-22.55.49:319][828]LogWorld: UWorld::CleanupWorld for PropsSamuel, bSessionEnded=true, bCleanupResources=true
[2025.10.12-22.55.49:319][828]LogSlate: InvalidateAllWidgets triggered.  All widgets were invalidated
[2025.10.12-22.55.49:319][828]LogWorld: UWorld::CleanupWorld for PropsMichelle, bSessionEnded=true, bCleanupResources=true
[2025.10.12-22.55.49:319][828]LogSlate: InvalidateAllWidgets triggered.  All widgets were invalidated
[2025.10.12-22.55.49:319][828]LogWorld: UWorld::CleanupWorld for PropsDaniela, bSessionEnded=true, bCleanupResources=true
[2025.10.12-22.55.49:319][828]LogSlate: InvalidateAllWidgets triggered.  All widgets were invalidated
[2025.10.12-22.55.49:319][828]LogWorld: UWorld::CleanupWorld for PropsChris, bSessionEnded=true, bCleanupResources=true
[2025.10.12-22.55.49:319][828]LogSlate: InvalidateAllWidgets triggered.  All widgets were invalidated
[2025.10.12-22.55.49:319][828]LogWorld: UWorld::CleanupWorld for PropsOliver, bSessionEnded=true, bCleanupResources=true
[2025.10.12-22.55.49:319][828]LogSlate: InvalidateAllWidgets triggered.  All widgets were invalidated
[2025.10.12-22.55.49:319][828]MapCheck: New page: Map Check
[2025.10.12-22.55.49:319][828]LightingResults: New page: Lighting Build
[2025.10.12-22.55.49:335][828]LogAudio: Display: Audio Device unregistered from world 'None'.
[2025.10.12-22.55.49:339][828]LogUObjectHash: Compacting FUObjectHashTables data took   1.81ms
[2025.10.12-22.55.49:339][828]LogAudio: Display: Audio Device (ID: 1) registered with world 'ComidaVivaIA'.
[2025.10.12-22.55.49:339][828]LogAIModule: Creating AISystem for world ComidaVivaIA
[2025.10.12-22.55.49:359][828]LogEditorServer: Finished looking for orphan Actors (0.000 secs)
[2025.10.12-22.55.49:378][828]LogUObjectHash: Compacting FUObjectHashTables data took   1.65ms
[2025.10.12-22.55.49:393][828]Cmd: MAP CHECKDEP NOCLEARLOG
[2025.10.12-22.55.49:393][828]MapCheck: Map check complete: 0 Error(s), 0 Warning(s), took 0.104ms to complete.
[2025.10.12-22.55.49:393][828]LogFileHelpers: Loading map 'ComidaVivaIA' took 0.100
[2025.10.12-22.55.49:434][828]LogUObjectHash: Compacting FUObjectHashTables data took   0.51ms
[2025.10.12-22.55.51:754][103]LogTemp: Repeating last play command: Selected Viewport
[2025.10.12-22.55.51:761][103]LogPlayLevel: PlayLevel: No blueprints needed recompiling
[2025.10.12-22.55.51:761][103]PIE: New page: PIE session: ComidaVivaIA (Oct 12, 2025, 11:55:51 AM)
[2025.10.12-22.55.51:762][103]LogOnline: OSS: Creating online subsystem instance for: NULL
[2025.10.12-22.55.51:763][103]LogOnline: OSS: TryLoadSubsystemAndSetDefault: Loaded subsystem for module [NULL]
[2025.10.12-22.55.51:763][103]LogPlayLevel: Creating play world package: /Game/Maps/UEDPIE_0_ComidaVivaIA
[2025.10.12-22.55.51:766][103]LogPlayLevel: PIE: StaticDuplicateObject took: (0.002904s)
[2025.10.12-22.55.51:767][103]LogAIModule: Creating AISystem for world ComidaVivaIA
[2025.10.12-22.55.51:767][103]LogPlayLevel: PIE: World Init took: (0.001075s)
[2025.10.12-22.55.51:767][103]LogPlayLevel: PIE: Created PIE world by copying editor world from /Game/Maps/ComidaVivaIA.ComidaVivaIA to /Game/Maps/UEDPIE_0_ComidaVivaIA.ComidaVivaIA (0.004078s)
[2025.10.12-22.55.51:785][103]LogUObjectHash: Compacting FUObjectHashTables data took   1.46ms
[2025.10.12-22.55.51:785][103]LogAudio: Display: Creating Audio Device:                 Id: 2, Scope: Unique, Realtime: True
[2025.10.12-22.55.51:786][103]LogAudioMixer: Display: Audio Mixer Platform Settings:
[2025.10.12-22.55.51:786][103]LogAudioMixer: Display: 	Sample Rate:						  48000
[2025.10.12-22.55.51:786][103]LogAudioMixer: Display: 	Callback Buffer Frame Size Requested: 1024
[2025.10.12-22.55.51:786][103]LogAudioMixer: Display: 	Callback Buffer Frame Size To Use:	  1024
[2025.10.12-22.55.51:786][103]LogAudioMixer: Display: 	Number of buffers to queue:			  2
[2025.10.12-22.55.51:786][103]LogAudioMixer: Display: 	Max Channels (voices):				  32
[2025.10.12-22.55.51:786][103]LogAudioMixer: Display: 	Number of Async Source Workers:		  0
[2025.10.12-22.55.51:786][103]LogAudio: Display: AudioDevice MaxSources: 32
[2025.10.12-22.55.51:786][103]LogAudio: Display: Audio Spatialization Plugin: None (built-in).
[2025.10.12-22.55.51:786][103]LogAudio: Display: Audio Reverb Plugin: None (built-in).
[2025.10.12-22.55.51:786][103]LogAudio: Display: Audio Occlusion Plugin: None (built-in).
[2025.10.12-22.55.51:786][103]LogAudioMixer: Display: Initializing audio mixer.
[2025.10.12-22.55.51:788][103]LogAudioMixer: Display: 0: FrontLeft
[2025.10.12-22.55.51:788][103]LogAudioMixer: Display: 1: FrontRight
[2025.10.12-22.55.51:795][103]LogAudioMixer: Display: Using Audio Device LC24RG50 (NVIDIA High Definition Audio)
[2025.10.12-22.55.51:795][103]LogAudioMixer: Display: Initializing Sound Submixes...
[2025.10.12-22.55.51:795][103]LogAudioMixer: Display: Creating Master Submix 'MasterSubmixDefault'
[2025.10.12-22.55.51:795][103]LogAudioMixer: Display: Creating Master Submix 'MasterReverbSubmixDefault'
[2025.10.12-22.55.51:795][103]LogAudioMixer: Display: Creating Master Submix 'MasterEQSubmixDefault'
[2025.10.12-22.55.51:795][103]LogAudioMixer: FMixerPlatformXAudio2::StartAudioStream() called
[2025.10.12-22.55.51:795][103]LogAudioMixer: Display: Output buffers initialized: Frames=1024, Channels=2, Samples=2048
[2025.10.12-22.55.51:796][103]LogAudioMixer: Display: Starting AudioMixerPlatformInterface::RunInternal()
[2025.10.12-22.55.51:796][103]LogAudioMixer: Display: FMixerPlatformXAudio2::SubmitBuffer() called for the first time
[2025.10.12-22.55.51:797][103]LogInit: FAudioDevice initialized.
[2025.10.12-22.55.51:797][103]LogAudio: Display: Audio Device (ID: 2) registered with world 'ComidaVivaIA'.
[2025.10.12-22.55.51:806][103]LogLoad: Game class is 'BP_GameMode_C'
[2025.10.12-22.55.51:807][103]LogWorld: Bringing World /Game/Maps/UEDPIE_0_ComidaVivaIA.ComidaVivaIA up for play (max tick rate 0) at 2025.10.12-16.55.51
[2025.10.12-22.55.51:808][103]LogWorld: Bringing up level for play took: 0.001255
[2025.10.12-22.55.51:808][103]LogOnline: OSS: Creating online subsystem instance for: :Context_7
[2025.10.12-22.55.51:810][103]LogNativeClassHierarchy: Verbose: Native class hierarchy updated for 'MovieSceneCapture' in 0.0003 seconds. Added 20 classes and 0 folders.
[2025.10.12-22.55.51:811][103]LogBlueprintUserMessages: Warning: SetTimer passed a bad function (Spawn Trail) or object (BP_SwarmEnemy_2)
[2025.10.12-22.55.51:812][103]LogBlueprintUserMessages: [BP_ClareCharacter_C_0] BP_Sarten
[2025.10.12-22.55.51:813][103]LogBlueprintUserMessages: [BP_ClareCharacter_C_0] BP_Olla
[2025.10.12-22.55.51:816][103]LogBlueprintUserMessages: [BP_ClareCharacter_C_0] BP_LlaveInglesa
[2025.10.12-22.55.51:817][103]LogBlueprintUserMessages: [BP_ClareCharacter_C_0] BP_Escoba
[2025.10.12-22.55.51:819][103]LogBlueprintUserMessages: [BP_ClareCharacter_C_0] BP_Trapeador
[2025.10.12-22.55.51:820][103]LogBlueprintUserMessages: [BP_ClareCharacter_C_0] BP_Extintor
[2025.10.12-22.55.51:822][103]LogBlueprintUserMessages: [BP_ClareCharacter_C_0] BP_Cuchillo
[2025.10.12-22.55.51:823][103]PIE: Server logged in
[2025.10.12-22.55.51:825][103]PIE: Play in editor total start time 0.065 seconds.
[2025.10.12-22.55.52:074][105]LogBlueprintUserMessages: [BP_SwarmEnemy_2] "Përsiguiendo"
[2025.10.12-22.55.52:572][165]LogBlueprintUserMessages: [BP_SwarmEnemy_2] "Përsiguiendo"
[2025.10.12-22.55.54:071][345]LogBlueprintUserMessages: [BP_SwarmEnemy_2] "Përsiguiendo"
[2025.10.12-22.55.54:572][405]LogBlueprintUserMessages: [BP_SwarmEnemy_2] "Përsiguiendo"
[2025.10.12-22.55.55:072][465]LogBlueprintUserMessages: [BP_SwarmEnemy_2] "Përsiguiendo"
[2025.10.12-22.55.55:571][525]LogBlueprintUserMessages: [BP_SwarmEnemy_2] "Përsiguiendo"
[2025.10.12-22.55.56:072][585]LogBlueprintUserMessages: [BP_SwarmEnemy_2] "Përsiguiendo"
[2025.10.12-22.55.56:757][667]LogBlueprintUserMessages: [BP_TrailDamage_2] Destruido
[2025.10.12-22.56.17:572][165]LogBlueprintUserMessages: [BP_SwarmEnemy_2] "Përsiguiendo"
[2025.10.12-22.56.18:072][225]LogBlueprintUserMessages: [BP_SwarmEnemy_2] "Përsiguiendo"
[2025.10.12-22.56.18:572][285]LogBlueprintUserMessages: [BP_SwarmEnemy_2] "Përsiguiendo"
[2025.10.12-22.56.19:071][345]LogBlueprintUserMessages: [BP_SwarmEnemy_2] "Përsiguiendo"
[2025.10.12-22.56.19:572][405]LogBlueprintUserMessages: [BP_SwarmEnemy_2] "Përsiguiendo"
[2025.10.12-22.56.19:835][432]LogSlate: Updating window title bar state: overlay mode, drag disabled, window buttons hidden, title bar hidden
[2025.10.12-22.56.19:835][432]LogWorld: BeginTearingDown for /Game/Maps/UEDPIE_0_ComidaVivaIA
[2025.10.12-22.56.19:835][432]LogWorld: UWorld::CleanupWorld for ComidaVivaIA, bSessionEnded=true, bCleanupResources=true
[2025.10.12-22.56.19:835][432]LogSlate: InvalidateAllWidgets triggered.  All widgets were invalidated
[2025.10.12-22.56.19:844][432]LogPlayLevel: Display: Shutting down PIE online subsystems
[2025.10.12-22.56.19:849][432]LogSlate: InvalidateAllWidgets triggered.  All widgets were invalidated
[2025.10.12-22.56.19:868][432]LogSlate: Updating window title bar state: overlay mode, drag disabled, window buttons hidden, title bar hidden
[2025.10.12-22.56.19:868][432]LogAudioMixer: FMixerPlatformXAudio2::StopAudioStream() called
[2025.10.12-22.56.19:869][432]LogAudioMixer: FMixerPlatformXAudio2::StopAudioStream() called
[2025.10.12-22.56.19:899][432]LogUObjectHash: Compacting FUObjectHashTables data took   2.92ms
[2025.10.12-22.56.19:917][433]LogPlayLevel: Display: Destroying online subsystem :Context_7
[2025.10.12-22.57.00:918][115]LogEditorClassViewer: Warning: Class /Engine/Tutorial/InWorldBlueprintEditing/TutorialAssets/IWBE_Blutility.IWBE_Blutility_C has parent /Script/Blutility.PlacedEditorUtilityBase, but this parent is not found. The Class will not be shown in ClassViewer.
[2025.10.12-22.57.11:725][289]LogSavePackage: Moving 'C:/Users/PC/Documents/GitHub/TasteOfMadness/TasteOfMadness/Saved/BP_SwarmEnemyF320101946D7D34521356EAC86F50B95.tmp' to 'C:/Users/PC/Documents/GitHub/TasteOfMadness/TasteOfMadness/Content/Characters/Content_Enemies/BP_Rata/BP_SwarmEnemy.uasset'
[2025.10.12-22.57.11:740][289]AssetCheck: New page: Asset Save: BP_SwarmEnemy
[2025.10.12-22.57.11:740][289]LogContentValidation: Display: Validating Blueprint /Game/Characters/Content_Enemies/BP_Rata/BP_SwarmEnemy.BP_SwarmEnemy
[2025.10.12-22.57.15:461][733]BlueprintLog: New page: Compile BP_SwarmEnemy
[2025.10.12-22.57.15:518][733]LogUObjectHash: Compacting FUObjectHashTables data took   2.69ms
[2025.10.12-22.57.15:599][733]LogSlate: Took 0.000105 seconds to synchronously load lazily loaded font '../../../Engine/Content/Slate/Fonts/DroidSansMono.ttf' (77K)
[2025.10.12-22.57.16:095][783]LogSavePackage: Moving 'C:/Users/PC/Documents/GitHub/TasteOfMadness/TasteOfMadness/Saved/BP_SwarmEnemy68FC81D14E9E087099D0BFB4892D6DAA.tmp' to 'C:/Users/PC/Documents/GitHub/TasteOfMadness/TasteOfMadness/Content/Characters/Content_Enemies/BP_Rata/BP_SwarmEnemy.uasset'
[2025.10.12-22.57.16:109][783]AssetCheck: New page: Asset Save: BP_SwarmEnemy
[2025.10.12-22.57.16:109][783]LogContentValidation: Display: Validating Blueprint /Game/Characters/Content_Enemies/BP_Rata/BP_SwarmEnemy.BP_SwarmEnemy
[2025.10.12-22.57.16:532][830]LogShaderCompilers: Display: Submitted 2 shader compile jobs with 'ForceLocal' priority
[2025.10.12-22.57.16:542][831]LogShaderCompilers: Display: Worker (1/9): shaders left to compile 2
[2025.10.12-22.57.16:542][831]LogShaderCompilers: Display: Worker (2/9): shaders left to compile 1
[2025.10.12-22.57.16:542][831]LogShaderCompilers: Display: Started 2 'Local' shader compile jobs with 'ForceLocal' priority
[2025.10.12-22.57.16:542][831]LogShaderCompilers: Display: Submitted 2 shader compile jobs with 'ForceLocal' priority
[2025.10.12-22.57.16:542][831]LogShaderCompilers: Display: Worker (3/9): shaders left to compile 2
[2025.10.12-22.57.16:542][831]LogShaderCompilers: Display: Worker (4/9): shaders left to compile 1
[2025.10.12-22.57.16:542][831]LogShaderCompilers: Display: Started 2 'Local' shader compile jobs with 'ForceLocal' priority
[2025.10.12-22.57.21:417][381]LogSavePackage: Moving 'C:/Users/PC/Documents/GitHub/TasteOfMadness/TasteOfMadness/Saved/BP_TrailDamage0F214B2A4156F5D81F3877A73612371A.tmp' to 'C:/Users/PC/Documents/GitHub/TasteOfMadness/TasteOfMadness/Content/Characters/Content_Enemies/BP_Rata/BP_TrailDamage.uasset'
[2025.10.12-22.57.21:431][381]AssetCheck: New page: Asset Save: BP_TrailDamage
[2025.10.12-22.57.21:431][381]LogContentValidation: Display: Validating Blueprint /Game/Characters/Content_Enemies/BP_Rata/BP_TrailDamage.BP_TrailDamage
[2025.10.12-22.57.25:406][840]LogTemp: Repeating last play command: Selected Viewport
[2025.10.12-22.57.25:413][840]LogPlayLevel: PlayLevel: No blueprints needed recompiling
[2025.10.12-22.57.25:413][840]PIE: New page: PIE session: ComidaVivaIA (Oct 12, 2025, 11:57:25 AM)
[2025.10.12-22.57.25:442][840]LogPlayLevel: Creating play world package: /Game/Maps/UEDPIE_0_ComidaVivaIA
[2025.10.12-22.57.25:444][840]LogPlayLevel: PIE: StaticDuplicateObject took: (0.002524s)
[2025.10.12-22.57.25:445][840]LogAIModule: Creating AISystem for world ComidaVivaIA
[2025.10.12-22.57.25:445][840]LogPlayLevel: PIE: World Init took: (0.000976s)
[2025.10.12-22.57.25:445][840]LogPlayLevel: PIE: Created PIE world by copying editor world from /Game/Maps/ComidaVivaIA.ComidaVivaIA to /Game/Maps/UEDPIE_0_ComidaVivaIA.ComidaVivaIA (0.003600s)
[2025.10.12-22.57.25:467][840]LogUObjectHash: Compacting FUObjectHashTables data took   2.77ms
[2025.10.12-22.57.25:469][840]LogAudio: Display: Creating Audio Device:                 Id: 3, Scope: Unique, Realtime: True
[2025.10.12-22.57.25:469][840]LogAudioMixer: Display: Audio Mixer Platform Settings:
[2025.10.12-22.57.25:469][840]LogAudioMixer: Display: 	Sample Rate:						  48000
[2025.10.12-22.57.25:469][840]LogAudioMixer: Display: 	Callback Buffer Frame Size Requested: 1024
[2025.10.12-22.57.25:469][840]LogAudioMixer: Display: 	Callback Buffer Frame Size To Use:	  1024
[2025.10.12-22.57.25:469][840]LogAudioMixer: Display: 	Number of buffers to queue:			  2
[2025.10.12-22.57.25:469][840]LogAudioMixer: Display: 	Max Channels (voices):				  32
[2025.10.12-22.57.25:469][840]LogAudioMixer: Display: 	Number of Async Source Workers:		  0
[2025.10.12-22.57.25:469][840]LogAudio: Display: AudioDevice MaxSources: 32
[2025.10.12-22.57.25:469][840]LogAudio: Display: Audio Spatialization Plugin: None (built-in).
[2025.10.12-22.57.25:469][840]LogAudio: Display: Audio Reverb Plugin: None (built-in).
[2025.10.12-22.57.25:469][840]LogAudio: Display: Audio Occlusion Plugin: None (built-in).
[2025.10.12-22.57.25:469][840]LogAudioMixer: Display: Initializing audio mixer.
[2025.10.12-22.57.25:472][840]LogAudioMixer: Display: 0: FrontLeft
[2025.10.12-22.57.25:472][840]LogAudioMixer: Display: 1: FrontRight
[2025.10.12-22.57.25:478][840]LogAudioMixer: Display: Using Audio Device LC24RG50 (NVIDIA High Definition Audio)
[2025.10.12-22.57.25:478][840]LogAudioMixer: Display: Initializing Sound Submixes...
[2025.10.12-22.57.25:478][840]LogAudioMixer: Display: Creating Master Submix 'MasterSubmixDefault'
[2025.10.12-22.57.25:478][840]LogAudioMixer: Display: Creating Master Submix 'MasterReverbSubmixDefault'
[2025.10.12-22.57.25:478][840]LogAudioMixer: Display: Creating Master Submix 'MasterEQSubmixDefault'
[2025.10.12-22.57.25:478][840]LogAudioMixer: FMixerPlatformXAudio2::StartAudioStream() called
[2025.10.12-22.57.25:478][840]LogAudioMixer: Display: Output buffers initialized: Frames=1024, Channels=2, Samples=2048
[2025.10.12-22.57.25:479][840]LogAudioMixer: Display: Starting AudioMixerPlatformInterface::RunInternal()
[2025.10.12-22.57.25:479][840]LogAudioMixer: Display: FMixerPlatformXAudio2::SubmitBuffer() called for the first time
[2025.10.12-22.57.25:479][840]LogInit: FAudioDevice initialized.
[2025.10.12-22.57.25:479][840]LogAudio: Display: Audio Device (ID: 3) registered with world 'ComidaVivaIA'.
[2025.10.12-22.57.25:492][840]LogLoad: Game class is 'BP_GameMode_C'
[2025.10.12-22.57.25:493][840]LogWorld: Bringing World /Game/Maps/UEDPIE_0_ComidaVivaIA.ComidaVivaIA up for play (max tick rate 0) at 2025.10.12-16.57.25
[2025.10.12-22.57.25:493][840]LogWorld: Bringing up level for play took: 0.001090
[2025.10.12-22.57.25:493][840]LogOnline: OSS: Creating online subsystem instance for: :Context_9
[2025.10.12-22.57.25:496][840]LogBlueprintUserMessages: [BP_ClareCharacter_C_0] BP_Sarten
[2025.10.12-22.57.25:497][840]LogBlueprintUserMessages: [BP_ClareCharacter_C_0] BP_Olla
[2025.10.12-22.57.25:499][840]LogBlueprintUserMessages: [BP_ClareCharacter_C_0] BP_LlaveInglesa
[2025.10.12-22.57.25:501][840]LogBlueprintUserMessages: [BP_ClareCharacter_C_0] BP_Escoba
[2025.10.12-22.57.25:502][840]LogBlueprintUserMessages: [BP_ClareCharacter_C_0] BP_Trapeador
[2025.10.12-22.57.25:504][840]LogBlueprintUserMessages: [BP_ClareCharacter_C_0] BP_Extintor
[2025.10.12-22.57.25:505][840]LogBlueprintUserMessages: [BP_ClareCharacter_C_0] BP_Cuchillo
[2025.10.12-22.57.25:507][840]PIE: Server logged in
[2025.10.12-22.57.25:508][840]PIE: Play in editor total start time 0.097 seconds.
[2025.10.12-22.57.25:707][863]LogBlueprintUserMessages: [BP_SwarmEnemy_2] "Përsiguiendo"
[2025.10.12-22.57.25:915][888]LogBlueprintUserMessages: [BP_SwarmEnemy_2] Trail creado
[2025.10.12-22.57.26:206][923]LogBlueprintUserMessages: [BP_SwarmEnemy_2] "Përsiguiendo"
[2025.10.12-22.57.26:415][948]LogBlueprintUserMessages: [BP_SwarmEnemy_2] Trail creado
[2025.10.12-22.57.26:523][961]LogBlueprintUserMessages: [BP_ClareCharacter_C_0] Vida45.0
[2025.10.12-22.57.26:707][983]LogBlueprintUserMessages: [BP_SwarmEnemy_2] "Përsiguiendo"
[2025.10.12-22.57.26:915][  8]LogBlueprintUserMessages: [BP_SwarmEnemy_2] Trail creado
[2025.10.12-22.57.27:415][ 68]LogBlueprintUserMessages: [BP_SwarmEnemy_2] Trail creado
[2025.10.12-22.57.27:915][128]LogBlueprintUserMessages: [BP_SwarmEnemy_2] Trail creado
[2025.10.12-22.57.28:414][188]LogBlueprintUserMessages: [BP_SwarmEnemy_2] Trail creado
[2025.10.12-22.57.28:915][248]LogBlueprintUserMessages: [BP_SwarmEnemy_2] Trail creado
[2025.10.12-22.57.29:415][308]LogBlueprintUserMessages: [BP_SwarmEnemy_2] Trail creado
[2025.10.12-22.57.29:915][368]LogBlueprintUserMessages: [BP_SwarmEnemy_2] Trail creado
[2025.10.12-22.57.30:406][427]LogBlueprintUserMessages: [BP_TrailDamage_2] Destruido
[2025.10.12-22.57.30:415][428]LogBlueprintUserMessages: [BP_SwarmEnemy_2] Trail creado
[2025.10.12-22.57.30:915][488]LogBlueprintUserMessages: [BP_TrailDamage_C_0] Destruido
[2025.10.12-22.57.30:915][488]LogBlueprintUserMessages: [BP_SwarmEnemy_2] Trail creado
[2025.10.12-22.57.31:415][548]LogBlueprintUserMessages: [BP_TrailDamage_C_1] Destruido
[2025.10.12-22.57.31:415][548]LogBlueprintUserMessages: [BP_SwarmEnemy_2] Trail creado
[2025.10.12-22.57.31:915][608]LogBlueprintUserMessages: [BP_TrailDamage_C_2] Destruido
[2025.10.12-22.57.31:916][608]LogBlueprintUserMessages: [BP_SwarmEnemy_2] Trail creado
[2025.10.12-22.57.32:415][668]LogBlueprintUserMessages: [BP_TrailDamage_C_3] Destruido
[2025.10.12-22.57.32:415][668]LogBlueprintUserMessages: [BP_SwarmEnemy_2] Trail creado
[2025.10.12-22.57.32:565][686]LogBlueprintUserMessages: [BP_ClareCharacter_C_0] Vida40.0
[2025.10.12-22.57.32:565][686]LogBlueprintUserMessages: [BP_ClareCharacter_C_0] Vida35.0
[2025.10.12-22.57.32:565][686]LogBlueprintUserMessages: [BP_ClareCharacter_C_0] Vida30.0
[2025.10.12-22.57.32:565][686]LogBlueprintUserMessages: [BP_ClareCharacter_C_0] Vida25.0
[2025.10.12-22.57.32:565][686]LogBlueprintUserMessages: [BP_ClareCharacter_C_0] Vida20.0
[2025.10.12-22.57.32:565][686]LogBlueprintUserMessages: [BP_ClareCharacter_C_0] Vida15.0
[2025.10.12-22.57.32:565][686]LogBlueprintUserMessages: [BP_ClareCharacter_C_0] Vida10.0
[2025.10.12-22.57.32:565][686]LogBlueprintUserMessages: [BP_ClareCharacter_C_0] Vida5.0
[2025.10.12-22.57.32:565][686]LogBlueprintUserMessages: [BP_ClareCharacter_C_0] Vida0.0
[2025.10.12-22.57.32:565][686]LogBlueprintUserMessages: [BP_ClareCharacter_C_0] CLARE A MUERTO
[2025.10.12-22.57.32:565][686]LogBlueprintUserMessages: [BP_ClareCharacter_C_0] Vida0.0
[2025.10.12-22.57.32:565][686]LogBlueprintUserMessages: [BP_ClareCharacter_C_0] CLARE A MUERTO
[2025.10.12-22.57.32:915][728]LogBlueprintUserMessages: [BP_TrailDamage_C_4] Destruido
[2025.10.12-22.57.32:916][728]LogBlueprintUserMessages: [BP_ClareCharacter_C_0] Vida0.0
[2025.10.12-22.57.32:916][728]LogBlueprintUserMessages: [BP_ClareCharacter_C_0] CLARE A MUERTO
[2025.10.12-22.57.32:916][728]LogBlueprintUserMessages: [BP_SwarmEnemy_2] Trail creado
[2025.10.12-22.57.33:414][788]LogBlueprintUserMessages: [BP_TrailDamage_C_5] Destruido
[2025.10.12-22.57.33:415][788]LogBlueprintUserMessages: [BP_ClareCharacter_C_0] Vida0.0
[2025.10.12-22.57.33:415][788]LogBlueprintUserMessages: [BP_ClareCharacter_C_0] CLARE A MUERTO
[2025.10.12-22.57.33:415][788]LogBlueprintUserMessages: [BP_SwarmEnemy_2] Trail creado
[2025.10.12-22.57.33:914][848]LogBlueprintUserMessages: [BP_TrailDamage_C_6] Destruido
[2025.10.12-22.57.33:915][848]LogBlueprintUserMessages: [BP_ClareCharacter_C_0] Vida0.0
[2025.10.12-22.57.33:915][848]LogBlueprintUserMessages: [BP_ClareCharacter_C_0] CLARE A MUERTO
[2025.10.12-22.57.33:915][848]LogBlueprintUserMessages: [BP_SwarmEnemy_2] Trail creado
[2025.10.12-22.57.34:414][908]LogBlueprintUserMessages: [BP_TrailDamage_C_7] Destruido
[2025.10.12-22.57.34:415][908]LogBlueprintUserMessages: [BP_ClareCharacter_C_0] Vida0.0
[2025.10.12-22.57.34:415][908]LogBlueprintUserMessages: [BP_ClareCharacter_C_0] CLARE A MUERTO
[2025.10.12-22.57.34:415][908]LogBlueprintUserMessages: [BP_SwarmEnemy_2] Trail creado
[2025.10.12-22.57.34:914][968]LogBlueprintUserMessages: [BP_TrailDamage_C_8] Destruido
[2025.10.12-22.57.34:915][968]LogBlueprintUserMessages: [BP_ClareCharacter_C_0] Vida0.0
[2025.10.12-22.57.34:915][968]LogBlueprintUserMessages: [BP_ClareCharacter_C_0] CLARE A MUERTO
[2025.10.12-22.57.34:915][968]LogBlueprintUserMessages: [BP_SwarmEnemy_2] Trail creado
[2025.10.12-22.57.35:414][ 28]LogBlueprintUserMessages: [BP_TrailDamage_C_9] Destruido
[2025.10.12-22.57.35:415][ 28]LogBlueprintUserMessages: [BP_ClareCharacter_C_0] Vida0.0
[2025.10.12-22.57.35:415][ 28]LogBlueprintUserMessages: [BP_ClareCharacter_C_0] CLARE A MUERTO
[2025.10.12-22.57.35:415][ 28]LogBlueprintUserMessages: [BP_SwarmEnemy_2] Trail creado
[2025.10.12-22.57.35:915][ 88]LogBlueprintUserMessages: [BP_TrailDamage_C_10] Destruido
[2025.10.12-22.57.35:916][ 88]LogBlueprintUserMessages: [BP_ClareCharacter_C_0] Vida0.0
[2025.10.12-22.57.35:916][ 88]LogBlueprintUserMessages: [BP_ClareCharacter_C_0] CLARE A MUERTO
[2025.10.12-22.57.35:916][ 88]LogBlueprintUserMessages: [BP_SwarmEnemy_2] Trail creado
[2025.10.12-22.57.36:415][148]LogBlueprintUserMessages: [BP_TrailDamage_C_11] Destruido
[2025.10.12-22.57.36:415][148]LogBlueprintUserMessages: [BP_ClareCharacter_C_0] Vida0.0
[2025.10.12-22.57.36:415][148]LogBlueprintUserMessages: [BP_ClareCharacter_C_0] CLARE A MUERTO
[2025.10.12-22.57.36:415][148]LogBlueprintUserMessages: [BP_SwarmEnemy_2] Trail creado
[2025.10.12-22.57.36:915][208]LogBlueprintUserMessages: [BP_TrailDamage_C_12] Destruido
[2025.10.12-22.57.36:915][208]LogBlueprintUserMessages: [BP_ClareCharacter_C_0] Vida0.0
[2025.10.12-22.57.36:915][208]LogBlueprintUserMessages: [BP_ClareCharacter_C_0] CLARE A MUERTO
[2025.10.12-22.57.36:915][208]LogBlueprintUserMessages: [BP_SwarmEnemy_2] Trail creado
[2025.10.12-22.57.37:415][268]LogBlueprintUserMessages: [BP_TrailDamage_C_13] Destruido
[2025.10.12-22.57.37:415][268]LogBlueprintUserMessages: [BP_ClareCharacter_C_0] Vida0.0
[2025.10.12-22.57.37:415][268]LogBlueprintUserMessages: [BP_ClareCharacter_C_0] CLARE A MUERTO
[2025.10.12-22.57.37:415][268]LogBlueprintUserMessages: [BP_SwarmEnemy_2] Trail creado
[2025.10.12-22.57.37:512][277]LogSlate: Updating window title bar state: overlay mode, drag disabled, window buttons hidden, title bar hidden
[2025.10.12-22.57.37:512][277]LogWorld: BeginTearingDown for /Game/Maps/UEDPIE_0_ComidaVivaIA
[2025.10.12-22.57.37:512][277]LogWorld: UWorld::CleanupWorld for ComidaVivaIA, bSessionEnded=true, bCleanupResources=true
[2025.10.12-22.57.37:512][277]LogSlate: InvalidateAllWidgets triggered.  All widgets were invalidated
[2025.10.12-22.57.37:522][277]LogPlayLevel: Display: Shutting down PIE online subsystems
[2025.10.12-22.57.37:527][277]LogSlate: InvalidateAllWidgets triggered.  All widgets were invalidated
[2025.10.12-22.57.37:547][277]LogAudio: Display: Audio Device unregistered from world 'None'.
[2025.10.12-22.57.37:548][277]LogAudioMixer: FMixerPlatformXAudio2::StopAudioStream() called
[2025.10.12-22.57.37:549][277]LogAudioMixer: FMixerPlatformXAudio2::StopAudioStream() called
[2025.10.12-22.57.37:551][277]LogSlate: Updating window title bar state: overlay mode, drag disabled, window buttons hidden, title bar hidden
[2025.10.12-22.57.37:555][277]LogUObjectHash: Compacting FUObjectHashTables data took   2.16ms
[2025.10.12-22.57.37:597][279]LogPlayLevel: Display: Destroying online subsystem :Context_9
[2025.10.12-22.57.39:730][535]LogEditorViewport: Clicking on Actor (context menu): StaticMeshActor (Floor)
[2025.10.12-22.57.41:498][740]LogTemp: Repeating last play command: Selected Viewport
[2025.10.12-22.57.41:503][740]LogPlayLevel: PlayLevel: No blueprints needed recompiling
[2025.10.12-22.57.41:503][740]PIE: New page: PIE session: ComidaVivaIA (Oct 12, 2025, 11:57:41 AM)
[2025.10.12-22.57.41:541][740]LogPlayLevel: Creating play world package: /Game/Maps/UEDPIE_0_ComidaVivaIA
[2025.10.12-22.57.41:543][740]LogPlayLevel: PIE: StaticDuplicateObject took: (0.002511s)
[2025.10.12-22.57.41:544][740]LogAIModule: Creating AISystem for world ComidaVivaIA
[2025.10.12-22.57.41:544][740]LogPlayLevel: PIE: World Init took: (0.000833s)
[2025.10.12-22.57.41:544][740]LogPlayLevel: PIE: Created PIE world by copying editor world from /Game/Maps/ComidaVivaIA.ComidaVivaIA to /Game/Maps/UEDPIE_0_ComidaVivaIA.ComidaVivaIA (0.003466s)
[2025.10.12-22.57.41:566][740]LogUObjectHash: Compacting FUObjectHashTables data took   2.03ms
[2025.10.12-22.57.41:567][740]LogAudio: Display: Creating Audio Device:                 Id: 4, Scope: Unique, Realtime: True
[2025.10.12-22.57.41:567][740]LogAudioMixer: Display: Audio Mixer Platform Settings:
[2025.10.12-22.57.41:567][740]LogAudioMixer: Display: 	Sample Rate:						  48000
[2025.10.12-22.57.41:567][740]LogAudioMixer: Display: 	Callback Buffer Frame Size Requested: 1024
[2025.10.12-22.57.41:567][740]LogAudioMixer: Display: 	Callback Buffer Frame Size To Use:	  1024
[2025.10.12-22.57.41:567][740]LogAudioMixer: Display: 	Number of buffers to queue:			  2
[2025.10.12-22.57.41:567][740]LogAudioMixer: Display: 	Max Channels (voices):				  32
[2025.10.12-22.57.41:567][740]LogAudioMixer: Display: 	Number of Async Source Workers:		  0
[2025.10.12-22.57.41:567][740]LogAudio: Display: AudioDevice MaxSources: 32
[2025.10.12-22.57.41:567][740]LogAudio: Display: Audio Spatialization Plugin: None (built-in).
[2025.10.12-22.57.41:567][740]LogAudio: Display: Audio Reverb Plugin: None (built-in).
[2025.10.12-22.57.41:567][740]LogAudio: Display: Audio Occlusion Plugin: None (built-in).
[2025.10.12-22.57.41:567][740]LogAudioMixer: Display: Initializing audio mixer.
[2025.10.12-22.57.41:570][740]LogAudioMixer: Display: 0: FrontLeft
[2025.10.12-22.57.41:570][740]LogAudioMixer: Display: 1: FrontRight
[2025.10.12-22.57.41:576][740]LogAudioMixer: Display: Using Audio Device LC24RG50 (NVIDIA High Definition Audio)
[2025.10.12-22.57.41:576][740]LogAudioMixer: Display: Initializing Sound Submixes...
[2025.10.12-22.57.41:576][740]LogAudioMixer: Display: Creating Master Submix 'MasterSubmixDefault'
[2025.10.12-22.57.41:576][740]LogAudioMixer: Display: Creating Master Submix 'MasterReverbSubmixDefault'
[2025.10.12-22.57.41:577][740]LogAudioMixer: Display: Creating Master Submix 'MasterEQSubmixDefault'
[2025.10.12-22.57.41:577][740]LogAudioMixer: FMixerPlatformXAudio2::StartAudioStream() called
[2025.10.12-22.57.41:577][740]LogAudioMixer: Display: Output buffers initialized: Frames=1024, Channels=2, Samples=2048
[2025.10.12-22.57.41:577][740]LogAudioMixer: Display: Starting AudioMixerPlatformInterface::RunInternal()
[2025.10.12-22.57.41:578][740]LogAudioMixer: Display: FMixerPlatformXAudio2::SubmitBuffer() called for the first time
[2025.10.12-22.57.41:578][740]LogInit: FAudioDevice initialized.
[2025.10.12-22.57.41:578][740]LogAudio: Display: Audio Device (ID: 4) registered with world 'ComidaVivaIA'.
[2025.10.12-22.57.41:583][740]LogLoad: Game class is 'BP_GameMode_C'
[2025.10.12-22.57.41:584][740]LogWorld: Bringing World /Game/Maps/UEDPIE_0_ComidaVivaIA.ComidaVivaIA up for play (max tick rate 0) at 2025.10.12-16.57.41
[2025.10.12-22.57.41:584][740]LogWorld: Bringing up level for play took: 0.001035
[2025.10.12-22.57.41:585][740]LogOnline: OSS: Creating online subsystem instance for: :Context_11
[2025.10.12-22.57.41:587][740]LogBlueprintUserMessages: [BP_ClareCharacter_C_0] BP_Sarten
[2025.10.12-22.57.41:588][740]LogBlueprintUserMessages: [BP_ClareCharacter_C_0] BP_Olla
[2025.10.12-22.57.41:590][740]LogBlueprintUserMessages: [BP_ClareCharacter_C_0] BP_LlaveInglesa
[2025.10.12-22.57.41:591][740]LogBlueprintUserMessages: [BP_ClareCharacter_C_0] BP_Escoba
[2025.10.12-22.57.41:593][740]LogBlueprintUserMessages: [BP_ClareCharacter_C_0] BP_Trapeador
[2025.10.12-22.57.41:595][740]LogBlueprintUserMessages: [BP_ClareCharacter_C_0] BP_Extintor
[2025.10.12-22.57.41:596][740]LogBlueprintUserMessages: [BP_ClareCharacter_C_0] BP_Cuchillo
[2025.10.12-22.57.41:598][740]PIE: Server logged in
[2025.10.12-22.57.41:598][740]PIE: Play in editor total start time 0.096 seconds.
[2025.10.12-22.57.41:614][741]LogBlueprintUserMessages: [BP_SwarmEnemy_2] "Përsiguiendo"
[2025.10.12-22.57.42:001][787]LogBlueprintUserMessages: [BP_SwarmEnemy_2] Trail creado
[2025.10.12-22.57.42:117][801]LogBlueprintUserMessages: [BP_SwarmEnemy_2] "Përsiguiendo"
[2025.10.12-22.57.42:500][847]LogBlueprintUserMessages: [BP_SwarmEnemy_2] Trail creado
[2025.10.12-22.57.42:616][861]LogBlueprintUserMessages: [BP_SwarmEnemy_2] "Përsiguiendo"
[2025.10.12-22.57.43:000][907]LogBlueprintUserMessages: [BP_SwarmEnemy_2] Trail creado
[2025.10.12-22.57.43:116][921]LogBlueprintUserMessages: [BP_SwarmEnemy_2] "Përsiguiendo"
[2025.10.12-22.57.43:500][967]LogBlueprintUserMessages: [BP_SwarmEnemy_2] Trail creado
[2025.10.12-22.57.43:617][981]LogBlueprintUserMessages: [BP_SwarmEnemy_2] "Përsiguiendo"
[2025.10.12-22.57.44:000][ 27]LogBlueprintUserMessages: [BP_SwarmEnemy_2] Trail creado
[2025.10.12-22.57.44:116][ 41]LogBlueprintUserMessages: [BP_SwarmEnemy_2] "Përsiguiendo"
[2025.10.12-22.57.44:500][ 87]LogBlueprintUserMessages: [BP_SwarmEnemy_2] Trail creado
[2025.10.12-22.57.44:617][101]LogBlueprintUserMessages: [BP_SwarmEnemy_2] "Përsiguiendo"
[2025.10.12-22.57.45:000][147]LogBlueprintUserMessages: [BP_SwarmEnemy_2] Trail creado
[2025.10.12-22.57.45:117][161]LogBlueprintUserMessages: [BP_SwarmEnemy_2] "Përsiguiendo"
[2025.10.12-22.57.45:501][207]LogBlueprintUserMessages: [BP_SwarmEnemy_2] Trail creado
[2025.10.12-22.57.45:617][221]LogBlueprintUserMessages: [BP_SwarmEnemy_2] "Përsiguiendo"
[2025.10.12-22.57.46:001][267]LogBlueprintUserMessages: [BP_SwarmEnemy_2] Trail creado
[2025.10.12-22.57.46:116][281]LogBlueprintUserMessages: [BP_SwarmEnemy_2] "Përsiguiendo"
[2025.10.12-22.57.46:492][326]LogBlueprintUserMessages: [BP_TrailDamage_2] Destruido
[2025.10.12-22.57.46:500][327]LogBlueprintUserMessages: [BP_SwarmEnemy_2] Trail creado
[2025.10.12-22.57.46:617][341]LogBlueprintUserMessages: [BP_SwarmEnemy_2] "Përsiguiendo"
[2025.10.12-22.57.47:000][387]LogBlueprintUserMessages: [BP_TrailDamage_C_0] Destruido
[2025.10.12-22.57.47:001][387]LogBlueprintUserMessages: [BP_SwarmEnemy_2] Trail creado
[2025.10.12-22.57.47:117][401]LogBlueprintUserMessages: [BP_SwarmEnemy_2] "Përsiguiendo"
[2025.10.12-22.57.47:500][447]LogBlueprintUserMessages: [BP_TrailDamage_C_1] Destruido
[2025.10.12-22.57.47:500][447]LogBlueprintUserMessages: [BP_SwarmEnemy_2] Trail creado
[2025.10.12-22.57.47:617][461]LogBlueprintUserMessages: [BP_SwarmEnemy_2] "Përsiguiendo"
[2025.10.12-22.57.48:000][507]LogBlueprintUserMessages: [BP_TrailDamage_C_2] Destruido
[2025.10.12-22.57.48:001][507]LogBlueprintUserMessages: [BP_SwarmEnemy_2] Trail creado
[2025.10.12-22.57.48:117][521]LogBlueprintUserMessages: [BP_SwarmEnemy_2] "Përsiguiendo"
[2025.10.12-22.57.48:500][567]LogBlueprintUserMessages: [BP_TrailDamage_C_3] Destruido
[2025.10.12-22.57.48:501][567]LogBlueprintUserMessages: [BP_SwarmEnemy_2] Trail creado
[2025.10.12-22.57.48:616][581]LogBlueprintUserMessages: [BP_SwarmEnemy_2] "Përsiguiendo"
[2025.10.12-22.57.49:000][627]LogBlueprintUserMessages: [BP_TrailDamage_C_4] Destruido
[2025.10.12-22.57.49:001][627]LogBlueprintUserMessages: [BP_SwarmEnemy_2] Trail creado
[2025.10.12-22.57.49:117][641]LogBlueprintUserMessages: [BP_SwarmEnemy_2] "Përsiguiendo"
[2025.10.12-22.57.49:308][664]LogBlueprintUserMessages: [BP_ClareCharacter_C_0] Vida45.0
[2025.10.12-22.57.49:308][664]LogBlueprintUserMessages: [BP_ClareCharacter_C_0] Vida40.0
[2025.10.12-22.57.49:308][664]LogBlueprintUserMessages: [BP_ClareCharacter_C_0] Vida35.0
[2025.10.12-22.57.49:308][664]LogBlueprintUserMessages: [BP_ClareCharacter_C_0] Vida30.0
[2025.10.12-22.57.49:308][664]LogBlueprintUserMessages: [BP_ClareCharacter_C_0] Vida25.0
[2025.10.12-22.57.49:309][664]LogBlueprintUserMessages: [BP_ClareCharacter_C_0] Vida20.0
[2025.10.12-22.57.49:309][664]LogBlueprintUserMessages: [BP_ClareCharacter_C_0] Vida15.0
[2025.10.12-22.57.49:309][664]LogBlueprintUserMessages: [BP_ClareCharacter_C_0] Vida10.0
[2025.10.12-22.57.49:309][664]LogBlueprintUserMessages: [BP_ClareCharacter_C_0] Vida5.0
[2025.10.12-22.57.49:309][664]LogBlueprintUserMessages: [BP_ClareCharacter_C_0] Vida0.0
[2025.10.12-22.57.49:309][664]LogBlueprintUserMessages: [BP_ClareCharacter_C_0] CLARE A MUERTO
[2025.10.12-22.57.49:500][687]LogBlueprintUserMessages: [BP_TrailDamage_C_5] Destruido
[2025.10.12-22.57.49:500][687]LogBlueprintUserMessages: [BP_ClareCharacter_C_0] Vida0.0
[2025.10.12-22.57.49:500][687]LogBlueprintUserMessages: [BP_ClareCharacter_C_0] CLARE A MUERTO
[2025.10.12-22.57.49:500][687]LogBlueprintUserMessages: [BP_SwarmEnemy_2] Trail creado
[2025.10.12-22.57.49:616][701]LogBlueprintUserMessages: [BP_SwarmEnemy_2] "Përsiguiendo"
[2025.10.12-22.57.50:001][747]LogBlueprintUserMessages: [BP_TrailDamage_C_6] Destruido
[2025.10.12-22.57.50:001][747]LogBlueprintUserMessages: [BP_ClareCharacter_C_0] Vida0.0
[2025.10.12-22.57.50:001][747]LogBlueprintUserMessages: [BP_ClareCharacter_C_0] CLARE A MUERTO
[2025.10.12-22.57.50:001][747]LogBlueprintUserMessages: [BP_SwarmEnemy_2] Trail creado
[2025.10.12-22.57.50:117][761]LogBlueprintUserMessages: [BP_SwarmEnemy_2] "Përsiguiendo"
[2025.10.12-22.57.50:500][807]LogBlueprintUserMessages: [BP_TrailDamage_C_7] Destruido
[2025.10.12-22.57.50:500][807]LogBlueprintUserMessages: [BP_ClareCharacter_C_0] Vida0.0
[2025.10.12-22.57.50:500][807]LogBlueprintUserMessages: [BP_ClareCharacter_C_0] CLARE A MUERTO
[2025.10.12-22.57.50:500][807]LogBlueprintUserMessages: [BP_SwarmEnemy_2] Trail creado
[2025.10.12-22.57.50:617][821]LogBlueprintUserMessages: [BP_SwarmEnemy_2] "Përsiguiendo"
[2025.10.12-22.57.51:001][867]LogBlueprintUserMessages: [BP_TrailDamage_C_8] Destruido
[2025.10.12-22.57.51:001][867]LogBlueprintUserMessages: [BP_ClareCharacter_C_0] Vida0.0
[2025.10.12-22.57.51:001][867]LogBlueprintUserMessages: [BP_ClareCharacter_C_0] CLARE A MUERTO
[2025.10.12-22.57.51:001][867]LogBlueprintUserMessages: [BP_SwarmEnemy_2] Trail creado
[2025.10.12-22.57.51:117][881]LogBlueprintUserMessages: [BP_SwarmEnemy_2] "Përsiguiendo"
[2025.10.12-22.57.51:500][927]LogBlueprintUserMessages: [BP_TrailDamage_C_9] Destruido
[2025.10.12-22.57.51:500][927]LogBlueprintUserMessages: [BP_ClareCharacter_C_0] Vida0.0
[2025.10.12-22.57.51:500][927]LogBlueprintUserMessages: [BP_ClareCharacter_C_0] CLARE A MUERTO
[2025.10.12-22.57.51:500][927]LogBlueprintUserMessages: [BP_SwarmEnemy_2] Trail creado
[2025.10.12-22.57.51:616][941]LogBlueprintUserMessages: [BP_SwarmEnemy_2] "Përsiguiendo"
[2025.10.12-22.57.52:000][987]LogBlueprintUserMessages: [BP_TrailDamage_C_10] Destruido
[2025.10.12-22.57.52:000][987]LogBlueprintUserMessages: [BP_ClareCharacter_C_0] Vida0.0
[2025.10.12-22.57.52:000][987]LogBlueprintUserMessages: [BP_ClareCharacter_C_0] CLARE A MUERTO
[2025.10.12-22.57.52:000][987]LogBlueprintUserMessages: [BP_SwarmEnemy_2] Trail creado
[2025.10.12-22.57.52:116][  1]LogBlueprintUserMessages: [BP_SwarmEnemy_2] "Përsiguiendo"
[2025.10.12-22.57.52:500][ 47]LogBlueprintUserMessages: [BP_TrailDamage_C_11] Destruido
[2025.10.12-22.57.52:501][ 47]LogBlueprintUserMessages: [BP_ClareCharacter_C_0] Vida0.0
[2025.10.12-22.57.52:501][ 47]LogBlueprintUserMessages: [BP_ClareCharacter_C_0] CLARE A MUERTO
[2025.10.12-22.57.52:501][ 47]LogBlueprintUserMessages: [BP_SwarmEnemy_2] Trail creado
[2025.10.12-22.57.52:617][ 61]LogBlueprintUserMessages: [BP_SwarmEnemy_2] "Përsiguiendo"
[2025.10.12-22.57.53:000][107]LogBlueprintUserMessages: [BP_TrailDamage_C_12] Destruido
[2025.10.12-22.57.53:001][107]LogBlueprintUserMessages: [BP_ClareCharacter_C_0] Vida0.0
[2025.10.12-22.57.53:001][107]LogBlueprintUserMessages: [BP_ClareCharacter_C_0] CLARE A MUERTO
[2025.10.12-22.57.53:001][107]LogBlueprintUserMessages: [BP_SwarmEnemy_2] Trail creado
[2025.10.12-22.57.53:118][121]LogBlueprintUserMessages: [BP_SwarmEnemy_2] "Përsiguiendo"
[2025.10.12-22.57.53:502][167]LogBlueprintUserMessages: [BP_TrailDamage_C_13] Destruido
[2025.10.12-22.57.53:502][167]LogBlueprintUserMessages: [BP_ClareCharacter_C_0] Vida0.0
[2025.10.12-22.57.53:502][167]LogBlueprintUserMessages: [BP_ClareCharacter_C_0] CLARE A MUERTO
[2025.10.12-22.57.53:502][167]LogBlueprintUserMessages: [BP_SwarmEnemy_2] Trail creado
[2025.10.12-22.57.53:618][181]LogBlueprintUserMessages: [BP_SwarmEnemy_2] "Përsiguiendo"
[2025.10.12-22.57.54:002][227]LogBlueprintUserMessages: [BP_TrailDamage_C_14] Destruido
[2025.10.12-22.57.54:002][227]LogBlueprintUserMessages: [BP_ClareCharacter_C_0] Vida0.0
[2025.10.12-22.57.54:002][227]LogBlueprintUserMessages: [BP_ClareCharacter_C_0] CLARE A MUERTO
[2025.10.12-22.57.54:002][227]LogBlueprintUserMessages: [BP_SwarmEnemy_2] Trail creado
[2025.10.12-22.57.54:119][241]LogBlueprintUserMessages: [BP_SwarmEnemy_2] "Përsiguiendo"
[2025.10.12-22.57.54:502][287]LogBlueprintUserMessages: [BP_TrailDamage_C_15] Destruido
[2025.10.12-22.57.54:502][287]LogBlueprintUserMessages: [BP_ClareCharacter_C_0] Vida0.0
[2025.10.12-22.57.54:502][287]LogBlueprintUserMessages: [BP_ClareCharacter_C_0] CLARE A MUERTO
[2025.10.12-22.57.54:502][287]LogBlueprintUserMessages: [BP_SwarmEnemy_2] Trail creado
[2025.10.12-22.57.54:618][301]LogBlueprintUserMessages: [BP_SwarmEnemy_2] "Përsiguiendo"
[2025.10.12-22.57.55:002][347]LogBlueprintUserMessages: [BP_TrailDamage_C_16] Destruido
[2025.10.12-22.57.55:002][347]LogBlueprintUserMessages: [BP_ClareCharacter_C_0] Vida0.0
[2025.10.12-22.57.55:002][347]LogBlueprintUserMessages: [BP_ClareCharacter_C_0] CLARE A MUERTO
[2025.10.12-22.57.55:002][347]LogBlueprintUserMessages: [BP_SwarmEnemy_2] Trail creado
[2025.10.12-22.57.55:118][361]LogBlueprintUserMessages: [BP_SwarmEnemy_2] "Përsiguiendo"
[2025.10.12-22.57.55:501][407]LogBlueprintUserMessages: [BP_TrailDamage_C_17] Destruido
[2025.10.12-22.57.55:502][407]LogBlueprintUserMessages: [BP_ClareCharacter_C_0] Vida0.0
[2025.10.12-22.57.55:502][407]LogBlueprintUserMessages: [BP_ClareCharacter_C_0] CLARE A MUERTO
[2025.10.12-22.57.55:502][407]LogBlueprintUserMessages: [BP_SwarmEnemy_2] Trail creado
[2025.10.12-22.57.55:618][421]LogBlueprintUserMessages: [BP_SwarmEnemy_2] "Përsiguiendo"
[2025.10.12-22.57.56:002][467]LogBlueprintUserMessages: [BP_TrailDamage_C_18] Destruido
[2025.10.12-22.57.56:003][467]LogBlueprintUserMessages: [BP_ClareCharacter_C_0] Vida0.0
[2025.10.12-22.57.56:003][467]LogBlueprintUserMessages: [BP_ClareCharacter_C_0] CLARE A MUERTO
[2025.10.12-22.57.56:003][467]LogBlueprintUserMessages: [BP_SwarmEnemy_2] Trail creado
[2025.10.12-22.57.56:118][481]LogBlueprintUserMessages: [BP_SwarmEnemy_2] "Përsiguiendo"
[2025.10.12-22.57.56:321][500]LogSlate: Updating window title bar state: overlay mode, drag disabled, window buttons hidden, title bar hidden
[2025.10.12-22.57.56:321][500]LogWorld: BeginTearingDown for /Game/Maps/UEDPIE_0_ComidaVivaIA
[2025.10.12-22.57.56:321][500]LogWorld: UWorld::CleanupWorld for ComidaVivaIA, bSessionEnded=true, bCleanupResources=true
[2025.10.12-22.57.56:321][500]LogSlate: InvalidateAllWidgets triggered.  All widgets were invalidated
[2025.10.12-22.57.56:332][500]LogPlayLevel: Display: Shutting down PIE online subsystems
[2025.10.12-22.57.56:347][500]LogSlate: InvalidateAllWidgets triggered.  All widgets were invalidated
[2025.10.12-22.57.56:366][500]LogAudio: Display: Audio Device unregistered from world 'None'.
[2025.10.12-22.57.56:366][500]LogAudioMixer: FMixerPlatformXAudio2::StopAudioStream() called
[2025.10.12-22.57.56:367][500]LogAudioMixer: FMixerPlatformXAudio2::StopAudioStream() called
[2025.10.12-22.57.56:369][500]LogSlate: Updating window title bar state: overlay mode, drag disabled, window buttons hidden, title bar hidden
[2025.10.12-22.57.56:375][500]LogUObjectHash: Compacting FUObjectHashTables data took   2.18ms
[2025.10.12-22.57.56:403][501]LogPlayLevel: Display: Destroying online subsystem :Context_11
[2025.10.12-22.58.03:774][366]LogRenderer: Reallocating scene render targets to support 1248x708 Format 10 NumSamples 1 (Frame:1).
[2025.10.12-22.58.07:090][749]LogWorld: UWorld::CleanupWorld for World_5, bSessionEnded=true, bCleanupResources=true
[2025.10.12-22.58.07:090][749]LogSlate: InvalidateAllWidgets triggered.  All widgets were invalidated
[2025.10.12-22.58.08:396][892]LogWorld: UWorld::CleanupWorld for World_4, bSessionEnded=true, bCleanupResources=true
[2025.10.12-22.58.08:396][892]LogSlate: InvalidateAllWidgets triggered.  All widgets were invalidated
[2025.10.12-22.58.23:590][690]BlueprintLog: New page: Compile BP_TrailDamage
[2025.10.12-22.58.23:628][690]LogUObjectHash: Compacting FUObjectHashTables data took   2.36ms
[2025.10.12-22.58.25:068][852]LogEditorViewport: Clicking on Actor (LMB): StaticMeshActor (Floor)
[2025.10.12-22.58.32:933][774]LogEditorViewport: Clicking on Actor (LMB): StaticMeshActor (Floor)
[2025.10.12-22.58.37:670][338]Cmd: OBJ SAVEPACKAGE PACKAGE="/Game/Maps/ComidaVivaIA" FILE="C:/Users/PC/Documents/GitHub/TasteOfMadness/TasteOfMadness/Content/Maps/ComidaVivaIA.umap" SILENT=true AUTOSAVING=false KEEPDIRTY=false
[2025.10.12-22.58.37:692][338]LogUObjectHash: Compacting FUObjectHashTables data took   3.05ms
[2025.10.12-22.58.37:703][338]LogSavePackage: Moving 'C:/Users/PC/Documents/GitHub/TasteOfMadness/TasteOfMadness/Saved/ComidaVivaIA7D2971C34E5B295848B0F791A46BBCB7.tmp' to 'C:/Users/PC/Documents/GitHub/TasteOfMadness/TasteOfMadness/Content/Maps/ComidaVivaIA.umap'
[2025.10.12-22.58.37:731][338]AssetCheck: New page: Asset Save: ComidaVivaIA
[2025.10.12-22.58.37:731][338]LogContentValidation: Display: Validating World /Game/Maps/ComidaVivaIA.ComidaVivaIA
[2025.10.12-22.58.38:953][480]LogSavePackage: Moving 'C:/Users/PC/Documents/GitHub/TasteOfMadness/TasteOfMadness/Saved/BP_TrailDamageE876A98B42AAE8F82BEFA2B674E4DA0D.tmp' to 'C:/Users/PC/Documents/GitHub/TasteOfMadness/TasteOfMadness/Content/Characters/Content_Enemies/BP_Rata/BP_TrailDamage.uasset'
[2025.10.12-22.58.38:966][480]AssetCheck: New page: Asset Save: BP_TrailDamage
[2025.10.12-22.58.38:966][480]LogContentValidation: Display: Validating Blueprint /Game/Characters/Content_Enemies/BP_Rata/BP_TrailDamage.BP_TrailDamage
[2025.10.12-22.58.39:871][588]LogActorComponent: UnregisterComponent: (/Engine/Transient.EditorFloorComp) Not registered. Aborting.
[2025.10.12-22.58.39:871][588]LogWorld: UWorld::CleanupWorld for World_3, bSessionEnded=true, bCleanupResources=true
[2025.10.12-22.58.39:872][588]LogSlate: InvalidateAllWidgets triggered.  All widgets were invalidated
[2025.10.12-22.58.40:722][680]LogTemp: Repeating last play command: Selected Viewport
[2025.10.12-22.58.40:728][680]LogPlayLevel: PlayLevel: No blueprints needed recompiling
[2025.10.12-22.58.40:728][680]PIE: New page: PIE session: ComidaVivaIA (Oct 12, 2025, 11:58:40 AM)
[2025.10.12-22.58.40:769][680]LogPlayLevel: Creating play world package: /Game/Maps/UEDPIE_0_ComidaVivaIA
[2025.10.12-22.58.40:771][680]LogPlayLevel: PIE: StaticDuplicateObject took: (0.002641s)
[2025.10.12-22.58.40:772][680]LogAIModule: Creating AISystem for world ComidaVivaIA
[2025.10.12-22.58.40:772][680]LogPlayLevel: PIE: World Init took: (0.000884s)
[2025.10.12-22.58.40:772][680]LogPlayLevel: PIE: Created PIE world by copying editor world from /Game/Maps/ComidaVivaIA.ComidaVivaIA to /Game/Maps/UEDPIE_0_ComidaVivaIA.ComidaVivaIA (0.003665s)
[2025.10.12-22.58.40:811][680]LogUObjectHash: Compacting FUObjectHashTables data took   2.25ms
[2025.10.12-22.58.40:813][680]LogAudio: Display: Creating Audio Device:                 Id: 5, Scope: Unique, Realtime: True
[2025.10.12-22.58.40:813][680]LogAudioMixer: Display: Audio Mixer Platform Settings:
[2025.10.12-22.58.40:813][680]LogAudioMixer: Display: 	Sample Rate:						  48000
[2025.10.12-22.58.40:813][680]LogAudioMixer: Display: 	Callback Buffer Frame Size Requested: 1024
[2025.10.12-22.58.40:813][680]LogAudioMixer: Display: 	Callback Buffer Frame Size To Use:	  1024
[2025.10.12-22.58.40:813][680]LogAudioMixer: Display: 	Number of buffers to queue:			  2
[2025.10.12-22.58.40:813][680]LogAudioMixer: Display: 	Max Channels (voices):				  32
[2025.10.12-22.58.40:813][680]LogAudioMixer: Display: 	Number of Async Source Workers:		  0
[2025.10.12-22.58.40:813][680]LogAudio: Display: AudioDevice MaxSources: 32
[2025.10.12-22.58.40:813][680]LogAudio: Display: Audio Spatialization Plugin: None (built-in).
[2025.10.12-22.58.40:813][680]LogAudio: Display: Audio Reverb Plugin: None (built-in).
[2025.10.12-22.58.40:813][680]LogAudio: Display: Audio Occlusion Plugin: None (built-in).
[2025.10.12-22.58.40:813][680]LogAudioMixer: Display: Initializing audio mixer.
[2025.10.12-22.58.40:816][680]LogAudioMixer: Display: 0: FrontLeft
[2025.10.12-22.58.40:816][680]LogAudioMixer: Display: 1: FrontRight
[2025.10.12-22.58.40:823][680]LogAudioMixer: Display: Using Audio Device LC24RG50 (NVIDIA High Definition Audio)
[2025.10.12-22.58.40:823][680]LogAudioMixer: Display: Initializing Sound Submixes...
[2025.10.12-22.58.40:823][680]LogAudioMixer: Display: Creating Master Submix 'MasterSubmixDefault'
[2025.10.12-22.58.40:823][680]LogAudioMixer: Display: Creating Master Submix 'MasterReverbSubmixDefault'
[2025.10.12-22.58.40:823][680]LogAudioMixer: Display: Creating Master Submix 'MasterEQSubmixDefault'
[2025.10.12-22.58.40:823][680]LogAudioMixer: FMixerPlatformXAudio2::StartAudioStream() called
[2025.10.12-22.58.40:823][680]LogAudioMixer: Display: Output buffers initialized: Frames=1024, Channels=2, Samples=2048
[2025.10.12-22.58.40:824][680]LogAudioMixer: Display: Starting AudioMixerPlatformInterface::RunInternal()
[2025.10.12-22.58.40:824][680]LogAudioMixer: Display: FMixerPlatformXAudio2::SubmitBuffer() called for the first time
[2025.10.12-22.58.40:824][680]LogInit: FAudioDevice initialized.
[2025.10.12-22.58.40:824][680]LogAudio: Display: Audio Device (ID: 5) registered with world 'ComidaVivaIA'.
[2025.10.12-22.58.40:834][680]LogLoad: Game class is 'BP_GameMode_C'
[2025.10.12-22.58.40:836][680]LogWorld: Bringing World /Game/Maps/UEDPIE_0_ComidaVivaIA.ComidaVivaIA up for play (max tick rate 0) at 2025.10.12-16.58.40
[2025.10.12-22.58.40:836][680]LogWorld: Bringing up level for play took: 0.001044
[2025.10.12-22.58.40:836][680]LogOnline: OSS: Creating online subsystem instance for: :Context_12
[2025.10.12-22.58.40:838][680]LogBlueprintUserMessages: [BP_ClareCharacter_C_0] BP_Sarten
[2025.10.12-22.58.40:840][680]LogBlueprintUserMessages: [BP_ClareCharacter_C_0] BP_Olla
[2025.10.12-22.58.40:841][680]LogBlueprintUserMessages: [BP_ClareCharacter_C_0] BP_LlaveInglesa
[2025.10.12-22.58.40:843][680]LogBlueprintUserMessages: [BP_ClareCharacter_C_0] BP_Escoba
[2025.10.12-22.58.40:844][680]LogBlueprintUserMessages: [BP_ClareCharacter_C_0] BP_Trapeador
[2025.10.12-22.58.40:846][680]LogBlueprintUserMessages: [BP_ClareCharacter_C_0] BP_Extintor
[2025.10.12-22.58.40:847][680]LogBlueprintUserMessages: [BP_ClareCharacter_C_0] BP_Cuchillo
[2025.10.12-22.58.40:848][680]PIE: Server logged in
[2025.10.12-22.58.40:849][680]PIE: Play in editor total start time 0.123 seconds.
[2025.10.12-22.58.41:146][715]LogBlueprintUserMessages: [BP_SwarmEnemy_2] "Përsiguiendo"
[2025.10.12-22.58.41:229][725]LogBlueprintUserMessages: [BP_SwarmEnemy_2] Trail creado
[2025.10.12-22.58.41:646][775]LogBlueprintUserMessages: [BP_SwarmEnemy_2] "Përsiguiendo"
[2025.10.12-22.58.41:730][785]LogBlueprintUserMessages: [BP_SwarmEnemy_2] Trail creado
[2025.10.12-22.58.42:146][835]LogBlueprintUserMessages: [BP_SwarmEnemy_2] "Përsiguiendo"
[2025.10.12-22.58.42:229][845]LogBlueprintUserMessages: [BP_ClareCharacter_C_0] Vida45.0
[2025.10.12-22.58.42:229][845]LogBlueprintUserMessages: [BP_SwarmEnemy_2] Trail creado
[2025.10.12-22.58.42:379][863]LogBlueprintUserMessages: [BP_ClareCharacter_C_0] Vida40.0
[2025.10.12-22.58.42:463][873]LogBlueprintUserMessages: [BP_ClareCharacter_C_0] Vida35.0
[2025.10.12-22.58.42:730][905]LogBlueprintUserMessages: [BP_SwarmEnemy_2] Trail creado
[2025.10.12-22.58.43:229][965]LogBlueprintUserMessages: [BP_SwarmEnemy_2] Trail creado
[2025.10.12-22.58.43:730][ 25]LogBlueprintUserMessages: [BP_SwarmEnemy_2] Trail creado
[2025.10.12-22.58.44:230][ 85]LogBlueprintUserMessages: [BP_SwarmEnemy_2] Trail creado
[2025.10.12-22.58.44:730][145]LogBlueprintUserMessages: [BP_SwarmEnemy_2] Trail creado
[2025.10.12-22.58.45:170][198]LogBlueprintUserMessages: [BP_ClareCharacter_C_0] Vida30.0
[2025.10.12-22.58.45:170][198]LogBlueprintUserMessages: [BP_ClareCharacter_C_0] Vida25.0
[2025.10.12-22.58.45:170][198]LogBlueprintUserMessages: [BP_ClareCharacter_C_0] Vida20.0
[2025.10.12-22.58.45:170][198]LogBlueprintUserMessages: [BP_ClareCharacter_C_0] Vida15.0
[2025.10.12-22.58.45:170][198]LogBlueprintUserMessages: [BP_ClareCharacter_C_0] Vida10.0
[2025.10.12-22.58.45:170][198]LogBlueprintUserMessages: [BP_ClareCharacter_C_0] Vida5.0
[2025.10.12-22.58.45:229][205]LogBlueprintUserMessages: [BP_ClareCharacter_C_0] Vida0.0
[2025.10.12-22.58.45:229][205]LogBlueprintUserMessages: [BP_ClareCharacter_C_0] CLARE A MUERTO
[2025.10.12-22.58.45:229][205]LogBlueprintUserMessages: [BP_SwarmEnemy_2] Trail creado
[2025.10.12-22.58.45:721][264]LogBlueprintUserMessages: [BP_TrailDamage_2] Destruido
[2025.10.12-22.58.45:730][265]LogBlueprintUserMessages: [BP_ClareCharacter_C_0] Vida0.0
[2025.10.12-22.58.45:730][265]LogBlueprintUserMessages: [BP_ClareCharacter_C_0] CLARE A MUERTO
[2025.10.12-22.58.45:730][265]LogBlueprintUserMessages: [BP_SwarmEnemy_2] Trail creado
[2025.10.12-22.58.46:230][325]LogBlueprintUserMessages: [BP_TrailDamage_C_0] Destruido
[2025.10.12-22.58.46:230][325]LogBlueprintUserMessages: [BP_ClareCharacter_C_0] Vida0.0
[2025.10.12-22.58.46:230][325]LogBlueprintUserMessages: [BP_ClareCharacter_C_0] CLARE A MUERTO
[2025.10.12-22.58.46:230][325]LogBlueprintUserMessages: [BP_SwarmEnemy_2] Trail creado
[2025.10.12-22.58.46:729][385]LogBlueprintUserMessages: [BP_TrailDamage_C_1] Destruido
[2025.10.12-22.58.46:729][385]LogBlueprintUserMessages: [BP_ClareCharacter_C_0] Vida0.0
[2025.10.12-22.58.46:729][385]LogBlueprintUserMessages: [BP_ClareCharacter_C_0] CLARE A MUERTO
[2025.10.12-22.58.46:729][385]LogBlueprintUserMessages: [BP_SwarmEnemy_2] Trail creado
[2025.10.12-22.58.47:224][440]LogBlueprintUserMessages: [BP_ClareCharacter_C_0] Vida0.0
[2025.10.12-22.58.47:224][440]LogBlueprintUserMessages: [BP_ClareCharacter_C_0] CLARE A MUERTO
[2025.10.12-22.58.47:224][440]LogBlueprintUserMessages: [BP_SwarmEnemy_2] Trail creado
[2025.10.12-22.58.47:232][441]LogBlueprintUserMessages: [BP_TrailDamage_C_2] Destruido
[2025.10.12-22.58.47:723][500]LogBlueprintUserMessages: [BP_ClareCharacter_C_0] Vida0.0
[2025.10.12-22.58.47:723][500]LogBlueprintUserMessages: [BP_ClareCharacter_C_0] CLARE A MUERTO
[2025.10.12-22.58.47:723][500]LogBlueprintUserMessages: [BP_SwarmEnemy_2] Trail creado
[2025.10.12-22.58.47:731][501]LogBlueprintUserMessages: [BP_TrailDamage_C_3] Destruido
[2025.10.12-22.58.47:779][502]LogSlate: Updating window title bar state: overlay mode, drag disabled, window buttons hidden, title bar hidden
[2025.10.12-22.58.47:779][502]LogWorld: BeginTearingDown for /Game/Maps/UEDPIE_0_ComidaVivaIA
[2025.10.12-22.58.47:779][502]LogWorld: UWorld::CleanupWorld for ComidaVivaIA, bSessionEnded=true, bCleanupResources=true
[2025.10.12-22.58.47:779][502]LogSlate: InvalidateAllWidgets triggered.  All widgets were invalidated
[2025.10.12-22.58.47:787][502]LogPlayLevel: Display: Shutting down PIE online subsystems
[2025.10.12-22.58.47:800][502]LogSlate: InvalidateAllWidgets triggered.  All widgets were invalidated
[2025.10.12-22.58.47:810][502]LogSlate: Updating window title bar state: overlay mode, drag disabled, window buttons hidden, title bar hidden
[2025.10.12-22.58.47:811][502]LogAudioMixer: FMixerPlatformXAudio2::StopAudioStream() called
[2025.10.12-22.58.47:811][502]LogAudioMixer: FMixerPlatformXAudio2::StopAudioStream() called
[2025.10.12-22.58.47:817][502]LogUObjectHash: Compacting FUObjectHashTables data took   2.34ms
[2025.10.12-22.58.47:843][503]LogPlayLevel: Display: Destroying online subsystem :Context_12
[2025.10.12-22.58.52:539][ 64]LogEditorViewport: Clicking on Actor (context menu): StaticMeshActor (Floor)
[2025.10.12-22.58.53:531][181]LogEditorViewport: Clicking on Actor (LMB): BP_Sky_Sphere_C (Sky Sphere)
[2025.10.12-23.01.22:398][365]Cmd: OBJ SAVEPACKAGE PACKAGE="/Game/Maps/ComidaVivaIA" FILE="C:/Users/PC/Documents/GitHub/TasteOfMadness/TasteOfMadness/Content/Maps/ComidaVivaIA.umap" SILENT=true AUTOSAVING=false KEEPDIRTY=false
[2025.10.12-23.01.22:411][365]LogUObjectHash: Compacting FUObjectHashTables data took   1.70ms
[2025.10.12-23.01.22:421][365]LogSavePackage: Moving 'C:/Users/PC/Documents/GitHub/TasteOfMadness/TasteOfMadness/Saved/ComidaVivaIA32B0341648B87D8C5CDBD3B015F101F0.tmp' to 'C:/Users/PC/Documents/GitHub/TasteOfMadness/TasteOfMadness/Content/Maps/ComidaVivaIA.umap'
[2025.10.12-23.01.22:446][365]AssetCheck: New page: Asset Save: ComidaVivaIA
[2025.10.12-23.01.22:446][365]LogContentValidation: Display: Validating World /Game/Maps/ComidaVivaIA.ComidaVivaIA
[2025.10.12-23.50.55:117][155]Cmd: OBJ SAVEPACKAGE PACKAGE="/Game/Maps/ComidaVivaIA" FILE="C:/Users/PC/Documents/GitHub/TasteOfMadness/TasteOfMadness/Content/Maps/ComidaVivaIA.umap" SILENT=true AUTOSAVING=false KEEPDIRTY=false
[2025.10.12-23.50.55:129][155]LogUObjectHash: Compacting FUObjectHashTables data took   0.62ms
[2025.10.12-23.50.55:141][155]LogSavePackage: Moving 'C:/Users/PC/Documents/GitHub/TasteOfMadness/TasteOfMadness/Saved/ComidaVivaIAE39D5C1E4D92932A67F236AD957DC562.tmp' to 'C:/Users/PC/Documents/GitHub/TasteOfMadness/TasteOfMadness/Content/Maps/ComidaVivaIA.umap'
[2025.10.12-23.50.55:165][155]AssetCheck: New page: Asset Save: ComidaVivaIA
[2025.10.12-23.50.55:165][155]LogContentValidation: Display: Validating World /Game/Maps/ComidaVivaIA.ComidaVivaIA
[2025.10.12-23.50.56:079][260]LogUObjectHash: Compacting FUObjectHashTables data took   0.41ms
[2025.10.12-23.50.56:127][260]LogSlate: Window 'TasteOfMadness - Unreal Editor' being destroyed
[2025.10.12-23.50.56:225][261]Cmd: QUIT_EDITOR
[2025.10.12-23.50.56:225][261]LogCore: Engine exit requested (reason: UUnrealEdEngine::CloseEditor())
[2025.10.12-23.50.56:230][261]LogCore: Engine exit requested (reason: EngineExit() was called; note: exit was already requested)
[2025.10.12-23.50.56:599][261]LogAudio: Display: Beginning Audio Device Manager Shutdown (Module: AudioMixerXAudio2)...
[2025.10.12-23.50.56:599][261]LogAudio: Display: Destroying 1 Remaining Audio Device(s)...
[2025.10.12-23.50.56:599][261]LogAudio: Display: Audio Device unregistered from world 'ComidaVivaIA'.
[2025.10.12-23.50.56:599][261]LogAudioMixer: FMixerPlatformXAudio2::StopAudioStream() called
[2025.10.12-23.50.56:600][261]LogAudioMixer: FMixerPlatformXAudio2::StopAudioStream() called
[2025.10.12-23.50.56:602][261]LogAudio: Display: Audio Device Manager Shutdown
[2025.10.12-23.50.56:603][261]LogWindowsTextInputMethodSystem: Display: IME system deactivated.
[2025.10.12-23.50.56:607][261]LogExit: Preparing to exit.
[2025.10.12-23.50.56:623][261]LogUObjectHash: Compacting FUObjectHashTables data took   1.71ms
[2025.10.12-23.50.57:592][261]LogActorComponent: UnregisterComponent: (None.None) Not registered. Aborting.
[2025.10.12-23.50.57:592][261]LogActorComponent: UnregisterComponent: (None.None) Not registered. Aborting.
[2025.10.12-23.50.57:592][261]LogActorComponent: UnregisterComponent: (None.None) Not registered. Aborting.
[2025.10.12-23.50.57:592][261]LogActorComponent: UnregisterComponent: (None.None) Not registered. Aborting.
[2025.10.12-23.50.57:592][261]LogActorComponent: UnregisterComponent: (None.None) Not registered. Aborting.
[2025.10.12-23.50.57:592][261]LogActorComponent: UnregisterComponent: (None.None) Not registered. Aborting.
[2025.10.12-23.50.57:592][261]LogActorComponent: UnregisterComponent: (None.None) Not registered. Aborting.
[2025.10.12-23.50.57:592][261]LogWorld: UWorld::CleanupWorld for None, bSessionEnded=true, bCleanupResources=true
[2025.10.12-23.50.57:593][261]LogWorld: UWorld::CleanupWorld for World_1, bSessionEnded=true, bCleanupResources=true
[2025.10.12-23.50.57:594][261]LogWorld: UWorld::CleanupWorld for World_0, bSessionEnded=true, bCleanupResources=true
[2025.10.12-23.50.57:595][261]LogWorld: UWorld::CleanupWorld for World_7, bSessionEnded=true, bCleanupResources=true
[2025.10.12-23.50.57:595][261]LogWorld: UWorld::CleanupWorld for World_2, bSessionEnded=true, bCleanupResources=true
[2025.10.12-23.50.57:628][261]LogDemo: Cleaned up 0 splitscreen connections with owner deletion
[2025.10.12-23.50.57:634][261]LogWorld: UWorld::CleanupWorld for None, bSessionEnded=true, bCleanupResources=true
[2025.10.12-23.50.57:634][261]LogExit: Editor shut down
[2025.10.12-23.50.57:635][261]LogExit: Transaction tracking system shut down
[2025.10.12-23.50.57:876][261]LogExit: Object subsystem successfully closed.
[2025.10.12-23.50.57:892][261]LogShaderCompilers: Display: === FShaderJobCache stats ===
[2025.10.12-23.50.57:892][261]LogShaderCompilers: Display: Total job queries 56, among them cache hits 2 (3.57%)
[2025.10.12-23.50.57:892][261]LogShaderCompilers: Display: Tracking 29 distinct input hashes that result in 22 distinct outputs (75.86%)
[2025.10.12-23.50.57:892][261]LogShaderCompilers: Display: RAM used: 0.10 MB (0.00 GB) of 1228.80 MB (1.20 GB) budget. Usage: 0.01%
[2025.10.12-23.50.57:892][261]LogShaderCompilers: Display: ================================================
[2025.10.12-23.50.57:898][261]LogShaderCompilers: Display: Shaders left to compile 0
[2025.10.12-23.50.57:907][261]LogModuleManager: Shutting down and abandoning module MovieSceneCapture (876)
[2025.10.12-23.50.57:907][261]LogModuleManager: Shutting down and abandoning module Voice (874)
[2025.10.12-23.50.57:907][261]LogModuleManager: Shutting down and abandoning module BlueprintGraph (872)
[2025.10.12-23.50.57:907][261]LogModuleManager: Shutting down and abandoning module HierarchicalLODOutliner (870)
[2025.10.12-23.50.57:907][261]LogModuleManager: Shutting down and abandoning module SceneOutliner (868)
[2025.10.12-23.50.57:907][261]LogModuleManager: Shutting down and abandoning module AddContentDialog (866)
[2025.10.12-23.50.57:908][261]LogModuleManager: Shutting down and abandoning module WidgetCarousel (865)
[2025.10.12-23.50.57:908][261]LogModuleManager: Shutting down and abandoning module EditorWidgets (862)
[2025.10.12-23.50.57:908][261]LogModuleManager: Shutting down and abandoning module StatsViewer (860)
[2025.10.12-23.50.57:908][261]LogModuleManager: Shutting down and abandoning module PIEPreviewDeviceProfileSelector (858)
[2025.10.12-23.50.57:908][261]LogModuleManager: Shutting down and abandoning module SequenceRecorderSections (856)
[2025.10.12-23.50.57:908][261]LogModuleManager: Shutting down and abandoning module AutomationWorker (854)
[2025.10.12-23.50.57:908][261]LogModuleManager: Shutting down and abandoning module SteamVREditor (852)
[2025.10.12-23.50.57:908][261]LogModuleManager: Shutting down and abandoning module OculusMR (850)
[2025.10.12-23.50.57:908][261]LogModuleManager: Shutting down and abandoning module PlanarCut (848)
[2025.10.12-23.50.57:908][261]LogModuleManager: Shutting down and abandoning module CharacterAI (846)
[2025.10.12-23.50.57:908][261]LogModuleManager: Shutting down and abandoning module OpenXRInput (844)
[2025.10.12-23.50.57:908][261]LogModuleManager: Shutting down and abandoning module GooglePADEditor (842)
[2025.10.12-23.50.57:908][261]LogModuleManager: Shutting down and abandoning module AudioCaptureEditor (840)
[2025.10.12-23.50.57:908][261]LogModuleManager: Shutting down and abandoning module TakeRecorderSources (838)
[2025.10.12-23.50.57:908][261]LogModuleManager: Shutting down and abandoning module TakeRecorder (837)
[2025.10.12-23.50.57:908][261]LogModuleManager: Shutting down and abandoning module TakeTrackRecorders (834)
[2025.10.12-23.50.57:908][261]LogModuleManager: Shutting down and abandoning module TakesCore (832)
[2025.10.12-23.50.57:908][261]LogModuleManager: Shutting down and abandoning module TemplateSequenceEditor (830)
[2025.10.12-23.50.57:908][261]LogModuleManager: Shutting down and abandoning module LevelSequenceEditor (828)
[2025.10.12-23.50.57:908][261]LogModuleManager: Shutting down and abandoning module MatineeToLevelSequence (826)
[2025.10.12-23.50.57:908][261]LogModuleManager: Shutting down and abandoning module WmfMediaFactory (824)
[2025.10.12-23.50.57:908][261]LogModuleManager: Shutting down and abandoning module WmfMediaEditor (822)
[2025.10.12-23.50.57:908][261]LogModuleManager: Shutting down and abandoning module ActorSequenceEditor (820)
[2025.10.12-23.50.57:908][261]LogModuleManager: Shutting down and abandoning module WebMMediaFactory (818)
[2025.10.12-23.50.57:908][261]LogModuleManager: Shutting down and abandoning module WebMMediaEditor (816)
[2025.10.12-23.50.57:908][261]LogModuleManager: Shutting down and abandoning module WebMMedia (814)
[2025.10.12-23.50.57:908][261]LogModuleManager: Shutting down and abandoning module MediaPlayerEditor (812)
[2025.10.12-23.50.57:908][261]LogModuleManager: Shutting down and abandoning module MediaCompositingEditor (810)
[2025.10.12-23.50.57:908][261]LogModuleManager: Shutting down and abandoning module SequenceRecorder (809)
[2025.10.12-23.50.57:908][261]LogModuleManager: Shutting down and abandoning module OpenExrWrapper (806)
[2025.10.12-23.50.57:908][261]LogModuleManager: Shutting down and abandoning module ImgMediaFactory (804)
[2025.10.12-23.50.57:908][261]LogModuleManager: Shutting down and abandoning module ImgMediaEditor (802)
[2025.10.12-23.50.57:908][261]LogModuleManager: Shutting down and abandoning module AvfMediaFactory (800)
[2025.10.12-23.50.57:908][261]LogModuleManager: Shutting down and abandoning module AvfMediaEditor (798)
[2025.10.12-23.50.57:908][261]LogModuleManager: Shutting down and abandoning module AndroidMediaFactory (796)
[2025.10.12-23.50.57:908][261]LogModuleManager: Shutting down and abandoning module AndroidMediaEditor (794)
[2025.10.12-23.50.57:908][261]LogModuleManager: Shutting down and abandoning module MagicLeapMediaCodecFactory (792)
[2025.10.12-23.50.57:908][261]LogModuleManager: Shutting down and abandoning module MagicLeapMediaFactory (790)
[2025.10.12-23.50.57:908][261]LogModuleManager: Shutting down and abandoning module MagicLeapMediaEditor (788)
[2025.10.12-23.50.57:908][261]LogModuleManager: Shutting down and abandoning module TextureAlignMode (786)
[2025.10.12-23.50.57:908][261]LogModuleManager: Shutting down and abandoning module BspMode (784)
[2025.10.12-23.50.57:908][261]LogModuleManager: Shutting down and abandoning module GeometryMode (782)
[2025.10.12-23.50.57:908][261]LogModuleManager: Shutting down and abandoning module CameraShakePreviewer (780)
[2025.10.12-23.50.57:908][261]LogModuleManager: Shutting down and abandoning module SmartSnapping (778)
[2025.10.12-23.50.57:908][261]LogModuleManager: Shutting down and abandoning module SessionServices (776)
[2025.10.12-23.50.57:908][261]LogModuleManager: Shutting down and abandoning module MeshPaint (774)
[2025.10.12-23.50.57:908][261]LogModuleManager: Shutting down and abandoning module VirtualTexturingEditor (772)
[2025.10.12-23.50.57:908][261]LogModuleManager: Shutting down and abandoning module FoliageEdit (770)
[2025.10.12-23.50.57:908][261]LogModuleManager: Shutting down and abandoning module LandscapeEditor (768)
[2025.10.12-23.50.57:908][261]LogModuleManager: Shutting down and abandoning module MeshPaintMode (766)
[2025.10.12-23.50.57:908][261]LogModuleManager: Shutting down and abandoning module SceneDepthPickerMode (764)
[2025.10.12-23.50.57:908][261]LogModuleManager: Shutting down and abandoning module ActorPickerMode (762)
[2025.10.12-23.50.57:908][261]LogModuleManager: Shutting down and abandoning module PlacementMode (760)
[2025.10.12-23.50.57:908][261]LogModuleManager: Shutting down and abandoning module ViewportSnapping (758)
[2025.10.12-23.50.57:908][261]LogModuleManager: Shutting down and abandoning module ViewportInteraction (756)
[2025.10.12-23.50.57:908][261]LogModuleManager: Shutting down and abandoning module ClothPainter (754)
[2025.10.12-23.50.57:908][261]LogModuleManager: Shutting down and abandoning module SkeletalMeshEditor (753)
[2025.10.12-23.50.57:909][261]LogModuleManager: Shutting down and abandoning module LogVisualizer (750)
[2025.10.12-23.50.57:909][261]LogModuleManager: Shutting down and abandoning module IntroTutorials (748)
[2025.10.12-23.50.57:909][261]LogModuleManager: Shutting down and abandoning module GameProjectGeneration (747)
[2025.10.12-23.50.57:909][261]LogModuleManager: Shutting down and abandoning module LuminPlatformEditor (744)
[2025.10.12-23.50.57:909][261]LogModuleManager: Shutting down and abandoning module IOSPlatformEditor (742)
[2025.10.12-23.50.57:909][261]LogModuleManager: Shutting down and abandoning module AndroidPlatformEditor (740)
[2025.10.12-23.50.57:909][261]LogModuleManager: Shutting down and abandoning module AndroidDeviceDetection (739)
[2025.10.12-23.50.59:709][261]LogModuleManager: Shutting down and abandoning module WindowsPlatformEditor (736)
[2025.10.12-23.50.59:710][261]LogModuleManager: Shutting down and abandoning module LuminRuntimeSettings (734)
[2025.10.12-23.50.59:710][261]LogModuleManager: Shutting down and abandoning module IOSRuntimeSettings (732)
[2025.10.12-23.50.59:710][261]LogModuleManager: Shutting down and abandoning module AndroidRuntimeSettings (730)
[2025.10.12-23.50.59:710][261]LogModuleManager: Shutting down and abandoning module TraceInsights (728)
[2025.10.12-23.50.59:710][261]MemoryProfiler: Shutdown
[2025.10.12-23.50.59:710][261]NetworkingProfiler: Shutdown
[2025.10.12-23.50.59:710][261]LoadingProfiler: Shutdown
[2025.10.12-23.50.59:710][261]TimingProfiler: Shutdown
[2025.10.12-23.50.59:710][261]LogModuleManager: Shutting down and abandoning module TraceServices (727)
[2025.10.12-23.50.59:710][261]LogModuleManager: Shutting down and abandoning module EditorInteractiveToolsFramework (724)
[2025.10.12-23.50.59:710][261]LogModuleManager: Shutting down and abandoning module TimeManagementEditor (722)
[2025.10.12-23.50.59:710][261]LogModuleManager: Shutting down and abandoning module InputBindingEditor (720)
[2025.10.12-23.50.59:710][261]LogModuleManager: Shutting down and abandoning module MergeActors (718)
[2025.10.12-23.50.59:710][261]LogModuleManager: Shutting down and abandoning module LocalizationDashboard (716)
[2025.10.12-23.50.59:710][261]LogModuleManager: Shutting down and abandoning module LocalizationService (715)
[2025.10.12-23.50.59:710][261]LogModuleManager: Shutting down and abandoning module HardwareTargeting (712)
[2025.10.12-23.50.59:710][261]LogModuleManager: Shutting down and abandoning module DeviceProfileEditor (710)
[2025.10.12-23.50.59:710][261]LogModuleManager: Shutting down and abandoning module UndoHistory (708)
[2025.10.12-23.50.59:710][261]LogModuleManager: Shutting down and abandoning module XmlParser (706)
[2025.10.12-23.50.59:710][261]LogModuleManager: Shutting down and abandoning module Blutility (704)
[2025.10.12-23.50.59:710][261]LogModuleManager: Shutting down and abandoning module ProjectSettingsViewer (702)
[2025.10.12-23.50.59:710][261]LogModuleManager: Shutting down and abandoning module ProjectTargetPlatformEditor (701)
[2025.10.12-23.50.59:710][261]LogModuleManager: Shutting down and abandoning module EditorSettingsViewer (698)
[2025.10.12-23.50.59:710][261]LogModuleManager: Shutting down and abandoning module InternationalizationSettings (697)
[2025.10.12-23.50.59:710][261]LogModuleManager: Shutting down and abandoning module SettingsEditor (694)
[2025.10.12-23.50.59:710][261]LogModuleManager: Shutting down and abandoning module ProjectLauncher (692)
[2025.10.12-23.50.59:710][261]LogModuleManager: Shutting down and abandoning module SessionFrontend (690)
[2025.10.12-23.50.59:710][261]LogModuleManager: Shutting down and abandoning module ProfilerClient (688)
[2025.10.12-23.50.59:710][261]LogModuleManager: Shutting down and abandoning module DeviceManager (686)
[2025.10.12-23.50.59:710][261]LogModuleManager: Shutting down and abandoning module TargetDeviceServices (685)
[2025.10.12-23.50.59:742][261]LogModuleManager: Shutting down and abandoning module AutomationController (682)
[2025.10.12-23.50.59:742][261]LogModuleManager: Shutting down and abandoning module AutomationWindow (680)
[2025.10.12-23.50.59:742][261]LogModuleManager: Shutting down and abandoning module Layers (678)
[2025.10.12-23.50.59:742][261]LogModuleManager: Shutting down and abandoning module ComponentVisualizers (676)
[2025.10.12-23.50.59:742][261]LogModuleManager: Shutting down and abandoning module DetailCustomizations (674)
[2025.10.12-23.50.59:742][261]LogModuleManager: Shutting down and abandoning module PackagesDialog (672)
[2025.10.12-23.50.59:742][261]LogModuleManager: Shutting down and abandoning module AnimationBlueprintEditor (670)
[2025.10.12-23.50.59:742][261]LogModuleManager: Shutting down and abandoning module Persona (668)
[2025.10.12-23.50.59:742][261]LogModuleManager: Shutting down and abandoning module AdvancedPreviewScene (667)
[2025.10.12-23.50.59:742][261]LogModuleManager: Shutting down and abandoning module AnimGraph (665)
[2025.10.12-23.50.59:742][261]LogModuleManager: Shutting down and abandoning module Kismet (662)
[2025.10.12-23.50.59:748][261]LogModuleManager: Shutting down and abandoning module KismetWidgets (661)
[2025.10.12-23.50.59:748][261]LogModuleManager: Shutting down and abandoning module GraphEditor (658)
[2025.10.12-23.50.59:748][261]LogModuleManager: Shutting down and abandoning module StructViewer (656)
[2025.10.12-23.50.59:748][261]LogModuleManager: Shutting down and abandoning module ClassViewer (654)
[2025.10.12-23.50.59:749][261]LogModuleManager: Shutting down and abandoning module Toolbox (652)
[2025.10.12-23.50.59:749][261]LogModuleManager: Shutting down and abandoning module ModuleUI (650)
[2025.10.12-23.50.59:749][261]LogModuleManager: Shutting down and abandoning module OutputLog (648)
[2025.10.12-23.50.59:750][261]LogModuleManager: Shutting down and abandoning module GammaUI (646)
[2025.10.12-23.50.59:750][261]LogModuleManager: Shutting down and abandoning module Documentation (644)
[2025.10.12-23.50.59:750][261]LogModuleManager: Shutting down and abandoning module LiveCoding (642)
[2025.10.12-23.50.59:750][261]LogModuleManager: Shutting down and abandoning module LevelSequence (640)
[2025.10.12-23.50.59:750][261]LogModuleManager: Shutting down and abandoning module MovieSceneTracks (638)
[2025.10.12-23.50.59:750][261]LogModuleManager: Shutting down and abandoning module MovieScene (636)
[2025.10.12-23.50.59:750][261]LogModuleManager: Shutting down and abandoning module StreamingPauseRendering (634)
[2025.10.12-23.50.59:750][261]LogModuleManager: Shutting down and abandoning module LauncherPlatform (632)
[2025.10.12-23.50.59:750][261]LogModuleManager: Shutting down and abandoning module AnalyticsET (630)
[2025.10.12-23.50.59:750][261]LogModuleManager: Shutting down and abandoning module PortalServices (628)
[2025.10.12-23.50.59:750][261]LogModuleManager: Shutting down and abandoning module PortalRpc (626)
[2025.10.12-23.50.59:750][261]LogModuleManager: Shutting down and abandoning module MessagingRpc (624)
[2025.10.12-23.50.59:750][261]LogModuleManager: Shutting down and abandoning module AudioMixerXAudio2 (622)
[2025.10.12-23.50.59:750][261]LogModuleManager: Shutting down and abandoning module AudioMixerCore (621)
[2025.10.12-23.50.59:750][261]LogModuleManager: Shutting down and abandoning module AIModule (618)
[2025.10.12-23.50.59:750][261]LogModuleManager: Shutting down and abandoning module GameplayDebugger (617)
[2025.10.12-23.50.59:750][261]LogModuleManager: Shutting down and abandoning module AITestSuite (615)
[2025.10.12-23.50.59:751][261]LogModuleManager: Shutting down and abandoning module NavigationSystem (613)
[2025.10.12-23.50.59:751][261]LogModuleManager: Shutting down and abandoning module ImageWriteQueue (610)
[2025.10.12-23.50.59:754][261]LogModuleManager: Shutting down and abandoning module ProfilerService (608)
[2025.10.12-23.50.59:862][261]LogModuleManager: Shutting down and abandoning module TaskGraph (606)
[2025.10.12-23.50.59:862][261]LogModuleManager: Shutting down and abandoning module AudioSynesthesiaEditor (604)
[2025.10.12-23.50.59:862][261]LogModuleManager: Shutting down and abandoning module OculusEditor (602)
[2025.10.12-23.50.59:862][261]LogModuleManager: Shutting down and abandoning module OculusInput (600)
[2025.10.12-23.50.59:862][261]LogModuleManager: Shutting down and abandoning module ContentBrowserFileDataSource (598)
[2025.10.12-23.50.59:862][261]LogModuleManager: Shutting down and abandoning module ContentBrowserClassDataSource (596)
[2025.10.12-23.50.59:862][261]LogModuleManager: Shutting down and abandoning module ContentBrowserAssetDataSource (594)
[2025.10.12-23.50.59:862][261]LogModuleManager: Shutting down and abandoning module CollectionManager (593)
[2025.10.12-23.50.59:862][261]LogModuleManager: Shutting down and abandoning module OpenImageDenoise (590)
[2025.10.12-23.50.59:862][261]LogOpenImageDenoise: OIDN shutting down
[2025.10.12-23.50.59:862][261]LogModuleManager: Shutting down and abandoning module MotoSynthEditor (588)
[2025.10.12-23.50.59:862][261]LogModuleManager: Shutting down and abandoning module MotoSynth (586)
[2025.10.12-23.50.59:862][261]LogModuleManager: Shutting down and abandoning module MeshConversion (584)
[2025.10.12-23.50.59:862][261]LogModuleManager: Shutting down and abandoning module DynamicMesh (582)
[2025.10.12-23.50.59:862][261]LogModuleManager: Shutting down and abandoning module GeometryAlgorithms (580)
[2025.10.12-23.50.59:862][261]LogModuleManager: Shutting down and abandoning module GeometricObjects (578)
[2025.10.12-23.50.59:862][261]LogModuleManager: Shutting down and abandoning module GeometryCollectionTracks (576)
[2025.10.12-23.50.59:862][261]LogModuleManager: Shutting down and abandoning module GeometryCollectionSequencer (575)
[2025.10.12-23.50.59:862][261]LogModuleManager: Shutting down and abandoning module GeometryCollectionEditor (572)
[2025.10.12-23.50.59:862][261]LogModuleManager: Shutting down and abandoning module GeometryCacheTracks (570)
[2025.10.12-23.50.59:862][261]LogModuleManager: Shutting down and abandoning module GeometryCacheStreamer (568)
[2025.10.12-23.50.59:862][261]LogModuleManager: Shutting down and abandoning module GeometryCacheSequencer (566)
[2025.10.12-23.50.59:862][261]LogModuleManager: Shutting down and abandoning module ChaosNiagara (564)
[2025.10.12-23.50.59:862][261]LogModuleManager: Shutting down and abandoning module ChaosSolverEditor (562)
[2025.10.12-23.50.59:862][261]LogModuleManager: Shutting down and abandoning module FractureEditor (560)
[2025.10.12-23.50.59:862][261]LogModuleManager: Shutting down and abandoning module AutomationUtilsEditor (558)
[2025.10.12-23.50.59:862][261]LogModuleManager: Shutting down and abandoning module AutomationUtils (556)
[2025.10.12-23.50.59:862][261]LogModuleManager: Shutting down and abandoning module ChaosClothEditor (554)
[2025.10.12-23.50.59:862][261]LogModuleManager: Shutting down and abandoning module BackChannel (552)
[2025.10.12-23.50.59:862][261]LogModuleManager: Shutting down and abandoning module AlembicImporter (550)
[2025.10.12-23.50.59:862][261]LogModuleManager: Shutting down and abandoning module AlembicLibrary (549)
[2025.10.12-23.50.59:862][261]LogModuleManager: Shutting down and abandoning module GeometryCache (548)
[2025.10.12-23.50.59:862][261]LogModuleManager: Shutting down and abandoning module GeometryCacheEd (547)
[2025.10.12-23.50.59:862][261]LogModuleManager: Shutting down and abandoning module SynthesisEditor (542)
[2025.10.12-23.50.59:862][261]LogModuleManager: Shutting down and abandoning module Synthesis (540)
[2025.10.12-23.50.59:862][261]LogModuleManager: Shutting down and abandoning module ProceduralMeshComponentEditor (538)
[2025.10.12-23.50.59:862][261]LogModuleManager: Shutting down and abandoning module ProceduralMeshComponent (536)
[2025.10.12-23.50.59:862][261]LogModuleManager: Shutting down and abandoning module OpenXREditor (534)
[2025.10.12-23.50.59:863][261]LogModuleManager: Shutting down and abandoning module MobilePatchingUtils (532)
[2025.10.12-23.50.59:863][261]LogModuleManager: Shutting down and abandoning module GooglePAD (530)
[2025.10.12-23.50.59:863][261]LogModuleManager: Shutting down and abandoning module EditableMesh (528)
[2025.10.12-23.50.59:863][261]LogModuleManager: Shutting down and abandoning module FieldSystemEngine (527)
[2025.10.12-23.50.59:863][261]LogModuleManager: Shutting down and abandoning module CableComponent (524)
[2025.10.12-23.50.59:863][261]LogModuleManager: Shutting down and abandoning module CustomMeshComponent (522)
[2025.10.12-23.50.59:863][261]LogModuleManager: Shutting down and abandoning module AudioCapture (520)
[2025.10.12-23.50.59:863][261]LogModuleManager: Shutting down and abandoning module AudioCaptureRtAudio (519)
[2025.10.12-23.50.59:863][261]LogModuleManager: Shutting down and abandoning module AssetTags (516)
[2025.10.12-23.50.59:863][261]LogModuleManager: Shutting down and abandoning module ArchVisCharacter (514)
[2025.10.12-23.50.59:863][261]LogModuleManager: Shutting down and abandoning module AppleImageUtilsBlueprintSupport (512)
[2025.10.12-23.50.59:863][261]LogModuleManager: Shutting down and abandoning module AppleImageUtils (510)
[2025.10.12-23.50.59:863][261]LogModuleManager: Shutting down and abandoning module AndroidPermission (508)
[2025.10.12-23.50.59:863][261]LogModuleManager: Shutting down and abandoning module TakeSequencer (506)
[2025.10.12-23.50.59:863][261]LogModuleManager: Shutting down and abandoning module TakeMovieScene (504)
[2025.10.12-23.50.59:863][261]LogModuleManager: Shutting down and abandoning module ScreenshotTools (502)
[2025.10.12-23.50.59:863][261]LogModuleManager: Shutting down and abandoning module ActorLayerUtilitiesEditor (500)
[2025.10.12-23.50.59:863][261]LogModuleManager: Shutting down and abandoning module ActorLayerUtilities (498)
[2025.10.12-23.50.59:863][261]LogModuleManager: Shutting down and abandoning module TemplateSequence (496)
[2025.10.12-23.50.59:863][261]LogModuleManager: Shutting down and abandoning module MediaCompositing (494)
[2025.10.12-23.50.59:863][261]LogModuleManager: Shutting down and abandoning module ImgMedia (492)
[2025.10.12-23.50.59:863][261]LogModuleManager: Shutting down and abandoning module DatasmithContentEditor (490)
[2025.10.12-23.50.59:863][261]LogModuleManager: Shutting down and abandoning module MagicLeapSharedWorld (488)
[2025.10.12-23.50.59:863][261]LogModuleManager: Shutting down and abandoning module PluginBrowser (486)
[2025.10.12-23.50.59:863][261]LogModuleManager: Shutting down and abandoning module MagicLeapLightEstimation (484)
[2025.10.12-23.50.59:863][261]LogModuleManager: Shutting down and abandoning module MagicLeapHelperVulkan (482)
[2025.10.12-23.50.59:863][261]LogModuleManager: Shutting down and abandoning module MagicLeapHelperOpenGL (480)
[2025.10.12-23.50.59:863][261]LogModuleManager: Shutting down and abandoning module MagicLeapAudio (478)
[2025.10.12-23.50.59:863][261]LogModuleManager: Shutting down and abandoning module SpeedTreeImporter (476)
[2025.10.12-23.50.59:863][261]LogModuleManager: Shutting down and abandoning module MobileLauncherProfileWizard (474)
[2025.10.12-23.50.59:863][261]LogModuleManager: Shutting down and abandoning module MaterialAnalyzer (472)
[2025.10.12-23.50.59:863][261]LogModuleManager: Shutting down and abandoning module CryptoKeysOpenSSL (470)
[2025.10.12-23.50.59:863][261]LogModuleManager: Shutting down and abandoning module CryptoKeys (468)
[2025.10.12-23.50.59:863][261]LogModuleManager: Shutting down and abandoning module NiagaraEditorWidgets (466)
[2025.10.12-23.50.59:863][261]LogModuleManager: Shutting down and abandoning module CurveEditorTools (464)
[2025.10.12-23.50.59:863][261]LogModuleManager: Shutting down and abandoning module VariantManagerContentEditor (462)
[2025.10.12-23.50.59:863][261]LogModuleManager: Shutting down and abandoning module RiderSourceCodeAccess (460)
[2025.10.12-23.50.59:863][261]LogModuleManager: Shutting down and abandoning module SubversionSourceControl (458)
[2025.10.12-23.50.59:863][261]LogModuleManager: Shutting down and abandoning module VisualStudioCodeSourceCodeAccess (456)
[2025.10.12-23.50.59:863][261]LogModuleManager: Shutting down and abandoning module VisualStudioSourceCodeAccess (454)
[2025.10.12-23.50.59:863][261]LogModuleManager: Shutting down and abandoning module UObjectPlugin (452)
[2025.10.12-23.50.59:863][261]LogModuleManager: Shutting down and abandoning module PlasticSourceControl (450)
[2025.10.12-23.50.59:863][261]LogModuleManager: Shutting down and abandoning module PluginUtils (448)
[2025.10.12-23.50.59:863][261]LogModuleManager: Shutting down and abandoning module PerforceSourceControl (446)
[2025.10.12-23.50.59:863][261]LogModuleManager: Shutting down and abandoning module GitSourceControl (444)
[2025.10.12-23.50.59:863][261]LogModuleManager: Shutting down and abandoning module SourceControl (443)
[2025.10.12-23.50.59:863][261]LogModuleManager: Shutting down and abandoning module CLionSourceCodeAccess (440)
[2025.10.12-23.50.59:863][261]LogModuleManager: Shutting down and abandoning module AnimationSharingEd (438)
[2025.10.12-23.50.59:863][261]LogModuleManager: Shutting down and abandoning module OodleNetworkHandlerComponent (436)
[2025.10.12-23.50.59:863][261]LogModuleManager: Shutting down and abandoning module LightPropagationVolumeEditor (434)
[2025.10.12-23.50.59:863][261]LogModuleManager: Shutting down and abandoning module LiveLinkSequencer (432)
[2025.10.12-23.50.59:863][261]LogModuleManager: Shutting down and abandoning module LiveLinkMovieScene (430)
[2025.10.12-23.50.59:863][261]LogModuleManager: Shutting down and abandoning module LiveLinkGraphNode (428)
[2025.10.12-23.50.59:863][261]LogModuleManager: Shutting down and abandoning module LiveLinkEditor (426)
[2025.10.12-23.50.59:863][261]LogModuleManager: Shutting down and abandoning module LiveLinkComponents (424)
[2025.10.12-23.50.59:863][261]LogModuleManager: Shutting down and abandoning module LiveLink (422)
[2025.10.12-23.51.00:856][261]LogModuleManager: Shutting down and abandoning module PaperTiledImporter (420)
[2025.10.12-23.51.00:856][261]LogModuleManager: Shutting down and abandoning module PaperSpriteSheetImporter (418)
[2025.10.12-23.51.00:856][261]LogModuleManager: Shutting down and abandoning module Paper2DEditor (416)
[2025.10.12-23.51.00:856][261]LogModuleManager: Shutting down and abandoning module MeshPaintingToolset (414)
[2025.10.12-23.51.00:856][261]LogModuleManager: Shutting down and abandoning module MeshPaintEditorMode (412)
[2025.10.12-23.51.00:856][261]LogModuleManager: Shutting down and abandoning module PythonScriptPlugin (410)
[2025.10.12-23.51.00:856][261]LogModuleManager: Shutting down and abandoning module SoundFields (408)
[2025.10.12-23.51.00:856][261]LogModuleManager: Shutting down and abandoning module SignificanceManager (406)
[2025.10.12-23.51.00:856][261]LogModuleManager: Shutting down and abandoning module RuntimePhysXCooking (404)
[2025.10.12-23.51.00:856][261]LogModuleManager: Shutting down and abandoning module PropertyAccessEditor (402)
[2025.10.12-23.51.00:856][261]LogModuleManager: Shutting down and abandoning module PhysXVehiclesEditor (400)
[2025.10.12-23.51.00:856][261]LogModuleManager: Shutting down and abandoning module LocationServicesBPLibrary (396)
[2025.10.12-23.51.00:856][261]LogModuleManager: Shutting down and abandoning module AudioSynesthesia (394)
[2025.10.12-23.51.00:856][261]LogModuleManager: Shutting down and abandoning module AudioSynesthesiaCore (392)
[2025.10.12-23.51.00:856][261]LogModuleManager: Shutting down and abandoning module UdpMessaging (390)
[2025.10.12-23.51.00:956][261]LogModuleManager: Shutting down and abandoning module TcpMessaging (388)
[2025.10.12-23.51.01:057][261]LogModuleManager: Shutting down and abandoning module ActorSequence (386)
[2025.10.12-23.51.01:057][261]LogModuleManager: Shutting down and abandoning module ImgMediaEngine (384)
[2025.10.12-23.51.01:057][261]LogModuleManager: Shutting down and abandoning module MagicLeapARPin (382)
[2025.10.12-23.51.01:057][261]LogModuleManager: Shutting down and abandoning module DataValidation (380)
[2025.10.12-23.51.01:057][261]LogModuleManager: Shutting down and abandoning module MagicLeapHandMeshing (378)
[2025.10.12-23.51.01:057][261]LogModuleManager: Shutting down and abandoning module MagicLeapSecureStorage (376)
[2025.10.12-23.51.01:057][261]LogModuleManager: Shutting down and abandoning module MagicLeapPrivileges (374)
[2025.10.12-23.51.01:057][261]LogModuleManager: Shutting down and abandoning module MagicLeapPlanes (372)
[2025.10.12-23.51.01:057][261]LogMagicLeapPlanes: Planes tracker already destroyed.
[2025.10.12-23.51.01:057][261]LogModuleManager: Shutting down and abandoning module MagicLeapImageTracker (370)
[2025.10.12-23.51.01:057][261]LogModuleManager: Shutting down and abandoning module MagicLeapIdentity (368)
[2025.10.12-23.51.01:057][261]LogModuleManager: Shutting down and abandoning module MagicLeapHandTracking (366)
[2025.10.12-23.51.01:057][261]LogModuleManager: Shutting down and abandoning module MagicLeapEyeTracker (364)
[2025.10.12-23.51.01:057][261]LogModuleManager: Shutting down and abandoning module MagicLeapController (362)
[2025.10.12-23.51.01:057][261]LogModuleManager: Shutting down and abandoning module MagicLeapARPinImpl (360)
[2025.10.12-23.51.01:057][261]LogModuleManager: Shutting down and abandoning module MagicLeapAR (358)
[2025.10.12-23.51.01:057][261]LogModuleManager: Shutting down and abandoning module GameplayTagsEditor (356)
[2025.10.12-23.51.01:057][261]LogModuleManager: Shutting down and abandoning module FacialAnimationEditor (354)
[2025.10.12-23.51.01:057][261]LogModuleManager: Shutting down and abandoning module FacialAnimation (352)
[2025.10.12-23.51.01:057][261]LogModuleManager: Shutting down and abandoning module NiagaraAnimNotifies (350)
[2025.10.12-23.51.01:057][261]LogModuleManager: Shutting down and abandoning module Niagara (348)
[2025.10.12-23.51.01:057][261]LogModuleManager: Shutting down and abandoning module SignalProcessing (347)
[2025.10.12-23.51.01:057][261]LogModuleManager: Shutting down and abandoning module NiagaraEditor (345)
[2025.10.12-23.51.01:057][261]LogModuleManager: Shutting down and abandoning module NiagaraCore (342)
[2025.10.12-23.51.01:057][261]LogModuleManager: Shutting down and abandoning module AssetManagerEditor (340)
[2025.10.12-23.51.01:057][261]LogModuleManager: Shutting down and abandoning module LevelEditor (339)
[2025.10.12-23.51.01:058][261]LogModuleManager: Shutting down and abandoning module PixelInspectorModule (338)
[2025.10.12-23.51.01:058][261]LogModuleManager: Shutting down and abandoning module CommonMenuExtensions (336)
[2025.10.12-23.51.01:058][261]LogModuleManager: Shutting down and abandoning module MainFrame (334)
[2025.10.12-23.51.01:058][261]LogModuleManager: Shutting down and abandoning module HotReload (333)
[2025.10.12-23.51.01:058][261]LogModuleManager: Shutting down and abandoning module ToolMenus (329)
[2025.10.12-23.51.01:058][261]LogModuleManager: Shutting down and abandoning module ContentBrowser (327)
[2025.10.12-23.51.01:058][261]LogModuleManager: Shutting down and abandoning module ContentBrowserData (326)
[2025.10.12-23.51.01:058][261]LogModuleManager: Shutting down and abandoning module TreeMap (323)
[2025.10.12-23.51.01:058][261]LogModuleManager: Shutting down and abandoning module PropertyAccessNode (320)
[2025.10.12-23.51.01:058][261]LogModuleManager: Shutting down and abandoning module AnimationSharing (318)
[2025.10.12-23.51.01:058][261]LogModuleManager: Shutting down and abandoning module GameplayCameras (316)
[2025.10.12-23.51.01:058][261]LogModuleManager: Shutting down and abandoning module LightPropagationVolumeRuntime (314)
[2025.10.12-23.51.01:058][261]LogModuleManager: Shutting down and abandoning module EnvironmentQueryEditor (312)
[2025.10.12-23.51.01:059][261]LogModuleManager: Shutting down and abandoning module Paper2D (310)
[2025.10.12-23.51.01:059][261]LogModuleManager: Shutting down and abandoning module WindowsMoviePlayer (308)
[2025.10.12-23.51.01:060][261]LogModuleManager: Shutting down and abandoning module WebMMoviePlayer (306)
[2025.10.12-23.51.01:060][261]LogModuleManager: Shutting down and abandoning module NetworkReplayStreaming (304)
[2025.10.12-23.51.01:060][261]LogModuleManager: Shutting down and abandoning module PacketHandler (302)
[2025.10.12-23.51.01:060][261]LogModuleManager: Shutting down and abandoning module ClothingSystemEditor (300)
[2025.10.12-23.51.01:060][261]LogModuleManager: Shutting down and abandoning module ClothingSystemRuntimeNv (298)
[2025.10.12-23.51.01:060][261]LogModuleManager: Shutting down and abandoning module MediaAssets (296)
[2025.10.12-23.51.01:060][261]LogModuleManager: Shutting down and abandoning module Overlay (294)
[2025.10.12-23.51.01:060][261]LogModuleManager: Shutting down and abandoning module OverlayEditor (293)
[2025.10.12-23.51.01:060][261]LogModuleManager: Shutting down and abandoning module VREditor (290)
[2025.10.12-23.51.01:060][261]LogModuleManager: Shutting down and abandoning module StringTableEditor (288)
[2025.10.12-23.51.01:060][261]LogModuleManager: Shutting down and abandoning module GameplayTasksEditor (286)
[2025.10.12-23.51.01:060][261]LogModuleManager: Shutting down and abandoning module BehaviorTreeEditor (284)
[2025.10.12-23.51.01:060][261]LogModuleManager: Shutting down and abandoning module FunctionalTesting (282)
[2025.10.12-23.51.01:060][261]LogModuleManager: Shutting down and abandoning module CollisionAnalyzer (280)
[2025.10.12-23.51.01:060][261]LogModuleManager: Shutting down and abandoning module WorkspaceMenuStructure (279)
[2025.10.12-23.51.01:060][261]LogModuleManager: Shutting down and abandoning module UMG (276)
[2025.10.12-23.51.01:060][261]LogModuleManager: Shutting down and abandoning module UMGEditor (275)
[2025.10.12-23.51.01:060][261]LogModuleManager: Shutting down and abandoning module MessageLog (273)
[2025.10.12-23.51.01:060][261]LogModuleManager: Shutting down and abandoning module SlateReflector (268)
[2025.10.12-23.51.01:060][261]LogModuleManager: Shutting down and abandoning module Slate (266)
[2025.10.12-23.51.01:060][261]LogModuleManager: Shutting down and abandoning module SlateCore (264)
[2025.10.12-23.51.01:061][261]LogModuleManager: Shutting down and abandoning module LandscapeEditorUtilities (262)
[2025.10.12-23.51.01:061][261]LogModuleManager: Shutting down and abandoning module UnrealEd (260)
[2025.10.12-23.51.01:061][261]LogModuleManager: Shutting down and abandoning module MRMesh (258)
[2025.10.12-23.51.01:061][261]LogModuleManager: Shutting down and abandoning module SourceCodeAccess (256)
[2025.10.12-23.51.01:061][261]LogModuleManager: Shutting down and abandoning module HeadMountedDisplay (254)
[2025.10.12-23.51.01:061][261]LogModuleManager: Shutting down and abandoning module XAudio2 (252)
[2025.10.12-23.51.01:061][261]LogModuleManager: Shutting down and abandoning module Networking (250)
[2025.10.12-23.51.01:061][261]LogModuleManager: Shutting down and abandoning module Core (248)
[2025.10.12-23.51.01:061][261]LogModuleManager: Shutting down and abandoning module MaterialEditor (246)
[2025.10.12-23.51.01:061][261]LogModuleManager: Shutting down and abandoning module MovieSceneTools (244)
[2025.10.12-23.51.01:061][261]LogModuleManager: Shutting down and abandoning module CurveEditor (243)
[2025.10.12-23.51.01:061][261]LogModuleManager: Shutting down and abandoning module Sequencer (241)
[2025.10.12-23.51.01:061][261]LogModuleManager: Shutting down and abandoning module EditorStyle (240)
[2025.10.12-23.51.01:062][261]LogModuleManager: Shutting down and abandoning module KismetCompiler (236)
[2025.10.12-23.51.01:062][261]LogModuleManager: Shutting down and abandoning module MeshBuilder (234)
[2025.10.12-23.51.01:062][261]LogModuleManager: Shutting down and abandoning module MeshUtilities (232)
[2025.10.12-23.51.01:062][261]LogModuleManager: Shutting down and abandoning module MeshMergeUtilities (231)
[2025.10.12-23.51.01:062][261]LogModuleManager: Shutting down and abandoning module MeshReductionInterface (230)
[2025.10.12-23.51.01:062][261]LogModuleManager: Shutting down and abandoning module MeshBoneReduction (229)
[2025.10.12-23.51.01:062][261]LogModuleManager: Shutting down and abandoning module SkeletalMeshReduction (227)
[2025.10.12-23.51.01:062][261]LogModuleManager: Shutting down and abandoning module ProxyLODMeshReduction (225)
[2025.10.12-23.51.01:062][261]LogModuleManager: Shutting down and abandoning module QuadricMeshReduction (223)
[2025.10.12-23.51.01:062][261]LogModuleManager: Shutting down and abandoning module MaterialBaking (219)
[2025.10.12-23.51.01:062][261]LogModuleManager: Shutting down and abandoning module NullInstallBundleManager (214)
[2025.10.12-23.51.01:062][261]LogModuleManager: Shutting down and abandoning module DerivedDataCache (212)
[2025.10.12-23.51.01:062][261]LogModuleManager: Shutting down and abandoning module TargetPlatform (210)
[2025.10.12-23.51.01:062][261]LogModuleManager: Shutting down and abandoning module VulkanShaderFormat (209)
[2025.10.12-23.51.01:062][261]LogModuleManager: Shutting down and abandoning module ShaderFormatVectorVM (207)
[2025.10.12-23.51.01:062][261]LogModuleManager: Shutting down and abandoning module ShaderFormatOpenGL (205)
[2025.10.12-23.51.01:062][261]LogModuleManager: Shutting down and abandoning module ShaderFormatD3D (203)
[2025.10.12-23.51.01:062][261]LogModuleManager: Shutting down and abandoning module MetalShaderFormat (201)
[2025.10.12-23.51.01:062][261]LogModuleManager: Shutting down and abandoning module TextureFormatOodle (199)
[2025.10.12-23.51.01:062][261]LogModuleManager: Shutting down and abandoning module TextureFormatUncompressed (197)
[2025.10.12-23.51.01:062][261]LogModuleManager: Shutting down and abandoning module TextureFormatPVR (195)
[2025.10.12-23.51.01:062][261]LogModuleManager: Shutting down and abandoning module TextureFormatETC2 (193)
[2025.10.12-23.51.01:062][261]LogModuleManager: Shutting down and abandoning module TextureFormatDXT (191)
[2025.10.12-23.51.01:062][261]LogModuleManager: Shutting down and abandoning module TextureFormatIntelISPCTexComp (189)
[2025.10.12-23.51.01:062][261]LogModuleManager: Shutting down and abandoning module TextureFormatASTC (187)
[2025.10.12-23.51.01:062][261]LogModuleManager: Shutting down and abandoning module ImageWrapper (186)
[2025.10.12-23.51.01:062][261]LogModuleManager: Shutting down and abandoning module AudioFormatOpus (183)
[2025.10.12-23.51.01:062][261]LogModuleManager: Shutting down and abandoning module AudioFormatOgg (181)
[2025.10.12-23.51.01:062][261]LogModuleManager: Shutting down and abandoning module AudioFormatADPCM (179)
[2025.10.12-23.51.01:062][261]LogModuleManager: Shutting down and abandoning module WindowsServerTargetPlatform (177)
[2025.10.12-23.51.01:062][261]LogModuleManager: Shutting down and abandoning module WindowsClientTargetPlatform (175)
[2025.10.12-23.51.01:062][261]LogModuleManager: Shutting down and abandoning module WindowsTargetPlatform (173)
[2025.10.12-23.51.01:062][261]LogModuleManager: Shutting down and abandoning module WindowsNoEditorTargetPlatform (171)
[2025.10.12-23.51.01:062][261]LogModuleManager: Shutting down and abandoning module TVOSTargetPlatform (169)
[2025.10.12-23.51.01:063][261]LogModuleManager: Shutting down and abandoning module MacServerTargetPlatform (167)
[2025.10.12-23.51.01:063][261]LogModuleManager: Shutting down and abandoning module MacClientTargetPlatform (165)
[2025.10.12-23.51.01:063][261]LogModuleManager: Shutting down and abandoning module MacTargetPlatform (163)
[2025.10.12-23.51.01:063][261]LogModuleManager: Shutting down and abandoning module MacNoEditorTargetPlatform (161)
[2025.10.12-23.51.01:063][261]LogModuleManager: Shutting down and abandoning module LuminTargetPlatform (159)
[2025.10.12-23.51.01:063][261]LogModuleManager: Shutting down and abandoning module LinuxAArch64ServerTargetPlatform (157)
[2025.10.12-23.51.01:063][261]LogModuleManager: Shutting down and abandoning module LinuxAArch64ClientTargetPlatform (155)
[2025.10.12-23.51.01:063][261]LogModuleManager: Shutting down and abandoning module LinuxAArch64NoEditorTargetPlatform (153)
[2025.10.12-23.51.01:063][261]LogModuleManager: Shutting down and abandoning module LinuxServerTargetPlatform (151)
[2025.10.12-23.51.01:063][261]LogModuleManager: Shutting down and abandoning module LinuxClientTargetPlatform (149)
[2025.10.12-23.51.01:063][261]LogModuleManager: Shutting down and abandoning module LinuxNoEditorTargetPlatform (147)
[2025.10.12-23.51.01:063][261]LogModuleManager: Shutting down and abandoning module LinuxTargetPlatform (145)
[2025.10.12-23.51.01:063][261]LogModuleManager: Shutting down and abandoning module Messaging (143)
[2025.10.12-23.51.01:063][261]LogModuleManager: Shutting down and abandoning module IOSTargetPlatform (141)
[2025.10.12-23.51.01:064][261]LogModuleManager: Shutting down and abandoning module AndroidTargetPlatform (139)
[2025.10.12-23.51.01:067][261]LogModuleManager: Shutting down and abandoning module AllDesktopTargetPlatform (137)
[2025.10.12-23.51.01:067][261]LogModuleManager: Shutting down and abandoning module D3D11RHI (134)
[2025.10.12-23.51.01:067][261]LogModuleManager: Shutting down and abandoning module InputCore (132)
[2025.10.12-23.51.01:067][261]LogModuleManager: Shutting down and abandoning module Settings (130)
[2025.10.12-23.51.01:067][261]LogModuleManager: Shutting down and abandoning module DirectoryWatcher (128)
[2025.10.12-23.51.01:067][261]LogModuleManager: Shutting down and abandoning module PhysXCooking (126)
[2025.10.12-23.51.01:067][261]LogModuleManager: Shutting down and abandoning module Chaos (124)
[2025.10.12-23.51.01:067][261]LogModuleManager: Shutting down and abandoning module WindowsPlatformFeatures (122)
[2025.10.12-23.51.01:067][261]LogModuleManager: Shutting down and abandoning module GameplayMediaEncoder (121)
[2025.10.12-23.51.01:067][261]LogModuleManager: Shutting down and abandoning module AVEncoder (120)
[2025.10.12-23.51.01:067][261]LogModuleManager: Shutting down and abandoning module SteamVRInputDevice (116)
[2025.10.12-23.51.01:067][261]LogModuleManager: Shutting down and abandoning module SteamVRInput (114)
[2025.10.12-23.51.01:067][261]LogModuleManager: Shutting down and abandoning module SteamVR (112)
[2025.10.12-23.51.01:067][261]LogHMD: Freeing OpenVRDLLHandle.
[2025.10.12-23.51.01:067][261]LogModuleManager: Shutting down and abandoning module OculusHMD (110)
[2025.10.12-23.51.01:067][261]LogModuleManager: Shutting down and abandoning module ChaosCloth (108)
[2025.10.12-23.51.01:067][261]LogModuleManager: Shutting down and abandoning module OpenXRHandTracking (106)
[2025.10.12-23.51.01:067][261]LogSlate: Slate User Destroyed.  User Index 0, Is Virtual User: 0
[2025.10.12-23.51.01:067][261]LogModuleManager: Shutting down and abandoning module OpenXREyeTracker (104)
[2025.10.12-23.51.01:067][261]LogModuleManager: Shutting down and abandoning module OpenXRAR (102)
[2025.10.12-23.51.01:067][261]LogModuleManager: Shutting down and abandoning module AugmentedReality (101)
[2025.10.12-23.51.01:067][261]LogModuleManager: Shutting down and abandoning module OpenXRHMD (98)
[2025.10.12-23.51.01:068][261]LogModuleManager: Shutting down and abandoning module ExampleDeviceProfileSelector (96)
[2025.10.12-23.51.01:068][261]LogModuleManager: Shutting down and abandoning module ChunkDownloader (94)
[2025.10.12-23.51.01:068][261]LogModuleManager: Shutting down and abandoning module LauncherChunkInstaller (92)
[2025.10.12-23.51.01:068][261]LogModuleManager: Shutting down and abandoning module OnlineBlueprintSupport (90)
[2025.10.12-23.51.01:068][261]LogModuleManager: Shutting down and abandoning module OnlineSubsystem (86)
[2025.10.12-23.51.01:069][261]LogModuleManager: Shutting down and abandoning module XMPP (81)
[2025.10.12-23.51.01:069][261]LogModuleManager: Shutting down and abandoning module WebSockets (80)
[2025.10.12-23.51.01:104][261]LogModuleManager: Shutting down and abandoning module HTTP (77)
[2025.10.12-23.51.01:104][261]LogHttp: Display: Http module shutting down, but needs to wait on 1 outstanding Http requests:
[2025.10.12-23.51.01:104][261]LogHttp: Display: 	verb=[POST] url=[https://datarouter.ol.epicgames.com/datarouter/api/v1/public/data?SessionID=%7BE92971A8-46C1-E485-6B56-E6B84CC23539%7D&AppID=UEEditor.Rocket.Release&AppVersion=4.27.2-18319896%2B%2B%2BUE4%2BRelease-4.27&UserID=ff613de04445e87a751d3d88f719c9ab%7C92b915b8b6964a98a670edb4ad65aabd%7C0d465c27-dae1-41ae-b75e-4ea01e26faf1&AppEnvironment=datacollector-binary&UploadType=eteventstream] refs=[1] status=Processing
[2025.10.12-23.51.01:104][261]LogHttp: Display: cleaning up 1 outstanding Http requests.
[2025.10.12-23.51.01:118][261]LogModuleManager: Shutting down and abandoning module SSL (76)
[2025.10.12-23.51.01:119][261]LogModuleManager: Shutting down and abandoning module WmfMedia (72)
[2025.10.12-23.51.01:120][261]LogModuleManager: Shutting down and abandoning module Media (71)
[2025.10.12-23.51.01:121][261]LogModuleManager: Shutting down and abandoning module MediaInfo (70)
[2025.10.12-23.51.01:121][261]LogModuleManager: Shutting down and abandoning module ExrReaderGpu (66)
[2025.10.12-23.51.01:121][261]LogModuleManager: Shutting down and abandoning module DatasmithContent (64)
[2025.10.12-23.51.01:121][261]LogModuleManager: Shutting down and abandoning module MLSDK (62)
[2025.10.12-23.51.01:121][261]LogModuleManager: Shutting down and abandoning module MagicLeap (60)
[2025.10.12-23.51.01:121][261]LogModuleManager: Shutting down and abandoning module NiagaraVertexFactories (58)
[2025.10.12-23.51.01:121][261]LogModuleManager: Shutting down and abandoning module NiagaraShader (56)
[2025.10.12-23.51.01:121][261]LogModuleManager: Shutting down and abandoning module VariantManagerContent (54)
[2025.10.12-23.51.01:121][261]LogModuleManager: Shutting down and abandoning module PixWinPlugin (52)
[2025.10.12-23.51.01:121][261]LogModuleManager: Shutting down and abandoning module AISupportModule (50)
[2025.10.12-23.51.01:121][261]LogModuleManager: Shutting down and abandoning module DesktopPlatform (48)
[2025.10.12-23.51.01:121][261]LogModuleManager: Shutting down and abandoning module PlatformCryptoOpenSSL (46)
[2025.10.12-23.51.01:121][261]LogModuleManager: Shutting down and abandoning module PlatformCryptoTypes (44)
[2025.10.12-23.51.01:121][261]LogModuleManager: Shutting down and abandoning module PlatformCrypto (42)
[2025.10.12-23.51.01:121][261]LogModuleManager: Shutting down and abandoning module PythonScriptPluginPreload (40)
[2025.10.12-23.51.01:121][261]LogModuleManager: Shutting down and abandoning module OodleDataCompressionFormat (38)
[2025.10.12-23.51.01:121][261]LogModuleManager: Shutting down and abandoning module XGEController (36)
[2025.10.12-23.51.01:121][261]LogModuleManager: Shutting down and abandoning module AnimationModifiers (34)
[2025.10.12-23.51.01:121][261]LogModuleManager: Shutting down and abandoning module AudioEditor (32)
[2025.10.12-23.51.01:122][261]LogModuleManager: Shutting down and abandoning module PropertyEditor (31)
[2025.10.12-23.51.01:122][261]LogModuleManager: Shutting down and abandoning module TextureCompressor (28)
[2025.10.12-23.51.01:122][261]LogModuleManager: Shutting down and abandoning module RenderCore (26)
[2025.10.12-23.51.01:122][261]LogModuleManager: Shutting down and abandoning module Landscape (24)
[2025.10.12-23.51.01:122][261]LogModuleManager: Shutting down and abandoning module SlateRHIRenderer (22)
[2025.10.12-23.51.01:122][261]LogModuleManager: Shutting down and abandoning module AnimGraphRuntime (20)
[2025.10.12-23.51.01:122][261]LogModuleManager: Shutting down and abandoning module Renderer (18)
[2025.10.12-23.51.01:122][261]LogModuleManager: Shutting down and abandoning module Engine (16)
[2025.10.12-23.51.01:122][261]LogModuleManager: Shutting down and abandoning module CoreUObject (14)
[2025.10.12-23.51.01:122][261]LogModuleManager: Shutting down and abandoning module NetworkFile (12)
[2025.10.12-23.51.01:122][261]LogModuleManager: Shutting down and abandoning module CookedIterativeFile (10)
[2025.10.12-23.51.01:122][261]LogModuleManager: Shutting down and abandoning module StreamingFile (8)
[2025.10.12-23.51.01:122][261]LogModuleManager: Shutting down and abandoning module SandboxFile (6)
[2025.10.12-23.51.01:122][261]LogModuleManager: Shutting down and abandoning module PakFile (4)
[2025.10.12-23.51.01:122][261]LogModuleManager: Shutting down and abandoning module RSA (3)
[2025.10.12-23.51.01:123][261]LogContentStreaming: Display: There are 1 unreleased StreamingManagers
[2025.10.12-23.51.01:137][261]LogD3D11RHI: Shutdown
[2025.10.12-23.51.01:137][261]LogD3D11RHI: CleanupD3DDevice
[2025.10.12-23.51.01:139][261]LogExit: Exiting.
[2025.10.12-23.51.01:150][261]Log file closed, 10/12/25 17:51:01
