Log file open, 09/30/25 16:53:40
LogWindows: Failed to load 'aqProf.dll' (GetLastError=126)
LogWindows: File 'aqProf.dll' does not exist
LogWindows: Failed to load 'VtuneApi.dll' (GetLastError=126)
LogWindows: File 'VtuneApi.dll' does not exist
LogWindows: Failed to load 'VtuneApi32e.dll' (GetLastError=126)
LogWindows: File 'VtuneApi32e.dll' does not exist
LogConsoleResponse: Display: Failed to find resolution value strings in scalability ini. Falling back to default.
LogConsoleResponse: Display: Failed to find resolution value strings in scalability ini. Falling back to default.
LogInit: Display: Running engine for game: TasteOfMadness
LogPlatformFile: Not using cached read wrapper
LogTaskGraph: Started task graph with 5 named threads and 35 total threads with 3 sets of task threads.
LogStats: Stats thread started at 0.241089
LogICUInternationalization: ICU TimeZone Detection - Raw Offset: -6:00, Platform Override: ''
LogInit: Display: Loading text-based GConfig....
LogPluginManager: Mounting plugin MeshPainting
LogPluginManager: Mounting plugin XGEController
LogPluginManager: Mounting plugin Paper2D
LogPluginManager: Mounting plugin AISupport
LogPluginManager: Mounting plugin EnvironmentQueryEditor
LogPluginManager: Mounting plugin CameraShakePreviewer
LogPluginManager: Mounting plugin LiveLink
LogPluginManager: Mounting plugin GameplayCameras
LogPluginManager: Mounting plugin AssetManagerEditor
LogPluginManager: Mounting plugin OodleNetwork
LogPluginManager: Mounting plugin OodleData
LogPluginManager: Mounting plugin CryptoKeys
LogPluginManager: Mounting plugin CurveEditorTools
LogPluginManager: Mounting plugin FacialAnimation
LogPluginManager: Mounting plugin GameplayTagsEditor
LogPluginManager: Mounting plugin DataValidation
LogPluginManager: Mounting plugin GeometryMode
LogPluginManager: Mounting plugin MacGraphicsSwitching
LogPluginManager: Mounting plugin AnimationSharing
LogPluginManager: Mounting plugin CLionSourceCodeAccess
LogPluginManager: Mounting plugin MaterialAnalyzer
LogPluginManager: Mounting plugin CodeLiteSourceCodeAccess
LogPluginManager: Mounting plugin MobileLauncherProfileWizard
LogPluginManager: Mounting plugin PluginBrowser
LogPluginManager: Mounting plugin SpeedTreeImporter
LogPluginManager: Mounting plugin GitSourceControl
LogPluginManager: Mounting plugin KDevelopSourceCodeAccess
LogPluginManager: Mounting plugin NullSourceCodeAccess
LogPluginManager: Mounting plugin PerforceSourceControl
LogPluginManager: Mounting plugin PlasticSourceControl
LogPluginManager: Mounting plugin PluginUtils
LogPluginManager: Mounting plugin PixWinPlugin
LogPluginManager: Mounting plugin PropertyAccessNode
LogPluginManager: Mounting plugin RiderSourceCodeAccess
LogPluginManager: Mounting plugin SubversionSourceControl
LogPluginManager: Mounting plugin TextureFormatOodle
LogPluginManager: Mounting plugin UObjectPlugin
LogPluginManager: Mounting plugin VisualStudioCodeSourceCodeAccess
LogPluginManager: Mounting plugin VisualStudioSourceCodeAccess
LogPluginManager: Mounting plugin XCodeSourceCodeAccess
LogPluginManager: Mounting plugin DatasmithContent
LogPluginManager: Mounting plugin AlembicImporter
LogPluginManager: Mounting plugin AutomationUtils
LogPluginManager: Mounting plugin BackChannel
LogPluginManager: Mounting plugin VariantManagerContent
LogPluginManager: Mounting plugin ChaosCloth
LogPluginManager: Mounting plugin ChaosClothEditor
LogPluginManager: Mounting plugin ChaosEditor
LogPluginManager: Mounting plugin ChaosSolverPlugin
LogPluginManager: Mounting plugin CharacterAI
LogPluginManager: Mounting plugin ChaosNiagara
LogPluginManager: Mounting plugin Niagara
LogPluginManager: Mounting plugin GeometryCache
LogPluginManager: Mounting plugin GeometryCollectionPlugin
LogPluginManager: Mounting plugin GeometryProcessing
LogPluginManager: Mounting plugin MotoSynth
LogPluginManager: Mounting plugin OpenImageDenoise
LogPluginManager: Mounting plugin PlanarCut
LogPluginManager: Mounting plugin PlatformCrypto
LogPluginManager: Mounting plugin ProxyLODPlugin
LogPluginManager: Mounting plugin PythonScriptPlugin
LogPluginManager: Mounting plugin SkeletalReduction
LogPluginManager: Mounting plugin LuminPlatformFeatures
LogPluginManager: Mounting plugin MagicLeap
LogPluginManager: Mounting plugin MagicLeapLightEstimation
LogPluginManager: Mounting plugin MagicLeapMedia
LogPluginManager: Mounting plugin MagicLeapPassableWorld
LogPluginManager: Mounting plugin AndroidMedia
LogPluginManager: Mounting plugin MLSDK
LogPluginManager: Mounting plugin AvfMedia
LogPluginManager: Mounting plugin ImgMedia
LogPluginManager: Mounting plugin MediaCompositing
LogPluginManager: Mounting plugin MediaPlayerEditor
LogPluginManager: Mounting plugin TcpMessaging
LogPluginManager: Mounting plugin WmfMedia
LogPluginManager: Mounting plugin UdpMessaging
LogPluginManager: Mounting plugin ActorSequence
LogPluginManager: Mounting plugin WebMMedia
LogPluginManager: Mounting plugin LevelSequenceEditor
LogPluginManager: Mounting plugin MatineeToLevelSequence
LogPluginManager: Mounting plugin TemplateSequence
LogPluginManager: Mounting plugin OnlineSubsystem
LogPluginManager: Mounting plugin LauncherChunkInstaller
LogPluginManager: Mounting plugin ActorLayerUtilities
LogPluginManager: Mounting plugin OnlineSubsystemNull
LogPluginManager: Mounting plugin OnlineSubsystemUtils
LogPluginManager: Mounting plugin AndroidDeviceProfileSelector
LogPluginManager: Mounting plugin AndroidMoviePlayer
LogPluginManager: Mounting plugin AndroidPermission
LogPluginManager: Mounting plugin AppleImageUtils
LogPluginManager: Mounting plugin AppleMoviePlayer
LogPluginManager: Mounting plugin ArchVisCharacter
LogPluginManager: Mounting plugin AssetTags
LogPluginManager: Mounting plugin AudioCapture
LogPluginManager: Mounting plugin AudioSynesthesia
LogPluginManager: Mounting plugin CableComponent
LogPluginManager: Mounting plugin ChunkDownloader
LogPluginManager: Mounting plugin CustomMeshComponent
LogPluginManager: Mounting plugin EditableMesh
LogPluginManager: Mounting plugin ExampleDeviceProfileSelector
LogPluginManager: Mounting plugin GoogleCloudMessaging
LogPluginManager: Mounting plugin GooglePAD
LogPluginManager: Mounting plugin IOSDeviceProfileSelector
LogPluginManager: Mounting plugin LinuxDeviceProfileSelector
LogPluginManager: Mounting plugin LocationServicesBPLibrary
LogPluginManager: Mounting plugin MobilePatchingUtils
LogPluginManager: Mounting plugin OpenXR
LogPluginManager: Mounting plugin OpenXREyeTracker
LogPluginManager: Mounting plugin OpenXRHandTracking
LogPluginManager: Mounting plugin PhysXVehicles
LogPluginManager: Mounting plugin PostSplashScreen
LogPluginManager: Mounting plugin ProceduralMeshComponent
LogPluginManager: Mounting plugin PropertyAccessEditor
LogPluginManager: Mounting plugin RuntimePhysXCooking
LogPluginManager: Mounting plugin SignificanceManager
LogPluginManager: Mounting plugin SoundFields
LogPluginManager: Mounting plugin Synthesis
LogPluginManager: Mounting plugin WebMMoviePlayer
LogPluginManager: Mounting plugin WindowsMoviePlayer
LogPluginManager: Mounting plugin Takes
LogPluginManager: Mounting plugin ScreenshotTools
LogPluginManager: Mounting plugin LightPropagationVolume
LogPluginManager: Mounting plugin ContentBrowserAssetDataSource
LogPluginManager: Mounting plugin ContentBrowserFileDataSource
LogPluginManager: Mounting plugin ContentBrowserClassDataSource
LogPluginManager: Mounting plugin OnlineSubsystemGooglePlay
LogPluginManager: Mounting plugin OnlineSubsystemIOS
LogPluginManager: Mounting plugin OculusVR
LogPluginManager: Mounting plugin SteamVR
PixWinPlugin: PIX capture plugin failed to initialize! Check that the process is launched from PIX.
LogInit: Using libcurl 7.55.1-DEV
LogInit:  - built for x86_64-pc-win32
LogInit:  - supports SSL with OpenSSL/1.1.1
LogInit:  - supports HTTP deflate (compression) using libz 1.2.8
LogInit:  - other features:
LogInit:      CURL_VERSION_SSL
LogInit:      CURL_VERSION_LIBZ
LogInit:      CURL_VERSION_IPV6
LogInit:      CURL_VERSION_ASYNCHDNS
LogInit:      CURL_VERSION_LARGEFILE
LogInit:      CURL_VERSION_IDN
LogInit:  CurlRequestOptions (configurable via config and command line):
LogInit:  - bVerifyPeer = true  - Libcurl will verify peer certificate
LogInit:  - bUseHttpProxy = false  - Libcurl will NOT use HTTP proxy
LogInit:  - bDontReuseConnections = false  - Libcurl will reuse connections
LogInit:  - MaxHostConnections = 16  - Libcurl will limit the number of connections to a host
LogInit:  - LocalHostAddr = Default
LogInit:  - BufferSize = 65536
LogOnline: OSS: Creating online subsystem instance for: NULL
LogInit: WinSock: version 1.1 (2.2), MaxSocks=32767, MaxUdp=65467
LogOnline: OSS: TryLoadSubsystemAndSetDefault: Loaded subsystem for module [NULL]
LogOculusPluginWrapper: OculusPlugin initialized successfully
LogHMD: Failed initializing OVRPlugin 1.59.0
LogInit: Build: ++UE4+Release-4.27-CL-18319896
LogInit: Engine Version: 4.27.2-18319896+++UE4+Release-4.27
LogInit: Compatible Engine Version: 4.27.0-17155196+++UE4+Release-4.27
LogInit: Net CL: 17155196
LogInit: OS: Windows 10 (Release 2009) (), CPU: 11th Gen Intel(R) Core(TM) i5-11400H @ 2.70GHz, GPU: Intel(R) UHD Graphics
LogInit: Compiled (64-bit): Nov 30 2021 07:12:08
LogInit: Compiled with Visual C++: 19.24.28315.00
LogInit: Build Configuration: Development
LogInit: Branch Name: ++UE4+Release-4.27
LogInit: Command Line:  -AUTH_LOGIN=unused -AUTH_PASSWORD=01943a4fac004934b5892dd8299fa60c -AUTH_TYPE=exchangecode -epicapp=UE_4.27 -epicenv=Prod -EpicPortal -epicusername=Geranetor -epicuserid=80d74a91cbd847fe82e7b6a734b4aa1f -epiclocale=en -epicsandboxid=ue
LogInit: Base Directory: F:/Games/UE_4.27/Engine/Binaries/Win64/
LogInit: Allocator: TBB
LogInit: Installed Engine Build: 1
LogDevObjectVersion: Number of dev versions registered: 29
LogDevObjectVersion:   Dev-Blueprints (B0D832E4-1F89-4F0D-ACCF-7EB736FD4AA2): 10
LogDevObjectVersion:   Dev-Build (E1C64328-A22C-4D53-A36C-8E866417BD8C): 0
LogDevObjectVersion:   Dev-Core (375EC13C-06E4-48FB-B500-84F0262A717E): 4
LogDevObjectVersion:   Dev-Editor (E4B068ED-F494-42E9-A231-DA0B2E46BB41): 40
LogDevObjectVersion:   Dev-Framework (CFFC743F-43B0-4480-9391-14DF171D2073): 37
LogDevObjectVersion:   Dev-Mobile (B02B49B5-BB20-44E9-A304-32B752E40360): 3
LogDevObjectVersion:   Dev-Networking (A4E4105C-59A1-49B5-A7C5-40C4547EDFEE): 0
LogDevObjectVersion:   Dev-Online (39C831C9-5AE6-47DC-9A44-9C173E1C8E7C): 0
LogDevObjectVersion:   Dev-Physics (78F01B33-EBEA-4F98-B9B4-84EACCB95AA2): 14
LogDevObjectVersion:   Dev-Platform (6631380F-2D4D-43E0-8009-CF276956A95A): 0
LogDevObjectVersion:   Dev-Rendering (12F88B9F-8875-4AFC-A67C-D90C383ABD29): 45
LogDevObjectVersion:   Dev-Sequencer (7B5AE74C-D270-4C10-A958-57980B212A5A): 13
LogDevObjectVersion:   Dev-VR (D7296918-1DD6-4BDD-9DE2-64A83CC13884): 3
LogDevObjectVersion:   Dev-LoadTimes (C2A15278-BFE7-4AFE-6C17-90FF531DF755): 1
LogDevObjectVersion:   Private-Geometry (6EACA3D4-40EC-4CC1-B786-8BED09428FC5): 3
LogDevObjectVersion:   Dev-AnimPhys (29E575DD-E0A3-4627-9D10-D276232CDCEA): 17
LogDevObjectVersion:   Dev-Anim (AF43A65D-7FD3-4947-9873-3E8ED9C1BB05): 15
LogDevObjectVersion:   Dev-ReflectionCapture (6B266CEC-1EC7-4B8F-A30B-E4D90942FC07): 1
LogDevObjectVersion:   Dev-Automation (0DF73D61-A23F-47EA-B727-89E90C41499A): 1
LogDevObjectVersion:   FortniteMain (601D1886-AC64-4F84-AA16-D3DE0DEAC7D6): 47
LogDevObjectVersion:   FortniteRelease (E7086368-6B23-4C58-8439-1B7016265E91): 1
LogDevObjectVersion:   Dev-Enterprise (9DFFBCD6-494F-0158-E221-12823C92A888): 10
LogDevObjectVersion:   Dev-Niagara (F2AED0AC-9AFE-416F-8664-AA7FFA26D6FC): 1
LogDevObjectVersion:   Dev-Destruction (174F1F0B-B4C6-45A5-B13F-2EE8D0FB917D): 10
LogDevObjectVersion:   Dev-Physics-Ext (35F94A83-E258-406C-A318-09F59610247C): 41
LogDevObjectVersion:   Dev-PhysicsMaterial-Chaos (B68FC16E-8B1B-42E2-B453-215C058844FE): 1
LogDevObjectVersion:   Dev-CineCamera (B2E18506-4273-CFC2-A54E-F4BB758BBA07): 1
LogDevObjectVersion:   Dev-VirtualProduction (64F58936-FD1B-42BA-BA96-7289D5D0FA4E): 1
LogDevObjectVersion:   Dev-MediaFramework (6F0ED827-A609-4895-9C91-998D90180EA4): 2
LogInit: Presizing for max 25165824 objects, including 0 objects not considered by GC, pre-allocating 0 bytes for permanent pool.
LogConfig: Applying CVar settings from Section [/Script/Engine.StreamingSettings] File [F:/Proyectos UE 4.27/TasteOfMadness/TasteOfMadness/Saved/Config/Windows/Engine.ini]
LogConfig: Setting CVar [[s.MinBulkDataSizeForAsyncLoading:131072]]
LogConfig: Setting CVar [[s.AsyncLoadingThreadEnabled:0]]
LogConfig: Setting CVar [[s.EventDrivenLoaderEnabled:1]]
LogConfig: Setting CVar [[s.WarnIfTimeLimitExceeded:0]]
LogConfig: Setting CVar [[s.TimeLimitExceededMultiplier:1.5]]
LogConfig: Setting CVar [[s.TimeLimitExceededMinTime:0.005]]
LogConfig: Setting CVar [[s.UseBackgroundLevelStreaming:1]]
LogConfig: Setting CVar [[s.PriorityAsyncLoadingExtraTime:15.0]]
LogConfig: Setting CVar [[s.LevelStreamingActorsUpdateTimeLimit:5.0]]
LogConfig: Setting CVar [[s.PriorityLevelStreamingActorsUpdateExtraTime:5.0]]
LogConfig: Setting CVar [[s.LevelStreamingComponentsRegistrationGranularity:10]]
LogConfig: Setting CVar [[s.UnregisterComponentsTimeLimit:1.0]]
LogConfig: Setting CVar [[s.LevelStreamingComponentsUnregistrationGranularity:5]]
LogConfig: Setting CVar [[s.FlushStreamingOnExit:1]]
LogInit: Object subsystem initialized
LogConfig: Setting CVar [[con.DebugEarlyDefault:1]]
LogConfig: Setting CVar [[r.setres:1280x720]]
[2025.09.30-22.53.41:385][  0]LogConfig: Setting CVar [[r.VSync:0]]
[2025.09.30-22.53.41:385][  0]LogConfig: Setting CVar [[r.RHICmdBypass:0]]
[2025.09.30-22.53.41:385][  0]LogConfig: Applying CVar settings from Section [/Script/Engine.RendererSettings] File [F:/Proyectos UE 4.27/TasteOfMadness/TasteOfMadness/Saved/Config/Windows/Engine.ini]
[2025.09.30-22.53.41:385][  0]LogConfig: Setting CVar [[r.GPUCrashDebugging:0]]
[2025.09.30-22.53.41:385][  0]LogConfig: Applying CVar settings from Section [/Script/Engine.RendererOverrideSettings] File [F:/Proyectos UE 4.27/TasteOfMadness/TasteOfMadness/Saved/Config/Windows/Engine.ini]
[2025.09.30-22.53.41:385][  0]LogConfig: Applying CVar settings from Section [/Script/Engine.StreamingSettings] File [F:/Proyectos UE 4.27/TasteOfMadness/TasteOfMadness/Saved/Config/Windows/Engine.ini]
[2025.09.30-22.53.41:385][  0]LogConfig: Setting CVar [[s.MinBulkDataSizeForAsyncLoading:131072]]
[2025.09.30-22.53.41:385][  0]LogConfig: Setting CVar [[s.AsyncLoadingThreadEnabled:0]]
[2025.09.30-22.53.41:385][  0]LogConfig: Setting CVar [[s.EventDrivenLoaderEnabled:1]]
[2025.09.30-22.53.41:385][  0]LogConfig: Setting CVar [[s.WarnIfTimeLimitExceeded:0]]
[2025.09.30-22.53.41:385][  0]LogConfig: Setting CVar [[s.TimeLimitExceededMultiplier:1.5]]
[2025.09.30-22.53.41:385][  0]LogConfig: Setting CVar [[s.TimeLimitExceededMinTime:0.005]]
[2025.09.30-22.53.41:385][  0]LogConfig: Setting CVar [[s.UseBackgroundLevelStreaming:1]]
[2025.09.30-22.53.41:385][  0]LogConfig: Setting CVar [[s.PriorityAsyncLoadingExtraTime:15.0]]
[2025.09.30-22.53.41:385][  0]LogConfig: Setting CVar [[s.LevelStreamingActorsUpdateTimeLimit:5.0]]
[2025.09.30-22.53.41:385][  0]LogConfig: Setting CVar [[s.PriorityLevelStreamingActorsUpdateExtraTime:5.0]]
[2025.09.30-22.53.41:385][  0]LogConfig: Setting CVar [[s.LevelStreamingComponentsRegistrationGranularity:10]]
[2025.09.30-22.53.41:385][  0]LogConfig: Setting CVar [[s.UnregisterComponentsTimeLimit:1.0]]
[2025.09.30-22.53.41:385][  0]LogConfig: Setting CVar [[s.LevelStreamingComponentsUnregistrationGranularity:5]]
[2025.09.30-22.53.41:385][  0]LogConfig: Setting CVar [[s.FlushStreamingOnExit:1]]
[2025.09.30-22.53.41:385][  0]LogConfig: Applying CVar settings from Section [/Script/Engine.GarbageCollectionSettings] File [F:/Proyectos UE 4.27/TasteOfMadness/TasteOfMadness/Saved/Config/Windows/Engine.ini]
[2025.09.30-22.53.41:386][  0]LogConfig: Setting CVar [[gc.MaxObjectsNotConsideredByGC:1]]
[2025.09.30-22.53.41:386][  0]LogConfig: Setting CVar [[gc.SizeOfPermanentObjectPool:0]]
[2025.09.30-22.53.41:386][  0]LogConfig: Setting CVar [[gc.FlushStreamingOnGC:0]]
[2025.09.30-22.53.41:386][  0]LogConfig: Setting CVar [[gc.NumRetriesBeforeForcingGC:10]]
[2025.09.30-22.53.41:386][  0]LogConfig: Setting CVar [[gc.AllowParallelGC:1]]
[2025.09.30-22.53.41:386][  0]LogConfig: Setting CVar [[gc.TimeBetweenPurgingPendingKillObjects:61.1]]
[2025.09.30-22.53.41:386][  0]LogConfig: Setting CVar [[gc.MaxObjectsInEditor:25165824]]
[2025.09.30-22.53.41:386][  0]LogConfig: Setting CVar [[gc.IncrementalBeginDestroyEnabled:1]]
[2025.09.30-22.53.41:386][  0]LogConfig: Setting CVar [[gc.CreateGCClusters:1]]
[2025.09.30-22.53.41:386][  0]LogConfig: Setting CVar [[gc.MinGCClusterSize:5]]
[2025.09.30-22.53.41:386][  0]LogConfig: Setting CVar [[gc.ActorClusteringEnabled:0]]
[2025.09.30-22.53.41:386][  0]LogConfig: Setting CVar [[gc.BlueprintClusteringEnabled:0]]
[2025.09.30-22.53.41:386][  0]LogConfig: Setting CVar [[gc.UseDisregardForGCOnDedicatedServers:0]]
[2025.09.30-22.53.41:386][  0]LogConfig: Setting CVar [[gc.MultithreadedDestructionEnabled:1]]
[2025.09.30-22.53.41:386][  0]LogConfig: Applying CVar settings from Section [/Script/Engine.NetworkSettings] File [F:/Proyectos UE 4.27/TasteOfMadness/TasteOfMadness/Saved/Config/Windows/Engine.ini]
[2025.09.30-22.53.41:386][  0]LogConfig: Applying CVar settings from Section [/Script/UnrealEd.CookerSettings] File [F:/Proyectos UE 4.27/TasteOfMadness/TasteOfMadness/Saved/Config/Windows/Engine.ini]
[2025.09.30-22.53.41:390][  0]LogConfig: Applying CVar settings from Section [ViewDistanceQuality@3] File [F:/Proyectos UE 4.27/TasteOfMadness/TasteOfMadness/Saved/Config/Windows/Scalability.ini]
[2025.09.30-22.53.41:390][  0]LogConfig: Setting CVar [[r.SkeletalMeshLODBias:0]]
[2025.09.30-22.53.41:390][  0]LogConfig: Setting CVar [[r.ViewDistanceScale:1.0]]
[2025.09.30-22.53.41:390][  0]LogConfig: Applying CVar settings from Section [AntiAliasingQuality@3] File [F:/Proyectos UE 4.27/TasteOfMadness/TasteOfMadness/Saved/Config/Windows/Scalability.ini]
[2025.09.30-22.53.41:390][  0]LogConfig: Setting CVar [[r.PostProcessAAQuality:4]]
[2025.09.30-22.53.41:390][  0]LogConfig: Applying CVar settings from Section [ShadowQuality@3] File [F:/Proyectos UE 4.27/TasteOfMadness/TasteOfMadness/Saved/Config/Windows/Scalability.ini]
[2025.09.30-22.53.41:390][  0]LogConfig: Setting CVar [[r.LightFunctionQuality:1]]
[2025.09.30-22.53.41:390][  0]LogConfig: Setting CVar [[r.ShadowQuality:5]]
[2025.09.30-22.53.41:390][  0]LogConfig: Setting CVar [[r.Shadow.CSM.MaxCascades:10]]
[2025.09.30-22.53.41:390][  0]LogConfig: Setting CVar [[r.Shadow.MaxResolution:2048]]
[2025.09.30-22.53.41:390][  0]LogConfig: Setting CVar [[r.Shadow.MaxCSMResolution:2048]]
[2025.09.30-22.53.41:390][  0]LogConfig: Setting CVar [[r.Shadow.RadiusThreshold:0.01]]
[2025.09.30-22.53.41:390][  0]LogConfig: Setting CVar [[r.Shadow.DistanceScale:1.0]]
[2025.09.30-22.53.41:390][  0]LogConfig: Setting CVar [[r.Shadow.CSM.TransitionScale:1.0]]
[2025.09.30-22.53.41:390][  0]LogConfig: Setting CVar [[r.Shadow.PreShadowResolutionFactor:1.0]]
[2025.09.30-22.53.41:390][  0]LogConfig: Setting CVar [[r.DistanceFieldShadowing:1]]
[2025.09.30-22.53.41:390][  0]LogConfig: Setting CVar [[r.DistanceFieldAO:1]]
[2025.09.30-22.53.41:390][  0]LogConfig: Setting CVar [[r.AOQuality:2]]
[2025.09.30-22.53.41:390][  0]LogConfig: Setting CVar [[r.VolumetricFog:1]]
[2025.09.30-22.53.41:390][  0]LogConfig: Setting CVar [[r.VolumetricFog.GridPixelSize:8]]
[2025.09.30-22.53.41:390][  0]LogConfig: Setting CVar [[r.VolumetricFog.GridSizeZ:128]]
[2025.09.30-22.53.41:390][  0]LogConfig: Setting CVar [[r.VolumetricFog.HistoryMissSupersampleCount:4]]
[2025.09.30-22.53.41:390][  0]LogConfig: Setting CVar [[r.LightMaxDrawDistanceScale:1]]
[2025.09.30-22.53.41:390][  0]LogConfig: Setting CVar [[r.CapsuleShadows:1]]
[2025.09.30-22.53.41:390][  0]LogConfig: Applying CVar settings from Section [PostProcessQuality@3] File [F:/Proyectos UE 4.27/TasteOfMadness/TasteOfMadness/Saved/Config/Windows/Scalability.ini]
[2025.09.30-22.53.41:390][  0]LogConfig: Setting CVar [[r.MotionBlurQuality:4]]
[2025.09.30-22.53.41:390][  0]LogConfig: Setting CVar [[r.AmbientOcclusionMipLevelFactor:0.4]]
[2025.09.30-22.53.41:390][  0]LogConfig: Setting CVar [[r.AmbientOcclusionMaxQuality:100]]
[2025.09.30-22.53.41:390][  0]LogConfig: Setting CVar [[r.AmbientOcclusionLevels:-1]]
[2025.09.30-22.53.41:391][  0]LogConfig: Setting CVar [[r.AmbientOcclusionRadiusScale:1.0]]
[2025.09.30-22.53.41:391][  0]LogConfig: Setting CVar [[r.DepthOfFieldQuality:2]]
[2025.09.30-22.53.41:391][  0]LogConfig: Setting CVar [[r.RenderTargetPoolMin:400]]
[2025.09.30-22.53.41:391][  0]LogConfig: Setting CVar [[r.LensFlareQuality:2]]
[2025.09.30-22.53.41:391][  0]LogConfig: Setting CVar [[r.SceneColorFringeQuality:1]]
[2025.09.30-22.53.41:391][  0]LogConfig: Setting CVar [[r.EyeAdaptationQuality:2]]
[2025.09.30-22.53.41:391][  0]LogConfig: Setting CVar [[r.BloomQuality:5]]
[2025.09.30-22.53.41:391][  0]LogConfig: Setting CVar [[r.FastBlurThreshold:100]]
[2025.09.30-22.53.41:391][  0]LogConfig: Setting CVar [[r.Upscale.Quality:3]]
[2025.09.30-22.53.41:391][  0]LogConfig: Setting CVar [[r.Tonemapper.GrainQuantization:1]]
[2025.09.30-22.53.41:391][  0]LogConfig: Setting CVar [[r.LightShaftQuality:1]]
[2025.09.30-22.53.41:391][  0]LogConfig: Setting CVar [[r.Filter.SizeScale:1]]
[2025.09.30-22.53.41:391][  0]LogConfig: Setting CVar [[r.Tonemapper.Quality:5]]
[2025.09.30-22.53.41:391][  0]LogConfig: Setting CVar [[r.DOF.Gather.AccumulatorQuality:1        ; higher gathering accumulator quality]]
[2025.09.30-22.53.41:391][  0]LogConfig: Setting CVar [[r.DOF.Gather.PostfilterMethod:1          ; Median3x3 postfilering method]]
[2025.09.30-22.53.41:391][  0]LogConfig: Setting CVar [[r.DOF.Gather.EnableBokehSettings:0       ; no bokeh simulation when gathering]]
[2025.09.30-22.53.41:391][  0]LogConfig: Setting CVar [[r.DOF.Gather.RingCount:4                 ; medium number of samples when gathering]]
[2025.09.30-22.53.41:391][  0]LogConfig: Setting CVar [[r.DOF.Scatter.ForegroundCompositing:1    ; additive foreground scattering]]
[2025.09.30-22.53.41:391][  0]LogConfig: Setting CVar [[r.DOF.Scatter.BackgroundCompositing:2    ; additive background scattering]]
[2025.09.30-22.53.41:391][  0]LogConfig: Setting CVar [[r.DOF.Scatter.EnableBokehSettings:1      ; bokeh simulation when scattering]]
[2025.09.30-22.53.41:391][  0]LogConfig: Setting CVar [[r.DOF.Scatter.MaxSpriteRatio:0.1         ; only a maximum of 10% of scattered bokeh]]
[2025.09.30-22.53.41:391][  0]LogConfig: Setting CVar [[r.DOF.Recombine.Quality:1                ; cheap slight out of focus]]
[2025.09.30-22.53.41:391][  0]LogConfig: Setting CVar [[r.DOF.Recombine.EnableBokehSettings:0    ; no bokeh simulation on slight out of focus]]
[2025.09.30-22.53.41:391][  0]LogConfig: Setting CVar [[r.DOF.TemporalAAQuality:1                ; more stable temporal accumulation]]
[2025.09.30-22.53.41:391][  0]LogConfig: Setting CVar [[r.DOF.Kernel.MaxForegroundRadius:0.025]]
[2025.09.30-22.53.41:391][  0]LogConfig: Setting CVar [[r.DOF.Kernel.MaxBackgroundRadius:0.025]]
[2025.09.30-22.53.41:391][  0]LogConfig: Applying CVar settings from Section [TextureQuality@3] File [F:/Proyectos UE 4.27/TasteOfMadness/TasteOfMadness/Saved/Config/Windows/Scalability.ini]
[2025.09.30-22.53.41:391][  0]LogConfig: Setting CVar [[r.Streaming.MipBias:0]]
[2025.09.30-22.53.41:391][  0]LogConfig: Setting CVar [[r.Streaming.AmortizeCPUToGPUCopy:0]]
[2025.09.30-22.53.41:391][  0]LogConfig: Setting CVar [[r.Streaming.MaxNumTexturesToStreamPerFrame:0]]
[2025.09.30-22.53.41:391][  0]LogConfig: Setting CVar [[r.Streaming.Boost:1]]
[2025.09.30-22.53.41:391][  0]LogConfig: Setting CVar [[r.MaxAnisotropy:8]]
[2025.09.30-22.53.41:391][  0]LogConfig: Setting CVar [[r.VT.MaxAnisotropy:8]]
[2025.09.30-22.53.41:391][  0]LogConfig: Setting CVar [[r.Streaming.LimitPoolSizeToVRAM:0]]
[2025.09.30-22.53.41:391][  0]LogConfig: Setting CVar [[r.Streaming.PoolSize:1000]]
[2025.09.30-22.53.41:391][  0]LogConfig: Setting CVar [[r.Streaming.MaxEffectiveScreenSize:0]]
[2025.09.30-22.53.41:391][  0]LogConfig: Applying CVar settings from Section [EffectsQuality@3] File [F:/Proyectos UE 4.27/TasteOfMadness/TasteOfMadness/Saved/Config/Windows/Scalability.ini]
[2025.09.30-22.53.41:391][  0]LogConfig: Setting CVar [[r.TranslucencyLightingVolumeDim:64]]
[2025.09.30-22.53.41:391][  0]LogConfig: Setting CVar [[r.RefractionQuality:2]]
[2025.09.30-22.53.41:391][  0]LogConfig: Setting CVar [[r.SSR.Quality:3]]
[2025.09.30-22.53.41:391][  0]LogConfig: Setting CVar [[r.SSR.HalfResSceneColor:0]]
[2025.09.30-22.53.41:391][  0]LogConfig: Setting CVar [[r.SceneColorFormat:4]]
[2025.09.30-22.53.41:391][  0]LogConfig: Setting CVar [[r.DetailMode:2]]
[2025.09.30-22.53.41:391][  0]LogConfig: Setting CVar [[r.TranslucencyVolumeBlur:1]]
[2025.09.30-22.53.41:391][  0]LogConfig: Setting CVar [[r.MaterialQualityLevel:1 ; High quality]]
[2025.09.30-22.53.41:391][  0]LogConfig: Setting CVar [[r.AnisotropicMaterials:1]]
[2025.09.30-22.53.41:391][  0]LogConfig: Setting CVar [[r.SSS.Scale:1]]
[2025.09.30-22.53.41:391][  0]LogConfig: Setting CVar [[r.SSS.SampleSet:2]]
[2025.09.30-22.53.41:391][  0]LogConfig: Setting CVar [[r.SSS.Quality:1]]
[2025.09.30-22.53.41:391][  0]LogConfig: Setting CVar [[r.SSS.HalfRes:0]]
[2025.09.30-22.53.41:391][  0]LogConfig: Setting CVar [[r.SSGI.Quality:3]]
[2025.09.30-22.53.41:391][  0]LogConfig: Setting CVar [[r.EmitterSpawnRateScale:1.0]]
[2025.09.30-22.53.41:391][  0]LogConfig: Setting CVar [[r.ParticleLightQuality:2]]
[2025.09.30-22.53.41:391][  0]LogConfig: Setting CVar [[r.SkyAtmosphere.AerialPerspectiveLUT.FastApplyOnOpaque:1 ; Always have FastSkyLUT 1 in this case to avoid wrong sky]]
[2025.09.30-22.53.41:391][  0]LogConfig: Setting CVar [[r.SkyAtmosphere.AerialPerspectiveLUT.SampleCountMaxPerSlice:4]]
[2025.09.30-22.53.41:391][  0]LogConfig: Setting CVar [[r.SkyAtmosphere.AerialPerspectiveLUT.DepthResolution:16.0]]
[2025.09.30-22.53.41:391][  0]LogConfig: Setting CVar [[r.SkyAtmosphere.FastSkyLUT:1]]
[2025.09.30-22.53.41:391][  0]LogConfig: Setting CVar [[r.SkyAtmosphere.FastSkyLUT.SampleCountMin:4.0]]
[2025.09.30-22.53.41:391][  0]LogConfig: Setting CVar [[r.SkyAtmosphere.FastSkyLUT.SampleCountMax:128.0]]
[2025.09.30-22.53.41:391][  0]LogConfig: Setting CVar [[r.SkyAtmosphere.SampleCountMin:4.0]]
[2025.09.30-22.53.41:391][  0]LogConfig: Setting CVar [[r.SkyAtmosphere.SampleCountMax:128.0]]
[2025.09.30-22.53.41:391][  0]LogConfig: Setting CVar [[r.SkyAtmosphere.TransmittanceLUT.UseSmallFormat:0]]
[2025.09.30-22.53.41:391][  0]LogConfig: Setting CVar [[r.SkyAtmosphere.TransmittanceLUT.SampleCount:10.0]]
[2025.09.30-22.53.41:391][  0]LogConfig: Setting CVar [[r.SkyAtmosphere.MultiScatteringLUT.SampleCount:15.0]]
[2025.09.30-22.53.41:391][  0]LogConfig: Setting CVar [[r.SkyLight.RealTimeReflectionCapture:1]]
[2025.09.30-22.53.41:391][  0]LogConfig: Applying CVar settings from Section [FoliageQuality@3] File [F:/Proyectos UE 4.27/TasteOfMadness/TasteOfMadness/Saved/Config/Windows/Scalability.ini]
[2025.09.30-22.53.41:391][  0]LogConfig: Setting CVar [[foliage.DensityScale:1.0]]
[2025.09.30-22.53.41:391][  0]LogConfig: Setting CVar [[grass.DensityScale:1.0]]
[2025.09.30-22.53.41:391][  0]LogConfig: Applying CVar settings from Section [ShadingQuality@3] File [F:/Proyectos UE 4.27/TasteOfMadness/TasteOfMadness/Saved/Config/Windows/Scalability.ini]
[2025.09.30-22.53.41:391][  0]LogConfig: Setting CVar [[r.HairStrands.SkyLighting.IntegrationType:2]]
[2025.09.30-22.53.41:391][  0]LogConfig: Setting CVar [[r.HairStrands.SkyAO.SampleCount:4]]
[2025.09.30-22.53.41:391][  0]LogConfig: Setting CVar [[r.HairStrands.Visibility.MSAA.SamplePerPixel:4]]
[2025.09.30-22.53.41:391][  0]LogInit: Selected Device Profile: [Windows]
[2025.09.30-22.53.41:391][  0]LogInit: Applying CVar settings loaded from the selected device profile: [Windows]
[2025.09.30-22.53.41:391][  0]LogHAL: Display: Platform has ~ 32 GB [34115739648 / 34359738368 / 32], which maps to Largest [LargestMinGB=32, LargerMinGB=12, DefaultMinGB=8, SmallerMinGB=6, SmallestMinGB=0)
[2025.09.30-22.53.41:391][  0]LogInit: Going up to parent DeviceProfile []
[2025.09.30-22.53.41:391][  0]LogConfig: Applying CVar settings from Section [ViewDistanceQuality@3] File [F:/Proyectos UE 4.27/TasteOfMadness/TasteOfMadness/Saved/Config/Windows/Scalability.ini]
[2025.09.30-22.53.41:391][  0]LogConfig: Setting CVar [[r.SkeletalMeshLODBias:0]]
[2025.09.30-22.53.41:391][  0]LogConfig: Setting CVar [[r.ViewDistanceScale:1.0]]
[2025.09.30-22.53.41:391][  0]LogConfig: Applying CVar settings from Section [AntiAliasingQuality@3] File [F:/Proyectos UE 4.27/TasteOfMadness/TasteOfMadness/Saved/Config/Windows/Scalability.ini]
[2025.09.30-22.53.41:391][  0]LogConfig: Setting CVar [[r.PostProcessAAQuality:4]]
[2025.09.30-22.53.41:391][  0]LogConfig: Applying CVar settings from Section [ShadowQuality@3] File [F:/Proyectos UE 4.27/TasteOfMadness/TasteOfMadness/Saved/Config/Windows/Scalability.ini]
[2025.09.30-22.53.41:391][  0]LogConfig: Setting CVar [[r.LightFunctionQuality:1]]
[2025.09.30-22.53.41:391][  0]LogConfig: Setting CVar [[r.ShadowQuality:5]]
[2025.09.30-22.53.41:391][  0]LogConfig: Setting CVar [[r.Shadow.CSM.MaxCascades:10]]
[2025.09.30-22.53.41:391][  0]LogConfig: Setting CVar [[r.Shadow.MaxResolution:2048]]
[2025.09.30-22.53.41:391][  0]LogConfig: Setting CVar [[r.Shadow.MaxCSMResolution:2048]]
[2025.09.30-22.53.41:391][  0]LogConfig: Setting CVar [[r.Shadow.RadiusThreshold:0.01]]
[2025.09.30-22.53.41:391][  0]LogConfig: Setting CVar [[r.Shadow.DistanceScale:1.0]]
[2025.09.30-22.53.41:391][  0]LogConfig: Setting CVar [[r.Shadow.CSM.TransitionScale:1.0]]
[2025.09.30-22.53.41:391][  0]LogConfig: Setting CVar [[r.Shadow.PreShadowResolutionFactor:1.0]]
[2025.09.30-22.53.41:391][  0]LogConfig: Setting CVar [[r.DistanceFieldShadowing:1]]
[2025.09.30-22.53.41:391][  0]LogConfig: Setting CVar [[r.DistanceFieldAO:1]]
[2025.09.30-22.53.41:391][  0]LogConfig: Setting CVar [[r.AOQuality:2]]
[2025.09.30-22.53.41:391][  0]LogConfig: Setting CVar [[r.VolumetricFog:1]]
[2025.09.30-22.53.41:391][  0]LogConfig: Setting CVar [[r.VolumetricFog.GridPixelSize:8]]
[2025.09.30-22.53.41:391][  0]LogConfig: Setting CVar [[r.VolumetricFog.GridSizeZ:128]]
[2025.09.30-22.53.41:391][  0]LogConfig: Setting CVar [[r.VolumetricFog.HistoryMissSupersampleCount:4]]
[2025.09.30-22.53.41:391][  0]LogConfig: Setting CVar [[r.LightMaxDrawDistanceScale:1]]
[2025.09.30-22.53.41:391][  0]LogConfig: Setting CVar [[r.CapsuleShadows:1]]
[2025.09.30-22.53.41:391][  0]LogConfig: Applying CVar settings from Section [PostProcessQuality@3] File [F:/Proyectos UE 4.27/TasteOfMadness/TasteOfMadness/Saved/Config/Windows/Scalability.ini]
[2025.09.30-22.53.41:391][  0]LogConfig: Setting CVar [[r.MotionBlurQuality:4]]
[2025.09.30-22.53.41:391][  0]LogConfig: Setting CVar [[r.AmbientOcclusionMipLevelFactor:0.4]]
[2025.09.30-22.53.41:391][  0]LogConfig: Setting CVar [[r.AmbientOcclusionMaxQuality:100]]
[2025.09.30-22.53.41:391][  0]LogConfig: Setting CVar [[r.AmbientOcclusionLevels:-1]]
[2025.09.30-22.53.41:391][  0]LogConfig: Setting CVar [[r.AmbientOcclusionRadiusScale:1.0]]
[2025.09.30-22.53.41:391][  0]LogConfig: Setting CVar [[r.DepthOfFieldQuality:2]]
[2025.09.30-22.53.41:391][  0]LogConfig: Setting CVar [[r.RenderTargetPoolMin:400]]
[2025.09.30-22.53.41:391][  0]LogConfig: Setting CVar [[r.LensFlareQuality:2]]
[2025.09.30-22.53.41:391][  0]LogConfig: Setting CVar [[r.SceneColorFringeQuality:1]]
[2025.09.30-22.53.41:391][  0]LogConfig: Setting CVar [[r.EyeAdaptationQuality:2]]
[2025.09.30-22.53.41:392][  0]LogConfig: Setting CVar [[r.BloomQuality:5]]
[2025.09.30-22.53.41:392][  0]LogConfig: Setting CVar [[r.FastBlurThreshold:100]]
[2025.09.30-22.53.41:392][  0]LogConfig: Setting CVar [[r.Upscale.Quality:3]]
[2025.09.30-22.53.41:392][  0]LogConfig: Setting CVar [[r.Tonemapper.GrainQuantization:1]]
[2025.09.30-22.53.41:392][  0]LogConfig: Setting CVar [[r.LightShaftQuality:1]]
[2025.09.30-22.53.41:392][  0]LogConfig: Setting CVar [[r.Filter.SizeScale:1]]
[2025.09.30-22.53.41:392][  0]LogConfig: Setting CVar [[r.Tonemapper.Quality:5]]
[2025.09.30-22.53.41:392][  0]LogConfig: Setting CVar [[r.DOF.Gather.AccumulatorQuality:1        ; higher gathering accumulator quality]]
[2025.09.30-22.53.41:392][  0]LogConfig: Setting CVar [[r.DOF.Gather.PostfilterMethod:1          ; Median3x3 postfilering method]]
[2025.09.30-22.53.41:392][  0]LogConfig: Setting CVar [[r.DOF.Gather.EnableBokehSettings:0       ; no bokeh simulation when gathering]]
[2025.09.30-22.53.41:392][  0]LogConfig: Setting CVar [[r.DOF.Gather.RingCount:4                 ; medium number of samples when gathering]]
[2025.09.30-22.53.41:392][  0]LogConfig: Setting CVar [[r.DOF.Scatter.ForegroundCompositing:1    ; additive foreground scattering]]
[2025.09.30-22.53.41:392][  0]LogConfig: Setting CVar [[r.DOF.Scatter.BackgroundCompositing:2    ; additive background scattering]]
[2025.09.30-22.53.41:392][  0]LogConfig: Setting CVar [[r.DOF.Scatter.EnableBokehSettings:1      ; bokeh simulation when scattering]]
[2025.09.30-22.53.41:392][  0]LogConfig: Setting CVar [[r.DOF.Scatter.MaxSpriteRatio:0.1         ; only a maximum of 10% of scattered bokeh]]
[2025.09.30-22.53.41:392][  0]LogConfig: Setting CVar [[r.DOF.Recombine.Quality:1                ; cheap slight out of focus]]
[2025.09.30-22.53.41:392][  0]LogConfig: Setting CVar [[r.DOF.Recombine.EnableBokehSettings:0    ; no bokeh simulation on slight out of focus]]
[2025.09.30-22.53.41:392][  0]LogConfig: Setting CVar [[r.DOF.TemporalAAQuality:1                ; more stable temporal accumulation]]
[2025.09.30-22.53.41:392][  0]LogConfig: Setting CVar [[r.DOF.Kernel.MaxForegroundRadius:0.025]]
[2025.09.30-22.53.41:392][  0]LogConfig: Setting CVar [[r.DOF.Kernel.MaxBackgroundRadius:0.025]]
[2025.09.30-22.53.41:392][  0]LogConfig: Applying CVar settings from Section [TextureQuality@3] File [F:/Proyectos UE 4.27/TasteOfMadness/TasteOfMadness/Saved/Config/Windows/Scalability.ini]
[2025.09.30-22.53.41:392][  0]LogConfig: Setting CVar [[r.Streaming.MipBias:0]]
[2025.09.30-22.53.41:392][  0]LogConfig: Setting CVar [[r.Streaming.AmortizeCPUToGPUCopy:0]]
[2025.09.30-22.53.41:392][  0]LogConfig: Setting CVar [[r.Streaming.MaxNumTexturesToStreamPerFrame:0]]
[2025.09.30-22.53.41:392][  0]LogConfig: Setting CVar [[r.Streaming.Boost:1]]
[2025.09.30-22.53.41:392][  0]LogConfig: Setting CVar [[r.MaxAnisotropy:8]]
[2025.09.30-22.53.41:392][  0]LogConfig: Setting CVar [[r.VT.MaxAnisotropy:8]]
[2025.09.30-22.53.41:392][  0]LogConfig: Setting CVar [[r.Streaming.LimitPoolSizeToVRAM:0]]
[2025.09.30-22.53.41:392][  0]LogConfig: Setting CVar [[r.Streaming.PoolSize:1000]]
[2025.09.30-22.53.41:392][  0]LogConfig: Setting CVar [[r.Streaming.MaxEffectiveScreenSize:0]]
[2025.09.30-22.53.41:392][  0]LogConfig: Applying CVar settings from Section [EffectsQuality@3] File [F:/Proyectos UE 4.27/TasteOfMadness/TasteOfMadness/Saved/Config/Windows/Scalability.ini]
[2025.09.30-22.53.41:392][  0]LogConfig: Setting CVar [[r.TranslucencyLightingVolumeDim:64]]
[2025.09.30-22.53.41:392][  0]LogConfig: Setting CVar [[r.RefractionQuality:2]]
[2025.09.30-22.53.41:392][  0]LogConfig: Setting CVar [[r.SSR.Quality:3]]
[2025.09.30-22.53.41:392][  0]LogConfig: Setting CVar [[r.SSR.HalfResSceneColor:0]]
[2025.09.30-22.53.41:392][  0]LogConfig: Setting CVar [[r.SceneColorFormat:4]]
[2025.09.30-22.53.41:392][  0]LogConfig: Setting CVar [[r.DetailMode:2]]
[2025.09.30-22.53.41:392][  0]LogConfig: Setting CVar [[r.TranslucencyVolumeBlur:1]]
[2025.09.30-22.53.41:392][  0]LogConfig: Setting CVar [[r.MaterialQualityLevel:1 ; High quality]]
[2025.09.30-22.53.41:392][  0]LogConfig: Setting CVar [[r.AnisotropicMaterials:1]]
[2025.09.30-22.53.41:392][  0]LogConfig: Setting CVar [[r.SSS.Scale:1]]
[2025.09.30-22.53.41:392][  0]LogConfig: Setting CVar [[r.SSS.SampleSet:2]]
[2025.09.30-22.53.41:392][  0]LogConfig: Setting CVar [[r.SSS.Quality:1]]
[2025.09.30-22.53.41:392][  0]LogConfig: Setting CVar [[r.SSS.HalfRes:0]]
[2025.09.30-22.53.41:392][  0]LogConfig: Setting CVar [[r.SSGI.Quality:3]]
[2025.09.30-22.53.41:392][  0]LogConfig: Setting CVar [[r.EmitterSpawnRateScale:1.0]]
[2025.09.30-22.53.41:392][  0]LogConfig: Setting CVar [[r.ParticleLightQuality:2]]
[2025.09.30-22.53.41:392][  0]LogConfig: Setting CVar [[r.SkyAtmosphere.AerialPerspectiveLUT.FastApplyOnOpaque:1 ; Always have FastSkyLUT 1 in this case to avoid wrong sky]]
[2025.09.30-22.53.41:392][  0]LogConfig: Setting CVar [[r.SkyAtmosphere.AerialPerspectiveLUT.SampleCountMaxPerSlice:4]]
[2025.09.30-22.53.41:392][  0]LogConfig: Setting CVar [[r.SkyAtmosphere.AerialPerspectiveLUT.DepthResolution:16.0]]
[2025.09.30-22.53.41:392][  0]LogConfig: Setting CVar [[r.SkyAtmosphere.FastSkyLUT:1]]
[2025.09.30-22.53.41:392][  0]LogConfig: Setting CVar [[r.SkyAtmosphere.FastSkyLUT.SampleCountMin:4.0]]
[2025.09.30-22.53.41:392][  0]LogConfig: Setting CVar [[r.SkyAtmosphere.FastSkyLUT.SampleCountMax:128.0]]
[2025.09.30-22.53.41:392][  0]LogConfig: Setting CVar [[r.SkyAtmosphere.SampleCountMin:4.0]]
[2025.09.30-22.53.41:392][  0]LogConfig: Setting CVar [[r.SkyAtmosphere.SampleCountMax:128.0]]
[2025.09.30-22.53.41:392][  0]LogConfig: Setting CVar [[r.SkyAtmosphere.TransmittanceLUT.UseSmallFormat:0]]
[2025.09.30-22.53.41:392][  0]LogConfig: Setting CVar [[r.SkyAtmosphere.TransmittanceLUT.SampleCount:10.0]]
[2025.09.30-22.53.41:392][  0]LogConfig: Setting CVar [[r.SkyAtmosphere.MultiScatteringLUT.SampleCount:15.0]]
[2025.09.30-22.53.41:392][  0]LogConfig: Setting CVar [[r.SkyLight.RealTimeReflectionCapture:1]]
[2025.09.30-22.53.41:392][  0]LogConfig: Applying CVar settings from Section [FoliageQuality@3] File [F:/Proyectos UE 4.27/TasteOfMadness/TasteOfMadness/Saved/Config/Windows/Scalability.ini]
[2025.09.30-22.53.41:392][  0]LogConfig: Setting CVar [[foliage.DensityScale:1.0]]
[2025.09.30-22.53.41:392][  0]LogConfig: Setting CVar [[grass.DensityScale:1.0]]
[2025.09.30-22.53.41:392][  0]LogConfig: Applying CVar settings from Section [ShadingQuality@3] File [F:/Proyectos UE 4.27/TasteOfMadness/TasteOfMadness/Saved/Config/Windows/Scalability.ini]
[2025.09.30-22.53.41:392][  0]LogConfig: Setting CVar [[r.HairStrands.SkyLighting.IntegrationType:2]]
[2025.09.30-22.53.41:392][  0]LogConfig: Setting CVar [[r.HairStrands.SkyAO.SampleCount:4]]
[2025.09.30-22.53.41:392][  0]LogConfig: Setting CVar [[r.HairStrands.Visibility.MSAA.SamplePerPixel:4]]
[2025.09.30-22.53.41:392][  0]LogConfig: Applying CVar settings from Section [Startup] File [../../../Engine/Config/ConsoleVariables.ini]
[2025.09.30-22.53.41:392][  0]LogConfig: Setting CVar [[net.UseAdaptiveNetUpdateFrequency:0]]
[2025.09.30-22.53.41:392][  0]LogConfig: Setting CVar [[p.chaos.AllowCreatePhysxBodies:1]]
[2025.09.30-22.53.41:392][  0]LogConfig: Setting CVar [[fx.SkipVectorVMBackendOptimizations:1]]
[2025.09.30-22.53.41:392][  0]LogConfig: Applying CVar settings from Section [ConsoleVariables] File [F:/Proyectos UE 4.27/TasteOfMadness/TasteOfMadness/Saved/Config/Windows/Engine.ini]
[2025.09.30-22.53.41:392][  0]LogConfig: Applying CVar settings from Section [ConsoleVariables] File [F:/Proyectos UE 4.27/TasteOfMadness/TasteOfMadness/Saved/Config/Windows/Editor.ini]
[2025.09.30-22.53.41:392][  0]LogInit: Computer: LEGIÓN_G
[2025.09.30-22.53.41:392][  0]LogInit: User: gerar
[2025.09.30-22.53.41:392][  0]LogInit: CPU Page size=4096, Cores=6
[2025.09.30-22.53.41:392][  0]LogInit: High frequency timer resolution =10.000000 MHz
[2025.09.30-22.53.41:393][  0]LogMemory: Memory total: Physical=31.8GB (32GB approx)
[2025.09.30-22.53.41:393][  0]LogMemory: Platform Memory Stats for Windows
[2025.09.30-22.53.41:393][  0]LogMemory: Process Physical Memory: 149.68 MB used, 149.68 MB peak
[2025.09.30-22.53.41:393][  0]LogMemory: Process Virtual Memory: 130.31 MB used, 130.31 MB peak
[2025.09.30-22.53.41:393][  0]LogMemory: Physical Memory: 12612.15 MB used,  19923.15 MB free, 32535.30 MB total
[2025.09.30-22.53.41:393][  0]LogMemory: Virtual Memory: 134195824.00 MB used,  21901.46 MB free, 134217728.00 MB total
[2025.09.30-22.53.41:399][  0]LogWindows: WindowsPlatformFeatures enabled
[2025.09.30-22.53.41:438][  0]LogInit: Physics initialised using underlying interface: PhysX
[2025.09.30-22.53.41:438][  0]LogInit: Overriding language with editor language configuration option (en).
[2025.09.30-22.53.41:438][  0]LogInit: Using OS detected locale (es-MX).
[2025.09.30-22.53.41:593][  0]LogInit: Setting process to per monitor DPI aware
[2025.09.30-22.53.41:610][  0]LogWindowsTextInputMethodSystem: Display: IME system deactivated.
[2025.09.30-22.53.41:623][  0]LogSlate: New Slate User Created.  User Index 0, Is Virtual User: 0
[2025.09.30-22.53.41:623][  0]LogSlate: Slate User Registered.  User Index 0, Is Virtual User: 0
[2025.09.30-22.53.41:773][  0]LogD3D11RHI: Loaded GFSDK_Aftermath_Lib.x64.dll
[2025.09.30-22.53.41:823][  0]LogHMD: Failed to initialize OpenVR with code 110
[2025.09.30-22.53.41:823][  0]LogD3D11RHI: D3D11 min allowed feature level: 11_0
[2025.09.30-22.53.41:823][  0]LogD3D11RHI: D3D11 max allowed feature level: 11_0
[2025.09.30-22.53.41:823][  0]LogD3D11RHI: D3D11 adapters:
[2025.09.30-22.53.41:981][  0]LogD3D11RHI:    0. 'NVIDIA GeForce RTX 3050 Ti Laptop GPU' (Feature Level 11_0)
[2025.09.30-22.53.41:981][  0]LogD3D11RHI:       3962/0/16267 MB DedicatedVideo/DedicatedSystem/SharedSystem, Outputs:1, VendorId:0x10de
[2025.09.30-22.53.42:036][  0]LogD3D11RHI:    1. 'Intel(R) UHD Graphics' (Feature Level 11_0)
[2025.09.30-22.53.42:036][  0]LogD3D11RHI:       128/0/16267 MB DedicatedVideo/DedicatedSystem/SharedSystem, Outputs:0, VendorId:0x8086
[2025.09.30-22.53.42:041][  0]LogD3D11RHI:    2. 'Microsoft Basic Render Driver' (Feature Level 11_0)
[2025.09.30-22.53.42:041][  0]LogD3D11RHI:       0/0/16267 MB DedicatedVideo/DedicatedSystem/SharedSystem, Outputs:0, VendorId:0x1414
[2025.09.30-22.53.42:041][  0]LogD3D11RHI: Chosen D3D11 Adapter:
[2025.09.30-22.53.42:041][  0]LogD3D11RHI:     Description : NVIDIA GeForce RTX 3050 Ti Laptop GPU
[2025.09.30-22.53.42:041][  0]LogD3D11RHI:     VendorId    : 10de
[2025.09.30-22.53.42:041][  0]LogD3D11RHI:     DeviceId    : 25e0
[2025.09.30-22.53.42:041][  0]LogD3D11RHI:     SubSysId    : 3e8b17aa
[2025.09.30-22.53.42:041][  0]LogD3D11RHI:     Revision    : 00a1
[2025.09.30-22.53.42:041][  0]LogD3D11RHI:     DedicatedVideoMemory : 4154458112 bytes
[2025.09.30-22.53.42:041][  0]LogD3D11RHI:     DedicatedSystemMemory : 0 bytes
[2025.09.30-22.53.42:041][  0]LogD3D11RHI:     SharedSystemMemory : 17057869824 bytes
[2025.09.30-22.53.42:041][  0]LogD3D11RHI:     AdapterLuid : 0 90531
[2025.09.30-22.53.42:048][  0]LogD3D11RHI: Creating new Direct3DDevice
[2025.09.30-22.53.42:048][  0]LogD3D11RHI:     GPU DeviceId: 0x25e0 (for the marketing name, search the web for "GPU Device Id")
[2025.09.30-22.53.42:048][  0]LogWindows: EnumDisplayDevices:
[2025.09.30-22.53.42:048][  0]LogWindows:    0. 'Intel(R) UHD Graphics' (P:1 D:1)
[2025.09.30-22.53.42:048][  0]LogWindows:    1. 'Intel(R) UHD Graphics' (P:0 D:0)
[2025.09.30-22.53.42:049][  0]LogWindows:    2. 'Intel(R) UHD Graphics' (P:0 D:0)
[2025.09.30-22.53.42:049][  0]LogWindows:    3. 'Intel(R) UHD Graphics' (P:0 D:0)
[2025.09.30-22.53.42:049][  0]LogWindows:    4. 'NVIDIA GeForce RTX 3050 Ti Laptop GPU' (P:0 D:0)
[2025.09.30-22.53.42:049][  0]LogWindows:    5. 'NVIDIA GeForce RTX 3050 Ti Laptop GPU' (P:0 D:0)
[2025.09.30-22.53.42:049][  0]LogWindows:    6. 'NVIDIA GeForce RTX 3050 Ti Laptop GPU' (P:0 D:0)
[2025.09.30-22.53.42:049][  0]LogWindows:    7. 'NVIDIA GeForce RTX 3050 Ti Laptop GPU' (P:0 D:0)
[2025.09.30-22.53.42:049][  0]LogWindows: DebugString: PrimaryIsNotTheChoosenAdapter PrimaryIsNotTheChoosenAdapter PrimaryIsNotTheChoosenAdapter PrimaryIsNotTheChoosenAdapter FoundDriverCount:4 
[2025.09.30-22.53.42:049][  0]LogD3D11RHI:     Adapter Name: NVIDIA GeForce RTX 3050 Ti Laptop GPU
[2025.09.30-22.53.42:049][  0]LogD3D11RHI:   Driver Version: 577.00 (internal:32.0.15.7700, unified:577.00)
[2025.09.30-22.53.42:049][  0]LogD3D11RHI:      Driver Date: 7-14-2025
[2025.09.30-22.53.42:049][  0]LogRHI: Texture pool is 2773 MB (70% of 3962 MB)
[2025.09.30-22.53.42:049][  0]LogD3D11RHI: Creating D3DDevice using adapter:
[2025.09.30-22.53.42:049][  0]LogD3D11RHI:     Description : NVIDIA GeForce RTX 3050 Ti Laptop GPU
[2025.09.30-22.53.42:049][  0]LogD3D11RHI:     VendorId    : 10de
[2025.09.30-22.53.42:049][  0]LogD3D11RHI:     DeviceId    : 25e0
[2025.09.30-22.53.42:049][  0]LogD3D11RHI:     SubSysId    : 3e8b17aa
[2025.09.30-22.53.42:049][  0]LogD3D11RHI:     Revision    : 00a1
[2025.09.30-22.53.42:049][  0]LogD3D11RHI:     DedicatedVideoMemory : 4154458112 bytes
[2025.09.30-22.53.42:050][  0]LogD3D11RHI:     DedicatedSystemMemory : 0 bytes
[2025.09.30-22.53.42:050][  0]LogD3D11RHI:     SharedSystemMemory : 17057869824 bytes
[2025.09.30-22.53.42:050][  0]LogD3D11RHI:     AdapterLuid : 0 90531
[2025.09.30-22.53.42:168][  0]LogD3D11RHI: RHI has support for 64 bit atomics
[2025.09.30-22.53.42:168][  0]LogD3D11RHI: Async texture creation enabled
[2025.09.30-22.53.42:168][  0]LogD3D11RHI: Array index from any shader is supported
[2025.09.30-22.53.42:184][  0]LogD3D11RHI: GPU Timing Frequency: 1000.000000 (Debug: 2 1)
[2025.09.30-22.53.42:213][  0]LogRHI: GeForceNow SDK initialized: 1
[2025.09.30-22.53.42:493][  0]LogTargetPlatformManager: Display: Loaded TargetPlatform 'AllDesktop'
[2025.09.30-22.53.42:509][  0]LogTargetPlatformManager: Display: Loaded TargetPlatform 'Android'
[2025.09.30-22.53.42:509][  0]LogTargetPlatformManager: Display: Loaded TargetPlatform 'Android_ASTC'
[2025.09.30-22.53.42:509][  0]LogTargetPlatformManager: Display: Loaded TargetPlatform 'Android_DXT'
[2025.09.30-22.53.42:509][  0]LogTargetPlatformManager: Display: Loaded TargetPlatform 'Android_ETC2'
[2025.09.30-22.53.42:509][  0]LogTargetPlatformManager: Display: Loaded TargetPlatform 'AndroidClient'
[2025.09.30-22.53.42:509][  0]LogTargetPlatformManager: Display: Loaded TargetPlatform 'Android_ASTCClient'
[2025.09.30-22.53.42:509][  0]LogTargetPlatformManager: Display: Loaded TargetPlatform 'Android_DXTClient'
[2025.09.30-22.53.42:509][  0]LogTargetPlatformManager: Display: Loaded TargetPlatform 'Android_ETC2Client'
[2025.09.30-22.53.42:509][  0]LogTargetPlatformManager: Display: Loaded TargetPlatform 'Android_Multi'
[2025.09.30-22.53.42:509][  0]LogTargetPlatformManager: Display: Loaded TargetPlatform 'Android_MultiClient'
[2025.09.30-22.53.42:527][  0]LogTargetPlatformManager: Display: Loaded TargetPlatform 'IOSClient'
[2025.09.30-22.53.42:527][  0]LogTargetPlatformManager: Display: Loaded TargetPlatform 'IOS'
[2025.09.30-22.53.42:535][  0]LogTargetPlatformManager: Display: Loaded TargetPlatform 'Linux'
[2025.09.30-22.53.42:539][  0]LogTargetPlatformManager: Display: Loaded TargetPlatform 'LinuxNoEditor'
[2025.09.30-22.53.42:543][  0]LogTargetPlatformManager: Display: Loaded TargetPlatform 'LinuxClient'
[2025.09.30-22.53.42:547][  0]LogTargetPlatformManager: Display: Loaded TargetPlatform 'LinuxServer'
[2025.09.30-22.53.42:554][  0]LogTargetPlatformManager: Display: Loaded TargetPlatform 'LinuxAArch64NoEditor'
[2025.09.30-22.53.42:558][  0]LogTargetPlatformManager: Display: Loaded TargetPlatform 'LinuxAArch64Client'
[2025.09.30-22.53.42:562][  0]LogTargetPlatformManager: Display: Loaded TargetPlatform 'LinuxAArch64Server'
[2025.09.30-22.53.42:580][  0]LogTargetPlatformManager: Display: Loaded TargetPlatform 'Lumin'
[2025.09.30-22.53.42:580][  0]LogTargetPlatformManager: Display: Loaded TargetPlatform 'LuminClient'
[2025.09.30-22.53.42:587][  0]LogTargetPlatformManager: Display: Loaded TargetPlatform 'MacNoEditor'
[2025.09.30-22.53.42:591][  0]LogTargetPlatformManager: Display: Loaded TargetPlatform 'Mac'
[2025.09.30-22.53.42:595][  0]LogTargetPlatformManager: Display: Loaded TargetPlatform 'MacClient'
[2025.09.30-22.53.42:599][  0]LogTargetPlatformManager: Display: Loaded TargetPlatform 'MacServer'
[2025.09.30-22.53.42:609][  0]LogTargetPlatformManager: Display: Loaded TargetPlatform 'TVOSClient'
[2025.09.30-22.53.42:609][  0]LogTargetPlatformManager: Display: Loaded TargetPlatform 'TVOS'
[2025.09.30-22.53.42:616][  0]LogTargetPlatformManager: Display: Loaded TargetPlatform 'WindowsNoEditor'
[2025.09.30-22.53.42:620][  0]LogTargetPlatformManager: Display: Loaded TargetPlatform 'Windows'
[2025.09.30-22.53.42:624][  0]LogTargetPlatformManager: Display: Loaded TargetPlatform 'WindowsClient'
[2025.09.30-22.53.42:628][  0]LogTargetPlatformManager: Display: Loaded TargetPlatform 'WindowsServer'
[2025.09.30-22.53.42:628][  0]LogTargetPlatformManager: Display: Building Assets For Windows
[2025.09.30-22.53.42:636][  0]LogAudioDebug: Display: Lib vorbis DLL was dynamically loaded.
[2025.09.30-22.53.42:664][  0]LogTextureFormatOodle: Display: Oodle Texture 2.9.0 init RDO Off
[2025.09.30-22.53.42:692][  0]LogRendererCore: Ray tracing is disabled. Reason: r.RayTracing=0.
[2025.09.30-22.53.42:692][  0]LogShaderCompilers: Guid format shader working directory is -17 characters bigger than the processId version (../../../../../Proyectos UE 4.27/TasteOfMadness/TasteOfMadness/Intermediate/Shaders/WorkingDirectory/21684/).
[2025.09.30-22.53.42:692][  0]LogShaderCompilers: Cleaned the shader compiler working directory 'C:/Users/gerar/AppData/Local/Temp/UnrealShaderWorkingDir/A9C973A847CF1B2A05018E9AF9A92542/'.
[2025.09.30-22.53.42:692][  0]LogXGEController: Cannot use XGE Controller as Incredibuild is not installed on this machine.
[2025.09.30-22.53.42:693][  0]LogShaderCompilers: Cannot use XGE Shader Compiler as Incredibuild is not installed on this machine.
[2025.09.30-22.53.42:693][  0]LogShaderCompilers: Display: Using Local Shader Compiler.
[2025.09.30-22.53.43:325][  0]LogDerivedDataCache: Display: Max Cache Size: 512 MB
[2025.09.30-22.53.43:380][  0]LogDerivedDataCache: Loaded boot cache 0.05s 94MB C:/Users/gerar/AppData/Local/UnrealEngine/4.27/DerivedDataCache/Boot.ddc.
[2025.09.30-22.53.43:380][  0]LogDerivedDataCache: Display: Loaded Boot cache: C:/Users/gerar/AppData/Local/UnrealEngine/4.27/DerivedDataCache/Boot.ddc
[2025.09.30-22.53.43:380][  0]LogDerivedDataCache: FDerivedDataBackendGraph:  Pak pak cache file ../../../../../Proyectos UE 4.27/TasteOfMadness/TasteOfMadness/DerivedDataCache/DDC.ddp not found, will not use a pak cache.
[2025.09.30-22.53.43:380][  0]LogDerivedDataCache: Unable to find inner node Pak for hierarchical cache Hierarchy.
[2025.09.30-22.53.43:380][  0]LogDerivedDataCache: FDerivedDataBackendGraph:  CompressedPak pak cache file ../../../../../Proyectos UE 4.27/TasteOfMadness/TasteOfMadness/DerivedDataCache/Compressed.ddp not found, will not use a pak cache.
[2025.09.30-22.53.43:380][  0]LogDerivedDataCache: Unable to find inner node CompressedPak for hierarchical cache Hierarchy.
[2025.09.30-22.53.43:394][  0]LogDerivedDataCache: Display: Pak cache opened for reading ../../../Engine/DerivedDataCache/Compressed.ddp.
[2025.09.30-22.53.43:394][  0]LogDerivedDataCache: FDerivedDataBackendGraph:  EnterprisePak pak cache file ../../../Enterprise/DerivedDataCache/Compressed.ddp not found, will not use a pak cache.
[2025.09.30-22.53.43:394][  0]LogDerivedDataCache: Unable to find inner node EnterprisePak for hierarchical cache Hierarchy.
[2025.09.30-22.53.43:401][  0]LogDerivedDataCache: Speed tests for C:/Users/gerar/AppData/Local/UnrealEngine/Common/DerivedDataCache took 0.01 seconds
[2025.09.30-22.53.43:401][  0]LogDerivedDataCache: Display: Performance to C:/Users/gerar/AppData/Local/UnrealEngine/Common/DerivedDataCache: Latency=0.04ms. RandomReadSpeed=1043.65MBs, RandomWriteSpeed=172.62MBs. Assigned SpeedClass 'Local'
[2025.09.30-22.53.43:402][  0]LogDerivedDataCache: Using Local data cache path C:/Users/gerar/AppData/Local/UnrealEngine/Common/DerivedDataCache: Writable
[2025.09.30-22.53.43:402][  0]LogDerivedDataCache: Shared data cache path not found in *engine.ini, will not use an Shared cache.
[2025.09.30-22.53.43:402][  0]LogDerivedDataCache: Unable to find inner node Shared for hierarchical cache Hierarchy.
[2025.09.30-22.53.43:438][  0]LogSlate: Using FreeType 2.10.0
[2025.09.30-22.53.43:438][  0]LogSlate: SlateFontServices - WITH_FREETYPE: 1, WITH_HARFBUZZ: 1
[2025.09.30-22.53.43:462][  0]LogAssetRegistry: FAssetRegistry took 0.0034 seconds to start up
[2025.09.30-22.53.43:646][  0]LogInit: Selected Device Profile: [Windows]
[2025.09.30-22.53.43:646][  0]LogInit: Active device profile: [000002AC875DC700][000002AC86FFE8C0 49] Windows
[2025.09.30-22.53.43:646][  0]LogInit: Profiles: [000002AC875DC700][000002AC86FFE8C0 49] Windows, [000002AC875BF700][000002AC87020A00 49] WindowsNoEditor, [000002AC875DF300][000002AC819C8B40 49] WindowsServer, [000002AC875BCF00][000002AC880C0CC0 49] WindowsClient, [000002AC875DF500][000002AC8816CE40 49] IOS, [000002AC887E7F00][000002AC88170FC0 49] iPadAir, [000002AC875BFB00][000002AC88217140 49] iPadAir2, [000002AC886B0500][000002AC882D1400 49] IPadPro, [000002AC886B0600][000002AC882CD440 49] iPadAir3, [000002AC887E4100][000002AC84B6B5C0 49] iPadAir4, [000002AC886B2C00][000002AC84B6F740 49] iPadMini2, [000002AC887E6500][000002AC84B738C0 49] iPadMini3, [000002AC886B3400][000002AC84B9DA40 49] iPadMini4, [000002AC887E4F00][000002AC84BA5BC0 49] iPadMini5, [000002AC88693E00][000002AC883C2300 49] iPhone6, [000002AC88693F00][000002AC84BF4340 49] iPodTouch6, [000002AC875DF900][000002AC8841A600 49] iPhone7, [000002AC875DE100][000002AC883DC640 49] iPodTouch7, [000002AC88690400][000002AC880907C0 49] iPhone5S, [000002AC886B3D00][000002AC88094940 49] iPhone6Plus, [000002AC875DF400][000002AC880BCA80 49] iPhone6S, [000002AC886B2000][000002AC819B6BC0 49] iPhone6SPlus, [000002AC875DC900][000002AC819BAD00 49] iPhone7Plus, [000002AC886B0E00][000002AC819C2E80 49] iPhoneSE, [000002AC875DC200][000002AC88099000 49] iPhone8, [000002AC886B2400][000002AC8809D180 49] iPhone8Plus, [000002AC875DDE00][000002AC880A1300 49] iPhoneX, [000002AC886B3E00][000002AC8820D480 49] iPhoneXS, [000002AC875DD600][000002AC88211600 49] iPhoneXSMax, [000002AC886B2500][000002AC882B1780 49] iPhoneXR, [000002AC875DEA00][000002AC882C9900 49] iPhone11, [000002AC886B3A00][000002AC8981DA80 49] iPhone11Pro, [000002AC875DCF00][000002AC8982BC00 49] iPhone11ProMax, [000002AC886B2300][000002AC8982E200 49] iPhoneSE2, [000002AC875DE700][000002AC89836380 49] iPhone12Mini, [000002AC886B0700][000002AC89844500 49] iPhone12, [000002AC875DF100][000002AC89848680 49] iPhone12Pro, [000002AC886B3500][000002AC8984C800 49] iPhone12ProMax, [000002AC875DC800][000002AC882D8980 49] iPadPro105, [000002AC886B1C00][000002AC882DCB00 49] iPadPro129, [000002AC875DC300][000002AC819BEC40 49] iPadPro97, [000002AC886B1D00][000002AC88040D80 49] iPadPro2_129, [000002AC875DCC00][000002AC88058EC0 49] iPad5, [000002AC886B3000][000002AC81955040 49] iPad6, [000002AC875DEC00][000002AC819811C0 49] iPad7, [000002AC886B2E00][000002AC81989340 49] iPad8, [000002AC875DD800][000002AC8198D4C0 49] iPadPro11, [000002AC886B1B00][000002AC81991640 49] iPadPro2_11, [000002AC875DD500][000002AC819997C0 49] iPadPro3_129, [000002AC886B2700][000002AC8199D940 49] iPadPro4_129, [000002AC875DC100][000002AC819A1AC0 49] AppleTV, [000002AC886B2B00][000002AC819A80C0 49] AppleTV4K, [000002AC875DDB00][000002AC819AC240 49] TVOS, [000002AC886B0900][000002AC819B03C0 49] Mac, [000002AC875DD700][000002AC8841E540 49] MacClient, [000002AC886B2F00][000002AC884226C0 49] MacNoEditor, [000002AC875DCD00][000002AC88432840 49] MacServer, [000002AC886B0300][000002AC882A69C0 49] Linux, [000002AC875DEE00][000002AC882AAB40 49] LinuxAArch64, [000002AC886B1500][000002AC819A4CC0 49] LinuxNoEditor, [000002AC875DE400][000002AC81950E00 49] LinuxAArch64NoEditor, [000002AC886B0200][000002AC81994F40 49] LinuxClient, [000002AC875DED00][000002AC88437080 49] LinuxAArch64Client, [000002AC886B0C00][000002AC8980D1C0 49] LinuxServer, [000002AC875DC400][000002AC81985340 49] LinuxAArch64Server, [000002AC886B1000][000002AC8843B4C0 49] Android, [000002AC887E7900][000002AC89C45640 49] Android_Low, [000002AC88691B00][000002AC89C497C0 49] Android_Mid, [000002AC887E7000][000002AC89C4D940 49] Android_High, [000002AC88692300][000002AC89C51AC0 49] Android_Default, [000002AC887E6000][000002AC89C540C0 49] Android_Adreno4xx, [000002AC88690100][000002AC89C58240 49] Android_Adreno5xx_Low, [000002AC887E4B00][000002AC89C5C3C0 49] Android_Adreno5xx, [000002AC88691800][000002AC89C06540 49] Android_Adreno6xx, [000002AC887E5100][000002AC89C0A6C0 49] Android_Adreno6xx_Vulkan, [000002AC88690800][000002AC89C0E840 49] Android_Mali_T6xx, [000002AC887E7600][000002AC89C129C0 49] Android_Mali_T7xx, [000002AC88690D00][000002AC89C16B40 49] Android_Mali_T8xx, [000002AC887E7C00][000002AC89C1ACC0 49] Android_Mali_G71, [000002AC88691500][000002AC89C1EE40 49] Android_Mali_G72, [000002AC887E7E00][000002AC84BA0F80 49] Android_Mali_G72_Vulkan, [000002AC88693D00][000002AC89C230C0 49] Android_Mali_G76, [000002AC887E7A00][000002AC89C27200 49] Android_Mali_G76_Vulkan, [000002AC88693600][000002AC89C2B340 49] Android_Mali_G77, [000002AC887E6200][000002AC881D54C0 49] Android_Mali_G77_Vulkan, [000002AC88691200][000002AC881D9640 49] Android_Mali_G78, [000002AC887E4A00][000002AC881DD7C0 49] Android_Mali_G78_Vulkan, [000002AC88693000][000002AC881E1940 49] Android_Mali_G710, [000002AC887E5400][000002AC881E5AC0 49] Android_Mali_G710_Vulkan, [000002AC88690700][000002AC881E80C0 49] Android_Vulkan_SM5, [000002AC887E5800][000002AC881EC240 49] Android_PowerVR_G6xxx, [000002AC88690E00][000002AC881F03C0 49] Android_PowerVR_GT7xxx, [000002AC887E4200][000002AC881F4540 49] Android_PowerVR_GE8xxx, [000002AC88690600][000002AC881F86C0 49] Android_PowerVR_GM9xxx, [000002AC887E6600][000002AC881FC840 49] Android_PowerVR_GM9xxx_Vulkan, [000002AC886B0F00][000002AC882009C0 49] Android_TegraK1, [000002AC887E6A00][000002AC88204B40 49] Android_Unknown_Vulkan, [000002AC886B0D00][000002AC88208CC0 49] Lumin, [000002AC887E5200][000002AC880C4E40 49] Lumin_Desktop, [000002AC886B0B00][000002AC880C8FC0 49] HoloLens, 
[2025.09.30-22.53.43:751][  0]LogMeshReduction: Using QuadricMeshReduction for automatic static mesh reduction
[2025.09.30-22.53.43:751][  0]LogMeshReduction: Using SimplygonMeshReduction for automatic skeletal mesh reduction
[2025.09.30-22.53.43:751][  0]LogMeshReduction: Using ProxyLODMeshReduction for automatic mesh merging
[2025.09.30-22.53.43:751][  0]LogMeshReduction: No distributed automatic mesh merging module available
[2025.09.30-22.53.43:751][  0]LogMeshMerging: No distributed automatic mesh merging module available
[2025.09.30-22.53.43:764][  0]LogNetVersion: TasteOfMadness 1.0.0, NetCL: 17155196, EngineNetVer: 17, GameNetVer: 0 (Checksum: 3999798361)
[2025.09.30-22.53.44:083][  0]LogTexture: Default maximum texture size for cubemaps generated from long-lat sources has been changed from 512 to unlimited. In order to preserve old behaiour for '/Engine/MapTemplates/Sky/DaylightAmbientCubemap.DaylightAmbientCubemap', its maximum texture size has been explicitly set to 512.
[2025.09.30-22.53.44:136][  0]LogHMD: PokeAHoleMaterial loaded successfully
[2025.09.30-22.53.44:140][  0]LogUObjectArray: 17178 objects as part of root set at end of initial load.
[2025.09.30-22.53.44:140][  0]LogUObjectAllocator: 4302048 out of 0 bytes used by permanent object pool.
[2025.09.30-22.53.44:140][  0]LogUObjectArray: CloseDisregardForGC: 0/0 objects in disregard for GC pool
[2025.09.30-22.53.44:391][  0]LogNiagaraDebuggerClient: Niagara Debugger Client Initialized | Session: 050D2A4A48E9F74D1A84268C78F44E12 | Instance: 3E1E72104E4B93C43982B4A72FB431F4 (LEGIÓN_G-21684).
[2025.09.30-22.53.44:425][  0]LogPython: Using Python 3.7.7
[2025.09.30-22.53.44:891][  0]LogTcpMessaging: Initializing TcpMessaging bridge
[2025.09.30-22.53.44:895][  0]LogUdpMessaging: Initializing bridge on interface 0.0.0.0:0 to multicast group 230.0.0.1:6666.
[2025.09.30-22.53.45:095][  0]SourceControl: Source control is disabled
[2025.09.30-22.53.45:095][  0]SourceControl: Source control is disabled
[2025.09.30-22.53.45:099][  0]SourceControl: Source control is disabled
[2025.09.30-22.53.45:101][  0]SourceControl: Source control is disabled
[2025.09.30-22.53.45:108][  0]SourceControl: Source control is disabled
[2025.09.30-22.53.45:114][  0]LogUProjectInfo: Found projects:
[2025.09.30-22.53.45:261][  0]LogOpenImageDenoise: OIDN starting up
[2025.09.30-22.53.45:303][  0]LogAndroidPermission: UAndroidPermissionCallbackProxy::GetInstance
[2025.09.30-22.53.45:325][  0]LogAudioCaptureCore: Display: No Audio Capture implementations found. Audio input will be silent.
[2025.09.30-22.53.45:325][  0]LogAudioCaptureCore: Display: No Audio Capture implementations found. Audio input will be silent.
[2025.09.30-22.53.45:436][  0]LogCollectionManager: Loaded 0 collections in 0.000550 seconds
[2025.09.30-22.53.45:458][  0]LogFileCache: Scanning file cache for directory 'F:/Proyectos UE 4.27/TasteOfMadness/TasteOfMadness/Saved/Collections/' took 0.00s
[2025.09.30-22.53.45:458][  0]LogFileCache: Scanning file cache for directory 'F:/Proyectos UE 4.27/TasteOfMadness/TasteOfMadness/Content/Developers/gerar/Collections/' took 0.00s
[2025.09.30-22.53.45:458][  0]LogFileCache: Scanning file cache for directory 'F:/Proyectos UE 4.27/TasteOfMadness/TasteOfMadness/Content/Collections/' took 0.00s
[2025.09.30-22.53.45:458][  0]LogOcInput: OculusInput pre-init called
[2025.09.30-22.53.45:657][  0]LogEngine: Initializing Engine...
[2025.09.30-22.53.45:663][  0]LogHMD: Failed to enumerate extensions. Please check that you have a valid OpenXR runtime installed.
[2025.09.30-22.53.45:663][  0]LogHMD: Failed to initialize OpenVR with code 110
[2025.09.30-22.53.45:664][  0]LogMagicLeap: Warning: VR disabled because ZI is not enabled.  To enable, in the editor, Edit -> Project Settings -> Plugins -> Magic Leap Plugin -> Enable Zero Iteration
[2025.09.30-22.53.45:664][  0]LogStats: UGameplayTagsManager::InitializeManager -  0.000 s
[2025.09.30-22.53.45:759][  0]LogInit: Initializing FReadOnlyCVARCache
[2025.09.30-22.53.45:767][  0]LogAIModule: Creating AISystem for world Untitled
[2025.09.30-22.53.45:768][  0]LogAudio: Display: Initializing Audio Device Manager...
[2025.09.30-22.53.45:772][  0]LogAudio: Display: Loading Default Audio Settings Objects...
[2025.09.30-22.53.45:772][  0]LogAudio: Display: No default SoundConcurrencyObject specified (or failed to load).
[2025.09.30-22.53.45:772][  0]LogAudio: Display: Audio Device Manager Initialized
[2025.09.30-22.53.45:772][  0]LogAudio: Display: Creating Audio Device:                 Id: 1, Scope: Shared, Realtime: True
[2025.09.30-22.53.45:772][  0]LogAudioMixer: Display: Audio Mixer Platform Settings:
[2025.09.30-22.53.45:772][  0]LogAudioMixer: Display: 	Sample Rate:						  48000
[2025.09.30-22.53.45:772][  0]LogAudioMixer: Display: 	Callback Buffer Frame Size Requested: 1024
[2025.09.30-22.53.45:772][  0]LogAudioMixer: Display: 	Callback Buffer Frame Size To Use:	  1024
[2025.09.30-22.53.45:772][  0]LogAudioMixer: Display: 	Number of buffers to queue:			  2
[2025.09.30-22.53.45:772][  0]LogAudioMixer: Display: 	Max Channels (voices):				  32
[2025.09.30-22.53.45:772][  0]LogAudioMixer: Display: 	Number of Async Source Workers:		  0
[2025.09.30-22.53.45:773][  0]LogAudio: Display: AudioDevice MaxSources: 32
[2025.09.30-22.53.45:773][  0]LogAudio: Display: Audio Spatialization Plugin: None (built-in).
[2025.09.30-22.53.45:773][  0]LogAudio: Display: Audio Reverb Plugin: None (built-in).
[2025.09.30-22.53.45:773][  0]LogAudio: Display: Audio Occlusion Plugin: None (built-in).
[2025.09.30-22.53.45:773][  0]LogAudioMixer: Display: Initializing audio mixer.
[2025.09.30-22.53.45:781][  0]LogAudioMixer: Display: 0: FrontLeft
[2025.09.30-22.53.45:781][  0]LogAudioMixer: Display: 1: FrontRight
[2025.09.30-22.53.45:995][  0]LogAudioMixer: Display: Using Audio Device Altavoces (Realtek(R) Audio)
[2025.09.30-22.53.45:996][  0]LogAudioMixer: Display: Initializing Sound Submixes...
[2025.09.30-22.53.45:998][  0]LogAudioMixer: Display: Creating Master Submix 'MasterSubmixDefault'
[2025.09.30-22.53.45:998][  0]LogAudioMixer: Display: Creating Master Submix 'MasterReverbSubmixDefault'
[2025.09.30-22.53.45:999][  0]LogAudioMixer: Display: Creating Master Submix 'MasterEQSubmixDefault'
[2025.09.30-22.53.45:999][  0]LogAudioMixer: FMixerPlatformXAudio2::StartAudioStream() called
[2025.09.30-22.53.45:999][  0]LogAudioMixer: Display: Output buffers initialized: Frames=1024, Channels=2, Samples=2048
[2025.09.30-22.53.46:000][  0]LogAudioMixer: Display: Starting AudioMixerPlatformInterface::RunInternal()
[2025.09.30-22.53.46:000][  0]LogAudioMixer: Display: FMixerPlatformXAudio2::SubmitBuffer() called for the first time
[2025.09.30-22.53.46:000][  0]LogInit: FAudioDevice initialized.
[2025.09.30-22.53.46:000][  0]LogAudio: Display: Audio Device (ID: 1) registered with world 'Untitled'.
[2025.09.30-22.53.46:000][  0]LogNetVersion: Set ProjectVersion to 1.0.0.0. Version Checksum will be recalculated on next use.
[2025.09.30-22.53.46:064][  0]LogDerivedDataCache: Saved boot cache 0.06s 94MB C:/Users/gerar/AppData/Local/UnrealEngine/4.27/DerivedDataCache/Boot.ddc.
[2025.09.30-22.53.46:065][  0]LogInit: Texture streaming: Enabled
[2025.09.30-22.53.46:077][  0]LogAnalytics: Display: [UEEditor.Rocket.Release] APIServer = https://datarouter.ol.epicgames.com/. AppVersion = 4.27.2-18319896+++UE4+Release-4.27
[2025.09.30-22.53.46:081][  0]LogEngineSessionManager: EngineSessionManager initialized
[2025.09.30-22.53.46:081][  0]LogEditorSessionSummary: Verbose: Initializing EditorSessionSummaryWriter for editor session tracking
[2025.09.30-22.53.46:083][  0]LogEditorSessionSummary: EditorSessionSummaryWriter initialized
[2025.09.30-22.53.46:108][  0]LogInit: Transaction tracking system initialized
[2025.09.30-22.53.46:128][  0]BlueprintLog: New page: Editor Load
[2025.09.30-22.53.46:189][  0]LocalizationService: Localization service is disabled
[2025.09.30-22.53.46:212][  0]TimingProfiler: Initialize
[2025.09.30-22.53.46:212][  0]TimingProfiler: OnSessionChanged
[2025.09.30-22.53.46:212][  0]LoadingProfiler: Initialize
[2025.09.30-22.53.46:212][  0]LoadingProfiler: OnSessionChanged
[2025.09.30-22.53.46:212][  0]NetworkingProfiler: Initialize
[2025.09.30-22.53.46:212][  0]NetworkingProfiler: OnSessionChanged
[2025.09.30-22.53.46:212][  0]MemoryProfiler: Initialize
[2025.09.30-22.53.46:213][  0]MemoryProfiler: OnSessionChanged
[2025.09.30-22.53.46:372][  0]LogCook: Display: CookSettings for Memory: MemoryMaxUsedVirtual 0MiB, MemoryMaxUsedPhysical 16384MiB, MemoryMinFreeVirtual 0MiB, MemoryMinFreePhysical 1024MiB
[2025.09.30-22.53.46:372][  0]LogCook: Display: Mobile HDR setting 1
[2025.09.30-22.53.46:418][  0]LogFileCache: Scanning file cache for directory 'F:/Proyectos UE 4.27/TasteOfMadness/TasteOfMadness/Content/' took 0.00s
[2025.09.30-22.53.46:721][  0]LogInit: Display: Engine is initialized. Leaving FEngineLoop::Init()
[2025.09.30-22.53.46:724][  0]SourceControl: Source control is disabled
[2025.09.30-22.53.46:724][  0]LogUnrealEdMisc: Loading editor; pre map load, took 6.436
[2025.09.30-22.53.46:724][  0]Cmd: MAP LOAD FILE="../../../../../Proyectos UE 4.27/TasteOfMadness/TasteOfMadness/Content/ThirdPersonBP/Maps/ThirdPersonExampleMap.umap" TEMPLATE=0 SHOWPROGRESS=1 FEATURELEVEL=3
[2025.09.30-22.53.46:725][  0]LightingResults: New page: Lighting Build
[2025.09.30-22.53.46:726][  0]LogWorld: UWorld::CleanupWorld for Untitled, bSessionEnded=true, bCleanupResources=true
[2025.09.30-22.53.46:726][  0]LogSlate: InvalidateAllWidgets triggered.  All widgets were invalidated
[2025.09.30-22.53.46:726][  0]MapCheck: New page: Map Check
[2025.09.30-22.53.46:726][  0]LightingResults: New page: Lighting Build
[2025.09.30-22.53.46:729][  0]LogAudio: Display: Audio Device unregistered from world 'None'.
[2025.09.30-22.53.46:731][  0]LogUObjectHash: Compacting FUObjectHashTables data took   0.57ms
[2025.09.30-22.53.47:077][  0]LogAudio: Display: Audio Device (ID: 1) registered with world 'ThirdPersonExampleMap'.
[2025.09.30-22.53.47:078][  0]LogAIModule: Creating AISystem for world ThirdPersonExampleMap
[2025.09.30-22.53.47:087][  0]LogEditorServer: Finished looking for orphan Actors (0.000 secs)
[2025.09.30-22.53.47:095][  0]LogUObjectHash: Compacting FUObjectHashTables data took   0.90ms
[2025.09.30-22.53.47:096][  0]Cmd: MAP CHECKDEP NOCLEARLOG
[2025.09.30-22.53.47:096][  0]MapCheck: Map check complete: 0 Error(s), 0 Warning(s), took 0.111ms to complete.
[2025.09.30-22.53.47:096][  0]LogFileHelpers: Loading map 'ThirdPersonExampleMap' took 0.372
[2025.09.30-22.53.47:098][  0]LogUnrealEdMisc: Total Editor Startup Time, took 6.810
[2025.09.30-22.53.47:207][  0]LogSlate: Updating window title bar state: overlay mode, drag disabled, window buttons hidden, title bar hidden
[2025.09.30-22.53.47:212][  0]LogSlate: Updating window title bar state: overlay mode, drag disabled, window buttons hidden, title bar hidden
[2025.09.30-22.53.47:217][  0]LogSlate: Updating window title bar state: overlay mode, drag disabled, window buttons hidden, title bar hidden
[2025.09.30-22.53.47:220][  0]LogSlate: Updating window title bar state: overlay mode, drag disabled, window buttons hidden, title bar hidden
[2025.09.30-22.53.47:244][  0]LogNativeClassHierarchy: Verbose: Native class hierarchy populated in 0.0080 seconds. Added 3822 classes and 928 folders.
[2025.09.30-22.53.47:248][  0]LogNativeClassHierarchy: Verbose: Native class hierarchy updated for 'WidgetCarousel' in 0.0002 seconds. Added 0 classes and 0 folders.
[2025.09.30-22.53.47:255][  0]LogPakFile: PakFile PrimaryIndexSize=187
[2025.09.30-22.53.47:255][  0]LogPakFile: PakFile PathHashIndexSize=101
[2025.09.30-22.53.47:255][  0]LogPakFile: PakFile FullDirectoryIndexSize=148
[2025.09.30-22.53.47:255][  0]LogShaderLibrary: Display: ShaderCodeLibraryPakFileMountedCallback: PakFile 'F:/Games/UE_4.27/FeaturePacks/FP_FirstPerson.upack' (chunk index -1, root 'root:/') mounted
[2025.09.30-22.53.47:255][  0]LogShaderLibrary: Display: ShaderCodeLibraryPakFileMountedCallback: pending pak file info (ChunkID:-1 Root:root:/ File:F:/Games/UE_4.27/FeaturePacks/FP_FirstPerson.upack)
[2025.09.30-22.53.47:255][  0]LogPakFile: OnPakFileMounted2Time == 0.000234
[2025.09.30-22.53.47:257][  0]LogPakFile: PakFile PrimaryIndexSize=189
[2025.09.30-22.53.47:257][  0]LogPakFile: PakFile PathHashIndexSize=101
[2025.09.30-22.53.47:257][  0]LogPakFile: PakFile FullDirectoryIndexSize=152
[2025.09.30-22.53.47:257][  0]LogShaderLibrary: Display: ShaderCodeLibraryPakFileMountedCallback: PakFile 'F:/Games/UE_4.27/FeaturePacks/FP_FirstPersonBP.upack' (chunk index -1, root 'root:/') mounted
[2025.09.30-22.53.47:257][  0]LogShaderLibrary: Display: ShaderCodeLibraryPakFileMountedCallback: pending pak file info (ChunkID:-1 Root:root:/ File:F:/Games/UE_4.27/FeaturePacks/FP_FirstPersonBP.upack)
[2025.09.30-22.53.47:257][  0]LogPakFile: OnPakFileMounted2Time == 0.000045
[2025.09.30-22.53.47:259][  0]LogPakFile: PakFile PrimaryIndexSize=191
[2025.09.30-22.53.47:259][  0]LogPakFile: PakFile PathHashIndexSize=101
[2025.09.30-22.53.47:259][  0]LogPakFile: PakFile FullDirectoryIndexSize=160
[2025.09.30-22.53.47:259][  0]LogShaderLibrary: Display: ShaderCodeLibraryPakFileMountedCallback: PakFile 'F:/Games/UE_4.27/FeaturePacks/MobileStarterContent.upack' (chunk index -1, root 'root:/') mounted
[2025.09.30-22.53.47:259][  0]LogShaderLibrary: Display: ShaderCodeLibraryPakFileMountedCallback: pending pak file info (ChunkID:-1 Root:root:/ File:F:/Games/UE_4.27/FeaturePacks/MobileStarterContent.upack)
[2025.09.30-22.53.47:259][  0]LogPakFile: OnPakFileMounted2Time == 0.000027
[2025.09.30-22.53.47:260][  0]LogPakFile: PakFile PrimaryIndexSize=185
[2025.09.30-22.53.47:260][  0]LogPakFile: PakFile PathHashIndexSize=101
[2025.09.30-22.53.47:260][  0]LogPakFile: PakFile FullDirectoryIndexSize=148
[2025.09.30-22.53.47:260][  0]LogShaderLibrary: Display: ShaderCodeLibraryPakFileMountedCallback: PakFile 'F:/Games/UE_4.27/FeaturePacks/StarterContent.upack' (chunk index -1, root 'root:/') mounted
[2025.09.30-22.53.47:260][  0]LogShaderLibrary: Display: ShaderCodeLibraryPakFileMountedCallback: pending pak file info (ChunkID:-1 Root:root:/ File:F:/Games/UE_4.27/FeaturePacks/StarterContent.upack)
[2025.09.30-22.53.47:260][  0]LogPakFile: OnPakFileMounted2Time == 0.000028
[2025.09.30-22.53.47:261][  0]LogPakFile: PakFile PrimaryIndexSize=190
[2025.09.30-22.53.47:261][  0]LogPakFile: PakFile PathHashIndexSize=101
[2025.09.30-22.53.47:261][  0]LogPakFile: PakFile FullDirectoryIndexSize=154
[2025.09.30-22.53.47:261][  0]LogShaderLibrary: Display: ShaderCodeLibraryPakFileMountedCallback: PakFile 'F:/Games/UE_4.27/FeaturePacks/TP_2DSideScroller.upack' (chunk index -1, root 'root:/') mounted
[2025.09.30-22.53.47:261][  0]LogShaderLibrary: Display: ShaderCodeLibraryPakFileMountedCallback: pending pak file info (ChunkID:-1 Root:root:/ File:F:/Games/UE_4.27/FeaturePacks/TP_2DSideScroller.upack)
[2025.09.30-22.53.47:261][  0]LogPakFile: OnPakFileMounted2Time == 0.000028
[2025.09.30-22.53.47:263][  0]LogPakFile: PakFile PrimaryIndexSize=192
[2025.09.30-22.53.47:263][  0]LogPakFile: PakFile PathHashIndexSize=101
[2025.09.30-22.53.47:263][  0]LogPakFile: PakFile FullDirectoryIndexSize=158
[2025.09.30-22.53.47:263][  0]LogShaderLibrary: Display: ShaderCodeLibraryPakFileMountedCallback: PakFile 'F:/Games/UE_4.27/FeaturePacks/TP_2DSideScrollerBP.upack' (chunk index -1, root 'root:/') mounted
[2025.09.30-22.53.47:263][  0]LogShaderLibrary: Display: ShaderCodeLibraryPakFileMountedCallback: pending pak file info (ChunkID:-1 Root:root:/ File:F:/Games/UE_4.27/FeaturePacks/TP_2DSideScrollerBP.upack)
[2025.09.30-22.53.47:263][  0]LogPakFile: OnPakFileMounted2Time == 0.000026
[2025.09.30-22.53.47:264][  0]LogPakFile: PakFile PrimaryIndexSize=182
[2025.09.30-22.53.47:264][  0]LogPakFile: PakFile PathHashIndexSize=101
[2025.09.30-22.53.47:264][  0]LogPakFile: PakFile FullDirectoryIndexSize=138
[2025.09.30-22.53.47:264][  0]LogShaderLibrary: Display: ShaderCodeLibraryPakFileMountedCallback: PakFile 'F:/Games/UE_4.27/FeaturePacks/TP_Flying.upack' (chunk index -1, root 'root:/') mounted
[2025.09.30-22.53.47:264][  0]LogShaderLibrary: Display: ShaderCodeLibraryPakFileMountedCallback: pending pak file info (ChunkID:-1 Root:root:/ File:F:/Games/UE_4.27/FeaturePacks/TP_Flying.upack)
[2025.09.30-22.53.47:264][  0]LogPakFile: OnPakFileMounted2Time == 0.000025
[2025.09.30-22.53.47:266][  0]LogPakFile: PakFile PrimaryIndexSize=184
[2025.09.30-22.53.47:266][  0]LogPakFile: PakFile PathHashIndexSize=101
[2025.09.30-22.53.47:266][  0]LogPakFile: PakFile FullDirectoryIndexSize=142
[2025.09.30-22.53.47:266][  0]LogShaderLibrary: Display: ShaderCodeLibraryPakFileMountedCallback: PakFile 'F:/Games/UE_4.27/FeaturePacks/TP_FlyingBP.upack' (chunk index -1, root 'root:/') mounted
[2025.09.30-22.53.47:266][  0]LogShaderLibrary: Display: ShaderCodeLibraryPakFileMountedCallback: pending pak file info (ChunkID:-1 Root:root:/ File:F:/Games/UE_4.27/FeaturePacks/TP_FlyingBP.upack)
[2025.09.30-22.53.47:266][  0]LogPakFile: OnPakFileMounted2Time == 0.000023
[2025.09.30-22.53.47:267][  0]LogPakFile: PakFile PrimaryIndexSize=188
[2025.09.30-22.53.47:267][  0]LogPakFile: PakFile PathHashIndexSize=101
[2025.09.30-22.53.47:267][  0]LogPakFile: PakFile FullDirectoryIndexSize=150
[2025.09.30-22.53.47:267][  0]LogShaderLibrary: Display: ShaderCodeLibraryPakFileMountedCallback: PakFile 'F:/Games/UE_4.27/FeaturePacks/TP_HandheldARBP.upack' (chunk index -1, root 'root:/') mounted
[2025.09.30-22.53.47:267][  0]LogShaderLibrary: Display: ShaderCodeLibraryPakFileMountedCallback: pending pak file info (ChunkID:-1 Root:root:/ File:F:/Games/UE_4.27/FeaturePacks/TP_HandheldARBP.upack)
[2025.09.30-22.53.47:267][  0]LogPakFile: OnPakFileMounted2Time == 0.000034
[2025.09.30-22.53.47:269][  0]LogPakFile: PakFile PrimaryIndexSize=182
[2025.09.30-22.53.47:269][  0]LogPakFile: PakFile PathHashIndexSize=101
[2025.09.30-22.53.47:269][  0]LogPakFile: PakFile FullDirectoryIndexSize=138
[2025.09.30-22.53.47:269][  0]LogShaderLibrary: Display: ShaderCodeLibraryPakFileMountedCallback: PakFile 'F:/Games/UE_4.27/FeaturePacks/TP_Puzzle.upack' (chunk index -1, root 'root:/') mounted
[2025.09.30-22.53.47:269][  0]LogShaderLibrary: Display: ShaderCodeLibraryPakFileMountedCallback: pending pak file info (ChunkID:-1 Root:root:/ File:F:/Games/UE_4.27/FeaturePacks/TP_Puzzle.upack)
[2025.09.30-22.53.47:269][  0]LogPakFile: OnPakFileMounted2Time == 0.000029
[2025.09.30-22.53.47:270][  0]LogPakFile: PakFile PrimaryIndexSize=184
[2025.09.30-22.53.47:270][  0]LogPakFile: PakFile PathHashIndexSize=101
[2025.09.30-22.53.47:270][  0]LogPakFile: PakFile FullDirectoryIndexSize=142
[2025.09.30-22.53.47:270][  0]LogShaderLibrary: Display: ShaderCodeLibraryPakFileMountedCallback: PakFile 'F:/Games/UE_4.27/FeaturePacks/TP_PuzzleBP.upack' (chunk index -1, root 'root:/') mounted
[2025.09.30-22.53.47:270][  0]LogShaderLibrary: Display: ShaderCodeLibraryPakFileMountedCallback: pending pak file info (ChunkID:-1 Root:root:/ File:F:/Games/UE_4.27/FeaturePacks/TP_PuzzleBP.upack)
[2025.09.30-22.53.47:270][  0]LogPakFile: OnPakFileMounted2Time == 0.000027
[2025.09.30-22.53.47:272][  0]LogPakFile: PakFile PrimaryIndexSize=183
[2025.09.30-22.53.47:272][  0]LogPakFile: PakFile PathHashIndexSize=101
[2025.09.30-22.53.47:272][  0]LogPakFile: PakFile FullDirectoryIndexSize=140
[2025.09.30-22.53.47:272][  0]LogShaderLibrary: Display: ShaderCodeLibraryPakFileMountedCallback: PakFile 'F:/Games/UE_4.27/FeaturePacks/TP_Rolling.upack' (chunk index -1, root 'root:/') mounted
[2025.09.30-22.53.47:272][  0]LogShaderLibrary: Display: ShaderCodeLibraryPakFileMountedCallback: pending pak file info (ChunkID:-1 Root:root:/ File:F:/Games/UE_4.27/FeaturePacks/TP_Rolling.upack)
[2025.09.30-22.53.47:272][  0]LogPakFile: OnPakFileMounted2Time == 0.000026
[2025.09.30-22.53.47:273][  0]LogPakFile: PakFile PrimaryIndexSize=185
[2025.09.30-22.53.47:273][  0]LogPakFile: PakFile PathHashIndexSize=101
[2025.09.30-22.53.47:273][  0]LogPakFile: PakFile FullDirectoryIndexSize=144
[2025.09.30-22.53.47:273][  0]LogShaderLibrary: Display: ShaderCodeLibraryPakFileMountedCallback: PakFile 'F:/Games/UE_4.27/FeaturePacks/TP_RollingBP.upack' (chunk index -1, root 'root:/') mounted
[2025.09.30-22.53.47:273][  0]LogShaderLibrary: Display: ShaderCodeLibraryPakFileMountedCallback: pending pak file info (ChunkID:-1 Root:root:/ File:F:/Games/UE_4.27/FeaturePacks/TP_RollingBP.upack)
[2025.09.30-22.53.47:273][  0]LogPakFile: OnPakFileMounted2Time == 0.000025
[2025.09.30-22.53.47:275][  0]LogPakFile: PakFile PrimaryIndexSize=188
[2025.09.30-22.53.47:275][  0]LogPakFile: PakFile PathHashIndexSize=101
[2025.09.30-22.53.47:275][  0]LogPakFile: PakFile FullDirectoryIndexSize=150
[2025.09.30-22.53.47:275][  0]LogShaderLibrary: Display: ShaderCodeLibraryPakFileMountedCallback: PakFile 'F:/Games/UE_4.27/FeaturePacks/TP_SideScroller.upack' (chunk index -1, root 'root:/') mounted
[2025.09.30-22.53.47:275][  0]LogShaderLibrary: Display: ShaderCodeLibraryPakFileMountedCallback: pending pak file info (ChunkID:-1 Root:root:/ File:F:/Games/UE_4.27/FeaturePacks/TP_SideScroller.upack)
[2025.09.30-22.53.47:275][  0]LogPakFile: OnPakFileMounted2Time == 0.000032
[2025.09.30-22.53.47:277][  0]LogPakFile: PakFile PrimaryIndexSize=190
[2025.09.30-22.53.47:277][  0]LogPakFile: PakFile PathHashIndexSize=101
[2025.09.30-22.53.47:277][  0]LogPakFile: PakFile FullDirectoryIndexSize=154
[2025.09.30-22.53.47:277][  0]LogShaderLibrary: Display: ShaderCodeLibraryPakFileMountedCallback: PakFile 'F:/Games/UE_4.27/FeaturePacks/TP_SideScrollerBP.upack' (chunk index -1, root 'root:/') mounted
[2025.09.30-22.53.47:277][  0]LogShaderLibrary: Display: ShaderCodeLibraryPakFileMountedCallback: pending pak file info (ChunkID:-1 Root:root:/ File:F:/Games/UE_4.27/FeaturePacks/TP_SideScrollerBP.upack)
[2025.09.30-22.53.47:277][  0]LogPakFile: OnPakFileMounted2Time == 0.000030
[2025.09.30-22.53.47:278][  0]LogPakFile: PakFile PrimaryIndexSize=187
[2025.09.30-22.53.47:278][  0]LogPakFile: PakFile PathHashIndexSize=101
[2025.09.30-22.53.47:278][  0]LogPakFile: PakFile FullDirectoryIndexSize=148
[2025.09.30-22.53.47:278][  0]LogShaderLibrary: Display: ShaderCodeLibraryPakFileMountedCallback: PakFile 'F:/Games/UE_4.27/FeaturePacks/TP_ThirdPerson.upack' (chunk index -1, root 'root:/') mounted
[2025.09.30-22.53.47:278][  0]LogShaderLibrary: Display: ShaderCodeLibraryPakFileMountedCallback: pending pak file info (ChunkID:-1 Root:root:/ File:F:/Games/UE_4.27/FeaturePacks/TP_ThirdPerson.upack)
[2025.09.30-22.53.47:278][  0]LogPakFile: OnPakFileMounted2Time == 0.000025
[2025.09.30-22.53.47:278][  0]LogPakFile: PakFile PrimaryIndexSize=189
[2025.09.30-22.53.47:278][  0]LogPakFile: PakFile PathHashIndexSize=101
[2025.09.30-22.53.47:278][  0]LogPakFile: PakFile FullDirectoryIndexSize=152
[2025.09.30-22.53.47:278][  0]LogShaderLibrary: Display: ShaderCodeLibraryPakFileMountedCallback: PakFile 'F:/Games/UE_4.27/FeaturePacks/TP_ThirdPersonBP.upack' (chunk index -1, root 'root:/') mounted
[2025.09.30-22.53.47:278][  0]LogShaderLibrary: Display: ShaderCodeLibraryPakFileMountedCallback: pending pak file info (ChunkID:-1 Root:root:/ File:F:/Games/UE_4.27/FeaturePacks/TP_ThirdPersonBP.upack)
[2025.09.30-22.53.47:278][  0]LogPakFile: OnPakFileMounted2Time == 0.000024
[2025.09.30-22.53.47:280][  0]LogPakFile: PakFile PrimaryIndexSize=183
[2025.09.30-22.53.47:280][  0]LogPakFile: PakFile PathHashIndexSize=101
[2025.09.30-22.53.47:280][  0]LogPakFile: PakFile FullDirectoryIndexSize=140
[2025.09.30-22.53.47:280][  0]LogShaderLibrary: Display: ShaderCodeLibraryPakFileMountedCallback: PakFile 'F:/Games/UE_4.27/FeaturePacks/TP_TopDown.upack' (chunk index -1, root 'root:/') mounted
[2025.09.30-22.53.47:280][  0]LogShaderLibrary: Display: ShaderCodeLibraryPakFileMountedCallback: pending pak file info (ChunkID:-1 Root:root:/ File:F:/Games/UE_4.27/FeaturePacks/TP_TopDown.upack)
[2025.09.30-22.53.47:280][  0]LogPakFile: OnPakFileMounted2Time == 0.000031
[2025.09.30-22.53.47:281][  0]LogPakFile: PakFile PrimaryIndexSize=185
[2025.09.30-22.53.47:281][  0]LogPakFile: PakFile PathHashIndexSize=101
[2025.09.30-22.53.47:281][  0]LogPakFile: PakFile FullDirectoryIndexSize=144
[2025.09.30-22.53.47:281][  0]LogShaderLibrary: Display: ShaderCodeLibraryPakFileMountedCallback: PakFile 'F:/Games/UE_4.27/FeaturePacks/TP_TopDownBP.upack' (chunk index -1, root 'root:/') mounted
[2025.09.30-22.53.47:281][  0]LogShaderLibrary: Display: ShaderCodeLibraryPakFileMountedCallback: pending pak file info (ChunkID:-1 Root:root:/ File:F:/Games/UE_4.27/FeaturePacks/TP_TopDownBP.upack)
[2025.09.30-22.53.47:281][  0]LogPakFile: OnPakFileMounted2Time == 0.000027
[2025.09.30-22.53.47:282][  0]LogPakFile: PakFile PrimaryIndexSize=185
[2025.09.30-22.53.47:282][  0]LogPakFile: PakFile PathHashIndexSize=101
[2025.09.30-22.53.47:282][  0]LogPakFile: PakFile FullDirectoryIndexSize=144
[2025.09.30-22.53.47:282][  0]LogShaderLibrary: Display: ShaderCodeLibraryPakFileMountedCallback: PakFile 'F:/Games/UE_4.27/FeaturePacks/TP_TwinStick.upack' (chunk index -1, root 'root:/') mounted
[2025.09.30-22.53.47:282][  0]LogShaderLibrary: Display: ShaderCodeLibraryPakFileMountedCallback: pending pak file info (ChunkID:-1 Root:root:/ File:F:/Games/UE_4.27/FeaturePacks/TP_TwinStick.upack)
[2025.09.30-22.53.47:282][  0]LogPakFile: OnPakFileMounted2Time == 0.000024
[2025.09.30-22.53.47:284][  0]LogPakFile: PakFile PrimaryIndexSize=187
[2025.09.30-22.53.47:284][  0]LogPakFile: PakFile PathHashIndexSize=101
[2025.09.30-22.53.47:284][  0]LogPakFile: PakFile FullDirectoryIndexSize=148
[2025.09.30-22.53.47:284][  0]LogShaderLibrary: Display: ShaderCodeLibraryPakFileMountedCallback: PakFile 'F:/Games/UE_4.27/FeaturePacks/TP_TwinStickBP.upack' (chunk index -1, root 'root:/') mounted
[2025.09.30-22.53.47:284][  0]LogShaderLibrary: Display: ShaderCodeLibraryPakFileMountedCallback: pending pak file info (ChunkID:-1 Root:root:/ File:F:/Games/UE_4.27/FeaturePacks/TP_TwinStickBP.upack)
[2025.09.30-22.53.47:284][  0]LogPakFile: OnPakFileMounted2Time == 0.000027
[2025.09.30-22.53.47:285][  0]LogPakFile: PakFile PrimaryIndexSize=183
[2025.09.30-22.53.47:285][  0]LogPakFile: PakFile PathHashIndexSize=101
[2025.09.30-22.53.47:285][  0]LogPakFile: PakFile FullDirectoryIndexSize=140
[2025.09.30-22.53.47:285][  0]LogShaderLibrary: Display: ShaderCodeLibraryPakFileMountedCallback: PakFile 'F:/Games/UE_4.27/FeaturePacks/TP_Vehicle.upack' (chunk index -1, root 'root:/') mounted
[2025.09.30-22.53.47:285][  0]LogShaderLibrary: Display: ShaderCodeLibraryPakFileMountedCallback: pending pak file info (ChunkID:-1 Root:root:/ File:F:/Games/UE_4.27/FeaturePacks/TP_Vehicle.upack)
[2025.09.30-22.53.47:285][  0]LogPakFile: OnPakFileMounted2Time == 0.000023
[2025.09.30-22.53.47:287][  0]LogPakFile: PakFile PrimaryIndexSize=186
[2025.09.30-22.53.47:287][  0]LogPakFile: PakFile PathHashIndexSize=101
[2025.09.30-22.53.47:287][  0]LogPakFile: PakFile FullDirectoryIndexSize=146
[2025.09.30-22.53.47:287][  0]LogShaderLibrary: Display: ShaderCodeLibraryPakFileMountedCallback: PakFile 'F:/Games/UE_4.27/FeaturePacks/TP_VehicleAdv.upack' (chunk index -1, root 'root:/') mounted
[2025.09.30-22.53.47:287][  0]LogShaderLibrary: Display: ShaderCodeLibraryPakFileMountedCallback: pending pak file info (ChunkID:-1 Root:root:/ File:F:/Games/UE_4.27/FeaturePacks/TP_VehicleAdv.upack)
[2025.09.30-22.53.47:287][  0]LogPakFile: OnPakFileMounted2Time == 0.000025
[2025.09.30-22.53.47:288][  0]LogPakFile: PakFile PrimaryIndexSize=188
[2025.09.30-22.53.47:288][  0]LogPakFile: PakFile PathHashIndexSize=101
[2025.09.30-22.53.47:288][  0]LogPakFile: PakFile FullDirectoryIndexSize=150
[2025.09.30-22.53.47:288][  0]LogShaderLibrary: Display: ShaderCodeLibraryPakFileMountedCallback: PakFile 'F:/Games/UE_4.27/FeaturePacks/TP_VehicleAdvBP.upack' (chunk index -1, root 'root:/') mounted
[2025.09.30-22.53.47:288][  0]LogShaderLibrary: Display: ShaderCodeLibraryPakFileMountedCallback: pending pak file info (ChunkID:-1 Root:root:/ File:F:/Games/UE_4.27/FeaturePacks/TP_VehicleAdvBP.upack)
[2025.09.30-22.53.47:288][  0]LogPakFile: OnPakFileMounted2Time == 0.000025
[2025.09.30-22.53.47:290][  0]LogPakFile: PakFile PrimaryIndexSize=185
[2025.09.30-22.53.47:290][  0]LogPakFile: PakFile PathHashIndexSize=101
[2025.09.30-22.53.47:290][  0]LogPakFile: PakFile FullDirectoryIndexSize=144
[2025.09.30-22.53.47:290][  0]LogShaderLibrary: Display: ShaderCodeLibraryPakFileMountedCallback: PakFile 'F:/Games/UE_4.27/FeaturePacks/TP_VehicleBP.upack' (chunk index -1, root 'root:/') mounted
[2025.09.30-22.53.47:290][  0]LogShaderLibrary: Display: ShaderCodeLibraryPakFileMountedCallback: pending pak file info (ChunkID:-1 Root:root:/ File:F:/Games/UE_4.27/FeaturePacks/TP_VehicleBP.upack)
[2025.09.30-22.53.47:290][  0]LogPakFile: OnPakFileMounted2Time == 0.000025
[2025.09.30-22.53.47:291][  0]LogPakFile: PakFile PrimaryIndexSize=192
[2025.09.30-22.53.47:291][  0]LogPakFile: PakFile PathHashIndexSize=101
[2025.09.30-22.53.47:291][  0]LogPakFile: PakFile FullDirectoryIndexSize=158
[2025.09.30-22.53.47:291][  0]LogShaderLibrary: Display: ShaderCodeLibraryPakFileMountedCallback: PakFile 'F:/Games/UE_4.27/FeaturePacks/TP_VirtualRealityBP.upack' (chunk index -1, root 'root:/') mounted
[2025.09.30-22.53.47:291][  0]LogShaderLibrary: Display: ShaderCodeLibraryPakFileMountedCallback: pending pak file info (ChunkID:-1 Root:root:/ File:F:/Games/UE_4.27/FeaturePacks/TP_VirtualRealityBP.upack)
[2025.09.30-22.53.47:291][  0]LogPakFile: OnPakFileMounted2Time == 0.000023
[2025.09.30-22.53.47:395][  0]LogNativeClassHierarchy: Verbose: Native class hierarchy updated for 'AddContentDialog' in 0.0002 seconds. Added 0 classes and 0 folders.
[2025.09.30-22.53.47:402][  0]LogNativeClassHierarchy: Verbose: Native class hierarchy updated for 'SceneOutliner' in 0.0002 seconds. Added 2 classes and 0 folders.
[2025.09.30-22.53.47:492][  0]LogSlate: Took 0.000246 seconds to synchronously load lazily loaded font '../../../Engine/Content/Slate/Fonts/Roboto-Regular.ttf' (155K)
[2025.09.30-22.53.47:494][  0]LogSlate: Took 0.001039 seconds to synchronously load lazily loaded font '../../../Engine/Content/Editor/Slate/Fonts/FontAwesome.ttf' (139K)
[2025.09.30-22.53.47:495][  0]LogSlate: Took 0.000267 seconds to synchronously load lazily loaded font '../../../Engine/Content/Slate/Fonts/Roboto-Bold.ttf' (160K)
[2025.09.30-22.53.47:570][  0]LogRenderer: Reallocating scene render targets to support 940x424 Format 10 NumSamples 1 (Frame:1).
[2025.09.30-22.53.47:770][  0]LogNativeClassHierarchy: Verbose: Native class hierarchy updated for 'HierarchicalLODOutliner' in 0.0003 seconds. Added 0 classes and 0 folders.
[2025.09.30-22.53.47:770][  0]LogLoad: (Engine Initialization) Total time: 7.48 seconds
[2025.09.30-22.53.47:770][  0]LogLoad: (Engine Initialization) Total Blueprint compile time: 0.00 seconds
[2025.09.30-22.53.47:806][  0]LogAssetRegistry: Asset discovery search completed in 4.3455 seconds
[2025.09.30-22.53.47:811][  0]LogCollectionManager: Fixed up redirectors for 0 collections in 0.000004 seconds (updated 0 objects)
[2025.09.30-22.53.47:813][  0]LogContentStreaming: Texture pool size now 1000 MB
[2025.09.30-22.53.47:956][  3]LogSlate: Took 0.000900 seconds to synchronously load lazily loaded font '../../../Engine/Content/Slate/Fonts/Roboto-Light.ttf' (167K)
[2025.09.30-22.53.51:619][411]LogSlate: Took 0.000214 seconds to synchronously load lazily loaded font '../../../Engine/Content/Slate/Fonts/Roboto-Light.ttf' (167K)
[2025.09.30-22.53.51:632][411]LogAssetEditorSubsystem: Opening Asset editor for Blueprint /Game/Characters/Francis/Blueprints/BP_FrancisIA.BP_FrancisIA
[2025.09.30-22.53.51:833][411]LogNativeClassHierarchy: Verbose: Native class hierarchy updated for 'BlueprintGraph' in 0.0004 seconds. Added 126 classes and 0 folders.
[2025.09.30-22.53.52:475][411]LogSlate: Took 0.000254 seconds to synchronously load lazily loaded font '../../../Engine/Content/Slate/Fonts/Roboto-BoldCondensed.ttf' (158K)
[2025.09.30-22.53.53:473][503]LogSlate: Took 0.001119 seconds to synchronously load lazily loaded font '../../../Engine/Content/Slate/Fonts/Roboto-Italic.ttf' (157K)
[2025.09.30-22.55.47:355][564]LogContentBrowser: Deferred new asset file creation: NewBehaviorTree
[2025.09.30-22.55.47:373][564]LogContentBrowser: Creating deferred item: NewBehaviorTree
[2025.09.30-22.56.06:653][878]LogContentBrowser: Attempting asset rename: NewBehaviorTree -> BT_FrancisIA
[2025.09.30-22.56.06:703][878]LogContentBrowser: End creating deferred item NewBehaviorTree
[2025.09.30-22.56.48:531][200]LogAssetEditorSubsystem: Opening Asset editor for BehaviorTree /Game/Characters/Francis/Blueprints/BT_FrancisIA.BT_FrancisIA
[2025.09.30-22.59.38:709][653]LogTemp: Repeating last play command: Selected Viewport
[2025.09.30-22.59.38:717][653]LogPlayLevel: PlayLevel: No blueprints needed recompiling
[2025.09.30-22.59.38:718][653]PIE: New page: PIE session: ThirdPersonExampleMap (30 sep. 2025 11:59:38)
[2025.09.30-22.59.38:719][653]LogOnline: OSS: Creating online subsystem instance for: NULL
[2025.09.30-22.59.38:721][653]LogOnline: OSS: TryLoadSubsystemAndSetDefault: Loaded subsystem for module [NULL]
[2025.09.30-22.59.38:721][653]LogPlayLevel: Creating play world package: /Game/ThirdPersonBP/Maps/UEDPIE_0_ThirdPersonExampleMap
[2025.09.30-22.59.38:734][653]LogPlayLevel: PIE: StaticDuplicateObject took: (0.012397s)
[2025.09.30-22.59.38:735][653]LogAIModule: Creating AISystem for world ThirdPersonExampleMap
[2025.09.30-22.59.38:735][653]LogPlayLevel: PIE: World Init took: (0.001064s)
[2025.09.30-22.59.38:735][653]LogPlayLevel: PIE: Created PIE world by copying editor world from /Game/ThirdPersonBP/Maps/ThirdPersonExampleMap.ThirdPersonExampleMap to /Game/ThirdPersonBP/Maps/UEDPIE_0_ThirdPersonExampleMap.ThirdPersonExampleMap (0.013581s)
[2025.09.30-22.59.38:757][653]LogUObjectHash: Compacting FUObjectHashTables data took   1.91ms
[2025.09.30-22.59.38:758][653]LogAudio: Display: Creating Audio Device:                 Id: 2, Scope: Unique, Realtime: True
[2025.09.30-22.59.38:758][653]LogAudioMixer: Display: Audio Mixer Platform Settings:
[2025.09.30-22.59.38:758][653]LogAudioMixer: Display: 	Sample Rate:						  48000
[2025.09.30-22.59.38:758][653]LogAudioMixer: Display: 	Callback Buffer Frame Size Requested: 1024
[2025.09.30-22.59.38:758][653]LogAudioMixer: Display: 	Callback Buffer Frame Size To Use:	  1024
[2025.09.30-22.59.38:758][653]LogAudioMixer: Display: 	Number of buffers to queue:			  2
[2025.09.30-22.59.38:758][653]LogAudioMixer: Display: 	Max Channels (voices):				  32
[2025.09.30-22.59.38:758][653]LogAudioMixer: Display: 	Number of Async Source Workers:		  0
[2025.09.30-22.59.38:758][653]LogAudio: Display: AudioDevice MaxSources: 32
[2025.09.30-22.59.38:758][653]LogAudio: Display: Audio Spatialization Plugin: None (built-in).
[2025.09.30-22.59.38:758][653]LogAudio: Display: Audio Reverb Plugin: None (built-in).
[2025.09.30-22.59.38:758][653]LogAudio: Display: Audio Occlusion Plugin: None (built-in).
[2025.09.30-22.59.38:758][653]LogAudioMixer: Display: Initializing audio mixer.
[2025.09.30-22.59.38:760][653]LogAudioMixer: Display: 0: FrontLeft
[2025.09.30-22.59.38:760][653]LogAudioMixer: Display: 1: FrontRight
[2025.09.30-22.59.38:790][653]LogAudioMixer: Display: Using Audio Device Altavoces (Realtek(R) Audio)
[2025.09.30-22.59.38:791][653]LogAudioMixer: Display: Initializing Sound Submixes...
[2025.09.30-22.59.38:791][653]LogAudioMixer: Display: Creating Master Submix 'MasterSubmixDefault'
[2025.09.30-22.59.38:791][653]LogAudioMixer: Display: Creating Master Submix 'MasterReverbSubmixDefault'
[2025.09.30-22.59.38:791][653]LogAudioMixer: Display: Creating Master Submix 'MasterEQSubmixDefault'
[2025.09.30-22.59.38:791][653]LogAudioMixer: FMixerPlatformXAudio2::StartAudioStream() called
[2025.09.30-22.59.38:791][653]LogAudioMixer: Display: Output buffers initialized: Frames=1024, Channels=2, Samples=2048
[2025.09.30-22.59.38:792][653]LogAudioMixer: Display: Starting AudioMixerPlatformInterface::RunInternal()
[2025.09.30-22.59.38:792][653]LogAudioMixer: Display: FMixerPlatformXAudio2::SubmitBuffer() called for the first time
[2025.09.30-22.59.38:792][653]LogInit: FAudioDevice initialized.
[2025.09.30-22.59.38:792][653]LogAudio: Display: Audio Device (ID: 2) registered with world 'ThirdPersonExampleMap'.
[2025.09.30-22.59.38:798][653]LogLoad: Game class is 'BP_GameMode_C'
[2025.09.30-22.59.38:801][653]LogWorld: Bringing World /Game/ThirdPersonBP/Maps/UEDPIE_0_ThirdPersonExampleMap.ThirdPersonExampleMap up for play (max tick rate 0) at 2025.09.30-16.59.38
[2025.09.30-22.59.38:803][653]LogWorld: Bringing up level for play took: 0.002653
[2025.09.30-22.59.38:803][653]LogOnline: OSS: Creating online subsystem instance for: :Context_5
[2025.09.30-22.59.38:807][653]LogNativeClassHierarchy: Verbose: Native class hierarchy updated for 'MovieSceneCapture' in 0.0003 seconds. Added 20 classes and 0 folders.
[2025.09.30-22.59.38:810][653]PIE: Server logged in
[2025.09.30-22.59.38:812][653]PIE: Play in editor total start time 0.097 seconds.
[2025.09.30-22.59.42:980][121]LogBlueprintUserMessages: [BP_FrancisIA_2] Se ha encontrado la mesa
[2025.09.30-22.59.44:972][360]LogBlueprintUserMessages: [BP_FrancisIA_2] OnreachedTable Iniciado
[2025.09.30-22.59.49:980][959]LogBlueprintUserMessages: [BP_FrancisIA_2] Paciencia agotada, ENTRANDO EN MODO FURIA
[2025.09.30-22.59.51:980][199]LogBlueprintUserMessages: [BP_FrancisIA_2] EnterFury ejecutado
[2025.09.30-22.59.53:980][439]LogBlueprintUserMessages: [BP_FrancisIA_2] IsAttacking ejecutado
[2025.09.30-22.59.56:230][709]LogBlueprintUserMessages: [BP_FrancisIA_2] MOVETOTARGET ejecutado
[2025.09.30-22.59.56:481][739]LogBlueprintUserMessages: [BP_FrancisIA_2] MOVETOTARGET ejecutado
[2025.09.30-22.59.56:730][769]LogBlueprintUserMessages: [BP_FrancisIA_2] MOVETOTARGET ejecutado
[2025.09.30-22.59.56:980][799]LogBlueprintUserMessages: [BP_FrancisIA_2] MOVETOTARGET ejecutado
[2025.09.30-22.59.57:230][829]LogBlueprintUserMessages: [BP_FrancisIA_2] MOVETOTARGET ejecutado
[2025.09.30-22.59.57:481][859]LogBlueprintUserMessages: [BP_FrancisIA_2] MOVETOTARGET ejecutado
[2025.09.30-22.59.57:730][889]LogBlueprintUserMessages: [BP_FrancisIA_2] MOVETOTARGET ejecutado
[2025.09.30-22.59.57:981][919]LogBlueprintUserMessages: [BP_FrancisIA_2] MOVETOTARGET ejecutado
[2025.09.30-22.59.58:232][949]LogBlueprintUserMessages: [BP_FrancisIA_2] MOVETOTARGET ejecutado
[2025.09.30-22.59.58:481][979]LogBlueprintUserMessages: [BP_FrancisIA_2] MOVETOTARGET ejecutado
[2025.09.30-22.59.58:732][  9]LogBlueprintUserMessages: [BP_FrancisIA_2] MOVETOTARGET ejecutado
[2025.09.30-22.59.58:982][ 39]LogBlueprintUserMessages: [BP_FrancisIA_2] MOVETOTARGET ejecutado
[2025.09.30-22.59.59:231][ 69]LogBlueprintUserMessages: [BP_FrancisIA_2] MOVETOTARGET ejecutado
[2025.09.30-22.59.59:482][ 99]LogBlueprintUserMessages: [BP_FrancisIA_2] MOVETOTARGET ejecutado
[2025.09.30-22.59.59:731][129]LogBlueprintUserMessages: [BP_FrancisIA_2] MOVETOTARGET ejecutado
[2025.09.30-22.59.59:982][159]LogBlueprintUserMessages: [BP_FrancisIA_2] MOVETOTARGET ejecutado
[2025.09.30-23.00.00:231][189]LogBlueprintUserMessages: [BP_FrancisIA_2] MOVETOTARGET ejecutado
[2025.09.30-23.00.00:482][219]LogBlueprintUserMessages: [BP_FrancisIA_2] MOVETOTARGET ejecutado
[2025.09.30-23.00.00:731][249]LogBlueprintUserMessages: [BP_FrancisIA_2] MOVETOTARGET ejecutado
[2025.09.30-23.00.00:981][279]LogBlueprintUserMessages: [BP_FrancisIA_2] MOVETOTARGET ejecutado
[2025.09.30-23.00.01:231][309]LogBlueprintUserMessages: [BP_FrancisIA_2] MOVETOTARGET ejecutado
[2025.09.30-23.00.01:482][339]LogBlueprintUserMessages: [BP_FrancisIA_2] MOVETOTARGET ejecutado
[2025.09.30-23.00.01:732][369]LogBlueprintUserMessages: [BP_FrancisIA_2] MOVETOTARGET ejecutado
[2025.09.30-23.00.01:982][399]LogBlueprintUserMessages: [BP_FrancisIA_2] MOVETOTARGET ejecutado
[2025.09.30-23.00.02:232][429]LogBlueprintUserMessages: [BP_FrancisIA_2] MOVETOTARGET ejecutado
[2025.09.30-23.00.02:482][459]LogBlueprintUserMessages: [BP_FrancisIA_2] MOVETOTARGET ejecutado
[2025.09.30-23.00.02:732][489]LogBlueprintUserMessages: [BP_FrancisIA_2] MOVETOTARGET ejecutado
[2025.09.30-23.00.02:982][519]LogBlueprintUserMessages: [BP_FrancisIA_2] MOVETOTARGET ejecutado
[2025.09.30-23.00.03:232][549]LogBlueprintUserMessages: [BP_FrancisIA_2] MOVETOTARGET ejecutado
[2025.09.30-23.00.03:482][579]LogBlueprintUserMessages: [BP_FrancisIA_2] MOVETOTARGET ejecutado
[2025.09.30-23.00.03:732][609]LogBlueprintUserMessages: [BP_FrancisIA_2] MOVETOTARGET ejecutado
[2025.09.30-23.00.03:982][639]LogBlueprintUserMessages: [BP_FrancisIA_2] MOVETOTARGET ejecutado
[2025.09.30-23.00.04:232][669]LogBlueprintUserMessages: [BP_FrancisIA_2] MOVETOTARGET ejecutado
[2025.09.30-23.00.04:482][699]LogBlueprintUserMessages: [BP_FrancisIA_2] MOVETOTARGET ejecutado
[2025.09.30-23.00.04:732][729]LogBlueprintUserMessages: [BP_FrancisIA_2] MOVETOTARGET ejecutado
[2025.09.30-23.00.04:982][759]LogBlueprintUserMessages: [BP_FrancisIA_2] MOVETOTARGET ejecutado
[2025.09.30-23.00.05:232][789]LogBlueprintUserMessages: [BP_FrancisIA_2] MOVETOTARGET ejecutado
[2025.09.30-23.00.05:482][819]LogBlueprintUserMessages: [BP_FrancisIA_2] MOVETOTARGET ejecutado
[2025.09.30-23.00.05:732][849]LogBlueprintUserMessages: [BP_FrancisIA_2] MOVETOTARGET ejecutado
[2025.09.30-23.00.05:974][878]LogBlueprintUserMessages: [BP_FrancisIA_2] Vida50.0
[2025.09.30-23.00.05:982][879]LogBlueprintUserMessages: [BP_FrancisIA_2] MOVETOTARGET ejecutado
[2025.09.30-23.00.06:232][909]LogBlueprintUserMessages: [BP_FrancisIA_2] MOVETOTARGET ejecutado
[2025.09.30-23.00.06:482][939]LogBlueprintUserMessages: [BP_FrancisIA_2] MOVETOTARGET ejecutado
[2025.09.30-23.00.06:732][969]LogBlueprintUserMessages: [BP_FrancisIA_2] MOVETOTARGET ejecutado
[2025.09.30-23.00.06:974][998]LogBlueprintUserMessages: [BP_FrancisIA_2] Vida50.0
[2025.09.30-23.00.06:982][999]LogBlueprintUserMessages: [BP_FrancisIA_2] MOVETOTARGET ejecutado
[2025.09.30-23.00.07:232][ 29]LogBlueprintUserMessages: [BP_FrancisIA_2] MOVETOTARGET ejecutado
[2025.09.30-23.00.07:482][ 59]LogBlueprintUserMessages: [BP_FrancisIA_2] MOVETOTARGET ejecutado
[2025.09.30-23.00.07:732][ 89]LogBlueprintUserMessages: [BP_FrancisIA_2] MOVETOTARGET ejecutado
[2025.09.30-23.00.07:982][119]LogBlueprintUserMessages: [BP_FrancisIA_2] MOVETOTARGET ejecutado
[2025.09.30-23.00.08:233][149]LogBlueprintUserMessages: [BP_FrancisIA_2] MOVETOTARGET ejecutado
[2025.09.30-23.00.08:373][166]LogBlueprintUserMessages: [BP_FrancisIA_2] Vida50.0
[2025.09.30-23.00.08:483][179]LogBlueprintUserMessages: [BP_FrancisIA_2] MOVETOTARGET ejecutado
[2025.09.30-23.00.08:732][209]LogBlueprintUserMessages: [BP_FrancisIA_2] MOVETOTARGET ejecutado
[2025.09.30-23.00.08:982][239]LogBlueprintUserMessages: [BP_FrancisIA_2] MOVETOTARGET ejecutado
[2025.09.30-23.00.09:233][269]LogBlueprintUserMessages: [BP_FrancisIA_2] MOVETOTARGET ejecutado
[2025.09.30-23.00.09:374][286]LogBlueprintUserMessages: [BP_FrancisIA_2] Vida50.0
[2025.09.30-23.00.09:482][299]LogBlueprintUserMessages: [BP_FrancisIA_2] MOVETOTARGET ejecutado
[2025.09.30-23.00.09:733][329]LogBlueprintUserMessages: [BP_FrancisIA_2] MOVETOTARGET ejecutado
[2025.09.30-23.00.09:982][359]LogBlueprintUserMessages: [BP_FrancisIA_2] MOVETOTARGET ejecutado
[2025.09.30-23.00.10:232][389]LogBlueprintUserMessages: [BP_FrancisIA_2] MOVETOTARGET ejecutado
[2025.09.30-23.00.10:375][406]LogBlueprintUserMessages: [BP_FrancisIA_2] Vida50.0
[2025.09.30-23.00.10:375][406]LogBlueprintUserMessages: [BP_ClareCharacter_C_0] CLARE A MUERTO
[2025.09.30-23.00.10:483][419]LogBlueprintUserMessages: [BP_FrancisIA_2] MOVETOTARGET ejecutado
[2025.09.30-23.00.10:732][449]LogBlueprintUserMessages: [BP_FrancisIA_2] MOVETOTARGET ejecutado
[2025.09.30-23.00.10:983][479]LogBlueprintUserMessages: [BP_FrancisIA_2] MOVETOTARGET ejecutado
[2025.09.30-23.00.11:233][509]LogBlueprintUserMessages: [BP_FrancisIA_2] MOVETOTARGET ejecutado
[2025.09.30-23.00.11:375][526]LogBlueprintUserMessages: [BP_FrancisIA_2] Vida50.0
[2025.09.30-23.00.11:375][526]LogBlueprintUserMessages: [BP_ClareCharacter_C_0] CLARE A MUERTO
[2025.09.30-23.00.11:483][539]LogBlueprintUserMessages: [BP_FrancisIA_2] MOVETOTARGET ejecutado
[2025.09.30-23.00.11:733][569]LogBlueprintUserMessages: [BP_FrancisIA_2] MOVETOTARGET ejecutado
[2025.09.30-23.00.11:983][599]LogBlueprintUserMessages: [BP_FrancisIA_2] MOVETOTARGET ejecutado
[2025.09.30-23.00.12:233][629]LogBlueprintUserMessages: [BP_FrancisIA_2] MOVETOTARGET ejecutado
[2025.09.30-23.00.12:375][646]LogBlueprintUserMessages: [BP_FrancisIA_2] Vida50.0
[2025.09.30-23.00.12:375][646]LogBlueprintUserMessages: [BP_ClareCharacter_C_0] CLARE A MUERTO
[2025.09.30-23.00.12:482][659]LogBlueprintUserMessages: [BP_FrancisIA_2] MOVETOTARGET ejecutado
[2025.09.30-23.00.12:733][689]LogBlueprintUserMessages: [BP_FrancisIA_2] MOVETOTARGET ejecutado
[2025.09.30-23.00.12:983][719]LogBlueprintUserMessages: [BP_FrancisIA_2] MOVETOTARGET ejecutado
[2025.09.30-23.00.13:232][749]LogBlueprintUserMessages: [BP_FrancisIA_2] MOVETOTARGET ejecutado
[2025.09.30-23.00.13:482][779]LogBlueprintUserMessages: [BP_FrancisIA_2] MOVETOTARGET ejecutado
[2025.09.30-23.00.13:732][809]LogBlueprintUserMessages: [BP_FrancisIA_2] MOVETOTARGET ejecutado
[2025.09.30-23.00.13:807][818]LogBlueprintUserMessages: [BP_FrancisIA_2] Vida50.0
[2025.09.30-23.00.13:807][818]LogBlueprintUserMessages: [BP_ClareCharacter_C_0] CLARE A MUERTO
[2025.09.30-23.00.13:982][839]LogBlueprintUserMessages: [BP_FrancisIA_2] MOVETOTARGET ejecutado
[2025.09.30-23.00.14:232][869]LogBlueprintUserMessages: [BP_FrancisIA_2] MOVETOTARGET ejecutado
[2025.09.30-23.00.14:482][899]LogBlueprintUserMessages: [BP_FrancisIA_2] MOVETOTARGET ejecutado
[2025.09.30-23.00.14:732][929]LogBlueprintUserMessages: [BP_FrancisIA_2] MOVETOTARGET ejecutado
[2025.09.30-23.00.14:983][959]LogBlueprintUserMessages: [BP_FrancisIA_2] MOVETOTARGET ejecutado
[2025.09.30-23.00.15:233][989]LogBlueprintUserMessages: [BP_FrancisIA_2] MOVETOTARGET ejecutado
[2025.09.30-23.00.15:249][991]LogBlueprintUserMessages: [BP_FrancisIA_2] Vida50.0
[2025.09.30-23.00.15:249][991]LogBlueprintUserMessages: [BP_ClareCharacter_C_0] CLARE A MUERTO
[2025.09.30-23.00.15:482][ 19]LogBlueprintUserMessages: [BP_FrancisIA_2] MOVETOTARGET ejecutado
[2025.09.30-23.00.15:591][ 28]LogSlate: Updating window title bar state: overlay mode, drag disabled, window buttons hidden, title bar hidden
[2025.09.30-23.00.15:591][ 28]LogWorld: BeginTearingDown for /Game/ThirdPersonBP/Maps/UEDPIE_0_ThirdPersonExampleMap
[2025.09.30-23.00.15:591][ 28]LogWorld: UWorld::CleanupWorld for ThirdPersonExampleMap, bSessionEnded=true, bCleanupResources=true
[2025.09.30-23.00.15:592][ 28]LogSlate: InvalidateAllWidgets triggered.  All widgets were invalidated
[2025.09.30-23.00.15:598][ 28]LogPlayLevel: Display: Shutting down PIE online subsystems
[2025.09.30-23.00.15:601][ 28]LogSlate: InvalidateAllWidgets triggered.  All widgets were invalidated
[2025.09.30-23.00.15:623][ 28]LogAudio: Display: Audio Device unregistered from world 'None'.
[2025.09.30-23.00.15:623][ 28]LogAudioMixer: FMixerPlatformXAudio2::StopAudioStream() called
[2025.09.30-23.00.15:624][ 28]LogAudioMixer: FMixerPlatformXAudio2::StopAudioStream() called
[2025.09.30-23.00.15:625][ 28]LogSlate: Updating window title bar state: overlay mode, drag disabled, window buttons hidden, title bar hidden
[2025.09.30-23.00.15:641][ 28]LogUObjectHash: Compacting FUObjectHashTables data took   2.56ms
[2025.09.30-23.00.15:674][ 30]LogPlayLevel: Display: Destroying online subsystem :Context_5
[2025.09.30-23.15.01:893][495]LogUObjectHash: Compacting FUObjectHashTables data took   2.40ms
[2025.09.30-23.15.01:898][495]LogFileHelpers: Editor autosave (incl. external actors) for '/Game/ThirdPersonBP/Maps/ThirdPersonExampleMap' took 0.029
[2025.09.30-23.15.01:903][495]OBJ SavePackage: Generating thumbnails for [2] asset(s) in package [/Game/Characters/Francis/Blueprints/BP_FrancisIA] ([2] browsable assets)...
[2025.09.30-23.15.01:916][495]OBJ SavePackage:     Rendered thumbnail for [BlueprintGeneratedClass /Game/Characters/Francis/Blueprints/BP_FrancisIA.BP_FrancisIA_C]
[2025.09.30-23.15.01:923][495]OBJ SavePackage:     Rendered thumbnail for [Blueprint /Game/Characters/Francis/Blueprints/BP_FrancisIA.BP_FrancisIA]
[2025.09.30-23.15.01:923][495]OBJ SavePackage: Finished generating thumbnails for package [/Game/Characters/Francis/Blueprints/BP_FrancisIA]
[2025.09.30-23.15.01:984][495]LogSavePackage: Moving '../../../../../Proyectos UE 4.27/TasteOfMadness/TasteOfMadness/Saved/BP_FrancisIA_Auto196E616C74B9D1AAB51CCBBBD9260BD08.tmp' to '../../../../../Proyectos UE 4.27/TasteOfMadness/TasteOfMadness/Saved/Autosaves/Game/Characters/Francis/Blueprints/BP_FrancisIA_Auto1.uasset'
[2025.09.30-23.15.01:986][495]LogFileHelpers: Auto-saving content packages took 0.088
[2025.09.30-23.18.23:968][473]LogSlate: Window 'BP_FrancisIA' being destroyed
[2025.09.30-23.18.23:972][473]LogSlate: Window 'BP_FrancisIA' being destroyed
[2025.09.30-23.18.23:999][473]LogWorld: UWorld::CleanupWorld for World_1, bSessionEnded=true, bCleanupResources=true
[2025.09.30-23.18.23:999][473]LogSlate: InvalidateAllWidgets triggered.  All widgets were invalidated
[2025.09.30-23.18.28:732][ 28]LogUObjectHash: Compacting FUObjectHashTables data took   1.88ms
[2025.09.30-23.18.32:758][ 28]LogSlate: Window 'Save Content' being destroyed
[2025.09.30-23.18.32:777][ 28]LogSlate: Window 'TasteOfMadness - Unreal Editor' being destroyed
[2025.09.30-23.18.32:778][ 28]LogWindowsTextInputMethodSystem: Display: IME system deactivated.
[2025.09.30-23.18.32:859][ 29]Cmd: QUIT_EDITOR
[2025.09.30-23.18.32:859][ 29]LogCore: Engine exit requested (reason: UUnrealEdEngine::CloseEditor())
[2025.09.30-23.18.32:862][ 29]LogCore: Engine exit requested (reason: EngineExit() was called; note: exit was already requested)
[2025.09.30-23.18.33:110][ 29]LogAudio: Display: Beginning Audio Device Manager Shutdown (Module: AudioMixerXAudio2)...
[2025.09.30-23.18.33:110][ 29]LogAudio: Display: Destroying 1 Remaining Audio Device(s)...
[2025.09.30-23.18.33:110][ 29]LogAudio: Display: Audio Device unregistered from world 'ThirdPersonExampleMap'.
[2025.09.30-23.18.33:110][ 29]LogAudioMixer: FMixerPlatformXAudio2::StopAudioStream() called
[2025.09.30-23.18.33:111][ 29]LogAudioMixer: FMixerPlatformXAudio2::StopAudioStream() called
[2025.09.30-23.18.33:112][ 29]LogAudio: Display: Audio Device Manager Shutdown
[2025.09.30-23.18.33:117][ 29]LogExit: Preparing to exit.
[2025.09.30-23.18.33:695][ 29]LogUObjectHash: Compacting FUObjectHashTables data took   2.16ms
[2025.09.30-23.18.33:779][ 29]LogWorld: UWorld::CleanupWorld for World_4, bSessionEnded=true, bCleanupResources=true
[2025.09.30-23.18.33:781][ 29]LogWorld: UWorld::CleanupWorld for World_0, bSessionEnded=true, bCleanupResources=true
[2025.09.30-23.18.33:782][ 29]LogWorld: UWorld::CleanupWorld for World_2, bSessionEnded=true, bCleanupResources=true
[2025.09.30-23.18.33:782][ 29]LogWorld: UWorld::CleanupWorld for World_3, bSessionEnded=true, bCleanupResources=true
[2025.09.30-23.18.33:808][ 29]LogDemo: Cleaned up 0 splitscreen connections with owner deletion
[2025.09.30-23.18.33:814][ 29]LogWorld: UWorld::CleanupWorld for None, bSessionEnded=true, bCleanupResources=true
[2025.09.30-23.18.33:814][ 29]LogExit: Editor shut down
[2025.09.30-23.18.33:814][ 29]LogExit: Transaction tracking system shut down
[2025.09.30-23.18.34:091][ 29]LogExit: Object subsystem successfully closed.
[2025.09.30-23.18.34:108][ 29]LogShaderCompilers: Display: === FShaderJobCache stats ===
[2025.09.30-23.18.34:108][ 29]LogShaderCompilers: Display: Total job queries 0, among them cache hits 0 (0.00%)
[2025.09.30-23.18.34:108][ 29]LogShaderCompilers: Display: Tracking 0 distinct input hashes that result in 0 distinct outputs (0.00%)
[2025.09.30-23.18.34:108][ 29]LogShaderCompilers: Display: RAM used: 0.00 MB (0.00 GB) of 1638.40 MB (1.60 GB) budget. Usage: 0.00%
[2025.09.30-23.18.34:108][ 29]LogShaderCompilers: Display: ================================================
[2025.09.30-23.18.34:114][ 29]LogShaderCompilers: Display: Shaders left to compile 0
[2025.09.30-23.18.34:124][ 29]LogModuleManager: Shutting down and abandoning module MovieSceneCapture (876)
[2025.09.30-23.18.34:124][ 29]LogModuleManager: Shutting down and abandoning module Voice (874)
[2025.09.30-23.18.34:124][ 29]LogModuleManager: Shutting down and abandoning module BlueprintGraph (872)
[2025.09.30-23.18.34:124][ 29]LogModuleManager: Shutting down and abandoning module HierarchicalLODOutliner (870)
[2025.09.30-23.18.34:124][ 29]LogModuleManager: Shutting down and abandoning module SceneOutliner (868)
[2025.09.30-23.18.34:124][ 29]LogModuleManager: Shutting down and abandoning module AddContentDialog (866)
[2025.09.30-23.18.34:124][ 29]LogModuleManager: Shutting down and abandoning module WidgetCarousel (865)
[2025.09.30-23.18.34:124][ 29]LogModuleManager: Shutting down and abandoning module EditorWidgets (862)
[2025.09.30-23.18.34:124][ 29]LogModuleManager: Shutting down and abandoning module StatsViewer (860)
[2025.09.30-23.18.34:124][ 29]LogModuleManager: Shutting down and abandoning module PIEPreviewDeviceProfileSelector (858)
[2025.09.30-23.18.34:124][ 29]LogModuleManager: Shutting down and abandoning module SequenceRecorderSections (856)
[2025.09.30-23.18.34:124][ 29]LogModuleManager: Shutting down and abandoning module AutomationWorker (854)
[2025.09.30-23.18.34:124][ 29]LogModuleManager: Shutting down and abandoning module SteamVREditor (852)
[2025.09.30-23.18.34:124][ 29]LogModuleManager: Shutting down and abandoning module OculusMR (850)
[2025.09.30-23.18.34:124][ 29]LogModuleManager: Shutting down and abandoning module TakeRecorderSources (848)
[2025.09.30-23.18.34:124][ 29]LogModuleManager: Shutting down and abandoning module TakeRecorder (847)
[2025.09.30-23.18.34:124][ 29]LogModuleManager: Shutting down and abandoning module TakeTrackRecorders (844)
[2025.09.30-23.18.34:124][ 29]LogModuleManager: Shutting down and abandoning module TakesCore (842)
[2025.09.30-23.18.34:125][ 29]LogModuleManager: Shutting down and abandoning module OpenXRInput (840)
[2025.09.30-23.18.34:125][ 29]LogModuleManager: Shutting down and abandoning module GooglePADEditor (838)
[2025.09.30-23.18.34:125][ 29]LogModuleManager: Shutting down and abandoning module AudioCaptureEditor (836)
[2025.09.30-23.18.34:125][ 29]LogModuleManager: Shutting down and abandoning module TemplateSequenceEditor (834)
[2025.09.30-23.18.34:125][ 29]LogModuleManager: Shutting down and abandoning module MatineeToLevelSequence (832)
[2025.09.30-23.18.34:125][ 29]LogModuleManager: Shutting down and abandoning module LevelSequenceEditor (830)
[2025.09.30-23.18.34:125][ 29]LogModuleManager: Shutting down and abandoning module WebMMediaFactory (828)
[2025.09.30-23.18.34:125][ 29]LogModuleManager: Shutting down and abandoning module WebMMediaEditor (826)
[2025.09.30-23.18.34:125][ 29]LogModuleManager: Shutting down and abandoning module WebMMedia (824)
[2025.09.30-23.18.34:125][ 29]LogModuleManager: Shutting down and abandoning module ActorSequenceEditor (822)
[2025.09.30-23.18.34:125][ 29]LogModuleManager: Shutting down and abandoning module WmfMediaFactory (820)
[2025.09.30-23.18.34:125][ 29]LogModuleManager: Shutting down and abandoning module WmfMediaEditor (818)
[2025.09.30-23.18.34:125][ 29]LogModuleManager: Shutting down and abandoning module MediaPlayerEditor (816)
[2025.09.30-23.18.34:125][ 29]LogModuleManager: Shutting down and abandoning module MediaCompositingEditor (814)
[2025.09.30-23.18.34:125][ 29]LogModuleManager: Shutting down and abandoning module SequenceRecorder (813)
[2025.09.30-23.18.34:125][ 29]LogModuleManager: Shutting down and abandoning module OpenExrWrapper (810)
[2025.09.30-23.18.34:125][ 29]LogModuleManager: Shutting down and abandoning module ImgMediaFactory (808)
[2025.09.30-23.18.34:125][ 29]LogModuleManager: Shutting down and abandoning module ImgMediaEditor (806)
[2025.09.30-23.18.34:125][ 29]LogModuleManager: Shutting down and abandoning module AvfMediaFactory (804)
[2025.09.30-23.18.34:125][ 29]LogModuleManager: Shutting down and abandoning module AvfMediaEditor (802)
[2025.09.30-23.18.34:125][ 29]LogModuleManager: Shutting down and abandoning module AndroidMediaFactory (800)
[2025.09.30-23.18.34:125][ 29]LogModuleManager: Shutting down and abandoning module AndroidMediaEditor (798)
[2025.09.30-23.18.34:125][ 29]LogModuleManager: Shutting down and abandoning module MagicLeapMediaCodecFactory (796)
[2025.09.30-23.18.34:125][ 29]LogModuleManager: Shutting down and abandoning module MagicLeapMediaFactory (794)
[2025.09.30-23.18.34:125][ 29]LogModuleManager: Shutting down and abandoning module MagicLeapMediaEditor (792)
[2025.09.30-23.18.34:125][ 29]LogModuleManager: Shutting down and abandoning module PlanarCut (790)
[2025.09.30-23.18.34:125][ 29]LogModuleManager: Shutting down and abandoning module CharacterAI (788)
[2025.09.30-23.18.34:125][ 29]LogModuleManager: Shutting down and abandoning module TextureAlignMode (786)
[2025.09.30-23.18.34:125][ 29]LogModuleManager: Shutting down and abandoning module BspMode (784)
[2025.09.30-23.18.34:125][ 29]LogModuleManager: Shutting down and abandoning module GeometryMode (782)
[2025.09.30-23.18.34:125][ 29]LogModuleManager: Shutting down and abandoning module CameraShakePreviewer (780)
[2025.09.30-23.18.34:125][ 29]LogModuleManager: Shutting down and abandoning module SmartSnapping (778)
[2025.09.30-23.18.34:125][ 29]LogModuleManager: Shutting down and abandoning module SessionServices (776)
[2025.09.30-23.18.34:125][ 29]LogModuleManager: Shutting down and abandoning module MeshPaint (774)
[2025.09.30-23.18.34:125][ 29]LogModuleManager: Shutting down and abandoning module VirtualTexturingEditor (772)
[2025.09.30-23.18.34:125][ 29]LogModuleManager: Shutting down and abandoning module FoliageEdit (770)
[2025.09.30-23.18.34:125][ 29]LogModuleManager: Shutting down and abandoning module LandscapeEditor (768)
[2025.09.30-23.18.34:125][ 29]LogModuleManager: Shutting down and abandoning module MeshPaintMode (766)
[2025.09.30-23.18.34:125][ 29]LogModuleManager: Shutting down and abandoning module SceneDepthPickerMode (764)
[2025.09.30-23.18.34:125][ 29]LogModuleManager: Shutting down and abandoning module ActorPickerMode (762)
[2025.09.30-23.18.34:125][ 29]LogModuleManager: Shutting down and abandoning module PlacementMode (760)
[2025.09.30-23.18.34:125][ 29]LogModuleManager: Shutting down and abandoning module ViewportSnapping (758)
[2025.09.30-23.18.34:125][ 29]LogModuleManager: Shutting down and abandoning module ViewportInteraction (756)
[2025.09.30-23.18.34:125][ 29]LogModuleManager: Shutting down and abandoning module ClothPainter (754)
[2025.09.30-23.18.34:125][ 29]LogModuleManager: Shutting down and abandoning module SkeletalMeshEditor (753)
[2025.09.30-23.18.34:125][ 29]LogModuleManager: Shutting down and abandoning module LogVisualizer (750)
[2025.09.30-23.18.34:125][ 29]LogModuleManager: Shutting down and abandoning module IntroTutorials (748)
[2025.09.30-23.18.34:125][ 29]LogModuleManager: Shutting down and abandoning module GameProjectGeneration (747)
[2025.09.30-23.18.34:125][ 29]LogModuleManager: Shutting down and abandoning module LuminPlatformEditor (744)
[2025.09.30-23.18.34:125][ 29]LogModuleManager: Shutting down and abandoning module IOSPlatformEditor (742)
[2025.09.30-23.18.34:125][ 29]LogModuleManager: Shutting down and abandoning module AndroidPlatformEditor (740)
[2025.09.30-23.18.34:125][ 29]LogModuleManager: Shutting down and abandoning module AndroidDeviceDetection (739)
[2025.09.30-23.18.35:108][ 29]LogModuleManager: Shutting down and abandoning module WindowsPlatformEditor (736)
[2025.09.30-23.18.35:108][ 29]LogModuleManager: Shutting down and abandoning module LuminRuntimeSettings (734)
[2025.09.30-23.18.35:108][ 29]LogModuleManager: Shutting down and abandoning module IOSRuntimeSettings (732)
[2025.09.30-23.18.35:108][ 29]LogModuleManager: Shutting down and abandoning module AndroidRuntimeSettings (730)
[2025.09.30-23.18.35:108][ 29]LogModuleManager: Shutting down and abandoning module TraceInsights (728)
[2025.09.30-23.18.35:109][ 29]MemoryProfiler: Shutdown
[2025.09.30-23.18.35:109][ 29]NetworkingProfiler: Shutdown
[2025.09.30-23.18.35:109][ 29]LoadingProfiler: Shutdown
[2025.09.30-23.18.35:109][ 29]TimingProfiler: Shutdown
[2025.09.30-23.18.35:109][ 29]LogModuleManager: Shutting down and abandoning module TraceServices (727)
[2025.09.30-23.18.35:109][ 29]LogModuleManager: Shutting down and abandoning module EditorInteractiveToolsFramework (724)
[2025.09.30-23.18.35:109][ 29]LogModuleManager: Shutting down and abandoning module TimeManagementEditor (722)
[2025.09.30-23.18.35:109][ 29]LogModuleManager: Shutting down and abandoning module InputBindingEditor (720)
[2025.09.30-23.18.35:109][ 29]LogModuleManager: Shutting down and abandoning module MergeActors (718)
[2025.09.30-23.18.35:109][ 29]LogModuleManager: Shutting down and abandoning module LocalizationDashboard (716)
[2025.09.30-23.18.35:109][ 29]LogModuleManager: Shutting down and abandoning module LocalizationService (715)
[2025.09.30-23.18.35:109][ 29]LogModuleManager: Shutting down and abandoning module HardwareTargeting (712)
[2025.09.30-23.18.35:109][ 29]LogModuleManager: Shutting down and abandoning module DeviceProfileEditor (710)
[2025.09.30-23.18.35:109][ 29]LogModuleManager: Shutting down and abandoning module UndoHistory (708)
[2025.09.30-23.18.35:109][ 29]LogModuleManager: Shutting down and abandoning module XmlParser (706)
[2025.09.30-23.18.35:109][ 29]LogModuleManager: Shutting down and abandoning module Blutility (704)
[2025.09.30-23.18.35:109][ 29]LogModuleManager: Shutting down and abandoning module ProjectSettingsViewer (702)
[2025.09.30-23.18.35:109][ 29]LogModuleManager: Shutting down and abandoning module ProjectTargetPlatformEditor (701)
[2025.09.30-23.18.35:109][ 29]LogModuleManager: Shutting down and abandoning module EditorSettingsViewer (698)
[2025.09.30-23.18.35:109][ 29]LogModuleManager: Shutting down and abandoning module InternationalizationSettings (697)
[2025.09.30-23.18.35:109][ 29]LogModuleManager: Shutting down and abandoning module SettingsEditor (694)
[2025.09.30-23.18.35:109][ 29]LogModuleManager: Shutting down and abandoning module ProjectLauncher (692)
[2025.09.30-23.18.35:109][ 29]LogModuleManager: Shutting down and abandoning module SessionFrontend (690)
[2025.09.30-23.18.35:109][ 29]LogModuleManager: Shutting down and abandoning module ProfilerClient (688)
[2025.09.30-23.18.35:109][ 29]LogModuleManager: Shutting down and abandoning module DeviceManager (686)
[2025.09.30-23.18.35:109][ 29]LogModuleManager: Shutting down and abandoning module TargetDeviceServices (685)
[2025.09.30-23.18.35:141][ 29]LogModuleManager: Shutting down and abandoning module AutomationController (682)
[2025.09.30-23.18.35:141][ 29]LogModuleManager: Shutting down and abandoning module AutomationWindow (680)
[2025.09.30-23.18.35:141][ 29]LogModuleManager: Shutting down and abandoning module Layers (678)
[2025.09.30-23.18.35:141][ 29]LogModuleManager: Shutting down and abandoning module ComponentVisualizers (676)
[2025.09.30-23.18.35:141][ 29]LogModuleManager: Shutting down and abandoning module DetailCustomizations (674)
[2025.09.30-23.18.35:141][ 29]LogModuleManager: Shutting down and abandoning module PackagesDialog (672)
[2025.09.30-23.18.35:141][ 29]LogModuleManager: Shutting down and abandoning module AnimationBlueprintEditor (670)
[2025.09.30-23.18.35:141][ 29]LogModuleManager: Shutting down and abandoning module Persona (668)
[2025.09.30-23.18.35:141][ 29]LogModuleManager: Shutting down and abandoning module AdvancedPreviewScene (667)
[2025.09.30-23.18.35:141][ 29]LogModuleManager: Shutting down and abandoning module AnimGraph (665)
[2025.09.30-23.18.35:141][ 29]LogModuleManager: Shutting down and abandoning module Kismet (662)
[2025.09.30-23.18.35:151][ 29]LogModuleManager: Shutting down and abandoning module KismetWidgets (661)
[2025.09.30-23.18.35:151][ 29]LogModuleManager: Shutting down and abandoning module GraphEditor (658)
[2025.09.30-23.18.35:151][ 29]LogModuleManager: Shutting down and abandoning module StructViewer (656)
[2025.09.30-23.18.35:151][ 29]LogModuleManager: Shutting down and abandoning module ClassViewer (654)
[2025.09.30-23.18.35:151][ 29]LogModuleManager: Shutting down and abandoning module Toolbox (652)
[2025.09.30-23.18.35:151][ 29]LogModuleManager: Shutting down and abandoning module ModuleUI (650)
[2025.09.30-23.18.35:151][ 29]LogModuleManager: Shutting down and abandoning module OutputLog (648)
[2025.09.30-23.18.35:151][ 29]LogModuleManager: Shutting down and abandoning module GammaUI (646)
[2025.09.30-23.18.35:151][ 29]LogModuleManager: Shutting down and abandoning module Documentation (644)
[2025.09.30-23.18.35:151][ 29]LogModuleManager: Shutting down and abandoning module LiveCoding (642)
[2025.09.30-23.18.35:151][ 29]LogModuleManager: Shutting down and abandoning module LevelSequence (640)
[2025.09.30-23.18.35:151][ 29]LogModuleManager: Shutting down and abandoning module MovieSceneTracks (638)
[2025.09.30-23.18.35:151][ 29]LogModuleManager: Shutting down and abandoning module MovieScene (636)
[2025.09.30-23.18.35:151][ 29]LogModuleManager: Shutting down and abandoning module StreamingPauseRendering (634)
[2025.09.30-23.18.35:151][ 29]LogModuleManager: Shutting down and abandoning module LauncherPlatform (632)
[2025.09.30-23.18.35:151][ 29]LogModuleManager: Shutting down and abandoning module AnalyticsET (630)
[2025.09.30-23.18.35:151][ 29]LogModuleManager: Shutting down and abandoning module PortalServices (628)
[2025.09.30-23.18.35:151][ 29]LogModuleManager: Shutting down and abandoning module PortalRpc (626)
[2025.09.30-23.18.35:151][ 29]LogModuleManager: Shutting down and abandoning module MessagingRpc (624)
[2025.09.30-23.18.35:151][ 29]LogModuleManager: Shutting down and abandoning module AudioMixerXAudio2 (622)
[2025.09.30-23.18.35:151][ 29]LogModuleManager: Shutting down and abandoning module AudioMixerCore (621)
[2025.09.30-23.18.35:151][ 29]LogModuleManager: Shutting down and abandoning module AIModule (618)
[2025.09.30-23.18.35:152][ 29]LogModuleManager: Shutting down and abandoning module GameplayDebugger (617)
[2025.09.30-23.18.35:152][ 29]LogModuleManager: Shutting down and abandoning module AITestSuite (615)
[2025.09.30-23.18.35:152][ 29]LogModuleManager: Shutting down and abandoning module NavigationSystem (613)
[2025.09.30-23.18.35:152][ 29]LogModuleManager: Shutting down and abandoning module ImageWriteQueue (610)
[2025.09.30-23.18.35:156][ 29]LogModuleManager: Shutting down and abandoning module ProfilerService (608)
[2025.09.30-23.18.35:183][ 29]LogModuleManager: Shutting down and abandoning module TaskGraph (606)
[2025.09.30-23.18.35:183][ 29]LogModuleManager: Shutting down and abandoning module AudioSynesthesiaEditor (604)
[2025.09.30-23.18.35:183][ 29]LogModuleManager: Shutting down and abandoning module OculusEditor (602)
[2025.09.30-23.18.35:183][ 29]LogModuleManager: Shutting down and abandoning module OculusInput (600)
[2025.09.30-23.18.35:183][ 29]LogModuleManager: Shutting down and abandoning module ContentBrowserClassDataSource (598)
[2025.09.30-23.18.35:183][ 29]LogModuleManager: Shutting down and abandoning module ContentBrowserFileDataSource (596)
[2025.09.30-23.18.35:183][ 29]LogModuleManager: Shutting down and abandoning module ContentBrowserAssetDataSource (594)
[2025.09.30-23.18.35:183][ 29]LogModuleManager: Shutting down and abandoning module CollectionManager (593)
[2025.09.30-23.18.35:183][ 29]LogModuleManager: Shutting down and abandoning module LightPropagationVolumeEditor (590)
[2025.09.30-23.18.35:183][ 29]LogModuleManager: Shutting down and abandoning module ScreenshotTools (588)
[2025.09.30-23.18.35:183][ 29]LogModuleManager: Shutting down and abandoning module TakeSequencer (586)
[2025.09.30-23.18.35:183][ 29]LogModuleManager: Shutting down and abandoning module TakeMovieScene (584)
[2025.09.30-23.18.35:183][ 29]LogModuleManager: Shutting down and abandoning module SynthesisEditor (582)
[2025.09.30-23.18.35:183][ 29]LogModuleManager: Shutting down and abandoning module Synthesis (580)
[2025.09.30-23.18.35:183][ 29]LogModuleManager: Shutting down and abandoning module ProceduralMeshComponentEditor (578)
[2025.09.30-23.18.35:183][ 29]LogModuleManager: Shutting down and abandoning module ProceduralMeshComponent (576)
[2025.09.30-23.18.35:183][ 29]LogModuleManager: Shutting down and abandoning module OpenXREditor (574)
[2025.09.30-23.18.35:183][ 29]LogModuleManager: Shutting down and abandoning module MobilePatchingUtils (572)
[2025.09.30-23.18.35:183][ 29]LogModuleManager: Shutting down and abandoning module GooglePAD (570)
[2025.09.30-23.18.35:183][ 29]LogModuleManager: Shutting down and abandoning module EditableMesh (568)
[2025.09.30-23.18.35:183][ 29]LogModuleManager: Shutting down and abandoning module CustomMeshComponent (566)
[2025.09.30-23.18.35:183][ 29]LogModuleManager: Shutting down and abandoning module CableComponent (564)
[2025.09.30-23.18.35:183][ 29]LogModuleManager: Shutting down and abandoning module AudioCapture (562)
[2025.09.30-23.18.35:183][ 29]LogModuleManager: Shutting down and abandoning module AudioCaptureRtAudio (561)
[2025.09.30-23.18.35:183][ 29]LogModuleManager: Shutting down and abandoning module AssetTags (558)
[2025.09.30-23.18.35:183][ 29]LogModuleManager: Shutting down and abandoning module ArchVisCharacter (556)
[2025.09.30-23.18.35:183][ 29]LogModuleManager: Shutting down and abandoning module AppleImageUtilsBlueprintSupport (554)
[2025.09.30-23.18.35:183][ 29]LogModuleManager: Shutting down and abandoning module AppleImageUtils (552)
[2025.09.30-23.18.35:183][ 29]LogModuleManager: Shutting down and abandoning module AndroidPermission (550)
[2025.09.30-23.18.35:183][ 29]LogModuleManager: Shutting down and abandoning module ActorLayerUtilitiesEditor (548)
[2025.09.30-23.18.35:183][ 29]LogModuleManager: Shutting down and abandoning module ActorLayerUtilities (546)
[2025.09.30-23.18.35:183][ 29]LogModuleManager: Shutting down and abandoning module TemplateSequence (544)
[2025.09.30-23.18.35:183][ 29]LogModuleManager: Shutting down and abandoning module MediaCompositing (542)
[2025.09.30-23.18.35:183][ 29]LogModuleManager: Shutting down and abandoning module ImgMedia (540)
[2025.09.30-23.18.35:183][ 29]LogModuleManager: Shutting down and abandoning module MagicLeapSharedWorld (538)
[2025.09.30-23.18.35:183][ 29]LogModuleManager: Shutting down and abandoning module MagicLeapLightEstimation (536)
[2025.09.30-23.18.35:183][ 29]LogModuleManager: Shutting down and abandoning module MagicLeapHelperVulkan (534)
[2025.09.30-23.18.35:183][ 29]LogModuleManager: Shutting down and abandoning module MagicLeapHelperOpenGL (532)
[2025.09.30-23.18.35:183][ 29]LogModuleManager: Shutting down and abandoning module MagicLeapAudio (530)
[2025.09.30-23.18.35:183][ 29]LogModuleManager: Shutting down and abandoning module OpenImageDenoise (528)
[2025.09.30-23.18.35:183][ 29]LogOpenImageDenoise: OIDN shutting down
[2025.09.30-23.18.35:183][ 29]LogModuleManager: Shutting down and abandoning module MotoSynthEditor (526)
[2025.09.30-23.18.35:183][ 29]LogModuleManager: Shutting down and abandoning module MotoSynth (524)
[2025.09.30-23.18.35:183][ 29]LogModuleManager: Shutting down and abandoning module MeshConversion (522)
[2025.09.30-23.18.35:183][ 29]LogModuleManager: Shutting down and abandoning module DynamicMesh (520)
[2025.09.30-23.18.35:183][ 29]LogModuleManager: Shutting down and abandoning module GeometryAlgorithms (518)
[2025.09.30-23.18.35:183][ 29]LogModuleManager: Shutting down and abandoning module GeometricObjects (516)
[2025.09.30-23.18.35:183][ 29]LogModuleManager: Shutting down and abandoning module GeometryCollectionTracks (514)
[2025.09.30-23.18.35:183][ 29]LogModuleManager: Shutting down and abandoning module GeometryCollectionSequencer (513)
[2025.09.30-23.18.35:183][ 29]LogModuleManager: Shutting down and abandoning module GeometryCollectionEditor (510)
[2025.09.30-23.18.35:183][ 29]LogModuleManager: Shutting down and abandoning module GeometryCacheTracks (508)
[2025.09.30-23.18.35:183][ 29]LogModuleManager: Shutting down and abandoning module GeometryCacheStreamer (506)
[2025.09.30-23.18.35:183][ 29]LogModuleManager: Shutting down and abandoning module GeometryCacheSequencer (504)
[2025.09.30-23.18.35:183][ 29]LogModuleManager: Shutting down and abandoning module NiagaraEditorWidgets (502)
[2025.09.30-23.18.35:183][ 29]LogModuleManager: Shutting down and abandoning module ChaosNiagara (500)
[2025.09.30-23.18.35:183][ 29]LogModuleManager: Shutting down and abandoning module ChaosSolverEditor (498)
[2025.09.30-23.18.35:184][ 29]LogModuleManager: Shutting down and abandoning module FractureEditor (496)
[2025.09.30-23.18.35:184][ 29]LogModuleManager: Shutting down and abandoning module FieldSystemEngine (495)
[2025.09.30-23.18.35:184][ 29]LogModuleManager: Shutting down and abandoning module ChaosClothEditor (492)
[2025.09.30-23.18.35:184][ 29]LogModuleManager: Shutting down and abandoning module VariantManagerContentEditor (490)
[2025.09.30-23.18.35:184][ 29]LogModuleManager: Shutting down and abandoning module BackChannel (488)
[2025.09.30-23.18.35:184][ 29]LogModuleManager: Shutting down and abandoning module AutomationUtilsEditor (486)
[2025.09.30-23.18.35:184][ 29]LogModuleManager: Shutting down and abandoning module AutomationUtils (484)
[2025.09.30-23.18.35:184][ 29]LogModuleManager: Shutting down and abandoning module AlembicImporter (482)
[2025.09.30-23.18.35:184][ 29]LogModuleManager: Shutting down and abandoning module AlembicLibrary (481)
[2025.09.30-23.18.35:184][ 29]LogModuleManager: Shutting down and abandoning module GeometryCache (480)
[2025.09.30-23.18.35:184][ 29]LogModuleManager: Shutting down and abandoning module GeometryCacheEd (479)
[2025.09.30-23.18.35:184][ 29]LogModuleManager: Shutting down and abandoning module DatasmithContentEditor (474)
[2025.09.30-23.18.35:184][ 29]LogModuleManager: Shutting down and abandoning module VisualStudioSourceCodeAccess (472)
[2025.09.30-23.18.35:184][ 29]LogModuleManager: Shutting down and abandoning module VisualStudioCodeSourceCodeAccess (470)
[2025.09.30-23.18.35:184][ 29]LogModuleManager: Shutting down and abandoning module UObjectPlugin (468)
[2025.09.30-23.18.35:184][ 29]LogModuleManager: Shutting down and abandoning module SubversionSourceControl (466)
[2025.09.30-23.18.35:184][ 29]LogModuleManager: Shutting down and abandoning module RiderSourceCodeAccess (464)
[2025.09.30-23.18.35:184][ 29]LogModuleManager: Shutting down and abandoning module PluginUtils (462)
[2025.09.30-23.18.35:184][ 29]LogModuleManager: Shutting down and abandoning module PlasticSourceControl (460)
[2025.09.30-23.18.35:184][ 29]LogModuleManager: Shutting down and abandoning module PerforceSourceControl (458)
[2025.09.30-23.18.35:184][ 29]LogModuleManager: Shutting down and abandoning module GitSourceControl (456)
[2025.09.30-23.18.35:184][ 29]LogModuleManager: Shutting down and abandoning module SourceControl (455)
[2025.09.30-23.18.35:184][ 29]LogModuleManager: Shutting down and abandoning module SpeedTreeImporter (452)
[2025.09.30-23.18.35:184][ 29]LogModuleManager: Shutting down and abandoning module PluginBrowser (450)
[2025.09.30-23.18.35:184][ 29]LogModuleManager: Shutting down and abandoning module MobileLauncherProfileWizard (448)
[2025.09.30-23.18.35:184][ 29]LogModuleManager: Shutting down and abandoning module MaterialAnalyzer (446)
[2025.09.30-23.18.35:184][ 29]LogModuleManager: Shutting down and abandoning module CLionSourceCodeAccess (444)
[2025.09.30-23.18.35:184][ 29]LogModuleManager: Shutting down and abandoning module AnimationSharingEd (442)
[2025.09.30-23.18.35:184][ 29]LogModuleManager: Shutting down and abandoning module CurveEditorTools (440)
[2025.09.30-23.18.35:184][ 29]LogModuleManager: Shutting down and abandoning module CryptoKeysOpenSSL (438)
[2025.09.30-23.18.35:184][ 29]LogModuleManager: Shutting down and abandoning module CryptoKeys (436)
[2025.09.30-23.18.35:184][ 29]LogModuleManager: Shutting down and abandoning module OodleNetworkHandlerComponent (434)
[2025.09.30-23.18.35:184][ 29]LogModuleManager: Shutting down and abandoning module LiveLinkSequencer (432)
[2025.09.30-23.18.35:184][ 29]LogModuleManager: Shutting down and abandoning module LiveLinkMovieScene (430)
[2025.09.30-23.18.35:184][ 29]LogModuleManager: Shutting down and abandoning module LiveLinkGraphNode (428)
[2025.09.30-23.18.35:184][ 29]LogModuleManager: Shutting down and abandoning module LiveLinkEditor (426)
[2025.09.30-23.18.35:184][ 29]LogModuleManager: Shutting down and abandoning module LiveLinkComponents (424)
[2025.09.30-23.18.35:184][ 29]LogModuleManager: Shutting down and abandoning module LiveLink (422)
[2025.09.30-23.18.35:819][ 29]LogModuleManager: Shutting down and abandoning module PaperTiledImporter (420)
[2025.09.30-23.18.35:819][ 29]LogModuleManager: Shutting down and abandoning module PaperSpriteSheetImporter (418)
[2025.09.30-23.18.35:819][ 29]LogModuleManager: Shutting down and abandoning module Paper2DEditor (416)
[2025.09.30-23.18.35:819][ 29]LogModuleManager: Shutting down and abandoning module MeshPaintingToolset (414)
[2025.09.30-23.18.35:819][ 29]LogModuleManager: Shutting down and abandoning module MeshPaintEditorMode (412)
[2025.09.30-23.18.35:819][ 29]LogModuleManager: Shutting down and abandoning module LightPropagationVolumeRuntime (410)
[2025.09.30-23.18.35:819][ 29]LogModuleManager: Shutting down and abandoning module SoundFields (408)
[2025.09.30-23.18.35:819][ 29]LogModuleManager: Shutting down and abandoning module SignificanceManager (406)
[2025.09.30-23.18.35:819][ 29]LogModuleManager: Shutting down and abandoning module RuntimePhysXCooking (404)
[2025.09.30-23.18.35:819][ 29]LogModuleManager: Shutting down and abandoning module PropertyAccessEditor (402)
[2025.09.30-23.18.35:819][ 29]LogModuleManager: Shutting down and abandoning module PhysXVehiclesEditor (400)
[2025.09.30-23.18.35:819][ 29]LogModuleManager: Shutting down and abandoning module LocationServicesBPLibrary (396)
[2025.09.30-23.18.35:819][ 29]LogModuleManager: Shutting down and abandoning module AudioSynesthesia (394)
[2025.09.30-23.18.35:819][ 29]LogModuleManager: Shutting down and abandoning module AudioSynesthesiaCore (392)
[2025.09.30-23.18.35:819][ 29]LogModuleManager: Shutting down and abandoning module ActorSequence (390)
[2025.09.30-23.18.35:819][ 29]LogModuleManager: Shutting down and abandoning module UdpMessaging (388)
[2025.09.30-23.18.35:919][ 29]LogModuleManager: Shutting down and abandoning module TcpMessaging (386)
[2025.09.30-23.18.36:020][ 29]LogModuleManager: Shutting down and abandoning module ImgMediaEngine (384)
[2025.09.30-23.18.36:020][ 29]LogModuleManager: Shutting down and abandoning module MagicLeapARPin (382)
[2025.09.30-23.18.36:020][ 29]LogModuleManager: Shutting down and abandoning module MagicLeapHandMeshing (380)
[2025.09.30-23.18.36:020][ 29]LogModuleManager: Shutting down and abandoning module MagicLeapSecureStorage (378)
[2025.09.30-23.18.36:020][ 29]LogModuleManager: Shutting down and abandoning module MagicLeapPrivileges (376)
[2025.09.30-23.18.36:020][ 29]LogModuleManager: Shutting down and abandoning module MagicLeapPlanes (374)
[2025.09.30-23.18.36:020][ 29]LogMagicLeapPlanes: Planes tracker already destroyed.
[2025.09.30-23.18.36:020][ 29]LogModuleManager: Shutting down and abandoning module MagicLeapImageTracker (372)
[2025.09.30-23.18.36:020][ 29]LogModuleManager: Shutting down and abandoning module MagicLeapIdentity (370)
[2025.09.30-23.18.36:020][ 29]LogModuleManager: Shutting down and abandoning module MagicLeapHandTracking (368)
[2025.09.30-23.18.36:020][ 29]LogModuleManager: Shutting down and abandoning module MagicLeapEyeTracker (366)
[2025.09.30-23.18.36:020][ 29]LogModuleManager: Shutting down and abandoning module MagicLeapController (364)
[2025.09.30-23.18.36:020][ 29]LogModuleManager: Shutting down and abandoning module MagicLeapARPinImpl (362)
[2025.09.30-23.18.36:020][ 29]LogModuleManager: Shutting down and abandoning module MagicLeapAR (360)
[2025.09.30-23.18.36:020][ 29]LogModuleManager: Shutting down and abandoning module PythonScriptPlugin (358)
[2025.09.30-23.18.36:020][ 29]LogModuleManager: Shutting down and abandoning module NiagaraAnimNotifies (356)
[2025.09.30-23.18.36:020][ 29]LogModuleManager: Shutting down and abandoning module Niagara (354)
[2025.09.30-23.18.36:020][ 29]LogModuleManager: Shutting down and abandoning module SignalProcessing (353)
[2025.09.30-23.18.36:020][ 29]LogModuleManager: Shutting down and abandoning module NiagaraEditor (351)
[2025.09.30-23.18.36:020][ 29]LogModuleManager: Shutting down and abandoning module NiagaraCore (348)
[2025.09.30-23.18.36:020][ 29]LogModuleManager: Shutting down and abandoning module PropertyAccessNode (346)
[2025.09.30-23.18.36:020][ 29]LogModuleManager: Shutting down and abandoning module AnimationSharing (344)
[2025.09.30-23.18.36:020][ 29]LogModuleManager: Shutting down and abandoning module DataValidation (342)
[2025.09.30-23.18.36:020][ 29]LogModuleManager: Shutting down and abandoning module GameplayTagsEditor (340)
[2025.09.30-23.18.36:020][ 29]LogModuleManager: Shutting down and abandoning module FacialAnimationEditor (338)
[2025.09.30-23.18.36:020][ 29]LogModuleManager: Shutting down and abandoning module FacialAnimation (336)
[2025.09.30-23.18.36:020][ 29]LogModuleManager: Shutting down and abandoning module AssetManagerEditor (334)
[2025.09.30-23.18.36:020][ 29]LogModuleManager: Shutting down and abandoning module LevelEditor (333)
[2025.09.30-23.18.36:021][ 29]LogModuleManager: Shutting down and abandoning module PixelInspectorModule (332)
[2025.09.30-23.18.36:021][ 29]LogModuleManager: Shutting down and abandoning module CommonMenuExtensions (330)
[2025.09.30-23.18.36:021][ 29]LogModuleManager: Shutting down and abandoning module MainFrame (328)
[2025.09.30-23.18.36:021][ 29]LogModuleManager: Shutting down and abandoning module HotReload (327)
[2025.09.30-23.18.36:021][ 29]LogModuleManager: Shutting down and abandoning module ToolMenus (323)
[2025.09.30-23.18.36:021][ 29]LogModuleManager: Shutting down and abandoning module ContentBrowser (321)
[2025.09.30-23.18.36:021][ 29]LogModuleManager: Shutting down and abandoning module ContentBrowserData (320)
[2025.09.30-23.18.36:021][ 29]LogModuleManager: Shutting down and abandoning module TreeMap (317)
[2025.09.30-23.18.36:022][ 29]LogModuleManager: Shutting down and abandoning module GameplayCameras (314)
[2025.09.30-23.18.36:022][ 29]LogModuleManager: Shutting down and abandoning module EnvironmentQueryEditor (312)
[2025.09.30-23.18.36:022][ 29]LogModuleManager: Shutting down and abandoning module Paper2D (310)
[2025.09.30-23.18.36:022][ 29]LogModuleManager: Shutting down and abandoning module WindowsMoviePlayer (308)
[2025.09.30-23.18.36:022][ 29]LogModuleManager: Shutting down and abandoning module WebMMoviePlayer (306)
[2025.09.30-23.18.36:022][ 29]LogModuleManager: Shutting down and abandoning module NetworkReplayStreaming (304)
[2025.09.30-23.18.36:022][ 29]LogModuleManager: Shutting down and abandoning module PacketHandler (302)
[2025.09.30-23.18.36:022][ 29]LogModuleManager: Shutting down and abandoning module ClothingSystemEditor (300)
[2025.09.30-23.18.36:022][ 29]LogModuleManager: Shutting down and abandoning module ClothingSystemRuntimeNv (298)
[2025.09.30-23.18.36:022][ 29]LogModuleManager: Shutting down and abandoning module MediaAssets (296)
[2025.09.30-23.18.36:022][ 29]LogModuleManager: Shutting down and abandoning module Overlay (294)
[2025.09.30-23.18.36:022][ 29]LogModuleManager: Shutting down and abandoning module OverlayEditor (293)
[2025.09.30-23.18.36:022][ 29]LogModuleManager: Shutting down and abandoning module VREditor (290)
[2025.09.30-23.18.36:022][ 29]LogModuleManager: Shutting down and abandoning module StringTableEditor (288)
[2025.09.30-23.18.36:022][ 29]LogModuleManager: Shutting down and abandoning module GameplayTasksEditor (286)
[2025.09.30-23.18.36:022][ 29]LogModuleManager: Shutting down and abandoning module BehaviorTreeEditor (284)
[2025.09.30-23.18.36:023][ 29]LogModuleManager: Shutting down and abandoning module FunctionalTesting (282)
[2025.09.30-23.18.36:023][ 29]LogModuleManager: Shutting down and abandoning module CollisionAnalyzer (280)
[2025.09.30-23.18.36:023][ 29]LogModuleManager: Shutting down and abandoning module WorkspaceMenuStructure (279)
[2025.09.30-23.18.36:023][ 29]LogModuleManager: Shutting down and abandoning module UMG (276)
[2025.09.30-23.18.36:023][ 29]LogModuleManager: Shutting down and abandoning module UMGEditor (275)
[2025.09.30-23.18.36:023][ 29]LogModuleManager: Shutting down and abandoning module MessageLog (273)
[2025.09.30-23.18.36:023][ 29]LogModuleManager: Shutting down and abandoning module SlateReflector (268)
[2025.09.30-23.18.36:023][ 29]LogModuleManager: Shutting down and abandoning module Slate (266)
[2025.09.30-23.18.36:023][ 29]LogModuleManager: Shutting down and abandoning module SlateCore (264)
[2025.09.30-23.18.36:023][ 29]LogModuleManager: Shutting down and abandoning module LandscapeEditorUtilities (262)
[2025.09.30-23.18.36:023][ 29]LogModuleManager: Shutting down and abandoning module UnrealEd (260)
[2025.09.30-23.18.36:023][ 29]LogModuleManager: Shutting down and abandoning module MRMesh (258)
[2025.09.30-23.18.36:023][ 29]LogModuleManager: Shutting down and abandoning module SourceCodeAccess (256)
[2025.09.30-23.18.36:023][ 29]LogModuleManager: Shutting down and abandoning module HeadMountedDisplay (254)
[2025.09.30-23.18.36:023][ 29]LogModuleManager: Shutting down and abandoning module XAudio2 (252)
[2025.09.30-23.18.36:023][ 29]LogModuleManager: Shutting down and abandoning module Networking (250)
[2025.09.30-23.18.36:023][ 29]LogModuleManager: Shutting down and abandoning module Core (248)
[2025.09.30-23.18.36:023][ 29]LogModuleManager: Shutting down and abandoning module MaterialEditor (246)
[2025.09.30-23.18.36:023][ 29]LogModuleManager: Shutting down and abandoning module MovieSceneTools (244)
[2025.09.30-23.18.36:023][ 29]LogModuleManager: Shutting down and abandoning module CurveEditor (243)
[2025.09.30-23.18.36:023][ 29]LogModuleManager: Shutting down and abandoning module Sequencer (241)
[2025.09.30-23.18.36:023][ 29]LogModuleManager: Shutting down and abandoning module EditorStyle (240)
[2025.09.30-23.18.36:024][ 29]LogModuleManager: Shutting down and abandoning module KismetCompiler (236)
[2025.09.30-23.18.36:024][ 29]LogModuleManager: Shutting down and abandoning module MeshBuilder (234)
[2025.09.30-23.18.36:024][ 29]LogModuleManager: Shutting down and abandoning module MeshUtilities (232)
[2025.09.30-23.18.36:024][ 29]LogModuleManager: Shutting down and abandoning module MeshMergeUtilities (231)
[2025.09.30-23.18.36:024][ 29]LogModuleManager: Shutting down and abandoning module MeshReductionInterface (230)
[2025.09.30-23.18.36:024][ 29]LogModuleManager: Shutting down and abandoning module MeshBoneReduction (229)
[2025.09.30-23.18.36:024][ 29]LogModuleManager: Shutting down and abandoning module SkeletalMeshReduction (227)
[2025.09.30-23.18.36:024][ 29]LogModuleManager: Shutting down and abandoning module ProxyLODMeshReduction (225)
[2025.09.30-23.18.36:024][ 29]LogModuleManager: Shutting down and abandoning module QuadricMeshReduction (223)
[2025.09.30-23.18.36:024][ 29]LogModuleManager: Shutting down and abandoning module MaterialBaking (219)
[2025.09.30-23.18.36:024][ 29]LogModuleManager: Shutting down and abandoning module NullInstallBundleManager (214)
[2025.09.30-23.18.36:024][ 29]LogModuleManager: Shutting down and abandoning module DerivedDataCache (212)
[2025.09.30-23.18.36:024][ 29]LogModuleManager: Shutting down and abandoning module TargetPlatform (210)
[2025.09.30-23.18.36:024][ 29]LogModuleManager: Shutting down and abandoning module VulkanShaderFormat (209)
[2025.09.30-23.18.36:024][ 29]LogModuleManager: Shutting down and abandoning module ShaderFormatVectorVM (207)
[2025.09.30-23.18.36:024][ 29]LogModuleManager: Shutting down and abandoning module ShaderFormatOpenGL (205)
[2025.09.30-23.18.36:024][ 29]LogModuleManager: Shutting down and abandoning module ShaderFormatD3D (203)
[2025.09.30-23.18.36:024][ 29]LogModuleManager: Shutting down and abandoning module MetalShaderFormat (201)
[2025.09.30-23.18.36:024][ 29]LogModuleManager: Shutting down and abandoning module TextureFormatOodle (199)
[2025.09.30-23.18.36:024][ 29]LogModuleManager: Shutting down and abandoning module TextureFormatUncompressed (197)
[2025.09.30-23.18.36:024][ 29]LogModuleManager: Shutting down and abandoning module TextureFormatPVR (195)
[2025.09.30-23.18.36:024][ 29]LogModuleManager: Shutting down and abandoning module TextureFormatETC2 (193)
[2025.09.30-23.18.36:024][ 29]LogModuleManager: Shutting down and abandoning module TextureFormatDXT (191)
[2025.09.30-23.18.36:024][ 29]LogModuleManager: Shutting down and abandoning module TextureFormatIntelISPCTexComp (189)
[2025.09.30-23.18.36:024][ 29]LogModuleManager: Shutting down and abandoning module TextureFormatASTC (187)
[2025.09.30-23.18.36:025][ 29]LogModuleManager: Shutting down and abandoning module ImageWrapper (186)
[2025.09.30-23.18.36:025][ 29]LogModuleManager: Shutting down and abandoning module AudioFormatOpus (183)
[2025.09.30-23.18.36:025][ 29]LogModuleManager: Shutting down and abandoning module AudioFormatOgg (181)
[2025.09.30-23.18.36:025][ 29]LogModuleManager: Shutting down and abandoning module AudioFormatADPCM (179)
[2025.09.30-23.18.36:025][ 29]LogModuleManager: Shutting down and abandoning module WindowsServerTargetPlatform (177)
[2025.09.30-23.18.36:025][ 29]LogModuleManager: Shutting down and abandoning module WindowsClientTargetPlatform (175)
[2025.09.30-23.18.36:025][ 29]LogModuleManager: Shutting down and abandoning module WindowsTargetPlatform (173)
[2025.09.30-23.18.36:025][ 29]LogModuleManager: Shutting down and abandoning module WindowsNoEditorTargetPlatform (171)
[2025.09.30-23.18.36:025][ 29]LogModuleManager: Shutting down and abandoning module TVOSTargetPlatform (169)
[2025.09.30-23.18.36:025][ 29]LogModuleManager: Shutting down and abandoning module MacServerTargetPlatform (167)
[2025.09.30-23.18.36:025][ 29]LogModuleManager: Shutting down and abandoning module MacClientTargetPlatform (165)
[2025.09.30-23.18.36:025][ 29]LogModuleManager: Shutting down and abandoning module MacTargetPlatform (163)
[2025.09.30-23.18.36:025][ 29]LogModuleManager: Shutting down and abandoning module MacNoEditorTargetPlatform (161)
[2025.09.30-23.18.36:025][ 29]LogModuleManager: Shutting down and abandoning module LuminTargetPlatform (159)
[2025.09.30-23.18.36:026][ 29]LogModuleManager: Shutting down and abandoning module LinuxAArch64ServerTargetPlatform (157)
[2025.09.30-23.18.36:026][ 29]LogModuleManager: Shutting down and abandoning module LinuxAArch64ClientTargetPlatform (155)
[2025.09.30-23.18.36:026][ 29]LogModuleManager: Shutting down and abandoning module LinuxAArch64NoEditorTargetPlatform (153)
[2025.09.30-23.18.36:026][ 29]LogModuleManager: Shutting down and abandoning module LinuxServerTargetPlatform (151)
[2025.09.30-23.18.36:026][ 29]LogModuleManager: Shutting down and abandoning module LinuxClientTargetPlatform (149)
[2025.09.30-23.18.36:026][ 29]LogModuleManager: Shutting down and abandoning module LinuxNoEditorTargetPlatform (147)
[2025.09.30-23.18.36:026][ 29]LogModuleManager: Shutting down and abandoning module LinuxTargetPlatform (145)
[2025.09.30-23.18.36:026][ 29]LogModuleManager: Shutting down and abandoning module Messaging (143)
[2025.09.30-23.18.36:026][ 29]LogModuleManager: Shutting down and abandoning module IOSTargetPlatform (141)
[2025.09.30-23.18.36:026][ 29]LogModuleManager: Shutting down and abandoning module AndroidTargetPlatform (139)
[2025.09.30-23.18.36:028][ 29]LogModuleManager: Shutting down and abandoning module AllDesktopTargetPlatform (137)
[2025.09.30-23.18.36:028][ 29]LogModuleManager: Shutting down and abandoning module D3D11RHI (134)
[2025.09.30-23.18.36:028][ 29]LogModuleManager: Shutting down and abandoning module InputCore (132)
[2025.09.30-23.18.36:028][ 29]LogModuleManager: Shutting down and abandoning module Settings (130)
[2025.09.30-23.18.36:028][ 29]LogModuleManager: Shutting down and abandoning module DirectoryWatcher (128)
[2025.09.30-23.18.36:029][ 29]LogModuleManager: Shutting down and abandoning module PhysXCooking (126)
[2025.09.30-23.18.36:029][ 29]LogModuleManager: Shutting down and abandoning module Chaos (124)
[2025.09.30-23.18.36:029][ 29]LogModuleManager: Shutting down and abandoning module WindowsPlatformFeatures (122)
[2025.09.30-23.18.36:029][ 29]LogModuleManager: Shutting down and abandoning module GameplayMediaEncoder (121)
[2025.09.30-23.18.36:029][ 29]LogModuleManager: Shutting down and abandoning module AVEncoder (120)
[2025.09.30-23.18.36:029][ 29]LogModuleManager: Shutting down and abandoning module SteamVRInputDevice (116)
[2025.09.30-23.18.36:029][ 29]LogModuleManager: Shutting down and abandoning module SteamVRInput (114)
[2025.09.30-23.18.36:029][ 29]LogModuleManager: Shutting down and abandoning module SteamVR (112)
[2025.09.30-23.18.36:029][ 29]LogHMD: Freeing OpenVRDLLHandle.
[2025.09.30-23.18.36:029][ 29]LogModuleManager: Shutting down and abandoning module OculusHMD (110)
[2025.09.30-23.18.36:029][ 29]LogModuleManager: Shutting down and abandoning module OpenXRHandTracking (108)
[2025.09.30-23.18.36:029][ 29]LogSlate: Slate User Destroyed.  User Index 0, Is Virtual User: 0
[2025.09.30-23.18.36:029][ 29]LogModuleManager: Shutting down and abandoning module OpenXREyeTracker (106)
[2025.09.30-23.18.36:029][ 29]LogModuleManager: Shutting down and abandoning module OpenXRAR (104)
[2025.09.30-23.18.36:029][ 29]LogModuleManager: Shutting down and abandoning module AugmentedReality (103)
[2025.09.30-23.18.36:029][ 29]LogModuleManager: Shutting down and abandoning module OpenXRHMD (100)
[2025.09.30-23.18.36:029][ 29]LogModuleManager: Shutting down and abandoning module ExampleDeviceProfileSelector (98)
[2025.09.30-23.18.36:029][ 29]LogModuleManager: Shutting down and abandoning module ChunkDownloader (96)
[2025.09.30-23.18.36:029][ 29]LogModuleManager: Shutting down and abandoning module OnlineBlueprintSupport (94)
[2025.09.30-23.18.36:029][ 29]LogModuleManager: Shutting down and abandoning module LauncherChunkInstaller (90)
[2025.09.30-23.18.36:029][ 29]LogModuleManager: Shutting down and abandoning module OnlineSubsystem (88)
[2025.09.30-23.18.36:030][ 29]LogModuleManager: Shutting down and abandoning module XMPP (83)
[2025.09.30-23.18.36:030][ 29]LogModuleManager: Shutting down and abandoning module WebSockets (82)
[2025.09.30-23.18.36:046][ 29]LogModuleManager: Shutting down and abandoning module HTTP (79)
[2025.09.30-23.18.36:046][ 29]LogHttp: Display: Http module shutting down, but needs to wait on 1 outstanding Http requests:
[2025.09.30-23.18.36:046][ 29]LogHttp: Display: 	verb=[POST] url=[https://datarouter.ol.epicgames.com/datarouter/api/v1/public/data?SessionID=%7BE08BF427-4ECE-01AB-E457-8C9183DA28C0%7D&AppID=UEEditor.Rocket.Release&AppVersion=4.27.2-18319896%2B%2B%2BUE4%2BRelease-4.27&UserID=fb2bd5594ab4fc7bd890d9ab08cf5a97%7C80d74a91cbd847fe82e7b6a734b4aa1f%7Cc5fcc5a5-3878-4a70-802f-06231ad30ee2&AppEnvironment=datacollector-binary&UploadType=eteventstream] refs=[1] status=Processing
[2025.09.30-23.18.36:046][ 29]LogHttp: Display: cleaning up 1 outstanding Http requests.
[2025.09.30-23.18.36:077][ 29]LogModuleManager: Shutting down and abandoning module SSL (78)
[2025.09.30-23.18.36:077][ 29]LogModuleManager: Shutting down and abandoning module WmfMedia (74)
[2025.09.30-23.18.36:079][ 29]LogModuleManager: Shutting down and abandoning module Media (73)
[2025.09.30-23.18.36:080][ 29]LogModuleManager: Shutting down and abandoning module MediaInfo (72)
[2025.09.30-23.18.36:080][ 29]LogModuleManager: Shutting down and abandoning module ExrReaderGpu (68)
[2025.09.30-23.18.36:080][ 29]LogModuleManager: Shutting down and abandoning module MLSDK (66)
[2025.09.30-23.18.36:080][ 29]LogModuleManager: Shutting down and abandoning module MagicLeap (64)
[2025.09.30-23.18.36:080][ 29]LogModuleManager: Shutting down and abandoning module NiagaraVertexFactories (62)
[2025.09.30-23.18.36:080][ 29]LogModuleManager: Shutting down and abandoning module NiagaraShader (60)
[2025.09.30-23.18.36:080][ 29]LogModuleManager: Shutting down and abandoning module ChaosCloth (58)
[2025.09.30-23.18.36:080][ 29]LogModuleManager: Shutting down and abandoning module VariantManagerContent (56)
[2025.09.30-23.18.36:080][ 29]LogModuleManager: Shutting down and abandoning module DatasmithContent (54)
[2025.09.30-23.18.36:080][ 29]LogModuleManager: Shutting down and abandoning module PixWinPlugin (52)
[2025.09.30-23.18.36:080][ 29]LogModuleManager: Shutting down and abandoning module AISupportModule (50)
[2025.09.30-23.18.36:080][ 29]LogModuleManager: Shutting down and abandoning module DesktopPlatform (48)
[2025.09.30-23.18.36:080][ 29]LogModuleManager: Shutting down and abandoning module PythonScriptPluginPreload (46)
[2025.09.30-23.18.36:080][ 29]LogModuleManager: Shutting down and abandoning module PlatformCryptoOpenSSL (44)
[2025.09.30-23.18.36:080][ 29]LogModuleManager: Shutting down and abandoning module PlatformCryptoTypes (42)
[2025.09.30-23.18.36:080][ 29]LogModuleManager: Shutting down and abandoning module PlatformCrypto (40)
[2025.09.30-23.18.36:080][ 29]LogModuleManager: Shutting down and abandoning module OodleDataCompressionFormat (38)
[2025.09.30-23.18.36:080][ 29]LogModuleManager: Shutting down and abandoning module XGEController (36)
[2025.09.30-23.18.36:080][ 29]LogModuleManager: Shutting down and abandoning module AnimationModifiers (34)
[2025.09.30-23.18.36:080][ 29]LogModuleManager: Shutting down and abandoning module AudioEditor (32)
[2025.09.30-23.18.36:081][ 29]LogModuleManager: Shutting down and abandoning module PropertyEditor (31)
[2025.09.30-23.18.36:081][ 29]LogModuleManager: Shutting down and abandoning module TextureCompressor (28)
[2025.09.30-23.18.36:081][ 29]LogModuleManager: Shutting down and abandoning module RenderCore (26)
[2025.09.30-23.18.36:081][ 29]LogModuleManager: Shutting down and abandoning module Landscape (24)
[2025.09.30-23.18.36:081][ 29]LogModuleManager: Shutting down and abandoning module SlateRHIRenderer (22)
[2025.09.30-23.18.36:083][ 29]LogModuleManager: Shutting down and abandoning module AnimGraphRuntime (20)
[2025.09.30-23.18.36:083][ 29]LogModuleManager: Shutting down and abandoning module Renderer (18)
[2025.09.30-23.18.36:083][ 29]LogModuleManager: Shutting down and abandoning module Engine (16)
[2025.09.30-23.18.36:083][ 29]LogModuleManager: Shutting down and abandoning module CoreUObject (14)
[2025.09.30-23.18.36:083][ 29]LogModuleManager: Shutting down and abandoning module NetworkFile (12)
[2025.09.30-23.18.36:083][ 29]LogModuleManager: Shutting down and abandoning module CookedIterativeFile (10)
[2025.09.30-23.18.36:083][ 29]LogModuleManager: Shutting down and abandoning module StreamingFile (8)
[2025.09.30-23.18.36:083][ 29]LogModuleManager: Shutting down and abandoning module SandboxFile (6)
[2025.09.30-23.18.36:083][ 29]LogModuleManager: Shutting down and abandoning module PakFile (4)
[2025.09.30-23.18.36:083][ 29]LogModuleManager: Shutting down and abandoning module RSA (3)
[2025.09.30-23.18.36:083][ 29]LogContentStreaming: Display: There are 1 unreleased StreamingManagers
[2025.09.30-23.18.36:099][ 29]LogD3D11RHI: Shutdown
[2025.09.30-23.18.36:099][ 29]LogD3D11RHI: CleanupD3DDevice
[2025.09.30-23.18.36:101][ 29]LogExit: Exiting.
[2025.09.30-23.18.36:113][ 29]Log file closed, 09/30/25 17:18:36
