Log file open, 10/13/25 16:00:10
LogWindows: Failed to load 'aqProf.dll' (GetLastError=126)
LogWindows: File 'aqProf.dll' does not exist
LogWindows: Failed to load 'VtuneApi.dll' (GetLastError=126)
LogWindows: File 'VtuneApi.dll' does not exist
LogWindows: Failed to load 'VtuneApi32e.dll' (GetLastError=126)
LogWindows: File 'VtuneApi32e.dll' does not exist
LogConsoleResponse: Display: Failed to find resolution value strings in scalability ini. Falling back to default.
LogConsoleResponse: Display: Failed to find resolution value strings in scalability ini. Falling back to default.
LogInit: Display: Running engine for game: TasteOfMadness
LogPlatformFile: Not using cached read wrapper
LogTaskGraph: Started task graph with 5 named threads and 35 total threads with 3 sets of task threads.
LogStats: Stats thread started at 0.213735
LogICUInternationalization: ICU TimeZone Detection - Raw Offset: -6:00, Platform Override: ''
LogInit: Display: Loading text-based GConfig....
LogPluginManager: Mounting plugin MeshPainting
LogPluginManager: Mounting plugin XGEController
LogPluginManager: Mounting plugin Paper2D
LogPluginManager: Mounting plugin LiveLink
LogPluginManager: Mounting plugin AISupport
LogPluginManager: Mounting plugin EnvironmentQueryEditor
LogPluginManager: Mounting plugin LightPropagationVolume
LogPluginManager: Mounting plugin OodleNetwork
LogPluginManager: Mounting plugin OodleData
LogPluginManager: Mounting plugin CameraShakePreviewer
LogPluginManager: Mounting plugin GameplayCameras
LogPluginManager: Mounting plugin AnimationSharing
LogPluginManager: Mounting plugin CLionSourceCodeAccess
LogPluginManager: Mounting plugin AssetManagerEditor
LogPluginManager: Mounting plugin Niagara
LogPluginManager: Mounting plugin CodeLiteSourceCodeAccess
LogPluginManager: Mounting plugin GitSourceControl
LogPluginManager: Mounting plugin NullSourceCodeAccess
LogPluginManager: Mounting plugin CryptoKeys
LogPluginManager: Mounting plugin KDevelopSourceCodeAccess
LogPluginManager: Mounting plugin CurveEditorTools
LogPluginManager: Mounting plugin DataValidation
LogPluginManager: Mounting plugin GeometryMode
LogPluginManager: Mounting plugin GameplayTagsEditor
LogPluginManager: Mounting plugin PixWinPlugin
LogPluginManager: Mounting plugin PerforceSourceControl
LogPluginManager: Mounting plugin FacialAnimation
LogPluginManager: Mounting plugin PlasticSourceControl
LogPluginManager: Mounting plugin PluginUtils
LogPluginManager: Mounting plugin PropertyAccessNode
LogPluginManager: Mounting plugin RiderSourceCodeAccess
LogPluginManager: Mounting plugin SubversionSourceControl
LogPluginManager: Mounting plugin TextureFormatOodle
LogPluginManager: Mounting plugin UObjectPlugin
LogPluginManager: Mounting plugin VisualStudioCodeSourceCodeAccess
LogPluginManager: Mounting plugin XCodeSourceCodeAccess
LogPluginManager: Mounting plugin VisualStudioSourceCodeAccess
LogPluginManager: Mounting plugin MacGraphicsSwitching
LogPluginManager: Mounting plugin MaterialAnalyzer
LogPluginManager: Mounting plugin MobileLauncherProfileWizard
LogPluginManager: Mounting plugin PluginBrowser
LogPluginManager: Mounting plugin AlembicImporter
LogPluginManager: Mounting plugin BackChannel
LogPluginManager: Mounting plugin AutomationUtils
LogPluginManager: Mounting plugin ChaosCloth
LogPluginManager: Mounting plugin ChaosClothEditor
LogPluginManager: Mounting plugin ChaosEditor
LogPluginManager: Mounting plugin ChaosNiagara
LogPluginManager: Mounting plugin LuminPlatformFeatures
LogPluginManager: Mounting plugin MagicLeap
LogPluginManager: Mounting plugin ChaosSolverPlugin
LogPluginManager: Mounting plugin MagicLeapLightEstimation
LogPluginManager: Mounting plugin MagicLeapMedia
LogPluginManager: Mounting plugin MagicLeapPassableWorld
LogPluginManager: Mounting plugin MLSDK
LogPluginManager: Mounting plugin AndroidMedia
LogPluginManager: Mounting plugin AvfMedia
LogPluginManager: Mounting plugin ImgMedia
LogPluginManager: Mounting plugin MediaCompositing
LogPluginManager: Mounting plugin SpeedTreeImporter
LogPluginManager: Mounting plugin MediaPlayerEditor
LogPluginManager: Mounting plugin WmfMedia
LogPluginManager: Mounting plugin CharacterAI
LogPluginManager: Mounting plugin WebMMedia
LogPluginManager: Mounting plugin GeometryCache
LogPluginManager: Mounting plugin GeometryCollectionPlugin
LogPluginManager: Mounting plugin GeometryProcessing
LogPluginManager: Mounting plugin MotoSynth
LogPluginManager: Mounting plugin PlanarCut
LogPluginManager: Mounting plugin OpenImageDenoise
LogPluginManager: Mounting plugin PlatformCrypto
LogPluginManager: Mounting plugin PythonScriptPlugin
LogPluginManager: Mounting plugin ProxyLODPlugin
LogPluginManager: Mounting plugin SkeletalReduction
LogPluginManager: Mounting plugin UdpMessaging
LogPluginManager: Mounting plugin TcpMessaging
LogPluginManager: Mounting plugin OnlineSubsystem
LogPluginManager: Mounting plugin OnlineSubsystemNull
LogPluginManager: Mounting plugin OnlineSubsystemUtils
LogPluginManager: Mounting plugin LauncherChunkInstaller
LogPluginManager: Mounting plugin MatineeToLevelSequence
LogPluginManager: Mounting plugin LevelSequenceEditor
LogPluginManager: Mounting plugin ActorSequence
LogPluginManager: Mounting plugin ActorLayerUtilities
LogPluginManager: Mounting plugin TemplateSequence
LogPluginManager: Mounting plugin AndroidDeviceProfileSelector
LogPluginManager: Mounting plugin AndroidMoviePlayer
LogPluginManager: Mounting plugin AndroidPermission
LogPluginManager: Mounting plugin AppleImageUtils
LogPluginManager: Mounting plugin ArchVisCharacter
LogPluginManager: Mounting plugin AppleMoviePlayer
LogPluginManager: Mounting plugin AssetTags
LogPluginManager: Mounting plugin AudioCapture
LogPluginManager: Mounting plugin AudioSynesthesia
LogPluginManager: Mounting plugin ChunkDownloader
LogPluginManager: Mounting plugin CableComponent
LogPluginManager: Mounting plugin CustomMeshComponent
LogPluginManager: Mounting plugin EditableMesh
LogPluginManager: Mounting plugin ExampleDeviceProfileSelector
LogPluginManager: Mounting plugin GoogleCloudMessaging
LogPluginManager: Mounting plugin GooglePAD
LogPluginManager: Mounting plugin DatasmithContent
LogPluginManager: Mounting plugin VariantManagerContent
LogPluginManager: Mounting plugin IOSDeviceProfileSelector
LogPluginManager: Mounting plugin LinuxDeviceProfileSelector
LogPluginManager: Mounting plugin LocationServicesBPLibrary
LogPluginManager: Mounting plugin MobilePatchingUtils
LogPluginManager: Mounting plugin OpenXR
LogPluginManager: Mounting plugin OpenXREyeTracker
LogPluginManager: Mounting plugin OpenXRHandTracking
LogPluginManager: Mounting plugin PhysXVehicles
LogPluginManager: Mounting plugin ScreenshotTools
LogPluginManager: Mounting plugin PostSplashScreen
LogPluginManager: Mounting plugin ProceduralMeshComponent
LogPluginManager: Mounting plugin Takes
LogPluginManager: Mounting plugin PropertyAccessEditor
LogPluginManager: Mounting plugin SignificanceManager
LogPluginManager: Mounting plugin SoundFields
LogPluginManager: Mounting plugin RuntimePhysXCooking
LogPluginManager: Mounting plugin Synthesis
LogPluginManager: Mounting plugin WebMMoviePlayer
LogPluginManager: Mounting plugin WindowsMoviePlayer
LogPluginManager: Mounting plugin ContentBrowserClassDataSource
LogPluginManager: Mounting plugin ContentBrowserAssetDataSource
LogPluginManager: Mounting plugin ContentBrowserFileDataSource
LogPluginManager: Mounting plugin OnlineSubsystemGooglePlay
LogPluginManager: Mounting plugin OnlineSubsystemIOS
LogPluginManager: Mounting plugin OculusVR
LogPluginManager: Mounting plugin SteamVR
PixWinPlugin: PIX capture plugin failed to initialize! Check that the process is launched from PIX.
LogInit: Using libcurl 7.55.1-DEV
LogInit:  - built for x86_64-pc-win32
LogInit:  - supports SSL with OpenSSL/1.1.1
LogInit:  - supports HTTP deflate (compression) using libz 1.2.8
LogInit:  - other features:
LogInit:      CURL_VERSION_SSL
LogInit:      CURL_VERSION_LIBZ
LogInit:      CURL_VERSION_IPV6
LogInit:      CURL_VERSION_ASYNCHDNS
LogInit:      CURL_VERSION_LARGEFILE
LogInit:      CURL_VERSION_IDN
LogInit:  CurlRequestOptions (configurable via config and command line):
LogInit:  - bVerifyPeer = true  - Libcurl will verify peer certificate
LogInit:  - bUseHttpProxy = false  - Libcurl will NOT use HTTP proxy
LogInit:  - bDontReuseConnections = false  - Libcurl will reuse connections
LogInit:  - MaxHostConnections = 16  - Libcurl will limit the number of connections to a host
LogInit:  - LocalHostAddr = Default
LogInit:  - BufferSize = 65536
LogOnline: OSS: Creating online subsystem instance for: NULL
LogInit: WinSock: version 1.1 (2.2), MaxSocks=32767, MaxUdp=65467
LogOnline: OSS: TryLoadSubsystemAndSetDefault: Loaded subsystem for module [NULL]
LogOculusPluginWrapper: OculusPlugin initialized successfully
LogHMD: Failed initializing OVRPlugin 1.59.0
LogInit: Build: ++UE4+Release-4.27-CL-18319896
LogInit: Engine Version: 4.27.2-18319896+++UE4+Release-4.27
LogInit: Compatible Engine Version: 4.27.0-17155196+++UE4+Release-4.27
LogInit: Net CL: 17155196
LogInit: OS: Windows 10 (Release 2009) (), CPU: AMD Ryzen 5 5600 6-Core Processor              , GPU: NVIDIA GeForce RTX 3060
LogInit: Compiled (64-bit): Nov 30 2021 07:12:08
LogInit: Compiled with Visual C++: 19.24.28315.00
LogInit: Build Configuration: Development
LogInit: Branch Name: ++UE4+Release-4.27
LogInit: Command Line: 
LogInit: Base Directory: E:/Epic/UE_4.27/Engine/Binaries/Win64/
LogInit: Allocator: TBB
LogInit: Installed Engine Build: 1
LogDevObjectVersion: Number of dev versions registered: 29
LogDevObjectVersion:   Dev-Blueprints (B0D832E4-1F89-4F0D-ACCF-7EB736FD4AA2): 10
LogDevObjectVersion:   Dev-Build (E1C64328-A22C-4D53-A36C-8E866417BD8C): 0
LogDevObjectVersion:   Dev-Core (375EC13C-06E4-48FB-B500-84F0262A717E): 4
LogDevObjectVersion:   Dev-Editor (E4B068ED-F494-42E9-A231-DA0B2E46BB41): 40
LogDevObjectVersion:   Dev-Framework (CFFC743F-43B0-4480-9391-14DF171D2073): 37
LogDevObjectVersion:   Dev-Mobile (B02B49B5-BB20-44E9-A304-32B752E40360): 3
LogDevObjectVersion:   Dev-Networking (A4E4105C-59A1-49B5-A7C5-40C4547EDFEE): 0
LogDevObjectVersion:   Dev-Online (39C831C9-5AE6-47DC-9A44-9C173E1C8E7C): 0
LogDevObjectVersion:   Dev-Physics (78F01B33-EBEA-4F98-B9B4-84EACCB95AA2): 14
LogDevObjectVersion:   Dev-Platform (6631380F-2D4D-43E0-8009-CF276956A95A): 0
LogDevObjectVersion:   Dev-Rendering (12F88B9F-8875-4AFC-A67C-D90C383ABD29): 45
LogDevObjectVersion:   Dev-Sequencer (7B5AE74C-D270-4C10-A958-57980B212A5A): 13
LogDevObjectVersion:   Dev-VR (D7296918-1DD6-4BDD-9DE2-64A83CC13884): 3
LogDevObjectVersion:   Dev-LoadTimes (C2A15278-BFE7-4AFE-6C17-90FF531DF755): 1
LogDevObjectVersion:   Private-Geometry (6EACA3D4-40EC-4CC1-B786-8BED09428FC5): 3
LogDevObjectVersion:   Dev-AnimPhys (29E575DD-E0A3-4627-9D10-D276232CDCEA): 17
LogDevObjectVersion:   Dev-Anim (AF43A65D-7FD3-4947-9873-3E8ED9C1BB05): 15
LogDevObjectVersion:   Dev-ReflectionCapture (6B266CEC-1EC7-4B8F-A30B-E4D90942FC07): 1
LogDevObjectVersion:   Dev-Automation (0DF73D61-A23F-47EA-B727-89E90C41499A): 1
LogDevObjectVersion:   FortniteMain (601D1886-AC64-4F84-AA16-D3DE0DEAC7D6): 47
LogDevObjectVersion:   FortniteRelease (E7086368-6B23-4C58-8439-1B7016265E91): 1
LogDevObjectVersion:   Dev-Enterprise (9DFFBCD6-494F-0158-E221-12823C92A888): 10
LogDevObjectVersion:   Dev-Niagara (F2AED0AC-9AFE-416F-8664-AA7FFA26D6FC): 1
LogDevObjectVersion:   Dev-Destruction (174F1F0B-B4C6-45A5-B13F-2EE8D0FB917D): 10
LogDevObjectVersion:   Dev-Physics-Ext (35F94A83-E258-406C-A318-09F59610247C): 41
LogDevObjectVersion:   Dev-PhysicsMaterial-Chaos (B68FC16E-8B1B-42E2-B453-215C058844FE): 1
LogDevObjectVersion:   Dev-CineCamera (B2E18506-4273-CFC2-A54E-F4BB758BBA07): 1
LogDevObjectVersion:   Dev-VirtualProduction (64F58936-FD1B-42BA-BA96-7289D5D0FA4E): 1
LogDevObjectVersion:   Dev-MediaFramework (6F0ED827-A609-4895-9C91-998D90180EA4): 2
LogInit: Presizing for max 25165824 objects, including 0 objects not considered by GC, pre-allocating 0 bytes for permanent pool.
LogConfig: Applying CVar settings from Section [/Script/Engine.StreamingSettings] File [C:/Users/PC/Documents/GitHub/TasteOfMadness/TasteOfMadness/Saved/Config/Windows/Engine.ini]
LogConfig: Setting CVar [[s.MinBulkDataSizeForAsyncLoading:131072]]
LogConfig: Setting CVar [[s.AsyncLoadingThreadEnabled:0]]
LogConfig: Setting CVar [[s.EventDrivenLoaderEnabled:1]]
LogConfig: Setting CVar [[s.WarnIfTimeLimitExceeded:0]]
LogConfig: Setting CVar [[s.TimeLimitExceededMultiplier:1.5]]
LogConfig: Setting CVar [[s.TimeLimitExceededMinTime:0.005]]
LogConfig: Setting CVar [[s.UseBackgroundLevelStreaming:1]]
LogConfig: Setting CVar [[s.PriorityAsyncLoadingExtraTime:15.0]]
LogConfig: Setting CVar [[s.LevelStreamingActorsUpdateTimeLimit:5.0]]
LogConfig: Setting CVar [[s.PriorityLevelStreamingActorsUpdateExtraTime:5.0]]
LogConfig: Setting CVar [[s.LevelStreamingComponentsRegistrationGranularity:10]]
LogConfig: Setting CVar [[s.UnregisterComponentsTimeLimit:1.0]]
LogConfig: Setting CVar [[s.LevelStreamingComponentsUnregistrationGranularity:5]]
LogConfig: Setting CVar [[s.FlushStreamingOnExit:1]]
LogInit: Object subsystem initialized
LogConfig: Setting CVar [[con.DebugEarlyDefault:1]]
LogConfig: Setting CVar [[r.setres:1280x720]]
[2025.10.13-22.00.11:679][  0]LogConfig: Setting CVar [[r.VSync:0]]
[2025.10.13-22.00.11:679][  0]LogConfig: Setting CVar [[r.RHICmdBypass:0]]
[2025.10.13-22.00.11:679][  0]LogConfig: Applying CVar settings from Section [/Script/Engine.RendererSettings] File [C:/Users/PC/Documents/GitHub/TasteOfMadness/TasteOfMadness/Saved/Config/Windows/Engine.ini]
[2025.10.13-22.00.11:679][  0]LogConfig: Setting CVar [[r.GPUCrashDebugging:0]]
[2025.10.13-22.00.11:679][  0]LogConfig: Applying CVar settings from Section [/Script/Engine.RendererOverrideSettings] File [C:/Users/PC/Documents/GitHub/TasteOfMadness/TasteOfMadness/Saved/Config/Windows/Engine.ini]
[2025.10.13-22.00.11:679][  0]LogConfig: Applying CVar settings from Section [/Script/Engine.StreamingSettings] File [C:/Users/PC/Documents/GitHub/TasteOfMadness/TasteOfMadness/Saved/Config/Windows/Engine.ini]
[2025.10.13-22.00.11:679][  0]LogConfig: Setting CVar [[s.MinBulkDataSizeForAsyncLoading:131072]]
[2025.10.13-22.00.11:679][  0]LogConfig: Setting CVar [[s.AsyncLoadingThreadEnabled:0]]
[2025.10.13-22.00.11:679][  0]LogConfig: Setting CVar [[s.EventDrivenLoaderEnabled:1]]
[2025.10.13-22.00.11:679][  0]LogConfig: Setting CVar [[s.WarnIfTimeLimitExceeded:0]]
[2025.10.13-22.00.11:679][  0]LogConfig: Setting CVar [[s.TimeLimitExceededMultiplier:1.5]]
[2025.10.13-22.00.11:679][  0]LogConfig: Setting CVar [[s.TimeLimitExceededMinTime:0.005]]
[2025.10.13-22.00.11:679][  0]LogConfig: Setting CVar [[s.UseBackgroundLevelStreaming:1]]
[2025.10.13-22.00.11:679][  0]LogConfig: Setting CVar [[s.PriorityAsyncLoadingExtraTime:15.0]]
[2025.10.13-22.00.11:679][  0]LogConfig: Setting CVar [[s.LevelStreamingActorsUpdateTimeLimit:5.0]]
[2025.10.13-22.00.11:679][  0]LogConfig: Setting CVar [[s.PriorityLevelStreamingActorsUpdateExtraTime:5.0]]
[2025.10.13-22.00.11:679][  0]LogConfig: Setting CVar [[s.LevelStreamingComponentsRegistrationGranularity:10]]
[2025.10.13-22.00.11:679][  0]LogConfig: Setting CVar [[s.UnregisterComponentsTimeLimit:1.0]]
[2025.10.13-22.00.11:679][  0]LogConfig: Setting CVar [[s.LevelStreamingComponentsUnregistrationGranularity:5]]
[2025.10.13-22.00.11:679][  0]LogConfig: Setting CVar [[s.FlushStreamingOnExit:1]]
[2025.10.13-22.00.11:679][  0]LogConfig: Applying CVar settings from Section [/Script/Engine.GarbageCollectionSettings] File [C:/Users/PC/Documents/GitHub/TasteOfMadness/TasteOfMadness/Saved/Config/Windows/Engine.ini]
[2025.10.13-22.00.11:679][  0]LogConfig: Setting CVar [[gc.MaxObjectsNotConsideredByGC:1]]
[2025.10.13-22.00.11:679][  0]LogConfig: Setting CVar [[gc.SizeOfPermanentObjectPool:0]]
[2025.10.13-22.00.11:679][  0]LogConfig: Setting CVar [[gc.FlushStreamingOnGC:0]]
[2025.10.13-22.00.11:679][  0]LogConfig: Setting CVar [[gc.NumRetriesBeforeForcingGC:10]]
[2025.10.13-22.00.11:679][  0]LogConfig: Setting CVar [[gc.AllowParallelGC:1]]
[2025.10.13-22.00.11:679][  0]LogConfig: Setting CVar [[gc.TimeBetweenPurgingPendingKillObjects:61.1]]
[2025.10.13-22.00.11:679][  0]LogConfig: Setting CVar [[gc.MaxObjectsInEditor:25165824]]
[2025.10.13-22.00.11:679][  0]LogConfig: Setting CVar [[gc.IncrementalBeginDestroyEnabled:1]]
[2025.10.13-22.00.11:679][  0]LogConfig: Setting CVar [[gc.CreateGCClusters:1]]
[2025.10.13-22.00.11:679][  0]LogConfig: Setting CVar [[gc.MinGCClusterSize:5]]
[2025.10.13-22.00.11:679][  0]LogConfig: Setting CVar [[gc.ActorClusteringEnabled:0]]
[2025.10.13-22.00.11:679][  0]LogConfig: Setting CVar [[gc.BlueprintClusteringEnabled:0]]
[2025.10.13-22.00.11:679][  0]LogConfig: Setting CVar [[gc.UseDisregardForGCOnDedicatedServers:0]]
[2025.10.13-22.00.11:679][  0]LogConfig: Setting CVar [[gc.MultithreadedDestructionEnabled:1]]
[2025.10.13-22.00.11:679][  0]LogConfig: Applying CVar settings from Section [/Script/Engine.NetworkSettings] File [C:/Users/PC/Documents/GitHub/TasteOfMadness/TasteOfMadness/Saved/Config/Windows/Engine.ini]
[2025.10.13-22.00.11:679][  0]LogConfig: Applying CVar settings from Section [/Script/UnrealEd.CookerSettings] File [C:/Users/PC/Documents/GitHub/TasteOfMadness/TasteOfMadness/Saved/Config/Windows/Engine.ini]
[2025.10.13-22.00.11:695][  0]LogConfig: Applying CVar settings from Section [ViewDistanceQuality@3] File [C:/Users/PC/Documents/GitHub/TasteOfMadness/TasteOfMadness/Saved/Config/Windows/Scalability.ini]
[2025.10.13-22.00.11:695][  0]LogConfig: Setting CVar [[r.SkeletalMeshLODBias:0]]
[2025.10.13-22.00.11:695][  0]LogConfig: Setting CVar [[r.ViewDistanceScale:1.0]]
[2025.10.13-22.00.11:695][  0]LogConfig: Applying CVar settings from Section [AntiAliasingQuality@3] File [C:/Users/PC/Documents/GitHub/TasteOfMadness/TasteOfMadness/Saved/Config/Windows/Scalability.ini]
[2025.10.13-22.00.11:695][  0]LogConfig: Setting CVar [[r.PostProcessAAQuality:4]]
[2025.10.13-22.00.11:695][  0]LogConfig: Applying CVar settings from Section [ShadowQuality@3] File [C:/Users/PC/Documents/GitHub/TasteOfMadness/TasteOfMadness/Saved/Config/Windows/Scalability.ini]
[2025.10.13-22.00.11:695][  0]LogConfig: Setting CVar [[r.LightFunctionQuality:1]]
[2025.10.13-22.00.11:695][  0]LogConfig: Setting CVar [[r.ShadowQuality:5]]
[2025.10.13-22.00.11:695][  0]LogConfig: Setting CVar [[r.Shadow.CSM.MaxCascades:10]]
[2025.10.13-22.00.11:695][  0]LogConfig: Setting CVar [[r.Shadow.MaxResolution:2048]]
[2025.10.13-22.00.11:695][  0]LogConfig: Setting CVar [[r.Shadow.MaxCSMResolution:2048]]
[2025.10.13-22.00.11:695][  0]LogConfig: Setting CVar [[r.Shadow.RadiusThreshold:0.01]]
[2025.10.13-22.00.11:695][  0]LogConfig: Setting CVar [[r.Shadow.DistanceScale:1.0]]
[2025.10.13-22.00.11:695][  0]LogConfig: Setting CVar [[r.Shadow.CSM.TransitionScale:1.0]]
[2025.10.13-22.00.11:695][  0]LogConfig: Setting CVar [[r.Shadow.PreShadowResolutionFactor:1.0]]
[2025.10.13-22.00.11:695][  0]LogConfig: Setting CVar [[r.DistanceFieldShadowing:1]]
[2025.10.13-22.00.11:695][  0]LogConfig: Setting CVar [[r.DistanceFieldAO:1]]
[2025.10.13-22.00.11:695][  0]LogConfig: Setting CVar [[r.AOQuality:2]]
[2025.10.13-22.00.11:695][  0]LogConfig: Setting CVar [[r.VolumetricFog:1]]
[2025.10.13-22.00.11:695][  0]LogConfig: Setting CVar [[r.VolumetricFog.GridPixelSize:8]]
[2025.10.13-22.00.11:695][  0]LogConfig: Setting CVar [[r.VolumetricFog.GridSizeZ:128]]
[2025.10.13-22.00.11:695][  0]LogConfig: Setting CVar [[r.VolumetricFog.HistoryMissSupersampleCount:4]]
[2025.10.13-22.00.11:695][  0]LogConfig: Setting CVar [[r.LightMaxDrawDistanceScale:1]]
[2025.10.13-22.00.11:695][  0]LogConfig: Setting CVar [[r.CapsuleShadows:1]]
[2025.10.13-22.00.11:695][  0]LogConfig: Applying CVar settings from Section [PostProcessQuality@3] File [C:/Users/PC/Documents/GitHub/TasteOfMadness/TasteOfMadness/Saved/Config/Windows/Scalability.ini]
[2025.10.13-22.00.11:695][  0]LogConfig: Setting CVar [[r.MotionBlurQuality:4]]
[2025.10.13-22.00.11:695][  0]LogConfig: Setting CVar [[r.AmbientOcclusionMipLevelFactor:0.4]]
[2025.10.13-22.00.11:695][  0]LogConfig: Setting CVar [[r.AmbientOcclusionMaxQuality:100]]
[2025.10.13-22.00.11:695][  0]LogConfig: Setting CVar [[r.AmbientOcclusionLevels:-1]]
[2025.10.13-22.00.11:695][  0]LogConfig: Setting CVar [[r.AmbientOcclusionRadiusScale:1.0]]
[2025.10.13-22.00.11:695][  0]LogConfig: Setting CVar [[r.DepthOfFieldQuality:2]]
[2025.10.13-22.00.11:695][  0]LogConfig: Setting CVar [[r.RenderTargetPoolMin:400]]
[2025.10.13-22.00.11:695][  0]LogConfig: Setting CVar [[r.LensFlareQuality:2]]
[2025.10.13-22.00.11:695][  0]LogConfig: Setting CVar [[r.SceneColorFringeQuality:1]]
[2025.10.13-22.00.11:695][  0]LogConfig: Setting CVar [[r.EyeAdaptationQuality:2]]
[2025.10.13-22.00.11:695][  0]LogConfig: Setting CVar [[r.BloomQuality:5]]
[2025.10.13-22.00.11:695][  0]LogConfig: Setting CVar [[r.FastBlurThreshold:100]]
[2025.10.13-22.00.11:695][  0]LogConfig: Setting CVar [[r.Upscale.Quality:3]]
[2025.10.13-22.00.11:695][  0]LogConfig: Setting CVar [[r.Tonemapper.GrainQuantization:1]]
[2025.10.13-22.00.11:695][  0]LogConfig: Setting CVar [[r.LightShaftQuality:1]]
[2025.10.13-22.00.11:695][  0]LogConfig: Setting CVar [[r.Filter.SizeScale:1]]
[2025.10.13-22.00.11:695][  0]LogConfig: Setting CVar [[r.Tonemapper.Quality:5]]
[2025.10.13-22.00.11:695][  0]LogConfig: Setting CVar [[r.DOF.Gather.AccumulatorQuality:1        ; higher gathering accumulator quality]]
[2025.10.13-22.00.11:695][  0]LogConfig: Setting CVar [[r.DOF.Gather.PostfilterMethod:1          ; Median3x3 postfilering method]]
[2025.10.13-22.00.11:695][  0]LogConfig: Setting CVar [[r.DOF.Gather.EnableBokehSettings:0       ; no bokeh simulation when gathering]]
[2025.10.13-22.00.11:695][  0]LogConfig: Setting CVar [[r.DOF.Gather.RingCount:4                 ; medium number of samples when gathering]]
[2025.10.13-22.00.11:695][  0]LogConfig: Setting CVar [[r.DOF.Scatter.ForegroundCompositing:1    ; additive foreground scattering]]
[2025.10.13-22.00.11:695][  0]LogConfig: Setting CVar [[r.DOF.Scatter.BackgroundCompositing:2    ; additive background scattering]]
[2025.10.13-22.00.11:695][  0]LogConfig: Setting CVar [[r.DOF.Scatter.EnableBokehSettings:1      ; bokeh simulation when scattering]]
[2025.10.13-22.00.11:695][  0]LogConfig: Setting CVar [[r.DOF.Scatter.MaxSpriteRatio:0.1         ; only a maximum of 10% of scattered bokeh]]
[2025.10.13-22.00.11:695][  0]LogConfig: Setting CVar [[r.DOF.Recombine.Quality:1                ; cheap slight out of focus]]
[2025.10.13-22.00.11:695][  0]LogConfig: Setting CVar [[r.DOF.Recombine.EnableBokehSettings:0    ; no bokeh simulation on slight out of focus]]
[2025.10.13-22.00.11:695][  0]LogConfig: Setting CVar [[r.DOF.TemporalAAQuality:1                ; more stable temporal accumulation]]
[2025.10.13-22.00.11:695][  0]LogConfig: Setting CVar [[r.DOF.Kernel.MaxForegroundRadius:0.025]]
[2025.10.13-22.00.11:696][  0]LogConfig: Setting CVar [[r.DOF.Kernel.MaxBackgroundRadius:0.025]]
[2025.10.13-22.00.11:696][  0]LogConfig: Applying CVar settings from Section [TextureQuality@3] File [C:/Users/PC/Documents/GitHub/TasteOfMadness/TasteOfMadness/Saved/Config/Windows/Scalability.ini]
[2025.10.13-22.00.11:696][  0]LogConfig: Setting CVar [[r.Streaming.MipBias:0]]
[2025.10.13-22.00.11:696][  0]LogConfig: Setting CVar [[r.Streaming.AmortizeCPUToGPUCopy:0]]
[2025.10.13-22.00.11:696][  0]LogConfig: Setting CVar [[r.Streaming.MaxNumTexturesToStreamPerFrame:0]]
[2025.10.13-22.00.11:696][  0]LogConfig: Setting CVar [[r.Streaming.Boost:1]]
[2025.10.13-22.00.11:696][  0]LogConfig: Setting CVar [[r.MaxAnisotropy:8]]
[2025.10.13-22.00.11:696][  0]LogConfig: Setting CVar [[r.VT.MaxAnisotropy:8]]
[2025.10.13-22.00.11:696][  0]LogConfig: Setting CVar [[r.Streaming.LimitPoolSizeToVRAM:0]]
[2025.10.13-22.00.11:696][  0]LogConfig: Setting CVar [[r.Streaming.PoolSize:1000]]
[2025.10.13-22.00.11:696][  0]LogConfig: Setting CVar [[r.Streaming.MaxEffectiveScreenSize:0]]
[2025.10.13-22.00.11:696][  0]LogConfig: Applying CVar settings from Section [EffectsQuality@3] File [C:/Users/PC/Documents/GitHub/TasteOfMadness/TasteOfMadness/Saved/Config/Windows/Scalability.ini]
[2025.10.13-22.00.11:696][  0]LogConfig: Setting CVar [[r.TranslucencyLightingVolumeDim:64]]
[2025.10.13-22.00.11:696][  0]LogConfig: Setting CVar [[r.RefractionQuality:2]]
[2025.10.13-22.00.11:696][  0]LogConfig: Setting CVar [[r.SSR.Quality:3]]
[2025.10.13-22.00.11:696][  0]LogConfig: Setting CVar [[r.SSR.HalfResSceneColor:0]]
[2025.10.13-22.00.11:696][  0]LogConfig: Setting CVar [[r.SceneColorFormat:4]]
[2025.10.13-22.00.11:696][  0]LogConfig: Setting CVar [[r.DetailMode:2]]
[2025.10.13-22.00.11:696][  0]LogConfig: Setting CVar [[r.TranslucencyVolumeBlur:1]]
[2025.10.13-22.00.11:696][  0]LogConfig: Setting CVar [[r.MaterialQualityLevel:1 ; High quality]]
[2025.10.13-22.00.11:696][  0]LogConfig: Setting CVar [[r.AnisotropicMaterials:1]]
[2025.10.13-22.00.11:696][  0]LogConfig: Setting CVar [[r.SSS.Scale:1]]
[2025.10.13-22.00.11:696][  0]LogConfig: Setting CVar [[r.SSS.SampleSet:2]]
[2025.10.13-22.00.11:696][  0]LogConfig: Setting CVar [[r.SSS.Quality:1]]
[2025.10.13-22.00.11:696][  0]LogConfig: Setting CVar [[r.SSS.HalfRes:0]]
[2025.10.13-22.00.11:696][  0]LogConfig: Setting CVar [[r.SSGI.Quality:3]]
[2025.10.13-22.00.11:696][  0]LogConfig: Setting CVar [[r.EmitterSpawnRateScale:1.0]]
[2025.10.13-22.00.11:696][  0]LogConfig: Setting CVar [[r.ParticleLightQuality:2]]
[2025.10.13-22.00.11:696][  0]LogConfig: Setting CVar [[r.SkyAtmosphere.AerialPerspectiveLUT.FastApplyOnOpaque:1 ; Always have FastSkyLUT 1 in this case to avoid wrong sky]]
[2025.10.13-22.00.11:696][  0]LogConfig: Setting CVar [[r.SkyAtmosphere.AerialPerspectiveLUT.SampleCountMaxPerSlice:4]]
[2025.10.13-22.00.11:696][  0]LogConfig: Setting CVar [[r.SkyAtmosphere.AerialPerspectiveLUT.DepthResolution:16.0]]
[2025.10.13-22.00.11:696][  0]LogConfig: Setting CVar [[r.SkyAtmosphere.FastSkyLUT:1]]
[2025.10.13-22.00.11:696][  0]LogConfig: Setting CVar [[r.SkyAtmosphere.FastSkyLUT.SampleCountMin:4.0]]
[2025.10.13-22.00.11:696][  0]LogConfig: Setting CVar [[r.SkyAtmosphere.FastSkyLUT.SampleCountMax:128.0]]
[2025.10.13-22.00.11:696][  0]LogConfig: Setting CVar [[r.SkyAtmosphere.SampleCountMin:4.0]]
[2025.10.13-22.00.11:696][  0]LogConfig: Setting CVar [[r.SkyAtmosphere.SampleCountMax:128.0]]
[2025.10.13-22.00.11:696][  0]LogConfig: Setting CVar [[r.SkyAtmosphere.TransmittanceLUT.UseSmallFormat:0]]
[2025.10.13-22.00.11:696][  0]LogConfig: Setting CVar [[r.SkyAtmosphere.TransmittanceLUT.SampleCount:10.0]]
[2025.10.13-22.00.11:696][  0]LogConfig: Setting CVar [[r.SkyAtmosphere.MultiScatteringLUT.SampleCount:15.0]]
[2025.10.13-22.00.11:696][  0]LogConfig: Setting CVar [[r.SkyLight.RealTimeReflectionCapture:1]]
[2025.10.13-22.00.11:696][  0]LogConfig: Applying CVar settings from Section [FoliageQuality@3] File [C:/Users/PC/Documents/GitHub/TasteOfMadness/TasteOfMadness/Saved/Config/Windows/Scalability.ini]
[2025.10.13-22.00.11:696][  0]LogConfig: Setting CVar [[foliage.DensityScale:1.0]]
[2025.10.13-22.00.11:696][  0]LogConfig: Setting CVar [[grass.DensityScale:1.0]]
[2025.10.13-22.00.11:696][  0]LogConfig: Applying CVar settings from Section [ShadingQuality@3] File [C:/Users/PC/Documents/GitHub/TasteOfMadness/TasteOfMadness/Saved/Config/Windows/Scalability.ini]
[2025.10.13-22.00.11:696][  0]LogConfig: Setting CVar [[r.HairStrands.SkyLighting.IntegrationType:2]]
[2025.10.13-22.00.11:696][  0]LogConfig: Setting CVar [[r.HairStrands.SkyAO.SampleCount:4]]
[2025.10.13-22.00.11:696][  0]LogConfig: Setting CVar [[r.HairStrands.Visibility.MSAA.SamplePerPixel:4]]
[2025.10.13-22.00.11:696][  0]LogInit: Selected Device Profile: [Windows]
[2025.10.13-22.00.11:696][  0]LogInit: Applying CVar settings loaded from the selected device profile: [Windows]
[2025.10.13-22.00.11:696][  0]LogHAL: Display: Platform has ~ 24 GB [25689112576 / 34359738368 / 24], which maps to Larger [LargestMinGB=32, LargerMinGB=12, DefaultMinGB=8, SmallerMinGB=6, SmallestMinGB=0)
[2025.10.13-22.00.11:696][  0]LogInit: Going up to parent DeviceProfile []
[2025.10.13-22.00.11:696][  0]LogConfig: Applying CVar settings from Section [ViewDistanceQuality@3] File [C:/Users/PC/Documents/GitHub/TasteOfMadness/TasteOfMadness/Saved/Config/Windows/Scalability.ini]
[2025.10.13-22.00.11:696][  0]LogConfig: Setting CVar [[r.SkeletalMeshLODBias:0]]
[2025.10.13-22.00.11:696][  0]LogConfig: Setting CVar [[r.ViewDistanceScale:1.0]]
[2025.10.13-22.00.11:696][  0]LogConfig: Applying CVar settings from Section [AntiAliasingQuality@3] File [C:/Users/PC/Documents/GitHub/TasteOfMadness/TasteOfMadness/Saved/Config/Windows/Scalability.ini]
[2025.10.13-22.00.11:696][  0]LogConfig: Setting CVar [[r.PostProcessAAQuality:4]]
[2025.10.13-22.00.11:696][  0]LogConfig: Applying CVar settings from Section [ShadowQuality@3] File [C:/Users/PC/Documents/GitHub/TasteOfMadness/TasteOfMadness/Saved/Config/Windows/Scalability.ini]
[2025.10.13-22.00.11:696][  0]LogConfig: Setting CVar [[r.LightFunctionQuality:1]]
[2025.10.13-22.00.11:696][  0]LogConfig: Setting CVar [[r.ShadowQuality:5]]
[2025.10.13-22.00.11:696][  0]LogConfig: Setting CVar [[r.Shadow.CSM.MaxCascades:10]]
[2025.10.13-22.00.11:696][  0]LogConfig: Setting CVar [[r.Shadow.MaxResolution:2048]]
[2025.10.13-22.00.11:696][  0]LogConfig: Setting CVar [[r.Shadow.MaxCSMResolution:2048]]
[2025.10.13-22.00.11:696][  0]LogConfig: Setting CVar [[r.Shadow.RadiusThreshold:0.01]]
[2025.10.13-22.00.11:696][  0]LogConfig: Setting CVar [[r.Shadow.DistanceScale:1.0]]
[2025.10.13-22.00.11:696][  0]LogConfig: Setting CVar [[r.Shadow.CSM.TransitionScale:1.0]]
[2025.10.13-22.00.11:696][  0]LogConfig: Setting CVar [[r.Shadow.PreShadowResolutionFactor:1.0]]
[2025.10.13-22.00.11:696][  0]LogConfig: Setting CVar [[r.DistanceFieldShadowing:1]]
[2025.10.13-22.00.11:696][  0]LogConfig: Setting CVar [[r.DistanceFieldAO:1]]
[2025.10.13-22.00.11:696][  0]LogConfig: Setting CVar [[r.AOQuality:2]]
[2025.10.13-22.00.11:696][  0]LogConfig: Setting CVar [[r.VolumetricFog:1]]
[2025.10.13-22.00.11:696][  0]LogConfig: Setting CVar [[r.VolumetricFog.GridPixelSize:8]]
[2025.10.13-22.00.11:696][  0]LogConfig: Setting CVar [[r.VolumetricFog.GridSizeZ:128]]
[2025.10.13-22.00.11:696][  0]LogConfig: Setting CVar [[r.VolumetricFog.HistoryMissSupersampleCount:4]]
[2025.10.13-22.00.11:696][  0]LogConfig: Setting CVar [[r.LightMaxDrawDistanceScale:1]]
[2025.10.13-22.00.11:696][  0]LogConfig: Setting CVar [[r.CapsuleShadows:1]]
[2025.10.13-22.00.11:696][  0]LogConfig: Applying CVar settings from Section [PostProcessQuality@3] File [C:/Users/PC/Documents/GitHub/TasteOfMadness/TasteOfMadness/Saved/Config/Windows/Scalability.ini]
[2025.10.13-22.00.11:696][  0]LogConfig: Setting CVar [[r.MotionBlurQuality:4]]
[2025.10.13-22.00.11:696][  0]LogConfig: Setting CVar [[r.AmbientOcclusionMipLevelFactor:0.4]]
[2025.10.13-22.00.11:696][  0]LogConfig: Setting CVar [[r.AmbientOcclusionMaxQuality:100]]
[2025.10.13-22.00.11:696][  0]LogConfig: Setting CVar [[r.AmbientOcclusionLevels:-1]]
[2025.10.13-22.00.11:696][  0]LogConfig: Setting CVar [[r.AmbientOcclusionRadiusScale:1.0]]
[2025.10.13-22.00.11:696][  0]LogConfig: Setting CVar [[r.DepthOfFieldQuality:2]]
[2025.10.13-22.00.11:696][  0]LogConfig: Setting CVar [[r.RenderTargetPoolMin:400]]
[2025.10.13-22.00.11:696][  0]LogConfig: Setting CVar [[r.LensFlareQuality:2]]
[2025.10.13-22.00.11:696][  0]LogConfig: Setting CVar [[r.SceneColorFringeQuality:1]]
[2025.10.13-22.00.11:696][  0]LogConfig: Setting CVar [[r.EyeAdaptationQuality:2]]
[2025.10.13-22.00.11:696][  0]LogConfig: Setting CVar [[r.BloomQuality:5]]
[2025.10.13-22.00.11:696][  0]LogConfig: Setting CVar [[r.FastBlurThreshold:100]]
[2025.10.13-22.00.11:696][  0]LogConfig: Setting CVar [[r.Upscale.Quality:3]]
[2025.10.13-22.00.11:696][  0]LogConfig: Setting CVar [[r.Tonemapper.GrainQuantization:1]]
[2025.10.13-22.00.11:696][  0]LogConfig: Setting CVar [[r.LightShaftQuality:1]]
[2025.10.13-22.00.11:696][  0]LogConfig: Setting CVar [[r.Filter.SizeScale:1]]
[2025.10.13-22.00.11:696][  0]LogConfig: Setting CVar [[r.Tonemapper.Quality:5]]
[2025.10.13-22.00.11:696][  0]LogConfig: Setting CVar [[r.DOF.Gather.AccumulatorQuality:1        ; higher gathering accumulator quality]]
[2025.10.13-22.00.11:696][  0]LogConfig: Setting CVar [[r.DOF.Gather.PostfilterMethod:1          ; Median3x3 postfilering method]]
[2025.10.13-22.00.11:696][  0]LogConfig: Setting CVar [[r.DOF.Gather.EnableBokehSettings:0       ; no bokeh simulation when gathering]]
[2025.10.13-22.00.11:696][  0]LogConfig: Setting CVar [[r.DOF.Gather.RingCount:4                 ; medium number of samples when gathering]]
[2025.10.13-22.00.11:696][  0]LogConfig: Setting CVar [[r.DOF.Scatter.ForegroundCompositing:1    ; additive foreground scattering]]
[2025.10.13-22.00.11:696][  0]LogConfig: Setting CVar [[r.DOF.Scatter.BackgroundCompositing:2    ; additive background scattering]]
[2025.10.13-22.00.11:696][  0]LogConfig: Setting CVar [[r.DOF.Scatter.EnableBokehSettings:1      ; bokeh simulation when scattering]]
[2025.10.13-22.00.11:696][  0]LogConfig: Setting CVar [[r.DOF.Scatter.MaxSpriteRatio:0.1         ; only a maximum of 10% of scattered bokeh]]
[2025.10.13-22.00.11:696][  0]LogConfig: Setting CVar [[r.DOF.Recombine.Quality:1                ; cheap slight out of focus]]
[2025.10.13-22.00.11:696][  0]LogConfig: Setting CVar [[r.DOF.Recombine.EnableBokehSettings:0    ; no bokeh simulation on slight out of focus]]
[2025.10.13-22.00.11:696][  0]LogConfig: Setting CVar [[r.DOF.TemporalAAQuality:1                ; more stable temporal accumulation]]
[2025.10.13-22.00.11:696][  0]LogConfig: Setting CVar [[r.DOF.Kernel.MaxForegroundRadius:0.025]]
[2025.10.13-22.00.11:696][  0]LogConfig: Setting CVar [[r.DOF.Kernel.MaxBackgroundRadius:0.025]]
[2025.10.13-22.00.11:696][  0]LogConfig: Applying CVar settings from Section [TextureQuality@3] File [C:/Users/PC/Documents/GitHub/TasteOfMadness/TasteOfMadness/Saved/Config/Windows/Scalability.ini]
[2025.10.13-22.00.11:696][  0]LogConfig: Setting CVar [[r.Streaming.MipBias:0]]
[2025.10.13-22.00.11:696][  0]LogConfig: Setting CVar [[r.Streaming.AmortizeCPUToGPUCopy:0]]
[2025.10.13-22.00.11:696][  0]LogConfig: Setting CVar [[r.Streaming.MaxNumTexturesToStreamPerFrame:0]]
[2025.10.13-22.00.11:696][  0]LogConfig: Setting CVar [[r.Streaming.Boost:1]]
[2025.10.13-22.00.11:696][  0]LogConfig: Setting CVar [[r.MaxAnisotropy:8]]
[2025.10.13-22.00.11:696][  0]LogConfig: Setting CVar [[r.VT.MaxAnisotropy:8]]
[2025.10.13-22.00.11:696][  0]LogConfig: Setting CVar [[r.Streaming.LimitPoolSizeToVRAM:0]]
[2025.10.13-22.00.11:696][  0]LogConfig: Setting CVar [[r.Streaming.PoolSize:1000]]
[2025.10.13-22.00.11:696][  0]LogConfig: Setting CVar [[r.Streaming.MaxEffectiveScreenSize:0]]
[2025.10.13-22.00.11:696][  0]LogConfig: Applying CVar settings from Section [EffectsQuality@3] File [C:/Users/PC/Documents/GitHub/TasteOfMadness/TasteOfMadness/Saved/Config/Windows/Scalability.ini]
[2025.10.13-22.00.11:697][  0]LogConfig: Setting CVar [[r.TranslucencyLightingVolumeDim:64]]
[2025.10.13-22.00.11:697][  0]LogConfig: Setting CVar [[r.RefractionQuality:2]]
[2025.10.13-22.00.11:697][  0]LogConfig: Setting CVar [[r.SSR.Quality:3]]
[2025.10.13-22.00.11:697][  0]LogConfig: Setting CVar [[r.SSR.HalfResSceneColor:0]]
[2025.10.13-22.00.11:697][  0]LogConfig: Setting CVar [[r.SceneColorFormat:4]]
[2025.10.13-22.00.11:697][  0]LogConfig: Setting CVar [[r.DetailMode:2]]
[2025.10.13-22.00.11:697][  0]LogConfig: Setting CVar [[r.TranslucencyVolumeBlur:1]]
[2025.10.13-22.00.11:697][  0]LogConfig: Setting CVar [[r.MaterialQualityLevel:1 ; High quality]]
[2025.10.13-22.00.11:697][  0]LogConfig: Setting CVar [[r.AnisotropicMaterials:1]]
[2025.10.13-22.00.11:697][  0]LogConfig: Setting CVar [[r.SSS.Scale:1]]
[2025.10.13-22.00.11:697][  0]LogConfig: Setting CVar [[r.SSS.SampleSet:2]]
[2025.10.13-22.00.11:697][  0]LogConfig: Setting CVar [[r.SSS.Quality:1]]
[2025.10.13-22.00.11:697][  0]LogConfig: Setting CVar [[r.SSS.HalfRes:0]]
[2025.10.13-22.00.11:697][  0]LogConfig: Setting CVar [[r.SSGI.Quality:3]]
[2025.10.13-22.00.11:697][  0]LogConfig: Setting CVar [[r.EmitterSpawnRateScale:1.0]]
[2025.10.13-22.00.11:697][  0]LogConfig: Setting CVar [[r.ParticleLightQuality:2]]
[2025.10.13-22.00.11:697][  0]LogConfig: Setting CVar [[r.SkyAtmosphere.AerialPerspectiveLUT.FastApplyOnOpaque:1 ; Always have FastSkyLUT 1 in this case to avoid wrong sky]]
[2025.10.13-22.00.11:697][  0]LogConfig: Setting CVar [[r.SkyAtmosphere.AerialPerspectiveLUT.SampleCountMaxPerSlice:4]]
[2025.10.13-22.00.11:697][  0]LogConfig: Setting CVar [[r.SkyAtmosphere.AerialPerspectiveLUT.DepthResolution:16.0]]
[2025.10.13-22.00.11:697][  0]LogConfig: Setting CVar [[r.SkyAtmosphere.FastSkyLUT:1]]
[2025.10.13-22.00.11:697][  0]LogConfig: Setting CVar [[r.SkyAtmosphere.FastSkyLUT.SampleCountMin:4.0]]
[2025.10.13-22.00.11:697][  0]LogConfig: Setting CVar [[r.SkyAtmosphere.FastSkyLUT.SampleCountMax:128.0]]
[2025.10.13-22.00.11:697][  0]LogConfig: Setting CVar [[r.SkyAtmosphere.SampleCountMin:4.0]]
[2025.10.13-22.00.11:697][  0]LogConfig: Setting CVar [[r.SkyAtmosphere.SampleCountMax:128.0]]
[2025.10.13-22.00.11:697][  0]LogConfig: Setting CVar [[r.SkyAtmosphere.TransmittanceLUT.UseSmallFormat:0]]
[2025.10.13-22.00.11:697][  0]LogConfig: Setting CVar [[r.SkyAtmosphere.TransmittanceLUT.SampleCount:10.0]]
[2025.10.13-22.00.11:697][  0]LogConfig: Setting CVar [[r.SkyAtmosphere.MultiScatteringLUT.SampleCount:15.0]]
[2025.10.13-22.00.11:697][  0]LogConfig: Setting CVar [[r.SkyLight.RealTimeReflectionCapture:1]]
[2025.10.13-22.00.11:697][  0]LogConfig: Applying CVar settings from Section [FoliageQuality@3] File [C:/Users/PC/Documents/GitHub/TasteOfMadness/TasteOfMadness/Saved/Config/Windows/Scalability.ini]
[2025.10.13-22.00.11:697][  0]LogConfig: Setting CVar [[foliage.DensityScale:1.0]]
[2025.10.13-22.00.11:697][  0]LogConfig: Setting CVar [[grass.DensityScale:1.0]]
[2025.10.13-22.00.11:697][  0]LogConfig: Applying CVar settings from Section [ShadingQuality@3] File [C:/Users/PC/Documents/GitHub/TasteOfMadness/TasteOfMadness/Saved/Config/Windows/Scalability.ini]
[2025.10.13-22.00.11:697][  0]LogConfig: Setting CVar [[r.HairStrands.SkyLighting.IntegrationType:2]]
[2025.10.13-22.00.11:697][  0]LogConfig: Setting CVar [[r.HairStrands.SkyAO.SampleCount:4]]
[2025.10.13-22.00.11:697][  0]LogConfig: Setting CVar [[r.HairStrands.Visibility.MSAA.SamplePerPixel:4]]
[2025.10.13-22.00.11:697][  0]LogConfig: Applying CVar settings from Section [Startup] File [../../../Engine/Config/ConsoleVariables.ini]
[2025.10.13-22.00.11:697][  0]LogConfig: Setting CVar [[net.UseAdaptiveNetUpdateFrequency:0]]
[2025.10.13-22.00.11:697][  0]LogConfig: Setting CVar [[p.chaos.AllowCreatePhysxBodies:1]]
[2025.10.13-22.00.11:697][  0]LogConfig: Setting CVar [[fx.SkipVectorVMBackendOptimizations:1]]
[2025.10.13-22.00.11:697][  0]LogConfig: Applying CVar settings from Section [ConsoleVariables] File [C:/Users/PC/Documents/GitHub/TasteOfMadness/TasteOfMadness/Saved/Config/Windows/Engine.ini]
[2025.10.13-22.00.11:697][  0]LogConfig: Applying CVar settings from Section [ConsoleVariables] File [C:/Users/PC/Documents/GitHub/TasteOfMadness/TasteOfMadness/Saved/Config/Windows/Editor.ini]
[2025.10.13-22.00.11:697][  0]LogInit: Computer: DESKTOP-QFES4I7
[2025.10.13-22.00.11:697][  0]LogInit: User: PC
[2025.10.13-22.00.11:697][  0]LogInit: CPU Page size=4096, Cores=6
[2025.10.13-22.00.11:697][  0]LogInit: High frequency timer resolution =10.000000 MHz
[2025.10.13-22.00.11:697][  0]LogMemory: Memory total: Physical=23.9GB (24GB approx)
[2025.10.13-22.00.11:697][  0]LogMemory: Platform Memory Stats for Windows
[2025.10.13-22.00.11:697][  0]LogMemory: Process Physical Memory: 148.07 MB used, 148.07 MB peak
[2025.10.13-22.00.11:697][  0]LogMemory: Process Virtual Memory: 123.89 MB used, 123.89 MB peak
[2025.10.13-22.00.11:697][  0]LogMemory: Physical Memory: 11981.83 MB used,  12517.21 MB free, 24499.05 MB total
[2025.10.13-22.00.11:697][  0]LogMemory: Virtual Memory: 134207168.00 MB used,  10556.85 MB free, 134217728.00 MB total
[2025.10.13-22.00.11:702][  0]LogWindows: WindowsPlatformFeatures enabled
[2025.10.13-22.00.11:730][  0]LogInit: Physics initialised using underlying interface: PhysX
[2025.10.13-22.00.11:731][  0]LogInit: Overriding language with editor language configuration option (en).
[2025.10.13-22.00.11:731][  0]LogInit: Overriding language with editor locale configuration option (en).
[2025.10.13-22.00.11:865][  0]LogInit: Setting process to per monitor DPI aware
[2025.10.13-22.00.11:875][  0]LogWindowsTextInputMethodSystem: Display: IME system deactivated.
[2025.10.13-22.00.11:884][  0]LogSlate: New Slate User Created.  User Index 0, Is Virtual User: 0
[2025.10.13-22.00.11:884][  0]LogSlate: Slate User Registered.  User Index 0, Is Virtual User: 0
[2025.10.13-22.00.11:978][  0]LogD3D11RHI: Loaded GFSDK_Aftermath_Lib.x64.dll
[2025.10.13-22.00.11:980][  0]LogHMD: Failed to initialize OpenVR with code 110
[2025.10.13-22.00.11:980][  0]LogD3D11RHI: D3D11 min allowed feature level: 11_0
[2025.10.13-22.00.11:980][  0]LogD3D11RHI: D3D11 max allowed feature level: 11_0
[2025.10.13-22.00.11:980][  0]LogD3D11RHI: D3D11 adapters:
[2025.10.13-22.00.12:148][  0]LogD3D11RHI:    0. 'NVIDIA GeForce RTX 3060' (Feature Level 11_0)
[2025.10.13-22.00.12:149][  0]LogD3D11RHI:       12115/0/12249 MB DedicatedVideo/DedicatedSystem/SharedSystem, Outputs:1, VendorId:0x10de
[2025.10.13-22.00.12:150][  0]LogD3D11RHI:    1. 'Microsoft Basic Render Driver' (Feature Level 11_0)
[2025.10.13-22.00.12:150][  0]LogD3D11RHI:       0/0/12249 MB DedicatedVideo/DedicatedSystem/SharedSystem, Outputs:0, VendorId:0x1414
[2025.10.13-22.00.12:150][  0]LogD3D11RHI: Chosen D3D11 Adapter:
[2025.10.13-22.00.12:150][  0]LogD3D11RHI:     Description : NVIDIA GeForce RTX 3060
[2025.10.13-22.00.12:150][  0]LogD3D11RHI:     VendorId    : 10de
[2025.10.13-22.00.12:150][  0]LogD3D11RHI:     DeviceId    : 2504
[2025.10.13-22.00.12:150][  0]LogD3D11RHI:     SubSysId    : 397d1462
[2025.10.13-22.00.12:150][  0]LogD3D11RHI:     Revision    : 00a1
[2025.10.13-22.00.12:150][  0]LogD3D11RHI:     DedicatedVideoMemory : 12703498240 bytes
[2025.10.13-22.00.12:150][  0]LogD3D11RHI:     DedicatedSystemMemory : 0 bytes
[2025.10.13-22.00.12:150][  0]LogD3D11RHI:     SharedSystemMemory : 12844556288 bytes
[2025.10.13-22.00.12:150][  0]LogD3D11RHI:     AdapterLuid : 0 78913
[2025.10.13-22.00.12:158][  0]LogD3D11RHI: Creating new Direct3DDevice
[2025.10.13-22.00.12:158][  0]LogD3D11RHI:     GPU DeviceId: 0x2504 (for the marketing name, search the web for "GPU Device Id")
[2025.10.13-22.00.12:158][  0]LogWindows: EnumDisplayDevices:
[2025.10.13-22.00.12:158][  0]LogWindows:    0. 'NVIDIA GeForce RTX 3060' (P:1 D:1)
[2025.10.13-22.00.12:158][  0]LogWindows:    1. 'NVIDIA GeForce RTX 3060' (P:0 D:0)
[2025.10.13-22.00.12:158][  0]LogWindows:    2. 'NVIDIA GeForce RTX 3060' (P:0 D:0)
[2025.10.13-22.00.12:158][  0]LogWindows:    3. 'NVIDIA GeForce RTX 3060' (P:0 D:0)
[2025.10.13-22.00.12:158][  0]LogWindows: DebugString: FoundDriverCount:4 
[2025.10.13-22.00.12:158][  0]LogD3D11RHI:     Adapter Name: NVIDIA GeForce RTX 3060
[2025.10.13-22.00.12:158][  0]LogD3D11RHI:   Driver Version: 581.29 (internal:32.0.15.8129, unified:581.29)
[2025.10.13-22.00.12:158][  0]LogD3D11RHI:      Driver Date: 9-5-2025
[2025.10.13-22.00.12:158][  0]LogRHI: Texture pool is 8480 MB (70% of 12115 MB)
[2025.10.13-22.00.12:158][  0]LogD3D11RHI: Creating D3DDevice using adapter:
[2025.10.13-22.00.12:158][  0]LogD3D11RHI:     Description : NVIDIA GeForce RTX 3060
[2025.10.13-22.00.12:158][  0]LogD3D11RHI:     VendorId    : 10de
[2025.10.13-22.00.12:158][  0]LogD3D11RHI:     DeviceId    : 2504
[2025.10.13-22.00.12:158][  0]LogD3D11RHI:     SubSysId    : 397d1462
[2025.10.13-22.00.12:158][  0]LogD3D11RHI:     Revision    : 00a1
[2025.10.13-22.00.12:158][  0]LogD3D11RHI:     DedicatedVideoMemory : 12703498240 bytes
[2025.10.13-22.00.12:158][  0]LogD3D11RHI:     DedicatedSystemMemory : 0 bytes
[2025.10.13-22.00.12:158][  0]LogD3D11RHI:     SharedSystemMemory : 12844556288 bytes
[2025.10.13-22.00.12:158][  0]LogD3D11RHI:     AdapterLuid : 0 78913
[2025.10.13-22.00.12:275][  0]LogD3D11RHI: RHI has support for 64 bit atomics
[2025.10.13-22.00.12:275][  0]LogD3D11RHI: Async texture creation enabled
[2025.10.13-22.00.12:275][  0]LogD3D11RHI: Array index from any shader is supported
[2025.10.13-22.00.12:296][  0]LogD3D11RHI: GPU Timing Frequency: 1000.000000 (Debug: 2 2)
[2025.10.13-22.00.12:315][  0]LogRHI: GeForceNow SDK initialized: 1
[2025.10.13-22.00.12:521][  0]LogTargetPlatformManager: Display: Loaded TargetPlatform 'AllDesktop'
[2025.10.13-22.00.12:537][  0]LogTargetPlatformManager: Display: Loaded TargetPlatform 'Android'
[2025.10.13-22.00.12:537][  0]LogTargetPlatformManager: Display: Loaded TargetPlatform 'Android_ASTC'
[2025.10.13-22.00.12:537][  0]LogTargetPlatformManager: Display: Loaded TargetPlatform 'Android_DXT'
[2025.10.13-22.00.12:537][  0]LogTargetPlatformManager: Display: Loaded TargetPlatform 'Android_ETC2'
[2025.10.13-22.00.12:537][  0]LogTargetPlatformManager: Display: Loaded TargetPlatform 'AndroidClient'
[2025.10.13-22.00.12:537][  0]LogTargetPlatformManager: Display: Loaded TargetPlatform 'Android_ASTCClient'
[2025.10.13-22.00.12:537][  0]LogTargetPlatformManager: Display: Loaded TargetPlatform 'Android_DXTClient'
[2025.10.13-22.00.12:537][  0]LogTargetPlatformManager: Display: Loaded TargetPlatform 'Android_ETC2Client'
[2025.10.13-22.00.12:537][  0]LogTargetPlatformManager: Display: Loaded TargetPlatform 'Android_Multi'
[2025.10.13-22.00.12:537][  0]LogTargetPlatformManager: Display: Loaded TargetPlatform 'Android_MultiClient'
[2025.10.13-22.00.12:550][  0]LogTargetPlatformManager: Display: Loaded TargetPlatform 'IOSClient'
[2025.10.13-22.00.12:550][  0]LogTargetPlatformManager: Display: Loaded TargetPlatform 'IOS'
[2025.10.13-22.00.12:557][  0]LogTargetPlatformManager: Display: Loaded TargetPlatform 'Linux'
[2025.10.13-22.00.12:560][  0]LogTargetPlatformManager: Display: Loaded TargetPlatform 'LinuxNoEditor'
[2025.10.13-22.00.12:563][  0]LogTargetPlatformManager: Display: Loaded TargetPlatform 'LinuxClient'
[2025.10.13-22.00.12:566][  0]LogTargetPlatformManager: Display: Loaded TargetPlatform 'LinuxServer'
[2025.10.13-22.00.12:572][  0]LogTargetPlatformManager: Display: Loaded TargetPlatform 'LinuxAArch64NoEditor'
[2025.10.13-22.00.12:576][  0]LogTargetPlatformManager: Display: Loaded TargetPlatform 'LinuxAArch64Client'
[2025.10.13-22.00.12:579][  0]LogTargetPlatformManager: Display: Loaded TargetPlatform 'LinuxAArch64Server'
[2025.10.13-22.00.12:596][  0]LogTargetPlatformManager: Display: Loaded TargetPlatform 'Lumin'
[2025.10.13-22.00.12:596][  0]LogTargetPlatformManager: Display: Loaded TargetPlatform 'LuminClient'
[2025.10.13-22.00.12:601][  0]LogTargetPlatformManager: Display: Loaded TargetPlatform 'MacNoEditor'
[2025.10.13-22.00.12:605][  0]LogTargetPlatformManager: Display: Loaded TargetPlatform 'Mac'
[2025.10.13-22.00.12:608][  0]LogTargetPlatformManager: Display: Loaded TargetPlatform 'MacClient'
[2025.10.13-22.00.12:611][  0]LogTargetPlatformManager: Display: Loaded TargetPlatform 'MacServer'
[2025.10.13-22.00.12:618][  0]LogTargetPlatformManager: Display: Loaded TargetPlatform 'TVOSClient'
[2025.10.13-22.00.12:618][  0]LogTargetPlatformManager: Display: Loaded TargetPlatform 'TVOS'
[2025.10.13-22.00.12:624][  0]LogTargetPlatformManager: Display: Loaded TargetPlatform 'WindowsNoEditor'
[2025.10.13-22.00.12:627][  0]LogTargetPlatformManager: Display: Loaded TargetPlatform 'Windows'
[2025.10.13-22.00.12:630][  0]LogTargetPlatformManager: Display: Loaded TargetPlatform 'WindowsClient'
[2025.10.13-22.00.12:633][  0]LogTargetPlatformManager: Display: Loaded TargetPlatform 'WindowsServer'
[2025.10.13-22.00.12:633][  0]LogTargetPlatformManager: Display: Building Assets For Windows
[2025.10.13-22.00.12:638][  0]LogAudioDebug: Display: Lib vorbis DLL was dynamically loaded.
[2025.10.13-22.00.12:658][  0]LogTextureFormatOodle: Display: Oodle Texture 2.9.0 init RDO Off
[2025.10.13-22.00.12:680][  0]LogRendererCore: Ray tracing is disabled. Reason: r.RayTracing=0.
[2025.10.13-22.00.12:680][  0]LogShaderCompilers: Guid format shader working directory is -16 characters bigger than the processId version (C:/Users/PC/Documents/GitHub/TasteOfMadness/TasteOfMadness/Intermediate/Shaders/WorkingDirectory/33104/).
[2025.10.13-22.00.12:680][  0]LogShaderCompilers: Cleaned the shader compiler working directory 'C:/Users/PC/AppData/Local/Temp/UnrealShaderWorkingDir/1E7B6C284C3D079F0DD16E9C0542DEF3/'.
[2025.10.13-22.00.12:680][  0]LogXGEController: Cannot use XGE Controller as Incredibuild is not installed on this machine.
[2025.10.13-22.00.12:680][  0]LogShaderCompilers: Cannot use XGE Shader Compiler as Incredibuild is not installed on this machine.
[2025.10.13-22.00.12:681][  0]LogShaderCompilers: Display: Using Local Shader Compiler.
[2025.10.13-22.00.13:239][  0]LogDerivedDataCache: Display: Max Cache Size: 512 MB
[2025.10.13-22.00.13:285][  0]LogDerivedDataCache: Loaded boot cache 0.05s 94MB C:/Users/PC/AppData/Local/UnrealEngine/4.27/DerivedDataCache/Boot.ddc.
[2025.10.13-22.00.13:285][  0]LogDerivedDataCache: Display: Loaded Boot cache: C:/Users/PC/AppData/Local/UnrealEngine/4.27/DerivedDataCache/Boot.ddc
[2025.10.13-22.00.13:285][  0]LogDerivedDataCache: FDerivedDataBackendGraph:  Pak pak cache file C:/Users/PC/Documents/GitHub/TasteOfMadness/TasteOfMadness/DerivedDataCache/DDC.ddp not found, will not use a pak cache.
[2025.10.13-22.00.13:285][  0]LogDerivedDataCache: Unable to find inner node Pak for hierarchical cache Hierarchy.
[2025.10.13-22.00.13:285][  0]LogDerivedDataCache: FDerivedDataBackendGraph:  CompressedPak pak cache file C:/Users/PC/Documents/GitHub/TasteOfMadness/TasteOfMadness/DerivedDataCache/Compressed.ddp not found, will not use a pak cache.
[2025.10.13-22.00.13:285][  0]LogDerivedDataCache: Unable to find inner node CompressedPak for hierarchical cache Hierarchy.
[2025.10.13-22.00.13:303][  0]LogDerivedDataCache: Display: Pak cache opened for reading ../../../Engine/DerivedDataCache/Compressed.ddp.
[2025.10.13-22.00.13:303][  0]LogDerivedDataCache: FDerivedDataBackendGraph:  EnterprisePak pak cache file ../../../Enterprise/DerivedDataCache/Compressed.ddp not found, will not use a pak cache.
[2025.10.13-22.00.13:303][  0]LogDerivedDataCache: Unable to find inner node EnterprisePak for hierarchical cache Hierarchy.
[2025.10.13-22.00.13:309][  0]LogDerivedDataCache: Speed tests for C:/Users/PC/AppData/Local/UnrealEngine/Common/DerivedDataCache took 0.01 seconds
[2025.10.13-22.00.13:309][  0]LogDerivedDataCache: Display: Performance to C:/Users/PC/AppData/Local/UnrealEngine/Common/DerivedDataCache: Latency=0.02ms. RandomReadSpeed=1511.44MBs, RandomWriteSpeed=194.62MBs. Assigned SpeedClass 'Local'
[2025.10.13-22.00.13:310][  0]LogDerivedDataCache: Using Local data cache path C:/Users/PC/AppData/Local/UnrealEngine/Common/DerivedDataCache: Writable
[2025.10.13-22.00.13:310][  0]LogDerivedDataCache: Shared data cache path not found in *engine.ini, will not use an Shared cache.
[2025.10.13-22.00.13:310][  0]LogDerivedDataCache: Unable to find inner node Shared for hierarchical cache Hierarchy.
[2025.10.13-22.00.13:350][  0]LogSlate: Using FreeType 2.10.0
[2025.10.13-22.00.13:350][  0]LogSlate: SlateFontServices - WITH_FREETYPE: 1, WITH_HARFBUZZ: 1
[2025.10.13-22.00.13:369][  0]LogAssetRegistry: FAssetRegistry took 0.0026 seconds to start up
[2025.10.13-22.00.13:566][  0]LogInit: Selected Device Profile: [Windows]
[2025.10.13-22.00.13:566][  0]LogInit: Active device profile: [000001B8C9CB0B00][000001B8BC344540 49] Windows
[2025.10.13-22.00.13:566][  0]LogInit: Profiles: [000001B8C9CB0B00][000001B8BC344540 49] Windows, [000001B8C9C72100][000001B8C9FFE6C0 49] WindowsNoEditor, [000001B8C9CB1900][000001B8BC348800 49] WindowsServer, [000001B8C9C72E00][000001B8CA002940 49] WindowsClient, [000001B8C9CB3C00][000001B8CA006A80 49] IOS, [000001B8C9C70F00][000001B8CA022BC0 49] iPadAir, [000001B8C9CB3E00][000001B8CA0CCD40 49] iPadAir2, [000001B8C9BA4D00][000001B8CA0F5000 49] IPadPro, [000001B8C9BA4E00][000001B8CA0D1040 49] iPadAir3, [000001B8C9C73B00][000001B8C60DD1C0 49] iPadAir4, [000001B8C9BA7700][000001B8C5ECF340 49] iPadMini2, [000001B8C9C73100][000001B8C5ED34C0 49] iPadMini3, [000001B8C9BA7900][000001B8C5ED7640 49] iPadMini4, [000001B8C9C73500][000001B8C5EDB7C0 49] iPadMini5, [000001B8C9BD0600][000001B8C5EE3A80 49] iPhone6, [000001B8C9BD0700][000001B8C5EDFAC0 49] iPodTouch6, [000001B8C9CB2600][000001B8C5EEA200 49] iPhone7, [000001B8C9CB2800][000001B8C5EE6240 49] iPodTouch7, [000001B8C9BD0100][000001B8C5EEE3C0 49] iPhone5S, [000001B8C9BA4700][000001B8C5EF2540 49] iPhone6Plus, [000001B8C9BD2500][000001B8C5EF66C0 49] iPhone6S, [000001B8C9BA5400][000001B8C5EFA840 49] iPhone6SPlus, [000001B8C9BD3B00][000001B8CA046980 49] iPhone7Plus, [000001B8C9BA7600][000001B8C5EFEAC0 49] iPhoneSE, [000001B8C9CB2C00][000001B8C5F02C00 49] iPhone8, [000001B8C9BA4600][000001B8C5F0ED40 49] iPhone8Plus, [000001B8C9CB2100][000001B8C5E22EC0 49] iPhoneX, [000001B8C9BA6900][000001B8C5F13040 49] iPhoneXS, [000001B8C9CB3D00][000001B8C5F171C0 49] iPhoneXSMax, [000001B8C9BA6E00][000001B8C5F1B340 49] iPhoneXR, [000001B8C9CB3F00][000001B8C5F234C0 49] iPhone11, [000001B8C9BA5F00][000001B8C5F27640 49] iPhone11Pro, [000001B8C9CB0600][000001B8C5F377C0 49] iPhone11ProMax, [000001B8C9BA6000][000001B8C5F3B940 49] iPhoneSE2, [000001B8C9CB3A00][000001B8C5F43AC0 49] iPhone12Mini, [000001B8C9BA6700][000001B8C5F460C0 49] iPhone12, [000001B8C9CB2A00][000001B8C5F4A240 49] iPhone12Pro, [000001B8C9BA4500][000001B8C9EB63C0 49] iPhone12ProMax, [000001B8C9CB3900][000001B8C9EBE540 49] iPadPro105, [000001B8C9BA5800][000001B8C9EF66C0 49] iPadPro129, [000001B8C9CB0C00][000001B8CA07E840 49] iPadPro97, [000001B8C9BA6400][000001B8CA08E9C0 49] iPadPro2_129, [000001B8C9CB0800][000001B8CA092B40 49] iPad5, [000001B8C9BA4400][000001B8C5E1EC80 49] iPad6, [000001B8C9CB1B00][000001B8CA0B6DC0 49] iPad7, [000001B8C9BA7500][000001B8CA0BAF00 49] iPad8, [000001B8C9CB1F00][000001B8CA0C3080 49] iPadPro11, [000001B8C9BA5A00][000001B8CA0C7200 49] iPadPro2_11, [000001B8C9CB2500][000001B8C5E1B380 49] iPadPro3_129, [000001B8C9BA6200][000001B8C5EBD500 49] iPadPro4_129, [000001B8C9CB1600][000001B8C5EC1680 49] AppleTV, [000001B8C9BA7D00][000001B8C60C7800 49] AppleTV4K, [000001B8C9CB1A00][000001B8C60CB980 49] TVOS, [000001B8C9BA4A00][000001B8C60CFB00 49] Mac, [000001B8C9CB2400][000001B8C6302100 49] MacClient, [000001B8C9BA6C00][000001B8C6316280 49] MacNoEditor, [000001B8C9CB3500][000001B8C631E400 49] MacServer, [000001B8C9BA6300][000001B8C6322580 49] Linux, [000001B8C9CB0300][000001B8C6326700 49] LinuxAArch64, [000001B8C9BA6100][000001B8C634E880 49] LinuxNoEditor, [000001B8C9CB2300][000001B8C6352A00 49] LinuxAArch64NoEditor, [000001B8C9BA7C00][000001B8C635AB80 49] LinuxClient, [000001B8C9CB0F00][000001B8CA286D00 49] LinuxAArch64Client, [000001B8C9BA5200][000001B8CA0BEE40 49] LinuxServer, [000001B8C9CB3000][000001B8CA28AF80 49] LinuxAArch64Server, [000001B8C9BA5600][000001B8CA28F0C0 49] Android, [000001B8C9CB1200][000001B8CA297240 49] Android_Low, [000001B8C9BA7E00][000001B8CA29B3C0 49] Android_Mid, [000001B8C9CB0100][000001B8C6047540 49] Android_High, [000001B8C9BA6A00][000001B8C604B6C0 49] Android_Default, [000001B8C9CB1300][000001B8C604F840 49] Android_Adreno4xx, [000001B8C9C72300][000001B8C60539C0 49] Android_Adreno5xx_Low, [000001B8C9BD1C00][000001B8C6057B40 49] Android_Adreno5xx, [000001B8C9C73E00][000001B8C606E140 49] Android_Adreno6xx, [000001B8C9BD2700][000001B8C60902C0 49] Android_Adreno6xx_Vulkan, [000001B8C9C73600][000001B8CA926440 49] Android_Mali_T6xx, [000001B8C9BD0F00][000001B8C5D805C0 49] Android_Mali_T7xx, [000001B8C9C71B00][000001B8C5DC0740 49] Android_Mali_T8xx, [000001B8C9BD1F00][000001B8C5DC48C0 49] Android_Mali_G71, [000001B8C9C72C00][000001B8C5DC8A40 49] Android_Mali_G72, [000001B8C9BD2F00][000001B8C5DCCBC0 49] Android_Mali_G72_Vulkan, [000001B8C9C72500][000001B8C5DD0D40 49] Android_Mali_G76, [000001B8C9BD2200][000001B8C5DD8EC0 49] Android_Mali_G76_Vulkan, [000001B8C9C70E00][000001B8CA293000 49] Android_Mali_G77, [000001B8C9BD1400][000001B8C5DDD140 49] Android_Mali_G77_Vulkan, [000001B8C9C73700][000001B8C5DE1280 49] Android_Mali_G78, [000001B8C9BD1300][000001B8C5DE53C0 49] Android_Mali_G78_Vulkan, [000001B8C9C71500][000001B8CA097540 49] Android_Mali_G710, [000001B8C9BD3D00][000001B8C5DD56C0 49] Android_Mali_G710_Vulkan, [000001B8C9C70700][000001B8CA09B840 49] Android_Vulkan_SM5, [000001B8C9BD1B00][000001B8CA09F9C0 49] Android_PowerVR_G6xxx, [000001B8C9C70A00][000001B8CA0A3B40 49] Android_PowerVR_GT7xxx, [000001B8C9BD0200][000001B8CA0B2140 49] Android_PowerVR_GE8xxx, [000001B8C9C73800][000001B8C5E982C0 49] Android_PowerVR_GM9xxx, [000001B8C9BD0A00][000001B8CA46A440 49] Android_PowerVR_GM9xxx_Vulkan, [000001B8C9C71000][000001B8C5E9C5C0 49] Android_TegraK1, [000001B8C9BD1700][000001B8C5EA0740 49] Android_Unknown_Vulkan, [000001B8C9C71800][000001B8C5EA48C0 49] Lumin, [000001B8C9BD3C00][000001B8C5EA8A40 49] Lumin_Desktop, [000001B8C9C71600][000001B8C5EACBC0 49] HoloLens, 
[2025.10.13-22.00.13:659][  0]LogMeshReduction: Using QuadricMeshReduction for automatic static mesh reduction
[2025.10.13-22.00.13:659][  0]LogMeshReduction: Using SimplygonMeshReduction for automatic skeletal mesh reduction
[2025.10.13-22.00.13:659][  0]LogMeshReduction: Using ProxyLODMeshReduction for automatic mesh merging
[2025.10.13-22.00.13:659][  0]LogMeshReduction: No distributed automatic mesh merging module available
[2025.10.13-22.00.13:659][  0]LogMeshMerging: No distributed automatic mesh merging module available
[2025.10.13-22.00.13:670][  0]LogNetVersion: TasteOfMadness 1.0.0, NetCL: 17155196, EngineNetVer: 17, GameNetVer: 0 (Checksum: 3999798361)
[2025.10.13-22.00.13:936][  0]LogTexture: Default maximum texture size for cubemaps generated from long-lat sources has been changed from 512 to unlimited. In order to preserve old behaiour for '/Engine/MapTemplates/Sky/DaylightAmbientCubemap.DaylightAmbientCubemap', its maximum texture size has been explicitly set to 512.
[2025.10.13-22.00.13:980][  0]LogHMD: PokeAHoleMaterial loaded successfully
[2025.10.13-22.00.13:985][  0]LogUObjectArray: 17178 objects as part of root set at end of initial load.
[2025.10.13-22.00.13:985][  0]LogUObjectAllocator: 4302048 out of 0 bytes used by permanent object pool.
[2025.10.13-22.00.13:985][  0]LogUObjectArray: CloseDisregardForGC: 0/0 objects in disregard for GC pool
[2025.10.13-22.00.14:172][  0]LogNiagaraDebuggerClient: Niagara Debugger Client Initialized | Session: 5B63A760405447F0B147589043524C56 | Instance: AEF67FE74CC6A8DA44620C97841DBD0D (DESKTOP-QFES4I7-33104).
[2025.10.13-22.00.14:274][  0]LogPython: Using Python 3.7.7
[2025.10.13-22.00.14:652][  0]LogUdpMessaging: Initializing bridge on interface 0.0.0.0:0 to multicast group 230.0.0.1:6666.
[2025.10.13-22.00.14:658][  0]LogTcpMessaging: Initializing TcpMessaging bridge
[2025.10.13-22.00.14:768][  0]SourceControl: Source control is disabled
[2025.10.13-22.00.14:768][  0]SourceControl: Source control is disabled
[2025.10.13-22.00.14:779][  0]SourceControl: Source control is disabled
[2025.10.13-22.00.14:781][  0]SourceControl: Source control is disabled
[2025.10.13-22.00.14:788][  0]SourceControl: Source control is disabled
[2025.10.13-22.00.14:792][  0]LogUProjectInfo: Found projects:
[2025.10.13-22.00.14:933][  0]LogOpenImageDenoise: OIDN starting up
[2025.10.13-22.00.14:942][  0]LogAndroidPermission: UAndroidPermissionCallbackProxy::GetInstance
[2025.10.13-22.00.14:958][  0]LogAudioCaptureCore: Display: No Audio Capture implementations found. Audio input will be silent.
[2025.10.13-22.00.14:958][  0]LogAudioCaptureCore: Display: No Audio Capture implementations found. Audio input will be silent.
[2025.10.13-22.00.15:059][  0]LogCollectionManager: Loaded 0 collections in 0.000510 seconds
[2025.10.13-22.00.15:077][  0]LogFileCache: Scanning file cache for directory 'C:/Users/PC/Documents/GitHub/TasteOfMadness/TasteOfMadness/Saved/Collections/' took 0.00s
[2025.10.13-22.00.15:077][  0]LogFileCache: Scanning file cache for directory 'C:/Users/PC/Documents/GitHub/TasteOfMadness/TasteOfMadness/Content/Developers/PC/Collections/' took 0.00s
[2025.10.13-22.00.15:077][  0]LogFileCache: Scanning file cache for directory 'C:/Users/PC/Documents/GitHub/TasteOfMadness/TasteOfMadness/Content/Collections/' took 0.00s
[2025.10.13-22.00.15:077][  0]LogOcInput: OculusInput pre-init called
[2025.10.13-22.00.15:244][  0]LogEngine: Initializing Engine...
[2025.10.13-22.00.15:294][  0]LogHMD: Failed to enumerate extensions. Please check that you have a valid OpenXR runtime installed.
[2025.10.13-22.00.15:294][  0]LogHMD: Failed to initialize OpenVR with code 110
[2025.10.13-22.00.15:294][  0]LogMagicLeap: Warning: VR disabled because ZI is not enabled.  To enable, in the editor, Edit -> Project Settings -> Plugins -> Magic Leap Plugin -> Enable Zero Iteration
[2025.10.13-22.00.15:295][  0]LogStats: UGameplayTagsManager::InitializeManager -  0.000 s
[2025.10.13-22.00.15:386][  0]LogInit: Initializing FReadOnlyCVARCache
[2025.10.13-22.00.15:393][  0]LogAIModule: Creating AISystem for world Untitled
[2025.10.13-22.00.15:402][  0]LogAudio: Display: Initializing Audio Device Manager...
[2025.10.13-22.00.15:404][  0]LogAudio: Display: Loading Default Audio Settings Objects...
[2025.10.13-22.00.15:405][  0]LogAudio: Display: No default SoundConcurrencyObject specified (or failed to load).
[2025.10.13-22.00.15:405][  0]LogAudio: Display: Audio Device Manager Initialized
[2025.10.13-22.00.15:405][  0]LogAudio: Display: Creating Audio Device:                 Id: 1, Scope: Shared, Realtime: True
[2025.10.13-22.00.15:405][  0]LogAudioMixer: Display: Audio Mixer Platform Settings:
[2025.10.13-22.00.15:405][  0]LogAudioMixer: Display: 	Sample Rate:						  48000
[2025.10.13-22.00.15:405][  0]LogAudioMixer: Display: 	Callback Buffer Frame Size Requested: 1024
[2025.10.13-22.00.15:405][  0]LogAudioMixer: Display: 	Callback Buffer Frame Size To Use:	  1024
[2025.10.13-22.00.15:405][  0]LogAudioMixer: Display: 	Number of buffers to queue:			  2
[2025.10.13-22.00.15:405][  0]LogAudioMixer: Display: 	Max Channels (voices):				  32
[2025.10.13-22.00.15:405][  0]LogAudioMixer: Display: 	Number of Async Source Workers:		  0
[2025.10.13-22.00.15:405][  0]LogAudio: Display: AudioDevice MaxSources: 32
[2025.10.13-22.00.15:405][  0]LogAudio: Display: Audio Spatialization Plugin: None (built-in).
[2025.10.13-22.00.15:405][  0]LogAudio: Display: Audio Reverb Plugin: None (built-in).
[2025.10.13-22.00.15:405][  0]LogAudio: Display: Audio Occlusion Plugin: None (built-in).
[2025.10.13-22.00.15:406][  0]LogAudioMixer: Display: Initializing audio mixer.
[2025.10.13-22.00.15:421][  0]LogAudioMixer: Display: 0: FrontLeft
[2025.10.13-22.00.15:421][  0]LogAudioMixer: Display: 1: FrontRight
[2025.10.13-22.00.15:432][  0]LogAudioMixer: Display: Using Audio Device LC24RG50 (NVIDIA High Definition Audio)
[2025.10.13-22.00.15:435][  0]LogAudioMixer: Display: Initializing Sound Submixes...
[2025.10.13-22.00.15:437][  0]LogAudioMixer: Display: Creating Master Submix 'MasterSubmixDefault'
[2025.10.13-22.00.15:437][  0]LogAudioMixer: Display: Creating Master Submix 'MasterReverbSubmixDefault'
[2025.10.13-22.00.15:437][  0]LogAudioMixer: Display: Creating Master Submix 'MasterEQSubmixDefault'
[2025.10.13-22.00.15:438][  0]LogAudioMixer: FMixerPlatformXAudio2::StartAudioStream() called
[2025.10.13-22.00.15:438][  0]LogAudioMixer: Display: Output buffers initialized: Frames=1024, Channels=2, Samples=2048
[2025.10.13-22.00.15:438][  0]LogAudioMixer: Display: Starting AudioMixerPlatformInterface::RunInternal()
[2025.10.13-22.00.15:438][  0]LogAudioMixer: Display: FMixerPlatformXAudio2::SubmitBuffer() called for the first time
[2025.10.13-22.00.15:438][  0]LogInit: FAudioDevice initialized.
[2025.10.13-22.00.15:438][  0]LogAudio: Display: Audio Device (ID: 1) registered with world 'Untitled'.
[2025.10.13-22.00.15:438][  0]LogNetVersion: Set ProjectVersion to 1.0.0.0. Version Checksum will be recalculated on next use.
[2025.10.13-22.00.15:478][  0]LogDerivedDataCache: Saved boot cache 0.04s 94MB C:/Users/PC/AppData/Local/UnrealEngine/4.27/DerivedDataCache/Boot.ddc.
[2025.10.13-22.00.15:479][  0]LogInit: Texture streaming: Enabled
[2025.10.13-22.00.15:488][  0]LogAnalytics: Display: [UEEditor.Rocket.Release] APIServer = https://datarouter.ol.epicgames.com/. AppVersion = 4.27.2-18319896+++UE4+Release-4.27
[2025.10.13-22.00.15:491][  0]LogEngineSessionManager: EngineSessionManager initialized
[2025.10.13-22.00.15:491][  0]LogEditorSessionSummary: Verbose: Initializing EditorSessionSummaryWriter for editor session tracking
[2025.10.13-22.00.15:492][  0]LogEditorSessionSummary: EditorSessionSummaryWriter initialized
[2025.10.13-22.00.15:521][  0]LogInit: Transaction tracking system initialized
[2025.10.13-22.00.15:537][  0]BlueprintLog: New page: Editor Load
[2025.10.13-22.00.15:581][  0]LocalizationService: Localization service is disabled
[2025.10.13-22.00.15:599][  0]TimingProfiler: Initialize
[2025.10.13-22.00.15:599][  0]TimingProfiler: OnSessionChanged
[2025.10.13-22.00.15:599][  0]LoadingProfiler: Initialize
[2025.10.13-22.00.15:599][  0]LoadingProfiler: OnSessionChanged
[2025.10.13-22.00.15:599][  0]NetworkingProfiler: Initialize
[2025.10.13-22.00.15:599][  0]NetworkingProfiler: OnSessionChanged
[2025.10.13-22.00.15:599][  0]MemoryProfiler: Initialize
[2025.10.13-22.00.15:599][  0]MemoryProfiler: OnSessionChanged
[2025.10.13-22.00.15:707][  0]LogCook: Display: CookSettings for Memory: MemoryMaxUsedVirtual 0MiB, MemoryMaxUsedPhysical 16384MiB, MemoryMinFreeVirtual 0MiB, MemoryMinFreePhysical 1024MiB
[2025.10.13-22.00.15:708][  0]LogCook: Display: Mobile HDR setting 1
[2025.10.13-22.00.15:712][  0]LogFileCache: Scanning file cache for directory 'C:/Users/PC/Documents/GitHub/TasteOfMadness/TasteOfMadness/Content/' took 0.01s
[2025.10.13-22.00.15:712][  0]LogLinker: Warning: Failed to load '/Engine/BasicShapes/Cube': Can't find file.
[2025.10.13-22.00.15:712][  0]LogLinker: Warning: Failed to load '/Engine/BasicShapes/Cube': Can't find file.
[2025.10.13-22.00.15:712][  0]LogUObjectGlobals: Warning: Failed to find object 'StaticMesh /Engine/BasicShapes/Cube.Cube'
[2025.10.13-22.00.15:973][  0]LogInit: Display: Engine is initialized. Leaving FEngineLoop::Init()
[2025.10.13-22.00.15:975][  0]SourceControl: Source control is disabled
[2025.10.13-22.00.15:975][  0]LogUnrealEdMisc: Loading editor; pre map load, took 5.739
[2025.10.13-22.00.15:975][  0]Cmd: MAP LOAD FILE="C:/Users/PC/Documents/GitHub/TasteOfMadness/TasteOfMadness/Content/Maps/MainPersistent.umap" TEMPLATE=0 SHOWPROGRESS=1 FEATURELEVEL=3
[2025.10.13-22.00.15:984][  0]LightingResults: New page: Lighting Build
[2025.10.13-22.00.15:985][  0]LogWorld: UWorld::CleanupWorld for Untitled, bSessionEnded=true, bCleanupResources=true
[2025.10.13-22.00.15:985][  0]LogSlate: InvalidateAllWidgets triggered.  All widgets were invalidated
[2025.10.13-22.00.15:985][  0]MapCheck: New page: Map Check
[2025.10.13-22.00.15:985][  0]LightingResults: New page: Lighting Build
[2025.10.13-22.00.15:990][  0]LogAudio: Display: Audio Device unregistered from world 'None'.
[2025.10.13-22.00.15:993][  0]LogUObjectHash: Compacting FUObjectHashTables data took   0.80ms
[2025.10.13-22.00.16:528][  0]LogAudio: Display: Audio Device (ID: 1) registered with world 'MainPersistent'.
[2025.10.13-22.00.16:529][  0]LogAIModule: Creating AISystem for world MainPersistent
[2025.10.13-22.00.16:532][  0]LogStreaming: Display: ULevelStreaming::RequestLevel(/Game/Maps/FrancisIA) is flushing async loading
[2025.10.13-22.00.16:532][  0]LogStreaming: Display: FlushAsyncLoading: 1 QueuedPackages, 0 AsyncPackages
[2025.10.13-22.00.16:755][  0]LogStreaming: Display: ULevelStreaming::RequestLevel(/Game/Maps/ComidaVivaIA) is flushing async loading
[2025.10.13-22.00.16:935][  0]LogStreaming: Display: ULevelStreaming::RequestLevel(/Game/Maps/PropsSamuel) is flushing async loading
[2025.10.13-22.00.16:947][  0]LogStreaming: Display: ULevelStreaming::RequestLevel(/Game/Maps/PropsMichelle) is flushing async loading
[2025.10.13-22.00.16:956][  0]LogStreaming: Display: ULevelStreaming::RequestLevel(/Game/Maps/PropsDaniela) is flushing async loading
[2025.10.13-22.00.16:966][  0]LogStreaming: Display: ULevelStreaming::RequestLevel(/Game/Maps/PropsChris) is flushing async loading
[2025.10.13-22.00.16:976][  0]LogStreaming: Display: ULevelStreaming::RequestLevel(/Game/Maps/PropsOliver) is flushing async loading
[2025.10.13-22.00.16:985][  0]LogEditorServer: Finished looking for orphan Actors (0.000 secs)
[2025.10.13-22.00.16:986][  0]LogNavigation: Warning: NavData RegistrationFailed_AgentAlreadySupported, specified agent type already has its navmesh implemented.
[2025.10.13-22.00.16:993][  0]LogUObjectHash: Compacting FUObjectHashTables data took   0.87ms
[2025.10.13-22.00.16:994][  0]Cmd: MAP CHECKDEP NOCLEARLOG
[2025.10.13-22.00.16:994][  0]MapCheck: Map check complete: 0 Error(s), 0 Warning(s), took 0.428ms to complete.
[2025.10.13-22.00.16:994][  0]LogFileHelpers: Loading map 'MainPersistent' took 1.019
[2025.10.13-22.00.16:996][  0]LogUnrealEdMisc: Total Editor Startup Time, took 6.760
[2025.10.13-22.00.17:119][  0]LogSlate: Updating window title bar state: overlay mode, drag disabled, window buttons hidden, title bar hidden
[2025.10.13-22.00.17:124][  0]LogSlate: Updating window title bar state: overlay mode, drag disabled, window buttons hidden, title bar hidden
[2025.10.13-22.00.17:128][  0]LogSlate: Updating window title bar state: overlay mode, drag disabled, window buttons hidden, title bar hidden
[2025.10.13-22.00.17:132][  0]LogSlate: Updating window title bar state: overlay mode, drag disabled, window buttons hidden, title bar hidden
[2025.10.13-22.00.17:151][  0]LogNativeClassHierarchy: Verbose: Native class hierarchy populated in 0.0088 seconds. Added 3822 classes and 928 folders.
[2025.10.13-22.00.17:153][  0]LogNativeClassHierarchy: Verbose: Native class hierarchy updated for 'WidgetCarousel' in 0.0002 seconds. Added 0 classes and 0 folders.
[2025.10.13-22.00.17:170][  0]LogPakFile: PakFile PrimaryIndexSize=187
[2025.10.13-22.00.17:170][  0]LogPakFile: PakFile PathHashIndexSize=101
[2025.10.13-22.00.17:170][  0]LogPakFile: PakFile FullDirectoryIndexSize=148
[2025.10.13-22.00.17:171][  0]LogShaderLibrary: Display: ShaderCodeLibraryPakFileMountedCallback: PakFile 'E:/Epic/UE_4.27/FeaturePacks/FP_FirstPerson.upack' (chunk index -1, root 'root:/') mounted
[2025.10.13-22.00.17:171][  0]LogShaderLibrary: Display: ShaderCodeLibraryPakFileMountedCallback: pending pak file info (ChunkID:-1 Root:root:/ File:E:/Epic/UE_4.27/FeaturePacks/FP_FirstPerson.upack)
[2025.10.13-22.00.17:171][  0]LogPakFile: OnPakFileMounted2Time == 0.000056
[2025.10.13-22.00.17:179][  0]LogPakFile: PakFile PrimaryIndexSize=189
[2025.10.13-22.00.17:180][  0]LogPakFile: PakFile PathHashIndexSize=101
[2025.10.13-22.00.17:180][  0]LogPakFile: PakFile FullDirectoryIndexSize=152
[2025.10.13-22.00.17:180][  0]LogShaderLibrary: Display: ShaderCodeLibraryPakFileMountedCallback: PakFile 'E:/Epic/UE_4.27/FeaturePacks/FP_FirstPersonBP.upack' (chunk index -1, root 'root:/') mounted
[2025.10.13-22.00.17:180][  0]LogShaderLibrary: Display: ShaderCodeLibraryPakFileMountedCallback: pending pak file info (ChunkID:-1 Root:root:/ File:E:/Epic/UE_4.27/FeaturePacks/FP_FirstPersonBP.upack)
[2025.10.13-22.00.17:180][  0]LogPakFile: OnPakFileMounted2Time == 0.000033
[2025.10.13-22.00.17:186][  0]LogPakFile: PakFile PrimaryIndexSize=191
[2025.10.13-22.00.17:186][  0]LogPakFile: PakFile PathHashIndexSize=101
[2025.10.13-22.00.17:186][  0]LogPakFile: PakFile FullDirectoryIndexSize=160
[2025.10.13-22.00.17:186][  0]LogShaderLibrary: Display: ShaderCodeLibraryPakFileMountedCallback: PakFile 'E:/Epic/UE_4.27/FeaturePacks/MobileStarterContent.upack' (chunk index -1, root 'root:/') mounted
[2025.10.13-22.00.17:186][  0]LogShaderLibrary: Display: ShaderCodeLibraryPakFileMountedCallback: pending pak file info (ChunkID:-1 Root:root:/ File:E:/Epic/UE_4.27/FeaturePacks/MobileStarterContent.upack)
[2025.10.13-22.00.17:186][  0]LogPakFile: OnPakFileMounted2Time == 0.000033
[2025.10.13-22.00.17:192][  0]LogPakFile: PakFile PrimaryIndexSize=185
[2025.10.13-22.00.17:192][  0]LogPakFile: PakFile PathHashIndexSize=101
[2025.10.13-22.00.17:192][  0]LogPakFile: PakFile FullDirectoryIndexSize=148
[2025.10.13-22.00.17:192][  0]LogShaderLibrary: Display: ShaderCodeLibraryPakFileMountedCallback: PakFile 'E:/Epic/UE_4.27/FeaturePacks/StarterContent.upack' (chunk index -1, root 'root:/') mounted
[2025.10.13-22.00.17:192][  0]LogShaderLibrary: Display: ShaderCodeLibraryPakFileMountedCallback: pending pak file info (ChunkID:-1 Root:root:/ File:E:/Epic/UE_4.27/FeaturePacks/StarterContent.upack)
[2025.10.13-22.00.17:192][  0]LogPakFile: OnPakFileMounted2Time == 0.000028
[2025.10.13-22.00.17:198][  0]LogPakFile: PakFile PrimaryIndexSize=190
[2025.10.13-22.00.17:198][  0]LogPakFile: PakFile PathHashIndexSize=101
[2025.10.13-22.00.17:198][  0]LogPakFile: PakFile FullDirectoryIndexSize=154
[2025.10.13-22.00.17:198][  0]LogShaderLibrary: Display: ShaderCodeLibraryPakFileMountedCallback: PakFile 'E:/Epic/UE_4.27/FeaturePacks/TP_2DSideScroller.upack' (chunk index -1, root 'root:/') mounted
[2025.10.13-22.00.17:198][  0]LogShaderLibrary: Display: ShaderCodeLibraryPakFileMountedCallback: pending pak file info (ChunkID:-1 Root:root:/ File:E:/Epic/UE_4.27/FeaturePacks/TP_2DSideScroller.upack)
[2025.10.13-22.00.17:198][  0]LogPakFile: OnPakFileMounted2Time == 0.000031
[2025.10.13-22.00.17:203][  0]LogPakFile: PakFile PrimaryIndexSize=192
[2025.10.13-22.00.17:203][  0]LogPakFile: PakFile PathHashIndexSize=101
[2025.10.13-22.00.17:203][  0]LogPakFile: PakFile FullDirectoryIndexSize=158
[2025.10.13-22.00.17:204][  0]LogShaderLibrary: Display: ShaderCodeLibraryPakFileMountedCallback: PakFile 'E:/Epic/UE_4.27/FeaturePacks/TP_2DSideScrollerBP.upack' (chunk index -1, root 'root:/') mounted
[2025.10.13-22.00.17:204][  0]LogShaderLibrary: Display: ShaderCodeLibraryPakFileMountedCallback: pending pak file info (ChunkID:-1 Root:root:/ File:E:/Epic/UE_4.27/FeaturePacks/TP_2DSideScrollerBP.upack)
[2025.10.13-22.00.17:204][  0]LogPakFile: OnPakFileMounted2Time == 0.000033
[2025.10.13-22.00.17:209][  0]LogPakFile: PakFile PrimaryIndexSize=182
[2025.10.13-22.00.17:209][  0]LogPakFile: PakFile PathHashIndexSize=101
[2025.10.13-22.00.17:209][  0]LogPakFile: PakFile FullDirectoryIndexSize=138
[2025.10.13-22.00.17:209][  0]LogShaderLibrary: Display: ShaderCodeLibraryPakFileMountedCallback: PakFile 'E:/Epic/UE_4.27/FeaturePacks/TP_Flying.upack' (chunk index -1, root 'root:/') mounted
[2025.10.13-22.00.17:209][  0]LogShaderLibrary: Display: ShaderCodeLibraryPakFileMountedCallback: pending pak file info (ChunkID:-1 Root:root:/ File:E:/Epic/UE_4.27/FeaturePacks/TP_Flying.upack)
[2025.10.13-22.00.17:209][  0]LogPakFile: OnPakFileMounted2Time == 0.000031
[2025.10.13-22.00.17:215][  0]LogPakFile: PakFile PrimaryIndexSize=184
[2025.10.13-22.00.17:215][  0]LogPakFile: PakFile PathHashIndexSize=101
[2025.10.13-22.00.17:215][  0]LogPakFile: PakFile FullDirectoryIndexSize=142
[2025.10.13-22.00.17:215][  0]LogShaderLibrary: Display: ShaderCodeLibraryPakFileMountedCallback: PakFile 'E:/Epic/UE_4.27/FeaturePacks/TP_FlyingBP.upack' (chunk index -1, root 'root:/') mounted
[2025.10.13-22.00.17:215][  0]LogShaderLibrary: Display: ShaderCodeLibraryPakFileMountedCallback: pending pak file info (ChunkID:-1 Root:root:/ File:E:/Epic/UE_4.27/FeaturePacks/TP_FlyingBP.upack)
[2025.10.13-22.00.17:215][  0]LogPakFile: OnPakFileMounted2Time == 0.000031
[2025.10.13-22.00.17:223][  0]LogPakFile: PakFile PrimaryIndexSize=188
[2025.10.13-22.00.17:223][  0]LogPakFile: PakFile PathHashIndexSize=101
[2025.10.13-22.00.17:223][  0]LogPakFile: PakFile FullDirectoryIndexSize=150
[2025.10.13-22.00.17:223][  0]LogShaderLibrary: Display: ShaderCodeLibraryPakFileMountedCallback: PakFile 'E:/Epic/UE_4.27/FeaturePacks/TP_HandheldARBP.upack' (chunk index -1, root 'root:/') mounted
[2025.10.13-22.00.17:223][  0]LogShaderLibrary: Display: ShaderCodeLibraryPakFileMountedCallback: pending pak file info (ChunkID:-1 Root:root:/ File:E:/Epic/UE_4.27/FeaturePacks/TP_HandheldARBP.upack)
[2025.10.13-22.00.17:223][  0]LogPakFile: OnPakFileMounted2Time == 0.000036
[2025.10.13-22.00.17:229][  0]LogPakFile: PakFile PrimaryIndexSize=182
[2025.10.13-22.00.17:229][  0]LogPakFile: PakFile PathHashIndexSize=101
[2025.10.13-22.00.17:229][  0]LogPakFile: PakFile FullDirectoryIndexSize=138
[2025.10.13-22.00.17:229][  0]LogShaderLibrary: Display: ShaderCodeLibraryPakFileMountedCallback: PakFile 'E:/Epic/UE_4.27/FeaturePacks/TP_Puzzle.upack' (chunk index -1, root 'root:/') mounted
[2025.10.13-22.00.17:229][  0]LogShaderLibrary: Display: ShaderCodeLibraryPakFileMountedCallback: pending pak file info (ChunkID:-1 Root:root:/ File:E:/Epic/UE_4.27/FeaturePacks/TP_Puzzle.upack)
[2025.10.13-22.00.17:229][  0]LogPakFile: OnPakFileMounted2Time == 0.000029
[2025.10.13-22.00.17:235][  0]LogPakFile: PakFile PrimaryIndexSize=184
[2025.10.13-22.00.17:235][  0]LogPakFile: PakFile PathHashIndexSize=101
[2025.10.13-22.00.17:235][  0]LogPakFile: PakFile FullDirectoryIndexSize=142
[2025.10.13-22.00.17:235][  0]LogShaderLibrary: Display: ShaderCodeLibraryPakFileMountedCallback: PakFile 'E:/Epic/UE_4.27/FeaturePacks/TP_PuzzleBP.upack' (chunk index -1, root 'root:/') mounted
[2025.10.13-22.00.17:235][  0]LogShaderLibrary: Display: ShaderCodeLibraryPakFileMountedCallback: pending pak file info (ChunkID:-1 Root:root:/ File:E:/Epic/UE_4.27/FeaturePacks/TP_PuzzleBP.upack)
[2025.10.13-22.00.17:235][  0]LogPakFile: OnPakFileMounted2Time == 0.000032
[2025.10.13-22.00.17:240][  0]LogPakFile: PakFile PrimaryIndexSize=183
[2025.10.13-22.00.17:240][  0]LogPakFile: PakFile PathHashIndexSize=101
[2025.10.13-22.00.17:240][  0]LogPakFile: PakFile FullDirectoryIndexSize=140
[2025.10.13-22.00.17:240][  0]LogShaderLibrary: Display: ShaderCodeLibraryPakFileMountedCallback: PakFile 'E:/Epic/UE_4.27/FeaturePacks/TP_Rolling.upack' (chunk index -1, root 'root:/') mounted
[2025.10.13-22.00.17:240][  0]LogShaderLibrary: Display: ShaderCodeLibraryPakFileMountedCallback: pending pak file info (ChunkID:-1 Root:root:/ File:E:/Epic/UE_4.27/FeaturePacks/TP_Rolling.upack)
[2025.10.13-22.00.17:240][  0]LogPakFile: OnPakFileMounted2Time == 0.000031
[2025.10.13-22.00.17:247][  0]LogPakFile: PakFile PrimaryIndexSize=185
[2025.10.13-22.00.17:247][  0]LogPakFile: PakFile PathHashIndexSize=101
[2025.10.13-22.00.17:247][  0]LogPakFile: PakFile FullDirectoryIndexSize=144
[2025.10.13-22.00.17:247][  0]LogShaderLibrary: Display: ShaderCodeLibraryPakFileMountedCallback: PakFile 'E:/Epic/UE_4.27/FeaturePacks/TP_RollingBP.upack' (chunk index -1, root 'root:/') mounted
[2025.10.13-22.00.17:247][  0]LogShaderLibrary: Display: ShaderCodeLibraryPakFileMountedCallback: pending pak file info (ChunkID:-1 Root:root:/ File:E:/Epic/UE_4.27/FeaturePacks/TP_RollingBP.upack)
[2025.10.13-22.00.17:247][  0]LogPakFile: OnPakFileMounted2Time == 0.000033
[2025.10.13-22.00.17:252][  0]LogPakFile: PakFile PrimaryIndexSize=188
[2025.10.13-22.00.17:252][  0]LogPakFile: PakFile PathHashIndexSize=101
[2025.10.13-22.00.17:252][  0]LogPakFile: PakFile FullDirectoryIndexSize=150
[2025.10.13-22.00.17:252][  0]LogShaderLibrary: Display: ShaderCodeLibraryPakFileMountedCallback: PakFile 'E:/Epic/UE_4.27/FeaturePacks/TP_SideScroller.upack' (chunk index -1, root 'root:/') mounted
[2025.10.13-22.00.17:252][  0]LogShaderLibrary: Display: ShaderCodeLibraryPakFileMountedCallback: pending pak file info (ChunkID:-1 Root:root:/ File:E:/Epic/UE_4.27/FeaturePacks/TP_SideScroller.upack)
[2025.10.13-22.00.17:252][  0]LogPakFile: OnPakFileMounted2Time == 0.000047
[2025.10.13-22.00.17:257][  0]LogPakFile: PakFile PrimaryIndexSize=190
[2025.10.13-22.00.17:257][  0]LogPakFile: PakFile PathHashIndexSize=101
[2025.10.13-22.00.17:257][  0]LogPakFile: PakFile FullDirectoryIndexSize=154
[2025.10.13-22.00.17:257][  0]LogShaderLibrary: Display: ShaderCodeLibraryPakFileMountedCallback: PakFile 'E:/Epic/UE_4.27/FeaturePacks/TP_SideScrollerBP.upack' (chunk index -1, root 'root:/') mounted
[2025.10.13-22.00.17:257][  0]LogShaderLibrary: Display: ShaderCodeLibraryPakFileMountedCallback: pending pak file info (ChunkID:-1 Root:root:/ File:E:/Epic/UE_4.27/FeaturePacks/TP_SideScrollerBP.upack)
[2025.10.13-22.00.17:257][  0]LogPakFile: OnPakFileMounted2Time == 0.000031
[2025.10.13-22.00.17:263][  0]LogPakFile: PakFile PrimaryIndexSize=187
[2025.10.13-22.00.17:263][  0]LogPakFile: PakFile PathHashIndexSize=101
[2025.10.13-22.00.17:263][  0]LogPakFile: PakFile FullDirectoryIndexSize=148
[2025.10.13-22.00.17:263][  0]LogShaderLibrary: Display: ShaderCodeLibraryPakFileMountedCallback: PakFile 'E:/Epic/UE_4.27/FeaturePacks/TP_ThirdPerson.upack' (chunk index -1, root 'root:/') mounted
[2025.10.13-22.00.17:263][  0]LogShaderLibrary: Display: ShaderCodeLibraryPakFileMountedCallback: pending pak file info (ChunkID:-1 Root:root:/ File:E:/Epic/UE_4.27/FeaturePacks/TP_ThirdPerson.upack)
[2025.10.13-22.00.17:263][  0]LogPakFile: OnPakFileMounted2Time == 0.000031
[2025.10.13-22.00.17:268][  0]LogPakFile: PakFile PrimaryIndexSize=189
[2025.10.13-22.00.17:268][  0]LogPakFile: PakFile PathHashIndexSize=101
[2025.10.13-22.00.17:268][  0]LogPakFile: PakFile FullDirectoryIndexSize=152
[2025.10.13-22.00.17:268][  0]LogShaderLibrary: Display: ShaderCodeLibraryPakFileMountedCallback: PakFile 'E:/Epic/UE_4.27/FeaturePacks/TP_ThirdPersonBP.upack' (chunk index -1, root 'root:/') mounted
[2025.10.13-22.00.17:268][  0]LogShaderLibrary: Display: ShaderCodeLibraryPakFileMountedCallback: pending pak file info (ChunkID:-1 Root:root:/ File:E:/Epic/UE_4.27/FeaturePacks/TP_ThirdPersonBP.upack)
[2025.10.13-22.00.17:268][  0]LogPakFile: OnPakFileMounted2Time == 0.000034
[2025.10.13-22.00.17:273][  0]LogPakFile: PakFile PrimaryIndexSize=183
[2025.10.13-22.00.17:273][  0]LogPakFile: PakFile PathHashIndexSize=101
[2025.10.13-22.00.17:273][  0]LogPakFile: PakFile FullDirectoryIndexSize=140
[2025.10.13-22.00.17:273][  0]LogShaderLibrary: Display: ShaderCodeLibraryPakFileMountedCallback: PakFile 'E:/Epic/UE_4.27/FeaturePacks/TP_TopDown.upack' (chunk index -1, root 'root:/') mounted
[2025.10.13-22.00.17:273][  0]LogShaderLibrary: Display: ShaderCodeLibraryPakFileMountedCallback: pending pak file info (ChunkID:-1 Root:root:/ File:E:/Epic/UE_4.27/FeaturePacks/TP_TopDown.upack)
[2025.10.13-22.00.17:273][  0]LogPakFile: OnPakFileMounted2Time == 0.000039
[2025.10.13-22.00.17:278][  0]LogPakFile: PakFile PrimaryIndexSize=185
[2025.10.13-22.00.17:278][  0]LogPakFile: PakFile PathHashIndexSize=101
[2025.10.13-22.00.17:278][  0]LogPakFile: PakFile FullDirectoryIndexSize=144
[2025.10.13-22.00.17:278][  0]LogShaderLibrary: Display: ShaderCodeLibraryPakFileMountedCallback: PakFile 'E:/Epic/UE_4.27/FeaturePacks/TP_TopDownBP.upack' (chunk index -1, root 'root:/') mounted
[2025.10.13-22.00.17:278][  0]LogShaderLibrary: Display: ShaderCodeLibraryPakFileMountedCallback: pending pak file info (ChunkID:-1 Root:root:/ File:E:/Epic/UE_4.27/FeaturePacks/TP_TopDownBP.upack)
[2025.10.13-22.00.17:278][  0]LogPakFile: OnPakFileMounted2Time == 0.000033
[2025.10.13-22.00.17:286][  0]LogPakFile: PakFile PrimaryIndexSize=185
[2025.10.13-22.00.17:286][  0]LogPakFile: PakFile PathHashIndexSize=101
[2025.10.13-22.00.17:286][  0]LogPakFile: PakFile FullDirectoryIndexSize=144
[2025.10.13-22.00.17:286][  0]LogShaderLibrary: Display: ShaderCodeLibraryPakFileMountedCallback: PakFile 'E:/Epic/UE_4.27/FeaturePacks/TP_TwinStick.upack' (chunk index -1, root 'root:/') mounted
[2025.10.13-22.00.17:286][  0]LogShaderLibrary: Display: ShaderCodeLibraryPakFileMountedCallback: pending pak file info (ChunkID:-1 Root:root:/ File:E:/Epic/UE_4.27/FeaturePacks/TP_TwinStick.upack)
[2025.10.13-22.00.17:286][  0]LogPakFile: OnPakFileMounted2Time == 0.000034
[2025.10.13-22.00.17:291][  0]LogPakFile: PakFile PrimaryIndexSize=187
[2025.10.13-22.00.17:292][  0]LogPakFile: PakFile PathHashIndexSize=101
[2025.10.13-22.00.17:292][  0]LogPakFile: PakFile FullDirectoryIndexSize=148
[2025.10.13-22.00.17:292][  0]LogShaderLibrary: Display: ShaderCodeLibraryPakFileMountedCallback: PakFile 'E:/Epic/UE_4.27/FeaturePacks/TP_TwinStickBP.upack' (chunk index -1, root 'root:/') mounted
[2025.10.13-22.00.17:292][  0]LogShaderLibrary: Display: ShaderCodeLibraryPakFileMountedCallback: pending pak file info (ChunkID:-1 Root:root:/ File:E:/Epic/UE_4.27/FeaturePacks/TP_TwinStickBP.upack)
[2025.10.13-22.00.17:292][  0]LogPakFile: OnPakFileMounted2Time == 0.000037
[2025.10.13-22.00.17:297][  0]LogPakFile: PakFile PrimaryIndexSize=183
[2025.10.13-22.00.17:297][  0]LogPakFile: PakFile PathHashIndexSize=101
[2025.10.13-22.00.17:297][  0]LogPakFile: PakFile FullDirectoryIndexSize=140
[2025.10.13-22.00.17:297][  0]LogShaderLibrary: Display: ShaderCodeLibraryPakFileMountedCallback: PakFile 'E:/Epic/UE_4.27/FeaturePacks/TP_Vehicle.upack' (chunk index -1, root 'root:/') mounted
[2025.10.13-22.00.17:298][  0]LogShaderLibrary: Display: ShaderCodeLibraryPakFileMountedCallback: pending pak file info (ChunkID:-1 Root:root:/ File:E:/Epic/UE_4.27/FeaturePacks/TP_Vehicle.upack)
[2025.10.13-22.00.17:298][  0]LogPakFile: OnPakFileMounted2Time == 0.000032
[2025.10.13-22.00.17:303][  0]LogPakFile: PakFile PrimaryIndexSize=186
[2025.10.13-22.00.17:303][  0]LogPakFile: PakFile PathHashIndexSize=101
[2025.10.13-22.00.17:303][  0]LogPakFile: PakFile FullDirectoryIndexSize=146
[2025.10.13-22.00.17:303][  0]LogShaderLibrary: Display: ShaderCodeLibraryPakFileMountedCallback: PakFile 'E:/Epic/UE_4.27/FeaturePacks/TP_VehicleAdv.upack' (chunk index -1, root 'root:/') mounted
[2025.10.13-22.00.17:303][  0]LogShaderLibrary: Display: ShaderCodeLibraryPakFileMountedCallback: pending pak file info (ChunkID:-1 Root:root:/ File:E:/Epic/UE_4.27/FeaturePacks/TP_VehicleAdv.upack)
[2025.10.13-22.00.17:303][  0]LogPakFile: OnPakFileMounted2Time == 0.000037
[2025.10.13-22.00.17:309][  0]LogPakFile: PakFile PrimaryIndexSize=188
[2025.10.13-22.00.17:309][  0]LogPakFile: PakFile PathHashIndexSize=101
[2025.10.13-22.00.17:309][  0]LogPakFile: PakFile FullDirectoryIndexSize=150
[2025.10.13-22.00.17:309][  0]LogShaderLibrary: Display: ShaderCodeLibraryPakFileMountedCallback: PakFile 'E:/Epic/UE_4.27/FeaturePacks/TP_VehicleAdvBP.upack' (chunk index -1, root 'root:/') mounted
[2025.10.13-22.00.17:309][  0]LogShaderLibrary: Display: ShaderCodeLibraryPakFileMountedCallback: pending pak file info (ChunkID:-1 Root:root:/ File:E:/Epic/UE_4.27/FeaturePacks/TP_VehicleAdvBP.upack)
[2025.10.13-22.00.17:309][  0]LogPakFile: OnPakFileMounted2Time == 0.000033
[2025.10.13-22.00.17:314][  0]LogPakFile: PakFile PrimaryIndexSize=185
[2025.10.13-22.00.17:314][  0]LogPakFile: PakFile PathHashIndexSize=101
[2025.10.13-22.00.17:314][  0]LogPakFile: PakFile FullDirectoryIndexSize=144
[2025.10.13-22.00.17:314][  0]LogShaderLibrary: Display: ShaderCodeLibraryPakFileMountedCallback: PakFile 'E:/Epic/UE_4.27/FeaturePacks/TP_VehicleBP.upack' (chunk index -1, root 'root:/') mounted
[2025.10.13-22.00.17:314][  0]LogShaderLibrary: Display: ShaderCodeLibraryPakFileMountedCallback: pending pak file info (ChunkID:-1 Root:root:/ File:E:/Epic/UE_4.27/FeaturePacks/TP_VehicleBP.upack)
[2025.10.13-22.00.17:314][  0]LogPakFile: OnPakFileMounted2Time == 0.000032
[2025.10.13-22.00.17:320][  0]LogPakFile: PakFile PrimaryIndexSize=192
[2025.10.13-22.00.17:320][  0]LogPakFile: PakFile PathHashIndexSize=101
[2025.10.13-22.00.17:320][  0]LogPakFile: PakFile FullDirectoryIndexSize=158
[2025.10.13-22.00.17:320][  0]LogShaderLibrary: Display: ShaderCodeLibraryPakFileMountedCallback: PakFile 'E:/Epic/UE_4.27/FeaturePacks/TP_VirtualRealityBP.upack' (chunk index -1, root 'root:/') mounted
[2025.10.13-22.00.17:320][  0]LogShaderLibrary: Display: ShaderCodeLibraryPakFileMountedCallback: pending pak file info (ChunkID:-1 Root:root:/ File:E:/Epic/UE_4.27/FeaturePacks/TP_VirtualRealityBP.upack)
[2025.10.13-22.00.17:320][  0]LogPakFile: OnPakFileMounted2Time == 0.000042
[2025.10.13-22.00.17:658][  0]LogNativeClassHierarchy: Verbose: Native class hierarchy updated for 'AddContentDialog' in 0.0003 seconds. Added 0 classes and 0 folders.
[2025.10.13-22.00.17:659][  0]LogNativeClassHierarchy: Verbose: Native class hierarchy updated for 'SceneOutliner' in 0.0002 seconds. Added 2 classes and 0 folders.
[2025.10.13-22.00.17:714][  0]LogSlate: Took 0.000120 seconds to synchronously load lazily loaded font '../../../Engine/Content/Slate/Fonts/Roboto-Regular.ttf' (155K)
[2025.10.13-22.00.17:722][  0]LogSlate: Took 0.007156 seconds to synchronously load lazily loaded font '../../../Engine/Content/Editor/Slate/Fonts/FontAwesome.ttf' (139K)
[2025.10.13-22.00.17:723][  0]LogSlate: Took 0.000088 seconds to synchronously load lazily loaded font '../../../Engine/Content/Slate/Fonts/Roboto-Bold.ttf' (160K)
[2025.10.13-22.00.17:895][  0]LogRenderer: Reallocating scene render targets to support 1164x652 Format 10 NumSamples 1 (Frame:1).
[2025.10.13-22.00.17:963][  0]LogNativeClassHierarchy: Verbose: Native class hierarchy updated for 'HierarchicalLODOutliner' in 0.0003 seconds. Added 0 classes and 0 folders.
[2025.10.13-22.00.17:963][  0]LogLoad: (Engine Initialization) Total time: 7.73 seconds
[2025.10.13-22.00.17:963][  0]LogLoad: (Engine Initialization) Total Blueprint compile time: 0.00 seconds
[2025.10.13-22.00.17:977][  0]LogLinker: Warning: Failed to load '/Engine/BasicShapes/Cube': Can't find file.
[2025.10.13-22.00.17:977][  0]LogLinker: Warning: Failed to load '/Engine/BasicShapes/Cube': Can't find file.
[2025.10.13-22.00.17:977][  0]LogUObjectGlobals: Warning: Failed to find object 'StaticMesh /Engine/BasicShapes/Cube.Cube'
[2025.10.13-22.00.18:003][  0]LogAssetRegistry: Asset discovery search completed in 4.6344 seconds
[2025.10.13-22.00.18:009][  0]LogCollectionManager: Fixed up redirectors for 0 collections in 0.000003 seconds (updated 0 objects)
[2025.10.13-22.00.18:010][  0]LogContentStreaming: Texture pool size now 1000 MB
[2025.10.13-22.00.18:304][  5]LogScript: Warning: Accessed None trying to read property CallFunc_TryGetPawnOwner_ReturnValue
	ABP_Swarm_C /Engine/Transient.World_2:PersistentLevel.SkeletalMeshActor_0.SkeletalMeshComponent0.ABP_Swarm_C_0
	Function /Game/Characters/Content_Enemies/BP_Rata/ABP_Swarm.ABP_Swarm_C:ExecuteUbergraph_ABP_Swarm:00D8
[2025.10.13-22.00.18:984][ 85]LogSlate: Took 0.006941 seconds to synchronously load lazily loaded font '../../../Engine/Content/Slate/Fonts/Roboto-Light.ttf' (167K)
[2025.10.13-22.00.25:562][830]LogUObjectHash: Compacting FUObjectHashTables data took   0.59ms
[2025.10.13-22.00.25:582][830]LogAssetEditorSubsystem: Opening Asset editor for World /Game/Maps/ComidaVivaIA.ComidaVivaIA
[2025.10.13-22.00.25:582][830]Cmd: MAP LOAD FILE="C:/Users/PC/Documents/GitHub/TasteOfMadness/TasteOfMadness/Content/Maps/ComidaVivaIA.umap" TEMPLATE=0 SHOWPROGRESS=1 FEATURELEVEL=3
[2025.10.13-22.00.25:582][830]LightingResults: New page: Lighting Build
[2025.10.13-22.00.25:582][830]LoadErrors: New page: Loading map: ComidaVivaIA.umap
[2025.10.13-22.00.25:614][830]LogWorld: UWorld::CleanupWorld for MainPersistent, bSessionEnded=true, bCleanupResources=true
[2025.10.13-22.00.25:614][830]LogSlate: InvalidateAllWidgets triggered.  All widgets were invalidated
[2025.10.13-22.00.25:614][830]LogWorld: UWorld::CleanupWorld for FrancisIA, bSessionEnded=true, bCleanupResources=true
[2025.10.13-22.00.25:614][830]LogSlate: InvalidateAllWidgets triggered.  All widgets were invalidated
[2025.10.13-22.00.25:615][830]LogWorld: UWorld::CleanupWorld for ComidaVivaIA, bSessionEnded=true, bCleanupResources=true
[2025.10.13-22.00.25:615][830]LogSlate: InvalidateAllWidgets triggered.  All widgets were invalidated
[2025.10.13-22.00.25:615][830]LogWorld: UWorld::CleanupWorld for PropsSamuel, bSessionEnded=true, bCleanupResources=true
[2025.10.13-22.00.25:615][830]LogSlate: InvalidateAllWidgets triggered.  All widgets were invalidated
[2025.10.13-22.00.25:615][830]LogWorld: UWorld::CleanupWorld for PropsMichelle, bSessionEnded=true, bCleanupResources=true
[2025.10.13-22.00.25:615][830]LogSlate: InvalidateAllWidgets triggered.  All widgets were invalidated
[2025.10.13-22.00.25:615][830]LogWorld: UWorld::CleanupWorld for PropsDaniela, bSessionEnded=true, bCleanupResources=true
[2025.10.13-22.00.25:615][830]LogSlate: InvalidateAllWidgets triggered.  All widgets were invalidated
[2025.10.13-22.00.25:615][830]LogWorld: UWorld::CleanupWorld for PropsChris, bSessionEnded=true, bCleanupResources=true
[2025.10.13-22.00.25:615][830]LogSlate: InvalidateAllWidgets triggered.  All widgets were invalidated
[2025.10.13-22.00.25:615][830]LogWorld: UWorld::CleanupWorld for PropsOliver, bSessionEnded=true, bCleanupResources=true
[2025.10.13-22.00.25:615][830]LogSlate: InvalidateAllWidgets triggered.  All widgets were invalidated
[2025.10.13-22.00.25:615][830]MapCheck: New page: Map Check
[2025.10.13-22.00.25:615][830]LightingResults: New page: Lighting Build
[2025.10.13-22.00.25:618][830]LogAudio: Display: Audio Device unregistered from world 'None'.
[2025.10.13-22.00.25:621][830]LogUObjectHash: Compacting FUObjectHashTables data took   0.69ms
[2025.10.13-22.00.25:621][830]LogAudio: Display: Audio Device (ID: 1) registered with world 'ComidaVivaIA'.
[2025.10.13-22.00.25:622][830]LogAIModule: Creating AISystem for world ComidaVivaIA
[2025.10.13-22.00.25:649][830]LogEditorServer: Finished looking for orphan Actors (0.000 secs)
[2025.10.13-22.00.25:655][830]LogUObjectHash: Compacting FUObjectHashTables data took   0.71ms
[2025.10.13-22.00.25:669][830]Cmd: MAP CHECKDEP NOCLEARLOG
[2025.10.13-22.00.25:669][830]MapCheck: Map check complete: 0 Error(s), 0 Warning(s), took 0.108ms to complete.
[2025.10.13-22.00.25:669][830]LogFileHelpers: Loading map 'ComidaVivaIA' took 0.086
[2025.10.13-22.00.25:697][830]LogUObjectHash: Compacting FUObjectHashTables data took   0.30ms
[2025.10.13-22.00.31:939][574]LogTemp: Repeating last play command: Selected Viewport
[2025.10.13-22.00.31:946][574]LogPlayLevel: PlayLevel: No blueprints needed recompiling
[2025.10.13-22.00.31:946][574]PIE: New page: PIE session: ComidaVivaIA (Oct 13, 2025, 11:00:31 AM)
[2025.10.13-22.00.31:947][574]LogOnline: OSS: Creating online subsystem instance for: NULL
[2025.10.13-22.00.31:948][574]LogOnline: OSS: TryLoadSubsystemAndSetDefault: Loaded subsystem for module [NULL]
[2025.10.13-22.00.31:948][574]LogPlayLevel: Creating play world package: /Game/Maps/UEDPIE_0_ComidaVivaIA
[2025.10.13-22.00.31:952][574]LogPlayLevel: PIE: StaticDuplicateObject took: (0.003425s)
[2025.10.13-22.00.31:952][574]LogAIModule: Creating AISystem for world ComidaVivaIA
[2025.10.13-22.00.31:953][574]LogPlayLevel: PIE: World Init took: (0.001022s)
[2025.10.13-22.00.31:953][574]LogPlayLevel: PIE: Created PIE world by copying editor world from /Game/Maps/ComidaVivaIA.ComidaVivaIA to /Game/Maps/UEDPIE_0_ComidaVivaIA.ComidaVivaIA (0.004551s)
[2025.10.13-22.00.31:956][574]LogUObjectHash: Compacting FUObjectHashTables data took   0.57ms
[2025.10.13-22.00.31:957][574]LogAudio: Display: Creating Audio Device:                 Id: 2, Scope: Unique, Realtime: True
[2025.10.13-22.00.31:957][574]LogAudioMixer: Display: Audio Mixer Platform Settings:
[2025.10.13-22.00.31:957][574]LogAudioMixer: Display: 	Sample Rate:						  48000
[2025.10.13-22.00.31:957][574]LogAudioMixer: Display: 	Callback Buffer Frame Size Requested: 1024
[2025.10.13-22.00.31:957][574]LogAudioMixer: Display: 	Callback Buffer Frame Size To Use:	  1024
[2025.10.13-22.00.31:957][574]LogAudioMixer: Display: 	Number of buffers to queue:			  2
[2025.10.13-22.00.31:957][574]LogAudioMixer: Display: 	Max Channels (voices):				  32
[2025.10.13-22.00.31:957][574]LogAudioMixer: Display: 	Number of Async Source Workers:		  0
[2025.10.13-22.00.31:957][574]LogAudio: Display: AudioDevice MaxSources: 32
[2025.10.13-22.00.31:957][574]LogAudio: Display: Audio Spatialization Plugin: None (built-in).
[2025.10.13-22.00.31:957][574]LogAudio: Display: Audio Reverb Plugin: None (built-in).
[2025.10.13-22.00.31:957][574]LogAudio: Display: Audio Occlusion Plugin: None (built-in).
[2025.10.13-22.00.31:957][574]LogAudioMixer: Display: Initializing audio mixer.
[2025.10.13-22.00.31:960][574]LogAudioMixer: Display: 0: FrontLeft
[2025.10.13-22.00.31:960][574]LogAudioMixer: Display: 1: FrontRight
[2025.10.13-22.00.31:967][574]LogAudioMixer: Display: Using Audio Device LC24RG50 (NVIDIA High Definition Audio)
[2025.10.13-22.00.31:967][574]LogAudioMixer: Display: Initializing Sound Submixes...
[2025.10.13-22.00.31:967][574]LogAudioMixer: Display: Creating Master Submix 'MasterSubmixDefault'
[2025.10.13-22.00.31:967][574]LogAudioMixer: Display: Creating Master Submix 'MasterReverbSubmixDefault'
[2025.10.13-22.00.31:968][574]LogAudioMixer: Display: Creating Master Submix 'MasterEQSubmixDefault'
[2025.10.13-22.00.31:968][574]LogAudioMixer: FMixerPlatformXAudio2::StartAudioStream() called
[2025.10.13-22.00.31:968][574]LogAudioMixer: Display: Output buffers initialized: Frames=1024, Channels=2, Samples=2048
[2025.10.13-22.00.31:969][574]LogAudioMixer: Display: Starting AudioMixerPlatformInterface::RunInternal()
[2025.10.13-22.00.31:969][574]LogAudioMixer: Display: FMixerPlatformXAudio2::SubmitBuffer() called for the first time
[2025.10.13-22.00.31:969][574]LogInit: FAudioDevice initialized.
[2025.10.13-22.00.31:969][574]LogAudio: Display: Audio Device (ID: 2) registered with world 'ComidaVivaIA'.
[2025.10.13-22.00.31:974][574]LogLoad: Game class is 'BP_GameMode_C'
[2025.10.13-22.00.31:976][574]LogWorld: Bringing World /Game/Maps/UEDPIE_0_ComidaVivaIA.ComidaVivaIA up for play (max tick rate 0) at 2025.10.13-16.00.31
[2025.10.13-22.00.31:976][574]LogWorld: Bringing up level for play took: 0.001178
[2025.10.13-22.00.31:977][574]LogOnline: OSS: Creating online subsystem instance for: :Context_4
[2025.10.13-22.00.31:978][574]LogNativeClassHierarchy: Verbose: Native class hierarchy updated for 'MovieSceneCapture' in 0.0003 seconds. Added 20 classes and 0 folders.
[2025.10.13-22.00.31:980][574]LogBlueprintUserMessages: [BP_ClareCharacter_C_0] BP_Sarten
[2025.10.13-22.00.31:982][574]LogBlueprintUserMessages: [BP_ClareCharacter_C_0] BP_Olla
[2025.10.13-22.00.31:983][574]LogBlueprintUserMessages: [BP_ClareCharacter_C_0] BP_LlaveInglesa
[2025.10.13-22.00.31:985][574]LogBlueprintUserMessages: [BP_ClareCharacter_C_0] BP_Escoba
[2025.10.13-22.00.31:986][574]LogBlueprintUserMessages: [BP_ClareCharacter_C_0] BP_Trapeador
[2025.10.13-22.00.31:988][574]LogBlueprintUserMessages: [BP_ClareCharacter_C_0] BP_Extintor
[2025.10.13-22.00.31:989][574]LogBlueprintUserMessages: [BP_ClareCharacter_C_0] BP_Cuchillo
[2025.10.13-22.00.31:991][574]PIE: Server logged in
[2025.10.13-22.00.31:992][574]PIE: Play in editor total start time 0.048 seconds.
[2025.10.13-22.00.32:420][623]LogBlueprintUserMessages: [BP_SwarmEnemy_2] "Përsiguiendo"
[2025.10.13-22.00.32:445][626]LogBlueprintUserMessages: [BP_SwarmEnemy_2] Trail creado
[2025.10.13-22.00.32:919][683]LogBlueprintUserMessages: [BP_SwarmEnemy_2] "Përsiguiendo"
[2025.10.13-22.00.32:945][686]LogBlueprintUserMessages: [BP_SwarmEnemy_2] Trail creado
[2025.10.13-22.00.33:419][743]LogBlueprintUserMessages: [BP_SwarmEnemy_2] "Përsiguiendo"
[2025.10.13-22.00.33:445][746]LogBlueprintUserMessages: [BP_SwarmEnemy_2] Trail creado
[2025.10.13-22.00.33:919][803]LogBlueprintUserMessages: [BP_SwarmEnemy_2] "Përsiguiendo"
[2025.10.13-22.00.33:945][806]LogBlueprintUserMessages: [BP_SwarmEnemy_2] Trail creado
[2025.10.13-22.00.34:420][863]LogBlueprintUserMessages: [BP_SwarmEnemy_2] "Përsiguiendo"
[2025.10.13-22.00.34:445][866]LogBlueprintUserMessages: [BP_SwarmEnemy_2] Trail creado
[2025.10.13-22.00.34:920][923]LogBlueprintUserMessages: [BP_SwarmEnemy_2] "Përsiguiendo"
[2025.10.13-22.00.34:945][926]LogBlueprintUserMessages: [BP_SwarmEnemy_2] Trail creado
[2025.10.13-22.00.35:420][983]LogBlueprintUserMessages: [BP_SwarmEnemy_2] "Përsiguiendo"
[2025.10.13-22.00.35:445][986]LogBlueprintUserMessages: [BP_SwarmEnemy_2] Trail creado
[2025.10.13-22.00.35:919][ 43]LogBlueprintUserMessages: [BP_SwarmEnemy_2] "Përsiguiendo"
[2025.10.13-22.00.35:944][ 46]LogBlueprintUserMessages: [BP_SwarmEnemy_2] Trail creado
[2025.10.13-22.00.36:420][103]LogBlueprintUserMessages: [BP_SwarmEnemy_2] "Përsiguiendo"
[2025.10.13-22.00.36:445][106]LogBlueprintUserMessages: [BP_SwarmEnemy_2] Trail creado
[2025.10.13-22.00.36:920][163]LogBlueprintUserMessages: [BP_SwarmEnemy_2] "Përsiguiendo"
[2025.10.13-22.00.36:936][165]LogBlueprintUserMessages: [BP_TrailDamage_2] Destruido
[2025.10.13-22.00.36:945][166]LogBlueprintUserMessages: [BP_SwarmEnemy_2] Trail creado
[2025.10.13-22.00.37:420][223]LogBlueprintUserMessages: [BP_SwarmEnemy_2] "Përsiguiendo"
[2025.10.13-22.00.37:445][226]LogBlueprintUserMessages: [BP_TrailDamage_C_0] Destruido
[2025.10.13-22.00.37:445][226]LogBlueprintUserMessages: [BP_SwarmEnemy_2] Trail creado
[2025.10.13-22.00.37:611][246]LogBlueprintUserMessages: [BP_ClareCharacter_C_0] Vida45.0
[2025.10.13-22.00.37:919][283]LogBlueprintUserMessages: [BP_SwarmEnemy_2] "Përsiguiendo"
[2025.10.13-22.00.37:944][286]LogBlueprintUserMessages: [BP_TrailDamage_C_1] Destruido
[2025.10.13-22.00.37:945][286]LogBlueprintUserMessages: [BP_SwarmEnemy_2] Trail creado
[2025.10.13-22.00.38:011][294]LogBlueprintUserMessages: [BP_ClareCharacter_C_0] Vida40.0
[2025.10.13-22.00.38:011][294]LogBlueprintUserMessages: [BP_ClareCharacter_C_0] Vida35.0
[2025.10.13-22.00.38:086][303]LogBlueprintUserMessages: [BP_ClareCharacter_C_0] Vida30.0
[2025.10.13-22.00.38:445][346]LogBlueprintUserMessages: [BP_TrailDamage_C_2] Destruido
[2025.10.13-22.00.38:445][346]LogBlueprintUserMessages: [BP_SwarmEnemy_2] Trail creado
[2025.10.13-22.00.38:761][384]LogBlueprintUserMessages: [BP_ClareCharacter_C_0] Vida25.0
[2025.10.13-22.00.38:803][389]LogBlueprintUserMessages: [BP_ClareCharacter_C_0] Vida20.0
[2025.10.13-22.00.38:803][389]LogBlueprintUserMessages: [BP_ClareCharacter_C_0] Vida15.0
[2025.10.13-22.00.38:803][389]LogBlueprintUserMessages: [BP_ClareCharacter_C_0] Vida10.0
[2025.10.13-22.00.38:803][389]LogBlueprintUserMessages: [BP_ClareCharacter_C_0] Vida5.0
[2025.10.13-22.00.38:803][389]LogBlueprintUserMessages: [BP_ClareCharacter_C_0] Vida0.0
[2025.10.13-22.00.38:803][389]LogBlueprintUserMessages: [BP_ClareCharacter_C_0] CLARE A MUERTO
[2025.10.13-22.00.38:945][406]LogBlueprintUserMessages: [BP_TrailDamage_C_3] Destruido
[2025.10.13-22.00.38:945][406]LogBlueprintUserMessages: [BP_SwarmEnemy_2] Trail creado
[2025.10.13-22.00.39:445][466]LogBlueprintUserMessages: [BP_TrailDamage_C_4] Destruido
[2025.10.13-22.00.39:445][466]LogBlueprintUserMessages: [BP_SwarmEnemy_2] Trail creado
[2025.10.13-22.00.39:945][526]LogBlueprintUserMessages: [BP_TrailDamage_C_5] Destruido
[2025.10.13-22.00.39:945][526]LogBlueprintUserMessages: [BP_SwarmEnemy_2] Trail creado
[2025.10.13-22.00.40:445][586]LogBlueprintUserMessages: [BP_TrailDamage_C_6] Destruido
[2025.10.13-22.00.40:445][586]LogBlueprintUserMessages: [BP_SwarmEnemy_2] Trail creado
[2025.10.13-22.00.40:945][646]LogBlueprintUserMessages: [BP_TrailDamage_C_7] Destruido
[2025.10.13-22.00.40:945][646]LogBlueprintUserMessages: [BP_SwarmEnemy_2] Trail creado
[2025.10.13-22.00.41:390][696]LogSlate: Updating window title bar state: overlay mode, drag disabled, window buttons hidden, title bar hidden
[2025.10.13-22.00.41:390][696]LogWorld: BeginTearingDown for /Game/Maps/UEDPIE_0_ComidaVivaIA
[2025.10.13-22.00.41:391][696]LogWorld: UWorld::CleanupWorld for ComidaVivaIA, bSessionEnded=true, bCleanupResources=true
[2025.10.13-22.00.41:391][696]LogSlate: InvalidateAllWidgets triggered.  All widgets were invalidated
[2025.10.13-22.00.41:398][696]LogPlayLevel: Display: Shutting down PIE online subsystems
[2025.10.13-22.00.41:400][696]LogSlate: InvalidateAllWidgets triggered.  All widgets were invalidated
[2025.10.13-22.00.41:404][696]LogAudio: Display: Audio Device unregistered from world 'None'.
[2025.10.13-22.00.41:404][696]LogAudioMixer: FMixerPlatformXAudio2::StopAudioStream() called
[2025.10.13-22.00.41:405][696]LogAudioMixer: FMixerPlatformXAudio2::StopAudioStream() called
[2025.10.13-22.00.41:406][696]LogSlate: Updating window title bar state: overlay mode, drag disabled, window buttons hidden, title bar hidden
[2025.10.13-22.00.41:410][696]LogUObjectHash: Compacting FUObjectHashTables data took   0.65ms
[2025.10.13-22.00.41:467][700]LogPlayLevel: Display: Destroying online subsystem :Context_4
[2025.10.13-22.00.43:078][892]LogEditorViewport: Clicking on Actor (LMB): StaticMeshActor (Floor)
[2025.10.13-22.00.50:329][747]LogAssetEditorSubsystem: Opening Asset editor for Blueprint /Game/Characters/Content_Enemies/BP_Rata/BP_SwarmEnemy.BP_SwarmEnemy
[2025.10.13-22.00.50:979][747]LogNativeClassHierarchy: Verbose: Native class hierarchy updated for 'BlueprintGraph' in 0.0005 seconds. Added 126 classes and 0 folders.
[2025.10.13-22.00.51:703][747]LogSlate: Took 0.000153 seconds to synchronously load lazily loaded font '../../../Engine/Content/Slate/Fonts/Roboto-BoldCondensed.ttf' (158K)
[2025.10.13-22.00.51:820][748]LogSlate: Took 0.006889 seconds to synchronously load lazily loaded font '../../../Engine/Content/Slate/Fonts/Roboto-Italic.ttf' (157K)
[2025.10.13-22.00.54:669][ 69]LogAssetEditorSubsystem: Opening Asset editor for Blueprint /Game/Characters/Content_Enemies/BP_Rata/BP_TrailDamage.BP_TrailDamage
[2025.10.13-22.10.35:218][188]LogUObjectHash: Compacting FUObjectHashTables data took   2.22ms
[2025.10.13-22.10.35:226][188]LogSavePackage: Moving 'C:/Users/PC/Documents/GitHub/TasteOfMadness/TasteOfMadness/Saved/ComidaVivaIA_Auto1361468FB4FC049D1808C7A8CFBA84251.tmp' to 'C:/Users/PC/Documents/GitHub/TasteOfMadness/TasteOfMadness/Saved/Autosaves/Game/Maps/ComidaVivaIA_Auto1.umap'
[2025.10.13-22.10.35:227][188]LogFileHelpers: Editor autosave (incl. external actors) for '/Game/Maps/ComidaVivaIA' took 0.032
[2025.10.13-22.10.35:228][188]LogFileHelpers: Editor autosave (incl. sublevels & external actors) for all levels took 0.032
[2025.10.13-22.10.35:228][188]OBJ SavePackage: Generating thumbnails for [2] asset(s) in package [/Game/Characters/Content_Enemies/BP_Rata/BP_SwarmEnemy] ([2] browsable assets)...
[2025.10.13-22.10.35:253][188]OBJ SavePackage:     Rendered thumbnail for [BlueprintGeneratedClass /Game/Characters/Content_Enemies/BP_Rata/BP_SwarmEnemy.BP_SwarmEnemy_C]
[2025.10.13-22.10.35:269][188]OBJ SavePackage:     Rendered thumbnail for [Blueprint /Game/Characters/Content_Enemies/BP_Rata/BP_SwarmEnemy.BP_SwarmEnemy]
[2025.10.13-22.10.35:269][188]OBJ SavePackage: Finished generating thumbnails for package [/Game/Characters/Content_Enemies/BP_Rata/BP_SwarmEnemy]
[2025.10.13-22.10.35:299][188]LogSavePackage: Moving 'C:/Users/PC/Documents/GitHub/TasteOfMadness/TasteOfMadness/Saved/BP_SwarmEnemy_Auto1A35504E2473EFF973CBEB3817D60036D.tmp' to 'C:/Users/PC/Documents/GitHub/TasteOfMadness/TasteOfMadness/Saved/Autosaves/Game/Characters/Content_Enemies/BP_Rata/BP_SwarmEnemy_Auto1.uasset'
[2025.10.13-22.10.35:300][188]LogFileHelpers: Auto-saving content packages took 0.073
[2025.10.13-22.12.55:963][ 71]BlueprintLog: New page: Compile BP_SwarmEnemy
[2025.10.13-22.12.56:004][ 71]LogUObjectHash: Compacting FUObjectHashTables data took   1.67ms
[2025.10.13-22.12.56:086][ 71]LogSlate: Took 0.007263 seconds to synchronously load lazily loaded font '../../../Engine/Content/Slate/Fonts/DroidSansMono.ttf' (77K)
[2025.10.13-22.14.22:418][325]BlueprintLog: New page: Compile BP_SwarmEnemy
[2025.10.13-22.14.22:424][325]LogBlueprint: Error: [AssetLog] C:\Users\PC\Documents\GitHub\TasteOfMadness\TasteOfMadness\Content\Characters\Content_Enemies\BP_Rata\BP_SwarmEnemy.uasset: [Compiler] The type of  Object  is undetermined.  Connect something to  Cast To BP_ClareCharacter  to imply a specific type.
[2025.10.13-22.14.22:424][325]LogBlueprint: Error: [AssetLog] C:\Users\PC\Documents\GitHub\TasteOfMadness\TasteOfMadness\Content\Characters\Content_Enemies\BP_Rata\BP_SwarmEnemy.uasset: [Compiler] The current value of the ' Object ' pin is invalid: Unsupported type Object Wildcard on pin Object
[2025.10.13-22.14.22:460][325]LogUObjectHash: Compacting FUObjectHashTables data took   2.21ms
[2025.10.13-22.17.48:934][606]BlueprintLog: New page: Compile BP_SwarmEnemy
[2025.10.13-22.17.48:978][606]LogUObjectHash: Compacting FUObjectHashTables data took   2.05ms
[2025.10.13-22.19.13:432][273]BlueprintLog: New page: Compile BP_SwarmEnemy
[2025.10.13-22.19.13:478][273]LogUObjectHash: Compacting FUObjectHashTables data took   2.01ms
[2025.10.13-22.19.54:685][ 48]BlueprintLog: New page: Compile BP_SwarmEnemy
[2025.10.13-22.19.54:729][ 48]LogUObjectHash: Compacting FUObjectHashTables data took   2.26ms
[2025.10.13-22.20.49:369][895]BlueprintLog: New page: Compile BP_SwarmEnemy
[2025.10.13-22.20.49:415][895]LogUObjectHash: Compacting FUObjectHashTables data took   2.05ms
[2025.10.13-22.21.49:035][529]LogSavePackage: Moving 'C:/Users/PC/Documents/GitHub/TasteOfMadness/TasteOfMadness/Saved/BP_SwarmEnemy16F4FC6D477AFFD4DDAB2E8747327681.tmp' to 'C:/Users/PC/Documents/GitHub/TasteOfMadness/TasteOfMadness/Content/Characters/Content_Enemies/BP_Rata/BP_SwarmEnemy.uasset'
[2025.10.13-22.21.49:056][529]AssetCheck: New page: Asset Save: BP_SwarmEnemy
[2025.10.13-22.21.49:056][529]LogContentValidation: Display: Validating Blueprint /Game/Characters/Content_Enemies/BP_Rata/BP_SwarmEnemy.BP_SwarmEnemy
[2025.10.13-22.21.53:272][ 16]Cmd: OBJ SAVEPACKAGE PACKAGE="/Game/Maps/ComidaVivaIA" FILE="C:/Users/PC/Documents/GitHub/TasteOfMadness/TasteOfMadness/Content/Maps/ComidaVivaIA.umap" SILENT=true AUTOSAVING=false KEEPDIRTY=false
[2025.10.13-22.21.53:293][ 16]LogUObjectHash: Compacting FUObjectHashTables data took   2.16ms
[2025.10.13-22.21.53:301][ 16]LogSavePackage: Moving 'C:/Users/PC/Documents/GitHub/TasteOfMadness/TasteOfMadness/Saved/ComidaVivaIAC2F34CFD41D875A25043DF872E935F52.tmp' to 'C:/Users/PC/Documents/GitHub/TasteOfMadness/TasteOfMadness/Content/Maps/ComidaVivaIA.umap'
[2025.10.13-22.21.53:332][ 16]AssetCheck: New page: Asset Save: ComidaVivaIA
[2025.10.13-22.21.53:332][ 16]LogContentValidation: Display: Validating World /Game/Maps/ComidaVivaIA.ComidaVivaIA
[2025.10.13-22.21.56:131][341]LogSavePackage: Moving 'C:/Users/PC/Documents/GitHub/TasteOfMadness/TasteOfMadness/Saved/BP_SwarmEnemy82E054014B046BD62D00B583955E7F55.tmp' to 'C:/Users/PC/Documents/GitHub/TasteOfMadness/TasteOfMadness/Content/Characters/Content_Enemies/BP_Rata/BP_SwarmEnemy.uasset'
[2025.10.13-22.21.56:145][341]AssetCheck: New page: Asset Save: BP_SwarmEnemy
[2025.10.13-22.21.56:145][341]LogContentValidation: Display: Validating Blueprint /Game/Characters/Content_Enemies/BP_Rata/BP_SwarmEnemy.BP_SwarmEnemy
[2025.10.13-22.23.40:438][803]BlueprintLog: New page: Compile BP_SwarmEnemy
[2025.10.13-22.23.40:482][803]LogUObjectHash: Compacting FUObjectHashTables data took   1.69ms
[2025.10.13-22.23.41:057][859]LogSavePackage: Moving 'C:/Users/PC/Documents/GitHub/TasteOfMadness/TasteOfMadness/Saved/BP_SwarmEnemy54D37924478BB56875FFD497370C23FE.tmp' to 'C:/Users/PC/Documents/GitHub/TasteOfMadness/TasteOfMadness/Content/Characters/Content_Enemies/BP_Rata/BP_SwarmEnemy.uasset'
[2025.10.13-22.23.41:071][859]AssetCheck: New page: Asset Save: BP_SwarmEnemy
[2025.10.13-22.23.41:071][859]LogContentValidation: Display: Validating Blueprint /Game/Characters/Content_Enemies/BP_Rata/BP_SwarmEnemy.BP_SwarmEnemy
[2025.10.13-22.24.51:668][627]LogSavePackage: Moving 'C:/Users/PC/Documents/GitHub/TasteOfMadness/TasteOfMadness/Saved/BP_SwarmEnemy3690B2384642DCFD382573B85A633AED.tmp' to 'C:/Users/PC/Documents/GitHub/TasteOfMadness/TasteOfMadness/Content/Characters/Content_Enemies/BP_Rata/BP_SwarmEnemy.uasset'
[2025.10.13-22.24.51:684][627]AssetCheck: New page: Asset Save: BP_SwarmEnemy
[2025.10.13-22.24.51:684][627]LogContentValidation: Display: Validating Blueprint /Game/Characters/Content_Enemies/BP_Rata/BP_SwarmEnemy.BP_SwarmEnemy
[2025.10.13-22.24.52:574][725]LogSavePackage: Moving 'C:/Users/PC/Documents/GitHub/TasteOfMadness/TasteOfMadness/Saved/BP_TrailDamage2BA71F754A17D1154C3516A679011811.tmp' to 'C:/Users/PC/Documents/GitHub/TasteOfMadness/TasteOfMadness/Content/Characters/Content_Enemies/BP_Rata/BP_TrailDamage.uasset'
[2025.10.13-22.24.52:589][725]AssetCheck: New page: Asset Save: BP_TrailDamage
[2025.10.13-22.24.52:589][725]LogContentValidation: Display: Validating Blueprint /Game/Characters/Content_Enemies/BP_Rata/BP_TrailDamage.BP_TrailDamage
[2025.10.13-22.24.53:689][853]Cmd: OBJ SAVEPACKAGE PACKAGE="/Game/Maps/ComidaVivaIA" FILE="C:/Users/PC/Documents/GitHub/TasteOfMadness/TasteOfMadness/Content/Maps/ComidaVivaIA.umap" SILENT=true AUTOSAVING=false KEEPDIRTY=false
[2025.10.13-22.24.53:708][853]LogUObjectHash: Compacting FUObjectHashTables data took   1.91ms
[2025.10.13-22.24.53:717][853]LogSavePackage: Moving 'C:/Users/PC/Documents/GitHub/TasteOfMadness/TasteOfMadness/Saved/ComidaVivaIA9EB8CC074FD4CB93393D4880904DA1A9.tmp' to 'C:/Users/PC/Documents/GitHub/TasteOfMadness/TasteOfMadness/Content/Maps/ComidaVivaIA.umap'
[2025.10.13-22.24.53:742][853]AssetCheck: New page: Asset Save: ComidaVivaIA
[2025.10.13-22.24.53:742][853]LogContentValidation: Display: Validating World /Game/Maps/ComidaVivaIA.ComidaVivaIA
[2025.10.13-22.24.55:063][ 10]LogTemp: Repeating last play command: Selected Viewport
[2025.10.13-22.24.55:069][ 10]LogPlayLevel: PlayLevel: No blueprints needed recompiling
[2025.10.13-22.24.55:070][ 10]PIE: New page: PIE session: ComidaVivaIA (Oct 13, 2025, 11:24:55 AM)
[2025.10.13-22.24.55:108][ 10]LogPlayLevel: Creating play world package: /Game/Maps/UEDPIE_0_ComidaVivaIA
[2025.10.13-22.24.55:111][ 10]LogPlayLevel: PIE: StaticDuplicateObject took: (0.002675s)
[2025.10.13-22.24.55:111][ 10]LogAIModule: Creating AISystem for world ComidaVivaIA
[2025.10.13-22.24.55:111][ 10]LogPlayLevel: PIE: World Init took: (0.000824s)
[2025.10.13-22.24.55:111][ 10]LogPlayLevel: PIE: Created PIE world by copying editor world from /Game/Maps/ComidaVivaIA.ComidaVivaIA to /Game/Maps/UEDPIE_0_ComidaVivaIA.ComidaVivaIA (0.003612s)
[2025.10.13-22.24.55:129][ 10]LogUObjectHash: Compacting FUObjectHashTables data took   1.47ms
[2025.10.13-22.24.55:130][ 10]LogAudio: Display: Creating Audio Device:                 Id: 3, Scope: Unique, Realtime: True
[2025.10.13-22.24.55:130][ 10]LogAudioMixer: Display: Audio Mixer Platform Settings:
[2025.10.13-22.24.55:130][ 10]LogAudioMixer: Display: 	Sample Rate:						  48000
[2025.10.13-22.24.55:130][ 10]LogAudioMixer: Display: 	Callback Buffer Frame Size Requested: 1024
[2025.10.13-22.24.55:130][ 10]LogAudioMixer: Display: 	Callback Buffer Frame Size To Use:	  1024
[2025.10.13-22.24.55:130][ 10]LogAudioMixer: Display: 	Number of buffers to queue:			  2
[2025.10.13-22.24.55:130][ 10]LogAudioMixer: Display: 	Max Channels (voices):				  32
[2025.10.13-22.24.55:130][ 10]LogAudioMixer: Display: 	Number of Async Source Workers:		  0
[2025.10.13-22.24.55:130][ 10]LogAudio: Display: AudioDevice MaxSources: 32
[2025.10.13-22.24.55:130][ 10]LogAudio: Display: Audio Spatialization Plugin: None (built-in).
[2025.10.13-22.24.55:130][ 10]LogAudio: Display: Audio Reverb Plugin: None (built-in).
[2025.10.13-22.24.55:130][ 10]LogAudio: Display: Audio Occlusion Plugin: None (built-in).
[2025.10.13-22.24.55:130][ 10]LogAudioMixer: Display: Initializing audio mixer.
[2025.10.13-22.24.55:133][ 10]LogAudioMixer: Display: 0: FrontLeft
[2025.10.13-22.24.55:133][ 10]LogAudioMixer: Display: 1: FrontRight
[2025.10.13-22.24.55:140][ 10]LogAudioMixer: Display: Using Audio Device LC24RG50 (NVIDIA High Definition Audio)
[2025.10.13-22.24.55:140][ 10]LogAudioMixer: Display: Initializing Sound Submixes...
[2025.10.13-22.24.55:140][ 10]LogAudioMixer: Display: Creating Master Submix 'MasterSubmixDefault'
[2025.10.13-22.24.55:140][ 10]LogAudioMixer: Display: Creating Master Submix 'MasterReverbSubmixDefault'
[2025.10.13-22.24.55:140][ 10]LogAudioMixer: Display: Creating Master Submix 'MasterEQSubmixDefault'
[2025.10.13-22.24.55:140][ 10]LogAudioMixer: FMixerPlatformXAudio2::StartAudioStream() called
[2025.10.13-22.24.55:140][ 10]LogAudioMixer: Display: Output buffers initialized: Frames=1024, Channels=2, Samples=2048
[2025.10.13-22.24.55:141][ 10]LogAudioMixer: Display: Starting AudioMixerPlatformInterface::RunInternal()
[2025.10.13-22.24.55:141][ 10]LogAudioMixer: Display: FMixerPlatformXAudio2::SubmitBuffer() called for the first time
[2025.10.13-22.24.55:141][ 10]LogInit: FAudioDevice initialized.
[2025.10.13-22.24.55:141][ 10]LogAudio: Display: Audio Device (ID: 3) registered with world 'ComidaVivaIA'.
[2025.10.13-22.24.55:151][ 10]LogLoad: Game class is 'BP_GameMode_C'
[2025.10.13-22.24.55:152][ 10]LogWorld: Bringing World /Game/Maps/UEDPIE_0_ComidaVivaIA.ComidaVivaIA up for play (max tick rate 0) at 2025.10.13-16.24.55
[2025.10.13-22.24.55:152][ 10]LogWorld: Bringing up level for play took: 0.001093
[2025.10.13-22.24.55:153][ 10]LogOnline: OSS: Creating online subsystem instance for: :Context_9
[2025.10.13-22.24.55:155][ 10]LogBlueprintUserMessages: [BP_ClareCharacter_C_0] BP_Sarten
[2025.10.13-22.24.55:157][ 10]LogBlueprintUserMessages: [BP_ClareCharacter_C_0] BP_Olla
[2025.10.13-22.24.55:158][ 10]LogBlueprintUserMessages: [BP_ClareCharacter_C_0] BP_LlaveInglesa
[2025.10.13-22.24.55:160][ 10]LogBlueprintUserMessages: [BP_ClareCharacter_C_0] BP_Escoba
[2025.10.13-22.24.55:161][ 10]LogBlueprintUserMessages: [BP_ClareCharacter_C_0] BP_Trapeador
[2025.10.13-22.24.55:163][ 10]LogBlueprintUserMessages: [BP_ClareCharacter_C_0] BP_Extintor
[2025.10.13-22.24.55:164][ 10]LogBlueprintUserMessages: [BP_ClareCharacter_C_0] BP_Cuchillo
[2025.10.13-22.24.55:166][ 10]PIE: Server logged in
[2025.10.13-22.24.55:167][ 10]PIE: Play in editor total start time 0.099 seconds.
[2025.10.13-22.24.55:507][ 50]LogBlueprintUserMessages: [BP_SwarmEnemy_2] "Përsiguiendo"
[2025.10.13-22.24.55:566][ 57]LogBlueprintUserMessages: [BP_SwarmEnemy_2] Trail creado
[2025.10.13-22.24.56:007][110]LogBlueprintUserMessages: [BP_SwarmEnemy_2] "Përsiguiendo"
[2025.10.13-22.24.56:065][117]LogBlueprintUserMessages: [BP_SwarmEnemy_2] Trail creado
[2025.10.13-22.24.56:507][170]LogBlueprintUserMessages: [BP_SwarmEnemy_2] "Përsiguiendo"
[2025.10.13-22.24.56:565][177]LogBlueprintUserMessages: [BP_SwarmEnemy_2] Trail creado
[2025.10.13-22.24.57:006][230]LogBlueprintUserMessages: [BP_SwarmEnemy_2] "Përsiguiendo"
[2025.10.13-22.24.57:065][237]LogBlueprintUserMessages: [BP_SwarmEnemy_2] Trail creado
[2025.10.13-22.24.57:507][290]LogBlueprintUserMessages: [BP_SwarmEnemy_2] "Përsiguiendo"
[2025.10.13-22.24.57:566][297]LogBlueprintUserMessages: [BP_SwarmEnemy_2] Trail creado
[2025.10.13-22.24.58:007][350]LogBlueprintUserMessages: [BP_SwarmEnemy_2] "Përsiguiendo"
[2025.10.13-22.24.58:066][357]LogBlueprintUserMessages: [BP_SwarmEnemy_2] Trail creado
[2025.10.13-22.24.58:107][362]LogBlueprintUserMessages: [BP_ClareCharacter_C_0] Vida45.0
[2025.10.13-22.24.58:507][410]LogBlueprintUserMessages: [BP_SwarmEnemy_2] "Përsiguiendo"
[2025.10.13-22.24.58:566][417]LogBlueprintUserMessages: [BP_SwarmEnemy_2] Trail creado
[2025.10.13-22.24.59:007][470]LogBlueprintUserMessages: [BP_SwarmEnemy_2] "Përsiguiendo"
[2025.10.13-22.24.59:065][477]LogBlueprintUserMessages: [BP_SwarmEnemy_2] Trail creado
[2025.10.13-22.24.59:506][530]LogBlueprintUserMessages: [BP_SwarmEnemy_2] "Përsiguiendo"
[2025.10.13-22.24.59:565][537]LogBlueprintUserMessages: [BP_SwarmEnemy_2] Trail creado
[2025.10.13-22.25.00:007][590]LogBlueprintUserMessages: [BP_SwarmEnemy_2] "Përsiguiendo"
[2025.10.13-22.25.00:056][596]LogBlueprintUserMessages: [BP_TrailDamage_2] Destruido
[2025.10.13-22.25.00:065][597]LogBlueprintUserMessages: [BP_SwarmEnemy_2] Trail creado
[2025.10.13-22.25.00:507][650]LogBlueprintUserMessages: [BP_SwarmEnemy_2] "Përsiguiendo"
[2025.10.13-22.25.00:565][657]LogBlueprintUserMessages: [BP_TrailDamage_C_0] Destruido
[2025.10.13-22.25.00:566][657]LogBlueprintUserMessages: [BP_SwarmEnemy_2] Trail creado
[2025.10.13-22.25.01:007][710]LogBlueprintUserMessages: [BP_SwarmEnemy_2] "Përsiguiendo"
[2025.10.13-22.25.01:065][717]LogBlueprintUserMessages: [BP_TrailDamage_C_1] Destruido
[2025.10.13-22.25.01:066][717]LogBlueprintUserMessages: [BP_SwarmEnemy_2] Trail creado
[2025.10.13-22.25.01:507][770]LogBlueprintUserMessages: [BP_SwarmEnemy_2] "Përsiguiendo"
[2025.10.13-22.25.01:565][777]LogBlueprintUserMessages: [BP_TrailDamage_C_2] Destruido
[2025.10.13-22.25.01:565][777]LogBlueprintUserMessages: [BP_SwarmEnemy_2] Trail creado
[2025.10.13-22.25.02:007][830]LogBlueprintUserMessages: [BP_SwarmEnemy_2] "Përsiguiendo"
[2025.10.13-22.25.02:066][837]LogBlueprintUserMessages: [BP_TrailDamage_C_3] Destruido
[2025.10.13-22.25.02:066][837]LogBlueprintUserMessages: [BP_SwarmEnemy_2] Trail creado
[2025.10.13-22.25.02:365][873]LogBlueprintUserMessages: [BP_ClareCharacter_C_0] Vida40.0
[2025.10.13-22.25.02:365][873]LogBlueprintUserMessages: [BP_ClareCharacter_C_0] Vida35.0
[2025.10.13-22.25.02:365][873]LogBlueprintUserMessages: [BP_ClareCharacter_C_0] Vida30.0
[2025.10.13-22.25.02:365][873]LogBlueprintUserMessages: [BP_ClareCharacter_C_0] Vida25.0
[2025.10.13-22.25.02:365][873]LogBlueprintUserMessages: [BP_ClareCharacter_C_0] Vida20.0
[2025.10.13-22.25.02:365][873]LogBlueprintUserMessages: [BP_ClareCharacter_C_0] Vida15.0
[2025.10.13-22.25.02:365][873]LogBlueprintUserMessages: [BP_ClareCharacter_C_0] Vida10.0
[2025.10.13-22.25.02:365][873]LogBlueprintUserMessages: [BP_ClareCharacter_C_0] Vida5.0
[2025.10.13-22.25.02:365][873]LogBlueprintUserMessages: [BP_ClareCharacter_C_0] Vida0.0
[2025.10.13-22.25.02:365][873]LogBlueprintUserMessages: [BP_ClareCharacter_C_0] CLARE A MUERTO
[2025.10.13-22.25.02:365][873]LogBlueprintUserMessages: [BP_ClareCharacter_C_0] Vida0.0
[2025.10.13-22.25.02:365][873]LogBlueprintUserMessages: [BP_ClareCharacter_C_0] CLARE A MUERTO
[2025.10.13-22.25.02:507][890]LogBlueprintUserMessages: [BP_SwarmEnemy_2] "Përsiguiendo"
[2025.10.13-22.25.02:565][897]LogBlueprintUserMessages: [BP_TrailDamage_C_4] Destruido
[2025.10.13-22.25.02:566][897]LogBlueprintUserMessages: [BP_ClareCharacter_C_0] Vida0.0
[2025.10.13-22.25.02:566][897]LogBlueprintUserMessages: [BP_ClareCharacter_C_0] CLARE A MUERTO
[2025.10.13-22.25.02:566][897]LogBlueprintUserMessages: [BP_SwarmEnemy_2] Trail creado
[2025.10.13-22.25.03:007][950]LogBlueprintUserMessages: [BP_SwarmEnemy_2] "Përsiguiendo"
[2025.10.13-22.25.03:065][957]LogBlueprintUserMessages: [BP_TrailDamage_C_5] Destruido
[2025.10.13-22.25.03:066][957]LogBlueprintUserMessages: [BP_ClareCharacter_C_0] Vida0.0
[2025.10.13-22.25.03:066][957]LogBlueprintUserMessages: [BP_ClareCharacter_C_0] CLARE A MUERTO
[2025.10.13-22.25.03:066][957]LogBlueprintUserMessages: [BP_SwarmEnemy_2] Trail creado
[2025.10.13-22.25.03:507][ 10]LogBlueprintUserMessages: [BP_SwarmEnemy_2] "Përsiguiendo"
[2025.10.13-22.25.03:565][ 17]LogBlueprintUserMessages: [BP_TrailDamage_C_6] Destruido
[2025.10.13-22.25.03:566][ 17]LogBlueprintUserMessages: [BP_ClareCharacter_C_0] Vida0.0
[2025.10.13-22.25.03:566][ 17]LogBlueprintUserMessages: [BP_ClareCharacter_C_0] CLARE A MUERTO
[2025.10.13-22.25.03:566][ 17]LogBlueprintUserMessages: [BP_SwarmEnemy_2] Trail creado
[2025.10.13-22.25.04:007][ 70]LogBlueprintUserMessages: [BP_SwarmEnemy_2] "Përsiguiendo"
[2025.10.13-22.25.04:065][ 77]LogBlueprintUserMessages: [BP_TrailDamage_C_7] Destruido
[2025.10.13-22.25.04:066][ 77]LogBlueprintUserMessages: [BP_ClareCharacter_C_0] Vida0.0
[2025.10.13-22.25.04:066][ 77]LogBlueprintUserMessages: [BP_ClareCharacter_C_0] CLARE A MUERTO
[2025.10.13-22.25.04:066][ 77]LogBlueprintUserMessages: [BP_SwarmEnemy_2] Trail creado
[2025.10.13-22.25.04:507][130]LogBlueprintUserMessages: [BP_SwarmEnemy_2] "Përsiguiendo"
[2025.10.13-22.25.04:565][137]LogBlueprintUserMessages: [BP_TrailDamage_C_8] Destruido
[2025.10.13-22.25.04:565][137]LogBlueprintUserMessages: [BP_ClareCharacter_C_0] Vida0.0
[2025.10.13-22.25.04:565][137]LogBlueprintUserMessages: [BP_ClareCharacter_C_0] CLARE A MUERTO
[2025.10.13-22.25.04:565][137]LogBlueprintUserMessages: [BP_SwarmEnemy_2] Trail creado
[2025.10.13-22.25.05:007][190]LogBlueprintUserMessages: [BP_SwarmEnemy_2] "Përsiguiendo"
[2025.10.13-22.25.05:065][197]LogBlueprintUserMessages: [BP_TrailDamage_C_9] Destruido
[2025.10.13-22.25.05:065][197]LogBlueprintUserMessages: [BP_ClareCharacter_C_0] Vida0.0
[2025.10.13-22.25.05:065][197]LogBlueprintUserMessages: [BP_ClareCharacter_C_0] CLARE A MUERTO
[2025.10.13-22.25.05:065][197]LogBlueprintUserMessages: [BP_SwarmEnemy_2] Trail creado
[2025.10.13-22.25.05:506][250]LogBlueprintUserMessages: [BP_SwarmEnemy_2] "Përsiguiendo"
[2025.10.13-22.25.05:565][257]LogBlueprintUserMessages: [BP_TrailDamage_C_10] Destruido
[2025.10.13-22.25.05:565][257]LogBlueprintUserMessages: [BP_ClareCharacter_C_0] Vida0.0
[2025.10.13-22.25.05:565][257]LogBlueprintUserMessages: [BP_ClareCharacter_C_0] CLARE A MUERTO
[2025.10.13-22.25.05:565][257]LogBlueprintUserMessages: [BP_SwarmEnemy_2] Trail creado
[2025.10.13-22.25.06:006][310]LogBlueprintUserMessages: [BP_SwarmEnemy_2] "Përsiguiendo"
[2025.10.13-22.25.06:065][317]LogBlueprintUserMessages: [BP_TrailDamage_C_11] Destruido
[2025.10.13-22.25.06:065][317]LogBlueprintUserMessages: [BP_ClareCharacter_C_0] Vida0.0
[2025.10.13-22.25.06:065][317]LogBlueprintUserMessages: [BP_ClareCharacter_C_0] CLARE A MUERTO
[2025.10.13-22.25.06:065][317]LogBlueprintUserMessages: [BP_SwarmEnemy_2] Trail creado
[2025.10.13-22.25.06:388][353]LogSlate: Updating window title bar state: overlay mode, drag disabled, window buttons hidden, title bar hidden
[2025.10.13-22.25.06:388][353]LogWorld: BeginTearingDown for /Game/Maps/UEDPIE_0_ComidaVivaIA
[2025.10.13-22.25.06:388][353]LogWorld: UWorld::CleanupWorld for ComidaVivaIA, bSessionEnded=true, bCleanupResources=true
[2025.10.13-22.25.06:388][353]LogSlate: InvalidateAllWidgets triggered.  All widgets were invalidated
[2025.10.13-22.25.06:396][353]LogPlayLevel: Display: Shutting down PIE online subsystems
[2025.10.13-22.25.06:411][353]LogSlate: InvalidateAllWidgets triggered.  All widgets were invalidated
[2025.10.13-22.25.06:427][353]LogSlate: Updating window title bar state: overlay mode, drag disabled, window buttons hidden, title bar hidden
[2025.10.13-22.25.06:428][353]LogAudioMixer: FMixerPlatformXAudio2::StopAudioStream() called
[2025.10.13-22.25.06:429][353]LogAudioMixer: FMixerPlatformXAudio2::StopAudioStream() called
[2025.10.13-22.25.06:436][353]LogUObjectHash: Compacting FUObjectHashTables data took   1.62ms
[2025.10.13-22.25.06:491][355]LogPlayLevel: Display: Destroying online subsystem :Context_9
[2025.10.13-22.25.19:206][865]LogRenderer: Reallocating scene render targets to support 1452x708 Format 10 NumSamples 1 (Frame:1).
[2025.10.13-22.25.58:292][516]LogPhysics: Warning: Scale for /Game/Maps/ComidaVivaIA.ComidaVivaIA:PersistentLevel.BP_TrailDamage_2.DamageArea has a component set to zero, which will result in a bad body instance. Scale:X=0.000 Y=0.581 Z=1.000
[2025.10.13-22.26.00:346][762]LogEditorViewport: Clicking on Actor (LMB): StaticMeshActor (Floor)
[2025.10.13-22.26.04:204][219]Cmd: OBJ SAVEPACKAGE PACKAGE="/Game/Maps/ComidaVivaIA" FILE="C:/Users/PC/Documents/GitHub/TasteOfMadness/TasteOfMadness/Content/Maps/ComidaVivaIA.umap" SILENT=true AUTOSAVING=false KEEPDIRTY=false
[2025.10.13-22.26.04:222][219]LogUObjectHash: Compacting FUObjectHashTables data took   2.20ms
[2025.10.13-22.26.04:231][219]LogSavePackage: Moving 'C:/Users/PC/Documents/GitHub/TasteOfMadness/TasteOfMadness/Saved/ComidaVivaIA7F13B1EB49F644F0CBF79396DFBBF39C.tmp' to 'C:/Users/PC/Documents/GitHub/TasteOfMadness/TasteOfMadness/Content/Maps/ComidaVivaIA.umap'
[2025.10.13-22.26.04:258][219]AssetCheck: New page: Asset Save: ComidaVivaIA
[2025.10.13-22.26.04:258][219]LogContentValidation: Display: Validating World /Game/Maps/ComidaVivaIA.ComidaVivaIA
[2025.10.13-22.26.05:502][364]LogTemp: Repeating last play command: Selected Viewport
[2025.10.13-22.26.05:507][364]LogPlayLevel: PlayLevel: No blueprints needed recompiling
[2025.10.13-22.26.05:507][364]PIE: New page: PIE session: ComidaVivaIA (Oct 13, 2025, 11:26:05 AM)
[2025.10.13-22.26.05:545][364]LogPlayLevel: Creating play world package: /Game/Maps/UEDPIE_0_ComidaVivaIA
[2025.10.13-22.26.05:548][364]LogPlayLevel: PIE: StaticDuplicateObject took: (0.002600s)
[2025.10.13-22.26.05:549][364]LogAIModule: Creating AISystem for world ComidaVivaIA
[2025.10.13-22.26.05:549][364]LogPlayLevel: PIE: World Init took: (0.000922s)
[2025.10.13-22.26.05:549][364]LogPlayLevel: PIE: Created PIE world by copying editor world from /Game/Maps/ComidaVivaIA.ComidaVivaIA to /Game/Maps/UEDPIE_0_ComidaVivaIA.ComidaVivaIA (0.003642s)
[2025.10.13-22.26.05:566][364]LogUObjectHash: Compacting FUObjectHashTables data took   1.46ms
[2025.10.13-22.26.05:567][364]LogAudio: Display: Creating Audio Device:                 Id: 4, Scope: Unique, Realtime: True
[2025.10.13-22.26.05:567][364]LogAudioMixer: Display: Audio Mixer Platform Settings:
[2025.10.13-22.26.05:567][364]LogAudioMixer: Display: 	Sample Rate:						  48000
[2025.10.13-22.26.05:567][364]LogAudioMixer: Display: 	Callback Buffer Frame Size Requested: 1024
[2025.10.13-22.26.05:567][364]LogAudioMixer: Display: 	Callback Buffer Frame Size To Use:	  1024
[2025.10.13-22.26.05:567][364]LogAudioMixer: Display: 	Number of buffers to queue:			  2
[2025.10.13-22.26.05:567][364]LogAudioMixer: Display: 	Max Channels (voices):				  32
[2025.10.13-22.26.05:567][364]LogAudioMixer: Display: 	Number of Async Source Workers:		  0
[2025.10.13-22.26.05:567][364]LogAudio: Display: AudioDevice MaxSources: 32
[2025.10.13-22.26.05:568][364]LogAudio: Display: Audio Spatialization Plugin: None (built-in).
[2025.10.13-22.26.05:568][364]LogAudio: Display: Audio Reverb Plugin: None (built-in).
[2025.10.13-22.26.05:568][364]LogAudio: Display: Audio Occlusion Plugin: None (built-in).
[2025.10.13-22.26.05:568][364]LogAudioMixer: Display: Initializing audio mixer.
[2025.10.13-22.26.05:570][364]LogAudioMixer: Display: 0: FrontLeft
[2025.10.13-22.26.05:570][364]LogAudioMixer: Display: 1: FrontRight
[2025.10.13-22.26.05:577][364]LogAudioMixer: Display: Using Audio Device LC24RG50 (NVIDIA High Definition Audio)
[2025.10.13-22.26.05:577][364]LogAudioMixer: Display: Initializing Sound Submixes...
[2025.10.13-22.26.05:577][364]LogAudioMixer: Display: Creating Master Submix 'MasterSubmixDefault'
[2025.10.13-22.26.05:577][364]LogAudioMixer: Display: Creating Master Submix 'MasterReverbSubmixDefault'
[2025.10.13-22.26.05:578][364]LogAudioMixer: Display: Creating Master Submix 'MasterEQSubmixDefault'
[2025.10.13-22.26.05:578][364]LogAudioMixer: FMixerPlatformXAudio2::StartAudioStream() called
[2025.10.13-22.26.05:578][364]LogAudioMixer: Display: Output buffers initialized: Frames=1024, Channels=2, Samples=2048
[2025.10.13-22.26.05:579][364]LogAudioMixer: Display: Starting AudioMixerPlatformInterface::RunInternal()
[2025.10.13-22.26.05:579][364]LogAudioMixer: Display: FMixerPlatformXAudio2::SubmitBuffer() called for the first time
[2025.10.13-22.26.05:579][364]LogInit: FAudioDevice initialized.
[2025.10.13-22.26.05:579][364]LogAudio: Display: Audio Device (ID: 4) registered with world 'ComidaVivaIA'.
[2025.10.13-22.26.05:587][364]LogLoad: Game class is 'BP_GameMode_C'
[2025.10.13-22.26.05:588][364]LogWorld: Bringing World /Game/Maps/UEDPIE_0_ComidaVivaIA.ComidaVivaIA up for play (max tick rate 0) at 2025.10.13-16.26.05
[2025.10.13-22.26.05:588][364]LogWorld: Bringing up level for play took: 0.001138
[2025.10.13-22.26.05:588][364]LogOnline: OSS: Creating online subsystem instance for: :Context_10
[2025.10.13-22.26.05:591][364]LogBlueprintUserMessages: [BP_ClareCharacter_C_0] BP_Sarten
[2025.10.13-22.26.05:592][364]LogBlueprintUserMessages: [BP_ClareCharacter_C_0] BP_Olla
[2025.10.13-22.26.05:594][364]LogBlueprintUserMessages: [BP_ClareCharacter_C_0] BP_LlaveInglesa
[2025.10.13-22.26.05:595][364]LogBlueprintUserMessages: [BP_ClareCharacter_C_0] BP_Escoba
[2025.10.13-22.26.05:597][364]LogBlueprintUserMessages: [BP_ClareCharacter_C_0] BP_Trapeador
[2025.10.13-22.26.05:598][364]LogBlueprintUserMessages: [BP_ClareCharacter_C_0] BP_Extintor
[2025.10.13-22.26.05:600][364]LogBlueprintUserMessages: [BP_ClareCharacter_C_0] BP_Cuchillo
[2025.10.13-22.26.05:602][364]PIE: Server logged in
[2025.10.13-22.26.05:602][364]PIE: Play in editor total start time 0.096 seconds.
[2025.10.13-22.26.05:951][405]LogBlueprintUserMessages: [BP_SwarmEnemy_2] "Përsiguiendo"
[2025.10.13-22.26.06:011][412]LogBlueprintUserMessages: [BP_SwarmEnemy_2] Trail creado
[2025.10.13-22.26.06:452][465]LogBlueprintUserMessages: [BP_SwarmEnemy_2] "Përsiguiendo"
[2025.10.13-22.26.06:510][472]LogBlueprintUserMessages: [BP_SwarmEnemy_2] Trail creado
[2025.10.13-22.26.06:951][525]LogBlueprintUserMessages: [BP_SwarmEnemy_2] "Përsiguiendo"
[2025.10.13-22.26.07:010][532]LogBlueprintUserMessages: [BP_SwarmEnemy_2] Trail creado
[2025.10.13-22.26.07:451][585]LogBlueprintUserMessages: [BP_SwarmEnemy_2] "Përsiguiendo"
[2025.10.13-22.26.07:510][592]LogBlueprintUserMessages: [BP_SwarmEnemy_2] Trail creado
[2025.10.13-22.26.07:951][645]LogBlueprintUserMessages: [BP_SwarmEnemy_2] "Përsiguiendo"
[2025.10.13-22.26.08:009][652]LogBlueprintUserMessages: [BP_SwarmEnemy_2] Trail creado
[2025.10.13-22.26.08:451][705]LogBlueprintUserMessages: [BP_SwarmEnemy_2] "Përsiguiendo"
[2025.10.13-22.26.08:510][712]LogBlueprintUserMessages: [BP_SwarmEnemy_2] Trail creado
[2025.10.13-22.26.08:951][765]LogBlueprintUserMessages: [BP_SwarmEnemy_2] "Përsiguiendo"
[2025.10.13-22.26.09:010][772]LogBlueprintUserMessages: [BP_SwarmEnemy_2] Trail creado
[2025.10.13-22.26.09:451][825]LogBlueprintUserMessages: [BP_SwarmEnemy_2] "Përsiguiendo"
[2025.10.13-22.26.09:510][832]LogBlueprintUserMessages: [BP_SwarmEnemy_2] Trail creado
[2025.10.13-22.26.09:951][885]LogBlueprintUserMessages: [BP_SwarmEnemy_2] "Përsiguiendo"
[2025.10.13-22.26.10:010][892]LogBlueprintUserMessages: [BP_SwarmEnemy_2] Trail creado
[2025.10.13-22.26.10:451][945]LogBlueprintUserMessages: [BP_SwarmEnemy_2] "Përsiguiendo"
[2025.10.13-22.26.10:501][951]LogBlueprintUserMessages: [BP_TrailDamage_2] Destruido
[2025.10.13-22.26.10:510][952]LogBlueprintUserMessages: [BP_SwarmEnemy_2] Trail creado
[2025.10.13-22.26.10:951][  5]LogBlueprintUserMessages: [BP_SwarmEnemy_2] "Përsiguiendo"
[2025.10.13-22.26.11:009][ 12]LogBlueprintUserMessages: [BP_TrailDamage_C_0] Destruido
[2025.10.13-22.26.11:010][ 12]LogBlueprintUserMessages: [BP_SwarmEnemy_2] Trail creado
[2025.10.13-22.26.11:452][ 65]LogBlueprintUserMessages: [BP_SwarmEnemy_2] "Përsiguiendo"
[2025.10.13-22.26.11:510][ 72]LogBlueprintUserMessages: [BP_TrailDamage_C_1] Destruido
[2025.10.13-22.26.11:510][ 72]LogBlueprintUserMessages: [BP_SwarmEnemy_2] Trail creado
[2025.10.13-22.26.11:951][125]LogBlueprintUserMessages: [BP_SwarmEnemy_2] "Përsiguiendo"
[2025.10.13-22.26.12:009][132]LogBlueprintUserMessages: [BP_TrailDamage_C_2] Destruido
[2025.10.13-22.26.12:010][132]LogBlueprintUserMessages: [BP_SwarmEnemy_2] Trail creado
[2025.10.13-22.26.12:452][185]LogBlueprintUserMessages: [BP_SwarmEnemy_2] "Përsiguiendo"
[2025.10.13-22.26.12:510][192]LogBlueprintUserMessages: [BP_TrailDamage_C_3] Destruido
[2025.10.13-22.26.12:510][192]LogBlueprintUserMessages: [BP_SwarmEnemy_2] Trail creado
[2025.10.13-22.26.12:951][245]LogBlueprintUserMessages: [BP_SwarmEnemy_2] "Përsiguiendo"
[2025.10.13-22.26.13:009][252]LogBlueprintUserMessages: [BP_TrailDamage_C_4] Destruido
[2025.10.13-22.26.13:010][252]LogBlueprintUserMessages: [BP_SwarmEnemy_2] Trail creado
[2025.10.13-22.26.13:451][305]LogBlueprintUserMessages: [BP_SwarmEnemy_2] "Përsiguiendo"
[2025.10.13-22.26.13:510][312]LogBlueprintUserMessages: [BP_TrailDamage_C_5] Destruido
[2025.10.13-22.26.13:510][312]LogBlueprintUserMessages: [BP_SwarmEnemy_2] Trail creado
[2025.10.13-22.26.13:957][364]LogBlueprintUserMessages: [BP_SwarmEnemy_2] "Përsiguiendo"
[2025.10.13-22.26.14:007][370]LogBlueprintUserMessages: [BP_SwarmEnemy_2] Trail creado
[2025.10.13-22.26.14:015][371]LogBlueprintUserMessages: [BP_TrailDamage_C_6] Destruido
[2025.10.13-22.26.14:457][424]LogBlueprintUserMessages: [BP_SwarmEnemy_2] "Përsiguiendo"
[2025.10.13-22.26.14:507][430]LogBlueprintUserMessages: [BP_SwarmEnemy_2] Trail creado
[2025.10.13-22.26.14:515][431]LogBlueprintUserMessages: [BP_TrailDamage_C_7] Destruido
[2025.10.13-22.26.14:957][484]LogBlueprintUserMessages: [BP_SwarmEnemy_2] "Përsiguiendo"
[2025.10.13-22.26.15:007][490]LogBlueprintUserMessages: [BP_SwarmEnemy_2] Trail creado
[2025.10.13-22.26.15:015][491]LogBlueprintUserMessages: [BP_TrailDamage_C_8] Destruido
[2025.10.13-22.26.15:457][544]LogBlueprintUserMessages: [BP_SwarmEnemy_2] "Përsiguiendo"
[2025.10.13-22.26.15:507][550]LogBlueprintUserMessages: [BP_SwarmEnemy_2] Trail creado
[2025.10.13-22.26.15:515][551]LogBlueprintUserMessages: [BP_TrailDamage_C_9] Destruido
[2025.10.13-22.26.15:957][604]LogBlueprintUserMessages: [BP_SwarmEnemy_2] "Përsiguiendo"
[2025.10.13-22.26.16:007][610]LogBlueprintUserMessages: [BP_SwarmEnemy_2] Trail creado
[2025.10.13-22.26.16:015][611]LogBlueprintUserMessages: [BP_TrailDamage_C_10] Destruido
[2025.10.13-22.26.16:457][664]LogBlueprintUserMessages: [BP_SwarmEnemy_2] "Përsiguiendo"
[2025.10.13-22.26.16:473][666]LogBlueprintUserMessages: [BP_ClareCharacter_C_0] Vida45.0
[2025.10.13-22.26.16:507][670]LogBlueprintUserMessages: [BP_SwarmEnemy_2] Trail creado
[2025.10.13-22.26.16:515][671]LogBlueprintUserMessages: [BP_TrailDamage_C_11] Destruido
[2025.10.13-22.26.16:598][681]LogBlueprintUserMessages: [BP_ClareCharacter_C_0] Vida40.0
[2025.10.13-22.26.16:598][681]LogBlueprintUserMessages: [BP_ClareCharacter_C_0] Vida35.0
[2025.10.13-22.26.16:598][681]LogBlueprintUserMessages: [BP_ClareCharacter_C_0] Vida30.0
[2025.10.13-22.26.16:598][681]LogBlueprintUserMessages: [BP_ClareCharacter_C_0] Vida25.0
[2025.10.13-22.26.16:598][681]LogBlueprintUserMessages: [BP_ClareCharacter_C_0] Vida20.0
[2025.10.13-22.26.16:598][681]LogBlueprintUserMessages: [BP_ClareCharacter_C_0] Vida15.0
[2025.10.13-22.26.16:598][681]LogBlueprintUserMessages: [BP_ClareCharacter_C_0] Vida10.0
[2025.10.13-22.26.16:598][681]LogBlueprintUserMessages: [BP_ClareCharacter_C_0] Vida5.0
[2025.10.13-22.26.16:598][681]LogBlueprintUserMessages: [BP_ClareCharacter_C_0] Vida0.0
[2025.10.13-22.26.16:598][681]LogBlueprintUserMessages: [BP_ClareCharacter_C_0] CLARE A MUERTO
[2025.10.13-22.26.16:598][681]LogBlueprintUserMessages: [BP_ClareCharacter_C_0] Vida0.0
[2025.10.13-22.26.16:598][681]LogBlueprintUserMessages: [BP_ClareCharacter_C_0] CLARE A MUERTO
[2025.10.13-22.26.16:958][724]LogBlueprintUserMessages: [BP_SwarmEnemy_2] "Përsiguiendo"
[2025.10.13-22.26.17:008][730]LogBlueprintUserMessages: [BP_ClareCharacter_C_0] Vida0.0
[2025.10.13-22.26.17:008][730]LogBlueprintUserMessages: [BP_ClareCharacter_C_0] CLARE A MUERTO
[2025.10.13-22.26.17:008][730]LogBlueprintUserMessages: [BP_SwarmEnemy_2] Trail creado
[2025.10.13-22.26.17:016][731]LogBlueprintUserMessages: [BP_TrailDamage_C_12] Destruido
[2025.10.13-22.26.17:457][784]LogBlueprintUserMessages: [BP_SwarmEnemy_2] "Përsiguiendo"
[2025.10.13-22.26.17:508][790]LogBlueprintUserMessages: [BP_ClareCharacter_C_0] Vida0.0
[2025.10.13-22.26.17:508][790]LogBlueprintUserMessages: [BP_ClareCharacter_C_0] CLARE A MUERTO
[2025.10.13-22.26.17:508][790]LogBlueprintUserMessages: [BP_SwarmEnemy_2] Trail creado
[2025.10.13-22.26.17:516][791]LogBlueprintUserMessages: [BP_TrailDamage_C_13] Destruido
[2025.10.13-22.26.17:957][844]LogBlueprintUserMessages: [BP_SwarmEnemy_2] "Përsiguiendo"
[2025.10.13-22.26.18:008][850]LogBlueprintUserMessages: [BP_ClareCharacter_C_0] Vida0.0
[2025.10.13-22.26.18:008][850]LogBlueprintUserMessages: [BP_ClareCharacter_C_0] CLARE A MUERTO
[2025.10.13-22.26.18:008][850]LogBlueprintUserMessages: [BP_SwarmEnemy_2] Trail creado
[2025.10.13-22.26.18:016][851]LogBlueprintUserMessages: [BP_TrailDamage_C_14] Destruido
[2025.10.13-22.26.18:457][904]LogBlueprintUserMessages: [BP_SwarmEnemy_2] "Përsiguiendo"
[2025.10.13-22.26.18:508][910]LogBlueprintUserMessages: [BP_ClareCharacter_C_0] Vida0.0
[2025.10.13-22.26.18:508][910]LogBlueprintUserMessages: [BP_ClareCharacter_C_0] CLARE A MUERTO
[2025.10.13-22.26.18:508][910]LogBlueprintUserMessages: [BP_SwarmEnemy_2] Trail creado
[2025.10.13-22.26.18:516][911]LogBlueprintUserMessages: [BP_TrailDamage_C_15] Destruido
[2025.10.13-22.26.18:957][964]LogBlueprintUserMessages: [BP_SwarmEnemy_2] "Përsiguiendo"
[2025.10.13-22.26.19:007][970]LogBlueprintUserMessages: [BP_TrailDamage_C_16] Destruido
[2025.10.13-22.26.19:008][970]LogBlueprintUserMessages: [BP_ClareCharacter_C_0] Vida0.0
[2025.10.13-22.26.19:008][970]LogBlueprintUserMessages: [BP_ClareCharacter_C_0] CLARE A MUERTO
[2025.10.13-22.26.19:008][970]LogBlueprintUserMessages: [BP_SwarmEnemy_2] Trail creado
[2025.10.13-22.26.19:457][ 24]LogBlueprintUserMessages: [BP_SwarmEnemy_2] "Përsiguiendo"
[2025.10.13-22.26.19:507][ 30]LogBlueprintUserMessages: [BP_TrailDamage_C_17] Destruido
[2025.10.13-22.26.19:508][ 30]LogBlueprintUserMessages: [BP_ClareCharacter_C_0] Vida0.0
[2025.10.13-22.26.19:508][ 30]LogBlueprintUserMessages: [BP_ClareCharacter_C_0] CLARE A MUERTO
[2025.10.13-22.26.19:508][ 30]LogBlueprintUserMessages: [BP_SwarmEnemy_2] Trail creado
[2025.10.13-22.26.19:957][ 84]LogBlueprintUserMessages: [BP_SwarmEnemy_2] "Përsiguiendo"
[2025.10.13-22.26.20:007][ 90]LogBlueprintUserMessages: [BP_TrailDamage_C_18] Destruido
[2025.10.13-22.26.20:008][ 90]LogBlueprintUserMessages: [BP_ClareCharacter_C_0] Vida0.0
[2025.10.13-22.26.20:008][ 90]LogBlueprintUserMessages: [BP_ClareCharacter_C_0] CLARE A MUERTO
[2025.10.13-22.26.20:008][ 90]LogBlueprintUserMessages: [BP_SwarmEnemy_2] Trail creado
[2025.10.13-22.26.20:457][144]LogBlueprintUserMessages: [BP_SwarmEnemy_2] "Përsiguiendo"
[2025.10.13-22.26.20:507][150]LogBlueprintUserMessages: [BP_TrailDamage_C_19] Destruido
[2025.10.13-22.26.20:508][150]LogBlueprintUserMessages: [BP_ClareCharacter_C_0] Vida0.0
[2025.10.13-22.26.20:508][150]LogBlueprintUserMessages: [BP_ClareCharacter_C_0] CLARE A MUERTO
[2025.10.13-22.26.20:508][150]LogBlueprintUserMessages: [BP_SwarmEnemy_2] Trail creado
[2025.10.13-22.26.20:957][204]LogBlueprintUserMessages: [BP_SwarmEnemy_2] "Përsiguiendo"
[2025.10.13-22.26.21:007][210]LogBlueprintUserMessages: [BP_TrailDamage_C_20] Destruido
[2025.10.13-22.26.21:007][210]LogBlueprintUserMessages: [BP_ClareCharacter_C_0] Vida0.0
[2025.10.13-22.26.21:007][210]LogBlueprintUserMessages: [BP_ClareCharacter_C_0] CLARE A MUERTO
[2025.10.13-22.26.21:007][210]LogBlueprintUserMessages: [BP_SwarmEnemy_2] Trail creado
[2025.10.13-22.26.21:457][264]LogBlueprintUserMessages: [BP_SwarmEnemy_2] "Përsiguiendo"
[2025.10.13-22.26.21:507][270]LogBlueprintUserMessages: [BP_TrailDamage_C_21] Destruido
[2025.10.13-22.26.21:507][270]LogBlueprintUserMessages: [BP_ClareCharacter_C_0] Vida0.0
[2025.10.13-22.26.21:507][270]LogBlueprintUserMessages: [BP_ClareCharacter_C_0] CLARE A MUERTO
[2025.10.13-22.26.21:507][270]LogBlueprintUserMessages: [BP_SwarmEnemy_2] Trail creado
[2025.10.13-22.26.21:957][324]LogBlueprintUserMessages: [BP_SwarmEnemy_2] "Përsiguiendo"
[2025.10.13-22.26.22:007][330]LogBlueprintUserMessages: [BP_TrailDamage_C_22] Destruido
[2025.10.13-22.26.22:007][330]LogBlueprintUserMessages: [BP_ClareCharacter_C_0] Vida0.0
[2025.10.13-22.26.22:007][330]LogBlueprintUserMessages: [BP_ClareCharacter_C_0] CLARE A MUERTO
[2025.10.13-22.26.22:007][330]LogBlueprintUserMessages: [BP_SwarmEnemy_2] Trail creado
[2025.10.13-22.26.22:458][384]LogBlueprintUserMessages: [BP_SwarmEnemy_2] "Përsiguiendo"
[2025.10.13-22.26.22:508][390]LogBlueprintUserMessages: [BP_TrailDamage_C_23] Destruido
[2025.10.13-22.26.22:508][390]LogBlueprintUserMessages: [BP_ClareCharacter_C_0] Vida0.0
[2025.10.13-22.26.22:508][390]LogBlueprintUserMessages: [BP_ClareCharacter_C_0] CLARE A MUERTO
[2025.10.13-22.26.22:508][390]LogBlueprintUserMessages: [BP_SwarmEnemy_2] Trail creado
[2025.10.13-22.26.22:958][444]LogBlueprintUserMessages: [BP_SwarmEnemy_2] "Përsiguiendo"
[2025.10.13-22.26.23:008][450]LogBlueprintUserMessages: [BP_TrailDamage_C_24] Destruido
[2025.10.13-22.26.23:008][450]LogBlueprintUserMessages: [BP_ClareCharacter_C_0] Vida0.0
[2025.10.13-22.26.23:008][450]LogBlueprintUserMessages: [BP_ClareCharacter_C_0] CLARE A MUERTO
[2025.10.13-22.26.23:008][450]LogBlueprintUserMessages: [BP_SwarmEnemy_2] Trail creado
[2025.10.13-22.26.23:457][504]LogBlueprintUserMessages: [BP_SwarmEnemy_2] "Përsiguiendo"
[2025.10.13-22.26.23:508][510]LogBlueprintUserMessages: [BP_TrailDamage_C_25] Destruido
[2025.10.13-22.26.23:508][510]LogBlueprintUserMessages: [BP_ClareCharacter_C_0] Vida0.0
[2025.10.13-22.26.23:508][510]LogBlueprintUserMessages: [BP_ClareCharacter_C_0] CLARE A MUERTO
[2025.10.13-22.26.23:508][510]LogBlueprintUserMessages: [BP_SwarmEnemy_2] Trail creado
[2025.10.13-22.26.23:945][558]LogSlate: Updating window title bar state: overlay mode, drag disabled, window buttons hidden, title bar hidden
[2025.10.13-22.26.23:945][558]LogWorld: BeginTearingDown for /Game/Maps/UEDPIE_0_ComidaVivaIA
[2025.10.13-22.26.23:945][558]LogWorld: UWorld::CleanupWorld for ComidaVivaIA, bSessionEnded=true, bCleanupResources=true
[2025.10.13-22.26.23:946][558]LogSlate: InvalidateAllWidgets triggered.  All widgets were invalidated
[2025.10.13-22.26.23:957][558]LogPlayLevel: Display: Shutting down PIE online subsystems
[2025.10.13-22.26.23:971][558]LogSlate: InvalidateAllWidgets triggered.  All widgets were invalidated
[2025.10.13-22.26.23:989][558]LogSlate: Updating window title bar state: overlay mode, drag disabled, window buttons hidden, title bar hidden
[2025.10.13-22.26.23:989][558]LogAudioMixer: FMixerPlatformXAudio2::StopAudioStream() called
[2025.10.13-22.26.23:990][558]LogAudioMixer: FMixerPlatformXAudio2::StopAudioStream() called
[2025.10.13-22.26.23:996][558]LogUObjectHash: Compacting FUObjectHashTables data took   1.48ms
[2025.10.13-22.26.24:026][559]LogPlayLevel: Display: Destroying online subsystem :Context_10
[2025.10.13-22.26.25:673][751]LogTemp: Repeating last play command: Selected Viewport
[2025.10.13-22.26.25:678][751]LogPlayLevel: PlayLevel: No blueprints needed recompiling
[2025.10.13-22.26.25:678][751]PIE: New page: PIE session: ComidaVivaIA (Oct 13, 2025, 11:26:25 AM)
[2025.10.13-22.26.25:704][751]LogPlayLevel: Creating play world package: /Game/Maps/UEDPIE_0_ComidaVivaIA
[2025.10.13-22.26.25:707][751]LogPlayLevel: PIE: StaticDuplicateObject took: (0.002583s)
[2025.10.13-22.26.25:708][751]LogAIModule: Creating AISystem for world ComidaVivaIA
[2025.10.13-22.26.25:708][751]LogPlayLevel: PIE: World Init took: (0.000930s)
[2025.10.13-22.26.25:708][751]LogPlayLevel: PIE: Created PIE world by copying editor world from /Game/Maps/ComidaVivaIA.ComidaVivaIA to /Game/Maps/UEDPIE_0_ComidaVivaIA.ComidaVivaIA (0.003618s)
[2025.10.13-22.26.25:725][751]LogUObjectHash: Compacting FUObjectHashTables data took   1.53ms
[2025.10.13-22.26.25:726][751]LogAudio: Display: Creating Audio Device:                 Id: 5, Scope: Unique, Realtime: True
[2025.10.13-22.26.25:726][751]LogAudioMixer: Display: Audio Mixer Platform Settings:
[2025.10.13-22.26.25:726][751]LogAudioMixer: Display: 	Sample Rate:						  48000
[2025.10.13-22.26.25:726][751]LogAudioMixer: Display: 	Callback Buffer Frame Size Requested: 1024
[2025.10.13-22.26.25:726][751]LogAudioMixer: Display: 	Callback Buffer Frame Size To Use:	  1024
[2025.10.13-22.26.25:726][751]LogAudioMixer: Display: 	Number of buffers to queue:			  2
[2025.10.13-22.26.25:726][751]LogAudioMixer: Display: 	Max Channels (voices):				  32
[2025.10.13-22.26.25:726][751]LogAudioMixer: Display: 	Number of Async Source Workers:		  0
[2025.10.13-22.26.25:726][751]LogAudio: Display: AudioDevice MaxSources: 32
[2025.10.13-22.26.25:726][751]LogAudio: Display: Audio Spatialization Plugin: None (built-in).
[2025.10.13-22.26.25:726][751]LogAudio: Display: Audio Reverb Plugin: None (built-in).
[2025.10.13-22.26.25:726][751]LogAudio: Display: Audio Occlusion Plugin: None (built-in).
[2025.10.13-22.26.25:726][751]LogAudioMixer: Display: Initializing audio mixer.
[2025.10.13-22.26.25:729][751]LogAudioMixer: Display: 0: FrontLeft
[2025.10.13-22.26.25:729][751]LogAudioMixer: Display: 1: FrontRight
[2025.10.13-22.26.25:737][751]LogAudioMixer: Display: Using Audio Device LC24RG50 (NVIDIA High Definition Audio)
[2025.10.13-22.26.25:737][751]LogAudioMixer: Display: Initializing Sound Submixes...
[2025.10.13-22.26.25:737][751]LogAudioMixer: Display: Creating Master Submix 'MasterSubmixDefault'
[2025.10.13-22.26.25:737][751]LogAudioMixer: Display: Creating Master Submix 'MasterReverbSubmixDefault'
[2025.10.13-22.26.25:737][751]LogAudioMixer: Display: Creating Master Submix 'MasterEQSubmixDefault'
[2025.10.13-22.26.25:737][751]LogAudioMixer: FMixerPlatformXAudio2::StartAudioStream() called
[2025.10.13-22.26.25:737][751]LogAudioMixer: Display: Output buffers initialized: Frames=1024, Channels=2, Samples=2048
[2025.10.13-22.26.25:738][751]LogAudioMixer: Display: Starting AudioMixerPlatformInterface::RunInternal()
[2025.10.13-22.26.25:738][751]LogAudioMixer: Display: FMixerPlatformXAudio2::SubmitBuffer() called for the first time
[2025.10.13-22.26.25:738][751]LogInit: FAudioDevice initialized.
[2025.10.13-22.26.25:738][751]LogAudio: Display: Audio Device (ID: 5) registered with world 'ComidaVivaIA'.
[2025.10.13-22.26.25:744][751]LogLoad: Game class is 'BP_GameMode_C'
[2025.10.13-22.26.25:746][751]LogWorld: Bringing World /Game/Maps/UEDPIE_0_ComidaVivaIA.ComidaVivaIA up for play (max tick rate 0) at 2025.10.13-16.26.25
[2025.10.13-22.26.25:746][751]LogWorld: Bringing up level for play took: 0.001224
[2025.10.13-22.26.25:746][751]LogOnline: OSS: Creating online subsystem instance for: :Context_11
[2025.10.13-22.26.25:749][751]LogBlueprintUserMessages: [BP_ClareCharacter_C_0] BP_Sarten
[2025.10.13-22.26.25:750][751]LogBlueprintUserMessages: [BP_ClareCharacter_C_0] BP_Olla
[2025.10.13-22.26.25:752][751]LogBlueprintUserMessages: [BP_ClareCharacter_C_0] BP_LlaveInglesa
[2025.10.13-22.26.25:753][751]LogBlueprintUserMessages: [BP_ClareCharacter_C_0] BP_Escoba
[2025.10.13-22.26.25:755][751]LogBlueprintUserMessages: [BP_ClareCharacter_C_0] BP_Trapeador
[2025.10.13-22.26.25:756][751]LogBlueprintUserMessages: [BP_ClareCharacter_C_0] BP_Extintor
[2025.10.13-22.26.25:758][751]LogBlueprintUserMessages: [BP_ClareCharacter_C_0] BP_Cuchillo
[2025.10.13-22.26.25:759][751]PIE: Server logged in
[2025.10.13-22.26.25:760][751]PIE: Play in editor total start time 0.082 seconds.
[2025.10.13-22.26.25:892][766]LogBlueprintUserMessages: [BP_SwarmEnemy_2] "Përsiguiendo"
[2025.10.13-22.26.26:176][800]LogBlueprintUserMessages: [BP_SwarmEnemy_2] Trail creado
[2025.10.13-22.26.26:392][826]LogBlueprintUserMessages: [BP_SwarmEnemy_2] "Përsiguiendo"
[2025.10.13-22.26.26:450][833]LogBlueprintUserMessages: [BP_ClareCharacter_C_0] Vida45.0
[2025.10.13-22.26.26:676][860]LogBlueprintUserMessages: [BP_ClareCharacter_C_0] Vida40.0
[2025.10.13-22.26.26:676][860]LogBlueprintUserMessages: [BP_SwarmEnemy_2] Trail creado
[2025.10.13-22.26.26:892][886]LogBlueprintUserMessages: [BP_SwarmEnemy_2] "Përsiguiendo"
[2025.10.13-22.26.27:175][920]LogBlueprintUserMessages: [BP_ClareCharacter_C_0] Vida35.0
[2025.10.13-22.26.27:175][920]LogBlueprintUserMessages: [BP_SwarmEnemy_2] Trail creado
[2025.10.13-22.26.27:392][946]LogBlueprintUserMessages: [BP_SwarmEnemy_2] "Përsiguiendo"
[2025.10.13-22.26.27:675][980]LogBlueprintUserMessages: [BP_SwarmEnemy_2] Trail creado
[2025.10.13-22.26.27:892][  6]LogBlueprintUserMessages: [BP_SwarmEnemy_2] "Përsiguiendo"
[2025.10.13-22.26.28:175][ 40]LogBlueprintUserMessages: [BP_SwarmEnemy_2] Trail creado
[2025.10.13-22.26.28:267][ 51]LogBlueprintUserMessages: [BP_ClareCharacter_C_0] Vida30.0
[2025.10.13-22.26.28:392][ 66]LogBlueprintUserMessages: [BP_SwarmEnemy_2] "Përsiguiendo"
[2025.10.13-22.26.28:417][ 69]LogBlueprintUserMessages: [BP_ClareCharacter_C_0] Vida25.0
[2025.10.13-22.26.28:676][100]LogBlueprintUserMessages: [BP_ClareCharacter_C_0] Vida20.0
[2025.10.13-22.26.28:676][100]LogBlueprintUserMessages: [BP_SwarmEnemy_2] Trail creado
[2025.10.13-22.26.28:892][126]LogBlueprintUserMessages: [BP_SwarmEnemy_2] "Përsiguiendo"
[2025.10.13-22.26.29:175][160]LogBlueprintUserMessages: [BP_SwarmEnemy_2] Trail creado
[2025.10.13-22.26.29:392][186]LogBlueprintUserMessages: [BP_SwarmEnemy_2] "Përsiguiendo"
[2025.10.13-22.26.29:675][220]LogBlueprintUserMessages: [BP_ClareCharacter_C_0] Vida15.0
[2025.10.13-22.26.29:675][220]LogBlueprintUserMessages: [BP_SwarmEnemy_2] Trail creado
[2025.10.13-22.26.29:700][223]LogBlueprintUserMessages: [BP_ClareCharacter_C_0] Vida10.0
[2025.10.13-22.26.29:825][238]LogBlueprintUserMessages: [BP_ClareCharacter_C_0] Vida5.0
[2025.10.13-22.26.29:825][238]LogBlueprintUserMessages: [BP_ClareCharacter_C_0] Vida0.0
[2025.10.13-22.26.29:825][238]LogBlueprintUserMessages: [BP_ClareCharacter_C_0] CLARE A MUERTO
[2025.10.13-22.26.29:892][246]LogBlueprintUserMessages: [BP_SwarmEnemy_2] "Përsiguiendo"
[2025.10.13-22.26.30:175][280]LogBlueprintUserMessages: [BP_ClareCharacter_C_0] Vida0.0
[2025.10.13-22.26.30:175][280]LogBlueprintUserMessages: [BP_ClareCharacter_C_0] CLARE A MUERTO
[2025.10.13-22.26.30:175][280]LogBlueprintUserMessages: [BP_SwarmEnemy_2] Trail creado
[2025.10.13-22.26.30:392][306]LogBlueprintUserMessages: [BP_SwarmEnemy_2] "Përsiguiendo"
[2025.10.13-22.26.30:667][339]LogBlueprintUserMessages: [BP_TrailDamage_2] Destruido
[2025.10.13-22.26.30:675][340]LogBlueprintUserMessages: [BP_ClareCharacter_C_0] Vida0.0
[2025.10.13-22.26.30:675][340]LogBlueprintUserMessages: [BP_ClareCharacter_C_0] CLARE A MUERTO
[2025.10.13-22.26.30:675][340]LogBlueprintUserMessages: [BP_SwarmEnemy_2] Trail creado
[2025.10.13-22.26.30:892][366]LogBlueprintUserMessages: [BP_SwarmEnemy_2] "Përsiguiendo"
[2025.10.13-22.26.31:055][381]LogSlate: Updating window title bar state: overlay mode, drag disabled, window buttons hidden, title bar hidden
[2025.10.13-22.26.31:055][381]LogWorld: BeginTearingDown for /Game/Maps/UEDPIE_0_ComidaVivaIA
[2025.10.13-22.26.31:055][381]LogWorld: UWorld::CleanupWorld for ComidaVivaIA, bSessionEnded=true, bCleanupResources=true
[2025.10.13-22.26.31:055][381]LogSlate: InvalidateAllWidgets triggered.  All widgets were invalidated
[2025.10.13-22.26.31:060][381]LogPlayLevel: Display: Shutting down PIE online subsystems
[2025.10.13-22.26.31:074][381]LogSlate: InvalidateAllWidgets triggered.  All widgets were invalidated
[2025.10.13-22.26.31:093][381]LogSlate: Updating window title bar state: overlay mode, drag disabled, window buttons hidden, title bar hidden
[2025.10.13-22.26.31:094][381]LogAudioMixer: FMixerPlatformXAudio2::StopAudioStream() called
[2025.10.13-22.26.31:095][381]LogAudioMixer: FMixerPlatformXAudio2::StopAudioStream() called
[2025.10.13-22.26.31:101][381]LogUObjectHash: Compacting FUObjectHashTables data took   1.48ms
[2025.10.13-22.26.31:129][382]LogPlayLevel: Display: Destroying online subsystem :Context_11
[2025.10.13-22.26.50:306][657]BlueprintLog: New page: Compile BP_SwarmEnemy
[2025.10.13-22.26.50:351][657]LogUObjectHash: Compacting FUObjectHashTables data took   2.36ms
[2025.10.13-22.26.50:884][708]LogSavePackage: Moving 'C:/Users/PC/Documents/GitHub/TasteOfMadness/TasteOfMadness/Saved/BP_SwarmEnemy6AF9697D47654E807D698BAF11940CEA.tmp' to 'C:/Users/PC/Documents/GitHub/TasteOfMadness/TasteOfMadness/Content/Characters/Content_Enemies/BP_Rata/BP_SwarmEnemy.uasset'
[2025.10.13-22.26.50:898][708]AssetCheck: New page: Asset Save: BP_SwarmEnemy
[2025.10.13-22.26.50:898][708]LogContentValidation: Display: Validating Blueprint /Game/Characters/Content_Enemies/BP_Rata/BP_SwarmEnemy.BP_SwarmEnemy
[2025.10.13-22.26.53:360][996]Cmd: OBJ SAVEPACKAGE PACKAGE="/Game/Maps/ComidaVivaIA" FILE="C:/Users/PC/Documents/GitHub/TasteOfMadness/TasteOfMadness/Content/Maps/ComidaVivaIA.umap" SILENT=true AUTOSAVING=false KEEPDIRTY=false
[2025.10.13-22.26.53:379][996]LogUObjectHash: Compacting FUObjectHashTables data took   1.94ms
[2025.10.13-22.26.53:388][996]LogSavePackage: Moving 'C:/Users/PC/Documents/GitHub/TasteOfMadness/TasteOfMadness/Saved/ComidaVivaIAB37288A3463890C865EDB98FED412F25.tmp' to 'C:/Users/PC/Documents/GitHub/TasteOfMadness/TasteOfMadness/Content/Maps/ComidaVivaIA.umap'
[2025.10.13-22.26.53:414][996]AssetCheck: New page: Asset Save: ComidaVivaIA
[2025.10.13-22.26.53:414][996]LogContentValidation: Display: Validating World /Game/Maps/ComidaVivaIA.ComidaVivaIA
[2025.10.13-22.26.54:023][ 68]LogTemp: Repeating last play command: Selected Viewport
[2025.10.13-22.26.54:029][ 68]LogPlayLevel: PlayLevel: No blueprints needed recompiling
[2025.10.13-22.26.54:030][ 68]PIE: New page: PIE session: ComidaVivaIA (Oct 13, 2025, 11:26:54 AM)
[2025.10.13-22.26.54:053][ 68]LogPlayLevel: Creating play world package: /Game/Maps/UEDPIE_0_ComidaVivaIA
[2025.10.13-22.26.54:056][ 68]LogPlayLevel: PIE: StaticDuplicateObject took: (0.002612s)
[2025.10.13-22.26.54:056][ 68]LogAIModule: Creating AISystem for world ComidaVivaIA
[2025.10.13-22.26.54:057][ 68]LogPlayLevel: PIE: World Init took: (0.000953s)
[2025.10.13-22.26.54:057][ 68]LogPlayLevel: PIE: Created PIE world by copying editor world from /Game/Maps/ComidaVivaIA.ComidaVivaIA to /Game/Maps/UEDPIE_0_ComidaVivaIA.ComidaVivaIA (0.003671s)
[2025.10.13-22.26.54:074][ 68]LogUObjectHash: Compacting FUObjectHashTables data took   1.76ms
[2025.10.13-22.26.54:075][ 68]LogAudio: Display: Creating Audio Device:                 Id: 6, Scope: Unique, Realtime: True
[2025.10.13-22.26.54:075][ 68]LogAudioMixer: Display: Audio Mixer Platform Settings:
[2025.10.13-22.26.54:075][ 68]LogAudioMixer: Display: 	Sample Rate:						  48000
[2025.10.13-22.26.54:075][ 68]LogAudioMixer: Display: 	Callback Buffer Frame Size Requested: 1024
[2025.10.13-22.26.54:075][ 68]LogAudioMixer: Display: 	Callback Buffer Frame Size To Use:	  1024
[2025.10.13-22.26.54:075][ 68]LogAudioMixer: Display: 	Number of buffers to queue:			  2
[2025.10.13-22.26.54:075][ 68]LogAudioMixer: Display: 	Max Channels (voices):				  32
[2025.10.13-22.26.54:075][ 68]LogAudioMixer: Display: 	Number of Async Source Workers:		  0
[2025.10.13-22.26.54:075][ 68]LogAudio: Display: AudioDevice MaxSources: 32
[2025.10.13-22.26.54:075][ 68]LogAudio: Display: Audio Spatialization Plugin: None (built-in).
[2025.10.13-22.26.54:075][ 68]LogAudio: Display: Audio Reverb Plugin: None (built-in).
[2025.10.13-22.26.54:075][ 68]LogAudio: Display: Audio Occlusion Plugin: None (built-in).
[2025.10.13-22.26.54:075][ 68]LogAudioMixer: Display: Initializing audio mixer.
[2025.10.13-22.26.54:078][ 68]LogAudioMixer: Display: 0: FrontLeft
[2025.10.13-22.26.54:078][ 68]LogAudioMixer: Display: 1: FrontRight
[2025.10.13-22.26.54:084][ 68]LogAudioMixer: Display: Using Audio Device LC24RG50 (NVIDIA High Definition Audio)
[2025.10.13-22.26.54:084][ 68]LogAudioMixer: Display: Initializing Sound Submixes...
[2025.10.13-22.26.54:084][ 68]LogAudioMixer: Display: Creating Master Submix 'MasterSubmixDefault'
[2025.10.13-22.26.54:084][ 68]LogAudioMixer: Display: Creating Master Submix 'MasterReverbSubmixDefault'
[2025.10.13-22.26.54:085][ 68]LogAudioMixer: Display: Creating Master Submix 'MasterEQSubmixDefault'
[2025.10.13-22.26.54:085][ 68]LogAudioMixer: FMixerPlatformXAudio2::StartAudioStream() called
[2025.10.13-22.26.54:085][ 68]LogAudioMixer: Display: Output buffers initialized: Frames=1024, Channels=2, Samples=2048
[2025.10.13-22.26.54:086][ 68]LogAudioMixer: Display: Starting AudioMixerPlatformInterface::RunInternal()
[2025.10.13-22.26.54:086][ 68]LogAudioMixer: Display: FMixerPlatformXAudio2::SubmitBuffer() called for the first time
[2025.10.13-22.26.54:086][ 68]LogInit: FAudioDevice initialized.
[2025.10.13-22.26.54:086][ 68]LogAudio: Display: Audio Device (ID: 6) registered with world 'ComidaVivaIA'.
[2025.10.13-22.26.54:097][ 68]LogLoad: Game class is 'BP_GameMode_C'
[2025.10.13-22.26.54:098][ 68]LogWorld: Bringing World /Game/Maps/UEDPIE_0_ComidaVivaIA.ComidaVivaIA up for play (max tick rate 0) at 2025.10.13-16.26.54
[2025.10.13-22.26.54:098][ 68]LogWorld: Bringing up level for play took: 0.001121
[2025.10.13-22.26.54:098][ 68]LogOnline: OSS: Creating online subsystem instance for: :Context_12
[2025.10.13-22.26.54:101][ 68]LogBlueprintUserMessages: [BP_ClareCharacter_C_0] BP_Sarten
[2025.10.13-22.26.54:102][ 68]LogBlueprintUserMessages: [BP_ClareCharacter_C_0] BP_Olla
[2025.10.13-22.26.54:104][ 68]LogBlueprintUserMessages: [BP_ClareCharacter_C_0] BP_LlaveInglesa
[2025.10.13-22.26.54:105][ 68]LogBlueprintUserMessages: [BP_ClareCharacter_C_0] BP_Escoba
[2025.10.13-22.26.54:107][ 68]LogBlueprintUserMessages: [BP_ClareCharacter_C_0] BP_Trapeador
[2025.10.13-22.26.54:109][ 68]LogBlueprintUserMessages: [BP_ClareCharacter_C_0] BP_Extintor
[2025.10.13-22.26.54:110][ 68]LogBlueprintUserMessages: [BP_ClareCharacter_C_0] BP_Cuchillo
[2025.10.13-22.26.54:111][ 68]PIE: Server logged in
[2025.10.13-22.26.54:112][ 68]PIE: Play in editor total start time 0.085 seconds.
[2025.10.13-22.26.54:379][ 99]LogBlueprintUserMessages: [BP_SwarmEnemy_2] "Përsiguiendo"
[2025.10.13-22.26.54:527][117]LogBlueprintUserMessages: [BP_SwarmEnemy_2] Trail creado
[2025.10.13-22.26.54:877][159]LogBlueprintUserMessages: [BP_ClareCharacter_C_0] Vida45.0
[2025.10.13-22.26.54:877][159]LogBlueprintUserMessages: [BP_SwarmEnemy_2] "Përsiguiendo"
[2025.10.13-22.26.55:027][177]LogBlueprintUserMessages: [BP_ClareCharacter_C_0] Vida40.0
[2025.10.13-22.26.55:027][177]LogBlueprintUserMessages: [BP_SwarmEnemy_2] Trail creado
[2025.10.13-22.26.55:377][219]LogBlueprintUserMessages: [BP_SwarmEnemy_2] "Përsiguiendo"
[2025.10.13-22.26.55:527][237]LogBlueprintUserMessages: [BP_ClareCharacter_C_0] Vida35.0
[2025.10.13-22.26.55:527][237]LogBlueprintUserMessages: [BP_SwarmEnemy_2] Trail creado
[2025.10.13-22.26.55:877][279]LogBlueprintUserMessages: [BP_SwarmEnemy_2] "Përsiguiendo"
[2025.10.13-22.26.56:027][297]LogBlueprintUserMessages: [BP_ClareCharacter_C_0] Vida30.0
[2025.10.13-22.26.56:027][297]LogBlueprintUserMessages: [BP_SwarmEnemy_2] Trail creado
[2025.10.13-22.26.56:378][339]LogBlueprintUserMessages: [BP_SwarmEnemy_2] "Përsiguiendo"
[2025.10.13-22.26.56:528][357]LogBlueprintUserMessages: [BP_SwarmEnemy_2] Trail creado
[2025.10.13-22.26.56:878][399]LogBlueprintUserMessages: [BP_SwarmEnemy_2] "Përsiguiendo"
[2025.10.13-22.26.57:028][417]LogBlueprintUserMessages: [BP_SwarmEnemy_2] Trail creado
[2025.10.13-22.26.57:378][459]LogBlueprintUserMessages: [BP_SwarmEnemy_2] "Përsiguiendo"
[2025.10.13-22.26.57:528][477]LogBlueprintUserMessages: [BP_SwarmEnemy_2] Trail creado
[2025.10.13-22.26.57:878][519]LogBlueprintUserMessages: [BP_SwarmEnemy_2] "Përsiguiendo"
[2025.10.13-22.26.58:028][537]LogBlueprintUserMessages: [BP_SwarmEnemy_2] Trail creado
[2025.10.13-22.26.58:377][579]LogBlueprintUserMessages: [BP_SwarmEnemy_2] "Përsiguiendo"
[2025.10.13-22.26.58:527][597]LogBlueprintUserMessages: [BP_SwarmEnemy_2] Trail creado
[2025.10.13-22.26.58:877][639]LogBlueprintUserMessages: [BP_SwarmEnemy_2] "Përsiguiendo"
[2025.10.13-22.26.59:018][656]LogBlueprintUserMessages: [BP_TrailDamage_2] Destruido
[2025.10.13-22.26.59:027][657]LogBlueprintUserMessages: [BP_SwarmEnemy_2] Trail creado
[2025.10.13-22.26.59:378][699]LogBlueprintUserMessages: [BP_SwarmEnemy_2] "Përsiguiendo"
[2025.10.13-22.26.59:527][717]LogBlueprintUserMessages: [BP_TrailDamage_C_0] Destruido
[2025.10.13-22.26.59:527][717]LogBlueprintUserMessages: [BP_SwarmEnemy_2] Trail creado
[2025.10.13-22.26.59:877][759]LogBlueprintUserMessages: [BP_SwarmEnemy_2] "Përsiguiendo"
[2025.10.13-22.27.00:027][777]LogBlueprintUserMessages: [BP_TrailDamage_C_1] Destruido
[2025.10.13-22.27.00:027][777]LogBlueprintUserMessages: [BP_SwarmEnemy_2] Trail creado
[2025.10.13-22.27.00:377][819]LogBlueprintUserMessages: [BP_SwarmEnemy_2] "Përsiguiendo"
[2025.10.13-22.27.00:527][837]LogBlueprintUserMessages: [BP_TrailDamage_C_2] Destruido
[2025.10.13-22.27.00:527][837]LogBlueprintUserMessages: [BP_SwarmEnemy_2] Trail creado
[2025.10.13-22.27.00:877][879]LogBlueprintUserMessages: [BP_SwarmEnemy_2] "Përsiguiendo"
[2025.10.13-22.27.01:027][897]LogBlueprintUserMessages: [BP_TrailDamage_C_3] Destruido
[2025.10.13-22.27.01:027][897]LogBlueprintUserMessages: [BP_SwarmEnemy_2] Trail creado
[2025.10.13-22.27.01:377][939]LogBlueprintUserMessages: [BP_SwarmEnemy_2] "Përsiguiendo"
[2025.10.13-22.27.01:527][957]LogBlueprintUserMessages: [BP_TrailDamage_C_4] Destruido
[2025.10.13-22.27.01:527][957]LogBlueprintUserMessages: [BP_SwarmEnemy_2] Trail creado
[2025.10.13-22.27.01:877][999]LogBlueprintUserMessages: [BP_SwarmEnemy_2] "Përsiguiendo"
[2025.10.13-22.27.02:027][ 17]LogBlueprintUserMessages: [BP_TrailDamage_C_5] Destruido
[2025.10.13-22.27.02:027][ 17]LogBlueprintUserMessages: [BP_SwarmEnemy_2] Trail creado
[2025.10.13-22.27.02:235][ 41]LogBlueprintUserMessages: [BP_ClareCharacter_C_0] Vida25.0
[2025.10.13-22.27.02:385][ 58]LogBlueprintUserMessages: [BP_SwarmEnemy_2] "Përsiguiendo"
[2025.10.13-22.27.02:527][ 75]LogBlueprintUserMessages: [BP_SwarmEnemy_2] Trail creado
[2025.10.13-22.27.02:535][ 76]LogBlueprintUserMessages: [BP_TrailDamage_C_6] Destruido
[2025.10.13-22.27.02:885][118]LogBlueprintUserMessages: [BP_SwarmEnemy_2] "Përsiguiendo"
[2025.10.13-22.27.03:027][135]LogBlueprintUserMessages: [BP_SwarmEnemy_2] Trail creado
[2025.10.13-22.27.03:035][136]LogBlueprintUserMessages: [BP_TrailDamage_C_7] Destruido
[2025.10.13-22.27.03:385][178]LogBlueprintUserMessages: [BP_SwarmEnemy_2] "Përsiguiendo"
[2025.10.13-22.27.03:527][195]LogBlueprintUserMessages: [BP_SwarmEnemy_2] Trail creado
[2025.10.13-22.27.03:535][196]LogBlueprintUserMessages: [BP_TrailDamage_C_8] Destruido
[2025.10.13-22.27.03:885][238]LogBlueprintUserMessages: [BP_SwarmEnemy_2] "Përsiguiendo"
[2025.10.13-22.27.04:027][255]LogBlueprintUserMessages: [BP_SwarmEnemy_2] Trail creado
[2025.10.13-22.27.04:035][256]LogBlueprintUserMessages: [BP_TrailDamage_C_9] Destruido
[2025.10.13-22.27.04:384][298]LogBlueprintUserMessages: [BP_SwarmEnemy_2] "Përsiguiendo"
[2025.10.13-22.27.04:526][315]LogBlueprintUserMessages: [BP_SwarmEnemy_2] Trail creado
[2025.10.13-22.27.04:534][316]LogBlueprintUserMessages: [BP_TrailDamage_C_10] Destruido
[2025.10.13-22.27.04:884][358]LogBlueprintUserMessages: [BP_SwarmEnemy_2] "Përsiguiendo"
[2025.10.13-22.27.05:026][375]LogBlueprintUserMessages: [BP_SwarmEnemy_2] Trail creado
[2025.10.13-22.27.05:034][376]LogBlueprintUserMessages: [BP_TrailDamage_C_11] Destruido
[2025.10.13-22.27.05:384][418]LogBlueprintUserMessages: [BP_SwarmEnemy_2] "Përsiguiendo"
[2025.10.13-22.27.05:526][435]LogBlueprintUserMessages: [BP_SwarmEnemy_2] Trail creado
[2025.10.13-22.27.05:534][436]LogBlueprintUserMessages: [BP_TrailDamage_C_12] Destruido
[2025.10.13-22.27.05:884][478]LogBlueprintUserMessages: [BP_SwarmEnemy_2] "Përsiguiendo"
[2025.10.13-22.27.06:026][495]LogBlueprintUserMessages: [BP_SwarmEnemy_2] Trail creado
[2025.10.13-22.27.06:034][496]LogBlueprintUserMessages: [BP_TrailDamage_C_13] Destruido
[2025.10.13-22.27.06:384][538]LogBlueprintUserMessages: [BP_SwarmEnemy_2] "Përsiguiendo"
[2025.10.13-22.27.06:526][555]LogBlueprintUserMessages: [BP_SwarmEnemy_2] Trail creado
[2025.10.13-22.27.06:534][556]LogBlueprintUserMessages: [BP_TrailDamage_C_14] Destruido
[2025.10.13-22.27.06:885][598]LogBlueprintUserMessages: [BP_SwarmEnemy_2] "Përsiguiendo"
[2025.10.13-22.27.07:027][615]LogBlueprintUserMessages: [BP_SwarmEnemy_2] Trail creado
[2025.10.13-22.27.07:035][616]LogBlueprintUserMessages: [BP_TrailDamage_C_15] Destruido
[2025.10.13-22.27.07:118][626]LogBlueprintUserMessages: [BP_ClareCharacter_C_0] Vida20.0
[2025.10.13-22.27.07:168][632]LogBlueprintUserMessages: [BP_ClareCharacter_C_0] Vida15.0
[2025.10.13-22.27.07:168][632]LogBlueprintUserMessages: [BP_ClareCharacter_C_0] Vida10.0
[2025.10.13-22.27.07:168][632]LogBlueprintUserMessages: [BP_ClareCharacter_C_0] Vida5.0
[2025.10.13-22.27.07:385][658]LogBlueprintUserMessages: [BP_SwarmEnemy_2] "Përsiguiendo"
[2025.10.13-22.27.07:526][675]LogBlueprintUserMessages: [BP_TrailDamage_C_16] Destruido
[2025.10.13-22.27.07:527][675]LogBlueprintUserMessages: [BP_ClareCharacter_C_0] Vida0.0
[2025.10.13-22.27.07:527][675]LogBlueprintUserMessages: [BP_ClareCharacter_C_0] CLARE A MUERTO
[2025.10.13-22.27.07:527][675]LogBlueprintUserMessages: [BP_SwarmEnemy_2] Trail creado
[2025.10.13-22.27.07:885][718]LogBlueprintUserMessages: [BP_SwarmEnemy_2] "Përsiguiendo"
[2025.10.13-22.27.08:026][735]LogBlueprintUserMessages: [BP_TrailDamage_C_17] Destruido
[2025.10.13-22.27.08:027][735]LogBlueprintUserMessages: [BP_ClareCharacter_C_0] Vida0.0
[2025.10.13-22.27.08:027][735]LogBlueprintUserMessages: [BP_ClareCharacter_C_0] CLARE A MUERTO
[2025.10.13-22.27.08:027][735]LogBlueprintUserMessages: [BP_SwarmEnemy_2] Trail creado
[2025.10.13-22.27.08:385][778]LogBlueprintUserMessages: [BP_SwarmEnemy_2] "Përsiguiendo"
[2025.10.13-22.27.08:527][795]LogBlueprintUserMessages: [BP_TrailDamage_C_18] Destruido
[2025.10.13-22.27.08:527][795]LogBlueprintUserMessages: [BP_ClareCharacter_C_0] Vida0.0
[2025.10.13-22.27.08:527][795]LogBlueprintUserMessages: [BP_ClareCharacter_C_0] CLARE A MUERTO
[2025.10.13-22.27.08:527][795]LogBlueprintUserMessages: [BP_SwarmEnemy_2] Trail creado
[2025.10.13-22.27.08:885][838]LogBlueprintUserMessages: [BP_SwarmEnemy_2] "Përsiguiendo"
[2025.10.13-22.27.09:026][855]LogBlueprintUserMessages: [BP_TrailDamage_C_19] Destruido
[2025.10.13-22.27.09:027][855]LogBlueprintUserMessages: [BP_ClareCharacter_C_0] Vida0.0
[2025.10.13-22.27.09:027][855]LogBlueprintUserMessages: [BP_ClareCharacter_C_0] CLARE A MUERTO
[2025.10.13-22.27.09:027][855]LogBlueprintUserMessages: [BP_SwarmEnemy_2] Trail creado
[2025.10.13-22.27.09:234][876]LogSlate: Updating window title bar state: overlay mode, drag disabled, window buttons hidden, title bar hidden
[2025.10.13-22.27.09:234][876]LogWorld: BeginTearingDown for /Game/Maps/UEDPIE_0_ComidaVivaIA
[2025.10.13-22.27.09:234][876]LogWorld: UWorld::CleanupWorld for ComidaVivaIA, bSessionEnded=true, bCleanupResources=true
[2025.10.13-22.27.09:234][876]LogSlate: InvalidateAllWidgets triggered.  All widgets were invalidated
[2025.10.13-22.27.09:243][876]LogPlayLevel: Display: Shutting down PIE online subsystems
[2025.10.13-22.27.09:256][876]LogSlate: InvalidateAllWidgets triggered.  All widgets were invalidated
[2025.10.13-22.27.09:274][876]LogSlate: Updating window title bar state: overlay mode, drag disabled, window buttons hidden, title bar hidden
[2025.10.13-22.27.09:274][876]LogAudioMixer: FMixerPlatformXAudio2::StopAudioStream() called
[2025.10.13-22.27.09:275][876]LogAudioMixer: FMixerPlatformXAudio2::StopAudioStream() called
[2025.10.13-22.27.09:281][876]LogUObjectHash: Compacting FUObjectHashTables data took   1.55ms
[2025.10.13-22.27.09:310][877]LogPlayLevel: Display: Destroying online subsystem :Context_12
[2025.10.13-22.29.54:402][178]BlueprintLog: New page: Compile BP_SwarmEnemy
[2025.10.13-22.29.54:447][178]LogUObjectHash: Compacting FUObjectHashTables data took   2.08ms
[2025.10.13-22.29.55:029][233]LogSavePackage: Moving 'C:/Users/PC/Documents/GitHub/TasteOfMadness/TasteOfMadness/Saved/BP_SwarmEnemyD878CC454206BFCE1DD99297952728B5.tmp' to 'C:/Users/PC/Documents/GitHub/TasteOfMadness/TasteOfMadness/Content/Characters/Content_Enemies/BP_Rata/BP_SwarmEnemy.uasset'
[2025.10.13-22.29.55:046][233]AssetCheck: New page: Asset Save: BP_SwarmEnemy
[2025.10.13-22.29.55:046][233]LogContentValidation: Display: Validating Blueprint /Game/Characters/Content_Enemies/BP_Rata/BP_SwarmEnemy.BP_SwarmEnemy
[2025.10.13-22.36.39:000][195]BlueprintLog: New page: Compile BP_SwarmEnemy
[2025.10.13-22.36.39:046][195]LogUObjectHash: Compacting FUObjectHashTables data took   2.31ms
[2025.10.13-22.36.42:544][588]LogSavePackage: Moving 'C:/Users/PC/Documents/GitHub/TasteOfMadness/TasteOfMadness/Saved/BP_SwarmEnemy142BF29D426EA37DAC2CB7B04A24C2C2.tmp' to 'C:/Users/PC/Documents/GitHub/TasteOfMadness/TasteOfMadness/Content/Characters/Content_Enemies/BP_Rata/BP_SwarmEnemy.uasset'
[2025.10.13-22.36.42:559][588]AssetCheck: New page: Asset Save: BP_SwarmEnemy
[2025.10.13-22.36.42:559][588]LogContentValidation: Display: Validating Blueprint /Game/Characters/Content_Enemies/BP_Rata/BP_SwarmEnemy.BP_SwarmEnemy
[2025.10.13-22.36.51:110][584]LogSavePackage: Moving 'C:/Users/PC/Documents/GitHub/TasteOfMadness/TasteOfMadness/Saved/BP_SwarmEnemy7E814EBC4F493B5A002BF28176929F77.tmp' to 'C:/Users/PC/Documents/GitHub/TasteOfMadness/TasteOfMadness/Content/Characters/Content_Enemies/BP_Rata/BP_SwarmEnemy.uasset'
[2025.10.13-22.36.51:124][584]AssetCheck: New page: Asset Save: BP_SwarmEnemy
[2025.10.13-22.36.51:124][584]LogContentValidation: Display: Validating Blueprint /Game/Characters/Content_Enemies/BP_Rata/BP_SwarmEnemy.BP_SwarmEnemy
[2025.10.13-22.37.08:476][952]LogUObjectHash: Compacting FUObjectHashTables data took   2.48ms
[2025.10.13-22.37.08:484][952]LogSavePackage: Moving 'C:/Users/PC/Documents/GitHub/TasteOfMadness/TasteOfMadness/Saved/ComidaVivaIA_Auto2175610B3463BF366B26C258F7F22EF48.tmp' to 'C:/Users/PC/Documents/GitHub/TasteOfMadness/TasteOfMadness/Saved/Autosaves/Game/Maps/ComidaVivaIA_Auto2.umap'
[2025.10.13-22.37.08:485][952]LogFileHelpers: Editor autosave (incl. external actors) for '/Game/Maps/ComidaVivaIA' took 0.030
[2025.10.13-22.37.08:486][952]LogFileHelpers: Editor autosave (incl. sublevels & external actors) for all levels took 0.030
[2025.10.13-22.37.08:486][952]OBJ SavePackage: Generating thumbnails for [0] asset(s) in package [/Game/Characters/Content_Enemies/BP_Rata/BP_SwarmEnemy] ([2] browsable assets)...
[2025.10.13-22.37.08:486][952]OBJ SavePackage: Finished generating thumbnails for package [/Game/Characters/Content_Enemies/BP_Rata/BP_SwarmEnemy]
[2025.10.13-22.37.08:514][952]LogSavePackage: Moving 'C:/Users/PC/Documents/GitHub/TasteOfMadness/TasteOfMadness/Saved/BP_SwarmEnemy_Auto2579C3BD84AE686CA94FFA8AF0A9E67CE.tmp' to 'C:/Users/PC/Documents/GitHub/TasteOfMadness/TasteOfMadness/Saved/Autosaves/Game/Characters/Content_Enemies/BP_Rata/BP_SwarmEnemy_Auto2.uasset'
[2025.10.13-22.37.08:515][952]LogFileHelpers: Auto-saving content packages took 0.029
[2025.10.13-22.38.12:090][249]LogSavePackage: Moving 'C:/Users/PC/Documents/GitHub/TasteOfMadness/TasteOfMadness/Saved/BP_SwarmEnemy5E651B1B44E17F2F2A48FF962E0DC6BE.tmp' to 'C:/Users/PC/Documents/GitHub/TasteOfMadness/TasteOfMadness/Content/Characters/Content_Enemies/BP_Rata/BP_SwarmEnemy.uasset'
[2025.10.13-22.38.12:104][249]AssetCheck: New page: Asset Save: BP_SwarmEnemy
[2025.10.13-22.38.12:104][249]LogContentValidation: Display: Validating Blueprint /Game/Characters/Content_Enemies/BP_Rata/BP_SwarmEnemy.BP_SwarmEnemy
[2025.10.13-22.38.13:437][403]Cmd: OBJ SAVEPACKAGE PACKAGE="/Game/Maps/ComidaVivaIA" FILE="C:/Users/PC/Documents/GitHub/TasteOfMadness/TasteOfMadness/Content/Maps/ComidaVivaIA.umap" SILENT=true AUTOSAVING=false KEEPDIRTY=false
[2025.10.13-22.38.13:453][403]LogUObjectHash: Compacting FUObjectHashTables data took   0.52ms
[2025.10.13-22.38.13:461][403]LogSavePackage: Moving 'C:/Users/PC/Documents/GitHub/TasteOfMadness/TasteOfMadness/Saved/ComidaVivaIA55802E584C7F92265E68C58D4ED4270F.tmp' to 'C:/Users/PC/Documents/GitHub/TasteOfMadness/TasteOfMadness/Content/Maps/ComidaVivaIA.umap'
[2025.10.13-22.38.13:493][403]AssetCheck: New page: Asset Save: ComidaVivaIA
[2025.10.13-22.38.13:493][403]LogContentValidation: Display: Validating World /Game/Maps/ComidaVivaIA.ComidaVivaIA
[2025.10.13-22.38.14:305][500]LogTemp: Repeating last play command: Selected Viewport
[2025.10.13-22.38.14:311][500]LogPlayLevel: PlayLevel: No blueprints needed recompiling
[2025.10.13-22.38.14:311][500]PIE: New page: PIE session: ComidaVivaIA (Oct 13, 2025, 11:38:14 AM)
[2025.10.13-22.38.14:311][500]LogPlayLevel: Creating play world package: /Game/Maps/UEDPIE_0_ComidaVivaIA
[2025.10.13-22.38.14:314][500]LogPlayLevel: PIE: StaticDuplicateObject took: (0.002567s)
[2025.10.13-22.38.14:314][500]LogAIModule: Creating AISystem for world ComidaVivaIA
[2025.10.13-22.38.14:314][500]LogPlayLevel: PIE: World Init took: (0.000900s)
[2025.10.13-22.38.14:315][500]LogPlayLevel: PIE: Created PIE world by copying editor world from /Game/Maps/ComidaVivaIA.ComidaVivaIA to /Game/Maps/UEDPIE_0_ComidaVivaIA.ComidaVivaIA (0.003550s)
[2025.10.13-22.38.14:332][500]LogUObjectHash: Compacting FUObjectHashTables data took   1.47ms
[2025.10.13-22.38.14:333][500]LogAudio: Display: Creating Audio Device:                 Id: 7, Scope: Unique, Realtime: True
[2025.10.13-22.38.14:333][500]LogAudioMixer: Display: Audio Mixer Platform Settings:
[2025.10.13-22.38.14:333][500]LogAudioMixer: Display: 	Sample Rate:						  48000
[2025.10.13-22.38.14:333][500]LogAudioMixer: Display: 	Callback Buffer Frame Size Requested: 1024
[2025.10.13-22.38.14:333][500]LogAudioMixer: Display: 	Callback Buffer Frame Size To Use:	  1024
[2025.10.13-22.38.14:333][500]LogAudioMixer: Display: 	Number of buffers to queue:			  2
[2025.10.13-22.38.14:333][500]LogAudioMixer: Display: 	Max Channels (voices):				  32
[2025.10.13-22.38.14:333][500]LogAudioMixer: Display: 	Number of Async Source Workers:		  0
[2025.10.13-22.38.14:333][500]LogAudio: Display: AudioDevice MaxSources: 32
[2025.10.13-22.38.14:333][500]LogAudio: Display: Audio Spatialization Plugin: None (built-in).
[2025.10.13-22.38.14:333][500]LogAudio: Display: Audio Reverb Plugin: None (built-in).
[2025.10.13-22.38.14:333][500]LogAudio: Display: Audio Occlusion Plugin: None (built-in).
[2025.10.13-22.38.14:334][500]LogAudioMixer: Display: Initializing audio mixer.
[2025.10.13-22.38.14:336][500]LogAudioMixer: Display: 0: FrontLeft
[2025.10.13-22.38.14:336][500]LogAudioMixer: Display: 1: FrontRight
[2025.10.13-22.38.14:343][500]LogAudioMixer: Display: Using Audio Device LC24RG50 (NVIDIA High Definition Audio)
[2025.10.13-22.38.14:343][500]LogAudioMixer: Display: Initializing Sound Submixes...
[2025.10.13-22.38.14:343][500]LogAudioMixer: Display: Creating Master Submix 'MasterSubmixDefault'
[2025.10.13-22.38.14:343][500]LogAudioMixer: Display: Creating Master Submix 'MasterReverbSubmixDefault'
[2025.10.13-22.38.14:344][500]LogAudioMixer: Display: Creating Master Submix 'MasterEQSubmixDefault'
[2025.10.13-22.38.14:344][500]LogAudioMixer: FMixerPlatformXAudio2::StartAudioStream() called
[2025.10.13-22.38.14:344][500]LogAudioMixer: Display: Output buffers initialized: Frames=1024, Channels=2, Samples=2048
[2025.10.13-22.38.14:345][500]LogAudioMixer: Display: Starting AudioMixerPlatformInterface::RunInternal()
[2025.10.13-22.38.14:345][500]LogAudioMixer: Display: FMixerPlatformXAudio2::SubmitBuffer() called for the first time
[2025.10.13-22.38.14:345][500]LogInit: FAudioDevice initialized.
[2025.10.13-22.38.14:345][500]LogAudio: Display: Audio Device (ID: 7) registered with world 'ComidaVivaIA'.
[2025.10.13-22.38.14:353][500]LogLoad: Game class is 'BP_GameMode_C'
[2025.10.13-22.38.14:354][500]LogWorld: Bringing World /Game/Maps/UEDPIE_0_ComidaVivaIA.ComidaVivaIA up for play (max tick rate 0) at 2025.10.13-16.38.14
[2025.10.13-22.38.14:355][500]LogWorld: Bringing up level for play took: 0.001232
[2025.10.13-22.38.14:355][500]LogOnline: OSS: Creating online subsystem instance for: :Context_13
[2025.10.13-22.38.14:357][500]LogBlueprintUserMessages: [BP_ClareCharacter_C_0] BP_Sarten
[2025.10.13-22.38.14:359][500]LogBlueprintUserMessages: [BP_ClareCharacter_C_0] BP_Olla
[2025.10.13-22.38.14:360][500]LogBlueprintUserMessages: [BP_ClareCharacter_C_0] BP_LlaveInglesa
[2025.10.13-22.38.14:362][500]LogBlueprintUserMessages: [BP_ClareCharacter_C_0] BP_Escoba
[2025.10.13-22.38.14:363][500]LogBlueprintUserMessages: [BP_ClareCharacter_C_0] BP_Trapeador
[2025.10.13-22.38.14:365][500]LogBlueprintUserMessages: [BP_ClareCharacter_C_0] BP_Extintor
[2025.10.13-22.38.14:366][500]LogBlueprintUserMessages: [BP_ClareCharacter_C_0] BP_Cuchillo
[2025.10.13-22.38.14:368][500]PIE: Server logged in
[2025.10.13-22.38.14:369][500]PIE: Play in editor total start time 0.06 seconds.
[2025.10.13-22.38.14:384][501]LogBlueprintUserMessages: [BP_SwarmEnemy_2] "Përsiguiendo"
[2025.10.13-22.38.14:808][552]LogBlueprintUserMessages: [BP_SwarmEnemy_2] Trail creado
[2025.10.13-22.38.14:883][561]LogBlueprintUserMessages: [BP_SwarmEnemy_2] "Përsiguiendo"
[2025.10.13-22.38.15:309][612]LogBlueprintUserMessages: [BP_SwarmEnemy_2] Trail creado
[2025.10.13-22.38.15:383][621]LogBlueprintUserMessages: [BP_SwarmEnemy_2] "Përsiguiendo"
[2025.10.13-22.38.15:811][670]LogBlueprintUserMessages: [BP_SwarmEnemy_2] Trail creado
[2025.10.13-22.38.15:886][679]LogBlueprintUserMessages: [BP_SwarmEnemy_2] "Përsiguiendo"
[2025.10.13-22.38.16:312][730]LogBlueprintUserMessages: [BP_SwarmEnemy_2] Trail creado
[2025.10.13-22.38.16:386][739]LogBlueprintUserMessages: [BP_SwarmEnemy_2] "Përsiguiendo"
[2025.10.13-22.38.16:811][790]LogBlueprintUserMessages: [BP_SwarmEnemy_2] Trail creado
[2025.10.13-22.38.16:886][799]LogBlueprintUserMessages: [BP_SwarmEnemy_2] "Përsiguiendo"
[2025.10.13-22.38.17:311][850]LogBlueprintUserMessages: [BP_SwarmEnemy_2] Trail creado
[2025.10.13-22.38.17:386][859]LogBlueprintUserMessages: [BP_SwarmEnemy_2] "Përsiguiendo"
[2025.10.13-22.38.17:811][910]LogBlueprintUserMessages: [BP_SwarmEnemy_2] Trail creado
[2025.10.13-22.38.17:886][919]LogBlueprintUserMessages: [BP_SwarmEnemy_2] "Përsiguiendo"
[2025.10.13-22.38.18:312][970]LogBlueprintUserMessages: [BP_SwarmEnemy_2] Trail creado
[2025.10.13-22.38.18:386][979]LogBlueprintUserMessages: [BP_SwarmEnemy_2] "Përsiguiendo"
[2025.10.13-22.38.18:811][ 30]LogBlueprintUserMessages: [BP_SwarmEnemy_2] Trail creado
[2025.10.13-22.38.18:886][ 39]LogBlueprintUserMessages: [BP_SwarmEnemy_2] "Përsiguiendo"
[2025.10.13-22.38.19:303][ 89]LogBlueprintUserMessages: [BP_TrailDamage_2] Destruido
[2025.10.13-22.38.19:312][ 90]LogBlueprintUserMessages: [BP_SwarmEnemy_2] Trail creado
[2025.10.13-22.38.19:387][ 99]LogBlueprintUserMessages: [BP_SwarmEnemy_2] "Përsiguiendo"
[2025.10.13-22.38.19:812][150]LogBlueprintUserMessages: [BP_TrailDamage_C_0] Destruido
[2025.10.13-22.38.19:812][150]LogBlueprintUserMessages: [BP_SwarmEnemy_2] Trail creado
[2025.10.13-22.38.19:887][159]LogBlueprintUserMessages: [BP_SwarmEnemy_2] "Përsiguiendo"
[2025.10.13-22.38.20:311][210]LogBlueprintUserMessages: [BP_TrailDamage_C_1] Destruido
[2025.10.13-22.38.20:312][210]LogBlueprintUserMessages: [BP_SwarmEnemy_2] Trail creado
[2025.10.13-22.38.20:386][219]LogBlueprintUserMessages: [BP_SwarmEnemy_2] "Përsiguiendo"
[2025.10.13-22.38.20:811][270]LogBlueprintUserMessages: [BP_TrailDamage_C_2] Destruido
[2025.10.13-22.38.20:812][270]LogBlueprintUserMessages: [BP_SwarmEnemy_2] Trail creado
[2025.10.13-22.38.20:886][279]LogBlueprintUserMessages: [BP_SwarmEnemy_2] "Përsiguiendo"
[2025.10.13-22.38.21:312][330]LogBlueprintUserMessages: [BP_TrailDamage_C_3] Destruido
[2025.10.13-22.38.21:312][330]LogBlueprintUserMessages: [BP_SwarmEnemy_2] Trail creado
[2025.10.13-22.38.21:386][339]LogBlueprintUserMessages: [BP_SwarmEnemy_2] "Përsiguiendo"
[2025.10.13-22.38.21:811][390]LogBlueprintUserMessages: [BP_TrailDamage_C_4] Destruido
[2025.10.13-22.38.21:812][390]LogBlueprintUserMessages: [BP_SwarmEnemy_2] Trail creado
[2025.10.13-22.38.21:886][399]LogBlueprintUserMessages: [BP_SwarmEnemy_2] "Përsiguiendo"
[2025.10.13-22.38.21:986][411]LogBlueprintUserMessages: [BP_ClareCharacter_C_0] Vida45.0
[2025.10.13-22.38.21:986][411]LogBlueprintUserMessages: [BP_ClareCharacter_C_0] Vida40.0
[2025.10.13-22.38.22:202][437]LogBlueprintUserMessages: [BP_ClareCharacter_C_0] Vida35.0
[2025.10.13-22.38.22:311][450]LogBlueprintUserMessages: [BP_TrailDamage_C_5] Destruido
[2025.10.13-22.38.22:312][450]LogBlueprintUserMessages: [BP_ClareCharacter_C_0] Vida30.0
[2025.10.13-22.38.22:312][450]LogBlueprintUserMessages: [BP_SwarmEnemy_2] Trail creado
[2025.10.13-22.38.22:386][459]LogBlueprintUserMessages: [BP_SwarmEnemy_2] "Përsiguiendo"
[2025.10.13-22.38.22:811][510]LogBlueprintUserMessages: [BP_TrailDamage_C_6] Destruido
[2025.10.13-22.38.22:812][510]LogBlueprintUserMessages: [BP_SwarmEnemy_2] Trail creado
[2025.10.13-22.38.22:886][519]LogBlueprintUserMessages: [BP_SwarmEnemy_2] "Përsiguiendo"
[2025.10.13-22.38.23:311][570]LogBlueprintUserMessages: [BP_TrailDamage_C_7] Destruido
[2025.10.13-22.38.23:312][570]LogBlueprintUserMessages: [BP_SwarmEnemy_2] Trail creado
[2025.10.13-22.38.23:386][579]LogBlueprintUserMessages: [BP_SwarmEnemy_2] "Përsiguiendo"
[2025.10.13-22.38.23:811][630]LogBlueprintUserMessages: [BP_TrailDamage_C_8] Destruido
[2025.10.13-22.38.23:811][630]LogBlueprintUserMessages: [BP_SwarmEnemy_2] Trail creado
[2025.10.13-22.38.23:886][639]LogBlueprintUserMessages: [BP_SwarmEnemy_2] "Përsiguiendo"
[2025.10.13-22.38.24:311][690]LogBlueprintUserMessages: [BP_TrailDamage_C_9] Destruido
[2025.10.13-22.38.24:312][690]LogBlueprintUserMessages: [BP_SwarmEnemy_2] Trail creado
[2025.10.13-22.38.24:386][699]LogBlueprintUserMessages: [BP_SwarmEnemy_2] "Përsiguiendo"
[2025.10.13-22.38.24:811][750]LogBlueprintUserMessages: [BP_TrailDamage_C_10] Destruido
[2025.10.13-22.38.24:811][750]LogBlueprintUserMessages: [BP_SwarmEnemy_2] Trail creado
[2025.10.13-22.38.24:886][759]LogBlueprintUserMessages: [BP_SwarmEnemy_2] "Përsiguiendo"
[2025.10.13-22.38.25:311][810]LogBlueprintUserMessages: [BP_TrailDamage_C_11] Destruido
[2025.10.13-22.38.25:311][810]LogBlueprintUserMessages: [BP_SwarmEnemy_2] Trail creado
[2025.10.13-22.38.25:386][819]LogBlueprintUserMessages: [BP_SwarmEnemy_2] "Përsiguiendo"
[2025.10.13-22.38.25:811][870]LogBlueprintUserMessages: [BP_TrailDamage_C_12] Destruido
[2025.10.13-22.38.25:812][870]LogBlueprintUserMessages: [BP_SwarmEnemy_2] Trail creado
[2025.10.13-22.38.25:886][879]LogBlueprintUserMessages: [BP_SwarmEnemy_2] "Përsiguiendo"
[2025.10.13-22.38.26:312][930]LogBlueprintUserMessages: [BP_TrailDamage_C_13] Destruido
[2025.10.13-22.38.26:312][930]LogBlueprintUserMessages: [BP_SwarmEnemy_2] Trail creado
[2025.10.13-22.38.26:386][939]LogBlueprintUserMessages: [BP_SwarmEnemy_2] "Përsiguiendo"
[2025.10.13-22.38.26:812][990]LogBlueprintUserMessages: [BP_TrailDamage_C_14] Destruido
[2025.10.13-22.38.26:812][990]LogBlueprintUserMessages: [BP_SwarmEnemy_2] Trail creado
[2025.10.13-22.38.26:886][999]LogBlueprintUserMessages: [BP_SwarmEnemy_2] "Përsiguiendo"
[2025.10.13-22.38.27:311][ 50]LogBlueprintUserMessages: [BP_TrailDamage_C_15] Destruido
[2025.10.13-22.38.27:312][ 50]LogBlueprintUserMessages: [BP_SwarmEnemy_2] Trail creado
[2025.10.13-22.38.27:386][ 59]LogBlueprintUserMessages: [BP_SwarmEnemy_2] "Përsiguiendo"
[2025.10.13-22.38.27:811][110]LogBlueprintUserMessages: [BP_TrailDamage_C_16] Destruido
[2025.10.13-22.38.27:811][110]LogBlueprintUserMessages: [BP_SwarmEnemy_2] Trail creado
[2025.10.13-22.38.27:886][119]LogBlueprintUserMessages: [BP_SwarmEnemy_2] "Përsiguiendo"
[2025.10.13-22.38.28:311][170]LogBlueprintUserMessages: [BP_TrailDamage_C_17] Destruido
[2025.10.13-22.38.28:311][170]LogBlueprintUserMessages: [BP_SwarmEnemy_2] Trail creado
[2025.10.13-22.38.28:387][179]LogBlueprintUserMessages: [BP_SwarmEnemy_2] "Përsiguiendo"
[2025.10.13-22.38.28:448][182]LogSlate: Updating window title bar state: overlay mode, drag disabled, window buttons hidden, title bar hidden
[2025.10.13-22.38.28:448][182]LogWorld: BeginTearingDown for /Game/Maps/UEDPIE_0_ComidaVivaIA
[2025.10.13-22.38.28:448][182]LogWorld: UWorld::CleanupWorld for ComidaVivaIA, bSessionEnded=true, bCleanupResources=true
[2025.10.13-22.38.28:449][182]LogSlate: InvalidateAllWidgets triggered.  All widgets were invalidated
[2025.10.13-22.38.28:458][182]LogPlayLevel: Display: Shutting down PIE online subsystems
[2025.10.13-22.38.28:471][182]LogSlate: InvalidateAllWidgets triggered.  All widgets were invalidated
[2025.10.13-22.38.28:488][182]LogSlate: Updating window title bar state: overlay mode, drag disabled, window buttons hidden, title bar hidden
[2025.10.13-22.38.28:488][182]LogAudioMixer: FMixerPlatformXAudio2::StopAudioStream() called
[2025.10.13-22.38.28:489][182]LogAudioMixer: FMixerPlatformXAudio2::StopAudioStream() called
[2025.10.13-22.38.28:493][182]LogUObjectHash: Compacting FUObjectHashTables data took   1.51ms
[2025.10.13-22.38.28:522][183]LogPlayLevel: Display: Destroying online subsystem :Context_13
[2025.10.13-22.38.37:055][175]BlueprintLog: New page: Compile BP_SwarmEnemy
[2025.10.13-22.38.37:097][175]LogUObjectHash: Compacting FUObjectHashTables data took   1.71ms
[2025.10.13-22.38.38:113][283]LogSavePackage: Moving 'C:/Users/PC/Documents/GitHub/TasteOfMadness/TasteOfMadness/Saved/BP_SwarmEnemyE555793E4FA4CF48630346861382CAE4.tmp' to 'C:/Users/PC/Documents/GitHub/TasteOfMadness/TasteOfMadness/Content/Characters/Content_Enemies/BP_Rata/BP_SwarmEnemy.uasset'
[2025.10.13-22.38.38:128][283]AssetCheck: New page: Asset Save: BP_SwarmEnemy
[2025.10.13-22.38.38:128][283]LogContentValidation: Display: Validating Blueprint /Game/Characters/Content_Enemies/BP_Rata/BP_SwarmEnemy.BP_SwarmEnemy
[2025.10.13-22.38.39:639][456]LogTemp: Repeating last play command: Selected Viewport
[2025.10.13-22.38.39:645][456]LogPlayLevel: PlayLevel: No blueprints needed recompiling
[2025.10.13-22.38.39:645][456]PIE: New page: PIE session: ComidaVivaIA (Oct 13, 2025, 11:38:39 AM)
[2025.10.13-22.38.39:667][456]LogPlayLevel: Creating play world package: /Game/Maps/UEDPIE_0_ComidaVivaIA
[2025.10.13-22.38.39:670][456]LogPlayLevel: PIE: StaticDuplicateObject took: (0.002535s)
[2025.10.13-22.38.39:670][456]LogAIModule: Creating AISystem for world ComidaVivaIA
[2025.10.13-22.38.39:671][456]LogPlayLevel: PIE: World Init took: (0.000797s)
[2025.10.13-22.38.39:671][456]LogPlayLevel: PIE: Created PIE world by copying editor world from /Game/Maps/ComidaVivaIA.ComidaVivaIA to /Game/Maps/UEDPIE_0_ComidaVivaIA.ComidaVivaIA (0.003433s)
[2025.10.13-22.38.39:690][456]LogUObjectHash: Compacting FUObjectHashTables data took   1.94ms
[2025.10.13-22.38.39:690][456]LogAudio: Display: Creating Audio Device:                 Id: 8, Scope: Unique, Realtime: True
[2025.10.13-22.38.39:690][456]LogAudioMixer: Display: Audio Mixer Platform Settings:
[2025.10.13-22.38.39:690][456]LogAudioMixer: Display: 	Sample Rate:						  48000
[2025.10.13-22.38.39:690][456]LogAudioMixer: Display: 	Callback Buffer Frame Size Requested: 1024
[2025.10.13-22.38.39:690][456]LogAudioMixer: Display: 	Callback Buffer Frame Size To Use:	  1024
[2025.10.13-22.38.39:690][456]LogAudioMixer: Display: 	Number of buffers to queue:			  2
[2025.10.13-22.38.39:690][456]LogAudioMixer: Display: 	Max Channels (voices):				  32
[2025.10.13-22.38.39:690][456]LogAudioMixer: Display: 	Number of Async Source Workers:		  0
[2025.10.13-22.38.39:690][456]LogAudio: Display: AudioDevice MaxSources: 32
[2025.10.13-22.38.39:691][456]LogAudio: Display: Audio Spatialization Plugin: None (built-in).
[2025.10.13-22.38.39:691][456]LogAudio: Display: Audio Reverb Plugin: None (built-in).
[2025.10.13-22.38.39:691][456]LogAudio: Display: Audio Occlusion Plugin: None (built-in).
[2025.10.13-22.38.39:691][456]LogAudioMixer: Display: Initializing audio mixer.
[2025.10.13-22.38.39:693][456]LogAudioMixer: Display: 0: FrontLeft
[2025.10.13-22.38.39:693][456]LogAudioMixer: Display: 1: FrontRight
[2025.10.13-22.38.39:700][456]LogAudioMixer: Display: Using Audio Device LC24RG50 (NVIDIA High Definition Audio)
[2025.10.13-22.38.39:700][456]LogAudioMixer: Display: Initializing Sound Submixes...
[2025.10.13-22.38.39:700][456]LogAudioMixer: Display: Creating Master Submix 'MasterSubmixDefault'
[2025.10.13-22.38.39:700][456]LogAudioMixer: Display: Creating Master Submix 'MasterReverbSubmixDefault'
[2025.10.13-22.38.39:700][456]LogAudioMixer: Display: Creating Master Submix 'MasterEQSubmixDefault'
[2025.10.13-22.38.39:700][456]LogAudioMixer: FMixerPlatformXAudio2::StartAudioStream() called
[2025.10.13-22.38.39:700][456]LogAudioMixer: Display: Output buffers initialized: Frames=1024, Channels=2, Samples=2048
[2025.10.13-22.38.39:702][456]LogAudioMixer: Display: Starting AudioMixerPlatformInterface::RunInternal()
[2025.10.13-22.38.39:702][456]LogAudioMixer: Display: FMixerPlatformXAudio2::SubmitBuffer() called for the first time
[2025.10.13-22.38.39:702][456]LogInit: FAudioDevice initialized.
[2025.10.13-22.38.39:702][456]LogAudio: Display: Audio Device (ID: 8) registered with world 'ComidaVivaIA'.
[2025.10.13-22.38.39:709][456]LogLoad: Game class is 'BP_GameMode_C'
[2025.10.13-22.38.39:710][456]LogWorld: Bringing World /Game/Maps/UEDPIE_0_ComidaVivaIA.ComidaVivaIA up for play (max tick rate 0) at 2025.10.13-16.38.39
[2025.10.13-22.38.39:710][456]LogWorld: Bringing up level for play took: 0.001042
[2025.10.13-22.38.39:710][456]LogOnline: OSS: Creating online subsystem instance for: :Context_14
[2025.10.13-22.38.39:712][456]LogBlueprintUserMessages: [BP_ClareCharacter_C_0] BP_Sarten
[2025.10.13-22.38.39:714][456]LogBlueprintUserMessages: [BP_ClareCharacter_C_0] BP_Olla
[2025.10.13-22.38.39:716][456]LogBlueprintUserMessages: [BP_ClareCharacter_C_0] BP_LlaveInglesa
[2025.10.13-22.38.39:717][456]LogBlueprintUserMessages: [BP_ClareCharacter_C_0] BP_Escoba
[2025.10.13-22.38.39:719][456]LogBlueprintUserMessages: [BP_ClareCharacter_C_0] BP_Trapeador
[2025.10.13-22.38.39:720][456]LogBlueprintUserMessages: [BP_ClareCharacter_C_0] BP_Extintor
[2025.10.13-22.38.39:722][456]LogBlueprintUserMessages: [BP_ClareCharacter_C_0] BP_Cuchillo
[2025.10.13-22.38.39:723][456]PIE: Server logged in
[2025.10.13-22.38.39:724][456]PIE: Play in editor total start time 0.081 seconds.
[2025.10.13-22.38.39:739][457]LogBlueprintUserMessages: [BP_SwarmEnemy_2] "Përsiguiendo"
[2025.10.13-22.38.40:147][506]LogBlueprintUserMessages: [BP_SwarmEnemy_2] Trail creado
[2025.10.13-22.38.40:238][517]LogBlueprintUserMessages: [BP_SwarmEnemy_2] "Përsiguiendo"
[2025.10.13-22.38.40:647][566]LogBlueprintUserMessages: [BP_SwarmEnemy_2] Trail creado
[2025.10.13-22.38.40:738][577]LogBlueprintUserMessages: [BP_SwarmEnemy_2] "Përsiguiendo"
[2025.10.13-22.38.41:147][626]LogBlueprintUserMessages: [BP_SwarmEnemy_2] Trail creado
[2025.10.13-22.38.41:238][637]LogBlueprintUserMessages: [BP_SwarmEnemy_2] "Përsiguiendo"
[2025.10.13-22.38.41:647][686]LogBlueprintUserMessages: [BP_SwarmEnemy_2] Trail creado
[2025.10.13-22.38.41:739][697]LogBlueprintUserMessages: [BP_SwarmEnemy_2] "Përsiguiendo"
[2025.10.13-22.38.42:146][746]LogBlueprintUserMessages: [BP_SwarmEnemy_2] Trail creado
[2025.10.13-22.38.42:238][757]LogBlueprintUserMessages: [BP_SwarmEnemy_2] "Përsiguiendo"
[2025.10.13-22.38.42:647][806]LogBlueprintUserMessages: [BP_SwarmEnemy_2] Trail creado
[2025.10.13-22.38.42:738][817]LogBlueprintUserMessages: [BP_SwarmEnemy_2] "Përsiguiendo"
[2025.10.13-22.38.43:147][866]LogBlueprintUserMessages: [BP_SwarmEnemy_2] Trail creado
[2025.10.13-22.38.43:239][877]LogBlueprintUserMessages: [BP_SwarmEnemy_2] "Përsiguiendo"
[2025.10.13-22.38.43:647][926]LogBlueprintUserMessages: [BP_SwarmEnemy_2] Trail creado
[2025.10.13-22.38.43:738][937]LogBlueprintUserMessages: [BP_SwarmEnemy_2] "Përsiguiendo"
[2025.10.13-22.38.44:147][986]LogBlueprintUserMessages: [BP_SwarmEnemy_2] Trail creado
[2025.10.13-22.38.44:239][997]LogBlueprintUserMessages: [BP_SwarmEnemy_2] "Përsiguiendo"
[2025.10.13-22.38.44:638][ 45]LogBlueprintUserMessages: [BP_TrailDamage_2] Destruido
[2025.10.13-22.38.44:647][ 46]LogBlueprintUserMessages: [BP_SwarmEnemy_2] Trail creado
[2025.10.13-22.38.44:738][ 57]LogBlueprintUserMessages: [BP_SwarmEnemy_2] "Përsiguiendo"
[2025.10.13-22.38.45:147][106]LogBlueprintUserMessages: [BP_TrailDamage_C_0] Destruido
[2025.10.13-22.38.45:148][106]LogBlueprintUserMessages: [BP_SwarmEnemy_2] Trail creado
[2025.10.13-22.38.45:238][117]LogBlueprintUserMessages: [BP_SwarmEnemy_2] "Përsiguiendo"
[2025.10.13-22.38.45:647][166]LogBlueprintUserMessages: [BP_TrailDamage_C_1] Destruido
[2025.10.13-22.38.45:647][166]LogBlueprintUserMessages: [BP_SwarmEnemy_2] Trail creado
[2025.10.13-22.38.45:738][177]LogBlueprintUserMessages: [BP_SwarmEnemy_2] "Përsiguiendo"
[2025.10.13-22.38.46:146][226]LogBlueprintUserMessages: [BP_TrailDamage_C_2] Destruido
[2025.10.13-22.38.46:147][226]LogBlueprintUserMessages: [BP_SwarmEnemy_2] Trail creado
[2025.10.13-22.38.46:238][237]LogBlueprintUserMessages: [BP_SwarmEnemy_2] "Përsiguiendo"
[2025.10.13-22.38.46:647][286]LogBlueprintUserMessages: [BP_TrailDamage_C_3] Destruido
[2025.10.13-22.38.46:648][286]LogBlueprintUserMessages: [BP_SwarmEnemy_2] Trail creado
[2025.10.13-22.38.46:739][297]LogBlueprintUserMessages: [BP_SwarmEnemy_2] "Përsiguiendo"
[2025.10.13-22.38.47:147][346]LogBlueprintUserMessages: [BP_TrailDamage_C_4] Destruido
[2025.10.13-22.38.47:147][346]LogBlueprintUserMessages: [BP_SwarmEnemy_2] Trail creado
[2025.10.13-22.38.47:238][357]LogBlueprintUserMessages: [BP_SwarmEnemy_2] "Përsiguiendo"
[2025.10.13-22.38.47:647][406]LogBlueprintUserMessages: [BP_TrailDamage_C_5] Destruido
[2025.10.13-22.38.47:647][406]LogBlueprintUserMessages: [BP_SwarmEnemy_2] Trail creado
[2025.10.13-22.38.47:738][417]LogBlueprintUserMessages: [BP_SwarmEnemy_2] "Përsiguiendo"
[2025.10.13-22.38.48:147][466]LogBlueprintUserMessages: [BP_TrailDamage_C_6] Destruido
[2025.10.13-22.38.48:148][466]LogBlueprintUserMessages: [BP_SwarmEnemy_2] Trail creado
[2025.10.13-22.38.48:238][477]LogBlueprintUserMessages: [BP_SwarmEnemy_2] "Përsiguiendo"
[2025.10.13-22.38.48:646][526]LogBlueprintUserMessages: [BP_TrailDamage_C_7] Destruido
[2025.10.13-22.38.48:647][526]LogBlueprintUserMessages: [BP_SwarmEnemy_2] Trail creado
[2025.10.13-22.38.48:739][537]LogBlueprintUserMessages: [BP_SwarmEnemy_2] "Përsiguiendo"
[2025.10.13-22.38.49:147][586]LogBlueprintUserMessages: [BP_TrailDamage_C_8] Destruido
[2025.10.13-22.38.49:148][586]LogBlueprintUserMessages: [BP_SwarmEnemy_2] Trail creado
[2025.10.13-22.38.49:239][597]LogBlueprintUserMessages: [BP_SwarmEnemy_2] "Përsiguiendo"
[2025.10.13-22.38.49:647][646]LogBlueprintUserMessages: [BP_TrailDamage_C_9] Destruido
[2025.10.13-22.38.49:647][646]LogBlueprintUserMessages: [BP_SwarmEnemy_2] Trail creado
[2025.10.13-22.38.49:738][657]LogBlueprintUserMessages: [BP_SwarmEnemy_2] "Përsiguiendo"
[2025.10.13-22.38.50:147][706]LogBlueprintUserMessages: [BP_TrailDamage_C_10] Destruido
[2025.10.13-22.38.50:147][706]LogBlueprintUserMessages: [BP_SwarmEnemy_2] Trail creado
[2025.10.13-22.38.50:238][717]LogBlueprintUserMessages: [BP_SwarmEnemy_2] "Përsiguiendo"
[2025.10.13-22.38.50:647][766]LogBlueprintUserMessages: [BP_TrailDamage_C_11] Destruido
[2025.10.13-22.38.50:647][766]LogBlueprintUserMessages: [BP_SwarmEnemy_2] Trail creado
[2025.10.13-22.38.50:738][777]LogBlueprintUserMessages: [BP_SwarmEnemy_2] "Përsiguiendo"
[2025.10.13-22.38.51:147][826]LogBlueprintUserMessages: [BP_TrailDamage_C_12] Destruido
[2025.10.13-22.38.51:148][826]LogBlueprintUserMessages: [BP_SwarmEnemy_2] Trail creado
[2025.10.13-22.38.51:238][837]LogBlueprintUserMessages: [BP_SwarmEnemy_2] "Përsiguiendo"
[2025.10.13-22.38.51:647][886]LogBlueprintUserMessages: [BP_TrailDamage_C_13] Destruido
[2025.10.13-22.38.51:647][886]LogBlueprintUserMessages: [BP_SwarmEnemy_2] Trail creado
[2025.10.13-22.38.51:738][897]LogBlueprintUserMessages: [BP_SwarmEnemy_2] "Përsiguiendo"
[2025.10.13-22.38.52:147][946]LogBlueprintUserMessages: [BP_TrailDamage_C_14] Destruido
[2025.10.13-22.38.52:147][946]LogBlueprintUserMessages: [BP_SwarmEnemy_2] Trail creado
[2025.10.13-22.38.52:238][957]LogBlueprintUserMessages: [BP_SwarmEnemy_2] "Përsiguiendo"
[2025.10.13-22.38.52:647][  6]LogBlueprintUserMessages: [BP_TrailDamage_C_15] Destruido
[2025.10.13-22.38.52:647][  6]LogBlueprintUserMessages: [BP_SwarmEnemy_2] Trail creado
[2025.10.13-22.38.52:738][ 17]LogBlueprintUserMessages: [BP_SwarmEnemy_2] "Përsiguiendo"
[2025.10.13-22.38.53:147][ 66]LogBlueprintUserMessages: [BP_TrailDamage_C_16] Destruido
[2025.10.13-22.38.53:147][ 66]LogBlueprintUserMessages: [BP_SwarmEnemy_2] Trail creado
[2025.10.13-22.38.53:238][ 77]LogBlueprintUserMessages: [BP_SwarmEnemy_2] "Përsiguiendo"
[2025.10.13-22.38.53:647][126]LogBlueprintUserMessages: [BP_TrailDamage_C_17] Destruido
[2025.10.13-22.38.53:647][126]LogBlueprintUserMessages: [BP_SwarmEnemy_2] Trail creado
[2025.10.13-22.38.53:739][137]LogBlueprintUserMessages: [BP_SwarmEnemy_2] "Përsiguiendo"
[2025.10.13-22.38.54:147][186]LogBlueprintUserMessages: [BP_TrailDamage_C_18] Destruido
[2025.10.13-22.38.54:147][186]LogBlueprintUserMessages: [BP_SwarmEnemy_2] Trail creado
[2025.10.13-22.38.54:239][197]LogBlueprintUserMessages: [BP_SwarmEnemy_2] "Përsiguiendo"
[2025.10.13-22.38.54:647][246]LogBlueprintUserMessages: [BP_TrailDamage_C_19] Destruido
[2025.10.13-22.38.54:647][246]LogBlueprintUserMessages: [BP_SwarmEnemy_2] Trail creado
[2025.10.13-22.38.54:739][257]LogBlueprintUserMessages: [BP_SwarmEnemy_2] "Përsiguiendo"
[2025.10.13-22.38.55:147][306]LogBlueprintUserMessages: [BP_TrailDamage_C_20] Destruido
[2025.10.13-22.38.55:147][306]LogBlueprintUserMessages: [BP_SwarmEnemy_2] Trail creado
[2025.10.13-22.38.55:238][317]LogBlueprintUserMessages: [BP_SwarmEnemy_2] "Përsiguiendo"
[2025.10.13-22.38.55:378][330]LogSlate: Updating window title bar state: overlay mode, drag disabled, window buttons hidden, title bar hidden
[2025.10.13-22.38.55:378][330]LogWorld: BeginTearingDown for /Game/Maps/UEDPIE_0_ComidaVivaIA
[2025.10.13-22.38.55:378][330]LogWorld: UWorld::CleanupWorld for ComidaVivaIA, bSessionEnded=true, bCleanupResources=true
[2025.10.13-22.38.55:378][330]LogSlate: InvalidateAllWidgets triggered.  All widgets were invalidated
[2025.10.13-22.38.55:388][330]LogPlayLevel: Display: Shutting down PIE online subsystems
[2025.10.13-22.38.55:403][330]LogSlate: InvalidateAllWidgets triggered.  All widgets were invalidated
[2025.10.13-22.38.55:420][330]LogAudio: Display: Audio Device unregistered from world 'None'.
[2025.10.13-22.38.55:421][330]LogAudioMixer: FMixerPlatformXAudio2::StopAudioStream() called
[2025.10.13-22.38.55:422][330]LogAudioMixer: FMixerPlatformXAudio2::StopAudioStream() called
[2025.10.13-22.38.55:424][330]LogSlate: Updating window title bar state: overlay mode, drag disabled, window buttons hidden, title bar hidden
[2025.10.13-22.38.55:428][330]LogUObjectHash: Compacting FUObjectHashTables data took   1.56ms
[2025.10.13-22.38.55:456][331]LogPlayLevel: Display: Destroying online subsystem :Context_14
[2025.10.13-22.39.48:521][863]LogAssetEditorSubsystem: Opening Asset editor for AnimBlueprint /Game/Characters/Content_Enemies/BP_Rata/ABP_Swarm.ABP_Swarm
[2025.10.13-22.39.48:647][863]LogNativeClassHierarchy: Verbose: Native class hierarchy updated for 'SkeletonEditor' in 0.0004 seconds. Added 1 classes and 2 folders.
[2025.10.13-22.39.48:689][863]LogTexture: Default maximum texture size for cubemaps generated from long-lat sources has been changed from 512 to unlimited. In order to preserve old behaiour for '/Engine/EditorMaterials/AssetViewer/EpicQuadPanorama_CC+EV1.EpicQuadPanorama_CC+EV1', its maximum texture size has been explicitly set to 512.
[2025.10.13-22.39.48:951][863]LogTexture: Default maximum texture size for cubemaps generated from long-lat sources has been changed from 512 to unlimited. In order to preserve old behaiour for '/Engine/MapTemplates/Sky/SunsetAmbientCubemap.SunsetAmbientCubemap', its maximum texture size has been explicitly set to 512.
[2025.10.13-22.39.49:138][863]LogActorComponent: RegisterComponentWithWorld: (/Engine/Transient.World_8:PersistentLevel.AnimationEditorPreviewActor_0.DebugSkelMeshComponent_0) Already registered. Aborting.
[2025.10.13-22.39.49:139][863]LogScript: Warning: Accessed None trying to read property CallFunc_TryGetPawnOwner_ReturnValue
	ABP_Swarm_C /Engine/Transient.World_8:PersistentLevel.AnimationEditorPreviewActor_0.DebugSkelMeshComponent_0.ABP_Swarm_C_0
	Function /Game/Characters/Content_Enemies/BP_Rata/ABP_Swarm.ABP_Swarm_C:ExecuteUbergraph_ABP_Swarm:00D8
[2025.10.13-22.39.49:147][863]LogNativeClassHierarchy: Verbose: Native class hierarchy updated for 'PinnedCommandList' in 0.0003 seconds. Added 1 classes and 0 folders.
[2025.10.13-22.39.49:958][863]LogScript: Warning: Accessed None trying to read property CallFunc_TryGetPawnOwner_ReturnValue
	ABP_Swarm_C /Engine/Transient.World_8:PersistentLevel.AnimationEditorPreviewActor_0.DebugSkelMeshComponent_0.ABP_Swarm_C_0
	Function /Game/Characters/Content_Enemies/BP_Rata/ABP_Swarm.ABP_Swarm_C:ExecuteUbergraph_ABP_Swarm:00D8
[2025.10.13-22.39.50:031][864]LogScript: Warning: Accessed None trying to read property CallFunc_TryGetPawnOwner_ReturnValue
	ABP_Swarm_C /Engine/Transient.World_8:PersistentLevel.AnimationEditorPreviewActor_0.DebugSkelMeshComponent_0.ABP_Swarm_C_0
	Function /Game/Characters/Content_Enemies/BP_Rata/ABP_Swarm.ABP_Swarm_C:ExecuteUbergraph_ABP_Swarm:00D8
[2025.10.13-22.39.50:047][865]LogScript: Warning: Accessed None trying to read property CallFunc_TryGetPawnOwner_ReturnValue
	ABP_Swarm_C /Engine/Transient.World_8:PersistentLevel.AnimationEditorPreviewActor_0.DebugSkelMeshComponent_0.ABP_Swarm_C_0
	Function /Game/Characters/Content_Enemies/BP_Rata/ABP_Swarm.ABP_Swarm_C:ExecuteUbergraph_ABP_Swarm:00D8
[2025.10.13-22.39.50:068][866]LogScript: Warning: Accessed None trying to read property CallFunc_TryGetPawnOwner_ReturnValue
	ABP_Swarm_C /Engine/Transient.World_8:PersistentLevel.AnimationEditorPreviewActor_0.DebugSkelMeshComponent_0.ABP_Swarm_C_0
	Function /Game/Characters/Content_Enemies/BP_Rata/ABP_Swarm.ABP_Swarm_C:ExecuteUbergraph_ABP_Swarm:00D8
[2025.10.13-22.39.50:083][867]LogScript: Warning: Accessed None trying to read property CallFunc_TryGetPawnOwner_ReturnValue
	ABP_Swarm_C /Engine/Transient.World_8:PersistentLevel.AnimationEditorPreviewActor_0.DebugSkelMeshComponent_0.ABP_Swarm_C_0
	Function /Game/Characters/Content_Enemies/BP_Rata/ABP_Swarm.ABP_Swarm_C:ExecuteUbergraph_ABP_Swarm:00D8
[2025.10.13-22.39.50:098][868]LogScript: Warning: Accessed None trying to read property CallFunc_TryGetPawnOwner_ReturnValue
	ABP_Swarm_C /Engine/Transient.World_8:PersistentLevel.AnimationEditorPreviewActor_0.DebugSkelMeshComponent_0.ABP_Swarm_C_0
	Function /Game/Characters/Content_Enemies/BP_Rata/ABP_Swarm.ABP_Swarm_C:ExecuteUbergraph_ABP_Swarm:00D8
[2025.10.13-22.39.50:113][869]LogScript: Warning: Accessed None trying to read property CallFunc_TryGetPawnOwner_ReturnValue
	ABP_Swarm_C /Engine/Transient.World_8:PersistentLevel.AnimationEditorPreviewActor_0.DebugSkelMeshComponent_0.ABP_Swarm_C_0
	Function /Game/Characters/Content_Enemies/BP_Rata/ABP_Swarm.ABP_Swarm_C:ExecuteUbergraph_ABP_Swarm:00D8
[2025.10.13-22.39.50:126][870]LogScript: Warning: Accessed None trying to read property CallFunc_TryGetPawnOwner_ReturnValue
	ABP_Swarm_C /Engine/Transient.World_8:PersistentLevel.AnimationEditorPreviewActor_0.DebugSkelMeshComponent_0.ABP_Swarm_C_0
	Function /Game/Characters/Content_Enemies/BP_Rata/ABP_Swarm.ABP_Swarm_C:ExecuteUbergraph_ABP_Swarm:00D8
[2025.10.13-22.39.50:137][871]LogScript: Warning: Accessed None trying to read property CallFunc_TryGetPawnOwner_ReturnValue
	ABP_Swarm_C /Engine/Transient.World_8:PersistentLevel.AnimationEditorPreviewActor_0.DebugSkelMeshComponent_0.ABP_Swarm_C_0
	Function /Game/Characters/Content_Enemies/BP_Rata/ABP_Swarm.ABP_Swarm_C:ExecuteUbergraph_ABP_Swarm:00D8
[2025.10.13-22.39.50:148][872]LogScript: Warning: Accessed None trying to read property CallFunc_TryGetPawnOwner_ReturnValue
	ABP_Swarm_C /Engine/Transient.World_8:PersistentLevel.AnimationEditorPreviewActor_0.DebugSkelMeshComponent_0.ABP_Swarm_C_0
	Function /Game/Characters/Content_Enemies/BP_Rata/ABP_Swarm.ABP_Swarm_C:ExecuteUbergraph_ABP_Swarm:00D8
[2025.10.13-22.39.50:158][873]LogScript: Warning: Accessed None trying to read property CallFunc_TryGetPawnOwner_ReturnValue
	ABP_Swarm_C /Engine/Transient.World_8:PersistentLevel.AnimationEditorPreviewActor_0.DebugSkelMeshComponent_0.ABP_Swarm_C_0
	Function /Game/Characters/Content_Enemies/BP_Rata/ABP_Swarm.ABP_Swarm_C:ExecuteUbergraph_ABP_Swarm:00D8
[2025.10.13-22.39.50:168][874]LogScript: Warning: Accessed None trying to read property CallFunc_TryGetPawnOwner_ReturnValue
	ABP_Swarm_C /Engine/Transient.World_8:PersistentLevel.AnimationEditorPreviewActor_0.DebugSkelMeshComponent_0.ABP_Swarm_C_0
	Function /Game/Characters/Content_Enemies/BP_Rata/ABP_Swarm.ABP_Swarm_C:ExecuteUbergraph_ABP_Swarm:00D8
[2025.10.13-22.39.50:177][875]LogScript: Warning: Accessed None trying to read property CallFunc_TryGetPawnOwner_ReturnValue
	ABP_Swarm_C /Engine/Transient.World_8:PersistentLevel.AnimationEditorPreviewActor_0.DebugSkelMeshComponent_0.ABP_Swarm_C_0
	Function /Game/Characters/Content_Enemies/BP_Rata/ABP_Swarm.ABP_Swarm_C:ExecuteUbergraph_ABP_Swarm:00D8
[2025.10.13-22.39.50:189][876]LogScript: Warning: Accessed None trying to read property CallFunc_TryGetPawnOwner_ReturnValue
	ABP_Swarm_C /Engine/Transient.World_8:PersistentLevel.AnimationEditorPreviewActor_0.DebugSkelMeshComponent_0.ABP_Swarm_C_0
	Function /Game/Characters/Content_Enemies/BP_Rata/ABP_Swarm.ABP_Swarm_C:ExecuteUbergraph_ABP_Swarm:00D8
[2025.10.13-22.39.53:610][257]LogSlate: Window 'ABP_Swarm' being destroyed
[2025.10.13-22.42.08:074][352]LogAssetEditorSubsystem: Opening Asset editor for AnimSequence /Game/Characters/Content_Enemies/MonsterForSurvivalGame/Animation/Polyart/Swarm08/Swarm08_Attack_Anim.Swarm08_Attack_Anim
[2025.10.13-22.42.08:144][352]LogActorComponent: RegisterComponentWithWorld: (/Engine/Transient.World_13:PersistentLevel.AnimationEditorPreviewActor_0.DebugSkelMeshComponent_0) Already registered. Aborting.
[2025.10.13-22.42.08:730][352]LogContentBrowser: Verbose: The majority of assets in the view are of type: AnimSequence
[2025.10.13-22.44.50:661][116]LogSlate: Prevented a slow task dialog from being summoned while a context menu was open
[2025.10.13-22.44.50:678][116]LogEditorClassViewer: Warning: Class /Engine/Tutorial/InWorldBlueprintEditing/TutorialAssets/IWBE_Blutility.IWBE_Blutility_C has parent /Script/Blutility.PlacedEditorUtilityBase, but this parent is not found. The Class will not be shown in ClassViewer.
[2025.10.13-22.47.52:372][ 91]LogSavePackage: Moving 'C:/Users/PC/Documents/GitHub/TasteOfMadness/TasteOfMadness/Saved/Swarm08_Attack_Anim1C8CFF3C46B607BBEAEB2D86B67CBA34.tmp' to 'C:/Users/PC/Documents/GitHub/TasteOfMadness/TasteOfMadness/Content/Characters/Content_Enemies/MonsterForSurvivalGame/Animation/Polyart/Swarm08/Swarm08_Attack_Anim.uasset'
[2025.10.13-22.47.52:393][ 91]AssetCheck: New page: Asset Save: Swarm08_Attack_Anim
[2025.10.13-22.47.52:393][ 91]LogContentValidation: Display: Validating AnimSequence /Game/Characters/Content_Enemies/MonsterForSurvivalGame/Animation/Polyart/Swarm08/Swarm08_Attack_Anim.Swarm08_Attack_Anim
[2025.10.13-22.47.53:416][200]LogSavePackage: Moving 'C:/Users/PC/Documents/GitHub/TasteOfMadness/TasteOfMadness/Saved/Swarm08_Attack_Anim8151CF9446436E7466DA889C9E79F204.tmp' to 'C:/Users/PC/Documents/GitHub/TasteOfMadness/TasteOfMadness/Content/Characters/Content_Enemies/MonsterForSurvivalGame/Animation/Polyart/Swarm08/Swarm08_Attack_Anim.uasset'
[2025.10.13-22.47.53:431][200]AssetCheck: New page: Asset Save: Swarm08_Attack_Anim
[2025.10.13-22.47.53:431][200]LogContentValidation: Display: Validating AnimSequence /Game/Characters/Content_Enemies/MonsterForSurvivalGame/Animation/Polyart/Swarm08/Swarm08_Attack_Anim.Swarm08_Attack_Anim
[2025.10.13-22.47.54:625][339]LogWorld: UWorld::CleanupWorld for World_13, bSessionEnded=true, bCleanupResources=true
[2025.10.13-22.47.54:625][339]LogSlate: InvalidateAllWidgets triggered.  All widgets were invalidated
[2025.10.13-22.47.54:647][339]LogWorld: UWorld::CleanupWorld for World_15, bSessionEnded=true, bCleanupResources=true
[2025.10.13-22.47.54:647][339]LogSlate: InvalidateAllWidgets triggered.  All widgets were invalidated
[2025.10.13-22.47.54:720][339]LogWorld: UWorld::CleanupWorld for World_14, bSessionEnded=true, bCleanupResources=true
[2025.10.13-22.47.54:720][339]LogSlate: InvalidateAllWidgets triggered.  All widgets were invalidated
[2025.10.13-22.47.57:695][683]BlueprintLog: New page: Compile BP_SwarmEnemy
[2025.10.13-22.47.57:827][683]LogUObjectHash: Compacting FUObjectHashTables data took   4.24ms
[2025.10.13-22.47.58:400][737]LogSavePackage: Moving 'C:/Users/PC/Documents/GitHub/TasteOfMadness/TasteOfMadness/Saved/BP_SwarmEnemy7036A0C4439BC2A2811726B936AE7A3D.tmp' to 'C:/Users/PC/Documents/GitHub/TasteOfMadness/TasteOfMadness/Content/Characters/Content_Enemies/BP_Rata/BP_SwarmEnemy.uasset'
[2025.10.13-22.47.58:415][737]AssetCheck: New page: Asset Save: BP_SwarmEnemy
[2025.10.13-22.47.58:415][737]LogContentValidation: Display: Validating Blueprint /Game/Characters/Content_Enemies/BP_Rata/BP_SwarmEnemy.BP_SwarmEnemy
[2025.10.13-22.48.01:199][ 57]LogSavePackage: Moving 'C:/Users/PC/Documents/GitHub/TasteOfMadness/TasteOfMadness/Saved/ABP_Swarm945A67C34CFCE886D9CEC780D86AEC12.tmp' to 'C:/Users/PC/Documents/GitHub/TasteOfMadness/TasteOfMadness/Content/Characters/Content_Enemies/BP_Rata/ABP_Swarm.uasset'
[2025.10.13-22.48.01:213][ 57]AssetCheck: New page: Asset Save: ABP_Swarm
[2025.10.13-22.48.01:213][ 57]LogContentValidation: Display: Validating AnimBlueprint /Game/Characters/Content_Enemies/BP_Rata/ABP_Swarm.ABP_Swarm
[2025.10.13-22.48.47:532][620]LogSlate: Took 0.000145 seconds to synchronously load lazily loaded font '../../../Engine/Content/Slate/Fonts/Roboto-Light.ttf' (167K)
[2025.10.13-22.48.52:946][259]LogAssetEditorSubsystem: Opening Asset editor for AnimSequence /Game/Characters/Content_Enemies/MonsterForSurvivalGame/Animation/Polyart/Swarm08/Swarm08_Attack_Anim.Swarm08_Attack_Anim
[2025.10.13-22.48.52:949][259]LogActorComponent: RegisterComponentWithWorld: (/Engine/Transient.World_16:PersistentLevel.AnimationEditorPreviewActor_0.DebugSkelMeshComponent_0) Already registered. Aborting.
[2025.10.13-22.48.53:172][259]LogContentBrowser: Verbose: The majority of assets in the view are of type: AnimSequence
[2025.10.13-22.50.05:718][913]LogSlate: Prevented a slow task dialog from being summoned while a context menu was open
[2025.10.13-22.50.05:735][913]LogEditorClassViewer: Warning: Class /Engine/Tutorial/InWorldBlueprintEditing/TutorialAssets/IWBE_Blutility.IWBE_Blutility_C has parent /Script/Blutility.PlacedEditorUtilityBase, but this parent is not found. The Class will not be shown in ClassViewer.
[2025.10.13-22.50.18:679][446]LogSavePackage: Moving 'C:/Users/PC/Documents/GitHub/TasteOfMadness/TasteOfMadness/Saved/Swarm08_Attack_AnimAAE6B2924ECE5DF45E8BD3BD817734A1.tmp' to 'C:/Users/PC/Documents/GitHub/TasteOfMadness/TasteOfMadness/Content/Characters/Content_Enemies/MonsterForSurvivalGame/Animation/Polyart/Swarm08/Swarm08_Attack_Anim.uasset'
[2025.10.13-22.50.18:695][446]AssetCheck: New page: Asset Save: Swarm08_Attack_Anim
[2025.10.13-22.50.18:695][446]LogContentValidation: Display: Validating AnimSequence /Game/Characters/Content_Enemies/MonsterForSurvivalGame/Animation/Polyart/Swarm08/Swarm08_Attack_Anim.Swarm08_Attack_Anim
[2025.10.13-22.50.45:449][335]LogUObjectHash: Compacting FUObjectHashTables data took   3.72ms
[2025.10.13-22.50.45:458][335]LogSavePackage: Moving 'C:/Users/PC/Documents/GitHub/TasteOfMadness/TasteOfMadness/Saved/ComidaVivaIA_Auto3D9E2E6274312A77D899E9A83FF198919.tmp' to 'C:/Users/PC/Documents/GitHub/TasteOfMadness/TasteOfMadness/Saved/Autosaves/Game/Maps/ComidaVivaIA_Auto3.umap'
[2025.10.13-22.50.45:459][335]LogFileHelpers: Editor autosave (incl. external actors) for '/Game/Maps/ComidaVivaIA' took 0.067
[2025.10.13-22.50.45:459][335]LogFileHelpers: Editor autosave (incl. sublevels & external actors) for all levels took 0.067
[2025.10.13-22.50.45:460][335]OBJ SavePackage: Generating thumbnails for [0] asset(s) in package [/Game/Characters/Content_Enemies/MonsterForSurvivalGame/Mesh/Polyart/Swarm08_SK_Skeleton] ([1] browsable assets)...
[2025.10.13-22.50.45:460][335]OBJ SavePackage: Finished generating thumbnails for package [/Game/Characters/Content_Enemies/MonsterForSurvivalGame/Mesh/Polyart/Swarm08_SK_Skeleton]
[2025.10.13-22.50.45:461][335]LogSavePackage: Moving 'C:/Users/PC/Documents/GitHub/TasteOfMadness/TasteOfMadness/Saved/Swarm08_SK_Skeleton_Auto3725B12494D5C433D78DCC2B698BEC037.tmp' to 'C:/Users/PC/Documents/GitHub/TasteOfMadness/TasteOfMadness/Saved/Autosaves/Game/Characters/Content_Enemies/MonsterForSurvivalGame/Mesh/Polyart/Swarm08_SK_Skeleton_Auto3.uasset'
[2025.10.13-22.50.45:461][335]LogFileHelpers: Auto-saving content packages took 0.002
[2025.10.13-22.55.51:098][648]BlueprintLog: New page: Compile BP_SwarmEnemy
[2025.10.13-22.55.51:154][648]LogUObjectHash: Compacting FUObjectHashTables data took   3.04ms
[2025.10.13-22.55.51:975][725]LogSavePackage: Moving 'C:/Users/PC/Documents/GitHub/TasteOfMadness/TasteOfMadness/Saved/BP_SwarmEnemyDE38126E47BD7F655B543288FF14B4A1.tmp' to 'C:/Users/PC/Documents/GitHub/TasteOfMadness/TasteOfMadness/Content/Characters/Content_Enemies/BP_Rata/BP_SwarmEnemy.uasset'
[2025.10.13-22.55.51:991][725]AssetCheck: New page: Asset Save: BP_SwarmEnemy
[2025.10.13-22.55.51:991][725]LogContentValidation: Display: Validating Blueprint /Game/Characters/Content_Enemies/BP_Rata/BP_SwarmEnemy.BP_SwarmEnemy
[2025.10.13-22.55.56:666][916]LogWorld: UWorld::CleanupWorld for World_16, bSessionEnded=true, bCleanupResources=true
[2025.10.13-22.55.56:666][916]LogSlate: InvalidateAllWidgets triggered.  All widgets were invalidated
[2025.10.13-22.55.56:687][916]LogWorld: UWorld::CleanupWorld for World_18, bSessionEnded=true, bCleanupResources=true
[2025.10.13-22.55.56:687][916]LogSlate: InvalidateAllWidgets triggered.  All widgets were invalidated
[2025.10.13-22.55.56:741][916]LogWorld: UWorld::CleanupWorld for World_17, bSessionEnded=true, bCleanupResources=true
[2025.10.13-22.55.56:741][916]LogSlate: InvalidateAllWidgets triggered.  All widgets were invalidated
[2025.10.13-22.56.21:696][200]LogAssetEditorSubsystem: Opening Asset editor for AnimSequence /Game/Characters/Content_Enemies/MonsterForSurvivalGame/Animation/Polyart/Swarm08/Swarm08_Attack_Anim.Swarm08_Attack_Anim
[2025.10.13-22.56.21:699][200]LogActorComponent: RegisterComponentWithWorld: (/Engine/Transient.World_19:PersistentLevel.AnimationEditorPreviewActor_0.DebugSkelMeshComponent_0) Already registered. Aborting.
[2025.10.13-22.56.21:918][200]LogContentBrowser: Verbose: The majority of assets in the view are of type: AnimSequence
[2025.10.13-22.56.57:944][ 57]LogWorld: UWorld::CleanupWorld for World_19, bSessionEnded=true, bCleanupResources=true
[2025.10.13-22.56.57:944][ 57]LogSlate: InvalidateAllWidgets triggered.  All widgets were invalidated
[2025.10.13-22.56.57:964][ 57]LogWorld: UWorld::CleanupWorld for World_21, bSessionEnded=true, bCleanupResources=true
[2025.10.13-22.56.57:964][ 57]LogSlate: InvalidateAllWidgets triggered.  All widgets were invalidated
[2025.10.13-22.56.58:040][ 57]LogWorld: UWorld::CleanupWorld for World_20, bSessionEnded=true, bCleanupResources=true
[2025.10.13-22.56.58:041][ 57]LogSlate: InvalidateAllWidgets triggered.  All widgets were invalidated
[2025.10.13-22.56.58:775][140]LogAssetEditorSubsystem: Opening Asset editor for AnimSequence /Game/Characters/Content_Enemies/MonsterForSurvivalGame/Animation/Polyart/Swarm08/Swarm08_Attack_Anim.Swarm08_Attack_Anim
[2025.10.13-22.56.58:778][140]LogActorComponent: RegisterComponentWithWorld: (/Engine/Transient.World_22:PersistentLevel.AnimationEditorPreviewActor_0.DebugSkelMeshComponent_0) Already registered. Aborting.
[2025.10.13-22.56.59:006][140]LogContentBrowser: Verbose: The majority of assets in the view are of type: AnimSequence
[2025.10.13-22.58.06:513][958]LogSavePackage: Moving 'C:/Users/PC/Documents/GitHub/TasteOfMadness/TasteOfMadness/Saved/Swarm08_Attack_AnimB78130DC4AD9DE4C9CC6708035423E93.tmp' to 'C:/Users/PC/Documents/GitHub/TasteOfMadness/TasteOfMadness/Content/Characters/Content_Enemies/MonsterForSurvivalGame/Animation/Polyart/Swarm08/Swarm08_Attack_Anim.uasset'
[2025.10.13-22.58.06:528][958]AssetCheck: New page: Asset Save: Swarm08_Attack_Anim
[2025.10.13-22.58.06:528][958]LogContentValidation: Display: Validating AnimSequence /Game/Characters/Content_Enemies/MonsterForSurvivalGame/Animation/Polyart/Swarm08/Swarm08_Attack_Anim.Swarm08_Attack_Anim
[2025.10.13-22.59.35:695][912]LogWorld: UWorld::CleanupWorld for World_22, bSessionEnded=true, bCleanupResources=true
[2025.10.13-22.59.35:695][912]LogSlate: InvalidateAllWidgets triggered.  All widgets were invalidated
[2025.10.13-22.59.35:717][912]LogWorld: UWorld::CleanupWorld for World_24, bSessionEnded=true, bCleanupResources=true
[2025.10.13-22.59.35:717][912]LogSlate: InvalidateAllWidgets triggered.  All widgets were invalidated
[2025.10.13-22.59.35:768][912]LogWorld: UWorld::CleanupWorld for World_23, bSessionEnded=true, bCleanupResources=true
[2025.10.13-22.59.35:768][912]LogSlate: InvalidateAllWidgets triggered.  All widgets were invalidated
[2025.10.13-23.01.08:701][673]LogUObjectHash: Compacting FUObjectHashTables data took   4.05ms
[2025.10.13-23.01.08:719][673]LogSavePackage: Moving 'C:/Users/PC/Documents/GitHub/TasteOfMadness/TasteOfMadness/Saved/ComidaVivaIA_Auto44191F19E45485891642E2885DC875B2B.tmp' to 'C:/Users/PC/Documents/GitHub/TasteOfMadness/TasteOfMadness/Saved/Autosaves/Game/Maps/ComidaVivaIA_Auto4.umap'
[2025.10.13-23.01.08:720][673]LogFileHelpers: Editor autosave (incl. external actors) for '/Game/Maps/ComidaVivaIA' took 0.063
[2025.10.13-23.01.08:720][673]LogFileHelpers: Editor autosave (incl. sublevels & external actors) for all levels took 0.063
[2025.10.13-23.04.59:551][526]LogSavePackage: Moving 'C:/Users/PC/Documents/GitHub/TasteOfMadness/TasteOfMadness/Saved/ABP_Swarm62C8EABF419AB23801F5838FB5FF593E.tmp' to 'C:/Users/PC/Documents/GitHub/TasteOfMadness/TasteOfMadness/Content/Characters/Content_Enemies/BP_Rata/ABP_Swarm.uasset'
[2025.10.13-23.04.59:567][526]AssetCheck: New page: Asset Save: ABP_Swarm
[2025.10.13-23.04.59:567][526]LogContentValidation: Display: Validating AnimBlueprint /Game/Characters/Content_Enemies/BP_Rata/ABP_Swarm.ABP_Swarm
[2025.10.13-23.05.00:027][581]BlueprintLog: New page: Compile ABP_Swarm
[2025.10.13-23.05.00:059][581]LogScript: Warning: Accessed None trying to read property CallFunc_TryGetPawnOwner_ReturnValue
	ABP_Swarm_C /Engine/Transient.World_2:PersistentLevel.SkeletalMeshActor_0.SkeletalMeshComponent0.ABP_Swarm_C_1
	Function /Game/Characters/Content_Enemies/BP_Rata/ABP_Swarm.ABP_Swarm_C:ExecuteUbergraph_ABP_Swarm:00D8
[2025.10.13-23.05.00:059][581]LogScript: Warning: Accessed None trying to read property CallFunc_TryGetPawnOwner_ReturnValue
	ABP_Swarm_C /Engine/Transient.World_8:PersistentLevel.AnimationEditorPreviewActor_0.DebugSkelMeshComponent_0.ABP_Swarm_C_1
	Function /Game/Characters/Content_Enemies/BP_Rata/ABP_Swarm.ABP_Swarm_C:ExecuteUbergraph_ABP_Swarm:00D8
[2025.10.13-23.05.00:086][581]LogUObjectHash: Compacting FUObjectHashTables data took   3.24ms
[2025.10.13-23.05.00:106][581]LogScript: Warning: Accessed None trying to read property CallFunc_TryGetPawnOwner_ReturnValue
	ABP_Swarm_C /Engine/Transient.World_8:PersistentLevel.AnimationEditorPreviewActor_0.DebugSkelMeshComponent_0.ABP_Swarm_C_1
	Function /Game/Characters/Content_Enemies/BP_Rata/ABP_Swarm.ABP_Swarm_C:ExecuteUbergraph_ABP_Swarm:00D8
[2025.10.13-23.05.00:120][582]LogScript: Warning: Accessed None trying to read property CallFunc_TryGetPawnOwner_ReturnValue
	ABP_Swarm_C /Engine/Transient.World_8:PersistentLevel.AnimationEditorPreviewActor_0.DebugSkelMeshComponent_0.ABP_Swarm_C_1
	Function /Game/Characters/Content_Enemies/BP_Rata/ABP_Swarm.ABP_Swarm_C:ExecuteUbergraph_ABP_Swarm:00D8
[2025.10.13-23.05.00:134][583]LogScript: Warning: Accessed None trying to read property CallFunc_TryGetPawnOwner_ReturnValue
	ABP_Swarm_C /Engine/Transient.World_8:PersistentLevel.AnimationEditorPreviewActor_0.DebugSkelMeshComponent_0.ABP_Swarm_C_1
	Function /Game/Characters/Content_Enemies/BP_Rata/ABP_Swarm.ABP_Swarm_C:ExecuteUbergraph_ABP_Swarm:00D8
[2025.10.13-23.05.00:142][584]LogScript: Warning: Accessed None trying to read property CallFunc_TryGetPawnOwner_ReturnValue
	ABP_Swarm_C /Engine/Transient.World_8:PersistentLevel.AnimationEditorPreviewActor_0.DebugSkelMeshComponent_0.ABP_Swarm_C_1
	Function /Game/Characters/Content_Enemies/BP_Rata/ABP_Swarm.ABP_Swarm_C:ExecuteUbergraph_ABP_Swarm:00D8
[2025.10.13-23.05.00:150][585]LogScript: Warning: Accessed None trying to read property CallFunc_TryGetPawnOwner_ReturnValue
	ABP_Swarm_C /Engine/Transient.World_8:PersistentLevel.AnimationEditorPreviewActor_0.DebugSkelMeshComponent_0.ABP_Swarm_C_1
	Function /Game/Characters/Content_Enemies/BP_Rata/ABP_Swarm.ABP_Swarm_C:ExecuteUbergraph_ABP_Swarm:00D8
[2025.10.13-23.05.00:159][586]LogScript: Warning: Accessed None trying to read property CallFunc_TryGetPawnOwner_ReturnValue
	ABP_Swarm_C /Engine/Transient.World_8:PersistentLevel.AnimationEditorPreviewActor_0.DebugSkelMeshComponent_0.ABP_Swarm_C_1
	Function /Game/Characters/Content_Enemies/BP_Rata/ABP_Swarm.ABP_Swarm_C:ExecuteUbergraph_ABP_Swarm:00D8
[2025.10.13-23.05.00:167][587]LogScript: Warning: Accessed None trying to read property CallFunc_TryGetPawnOwner_ReturnValue
	ABP_Swarm_C /Engine/Transient.World_8:PersistentLevel.AnimationEditorPreviewActor_0.DebugSkelMeshComponent_0.ABP_Swarm_C_1
	Function /Game/Characters/Content_Enemies/BP_Rata/ABP_Swarm.ABP_Swarm_C:ExecuteUbergraph_ABP_Swarm:00D8
[2025.10.13-23.05.00:175][588]LogScript: Warning: Accessed None trying to read property CallFunc_TryGetPawnOwner_ReturnValue
	ABP_Swarm_C /Engine/Transient.World_8:PersistentLevel.AnimationEditorPreviewActor_0.DebugSkelMeshComponent_0.ABP_Swarm_C_1
	Function /Game/Characters/Content_Enemies/BP_Rata/ABP_Swarm.ABP_Swarm_C:ExecuteUbergraph_ABP_Swarm:00D8
[2025.10.13-23.05.00:183][589]LogScript: Warning: Accessed None trying to read property CallFunc_TryGetPawnOwner_ReturnValue
	ABP_Swarm_C /Engine/Transient.World_8:PersistentLevel.AnimationEditorPreviewActor_0.DebugSkelMeshComponent_0.ABP_Swarm_C_1
	Function /Game/Characters/Content_Enemies/BP_Rata/ABP_Swarm.ABP_Swarm_C:ExecuteUbergraph_ABP_Swarm:00D8
[2025.10.13-23.05.00:192][590]LogScript: Warning: Accessed None trying to read property CallFunc_TryGetPawnOwner_ReturnValue
	ABP_Swarm_C /Engine/Transient.World_8:PersistentLevel.AnimationEditorPreviewActor_0.DebugSkelMeshComponent_0.ABP_Swarm_C_1
	Function /Game/Characters/Content_Enemies/BP_Rata/ABP_Swarm.ABP_Swarm_C:ExecuteUbergraph_ABP_Swarm:00D8
[2025.10.13-23.05.00:200][591]LogScript: Warning: Accessed None trying to read property CallFunc_TryGetPawnOwner_ReturnValue
	ABP_Swarm_C /Engine/Transient.World_8:PersistentLevel.AnimationEditorPreviewActor_0.DebugSkelMeshComponent_0.ABP_Swarm_C_1
	Function /Game/Characters/Content_Enemies/BP_Rata/ABP_Swarm.ABP_Swarm_C:ExecuteUbergraph_ABP_Swarm:00D8
[2025.10.13-23.05.00:208][592]LogScript: Warning: Accessed None trying to read property CallFunc_TryGetPawnOwner_ReturnValue
	ABP_Swarm_C /Engine/Transient.World_8:PersistentLevel.AnimationEditorPreviewActor_0.DebugSkelMeshComponent_0.ABP_Swarm_C_1
	Function /Game/Characters/Content_Enemies/BP_Rata/ABP_Swarm.ABP_Swarm_C:ExecuteUbergraph_ABP_Swarm:00D8
[2025.10.13-23.05.00:217][593]LogScript: Warning: Accessed None trying to read property CallFunc_TryGetPawnOwner_ReturnValue
	ABP_Swarm_C /Engine/Transient.World_8:PersistentLevel.AnimationEditorPreviewActor_0.DebugSkelMeshComponent_0.ABP_Swarm_C_1
	Function /Game/Characters/Content_Enemies/BP_Rata/ABP_Swarm.ABP_Swarm_C:ExecuteUbergraph_ABP_Swarm:00D8
[2025.10.13-23.05.00:225][594]LogScript: Warning: Accessed None trying to read property CallFunc_TryGetPawnOwner_ReturnValue
	ABP_Swarm_C /Engine/Transient.World_8:PersistentLevel.AnimationEditorPreviewActor_0.DebugSkelMeshComponent_0.ABP_Swarm_C_1
	Function /Game/Characters/Content_Enemies/BP_Rata/ABP_Swarm.ABP_Swarm_C:ExecuteUbergraph_ABP_Swarm:00D8
[2025.10.13-23.05.01:092][693]LogSavePackage: Moving 'C:/Users/PC/Documents/GitHub/TasteOfMadness/TasteOfMadness/Saved/ABP_Swarm2DEDA91743F68C149B3065A0F5CE8B5D.tmp' to 'C:/Users/PC/Documents/GitHub/TasteOfMadness/TasteOfMadness/Content/Characters/Content_Enemies/BP_Rata/ABP_Swarm.uasset'
[2025.10.13-23.05.01:106][693]AssetCheck: New page: Asset Save: ABP_Swarm
[2025.10.13-23.05.01:107][693]LogContentValidation: Display: Validating AnimBlueprint /Game/Characters/Content_Enemies/BP_Rata/ABP_Swarm.ABP_Swarm
[2025.10.13-23.06.41:908][847]LogSlate: Prevented a slow task dialog from being summoned while a context menu was open
[2025.10.13-23.06.41:925][847]LogEditorClassViewer: Warning: Class /Engine/Tutorial/InWorldBlueprintEditing/TutorialAssets/IWBE_Blutility.IWBE_Blutility_C has parent /Script/Blutility.PlacedEditorUtilityBase, but this parent is not found. The Class will not be shown in ClassViewer.
[2025.10.13-23.09.13:739][505]LogAssetEditorSubsystem: Opening Asset editor for AnimSequence /Game/Characters/Content_Enemies/MonsterForSurvivalGame/Animation/Polyart/Swarm08/Swarm08_Attack_Anim.Swarm08_Attack_Anim
[2025.10.13-23.09.13:742][505]LogActorComponent: RegisterComponentWithWorld: (/Engine/Transient.World_25:PersistentLevel.AnimationEditorPreviewActor_0.DebugSkelMeshComponent_0) Already registered. Aborting.
[2025.10.13-23.09.13:989][505]LogContentBrowser: Verbose: The majority of assets in the view are of type: AnimSequence
[2025.10.13-23.10.13:390][569]LogSavePackage: Moving 'C:/Users/PC/Documents/GitHub/TasteOfMadness/TasteOfMadness/Saved/Swarm08_Attack_AnimB172B8C34E69292142EE79B563A82F0F.tmp' to 'C:/Users/PC/Documents/GitHub/TasteOfMadness/TasteOfMadness/Content/Characters/Content_Enemies/MonsterForSurvivalGame/Animation/Polyart/Swarm08/Swarm08_Attack_Anim.uasset'
[2025.10.13-23.10.13:406][569]AssetCheck: New page: Asset Save: Swarm08_Attack_Anim
[2025.10.13-23.10.13:406][569]LogContentValidation: Display: Validating AnimSequence /Game/Characters/Content_Enemies/MonsterForSurvivalGame/Animation/Polyart/Swarm08/Swarm08_Attack_Anim.Swarm08_Attack_Anim
[2025.10.13-23.11.40:204][989]LogSavePackage: Moving 'C:/Users/PC/Documents/GitHub/TasteOfMadness/TasteOfMadness/Saved/Swarm08_Attack_AnimC1707AF247129ED5BD74A68EFF6A7C20.tmp' to 'C:/Users/PC/Documents/GitHub/TasteOfMadness/TasteOfMadness/Content/Characters/Content_Enemies/MonsterForSurvivalGame/Animation/Polyart/Swarm08/Swarm08_Attack_Anim.uasset'
[2025.10.13-23.11.40:219][989]AssetCheck: New page: Asset Save: Swarm08_Attack_Anim
[2025.10.13-23.11.40:219][989]LogContentValidation: Display: Validating AnimSequence /Game/Characters/Content_Enemies/MonsterForSurvivalGame/Animation/Polyart/Swarm08/Swarm08_Attack_Anim.Swarm08_Attack_Anim
[2025.10.13-23.12.32:449][ 64]LogSavePackage: Moving 'C:/Users/PC/Documents/GitHub/TasteOfMadness/TasteOfMadness/Saved/Swarm08_Attack_AnimF86A92294FB49AFEDBA47C9D1A3DE96B.tmp' to 'C:/Users/PC/Documents/GitHub/TasteOfMadness/TasteOfMadness/Content/Characters/Content_Enemies/MonsterForSurvivalGame/Animation/Polyart/Swarm08/Swarm08_Attack_Anim.uasset'
[2025.10.13-23.12.32:465][ 64]AssetCheck: New page: Asset Save: Swarm08_Attack_Anim
[2025.10.13-23.12.32:465][ 64]LogContentValidation: Display: Validating AnimSequence /Game/Characters/Content_Enemies/MonsterForSurvivalGame/Animation/Polyart/Swarm08/Swarm08_Attack_Anim.Swarm08_Attack_Anim
[2025.10.13-23.12.37:547][410]LogUObjectHash: Compacting FUObjectHashTables data took   4.02ms
[2025.10.13-23.12.37:567][410]LogSavePackage: Moving 'C:/Users/PC/Documents/GitHub/TasteOfMadness/TasteOfMadness/Saved/ComidaVivaIA_Auto55BDEF2CE40F53D054B6EDF826C58652A.tmp' to 'C:/Users/PC/Documents/GitHub/TasteOfMadness/TasteOfMadness/Saved/Autosaves/Game/Maps/ComidaVivaIA_Auto5.umap'
[2025.10.13-23.12.37:568][410]LogFileHelpers: Editor autosave (incl. external actors) for '/Game/Maps/ComidaVivaIA' took 0.054
[2025.10.13-23.12.37:568][410]LogFileHelpers: Editor autosave (incl. sublevels & external actors) for all levels took 0.054
[2025.10.13-23.12.37:568][410]OBJ SavePackage: Generating thumbnails for [2] asset(s) in package [/Game/Characters/Content_Enemies/BP_Rata/ABP_Swarm] ([2] browsable assets)...
[2025.10.13-23.12.37:580][410]OBJ SavePackage:     Rendered thumbnail for [AnimBlueprint /Game/Characters/Content_Enemies/BP_Rata/ABP_Swarm.ABP_Swarm]
[2025.10.13-23.12.37:580][410]OBJ SavePackage: Finished generating thumbnails for package [/Game/Characters/Content_Enemies/BP_Rata/ABP_Swarm]
[2025.10.13-23.12.37:600][410]LogSavePackage: Moving 'C:/Users/PC/Documents/GitHub/TasteOfMadness/TasteOfMadness/Saved/ABP_Swarm_Auto58A709FEB4E5A74F2D991C881B45A1D18.tmp' to 'C:/Users/PC/Documents/GitHub/TasteOfMadness/TasteOfMadness/Saved/Autosaves/Game/Characters/Content_Enemies/BP_Rata/ABP_Swarm_Auto5.uasset'
[2025.10.13-23.12.37:601][410]OBJ SavePackage: Generating thumbnails for [0] asset(s) in package [/Game/Characters/Content_Enemies/MonsterForSurvivalGame/Mesh/Polyart/Swarm08_SK_Skeleton] ([1] browsable assets)...
[2025.10.13-23.12.37:601][410]OBJ SavePackage: Finished generating thumbnails for package [/Game/Characters/Content_Enemies/MonsterForSurvivalGame/Mesh/Polyart/Swarm08_SK_Skeleton]
[2025.10.13-23.12.37:602][410]LogSavePackage: Moving 'C:/Users/PC/Documents/GitHub/TasteOfMadness/TasteOfMadness/Saved/Swarm08_SK_Skeleton_Auto53E23FDB44092082B990F33BF881A7C93.tmp' to 'C:/Users/PC/Documents/GitHub/TasteOfMadness/TasteOfMadness/Saved/Autosaves/Game/Characters/Content_Enemies/MonsterForSurvivalGame/Mesh/Polyart/Swarm08_SK_Skeleton_Auto5.uasset'
[2025.10.13-23.12.37:603][410]LogFileHelpers: Auto-saving content packages took 0.035
[2025.10.13-23.15.27:924][338]LogSavePackage: Moving 'C:/Users/PC/Documents/GitHub/TasteOfMadness/TasteOfMadness/Saved/Swarm08_Attack_Anim80079CA74C3CD6B14BE80EBCC02EA4E8.tmp' to 'C:/Users/PC/Documents/GitHub/TasteOfMadness/TasteOfMadness/Content/Characters/Content_Enemies/MonsterForSurvivalGame/Animation/Polyart/Swarm08/Swarm08_Attack_Anim.uasset'
[2025.10.13-23.15.27:939][338]AssetCheck: New page: Asset Save: Swarm08_Attack_Anim
[2025.10.13-23.15.27:939][338]LogContentValidation: Display: Validating AnimSequence /Game/Characters/Content_Enemies/MonsterForSurvivalGame/Animation/Polyart/Swarm08/Swarm08_Attack_Anim.Swarm08_Attack_Anim
[2025.10.13-23.16.06:968][841]LogSavePackage: Moving 'C:/Users/PC/Documents/GitHub/TasteOfMadness/TasteOfMadness/Saved/Swarm08_Attack_Anim01FD13D148FE4CB45E46A9A7DA82CBF7.tmp' to 'C:/Users/PC/Documents/GitHub/TasteOfMadness/TasteOfMadness/Content/Characters/Content_Enemies/MonsterForSurvivalGame/Animation/Polyart/Swarm08/Swarm08_Attack_Anim.uasset'
[2025.10.13-23.16.06:983][841]AssetCheck: New page: Asset Save: Swarm08_Attack_Anim
[2025.10.13-23.16.06:983][841]LogContentValidation: Display: Validating AnimSequence /Game/Characters/Content_Enemies/MonsterForSurvivalGame/Animation/Polyart/Swarm08/Swarm08_Attack_Anim.Swarm08_Attack_Anim
[2025.10.13-23.16.08:371][  0]LogWorld: UWorld::CleanupWorld for World_25, bSessionEnded=true, bCleanupResources=true
[2025.10.13-23.16.08:371][  0]LogSlate: InvalidateAllWidgets triggered.  All widgets were invalidated
[2025.10.13-23.16.08:393][  0]LogWorld: UWorld::CleanupWorld for World_27, bSessionEnded=true, bCleanupResources=true
[2025.10.13-23.16.08:394][  0]LogSlate: InvalidateAllWidgets triggered.  All widgets were invalidated
[2025.10.13-23.16.08:444][  0]LogWorld: UWorld::CleanupWorld for World_26, bSessionEnded=true, bCleanupResources=true
[2025.10.13-23.16.08:444][  0]LogSlate: InvalidateAllWidgets triggered.  All widgets were invalidated
[2025.10.13-23.16.09:945][173]LogWorld: UWorld::CleanupWorld for World_8, bSessionEnded=true, bCleanupResources=true
[2025.10.13-23.16.09:946][173]LogSlate: InvalidateAllWidgets triggered.  All widgets were invalidated
[2025.10.13-23.16.09:954][173]LogWorld: UWorld::CleanupWorld for World_7, bSessionEnded=true, bCleanupResources=true
[2025.10.13-23.16.09:954][173]LogSlate: InvalidateAllWidgets triggered.  All widgets were invalidated
[2025.10.13-23.16.10:044][173]LogWorld: UWorld::CleanupWorld for World_9, bSessionEnded=true, bCleanupResources=true
[2025.10.13-23.16.10:044][173]LogSlate: InvalidateAllWidgets triggered.  All widgets were invalidated
[2025.10.13-23.20.01:630][325]LogSlate: Window 'Pick Parent Class' being destroyed
[2025.10.13-23.20.01:644][325]LogContentBrowser: Deferred new asset file creation: NewBlueprint
[2025.10.13-23.20.01:658][325]LogContentBrowser: Creating deferred item: NewBlueprint
[2025.10.13-23.20.09:152][492]LogContentBrowser: Attempting asset rename: NewBlueprint -> NewBlueprint
[2025.10.13-23.20.09:177][492]LogContentBrowser: End creating deferred item NewBlueprint
[2025.10.13-23.20.12:993][890]LogContentBrowser: Attempting asset rename: NewBlueprint -> AN_EnableHitBox
[2025.10.13-23.20.13:011][890]LogMetaData: Removing '/Game/Characters/Content_Enemies/BP_Rata/AN_EnableHitBox.SKEL_AN_EnableHitBox_C' ref from Metadata '/Game/Characters/Content_Enemies/BP_Rata/NewBlueprint.PackageMetaData'
[2025.10.13-23.20.13:011][890]LogMetaData: Removing '/Game/Characters/Content_Enemies/BP_Rata/AN_EnableHitBox.AN_EnableHitBox_C' ref from Metadata '/Game/Characters/Content_Enemies/BP_Rata/NewBlueprint.PackageMetaData'
[2025.10.13-23.20.13:032][890]LogSavePackage: Moving 'C:/Users/PC/Documents/GitHub/TasteOfMadness/TasteOfMadness/Saved/AN_EnableHitBox78D9B1A3431E50B02F4B97978248403E.tmp' to 'C:/Users/PC/Documents/GitHub/TasteOfMadness/TasteOfMadness/Content/Characters/Content_Enemies/BP_Rata/AN_EnableHitBox.uasset'
[2025.10.13-23.20.13:118][890]LogUObjectHash: Compacting FUObjectHashTables data took   3.09ms
[2025.10.13-23.20.13:159][890]LogUObjectHash: Compacting FUObjectHashTables data took   2.67ms
[2025.10.13-23.20.13:180][890]LogUObjectHash: Compacting FUObjectHashTables data took   0.58ms
[2025.10.13-23.20.13:211][890]AssetCheck: New page: Asset Save: AN_EnableHitBox
[2025.10.13-23.20.13:211][890]LogContentValidation: Display: Validating Blueprint /Game/Characters/Content_Enemies/BP_Rata/AN_EnableHitBox.AN_EnableHitBox
[2025.10.13-23.20.15:023][106]Cmd: OBJ SAVEPACKAGE PACKAGE="/Game/Maps/ComidaVivaIA" FILE="C:/Users/PC/Documents/GitHub/TasteOfMadness/TasteOfMadness/Content/Maps/ComidaVivaIA.umap" SILENT=true AUTOSAVING=false KEEPDIRTY=false
[2025.10.13-23.20.15:048][106]LogUObjectHash: Compacting FUObjectHashTables data took   2.62ms
[2025.10.13-23.20.15:057][106]LogSavePackage: Moving 'C:/Users/PC/Documents/GitHub/TasteOfMadness/TasteOfMadness/Saved/ComidaVivaIA0EBE52654B7DBE2FBFC532A7A74DEF9A.tmp' to 'C:/Users/PC/Documents/GitHub/TasteOfMadness/TasteOfMadness/Content/Maps/ComidaVivaIA.umap'
[2025.10.13-23.20.15:087][106]AssetCheck: New page: Asset Save: ComidaVivaIA
[2025.10.13-23.20.15:087][106]LogContentValidation: Display: Validating World /Game/Maps/ComidaVivaIA.ComidaVivaIA
[2025.10.13-23.20.22:794][442]LogEditorClassViewer: Warning: Class /Engine/Tutorial/InWorldBlueprintEditing/TutorialAssets/IWBE_Blutility.IWBE_Blutility_C has parent /Script/Blutility.PlacedEditorUtilityBase, but this parent is not found. The Class will not be shown in ClassViewer.
[2025.10.13-23.20.22:796][442]LogSlate: Warning: Slate: Had to block on waiting for a draw buffer
[2025.10.13-23.20.31:888][442]LogSlate: Window 'Pick Parent Class' being destroyed
[2025.10.13-23.20.31:893][442]LogContentBrowser: Deferred new asset file creation: NewBlueprint
[2025.10.13-23.20.31:905][442]LogContentBrowser: Creating deferred item: NewBlueprint
[2025.10.13-23.20.40:699][153]LogContentBrowser: Attempting asset rename: NewBlueprint -> AN_DisableHitBox
[2025.10.13-23.20.40:703][153]LogContentBrowser: End creating deferred item NewBlueprint
[2025.10.13-23.20.42:437][357]Cmd: OBJ SAVEPACKAGE PACKAGE="/Game/Maps/ComidaVivaIA" FILE="C:/Users/PC/Documents/GitHub/TasteOfMadness/TasteOfMadness/Content/Maps/ComidaVivaIA.umap" SILENT=true AUTOSAVING=false KEEPDIRTY=false
[2025.10.13-23.20.42:463][357]LogUObjectHash: Compacting FUObjectHashTables data took   2.42ms
[2025.10.13-23.20.42:476][357]LogSavePackage: Moving 'C:/Users/PC/Documents/GitHub/TasteOfMadness/TasteOfMadness/Saved/ComidaVivaIA7FA9922549505FC5C9F8FB8E1388D661.tmp' to 'C:/Users/PC/Documents/GitHub/TasteOfMadness/TasteOfMadness/Content/Maps/ComidaVivaIA.umap'
[2025.10.13-23.20.42:501][357]AssetCheck: New page: Asset Save: ComidaVivaIA
[2025.10.13-23.20.42:501][357]LogContentValidation: Display: Validating World /Game/Maps/ComidaVivaIA.ComidaVivaIA
[2025.10.13-23.22.14:786][208]LogAssetEditorSubsystem: Opening Asset editor for Blueprint /Game/Characters/Content_Enemies/BP_Rata/AN_EnableHitBox.AN_EnableHitBox
[2025.10.13-23.22.17:078][438]LogSlate: Window 'AN_EnableHitBox' being destroyed
[2025.10.13-23.22.18:068][556]LogWorld: UWorld::CleanupWorld for World_4, bSessionEnded=true, bCleanupResources=true
[2025.10.13-23.22.18:068][556]LogSlate: InvalidateAllWidgets triggered.  All widgets were invalidated
[2025.10.13-23.22.18:969][654]LogActorComponent: UnregisterComponent: (/Engine/Transient.EditorFloorComp) Not registered. Aborting.
[2025.10.13-23.22.18:969][654]LogWorld: UWorld::CleanupWorld for World_5, bSessionEnded=true, bCleanupResources=true
[2025.10.13-23.22.18:969][654]LogSlate: InvalidateAllWidgets triggered.  All widgets were invalidated
[2025.10.13-23.24.27:813][ 24]BlueprintLog: New page: Compile AN_EnableHitBox
[2025.10.13-23.24.27:862][ 24]LogUObjectHash: Compacting FUObjectHashTables data took   4.96ms
[2025.10.13-23.24.31:245][426]BlueprintLog: New page: Compile AN_EnableHitBox
[2025.10.13-23.24.31:287][426]LogUObjectHash: Compacting FUObjectHashTables data took   3.03ms
[2025.10.13-23.24.31:682][470]LogSavePackage: Moving 'C:/Users/PC/Documents/GitHub/TasteOfMadness/TasteOfMadness/Saved/AN_EnableHitBoxFCDB80EF487F8486430FC4B4E961FAF7.tmp' to 'C:/Users/PC/Documents/GitHub/TasteOfMadness/TasteOfMadness/Content/Characters/Content_Enemies/BP_Rata/AN_EnableHitBox.uasset'
[2025.10.13-23.24.31:694][470]AssetCheck: New page: Asset Save: AN_EnableHitBox
[2025.10.13-23.24.31:694][470]LogContentValidation: Display: Validating Blueprint /Game/Characters/Content_Enemies/BP_Rata/AN_EnableHitBox.AN_EnableHitBox
[2025.10.13-23.26.33:813][344]BlueprintLog: New page: Compile AN_EnableHitBox
[2025.10.13-23.26.33:830][344]LogUObjectHash: Compacting FUObjectHashTables data took   2.38ms
[2025.10.13-23.28.45:942][617]BlueprintLog: New page: Compile AN_EnableHitBox
[2025.10.13-23.28.45:959][617]LogUObjectHash: Compacting FUObjectHashTables data took   2.30ms
[2025.10.13-23.29.09:436][822]BlueprintLog: New page: Compile AN_EnableHitBox
[2025.10.13-23.29.09:453][822]LogUObjectHash: Compacting FUObjectHashTables data took   2.19ms
[2025.10.13-23.29.18:208][155]BlueprintLog: New page: Compile AN_EnableHitBox
[2025.10.13-23.29.18:225][155]LogUObjectHash: Compacting FUObjectHashTables data took   2.05ms
[2025.10.13-23.30.42:171][666]LogUObjectHash: Compacting FUObjectHashTables data took   2.08ms
[2025.10.13-23.30.42:171][666]LogFileHelpers: Editor autosave (incl. external actors) for '/Game/Maps/ComidaVivaIA' took 0.016
[2025.10.13-23.30.42:172][666]OBJ SavePackage: Generating thumbnails for [2] asset(s) in package [/Game/Characters/Content_Enemies/BP_Rata/ABP_Swarm] ([2] browsable assets)...
[2025.10.13-23.30.42:194][666]OBJ SavePackage:     Rendered thumbnail for [AnimBlueprint /Game/Characters/Content_Enemies/BP_Rata/ABP_Swarm.ABP_Swarm]
[2025.10.13-23.30.42:194][666]OBJ SavePackage: Finished generating thumbnails for package [/Game/Characters/Content_Enemies/BP_Rata/ABP_Swarm]
[2025.10.13-23.30.42:214][666]LogSavePackage: Moving 'C:/Users/PC/Documents/GitHub/TasteOfMadness/TasteOfMadness/Saved/ABP_Swarm_Auto69897F5B04431C80792F9DBB3AA9544F6.tmp' to 'C:/Users/PC/Documents/GitHub/TasteOfMadness/TasteOfMadness/Saved/Autosaves/Game/Characters/Content_Enemies/BP_Rata/ABP_Swarm_Auto6.uasset'
[2025.10.13-23.30.42:216][666]OBJ SavePackage: Generating thumbnails for [0] asset(s) in package [/Game/Characters/Content_Enemies/BP_Rata/AN_EnableHitBox] ([2] browsable assets)...
[2025.10.13-23.30.42:216][666]OBJ SavePackage: Finished generating thumbnails for package [/Game/Characters/Content_Enemies/BP_Rata/AN_EnableHitBox]
[2025.10.13-23.30.42:219][666]LogSavePackage: Moving 'C:/Users/PC/Documents/GitHub/TasteOfMadness/TasteOfMadness/Saved/AN_EnableHitBox_Auto65F4E766C4C11CA56887B1EB81096E953.tmp' to 'C:/Users/PC/Documents/GitHub/TasteOfMadness/TasteOfMadness/Saved/Autosaves/Game/Characters/Content_Enemies/BP_Rata/AN_EnableHitBox_Auto6.uasset'
[2025.10.13-23.30.42:219][666]LogFileHelpers: Auto-saving content packages took 0.048
[2025.10.13-23.31.03:111][759]BlueprintLog: New page: Compile AN_EnableHitBox
[2025.10.13-23.31.03:127][759]LogUObjectHash: Compacting FUObjectHashTables data took   1.75ms
[2025.10.13-23.31.13:350][311]BlueprintLog: New page: Compile AN_EnableHitBox
[2025.10.13-23.31.13:367][311]LogUObjectHash: Compacting FUObjectHashTables data took   2.19ms
[2025.10.13-23.31.14:026][387]LogSavePackage: Moving 'C:/Users/PC/Documents/GitHub/TasteOfMadness/TasteOfMadness/Saved/AN_EnableHitBox66AC42EB4F7C6BC9B5EFF19BB923B11F.tmp' to 'C:/Users/PC/Documents/GitHub/TasteOfMadness/TasteOfMadness/Content/Characters/Content_Enemies/BP_Rata/AN_EnableHitBox.uasset'
[2025.10.13-23.31.14:040][387]AssetCheck: New page: Asset Save: AN_EnableHitBox
[2025.10.13-23.31.14:040][387]LogContentValidation: Display: Validating Blueprint /Game/Characters/Content_Enemies/BP_Rata/AN_EnableHitBox.AN_EnableHitBox
[2025.10.13-23.31.30:955][222]LogAssetEditorSubsystem: Opening Asset editor for Blueprint /Game/Characters/Content_Enemies/BP_Rata/AN_DisableHitBox.AN_DisableHitBox
[2025.10.13-23.32.18:768][855]BlueprintLog: New page: Compile AN_DisableHitBox
[2025.10.13-23.32.18:786][855]LogUObjectHash: Compacting FUObjectHashTables data took   2.40ms
[2025.10.13-23.32.19:548][944]LogSavePackage: Moving 'C:/Users/PC/Documents/GitHub/TasteOfMadness/TasteOfMadness/Saved/AN_DisableHitBoxBB2FA37941F64A8C0235D7B635013BC5.tmp' to 'C:/Users/PC/Documents/GitHub/TasteOfMadness/TasteOfMadness/Content/Characters/Content_Enemies/BP_Rata/AN_DisableHitBox.uasset'
[2025.10.13-23.32.19:563][944]AssetCheck: New page: Asset Save: AN_DisableHitBox
[2025.10.13-23.32.19:563][944]LogContentValidation: Display: Validating Blueprint /Game/Characters/Content_Enemies/BP_Rata/AN_DisableHitBox.AN_DisableHitBox
[2025.10.13-23.32.30:743][272]LogSavePackage: Moving 'C:/Users/PC/Documents/GitHub/TasteOfMadness/TasteOfMadness/Saved/AN_DisableHitBox1603415E42ACEB840DA9988A35592721.tmp' to 'C:/Users/PC/Documents/GitHub/TasteOfMadness/TasteOfMadness/Content/Characters/Content_Enemies/BP_Rata/AN_DisableHitBox.uasset'
[2025.10.13-23.32.30:755][272]AssetCheck: New page: Asset Save: AN_DisableHitBox
[2025.10.13-23.32.30:755][272]LogContentValidation: Display: Validating Blueprint /Game/Characters/Content_Enemies/BP_Rata/AN_DisableHitBox.AN_DisableHitBox
[2025.10.13-23.35.00:790][520]BlueprintLog: New page: Compile AN_DisableHitBox
[2025.10.13-23.35.00:808][520]LogUObjectHash: Compacting FUObjectHashTables data took   2.44ms
[2025.10.13-23.35.01:435][592]LogSavePackage: Moving 'C:/Users/PC/Documents/GitHub/TasteOfMadness/TasteOfMadness/Saved/AN_DisableHitBox9F4C3F114141C8D3816DD1B1C2887D39.tmp' to 'C:/Users/PC/Documents/GitHub/TasteOfMadness/TasteOfMadness/Content/Characters/Content_Enemies/BP_Rata/AN_DisableHitBox.uasset'
[2025.10.13-23.35.01:449][592]AssetCheck: New page: Asset Save: AN_DisableHitBox
[2025.10.13-23.35.01:449][592]LogContentValidation: Display: Validating Blueprint /Game/Characters/Content_Enemies/BP_Rata/AN_DisableHitBox.AN_DisableHitBox
[2025.10.13-23.35.14:139][ 99]LogSavePackage: Moving 'C:/Users/PC/Documents/GitHub/TasteOfMadness/TasteOfMadness/Saved/AN_DisableHitBox70A67BB149EFA0551F10AFA148370BEA.tmp' to 'C:/Users/PC/Documents/GitHub/TasteOfMadness/TasteOfMadness/Content/Characters/Content_Enemies/BP_Rata/AN_DisableHitBox.uasset'
[2025.10.13-23.35.14:152][ 99]AssetCheck: New page: Asset Save: AN_DisableHitBox
[2025.10.13-23.35.14:152][ 99]LogContentValidation: Display: Validating Blueprint /Game/Characters/Content_Enemies/BP_Rata/AN_DisableHitBox.AN_DisableHitBox
[2025.10.13-23.35.21:225][940]BlueprintLog: New page: Compile AN_EnableHitBox
[2025.10.13-23.35.21:242][940]LogUObjectHash: Compacting FUObjectHashTables data took   2.23ms
[2025.10.13-23.35.21:736][997]LogSavePackage: Moving 'C:/Users/PC/Documents/GitHub/TasteOfMadness/TasteOfMadness/Saved/AN_EnableHitBoxC20F0551418D82DC97B9DC827BF890A5.tmp' to 'C:/Users/PC/Documents/GitHub/TasteOfMadness/TasteOfMadness/Content/Characters/Content_Enemies/BP_Rata/AN_EnableHitBox.uasset'
[2025.10.13-23.35.21:750][997]AssetCheck: New page: Asset Save: AN_EnableHitBox
[2025.10.13-23.35.21:750][997]LogContentValidation: Display: Validating Blueprint /Game/Characters/Content_Enemies/BP_Rata/AN_EnableHitBox.AN_EnableHitBox
[2025.10.13-23.35.28:829][839]LogSavePackage: Moving 'C:/Users/PC/Documents/GitHub/TasteOfMadness/TasteOfMadness/Saved/AN_EnableHitBoxD4E149EE442ADD510A374C9324A6F0A7.tmp' to 'C:/Users/PC/Documents/GitHub/TasteOfMadness/TasteOfMadness/Content/Characters/Content_Enemies/BP_Rata/AN_EnableHitBox.uasset'
[2025.10.13-23.35.28:842][839]AssetCheck: New page: Asset Save: AN_EnableHitBox
[2025.10.13-23.35.28:842][839]LogContentValidation: Display: Validating Blueprint /Game/Characters/Content_Enemies/BP_Rata/AN_EnableHitBox.AN_EnableHitBox
[2025.10.13-23.35.29:734][940]Cmd: OBJ SAVEPACKAGE PACKAGE="/Game/Maps/ComidaVivaIA" FILE="C:/Users/PC/Documents/GitHub/TasteOfMadness/TasteOfMadness/Content/Maps/ComidaVivaIA.umap" SILENT=true AUTOSAVING=false KEEPDIRTY=false
[2025.10.13-23.35.29:749][940]LogUObjectHash: Compacting FUObjectHashTables data took   1.99ms
[2025.10.13-23.35.29:757][940]LogSavePackage: Moving 'C:/Users/PC/Documents/GitHub/TasteOfMadness/TasteOfMadness/Saved/ComidaVivaIADF98835C428A1EE5C4A7AB97F3529E3E.tmp' to 'C:/Users/PC/Documents/GitHub/TasteOfMadness/TasteOfMadness/Content/Maps/ComidaVivaIA.umap'
[2025.10.13-23.35.29:782][940]AssetCheck: New page: Asset Save: ComidaVivaIA
[2025.10.13-23.35.29:783][940]LogContentValidation: Display: Validating World /Game/Maps/ComidaVivaIA.ComidaVivaIA
[2025.10.13-23.36.25:232][607]LogWorld: UWorld::CleanupWorld for World_28, bSessionEnded=true, bCleanupResources=true
[2025.10.13-23.36.25:232][607]LogSlate: InvalidateAllWidgets triggered.  All widgets were invalidated
[2025.10.13-23.36.25:761][664]LogWorld: UWorld::CleanupWorld for World_29, bSessionEnded=true, bCleanupResources=true
[2025.10.13-23.36.25:762][664]LogSlate: InvalidateAllWidgets triggered.  All widgets were invalidated
[2025.10.13-23.36.31:032][288]LogAssetEditorSubsystem: Opening Asset editor for AnimBlueprint /Game/Characters/Content_Enemies/BP_Rata/ABP_Swarm.ABP_Swarm
[2025.10.13-23.36.31:038][288]LogActorComponent: RegisterComponentWithWorld: (/Engine/Transient.World_31:PersistentLevel.AnimationEditorPreviewActor_0.DebugSkelMeshComponent_0) Already registered. Aborting.
[2025.10.13-23.36.32:405][398]LogAssetEditorSubsystem: Opening Asset editor for AnimSequence /Game/Characters/Content_Enemies/MonsterForSurvivalGame/Animation/Polyart/Swarm08/Swarm08_Attack_Anim.Swarm08_Attack_Anim
[2025.10.13-23.36.32:408][398]LogActorComponent: RegisterComponentWithWorld: (/Engine/Transient.World_33:PersistentLevel.AnimationEditorPreviewActor_0.DebugSkelMeshComponent_0) Already registered. Aborting.
[2025.10.13-23.36.32:644][398]LogContentBrowser: Verbose: The majority of assets in the view are of type: AnimSequence
[2025.10.13-23.36.34:786][627]LogSlate: Prevented a slow task dialog from being summoned while a context menu was open
[2025.10.13-23.36.34:804][627]LogEditorClassViewer: Warning: Class /Engine/Tutorial/InWorldBlueprintEditing/TutorialAssets/IWBE_Blutility.IWBE_Blutility_C has parent /Script/Blutility.PlacedEditorUtilityBase, but this parent is not found. The Class will not be shown in ClassViewer.
[2025.10.13-23.37.38:376][190]LogSavePackage: Moving 'C:/Users/PC/Documents/GitHub/TasteOfMadness/TasteOfMadness/Saved/Swarm08_Attack_AnimFDD984724CE6E20A00F1E78E99D04218.tmp' to 'C:/Users/PC/Documents/GitHub/TasteOfMadness/TasteOfMadness/Content/Characters/Content_Enemies/MonsterForSurvivalGame/Animation/Polyart/Swarm08/Swarm08_Attack_Anim.uasset'
[2025.10.13-23.37.38:390][190]AssetCheck: New page: Asset Save: Swarm08_Attack_Anim
[2025.10.13-23.37.38:390][190]LogContentValidation: Display: Validating AnimSequence /Game/Characters/Content_Enemies/MonsterForSurvivalGame/Animation/Polyart/Swarm08/Swarm08_Attack_Anim.Swarm08_Attack_Anim
[2025.10.13-23.37.44:043][843]LogWorld: UWorld::CleanupWorld for World_33, bSessionEnded=true, bCleanupResources=true
[2025.10.13-23.37.44:043][843]LogSlate: InvalidateAllWidgets triggered.  All widgets were invalidated
[2025.10.13-23.37.44:062][843]LogWorld: UWorld::CleanupWorld for World_35, bSessionEnded=true, bCleanupResources=true
[2025.10.13-23.37.44:062][843]LogSlate: InvalidateAllWidgets triggered.  All widgets were invalidated
[2025.10.13-23.37.44:112][843]LogWorld: UWorld::CleanupWorld for World_34, bSessionEnded=true, bCleanupResources=true
[2025.10.13-23.37.44:113][843]LogSlate: InvalidateAllWidgets triggered.  All widgets were invalidated
[2025.10.13-23.37.45:837][ 44]BlueprintLog: New page: Compile ABP_Swarm
[2025.10.13-23.37.45:855][ 44]LogScript: Warning: Accessed None trying to read property CallFunc_TryGetPawnOwner_ReturnValue
	ABP_Swarm_C /Engine/Transient.World_2:PersistentLevel.SkeletalMeshActor_0.SkeletalMeshComponent0.ABP_Swarm_C_2
	Function /Game/Characters/Content_Enemies/BP_Rata/ABP_Swarm.ABP_Swarm_C:ExecuteUbergraph_ABP_Swarm:0040
[2025.10.13-23.37.45:878][ 44]LogUObjectHash: Compacting FUObjectHashTables data took   1.88ms
[2025.10.13-23.37.46:747][140]LogSavePackage: Moving 'C:/Users/PC/Documents/GitHub/TasteOfMadness/TasteOfMadness/Saved/ABP_Swarm02D1A55F4709835FBBBB7D84DDFA5B7E.tmp' to 'C:/Users/PC/Documents/GitHub/TasteOfMadness/TasteOfMadness/Content/Characters/Content_Enemies/BP_Rata/ABP_Swarm.uasset'
[2025.10.13-23.37.46:760][140]AssetCheck: New page: Asset Save: ABP_Swarm
[2025.10.13-23.37.46:760][140]LogContentValidation: Display: Validating AnimBlueprint /Game/Characters/Content_Enemies/BP_Rata/ABP_Swarm.ABP_Swarm
[2025.10.13-23.37.48:746][373]LogWorld: UWorld::CleanupWorld for World_31, bSessionEnded=true, bCleanupResources=true
[2025.10.13-23.37.48:746][373]LogSlate: InvalidateAllWidgets triggered.  All widgets were invalidated
[2025.10.13-23.37.48:755][373]LogWorld: UWorld::CleanupWorld for World_30, bSessionEnded=true, bCleanupResources=true
[2025.10.13-23.37.48:755][373]LogSlate: InvalidateAllWidgets triggered.  All widgets were invalidated
[2025.10.13-23.37.48:831][373]LogWorld: UWorld::CleanupWorld for World_32, bSessionEnded=true, bCleanupResources=true
[2025.10.13-23.37.48:831][373]LogSlate: InvalidateAllWidgets triggered.  All widgets were invalidated
[2025.10.13-23.37.49:830][489]Cmd: OBJ SAVEPACKAGE PACKAGE="/Game/Maps/ComidaVivaIA" FILE="C:/Users/PC/Documents/GitHub/TasteOfMadness/TasteOfMadness/Content/Maps/ComidaVivaIA.umap" SILENT=true AUTOSAVING=false KEEPDIRTY=false
[2025.10.13-23.37.49:850][489]LogUObjectHash: Compacting FUObjectHashTables data took   2.34ms
[2025.10.13-23.37.49:859][489]LogSavePackage: Moving 'C:/Users/PC/Documents/GitHub/TasteOfMadness/TasteOfMadness/Saved/ComidaVivaIA5C76A98648E0A01A0E2A2D87BF4B8DFE.tmp' to 'C:/Users/PC/Documents/GitHub/TasteOfMadness/TasteOfMadness/Content/Maps/ComidaVivaIA.umap'
[2025.10.13-23.37.49:884][489]AssetCheck: New page: Asset Save: ComidaVivaIA
[2025.10.13-23.37.49:884][489]LogContentValidation: Display: Validating World /Game/Maps/ComidaVivaIA.ComidaVivaIA
[2025.10.13-23.38.15:046][819]LogTemp: Repeating last play command: Selected Viewport
[2025.10.13-23.38.15:053][819]LogPlayLevel: PlayLevel: No blueprints needed recompiling
[2025.10.13-23.38.15:053][819]PIE: New page: PIE session: ComidaVivaIA (Oct 13, 2025, 12:38:15 PM)
[2025.10.13-23.38.15:097][819]LogPlayLevel: Creating play world package: /Game/Maps/UEDPIE_0_ComidaVivaIA
[2025.10.13-23.38.15:100][819]LogPlayLevel: PIE: StaticDuplicateObject took: (0.002817s)
[2025.10.13-23.38.15:101][819]LogAIModule: Creating AISystem for world ComidaVivaIA
[2025.10.13-23.38.15:101][819]LogPlayLevel: PIE: World Init took: (0.000931s)
[2025.10.13-23.38.15:101][819]LogPlayLevel: PIE: Created PIE world by copying editor world from /Game/Maps/ComidaVivaIA.ComidaVivaIA to /Game/Maps/UEDPIE_0_ComidaVivaIA.ComidaVivaIA (0.003866s)
[2025.10.13-23.38.15:116][819]LogUObjectHash: Compacting FUObjectHashTables data took   1.90ms
[2025.10.13-23.38.15:118][819]LogAudio: Display: Creating Audio Device:                 Id: 9, Scope: Unique, Realtime: True
[2025.10.13-23.38.15:118][819]LogAudioMixer: Display: Audio Mixer Platform Settings:
[2025.10.13-23.38.15:118][819]LogAudioMixer: Display: 	Sample Rate:						  48000
[2025.10.13-23.38.15:118][819]LogAudioMixer: Display: 	Callback Buffer Frame Size Requested: 1024
[2025.10.13-23.38.15:118][819]LogAudioMixer: Display: 	Callback Buffer Frame Size To Use:	  1024
[2025.10.13-23.38.15:118][819]LogAudioMixer: Display: 	Number of buffers to queue:			  2
[2025.10.13-23.38.15:118][819]LogAudioMixer: Display: 	Max Channels (voices):				  32
[2025.10.13-23.38.15:118][819]LogAudioMixer: Display: 	Number of Async Source Workers:		  0
[2025.10.13-23.38.15:118][819]LogAudio: Display: AudioDevice MaxSources: 32
[2025.10.13-23.38.15:119][819]LogAudio: Display: Audio Spatialization Plugin: None (built-in).
[2025.10.13-23.38.15:119][819]LogAudio: Display: Audio Reverb Plugin: None (built-in).
[2025.10.13-23.38.15:119][819]LogAudio: Display: Audio Occlusion Plugin: None (built-in).
[2025.10.13-23.38.15:119][819]LogAudioMixer: Display: Initializing audio mixer.
[2025.10.13-23.38.15:122][819]LogAudioMixer: Display: 0: FrontLeft
[2025.10.13-23.38.15:122][819]LogAudioMixer: Display: 1: FrontRight
[2025.10.13-23.38.15:129][819]LogAudioMixer: Display: Using Audio Device LC24RG50 (NVIDIA High Definition Audio)
[2025.10.13-23.38.15:129][819]LogAudioMixer: Display: Initializing Sound Submixes...
[2025.10.13-23.38.15:129][819]LogAudioMixer: Display: Creating Master Submix 'MasterSubmixDefault'
[2025.10.13-23.38.15:129][819]LogAudioMixer: Display: Creating Master Submix 'MasterReverbSubmixDefault'
[2025.10.13-23.38.15:130][819]LogAudioMixer: Display: Creating Master Submix 'MasterEQSubmixDefault'
[2025.10.13-23.38.15:130][819]LogAudioMixer: FMixerPlatformXAudio2::StartAudioStream() called
[2025.10.13-23.38.15:130][819]LogAudioMixer: Display: Output buffers initialized: Frames=1024, Channels=2, Samples=2048
[2025.10.13-23.38.15:131][819]LogAudioMixer: Display: Starting AudioMixerPlatformInterface::RunInternal()
[2025.10.13-23.38.15:131][819]LogAudioMixer: Display: FMixerPlatformXAudio2::SubmitBuffer() called for the first time
[2025.10.13-23.38.15:131][819]LogInit: FAudioDevice initialized.
[2025.10.13-23.38.15:131][819]LogAudio: Display: Audio Device (ID: 9) registered with world 'ComidaVivaIA'.
[2025.10.13-23.38.15:142][819]LogLoad: Game class is 'BP_GameMode_C'
[2025.10.13-23.38.15:144][819]LogWorld: Bringing World /Game/Maps/UEDPIE_0_ComidaVivaIA.ComidaVivaIA up for play (max tick rate 0) at 2025.10.13-17.38.15
[2025.10.13-23.38.15:144][819]LogWorld: Bringing up level for play took: 0.001201
[2025.10.13-23.38.15:144][819]LogOnline: OSS: Creating online subsystem instance for: :Context_44
[2025.10.13-23.38.15:147][819]LogBlueprintUserMessages: [BP_ClareCharacter_C_0] BP_Sarten
[2025.10.13-23.38.15:148][819]LogBlueprintUserMessages: [BP_ClareCharacter_C_0] BP_Olla
[2025.10.13-23.38.15:150][819]LogBlueprintUserMessages: [BP_ClareCharacter_C_0] BP_LlaveInglesa
[2025.10.13-23.38.15:151][819]LogBlueprintUserMessages: [BP_ClareCharacter_C_0] BP_Escoba
[2025.10.13-23.38.15:153][819]LogBlueprintUserMessages: [BP_ClareCharacter_C_0] BP_Trapeador
[2025.10.13-23.38.15:154][819]LogBlueprintUserMessages: [BP_ClareCharacter_C_0] BP_Extintor
[2025.10.13-23.38.15:156][819]LogBlueprintUserMessages: [BP_ClareCharacter_C_0] BP_Cuchillo
[2025.10.13-23.38.15:157][819]PIE: Server logged in
[2025.10.13-23.38.15:158][819]PIE: Play in editor total start time 0.107 seconds.
[2025.10.13-23.38.15:282][833]LogBlueprintUserMessages: [AN_EnableHitBox_C_0] Hitbox activada
[2025.10.13-23.38.15:467][855]LogBlueprintUserMessages: [BP_SwarmEnemy_2] "Përsiguiendo"
[2025.10.13-23.38.15:515][861]LogBlueprintUserMessages: [AN_DisableHitBox_C_0] Hitbox Desactivado
[2025.10.13-23.38.15:549][865]LogBlueprintUserMessages: [BP_SwarmEnemy_2] Trail creado
[2025.10.13-23.38.15:966][915]LogBlueprintUserMessages: [BP_SwarmEnemy_2] "Përsiguiendo"
[2025.10.13-23.38.16:049][925]LogBlueprintUserMessages: [BP_ClareCharacter_C_0] Vida45.0
[2025.10.13-23.38.16:049][925]LogBlueprintUserMessages: [BP_SwarmEnemy_2] Trail creado
[2025.10.13-23.38.16:465][975]LogBlueprintUserMessages: [BP_SwarmEnemy_2] "Përsiguiendo"
[2025.10.13-23.38.16:549][985]LogBlueprintUserMessages: [BP_ClareCharacter_C_0] Vida40.0
[2025.10.13-23.38.16:549][985]LogBlueprintUserMessages: [BP_SwarmEnemy_2] Trail creado
[2025.10.13-23.38.16:966][ 35]LogBlueprintUserMessages: [BP_SwarmEnemy_2] "Përsiguiendo"
[2025.10.13-23.38.17:049][ 45]LogBlueprintUserMessages: [BP_SwarmEnemy_2] Trail creado
[2025.10.13-23.38.17:465][ 95]LogBlueprintUserMessages: [BP_SwarmEnemy_2] "Përsiguiendo"
[2025.10.13-23.38.17:550][105]LogBlueprintUserMessages: [BP_SwarmEnemy_2] Trail creado
[2025.10.13-23.38.17:965][155]LogBlueprintUserMessages: [BP_SwarmEnemy_2] "Përsiguiendo"
[2025.10.13-23.38.18:049][165]LogBlueprintUserMessages: [BP_SwarmEnemy_2] Trail creado
[2025.10.13-23.38.18:466][215]LogBlueprintUserMessages: [BP_SwarmEnemy_2] "Përsiguiendo"
[2025.10.13-23.38.18:549][225]LogBlueprintUserMessages: [BP_SwarmEnemy_2] Trail creado
[2025.10.13-23.38.18:966][275]LogBlueprintUserMessages: [BP_SwarmEnemy_2] "Përsiguiendo"
[2025.10.13-23.38.19:049][285]LogBlueprintUserMessages: [BP_SwarmEnemy_2] Trail creado
[2025.10.13-23.38.19:465][335]LogBlueprintUserMessages: [BP_SwarmEnemy_2] "Përsiguiendo"
[2025.10.13-23.38.19:549][345]LogBlueprintUserMessages: [BP_SwarmEnemy_2] Trail creado
[2025.10.13-23.38.19:965][395]LogBlueprintUserMessages: [BP_SwarmEnemy_2] "Përsiguiendo"
[2025.10.13-23.38.20:040][404]LogBlueprintUserMessages: [BP_TrailDamage_2] Destruido
[2025.10.13-23.38.20:049][405]LogBlueprintUserMessages: [BP_SwarmEnemy_2] Trail creado
[2025.10.13-23.38.20:065][407]LogBlueprintUserMessages: [AN_EnableHitBox_C_0] Hitbox activada
[2025.10.13-23.38.20:299][435]LogBlueprintUserMessages: [AN_DisableHitBox_C_0] Hitbox Desactivado
[2025.10.13-23.38.20:465][455]LogBlueprintUserMessages: [BP_SwarmEnemy_2] "Përsiguiendo"
[2025.10.13-23.38.20:549][465]LogBlueprintUserMessages: [BP_TrailDamage_C_0] Destruido
[2025.10.13-23.38.20:550][465]LogBlueprintUserMessages: [BP_SwarmEnemy_2] Trail creado
[2025.10.13-23.38.20:965][515]LogBlueprintUserMessages: [BP_SwarmEnemy_2] "Përsiguiendo"
[2025.10.13-23.38.21:049][525]LogBlueprintUserMessages: [BP_TrailDamage_C_1] Destruido
[2025.10.13-23.38.21:049][525]LogBlueprintUserMessages: [BP_ClareCharacter_C_0] Vida35.0
[2025.10.13-23.38.21:049][525]LogBlueprintUserMessages: [BP_SwarmEnemy_2] Trail creado
[2025.10.13-23.38.21:257][550]LogBlueprintUserMessages: [AN_EnableHitBox_C_0] Hitbox activada
[2025.10.13-23.38.21:490][578]LogBlueprintUserMessages: [AN_DisableHitBox_C_0] Hitbox Desactivado
[2025.10.13-23.38.21:549][585]LogBlueprintUserMessages: [BP_TrailDamage_C_2] Destruido
[2025.10.13-23.38.21:550][585]LogBlueprintUserMessages: [BP_SwarmEnemy_2] Trail creado
[2025.10.13-23.38.22:049][645]LogBlueprintUserMessages: [BP_TrailDamage_C_3] Destruido
[2025.10.13-23.38.22:049][645]LogBlueprintUserMessages: [BP_SwarmEnemy_2] Trail creado
[2025.10.13-23.38.22:307][676]LogBlueprintUserMessages: [AN_EnableHitBox_C_0] Hitbox activada
[2025.10.13-23.38.22:540][704]LogBlueprintUserMessages: [AN_DisableHitBox_C_0] Hitbox Desactivado
[2025.10.13-23.38.22:549][705]LogBlueprintUserMessages: [BP_TrailDamage_C_4] Destruido
[2025.10.13-23.38.22:550][705]LogBlueprintUserMessages: [BP_SwarmEnemy_2] Trail creado
[2025.10.13-23.38.23:050][765]LogBlueprintUserMessages: [BP_TrailDamage_C_5] Destruido
[2025.10.13-23.38.23:050][765]LogBlueprintUserMessages: [BP_SwarmEnemy_2] Trail creado
[2025.10.13-23.38.23:549][825]LogBlueprintUserMessages: [BP_TrailDamage_C_6] Destruido
[2025.10.13-23.38.23:550][825]LogBlueprintUserMessages: [BP_SwarmEnemy_2] Trail creado
[2025.10.13-23.38.24:049][885]LogBlueprintUserMessages: [BP_TrailDamage_C_7] Destruido
[2025.10.13-23.38.24:049][885]LogBlueprintUserMessages: [BP_SwarmEnemy_2] Trail creado
[2025.10.13-23.38.24:549][945]LogBlueprintUserMessages: [BP_TrailDamage_C_8] Destruido
[2025.10.13-23.38.24:549][945]LogBlueprintUserMessages: [BP_SwarmEnemy_2] Trail creado
[2025.10.13-23.38.25:049][  5]LogBlueprintUserMessages: [BP_TrailDamage_C_9] Destruido
[2025.10.13-23.38.25:050][  5]LogBlueprintUserMessages: [BP_SwarmEnemy_2] Trail creado
[2025.10.13-23.38.25:549][ 65]LogBlueprintUserMessages: [BP_TrailDamage_C_10] Destruido
[2025.10.13-23.38.25:550][ 65]LogBlueprintUserMessages: [BP_SwarmEnemy_2] Trail creado
[2025.10.13-23.38.26:049][125]LogBlueprintUserMessages: [BP_TrailDamage_C_11] Destruido
[2025.10.13-23.38.26:049][125]LogBlueprintUserMessages: [BP_SwarmEnemy_2] Trail creado
[2025.10.13-23.38.26:549][185]LogBlueprintUserMessages: [BP_TrailDamage_C_12] Destruido
[2025.10.13-23.38.26:549][185]LogBlueprintUserMessages: [BP_SwarmEnemy_2] Trail creado
[2025.10.13-23.38.27:049][245]LogBlueprintUserMessages: [BP_TrailDamage_C_13] Destruido
[2025.10.13-23.38.27:050][245]LogBlueprintUserMessages: [BP_SwarmEnemy_2] Trail creado
[2025.10.13-23.38.27:549][305]LogBlueprintUserMessages: [BP_TrailDamage_C_14] Destruido
[2025.10.13-23.38.27:549][305]LogBlueprintUserMessages: [BP_SwarmEnemy_2] Trail creado
[2025.10.13-23.38.28:049][365]LogBlueprintUserMessages: [BP_TrailDamage_C_15] Destruido
[2025.10.13-23.38.28:050][365]LogBlueprintUserMessages: [BP_SwarmEnemy_2] Trail creado
[2025.10.13-23.38.28:290][394]LogBlueprintUserMessages: [BP_ClareCharacter_C_0] Vida30.0
[2025.10.13-23.38.28:290][394]LogBlueprintUserMessages: [BP_ClareCharacter_C_0] Vida25.0
[2025.10.13-23.38.28:290][394]LogBlueprintUserMessages: [BP_ClareCharacter_C_0] Vida20.0
[2025.10.13-23.38.28:290][394]LogBlueprintUserMessages: [BP_ClareCharacter_C_0] Vida15.0
[2025.10.13-23.38.28:290][394]LogBlueprintUserMessages: [BP_ClareCharacter_C_0] Vida10.0
[2025.10.13-23.38.28:290][394]LogBlueprintUserMessages: [BP_ClareCharacter_C_0] Vida5.0
[2025.10.13-23.38.28:290][394]LogBlueprintUserMessages: [BP_ClareCharacter_C_0] Vida0.0
[2025.10.13-23.38.28:290][394]LogBlueprintUserMessages: [BP_ClareCharacter_C_0] CLARE A MUERTO
[2025.10.13-23.38.28:290][394]LogBlueprintUserMessages: [BP_ClareCharacter_C_0] Vida0.0
[2025.10.13-23.38.28:290][394]LogBlueprintUserMessages: [BP_ClareCharacter_C_0] CLARE A MUERTO
[2025.10.13-23.38.28:290][394]LogBlueprintUserMessages: [BP_ClareCharacter_C_0] Vida0.0
[2025.10.13-23.38.28:290][394]LogBlueprintUserMessages: [BP_ClareCharacter_C_0] CLARE A MUERTO
[2025.10.13-23.38.28:290][394]LogBlueprintUserMessages: [BP_ClareCharacter_C_0] Vida0.0
[2025.10.13-23.38.28:290][394]LogBlueprintUserMessages: [BP_ClareCharacter_C_0] CLARE A MUERTO
[2025.10.13-23.38.28:465][415]LogBlueprintUserMessages: [BP_SwarmEnemy_2] "Përsiguiendo"
[2025.10.13-23.38.28:549][425]LogBlueprintUserMessages: [BP_TrailDamage_C_16] Destruido
[2025.10.13-23.38.28:549][425]LogBlueprintUserMessages: [BP_ClareCharacter_C_0] Vida0.0
[2025.10.13-23.38.28:549][425]LogBlueprintUserMessages: [BP_ClareCharacter_C_0] CLARE A MUERTO
[2025.10.13-23.38.28:550][425]LogBlueprintUserMessages: [BP_SwarmEnemy_2] Trail creado
[2025.10.13-23.38.28:965][475]LogBlueprintUserMessages: [BP_SwarmEnemy_2] "Përsiguiendo"
[2025.10.13-23.38.29:048][485]LogBlueprintUserMessages: [BP_TrailDamage_C_17] Destruido
[2025.10.13-23.38.29:049][485]LogBlueprintUserMessages: [BP_ClareCharacter_C_0] Vida0.0
[2025.10.13-23.38.29:049][485]LogBlueprintUserMessages: [BP_ClareCharacter_C_0] CLARE A MUERTO
[2025.10.13-23.38.29:049][485]LogBlueprintUserMessages: [BP_SwarmEnemy_2] Trail creado
[2025.10.13-23.38.29:465][535]LogBlueprintUserMessages: [BP_SwarmEnemy_2] "Përsiguiendo"
[2025.10.13-23.38.29:549][545]LogBlueprintUserMessages: [BP_TrailDamage_C_18] Destruido
[2025.10.13-23.38.29:549][545]LogBlueprintUserMessages: [BP_ClareCharacter_C_0] Vida0.0
[2025.10.13-23.38.29:549][545]LogBlueprintUserMessages: [BP_ClareCharacter_C_0] CLARE A MUERTO
[2025.10.13-23.38.29:549][545]LogBlueprintUserMessages: [BP_SwarmEnemy_2] Trail creado
[2025.10.13-23.38.29:808][576]LogBlueprintUserMessages: [AN_EnableHitBox_C_0] Hitbox activada
[2025.10.13-23.38.29:966][595]LogBlueprintUserMessages: [BP_SwarmEnemy_2] "Përsiguiendo"
[2025.10.13-23.38.30:040][604]LogBlueprintUserMessages: [AN_DisableHitBox_C_0] Hitbox Desactivado
[2025.10.13-23.38.30:049][605]LogBlueprintUserMessages: [BP_TrailDamage_C_19] Destruido
[2025.10.13-23.38.30:049][605]LogBlueprintUserMessages: [BP_ClareCharacter_C_0] Vida0.0
[2025.10.13-23.38.30:049][605]LogBlueprintUserMessages: [BP_ClareCharacter_C_0] CLARE A MUERTO
[2025.10.13-23.38.30:049][605]LogBlueprintUserMessages: [BP_SwarmEnemy_2] Trail creado
[2025.10.13-23.38.30:465][655]LogBlueprintUserMessages: [BP_SwarmEnemy_2] "Përsiguiendo"
[2025.10.13-23.38.30:549][665]LogBlueprintUserMessages: [BP_TrailDamage_C_20] Destruido
[2025.10.13-23.38.30:549][665]LogBlueprintUserMessages: [BP_ClareCharacter_C_0] Vida0.0
[2025.10.13-23.38.30:549][665]LogBlueprintUserMessages: [BP_ClareCharacter_C_0] CLARE A MUERTO
[2025.10.13-23.38.30:549][665]LogBlueprintUserMessages: [BP_SwarmEnemy_2] Trail creado
[2025.10.13-23.38.30:808][696]LogBlueprintUserMessages: [AN_EnableHitBox_C_0] Hitbox activada
[2025.10.13-23.38.30:966][715]LogBlueprintUserMessages: [BP_SwarmEnemy_2] "Përsiguiendo"
[2025.10.13-23.38.31:040][724]LogBlueprintUserMessages: [AN_DisableHitBox_C_0] Hitbox Desactivado
[2025.10.13-23.38.31:049][725]LogBlueprintUserMessages: [BP_TrailDamage_C_21] Destruido
[2025.10.13-23.38.31:049][725]LogBlueprintUserMessages: [BP_ClareCharacter_C_0] Vida0.0
[2025.10.13-23.38.31:049][725]LogBlueprintUserMessages: [BP_ClareCharacter_C_0] CLARE A MUERTO
[2025.10.13-23.38.31:049][725]LogBlueprintUserMessages: [BP_SwarmEnemy_2] Trail creado
[2025.10.13-23.38.31:465][775]LogBlueprintUserMessages: [BP_SwarmEnemy_2] "Përsiguiendo"
[2025.10.13-23.38.31:549][785]LogBlueprintUserMessages: [BP_TrailDamage_C_22] Destruido
[2025.10.13-23.38.31:549][785]LogBlueprintUserMessages: [BP_ClareCharacter_C_0] Vida0.0
[2025.10.13-23.38.31:549][785]LogBlueprintUserMessages: [BP_ClareCharacter_C_0] CLARE A MUERTO
[2025.10.13-23.38.31:549][785]LogBlueprintUserMessages: [BP_SwarmEnemy_2] Trail creado
[2025.10.13-23.38.31:807][816]LogBlueprintUserMessages: [AN_EnableHitBox_C_0] Hitbox activada
[2025.10.13-23.38.31:965][835]LogBlueprintUserMessages: [BP_SwarmEnemy_2] "Përsiguiendo"
[2025.10.13-23.38.32:040][844]LogBlueprintUserMessages: [AN_DisableHitBox_C_0] Hitbox Desactivado
[2025.10.13-23.38.32:049][845]LogBlueprintUserMessages: [BP_TrailDamage_C_23] Destruido
[2025.10.13-23.38.32:049][845]LogBlueprintUserMessages: [BP_ClareCharacter_C_0] Vida0.0
[2025.10.13-23.38.32:049][845]LogBlueprintUserMessages: [BP_ClareCharacter_C_0] CLARE A MUERTO
[2025.10.13-23.38.32:049][845]LogBlueprintUserMessages: [BP_SwarmEnemy_2] Trail creado
[2025.10.13-23.38.32:465][895]LogBlueprintUserMessages: [BP_SwarmEnemy_2] "Përsiguiendo"
[2025.10.13-23.38.32:549][905]LogBlueprintUserMessages: [BP_TrailDamage_C_24] Destruido
[2025.10.13-23.38.32:549][905]LogBlueprintUserMessages: [BP_ClareCharacter_C_0] Vida0.0
[2025.10.13-23.38.32:549][905]LogBlueprintUserMessages: [BP_ClareCharacter_C_0] CLARE A MUERTO
[2025.10.13-23.38.32:549][905]LogBlueprintUserMessages: [BP_SwarmEnemy_2] Trail creado
[2025.10.13-23.38.32:807][936]LogBlueprintUserMessages: [AN_EnableHitBox_C_0] Hitbox activada
[2025.10.13-23.38.32:966][955]LogBlueprintUserMessages: [BP_SwarmEnemy_2] "Përsiguiendo"
[2025.10.13-23.38.33:040][964]LogBlueprintUserMessages: [AN_DisableHitBox_C_0] Hitbox Desactivado
[2025.10.13-23.38.33:049][965]LogBlueprintUserMessages: [BP_TrailDamage_C_25] Destruido
[2025.10.13-23.38.33:049][965]LogBlueprintUserMessages: [BP_ClareCharacter_C_0] Vida0.0
[2025.10.13-23.38.33:049][965]LogBlueprintUserMessages: [BP_ClareCharacter_C_0] CLARE A MUERTO
[2025.10.13-23.38.33:049][965]LogBlueprintUserMessages: [BP_SwarmEnemy_2] Trail creado
[2025.10.13-23.38.33:465][ 15]LogBlueprintUserMessages: [BP_SwarmEnemy_2] "Përsiguiendo"
[2025.10.13-23.38.33:549][ 25]LogBlueprintUserMessages: [BP_TrailDamage_C_26] Destruido
[2025.10.13-23.38.33:550][ 25]LogBlueprintUserMessages: [BP_ClareCharacter_C_0] Vida0.0
[2025.10.13-23.38.33:550][ 25]LogBlueprintUserMessages: [BP_ClareCharacter_C_0] CLARE A MUERTO
[2025.10.13-23.38.33:550][ 25]LogBlueprintUserMessages: [BP_SwarmEnemy_2] Trail creado
[2025.10.13-23.38.33:807][ 56]LogBlueprintUserMessages: [AN_EnableHitBox_C_0] Hitbox activada
[2025.10.13-23.38.33:965][ 75]LogBlueprintUserMessages: [BP_SwarmEnemy_2] "Përsiguiendo"
[2025.10.13-23.38.34:040][ 84]LogBlueprintUserMessages: [AN_DisableHitBox_C_0] Hitbox Desactivado
[2025.10.13-23.38.34:049][ 85]LogBlueprintUserMessages: [BP_TrailDamage_C_27] Destruido
[2025.10.13-23.38.34:050][ 85]LogBlueprintUserMessages: [BP_ClareCharacter_C_0] Vida0.0
[2025.10.13-23.38.34:050][ 85]LogBlueprintUserMessages: [BP_ClareCharacter_C_0] CLARE A MUERTO
[2025.10.13-23.38.34:050][ 85]LogBlueprintUserMessages: [BP_SwarmEnemy_2] Trail creado
[2025.10.13-23.38.34:466][135]LogBlueprintUserMessages: [BP_SwarmEnemy_2] "Përsiguiendo"
[2025.10.13-23.38.34:549][145]LogBlueprintUserMessages: [BP_TrailDamage_C_28] Destruido
[2025.10.13-23.38.34:550][145]LogBlueprintUserMessages: [BP_ClareCharacter_C_0] Vida0.0
[2025.10.13-23.38.34:550][145]LogBlueprintUserMessages: [BP_ClareCharacter_C_0] CLARE A MUERTO
[2025.10.13-23.38.34:550][145]LogBlueprintUserMessages: [BP_SwarmEnemy_2] Trail creado
[2025.10.13-23.38.34:808][176]LogBlueprintUserMessages: [AN_EnableHitBox_C_0] Hitbox activada
[2025.10.13-23.38.34:966][195]LogBlueprintUserMessages: [BP_SwarmEnemy_2] "Përsiguiendo"
[2025.10.13-23.38.35:041][204]LogBlueprintUserMessages: [AN_DisableHitBox_C_0] Hitbox Desactivado
[2025.10.13-23.38.35:049][205]LogBlueprintUserMessages: [BP_TrailDamage_C_29] Destruido
[2025.10.13-23.38.35:050][205]LogBlueprintUserMessages: [BP_ClareCharacter_C_0] Vida0.0
[2025.10.13-23.38.35:050][205]LogBlueprintUserMessages: [BP_ClareCharacter_C_0] CLARE A MUERTO
[2025.10.13-23.38.35:050][205]LogBlueprintUserMessages: [BP_SwarmEnemy_2] Trail creado
[2025.10.13-23.38.35:466][255]LogBlueprintUserMessages: [BP_SwarmEnemy_2] "Përsiguiendo"
[2025.10.13-23.38.35:549][265]LogBlueprintUserMessages: [BP_TrailDamage_C_30] Destruido
[2025.10.13-23.38.35:550][265]LogBlueprintUserMessages: [BP_ClareCharacter_C_0] Vida0.0
[2025.10.13-23.38.35:550][265]LogBlueprintUserMessages: [BP_ClareCharacter_C_0] CLARE A MUERTO
[2025.10.13-23.38.35:550][265]LogBlueprintUserMessages: [BP_SwarmEnemy_2] Trail creado
[2025.10.13-23.38.35:808][296]LogBlueprintUserMessages: [AN_EnableHitBox_C_0] Hitbox activada
[2025.10.13-23.38.35:966][315]LogBlueprintUserMessages: [BP_SwarmEnemy_2] "Përsiguiendo"
[2025.10.13-23.38.36:041][324]LogBlueprintUserMessages: [AN_DisableHitBox_C_0] Hitbox Desactivado
[2025.10.13-23.38.36:049][325]LogBlueprintUserMessages: [BP_TrailDamage_C_31] Destruido
[2025.10.13-23.38.36:050][325]LogBlueprintUserMessages: [BP_ClareCharacter_C_0] Vida0.0
[2025.10.13-23.38.36:050][325]LogBlueprintUserMessages: [BP_ClareCharacter_C_0] CLARE A MUERTO
[2025.10.13-23.38.36:050][325]LogBlueprintUserMessages: [BP_SwarmEnemy_2] Trail creado
[2025.10.13-23.38.36:466][375]LogBlueprintUserMessages: [BP_SwarmEnemy_2] "Përsiguiendo"
[2025.10.13-23.38.36:549][385]LogBlueprintUserMessages: [BP_TrailDamage_C_32] Destruido
[2025.10.13-23.38.36:549][385]LogBlueprintUserMessages: [BP_ClareCharacter_C_0] Vida0.0
[2025.10.13-23.38.36:550][385]LogBlueprintUserMessages: [BP_ClareCharacter_C_0] CLARE A MUERTO
[2025.10.13-23.38.36:550][385]LogBlueprintUserMessages: [BP_SwarmEnemy_2] Trail creado
[2025.10.13-23.38.36:809][416]LogBlueprintUserMessages: [AN_EnableHitBox_C_0] Hitbox activada
[2025.10.13-23.38.36:967][435]LogBlueprintUserMessages: [BP_SwarmEnemy_2] "Përsiguiendo"
[2025.10.13-23.38.37:034][443]LogBlueprintUserMessages: [AN_DisableHitBox_C_0] Hitbox Desactivado
[2025.10.13-23.38.37:051][445]LogBlueprintUserMessages: [BP_TrailDamage_C_33] Destruido
[2025.10.13-23.38.37:051][445]LogBlueprintUserMessages: [BP_ClareCharacter_C_0] Vida0.0
[2025.10.13-23.38.37:051][445]LogBlueprintUserMessages: [BP_ClareCharacter_C_0] CLARE A MUERTO
[2025.10.13-23.38.37:051][445]LogBlueprintUserMessages: [BP_SwarmEnemy_2] Trail creado
[2025.10.13-23.38.37:467][495]LogBlueprintUserMessages: [BP_SwarmEnemy_2] "Përsiguiendo"
[2025.10.13-23.38.37:550][505]LogBlueprintUserMessages: [BP_TrailDamage_C_34] Destruido
[2025.10.13-23.38.37:551][505]LogBlueprintUserMessages: [BP_ClareCharacter_C_0] Vida0.0
[2025.10.13-23.38.37:551][505]LogBlueprintUserMessages: [BP_ClareCharacter_C_0] CLARE A MUERTO
[2025.10.13-23.38.37:551][505]LogBlueprintUserMessages: [BP_SwarmEnemy_2] Trail creado
[2025.10.13-23.38.37:809][536]LogBlueprintUserMessages: [AN_EnableHitBox_C_0] Hitbox activada
[2025.10.13-23.38.37:968][555]LogBlueprintUserMessages: [BP_SwarmEnemy_2] "Përsiguiendo"
[2025.10.13-23.38.38:043][564]LogBlueprintUserMessages: [AN_DisableHitBox_C_0] Hitbox Desactivado
[2025.10.13-23.38.38:051][565]LogBlueprintUserMessages: [BP_TrailDamage_C_35] Destruido
[2025.10.13-23.38.38:051][565]LogBlueprintUserMessages: [BP_ClareCharacter_C_0] Vida0.0
[2025.10.13-23.38.38:051][565]LogBlueprintUserMessages: [BP_ClareCharacter_C_0] CLARE A MUERTO
[2025.10.13-23.38.38:051][565]LogBlueprintUserMessages: [BP_SwarmEnemy_2] Trail creado
[2025.10.13-23.38.38:467][615]LogBlueprintUserMessages: [BP_SwarmEnemy_2] "Përsiguiendo"
[2025.10.13-23.38.38:551][625]LogBlueprintUserMessages: [BP_TrailDamage_C_36] Destruido
[2025.10.13-23.38.38:551][625]LogBlueprintUserMessages: [BP_ClareCharacter_C_0] Vida0.0
[2025.10.13-23.38.38:551][625]LogBlueprintUserMessages: [BP_ClareCharacter_C_0] CLARE A MUERTO
[2025.10.13-23.38.38:551][625]LogBlueprintUserMessages: [BP_SwarmEnemy_2] Trail creado
[2025.10.13-23.38.38:810][656]LogBlueprintUserMessages: [AN_EnableHitBox_C_0] Hitbox activada
[2025.10.13-23.38.38:968][675]LogBlueprintUserMessages: [BP_SwarmEnemy_2] "Përsiguiendo"
[2025.10.13-23.38.39:043][684]LogBlueprintUserMessages: [AN_DisableHitBox_C_0] Hitbox Desactivado
[2025.10.13-23.38.39:051][685]LogBlueprintUserMessages: [BP_TrailDamage_C_37] Destruido
[2025.10.13-23.38.39:052][685]LogBlueprintUserMessages: [BP_ClareCharacter_C_0] Vida0.0
[2025.10.13-23.38.39:052][685]LogBlueprintUserMessages: [BP_ClareCharacter_C_0] CLARE A MUERTO
[2025.10.13-23.38.39:052][685]LogBlueprintUserMessages: [BP_SwarmEnemy_2] Trail creado
[2025.10.13-23.38.39:467][735]LogBlueprintUserMessages: [BP_SwarmEnemy_2] "Përsiguiendo"
[2025.10.13-23.38.39:551][745]LogBlueprintUserMessages: [BP_TrailDamage_C_38] Destruido
[2025.10.13-23.38.39:551][745]LogBlueprintUserMessages: [BP_ClareCharacter_C_0] Vida0.0
[2025.10.13-23.38.39:551][745]LogBlueprintUserMessages: [BP_ClareCharacter_C_0] CLARE A MUERTO
[2025.10.13-23.38.39:551][745]LogBlueprintUserMessages: [BP_SwarmEnemy_2] Trail creado
[2025.10.13-23.38.39:809][776]LogBlueprintUserMessages: [AN_EnableHitBox_C_0] Hitbox activada
[2025.10.13-23.38.39:967][795]LogBlueprintUserMessages: [BP_SwarmEnemy_2] "Përsiguiendo"
[2025.10.13-23.38.40:042][804]LogBlueprintUserMessages: [AN_DisableHitBox_C_0] Hitbox Desactivado
[2025.10.13-23.38.40:051][805]LogBlueprintUserMessages: [BP_TrailDamage_C_39] Destruido
[2025.10.13-23.38.40:051][805]LogBlueprintUserMessages: [BP_ClareCharacter_C_0] Vida0.0
[2025.10.13-23.38.40:051][805]LogBlueprintUserMessages: [BP_ClareCharacter_C_0] CLARE A MUERTO
[2025.10.13-23.38.40:051][805]LogBlueprintUserMessages: [BP_SwarmEnemy_2] Trail creado
[2025.10.13-23.38.40:467][855]LogBlueprintUserMessages: [BP_SwarmEnemy_2] "Përsiguiendo"
[2025.10.13-23.38.40:551][865]LogBlueprintUserMessages: [BP_TrailDamage_C_40] Destruido
[2025.10.13-23.38.40:551][865]LogBlueprintUserMessages: [BP_ClareCharacter_C_0] Vida0.0
[2025.10.13-23.38.40:551][865]LogBlueprintUserMessages: [BP_ClareCharacter_C_0] CLARE A MUERTO
[2025.10.13-23.38.40:551][865]LogBlueprintUserMessages: [BP_SwarmEnemy_2] Trail creado
[2025.10.13-23.38.40:809][896]LogBlueprintUserMessages: [AN_EnableHitBox_C_0] Hitbox activada
[2025.10.13-23.38.40:967][915]LogBlueprintUserMessages: [BP_SwarmEnemy_2] "Përsiguiendo"
[2025.10.13-23.38.41:042][924]LogBlueprintUserMessages: [AN_DisableHitBox_C_0] Hitbox Desactivado
[2025.10.13-23.38.41:051][925]LogBlueprintUserMessages: [BP_TrailDamage_C_41] Destruido
[2025.10.13-23.38.41:051][925]LogBlueprintUserMessages: [BP_ClareCharacter_C_0] Vida0.0
[2025.10.13-23.38.41:051][925]LogBlueprintUserMessages: [BP_ClareCharacter_C_0] CLARE A MUERTO
[2025.10.13-23.38.41:051][925]LogBlueprintUserMessages: [BP_SwarmEnemy_2] Trail creado
[2025.10.13-23.38.41:468][975]LogBlueprintUserMessages: [BP_SwarmEnemy_2] "Përsiguiendo"
[2025.10.13-23.38.41:551][985]LogBlueprintUserMessages: [BP_TrailDamage_C_42] Destruido
[2025.10.13-23.38.41:551][985]LogBlueprintUserMessages: [BP_ClareCharacter_C_0] Vida0.0
[2025.10.13-23.38.41:551][985]LogBlueprintUserMessages: [BP_ClareCharacter_C_0] CLARE A MUERTO
[2025.10.13-23.38.41:552][985]LogBlueprintUserMessages: [BP_SwarmEnemy_2] Trail creado
[2025.10.13-23.38.41:809][ 16]LogBlueprintUserMessages: [AN_EnableHitBox_C_0] Hitbox activada
[2025.10.13-23.38.41:967][ 35]LogBlueprintUserMessages: [BP_SwarmEnemy_2] "Përsiguiendo"
[2025.10.13-23.38.42:042][ 44]LogBlueprintUserMessages: [AN_DisableHitBox_C_0] Hitbox Desactivado
[2025.10.13-23.38.42:051][ 45]LogBlueprintUserMessages: [BP_TrailDamage_C_43] Destruido
[2025.10.13-23.38.42:051][ 45]LogBlueprintUserMessages: [BP_ClareCharacter_C_0] Vida0.0
[2025.10.13-23.38.42:051][ 45]LogBlueprintUserMessages: [BP_ClareCharacter_C_0] CLARE A MUERTO
[2025.10.13-23.38.42:051][ 45]LogBlueprintUserMessages: [BP_SwarmEnemy_2] Trail creado
[2025.10.13-23.38.42:467][ 95]LogBlueprintUserMessages: [BP_SwarmEnemy_2] "Përsiguiendo"
[2025.10.13-23.38.42:551][105]LogBlueprintUserMessages: [BP_TrailDamage_C_44] Destruido
[2025.10.13-23.38.42:552][105]LogBlueprintUserMessages: [BP_ClareCharacter_C_0] Vida0.0
[2025.10.13-23.38.42:552][105]LogBlueprintUserMessages: [BP_ClareCharacter_C_0] CLARE A MUERTO
[2025.10.13-23.38.42:552][105]LogBlueprintUserMessages: [BP_SwarmEnemy_2] Trail creado
[2025.10.13-23.38.42:809][136]LogBlueprintUserMessages: [AN_EnableHitBox_C_0] Hitbox activada
[2025.10.13-23.38.42:968][155]LogBlueprintUserMessages: [BP_SwarmEnemy_2] "Përsiguiendo"
[2025.10.13-23.38.43:042][164]LogBlueprintUserMessages: [AN_DisableHitBox_C_0] Hitbox Desactivado
[2025.10.13-23.38.43:051][165]LogBlueprintUserMessages: [BP_TrailDamage_C_45] Destruido
[2025.10.13-23.38.43:051][165]LogBlueprintUserMessages: [BP_ClareCharacter_C_0] Vida0.0
[2025.10.13-23.38.43:051][165]LogBlueprintUserMessages: [BP_ClareCharacter_C_0] CLARE A MUERTO
[2025.10.13-23.38.43:051][165]LogBlueprintUserMessages: [BP_SwarmEnemy_2] Trail creado
[2025.10.13-23.38.43:468][215]LogBlueprintUserMessages: [BP_SwarmEnemy_2] "Përsiguiendo"
[2025.10.13-23.38.43:551][225]LogBlueprintUserMessages: [BP_TrailDamage_C_46] Destruido
[2025.10.13-23.38.43:551][225]LogBlueprintUserMessages: [BP_ClareCharacter_C_0] Vida0.0
[2025.10.13-23.38.43:551][225]LogBlueprintUserMessages: [BP_ClareCharacter_C_0] CLARE A MUERTO
[2025.10.13-23.38.43:551][225]LogBlueprintUserMessages: [BP_SwarmEnemy_2] Trail creado
[2025.10.13-23.38.43:809][256]LogBlueprintUserMessages: [AN_EnableHitBox_C_0] Hitbox activada
[2025.10.13-23.38.43:967][275]LogBlueprintUserMessages: [BP_SwarmEnemy_2] "Përsiguiendo"
[2025.10.13-23.38.44:042][284]LogBlueprintUserMessages: [AN_DisableHitBox_C_0] Hitbox Desactivado
[2025.10.13-23.38.44:051][285]LogBlueprintUserMessages: [BP_TrailDamage_C_47] Destruido
[2025.10.13-23.38.44:051][285]LogBlueprintUserMessages: [BP_ClareCharacter_C_0] Vida0.0
[2025.10.13-23.38.44:051][285]LogBlueprintUserMessages: [BP_ClareCharacter_C_0] CLARE A MUERTO
[2025.10.13-23.38.44:051][285]LogBlueprintUserMessages: [BP_SwarmEnemy_2] Trail creado
[2025.10.13-23.38.44:468][335]LogBlueprintUserMessages: [BP_SwarmEnemy_2] "Përsiguiendo"
[2025.10.13-23.38.44:551][345]LogBlueprintUserMessages: [BP_TrailDamage_C_48] Destruido
[2025.10.13-23.38.44:551][345]LogBlueprintUserMessages: [BP_ClareCharacter_C_0] Vida0.0
[2025.10.13-23.38.44:551][345]LogBlueprintUserMessages: [BP_ClareCharacter_C_0] CLARE A MUERTO
[2025.10.13-23.38.44:552][345]LogBlueprintUserMessages: [BP_SwarmEnemy_2] Trail creado
[2025.10.13-23.38.44:809][376]LogBlueprintUserMessages: [AN_EnableHitBox_C_0] Hitbox activada
[2025.10.13-23.38.44:967][395]LogBlueprintUserMessages: [BP_SwarmEnemy_2] "Përsiguiendo"
[2025.10.13-23.38.45:042][404]LogBlueprintUserMessages: [AN_DisableHitBox_C_0] Hitbox Desactivado
[2025.10.13-23.38.45:051][405]LogBlueprintUserMessages: [BP_TrailDamage_C_49] Destruido
[2025.10.13-23.38.45:051][405]LogBlueprintUserMessages: [BP_ClareCharacter_C_0] Vida0.0
[2025.10.13-23.38.45:051][405]LogBlueprintUserMessages: [BP_ClareCharacter_C_0] CLARE A MUERTO
[2025.10.13-23.38.45:051][405]LogBlueprintUserMessages: [BP_SwarmEnemy_2] Trail creado
[2025.10.13-23.38.45:468][455]LogBlueprintUserMessages: [BP_SwarmEnemy_2] "Përsiguiendo"
[2025.10.13-23.38.45:551][465]LogBlueprintUserMessages: [BP_TrailDamage_C_50] Destruido
[2025.10.13-23.38.45:551][465]LogBlueprintUserMessages: [BP_ClareCharacter_C_0] Vida0.0
[2025.10.13-23.38.45:551][465]LogBlueprintUserMessages: [BP_ClareCharacter_C_0] CLARE A MUERTO
[2025.10.13-23.38.45:552][465]LogBlueprintUserMessages: [BP_SwarmEnemy_2] Trail creado
[2025.10.13-23.38.45:809][496]LogBlueprintUserMessages: [AN_EnableHitBox_C_0] Hitbox activada
[2025.10.13-23.38.45:967][515]LogBlueprintUserMessages: [BP_SwarmEnemy_2] "Përsiguiendo"
[2025.10.13-23.38.46:043][524]LogBlueprintUserMessages: [AN_DisableHitBox_C_0] Hitbox Desactivado
[2025.10.13-23.38.46:051][525]LogBlueprintUserMessages: [BP_TrailDamage_C_51] Destruido
[2025.10.13-23.38.46:051][525]LogBlueprintUserMessages: [BP_ClareCharacter_C_0] Vida0.0
[2025.10.13-23.38.46:051][525]LogBlueprintUserMessages: [BP_ClareCharacter_C_0] CLARE A MUERTO
[2025.10.13-23.38.46:051][525]LogBlueprintUserMessages: [BP_SwarmEnemy_2] Trail creado
[2025.10.13-23.38.46:467][575]LogBlueprintUserMessages: [BP_SwarmEnemy_2] "Përsiguiendo"
[2025.10.13-23.38.46:551][585]LogBlueprintUserMessages: [BP_TrailDamage_C_52] Destruido
[2025.10.13-23.38.46:551][585]LogBlueprintUserMessages: [BP_ClareCharacter_C_0] Vida0.0
[2025.10.13-23.38.46:551][585]LogBlueprintUserMessages: [BP_ClareCharacter_C_0] CLARE A MUERTO
[2025.10.13-23.38.46:551][585]LogBlueprintUserMessages: [BP_SwarmEnemy_2] Trail creado
[2025.10.13-23.38.46:809][616]LogBlueprintUserMessages: [AN_EnableHitBox_C_0] Hitbox activada
[2025.10.13-23.38.46:968][635]LogBlueprintUserMessages: [BP_SwarmEnemy_2] "Përsiguiendo"
[2025.10.13-23.38.47:043][644]LogBlueprintUserMessages: [AN_DisableHitBox_C_0] Hitbox Desactivado
[2025.10.13-23.38.47:051][645]LogBlueprintUserMessages: [BP_TrailDamage_C_53] Destruido
[2025.10.13-23.38.47:051][645]LogBlueprintUserMessages: [BP_ClareCharacter_C_0] Vida0.0
[2025.10.13-23.38.47:051][645]LogBlueprintUserMessages: [BP_ClareCharacter_C_0] CLARE A MUERTO
[2025.10.13-23.38.47:052][645]LogBlueprintUserMessages: [BP_SwarmEnemy_2] Trail creado
[2025.10.13-23.38.47:088][646]LogSlate: Updating window title bar state: overlay mode, drag disabled, window buttons hidden, title bar hidden
[2025.10.13-23.38.47:088][646]LogWorld: BeginTearingDown for /Game/Maps/UEDPIE_0_ComidaVivaIA
[2025.10.13-23.38.47:088][646]LogWorld: UWorld::CleanupWorld for ComidaVivaIA, bSessionEnded=true, bCleanupResources=true
[2025.10.13-23.38.47:088][646]LogSlate: InvalidateAllWidgets triggered.  All widgets were invalidated
[2025.10.13-23.38.47:100][646]LogPlayLevel: Display: Shutting down PIE online subsystems
[2025.10.13-23.38.47:114][646]LogSlate: InvalidateAllWidgets triggered.  All widgets were invalidated
[2025.10.13-23.38.47:129][646]LogSlate: Updating window title bar state: overlay mode, drag disabled, window buttons hidden, title bar hidden
[2025.10.13-23.38.47:129][646]LogAudioMixer: FMixerPlatformXAudio2::StopAudioStream() called
[2025.10.13-23.38.47:130][646]LogAudioMixer: FMixerPlatformXAudio2::StopAudioStream() called
[2025.10.13-23.38.47:137][646]LogUObjectHash: Compacting FUObjectHashTables data took   1.66ms
[2025.10.13-23.38.47:170][647]LogPlayLevel: Display: Destroying online subsystem :Context_44
[2025.10.13-23.38.48:392][791]LogTemp: Repeating last play command: Selected Viewport
[2025.10.13-23.38.48:397][791]LogPlayLevel: PlayLevel: No blueprints needed recompiling
[2025.10.13-23.38.48:397][791]PIE: New page: PIE session: ComidaVivaIA (Oct 13, 2025, 12:38:48 PM)
[2025.10.13-23.38.48:397][791]LogPlayLevel: Creating play world package: /Game/Maps/UEDPIE_0_ComidaVivaIA
[2025.10.13-23.38.48:400][791]LogPlayLevel: PIE: StaticDuplicateObject took: (0.002673s)
[2025.10.13-23.38.48:400][791]LogAIModule: Creating AISystem for world ComidaVivaIA
[2025.10.13-23.38.48:401][791]LogPlayLevel: PIE: World Init took: (0.000968s)
[2025.10.13-23.38.48:401][791]LogPlayLevel: PIE: Created PIE world by copying editor world from /Game/Maps/ComidaVivaIA.ComidaVivaIA to /Game/Maps/UEDPIE_0_ComidaVivaIA.ComidaVivaIA (0.003727s)
[2025.10.13-23.38.48:416][791]LogUObjectHash: Compacting FUObjectHashTables data took   1.69ms
[2025.10.13-23.38.48:417][791]LogAudio: Display: Creating Audio Device:                 Id: 10, Scope: Unique, Realtime: True
[2025.10.13-23.38.48:417][791]LogAudioMixer: Display: Audio Mixer Platform Settings:
[2025.10.13-23.38.48:417][791]LogAudioMixer: Display: 	Sample Rate:						  48000
[2025.10.13-23.38.48:417][791]LogAudioMixer: Display: 	Callback Buffer Frame Size Requested: 1024
[2025.10.13-23.38.48:417][791]LogAudioMixer: Display: 	Callback Buffer Frame Size To Use:	  1024
[2025.10.13-23.38.48:417][791]LogAudioMixer: Display: 	Number of buffers to queue:			  2
[2025.10.13-23.38.48:417][791]LogAudioMixer: Display: 	Max Channels (voices):				  32
[2025.10.13-23.38.48:417][791]LogAudioMixer: Display: 	Number of Async Source Workers:		  0
[2025.10.13-23.38.48:417][791]LogAudio: Display: AudioDevice MaxSources: 32
[2025.10.13-23.38.48:417][791]LogAudio: Display: Audio Spatialization Plugin: None (built-in).
[2025.10.13-23.38.48:417][791]LogAudio: Display: Audio Reverb Plugin: None (built-in).
[2025.10.13-23.38.48:417][791]LogAudio: Display: Audio Occlusion Plugin: None (built-in).
[2025.10.13-23.38.48:417][791]LogAudioMixer: Display: Initializing audio mixer.
[2025.10.13-23.38.48:420][791]LogAudioMixer: Display: 0: FrontLeft
[2025.10.13-23.38.48:420][791]LogAudioMixer: Display: 1: FrontRight
[2025.10.13-23.38.48:426][791]LogAudioMixer: Display: Using Audio Device LC24RG50 (NVIDIA High Definition Audio)
[2025.10.13-23.38.48:427][791]LogAudioMixer: Display: Initializing Sound Submixes...
[2025.10.13-23.38.48:427][791]LogAudioMixer: Display: Creating Master Submix 'MasterSubmixDefault'
[2025.10.13-23.38.48:427][791]LogAudioMixer: Display: Creating Master Submix 'MasterReverbSubmixDefault'
[2025.10.13-23.38.48:427][791]LogAudioMixer: Display: Creating Master Submix 'MasterEQSubmixDefault'
[2025.10.13-23.38.48:427][791]LogAudioMixer: FMixerPlatformXAudio2::StartAudioStream() called
[2025.10.13-23.38.48:427][791]LogAudioMixer: Display: Output buffers initialized: Frames=1024, Channels=2, Samples=2048
[2025.10.13-23.38.48:428][791]LogAudioMixer: Display: Starting AudioMixerPlatformInterface::RunInternal()
[2025.10.13-23.38.48:428][791]LogAudioMixer: Display: FMixerPlatformXAudio2::SubmitBuffer() called for the first time
[2025.10.13-23.38.48:428][791]LogInit: FAudioDevice initialized.
[2025.10.13-23.38.48:428][791]LogAudio: Display: Audio Device (ID: 10) registered with world 'ComidaVivaIA'.
[2025.10.13-23.38.48:440][791]LogLoad: Game class is 'BP_GameMode_C'
[2025.10.13-23.38.48:441][791]LogWorld: Bringing World /Game/Maps/UEDPIE_0_ComidaVivaIA.ComidaVivaIA up for play (max tick rate 0) at 2025.10.13-17.38.48
[2025.10.13-23.38.48:442][791]LogWorld: Bringing up level for play took: 0.001294
[2025.10.13-23.38.48:442][791]LogOnline: OSS: Creating online subsystem instance for: :Context_45
[2025.10.13-23.38.48:445][791]LogBlueprintUserMessages: [BP_ClareCharacter_C_0] BP_Sarten
[2025.10.13-23.38.48:446][791]LogBlueprintUserMessages: [BP_ClareCharacter_C_0] BP_Olla
[2025.10.13-23.38.48:448][791]LogBlueprintUserMessages: [BP_ClareCharacter_C_0] BP_LlaveInglesa
[2025.10.13-23.38.48:449][791]LogBlueprintUserMessages: [BP_ClareCharacter_C_0] BP_Escoba
[2025.10.13-23.38.48:451][791]LogBlueprintUserMessages: [BP_ClareCharacter_C_0] BP_Trapeador
[2025.10.13-23.38.48:452][791]LogBlueprintUserMessages: [BP_ClareCharacter_C_0] BP_Extintor
[2025.10.13-23.38.48:454][791]LogBlueprintUserMessages: [BP_ClareCharacter_C_0] BP_Cuchillo
[2025.10.13-23.38.48:455][791]PIE: Server logged in
[2025.10.13-23.38.48:456][791]PIE: Play in editor total start time 0.06 seconds.
[2025.10.13-23.38.48:472][792]LogBlueprintUserMessages: [BP_SwarmEnemy_2] "Përsiguiendo"
[2025.10.13-23.38.48:621][810]LogBlueprintUserMessages: [AN_EnableHitBox_C_0] Hitbox activada
[2025.10.13-23.38.48:854][838]LogBlueprintUserMessages: [AN_DisableHitBox_C_0] Hitbox Desactivado
[2025.10.13-23.38.48:896][843]LogBlueprintUserMessages: [BP_SwarmEnemy_2] Trail creado
[2025.10.13-23.38.48:970][852]LogBlueprintUserMessages: [BP_SwarmEnemy_2] "Përsiguiendo"
[2025.10.13-23.38.49:260][885]LogBlueprintUserMessages: [BP_ClareCharacter_C_0] Vida45.0
[2025.10.13-23.38.49:396][901]LogBlueprintUserMessages: [BP_ClareCharacter_C_0] Vida40.0
[2025.10.13-23.38.49:396][901]LogBlueprintUserMessages: [BP_SwarmEnemy_2] Trail creado
[2025.10.13-23.38.49:895][961]LogBlueprintUserMessages: [BP_SwarmEnemy_2] Trail creado
[2025.10.13-23.38.50:395][ 21]LogBlueprintUserMessages: [BP_SwarmEnemy_2] Trail creado
[2025.10.13-23.38.50:895][ 81]LogBlueprintUserMessages: [BP_SwarmEnemy_2] Trail creado
[2025.10.13-23.38.51:395][141]LogBlueprintUserMessages: [BP_SwarmEnemy_2] Trail creado
[2025.10.13-23.38.51:894][201]LogBlueprintUserMessages: [BP_SwarmEnemy_2] Trail creado
[2025.10.13-23.38.52:395][261]LogBlueprintUserMessages: [BP_SwarmEnemy_2] Trail creado
[2025.10.13-23.38.52:895][321]LogBlueprintUserMessages: [BP_SwarmEnemy_2] Trail creado
[2025.10.13-23.38.53:386][380]LogBlueprintUserMessages: [BP_TrailDamage_2] Destruido
[2025.10.13-23.38.53:395][381]LogBlueprintUserMessages: [BP_SwarmEnemy_2] Trail creado
[2025.10.13-23.38.53:895][441]LogBlueprintUserMessages: [BP_SwarmEnemy_2] Trail creado
[2025.10.13-23.38.53:903][442]LogBlueprintUserMessages: [BP_TrailDamage_C_0] Destruido
[2025.10.13-23.38.54:394][501]LogBlueprintUserMessages: [BP_TrailDamage_C_1] Destruido
[2025.10.13-23.38.54:395][501]LogBlueprintUserMessages: [BP_SwarmEnemy_2] Trail creado
[2025.10.13-23.38.54:894][561]LogBlueprintUserMessages: [BP_TrailDamage_C_2] Destruido
[2025.10.13-23.38.54:895][561]LogBlueprintUserMessages: [BP_SwarmEnemy_2] Trail creado
[2025.10.13-23.38.55:394][621]LogBlueprintUserMessages: [BP_TrailDamage_C_3] Destruido
[2025.10.13-23.38.55:394][621]LogBlueprintUserMessages: [BP_SwarmEnemy_2] Trail creado
[2025.10.13-23.38.55:511][635]LogBlueprintUserMessages: [BP_ClareCharacter_C_0] Vida35.0
[2025.10.13-23.38.55:511][635]LogBlueprintUserMessages: [BP_ClareCharacter_C_0] Vida30.0
[2025.10.13-23.38.55:511][635]LogBlueprintUserMessages: [BP_ClareCharacter_C_0] Vida25.0
[2025.10.13-23.38.55:511][635]LogBlueprintUserMessages: [BP_ClareCharacter_C_0] Vida20.0
[2025.10.13-23.38.55:511][635]LogBlueprintUserMessages: [BP_ClareCharacter_C_0] Vida15.0
[2025.10.13-23.38.55:511][635]LogBlueprintUserMessages: [BP_ClareCharacter_C_0] Vida10.0
[2025.10.13-23.38.55:511][635]LogBlueprintUserMessages: [BP_ClareCharacter_C_0] Vida5.0
[2025.10.13-23.38.55:511][635]LogBlueprintUserMessages: [BP_ClareCharacter_C_0] Vida0.0
[2025.10.13-23.38.55:511][635]LogBlueprintUserMessages: [BP_ClareCharacter_C_0] CLARE A MUERTO
[2025.10.13-23.38.55:511][635]LogBlueprintUserMessages: [BP_ClareCharacter_C_0] Vida0.0
[2025.10.13-23.38.55:511][635]LogBlueprintUserMessages: [BP_ClareCharacter_C_0] CLARE A MUERTO
[2025.10.13-23.38.55:511][635]LogBlueprintUserMessages: [BP_ClareCharacter_C_0] Vida0.0
[2025.10.13-23.38.55:511][635]LogBlueprintUserMessages: [BP_ClareCharacter_C_0] CLARE A MUERTO
[2025.10.13-23.38.55:895][681]LogBlueprintUserMessages: [BP_TrailDamage_C_4] Destruido
[2025.10.13-23.38.55:895][681]LogBlueprintUserMessages: [BP_ClareCharacter_C_0] Vida0.0
[2025.10.13-23.38.55:895][681]LogBlueprintUserMessages: [BP_ClareCharacter_C_0] CLARE A MUERTO
[2025.10.13-23.38.55:895][681]LogBlueprintUserMessages: [BP_SwarmEnemy_2] Trail creado
[2025.10.13-23.38.56:395][741]LogBlueprintUserMessages: [BP_TrailDamage_C_5] Destruido
[2025.10.13-23.38.56:395][741]LogBlueprintUserMessages: [BP_ClareCharacter_C_0] Vida0.0
[2025.10.13-23.38.56:395][741]LogBlueprintUserMessages: [BP_ClareCharacter_C_0] CLARE A MUERTO
[2025.10.13-23.38.56:395][741]LogBlueprintUserMessages: [BP_SwarmEnemy_2] Trail creado
[2025.10.13-23.38.56:894][801]LogBlueprintUserMessages: [BP_TrailDamage_C_6] Destruido
[2025.10.13-23.38.56:894][801]LogBlueprintUserMessages: [BP_ClareCharacter_C_0] Vida0.0
[2025.10.13-23.38.56:894][801]LogBlueprintUserMessages: [BP_ClareCharacter_C_0] CLARE A MUERTO
[2025.10.13-23.38.56:895][801]LogBlueprintUserMessages: [BP_SwarmEnemy_2] Trail creado
[2025.10.13-23.38.57:394][861]LogBlueprintUserMessages: [BP_TrailDamage_C_7] Destruido
[2025.10.13-23.38.57:395][861]LogBlueprintUserMessages: [BP_ClareCharacter_C_0] Vida0.0
[2025.10.13-23.38.57:395][861]LogBlueprintUserMessages: [BP_ClareCharacter_C_0] CLARE A MUERTO
[2025.10.13-23.38.57:395][861]LogBlueprintUserMessages: [BP_SwarmEnemy_2] Trail creado
[2025.10.13-23.38.57:894][921]LogBlueprintUserMessages: [BP_TrailDamage_C_8] Destruido
[2025.10.13-23.38.57:895][921]LogBlueprintUserMessages: [BP_ClareCharacter_C_0] Vida0.0
[2025.10.13-23.38.57:895][921]LogBlueprintUserMessages: [BP_ClareCharacter_C_0] CLARE A MUERTO
[2025.10.13-23.38.57:895][921]LogBlueprintUserMessages: [BP_SwarmEnemy_2] Trail creado
[2025.10.13-23.38.58:395][981]LogBlueprintUserMessages: [BP_TrailDamage_C_9] Destruido
[2025.10.13-23.38.58:395][981]LogBlueprintUserMessages: [BP_ClareCharacter_C_0] Vida0.0
[2025.10.13-23.38.58:395][981]LogBlueprintUserMessages: [BP_ClareCharacter_C_0] CLARE A MUERTO
[2025.10.13-23.38.58:395][981]LogBlueprintUserMessages: [BP_SwarmEnemy_2] Trail creado
[2025.10.13-23.38.58:895][ 41]LogBlueprintUserMessages: [BP_TrailDamage_C_10] Destruido
[2025.10.13-23.38.58:895][ 41]LogBlueprintUserMessages: [BP_ClareCharacter_C_0] Vida0.0
[2025.10.13-23.38.58:895][ 41]LogBlueprintUserMessages: [BP_ClareCharacter_C_0] CLARE A MUERTO
[2025.10.13-23.38.58:895][ 41]LogBlueprintUserMessages: [BP_SwarmEnemy_2] Trail creado
[2025.10.13-23.38.59:395][101]LogBlueprintUserMessages: [BP_TrailDamage_C_11] Destruido
[2025.10.13-23.38.59:395][101]LogBlueprintUserMessages: [BP_ClareCharacter_C_0] Vida0.0
[2025.10.13-23.38.59:395][101]LogBlueprintUserMessages: [BP_ClareCharacter_C_0] CLARE A MUERTO
[2025.10.13-23.38.59:395][101]LogBlueprintUserMessages: [BP_SwarmEnemy_2] Trail creado
[2025.10.13-23.38.59:894][161]LogBlueprintUserMessages: [BP_TrailDamage_C_12] Destruido
[2025.10.13-23.38.59:895][161]LogBlueprintUserMessages: [BP_ClareCharacter_C_0] Vida0.0
[2025.10.13-23.38.59:895][161]LogBlueprintUserMessages: [BP_ClareCharacter_C_0] CLARE A MUERTO
[2025.10.13-23.38.59:895][161]LogBlueprintUserMessages: [BP_SwarmEnemy_2] Trail creado
[2025.10.13-23.39.00:097][182]LogSlate: Updating window title bar state: overlay mode, drag disabled, window buttons hidden, title bar hidden
[2025.10.13-23.39.00:097][182]LogWorld: BeginTearingDown for /Game/Maps/UEDPIE_0_ComidaVivaIA
[2025.10.13-23.39.00:098][182]LogWorld: UWorld::CleanupWorld for ComidaVivaIA, bSessionEnded=true, bCleanupResources=true
[2025.10.13-23.39.00:098][182]LogSlate: InvalidateAllWidgets triggered.  All widgets were invalidated
[2025.10.13-23.39.00:102][182]LogPlayLevel: Display: Shutting down PIE online subsystems
[2025.10.13-23.39.00:115][182]LogSlate: InvalidateAllWidgets triggered.  All widgets were invalidated
[2025.10.13-23.39.00:129][182]LogSlate: Updating window title bar state: overlay mode, drag disabled, window buttons hidden, title bar hidden
[2025.10.13-23.39.00:129][182]LogAudioMixer: FMixerPlatformXAudio2::StopAudioStream() called
[2025.10.13-23.39.00:130][182]LogAudioMixer: FMixerPlatformXAudio2::StopAudioStream() called
[2025.10.13-23.39.00:134][182]LogUObjectHash: Compacting FUObjectHashTables data took   1.65ms
[2025.10.13-23.39.00:190][184]LogPlayLevel: Display: Destroying online subsystem :Context_45
[2025.10.13-23.39.01:719][367]LogTemp: Repeating last play command: Selected Viewport
[2025.10.13-23.39.01:724][367]LogPlayLevel: PlayLevel: No blueprints needed recompiling
[2025.10.13-23.39.01:724][367]PIE: New page: PIE session: ComidaVivaIA (Oct 13, 2025, 12:39:01 PM)
[2025.10.13-23.39.01:746][367]LogPlayLevel: Creating play world package: /Game/Maps/UEDPIE_0_ComidaVivaIA
[2025.10.13-23.39.01:749][367]LogPlayLevel: PIE: StaticDuplicateObject took: (0.002665s)
[2025.10.13-23.39.01:750][367]LogAIModule: Creating AISystem for world ComidaVivaIA
[2025.10.13-23.39.01:750][367]LogPlayLevel: PIE: World Init took: (0.000791s)
[2025.10.13-23.39.01:750][367]LogPlayLevel: PIE: Created PIE world by copying editor world from /Game/Maps/ComidaVivaIA.ComidaVivaIA to /Game/Maps/UEDPIE_0_ComidaVivaIA.ComidaVivaIA (0.003559s)
[2025.10.13-23.39.01:765][367]LogUObjectHash: Compacting FUObjectHashTables data took   1.91ms
[2025.10.13-23.39.01:766][367]LogAudio: Display: Creating Audio Device:                 Id: 11, Scope: Unique, Realtime: True
[2025.10.13-23.39.01:766][367]LogAudioMixer: Display: Audio Mixer Platform Settings:
[2025.10.13-23.39.01:766][367]LogAudioMixer: Display: 	Sample Rate:						  48000
[2025.10.13-23.39.01:766][367]LogAudioMixer: Display: 	Callback Buffer Frame Size Requested: 1024
[2025.10.13-23.39.01:766][367]LogAudioMixer: Display: 	Callback Buffer Frame Size To Use:	  1024
[2025.10.13-23.39.01:766][367]LogAudioMixer: Display: 	Number of buffers to queue:			  2
[2025.10.13-23.39.01:766][367]LogAudioMixer: Display: 	Max Channels (voices):				  32
[2025.10.13-23.39.01:766][367]LogAudioMixer: Display: 	Number of Async Source Workers:		  0
[2025.10.13-23.39.01:766][367]LogAudio: Display: AudioDevice MaxSources: 32
[2025.10.13-23.39.01:766][367]LogAudio: Display: Audio Spatialization Plugin: None (built-in).
[2025.10.13-23.39.01:766][367]LogAudio: Display: Audio Reverb Plugin: None (built-in).
[2025.10.13-23.39.01:766][367]LogAudio: Display: Audio Occlusion Plugin: None (built-in).
[2025.10.13-23.39.01:766][367]LogAudioMixer: Display: Initializing audio mixer.
[2025.10.13-23.39.01:769][367]LogAudioMixer: Display: 0: FrontLeft
[2025.10.13-23.39.01:769][367]LogAudioMixer: Display: 1: FrontRight
[2025.10.13-23.39.01:775][367]LogAudioMixer: Display: Using Audio Device LC24RG50 (NVIDIA High Definition Audio)
[2025.10.13-23.39.01:775][367]LogAudioMixer: Display: Initializing Sound Submixes...
[2025.10.13-23.39.01:775][367]LogAudioMixer: Display: Creating Master Submix 'MasterSubmixDefault'
[2025.10.13-23.39.01:775][367]LogAudioMixer: Display: Creating Master Submix 'MasterReverbSubmixDefault'
[2025.10.13-23.39.01:776][367]LogAudioMixer: Display: Creating Master Submix 'MasterEQSubmixDefault'
[2025.10.13-23.39.01:776][367]LogAudioMixer: FMixerPlatformXAudio2::StartAudioStream() called
[2025.10.13-23.39.01:776][367]LogAudioMixer: Display: Output buffers initialized: Frames=1024, Channels=2, Samples=2048
[2025.10.13-23.39.01:777][367]LogAudioMixer: Display: Starting AudioMixerPlatformInterface::RunInternal()
[2025.10.13-23.39.01:777][367]LogAudioMixer: Display: FMixerPlatformXAudio2::SubmitBuffer() called for the first time
[2025.10.13-23.39.01:777][367]LogInit: FAudioDevice initialized.
[2025.10.13-23.39.01:777][367]LogAudio: Display: Audio Device (ID: 11) registered with world 'ComidaVivaIA'.
[2025.10.13-23.39.01:784][367]LogLoad: Game class is 'BP_GameMode_C'
[2025.10.13-23.39.01:786][367]LogWorld: Bringing World /Game/Maps/UEDPIE_0_ComidaVivaIA.ComidaVivaIA up for play (max tick rate 0) at 2025.10.13-17.39.01
[2025.10.13-23.39.01:786][367]LogWorld: Bringing up level for play took: 0.001090
[2025.10.13-23.39.01:786][367]LogOnline: OSS: Creating online subsystem instance for: :Context_46
[2025.10.13-23.39.01:788][367]LogBlueprintUserMessages: [BP_ClareCharacter_C_0] BP_Sarten
[2025.10.13-23.39.01:790][367]LogBlueprintUserMessages: [BP_ClareCharacter_C_0] BP_Olla
[2025.10.13-23.39.01:791][367]LogBlueprintUserMessages: [BP_ClareCharacter_C_0] BP_LlaveInglesa
[2025.10.13-23.39.01:793][367]LogBlueprintUserMessages: [BP_ClareCharacter_C_0] BP_Escoba
[2025.10.13-23.39.01:794][367]LogBlueprintUserMessages: [BP_ClareCharacter_C_0] BP_Trapeador
[2025.10.13-23.39.01:796][367]LogBlueprintUserMessages: [BP_ClareCharacter_C_0] BP_Extintor
[2025.10.13-23.39.01:797][367]LogBlueprintUserMessages: [BP_ClareCharacter_C_0] BP_Cuchillo
[2025.10.13-23.39.01:799][367]PIE: Server logged in
[2025.10.13-23.39.01:799][367]PIE: Play in editor total start time 0.076 seconds.
[2025.10.13-23.39.01:914][380]LogBlueprintUserMessages: [BP_SwarmEnemy_2] "Përsiguiendo"
[2025.10.13-23.39.01:947][384]LogBlueprintUserMessages: [AN_EnableHitBox_C_0] Hitbox activada
[2025.10.13-23.39.02:180][412]LogBlueprintUserMessages: [AN_DisableHitBox_C_0] Hitbox Desactivado
[2025.10.13-23.39.02:222][417]LogBlueprintUserMessages: [BP_SwarmEnemy_2] Trail creado
[2025.10.13-23.39.02:414][440]LogBlueprintUserMessages: [BP_SwarmEnemy_2] "Përsiguiendo"
[2025.10.13-23.39.02:722][477]LogBlueprintUserMessages: [BP_SwarmEnemy_2] Trail creado
[2025.10.13-23.39.02:913][500]LogBlueprintUserMessages: [BP_SwarmEnemy_2] "Përsiguiendo"
[2025.10.13-23.39.03:222][537]LogBlueprintUserMessages: [BP_SwarmEnemy_2] Trail creado
[2025.10.13-23.39.03:414][560]LogBlueprintUserMessages: [BP_SwarmEnemy_2] "Përsiguiendo"
[2025.10.13-23.39.03:723][597]LogBlueprintUserMessages: [BP_SwarmEnemy_2] Trail creado
[2025.10.13-23.39.03:913][620]LogBlueprintUserMessages: [BP_SwarmEnemy_2] "Përsiguiendo"
[2025.10.13-23.39.04:223][657]LogBlueprintUserMessages: [BP_SwarmEnemy_2] Trail creado
[2025.10.13-23.39.04:413][680]LogBlueprintUserMessages: [BP_SwarmEnemy_2] "Përsiguiendo"
[2025.10.13-23.39.04:722][717]LogBlueprintUserMessages: [BP_SwarmEnemy_2] Trail creado
[2025.10.13-23.39.04:913][740]LogBlueprintUserMessages: [BP_SwarmEnemy_2] "Përsiguiendo"
[2025.10.13-23.39.05:130][766]LogBlueprintUserMessages: [AN_EnableHitBox_C_0] Hitbox activada
[2025.10.13-23.39.05:222][777]LogBlueprintUserMessages: [BP_SwarmEnemy_2] Trail creado
[2025.10.13-23.39.05:364][794]LogBlueprintUserMessages: [AN_DisableHitBox_C_0] Hitbox Desactivado
[2025.10.13-23.39.05:414][800]LogBlueprintUserMessages: [BP_SwarmEnemy_2] "Përsiguiendo"
[2025.10.13-23.39.05:723][837]LogBlueprintUserMessages: [BP_SwarmEnemy_2] Trail creado
[2025.10.13-23.39.05:747][840]LogBlueprintUserMessages: [BP_ClareCharacter_C_0] Vida45.0
[2025.10.13-23.39.05:914][860]LogBlueprintUserMessages: [BP_SwarmEnemy_2] "Përsiguiendo"
[2025.10.13-23.39.06:223][897]LogBlueprintUserMessages: [BP_SwarmEnemy_2] Trail creado
[2025.10.13-23.39.06:414][920]LogBlueprintUserMessages: [BP_SwarmEnemy_2] "Përsiguiendo"
[2025.10.13-23.39.06:514][932]LogBlueprintUserMessages: [AN_EnableHitBox_C_0] Hitbox activada
[2025.10.13-23.39.06:530][934]LogBlueprintUserMessages: [BP_ClareCharacter_C_0] Vida40.0
[2025.10.13-23.39.06:655][949]LogBlueprintUserMessages: [BP_ClareCharacter_C_0] Vida35.0
[2025.10.13-23.39.06:714][956]LogBlueprintUserMessages: [BP_TrailDamage_2] Destruido
[2025.10.13-23.39.06:723][957]LogBlueprintUserMessages: [BP_SwarmEnemy_2] Trail creado
[2025.10.13-23.39.06:747][960]LogBlueprintUserMessages: [AN_DisableHitBox_C_0] Hitbox Desactivado
[2025.10.13-23.39.06:830][970]LogBlueprintUserMessages: [BP_ClareCharacter_C_0] Vida30.0
[2025.10.13-23.39.06:855][973]LogBlueprintUserMessages: [BP_ClareCharacter_C_0] Vida25.0
[2025.10.13-23.39.06:947][984]LogBlueprintUserMessages: [BP_ClareCharacter_C_0] Vida20.0
[2025.10.13-23.39.06:947][984]LogBlueprintUserMessages: [BP_ClareCharacter_C_0] Vida15.0
[2025.10.13-23.39.07:222][ 17]LogBlueprintUserMessages: [BP_TrailDamage_C_0] Destruido
[2025.10.13-23.39.07:223][ 17]LogBlueprintUserMessages: [BP_SwarmEnemy_2] Trail creado
[2025.10.13-23.39.07:722][ 77]LogBlueprintUserMessages: [BP_TrailDamage_C_1] Destruido
[2025.10.13-23.39.07:722][ 77]LogBlueprintUserMessages: [BP_SwarmEnemy_2] Trail creado
[2025.10.13-23.39.08:222][137]LogBlueprintUserMessages: [BP_TrailDamage_C_2] Destruido
[2025.10.13-23.39.08:223][137]LogBlueprintUserMessages: [BP_SwarmEnemy_2] Trail creado
[2025.10.13-23.39.08:722][197]LogBlueprintUserMessages: [BP_TrailDamage_C_3] Destruido
[2025.10.13-23.39.08:723][197]LogBlueprintUserMessages: [BP_SwarmEnemy_2] Trail creado
[2025.10.13-23.39.09:222][257]LogBlueprintUserMessages: [BP_TrailDamage_C_4] Destruido
[2025.10.13-23.39.09:223][257]LogBlueprintUserMessages: [BP_SwarmEnemy_2] Trail creado
[2025.10.13-23.39.09:722][317]LogBlueprintUserMessages: [BP_TrailDamage_C_5] Destruido
[2025.10.13-23.39.09:723][317]LogBlueprintUserMessages: [BP_SwarmEnemy_2] Trail creado
[2025.10.13-23.39.10:222][377]LogBlueprintUserMessages: [BP_TrailDamage_C_6] Destruido
[2025.10.13-23.39.10:222][377]LogBlueprintUserMessages: [BP_SwarmEnemy_2] Trail creado
[2025.10.13-23.39.10:722][437]LogBlueprintUserMessages: [BP_TrailDamage_C_7] Destruido
[2025.10.13-23.39.10:722][437]LogBlueprintUserMessages: [BP_SwarmEnemy_2] Trail creado
[2025.10.13-23.39.11:222][497]LogBlueprintUserMessages: [BP_TrailDamage_C_8] Destruido
[2025.10.13-23.39.11:222][497]LogBlueprintUserMessages: [BP_SwarmEnemy_2] Trail creado
[2025.10.13-23.39.11:722][557]LogBlueprintUserMessages: [BP_TrailDamage_C_9] Destruido
[2025.10.13-23.39.11:723][557]LogBlueprintUserMessages: [BP_SwarmEnemy_2] Trail creado
[2025.10.13-23.39.11:863][574]LogBlueprintUserMessages: [BP_ClareCharacter_C_0] Vida10.0
[2025.10.13-23.39.11:863][574]LogBlueprintUserMessages: [BP_ClareCharacter_C_0] Vida5.0
[2025.10.13-23.39.11:863][574]LogBlueprintUserMessages: [BP_ClareCharacter_C_0] Vida0.0
[2025.10.13-23.39.11:863][574]LogBlueprintUserMessages: [BP_ClareCharacter_C_0] CLARE A MUERTO
[2025.10.13-23.39.11:863][574]LogBlueprintUserMessages: [BP_ClareCharacter_C_0] Vida0.0
[2025.10.13-23.39.11:863][574]LogBlueprintUserMessages: [BP_ClareCharacter_C_0] CLARE A MUERTO
[2025.10.13-23.39.11:863][574]LogBlueprintUserMessages: [BP_ClareCharacter_C_0] Vida0.0
[2025.10.13-23.39.11:863][574]LogBlueprintUserMessages: [BP_ClareCharacter_C_0] CLARE A MUERTO
[2025.10.13-23.39.11:863][574]LogBlueprintUserMessages: [BP_ClareCharacter_C_0] Vida0.0
[2025.10.13-23.39.11:864][574]LogBlueprintUserMessages: [BP_ClareCharacter_C_0] CLARE A MUERTO
[2025.10.13-23.39.11:864][574]LogBlueprintUserMessages: [BP_ClareCharacter_C_0] Vida0.0
[2025.10.13-23.39.11:864][574]LogBlueprintUserMessages: [BP_ClareCharacter_C_0] CLARE A MUERTO
[2025.10.13-23.39.11:864][574]LogBlueprintUserMessages: [BP_ClareCharacter_C_0] Vida0.0
[2025.10.13-23.39.11:864][574]LogBlueprintUserMessages: [BP_ClareCharacter_C_0] CLARE A MUERTO
[2025.10.13-23.39.11:864][574]LogBlueprintUserMessages: [BP_ClareCharacter_C_0] Vida0.0
[2025.10.13-23.39.11:864][574]LogBlueprintUserMessages: [BP_ClareCharacter_C_0] CLARE A MUERTO
[2025.10.13-23.39.11:864][574]LogBlueprintUserMessages: [BP_ClareCharacter_C_0] Vida0.0
[2025.10.13-23.39.11:864][574]LogBlueprintUserMessages: [BP_ClareCharacter_C_0] CLARE A MUERTO
[2025.10.13-23.39.12:222][617]LogBlueprintUserMessages: [BP_TrailDamage_C_10] Destruido
[2025.10.13-23.39.12:223][617]LogBlueprintUserMessages: [BP_ClareCharacter_C_0] Vida0.0
[2025.10.13-23.39.12:223][617]LogBlueprintUserMessages: [BP_ClareCharacter_C_0] CLARE A MUERTO
[2025.10.13-23.39.12:223][617]LogBlueprintUserMessages: [BP_SwarmEnemy_2] Trail creado
[2025.10.13-23.39.12:722][677]LogBlueprintUserMessages: [BP_TrailDamage_C_11] Destruido
[2025.10.13-23.39.12:723][677]LogBlueprintUserMessages: [BP_ClareCharacter_C_0] Vida0.0
[2025.10.13-23.39.12:723][677]LogBlueprintUserMessages: [BP_ClareCharacter_C_0] CLARE A MUERTO
[2025.10.13-23.39.12:723][677]LogBlueprintUserMessages: [BP_SwarmEnemy_2] Trail creado
[2025.10.13-23.39.13:222][737]LogBlueprintUserMessages: [BP_TrailDamage_C_12] Destruido
[2025.10.13-23.39.13:222][737]LogBlueprintUserMessages: [BP_ClareCharacter_C_0] Vida0.0
[2025.10.13-23.39.13:222][737]LogBlueprintUserMessages: [BP_ClareCharacter_C_0] CLARE A MUERTO
[2025.10.13-23.39.13:222][737]LogBlueprintUserMessages: [BP_SwarmEnemy_2] Trail creado
[2025.10.13-23.39.13:722][797]LogBlueprintUserMessages: [BP_TrailDamage_C_13] Destruido
[2025.10.13-23.39.13:723][797]LogBlueprintUserMessages: [BP_ClareCharacter_C_0] Vida0.0
[2025.10.13-23.39.13:723][797]LogBlueprintUserMessages: [BP_ClareCharacter_C_0] CLARE A MUERTO
[2025.10.13-23.39.13:723][797]LogBlueprintUserMessages: [BP_SwarmEnemy_2] Trail creado
[2025.10.13-23.39.14:223][857]LogBlueprintUserMessages: [BP_TrailDamage_C_14] Destruido
[2025.10.13-23.39.14:223][857]LogBlueprintUserMessages: [BP_ClareCharacter_C_0] Vida0.0
[2025.10.13-23.39.14:223][857]LogBlueprintUserMessages: [BP_ClareCharacter_C_0] CLARE A MUERTO
[2025.10.13-23.39.14:223][857]LogBlueprintUserMessages: [BP_SwarmEnemy_2] Trail creado
[2025.10.13-23.39.14:722][917]LogBlueprintUserMessages: [BP_TrailDamage_C_15] Destruido
[2025.10.13-23.39.14:723][917]LogBlueprintUserMessages: [BP_ClareCharacter_C_0] Vida0.0
[2025.10.13-23.39.14:723][917]LogBlueprintUserMessages: [BP_ClareCharacter_C_0] CLARE A MUERTO
[2025.10.13-23.39.14:723][917]LogBlueprintUserMessages: [BP_SwarmEnemy_2] Trail creado
[2025.10.13-23.39.15:217][973]LogSlate: Updating window title bar state: overlay mode, drag disabled, window buttons hidden, title bar hidden
[2025.10.13-23.39.15:217][973]LogWorld: BeginTearingDown for /Game/Maps/UEDPIE_0_ComidaVivaIA
[2025.10.13-23.39.15:217][973]LogWorld: UWorld::CleanupWorld for ComidaVivaIA, bSessionEnded=true, bCleanupResources=true
[2025.10.13-23.39.15:217][973]LogSlate: InvalidateAllWidgets triggered.  All widgets were invalidated
[2025.10.13-23.39.15:225][973]LogPlayLevel: Display: Shutting down PIE online subsystems
[2025.10.13-23.39.15:239][973]LogSlate: InvalidateAllWidgets triggered.  All widgets were invalidated
[2025.10.13-23.39.15:253][973]LogSlate: Updating window title bar state: overlay mode, drag disabled, window buttons hidden, title bar hidden
[2025.10.13-23.39.15:254][973]LogAudioMixer: FMixerPlatformXAudio2::StopAudioStream() called
[2025.10.13-23.39.15:255][973]LogAudioMixer: FMixerPlatformXAudio2::StopAudioStream() called
[2025.10.13-23.39.15:262][973]LogUObjectHash: Compacting FUObjectHashTables data took   1.88ms
[2025.10.13-23.39.15:293][974]LogPlayLevel: Display: Destroying online subsystem :Context_46
[2025.10.13-23.39.16:500][114]Cmd: OBJ SAVEPACKAGE PACKAGE="/Game/Maps/ComidaVivaIA" FILE="C:/Users/PC/Documents/GitHub/TasteOfMadness/TasteOfMadness/Content/Maps/ComidaVivaIA.umap" SILENT=true AUTOSAVING=false KEEPDIRTY=false
[2025.10.13-23.39.16:514][114]LogUObjectHash: Compacting FUObjectHashTables data took   1.73ms
[2025.10.13-23.39.16:523][114]LogSavePackage: Moving 'C:/Users/PC/Documents/GitHub/TasteOfMadness/TasteOfMadness/Saved/ComidaVivaIA7327A3AB428DFBA963A975B35BD5DD3A.tmp' to 'C:/Users/PC/Documents/GitHub/TasteOfMadness/TasteOfMadness/Content/Maps/ComidaVivaIA.umap'
[2025.10.13-23.39.16:547][114]AssetCheck: New page: Asset Save: ComidaVivaIA
[2025.10.13-23.39.16:547][114]LogContentValidation: Display: Validating World /Game/Maps/ComidaVivaIA.ComidaVivaIA
[2025.10.13-23.41.47:978][220]LogAssetEditorSubsystem: Opening Asset editor for Blueprint /Game/Characters/Content_Enemies/BP_Rata/BP_SwarmEnemy.BP_SwarmEnemy
[2025.10.13-23.41.48:320][221]LogBlueprintUserMessages: [AN_EnableHitBox_C_0] Hitbox activada
[2025.10.13-23.41.48:429][233]LogBlueprintUserMessages: [AN_DisableHitBox_C_0] Hitbox Desactivado
[2025.10.13-23.45.52:474][433]LogSavePackage: Moving 'C:/Users/PC/Documents/GitHub/TasteOfMadness/TasteOfMadness/Saved/BP_SwarmEnemyB0709B864195235E47DCFC83408E7B9A.tmp' to 'C:/Users/PC/Documents/GitHub/TasteOfMadness/TasteOfMadness/Content/Characters/Content_Enemies/BP_Rata/BP_SwarmEnemy.uasset'
[2025.10.13-23.45.52:489][433]AssetCheck: New page: Asset Save: BP_SwarmEnemy
[2025.10.13-23.45.52:489][433]LogContentValidation: Display: Validating Blueprint /Game/Characters/Content_Enemies/BP_Rata/BP_SwarmEnemy.BP_SwarmEnemy
[2025.10.13-23.47.44:147][432]LogBlueprintUserMessages: [AN_EnableHitBox_C_0] Hitbox activada
[2025.10.13-23.47.44:267][442]LogBlueprintUserMessages: [AN_DisableHitBox_C_0] Hitbox Desactivado
[2025.10.13-23.47.46:098][655]BlueprintLog: New page: Compile BP_SwarmEnemy
[2025.10.13-23.47.46:143][655]LogUObjectHash: Compacting FUObjectHashTables data took   2.81ms
[2025.10.13-23.47.46:335][669]LogBlueprintUserMessages: [AN_EnableHitBox_C_0] Hitbox activada
[2025.10.13-23.47.46:560][696]LogBlueprintUserMessages: [AN_DisableHitBox_C_0] Hitbox Desactivado
[2025.10.13-23.47.46:707][707]LogSavePackage: Moving 'C:/Users/PC/Documents/GitHub/TasteOfMadness/TasteOfMadness/Saved/BP_SwarmEnemy49C4453E48127425BA3BD2ADB64BC6FB.tmp' to 'C:/Users/PC/Documents/GitHub/TasteOfMadness/TasteOfMadness/Content/Characters/Content_Enemies/BP_Rata/BP_SwarmEnemy.uasset'
[2025.10.13-23.47.46:721][707]AssetCheck: New page: Asset Save: BP_SwarmEnemy
[2025.10.13-23.47.46:721][707]LogContentValidation: Display: Validating Blueprint /Game/Characters/Content_Enemies/BP_Rata/BP_SwarmEnemy.BP_SwarmEnemy
[2025.10.13-23.47.48:639][919]LogBlueprintUserMessages: [AN_EnableHitBox_C_0] Hitbox activada
[2025.10.13-23.47.48:979][953]LogBlueprintUserMessages: [AN_EnableHitBox_C_0] Hitbox activada
[2025.10.13-23.47.49:209][980]LogBlueprintUserMessages: [AN_DisableHitBox_C_0] Hitbox Desactivado
[2025.10.13-23.47.49:771][ 47]BlueprintLog: New page: Compile BP_SwarmEnemy
[2025.10.13-23.47.49:817][ 47]LogUObjectHash: Compacting FUObjectHashTables data took   2.29ms
[2025.10.13-23.47.50:008][ 62]LogBlueprintUserMessages: [AN_EnableHitBox_C_0] Hitbox activada
[2025.10.13-23.47.50:259][ 85]LogSavePackage: Moving 'C:/Users/PC/Documents/GitHub/TasteOfMadness/TasteOfMadness/Saved/BP_SwarmEnemy9091722C4BBB983A03708AA78CC67704.tmp' to 'C:/Users/PC/Documents/GitHub/TasteOfMadness/TasteOfMadness/Content/Characters/Content_Enemies/BP_Rata/BP_SwarmEnemy.uasset'
[2025.10.13-23.47.50:273][ 85]AssetCheck: New page: Asset Save: BP_SwarmEnemy
[2025.10.13-23.47.50:273][ 85]LogContentValidation: Display: Validating Blueprint /Game/Characters/Content_Enemies/BP_Rata/BP_SwarmEnemy.BP_SwarmEnemy
[2025.10.13-23.47.50:288][ 86]LogBlueprintUserMessages: [AN_DisableHitBox_C_0] Hitbox Desactivado
[2025.10.13-23.49.11:940][ 25]LogUObjectHash: Compacting FUObjectHashTables data took   2.18ms
[2025.10.13-23.49.11:950][ 25]LogSavePackage: Moving 'C:/Users/PC/Documents/GitHub/TasteOfMadness/TasteOfMadness/Saved/ComidaVivaIA_Auto7DE95720E4527D0B229D0918DC4E4CFDC.tmp' to 'C:/Users/PC/Documents/GitHub/TasteOfMadness/TasteOfMadness/Saved/Autosaves/Game/Maps/ComidaVivaIA_Auto7.umap'
[2025.10.13-23.49.11:951][ 25]LogFileHelpers: Editor autosave (incl. external actors) for '/Game/Maps/ComidaVivaIA' took 0.030
[2025.10.13-23.49.11:951][ 25]LogFileHelpers: Editor autosave (incl. sublevels & external actors) for all levels took 0.030
[2025.10.13-23.49.11:951][ 25]OBJ SavePackage: Generating thumbnails for [0] asset(s) in package [/Game/Characters/Content_Enemies/BP_Rata/BP_SwarmEnemy] ([2] browsable assets)...
[2025.10.13-23.49.11:951][ 25]OBJ SavePackage: Finished generating thumbnails for package [/Game/Characters/Content_Enemies/BP_Rata/BP_SwarmEnemy]
[2025.10.13-23.49.11:980][ 25]LogSavePackage: Moving 'C:/Users/PC/Documents/GitHub/TasteOfMadness/TasteOfMadness/Saved/BP_SwarmEnemy_Auto76DC5B8FC4DE3ACD366A725BA53FC1CC7.tmp' to 'C:/Users/PC/Documents/GitHub/TasteOfMadness/TasteOfMadness/Saved/Autosaves/Game/Characters/Content_Enemies/BP_Rata/BP_SwarmEnemy_Auto7.uasset'
[2025.10.13-23.49.11:980][ 25]LogFileHelpers: Auto-saving content packages took 0.029
[2025.10.13-23.52.14:419][928]LogSavePackage: Moving 'C:/Users/PC/Documents/GitHub/TasteOfMadness/TasteOfMadness/Saved/BP_SwarmEnemy089EA10E4284F724337FB1AB265D882B.tmp' to 'C:/Users/PC/Documents/GitHub/TasteOfMadness/TasteOfMadness/Content/Characters/Content_Enemies/BP_Rata/BP_SwarmEnemy.uasset'
[2025.10.13-23.52.14:434][928]AssetCheck: New page: Asset Save: BP_SwarmEnemy
[2025.10.13-23.52.14:434][928]LogContentValidation: Display: Validating Blueprint /Game/Characters/Content_Enemies/BP_Rata/BP_SwarmEnemy.BP_SwarmEnemy
[2025.10.13-23.54.20:347][960]LogSavePackage: Moving 'C:/Users/PC/Documents/GitHub/TasteOfMadness/TasteOfMadness/Saved/BP_SwarmEnemy33D9B7C14C6773DF3548FC88F8CA2897.tmp' to 'C:/Users/PC/Documents/GitHub/TasteOfMadness/TasteOfMadness/Content/Characters/Content_Enemies/BP_Rata/BP_SwarmEnemy.uasset'
[2025.10.13-23.54.20:362][960]AssetCheck: New page: Asset Save: BP_SwarmEnemy
[2025.10.13-23.54.20:362][960]LogContentValidation: Display: Validating Blueprint /Game/Characters/Content_Enemies/BP_Rata/BP_SwarmEnemy.BP_SwarmEnemy
[2025.10.13-23.54.29:487][841]LogSavePackage: Moving 'C:/Users/PC/Documents/GitHub/TasteOfMadness/TasteOfMadness/Saved/BP_SwarmEnemy09AF0BA640023AD0F8E778B6CBCFD0AE.tmp' to 'C:/Users/PC/Documents/GitHub/TasteOfMadness/TasteOfMadness/Content/Characters/Content_Enemies/BP_Rata/BP_SwarmEnemy.uasset'
[2025.10.13-23.54.29:501][841]AssetCheck: New page: Asset Save: BP_SwarmEnemy
[2025.10.13-23.54.29:501][841]LogContentValidation: Display: Validating Blueprint /Game/Characters/Content_Enemies/BP_Rata/BP_SwarmEnemy.BP_SwarmEnemy
[2025.10.13-23.54.34:112][377]Cmd: OBJ SAVEPACKAGE PACKAGE="/Game/Maps/ComidaVivaIA" FILE="C:/Users/PC/Documents/GitHub/TasteOfMadness/TasteOfMadness/Content/Maps/ComidaVivaIA.umap" SILENT=true AUTOSAVING=false KEEPDIRTY=false
[2025.10.13-23.54.34:129][377]LogUObjectHash: Compacting FUObjectHashTables data took   0.75ms
[2025.10.13-23.54.34:141][377]LogSavePackage: Moving 'C:/Users/PC/Documents/GitHub/TasteOfMadness/TasteOfMadness/Saved/ComidaVivaIA50D2BD5142C3844A9D7EE7BA69D38B8F.tmp' to 'C:/Users/PC/Documents/GitHub/TasteOfMadness/TasteOfMadness/Content/Maps/ComidaVivaIA.umap'
[2025.10.13-23.54.34:167][377]AssetCheck: New page: Asset Save: ComidaVivaIA
[2025.10.13-23.54.34:167][377]LogContentValidation: Display: Validating World /Game/Maps/ComidaVivaIA.ComidaVivaIA
[2025.10.13-23.56.25:643][241]LogRenderer: Reallocating scene render targets to support 1480x708 Format 10 NumSamples 1 (Frame:1).
[2025.10.13-23.56.25:858][264]LogBlueprintUserMessages: [AN_EnableHitBox_C_0] Hitbox activada
[2025.10.13-23.56.26:095][292]LogBlueprintUserMessages: [AN_DisableHitBox_C_0] Hitbox Desactivado
[2025.10.13-23.56.28:012][515]LogSavePackage: Moving 'C:/Users/PC/Documents/GitHub/TasteOfMadness/TasteOfMadness/Saved/BP_SwarmEnemy5D9183E64D733B991736E2A112AD0582.tmp' to 'C:/Users/PC/Documents/GitHub/TasteOfMadness/TasteOfMadness/Content/Characters/Content_Enemies/BP_Rata/BP_SwarmEnemy.uasset'
[2025.10.13-23.56.28:027][515]AssetCheck: New page: Asset Save: BP_SwarmEnemy
[2025.10.13-23.56.28:027][515]LogContentValidation: Display: Validating Blueprint /Game/Characters/Content_Enemies/BP_Rata/BP_SwarmEnemy.BP_SwarmEnemy
[2025.10.13-23.56.35:221][365]LogWorld: UWorld::CleanupWorld for World_36, bSessionEnded=true, bCleanupResources=true
[2025.10.13-23.56.35:221][365]LogSlate: InvalidateAllWidgets triggered.  All widgets were invalidated
[2025.10.13-23.56.36:970][555]Cmd: OBJ SAVEPACKAGE PACKAGE="/Game/Maps/ComidaVivaIA" FILE="C:/Users/PC/Documents/GitHub/TasteOfMadness/TasteOfMadness/Content/Maps/ComidaVivaIA.umap" SILENT=true AUTOSAVING=false KEEPDIRTY=false
[2025.10.13-23.56.36:990][555]LogUObjectHash: Compacting FUObjectHashTables data took   2.39ms
[2025.10.13-23.56.37:001][555]LogSavePackage: Moving 'C:/Users/PC/Documents/GitHub/TasteOfMadness/TasteOfMadness/Saved/ComidaVivaIA46E2A5274384C6C5CC31BE938CD66E76.tmp' to 'C:/Users/PC/Documents/GitHub/TasteOfMadness/TasteOfMadness/Content/Maps/ComidaVivaIA.umap'
[2025.10.13-23.56.37:028][555]AssetCheck: New page: Asset Save: ComidaVivaIA
[2025.10.13-23.56.37:028][555]LogContentValidation: Display: Validating World /Game/Maps/ComidaVivaIA.ComidaVivaIA
[2025.10.13-23.56.39:380][832]LogAssetEditorSubsystem: Opening Asset editor for AnimBlueprint /Game/Characters/Content_Enemies/BP_Rata/ABP_Swarm.ABP_Swarm
[2025.10.13-23.56.39:386][832]LogActorComponent: RegisterComponentWithWorld: (/Engine/Transient.World_38:PersistentLevel.AnimationEditorPreviewActor_0.DebugSkelMeshComponent_0) Already registered. Aborting.
[2025.10.13-23.57.41:339][963]LogSavePackage: Moving 'C:/Users/PC/Documents/GitHub/TasteOfMadness/TasteOfMadness/Saved/ABP_Swarm590217D442B43E3244B98D9A747FB8AC.tmp' to 'C:/Users/PC/Documents/GitHub/TasteOfMadness/TasteOfMadness/Content/Characters/Content_Enemies/BP_Rata/ABP_Swarm.uasset'
[2025.10.13-23.57.41:353][963]AssetCheck: New page: Asset Save: ABP_Swarm
[2025.10.13-23.57.41:353][963]LogContentValidation: Display: Validating AnimBlueprint /Game/Characters/Content_Enemies/BP_Rata/ABP_Swarm.ABP_Swarm
[2025.10.13-23.57.42:837][136]LogWorld: UWorld::CleanupWorld for World_38, bSessionEnded=true, bCleanupResources=true
[2025.10.13-23.57.42:837][136]LogSlate: InvalidateAllWidgets triggered.  All widgets were invalidated
[2025.10.13-23.57.42:845][136]LogWorld: UWorld::CleanupWorld for World_37, bSessionEnded=true, bCleanupResources=true
[2025.10.13-23.57.42:845][136]LogSlate: InvalidateAllWidgets triggered.  All widgets were invalidated
[2025.10.13-23.57.42:922][136]LogWorld: UWorld::CleanupWorld for World_39, bSessionEnded=true, bCleanupResources=true
[2025.10.13-23.57.42:923][136]LogSlate: InvalidateAllWidgets triggered.  All widgets were invalidated
[2025.10.13-23.57.44:086][271]Cmd: OBJ SAVEPACKAGE PACKAGE="/Game/Maps/ComidaVivaIA" FILE="C:/Users/PC/Documents/GitHub/TasteOfMadness/TasteOfMadness/Content/Maps/ComidaVivaIA.umap" SILENT=true AUTOSAVING=false KEEPDIRTY=false
[2025.10.13-23.57.44:106][271]LogUObjectHash: Compacting FUObjectHashTables data took   1.84ms
[2025.10.13-23.57.44:119][271]LogSavePackage: Moving 'C:/Users/PC/Documents/GitHub/TasteOfMadness/TasteOfMadness/Saved/ComidaVivaIA85E375704003AA428DB3A9996CBCC3E3.tmp' to 'C:/Users/PC/Documents/GitHub/TasteOfMadness/TasteOfMadness/Content/Maps/ComidaVivaIA.umap'
[2025.10.13-23.57.44:143][271]AssetCheck: New page: Asset Save: ComidaVivaIA
[2025.10.13-23.57.44:143][271]LogContentValidation: Display: Validating World /Game/Maps/ComidaVivaIA.ComidaVivaIA
[2025.10.13-23.57.48:275][484]LogAssetEditorSubsystem: Opening Asset editor for Blueprint /Game/Characters/Content_Enemies/BP_Rata/AN_DisableHitBox.AN_DisableHitBox
[2025.10.13-23.59.13:463][830]BlueprintLog: New page: Compile AN_DisableHitBox
[2025.10.13-23.59.13:488][830]LogUObjectHash: Compacting FUObjectHashTables data took   2.07ms
[2025.10.13-23.59.14:379][933]LogSavePackage: Moving 'C:/Users/PC/Documents/GitHub/TasteOfMadness/TasteOfMadness/Saved/AN_DisableHitBox55643A3F4E432B83928D1DB02EF4B5A1.tmp' to 'C:/Users/PC/Documents/GitHub/TasteOfMadness/TasteOfMadness/Content/Characters/Content_Enemies/BP_Rata/AN_DisableHitBox.uasset'
[2025.10.13-23.59.14:393][933]AssetCheck: New page: Asset Save: AN_DisableHitBox
[2025.10.13-23.59.14:393][933]LogContentValidation: Display: Validating Blueprint /Game/Characters/Content_Enemies/BP_Rata/AN_DisableHitBox.AN_DisableHitBox
[2025.10.13-23.59.15:287][ 38]LogWorld: UWorld::CleanupWorld for World_40, bSessionEnded=true, bCleanupResources=true
[2025.10.13-23.59.15:287][ 38]LogSlate: InvalidateAllWidgets triggered.  All widgets were invalidated
[2025.10.13-23.59.16:569][179]LogAssetEditorSubsystem: Opening Asset editor for Blueprint /Game/Characters/Content_Enemies/BP_Rata/AN_EnableHitBox.AN_EnableHitBox
[2025.10.13-23.59.20:054][561]LogAssetEditorSubsystem: Opening Asset editor for Blueprint /Game/Characters/Content_Enemies/BP_Rata/AN_DisableHitBox.AN_DisableHitBox
[2025.10.13-23.59.42:772][245]BlueprintLog: New page: Compile AN_EnableHitBox
[2025.10.13-23.59.42:802][245]LogUObjectHash: Compacting FUObjectHashTables data took   2.06ms
[2025.10.13-23.59.43:346][307]LogSavePackage: Moving 'C:/Users/PC/Documents/GitHub/TasteOfMadness/TasteOfMadness/Saved/AN_EnableHitBoxF8D28DD14FACD5302AB26D97DDC4B9E0.tmp' to 'C:/Users/PC/Documents/GitHub/TasteOfMadness/TasteOfMadness/Content/Characters/Content_Enemies/BP_Rata/AN_EnableHitBox.uasset'
[2025.10.13-23.59.43:359][307]AssetCheck: New page: Asset Save: AN_EnableHitBox
[2025.10.13-23.59.43:359][307]LogContentValidation: Display: Validating Blueprint /Game/Characters/Content_Enemies/BP_Rata/AN_EnableHitBox.AN_EnableHitBox
[2025.10.13-23.59.47:911][844]LogWorld: UWorld::CleanupWorld for World_41, bSessionEnded=true, bCleanupResources=true
[2025.10.13-23.59.47:911][844]LogSlate: InvalidateAllWidgets triggered.  All widgets were invalidated
[2025.10.13-23.59.48:382][892]LogWorld: UWorld::CleanupWorld for World_42, bSessionEnded=true, bCleanupResources=true
[2025.10.13-23.59.48:382][892]LogSlate: InvalidateAllWidgets triggered.  All widgets were invalidated
[2025.10.13-23.59.50:863][182]LogAssetEditorSubsystem: Opening Asset editor for AnimBlueprint /Game/Characters/Content_Enemies/BP_Rata/ABP_Swarm.ABP_Swarm
[2025.10.13-23.59.50:868][182]LogActorComponent: RegisterComponentWithWorld: (/Engine/Transient.World_44:PersistentLevel.AnimationEditorPreviewActor_0.DebugSkelMeshComponent_0) Already registered. Aborting.
[2025.10.13-23.59.53:160][401]LogWorld: UWorld::CleanupWorld for World_44, bSessionEnded=true, bCleanupResources=true
[2025.10.13-23.59.53:160][401]LogSlate: InvalidateAllWidgets triggered.  All widgets were invalidated
[2025.10.13-23.59.53:172][401]LogWorld: UWorld::CleanupWorld for World_43, bSessionEnded=true, bCleanupResources=true
[2025.10.13-23.59.53:172][401]LogSlate: InvalidateAllWidgets triggered.  All widgets were invalidated
[2025.10.13-23.59.53:252][401]LogWorld: UWorld::CleanupWorld for World_45, bSessionEnded=true, bCleanupResources=true
[2025.10.13-23.59.53:252][401]LogSlate: InvalidateAllWidgets triggered.  All widgets were invalidated
[2025.10.13-23.59.54:828][586]LogAssetEditorSubsystem: Opening Asset editor for Blueprint /Game/Characters/Content_Enemies/BP_Rata/BP_TrailDamage.BP_TrailDamage
[2025.10.14-00.02.10:715][823]LogSavePackage: Moving 'C:/Users/PC/Documents/GitHub/TasteOfMadness/TasteOfMadness/Saved/BP_TrailDamage2F9221AB4160C04C26CD5A99FC7C4E1B.tmp' to 'C:/Users/PC/Documents/GitHub/TasteOfMadness/TasteOfMadness/Content/Characters/Content_Enemies/BP_Rata/BP_TrailDamage.uasset'
[2025.10.14-00.02.10:729][823]AssetCheck: New page: Asset Save: BP_TrailDamage
[2025.10.14-00.02.10:729][823]LogContentValidation: Display: Validating Blueprint /Game/Characters/Content_Enemies/BP_Rata/BP_TrailDamage.BP_TrailDamage
[2025.10.14-00.02.18:871][792]LogSavePackage: Moving 'C:/Users/PC/Documents/GitHub/TasteOfMadness/TasteOfMadness/Saved/BP_TrailDamage9ECB1D0643BF25079855938FB9F0CC4B.tmp' to 'C:/Users/PC/Documents/GitHub/TasteOfMadness/TasteOfMadness/Content/Characters/Content_Enemies/BP_Rata/BP_TrailDamage.uasset'
[2025.10.14-00.02.18:884][792]AssetCheck: New page: Asset Save: BP_TrailDamage
[2025.10.14-00.02.18:884][792]LogContentValidation: Display: Validating Blueprint /Game/Characters/Content_Enemies/BP_Rata/BP_TrailDamage.BP_TrailDamage
[2025.10.14-00.02.20:036][926]Cmd: OBJ SAVEPACKAGE PACKAGE="/Game/Maps/ComidaVivaIA" FILE="C:/Users/PC/Documents/GitHub/TasteOfMadness/TasteOfMadness/Content/Maps/ComidaVivaIA.umap" SILENT=true AUTOSAVING=false KEEPDIRTY=false
[2025.10.14-00.02.20:060][926]LogUObjectHash: Compacting FUObjectHashTables data took   2.15ms
[2025.10.14-00.02.20:071][926]LogSavePackage: Moving 'C:/Users/PC/Documents/GitHub/TasteOfMadness/TasteOfMadness/Saved/ComidaVivaIA2645FB9A456CC62DB73375B30841D4FA.tmp' to 'C:/Users/PC/Documents/GitHub/TasteOfMadness/TasteOfMadness/Content/Maps/ComidaVivaIA.umap'
[2025.10.14-00.02.20:096][926]AssetCheck: New page: Asset Save: ComidaVivaIA
[2025.10.14-00.02.20:096][926]LogContentValidation: Display: Validating World /Game/Maps/ComidaVivaIA.ComidaVivaIA
[2025.10.14-00.02.21:537][ 95]LogWorld: UWorld::CleanupWorld for World_46, bSessionEnded=true, bCleanupResources=true
[2025.10.14-00.02.21:537][ 95]LogSlate: InvalidateAllWidgets triggered.  All widgets were invalidated
[2025.10.14-00.02.23:189][285]LogAssetEditorSubsystem: Opening Asset editor for Material /Game/Characters/Content_Enemies/BP_Rata/M_TrailDamage.M_TrailDamage
[2025.10.14-00.02.23:205][285]LogMaterial: Display: Missing cached shadermap for M_TrailDamage in PCD3D_SM5, Default, SM5 (DDC key hash: 61B15775796B7A7E903E00AB0A9622FC18E4EB9A), compiling. 
[2025.10.14-00.02.23:296][285]LogShaderCompilers: Display: Submitted 25 shader compile jobs with 'Normal' priority
[2025.10.14-00.02.23:386][285]LogMaterial: Display: Missing cached shadermap for M_TrailDamage in PCD3D_SM5, Default, SM5 (DDC key hash: CC5AF46441E08A7B54099CED38F0779B028357B8), compiling. 
[2025.10.14-00.02.23:400][285]LogMaterial: Display: Missing cached shadermap for M_TrailDamage in PCD3D_SM5, Default, SM5 (DDC key hash: 8BD1110ADF3862029DEF8E6A1114936414040CD0), compiling. 
[2025.10.14-00.02.23:401][285]LogMaterial: Display: Missing cached shadermap for FMatExpressionPreview MaterialExpressionVectorParameter_0 in PCD3D_SM5, Default, SM5 (DDC key hash: 0CF933B951D43B962EFB296F43DD0D71B544839F), compiling. 
[2025.10.14-00.02.23:402][285]LogMaterial: Display: Missing cached shadermap for FMatExpressionPreview MaterialExpressionScalarParameter_0 in PCD3D_SM5, Default, SM5 (DDC key hash: 779A9A3785073C18D4F9FD26E6E4F870283A6435), compiling. 
[2025.10.14-00.02.23:420][285]MaterialEditorStats: Texture samplers: 0/16
[2025.10.14-00.02.23:513][286]LogShaderCompilers: Display: Submitted 25 shader compile jobs with 'Normal' priority
[2025.10.14-00.02.23:513][286]LogShaderCompilers: Display: Worker (1/9): shaders left to compile 2
[2025.10.14-00.02.23:513][286]LogShaderCompilers: Display: Worker (2/9): shaders left to compile 1
[2025.10.14-00.02.23:513][286]LogShaderCompilers: Display: Worker (3/9): shaders left to compile 23
[2025.10.14-00.02.23:513][286]LogShaderCompilers: Display: Worker (4/9): shaders left to compile 20
[2025.10.14-00.02.23:513][286]LogShaderCompilers: Display: Worker (5/9): shaders left to compile 17
[2025.10.14-00.02.23:513][286]LogShaderCompilers: Display: Worker (6/9): shaders left to compile 14
[2025.10.14-00.02.23:513][286]LogShaderCompilers: Display: Worker (7/9): shaders left to compile 11
[2025.10.14-00.02.23:513][286]LogShaderCompilers: Display: Worker (8/9): shaders left to compile 8
[2025.10.14-00.02.23:513][286]LogShaderCompilers: Display: Started 18 'Local' shader compile jobs with 'Normal' priority
[2025.10.14-00.02.23:513][286]LogShaderCompilers: Display: Started 2 'Local' shader compile jobs with 'ForceLocal' priority
[2025.10.14-00.02.23:570][293]LogShaderCompilers: Display: Submitted 2 shader compile jobs with 'ForceLocal' priority
[2025.10.14-00.02.23:579][294]LogShaderCompilers: Display: Submitted 2 shader compile jobs with 'ForceLocal' priority
[2025.10.14-00.02.25:336][497]LogShaderCompilers: Display: Worker (1/9): shaders left to compile 4
[2025.10.14-00.02.25:336][497]LogShaderCompilers: Display: Started 1 'Local' shader compile jobs with 'ForceLocal' priority
[2025.10.14-00.02.25:339][497]LogShaderCompilers: Display: === FShaderJobCache stats ===
[2025.10.14-00.02.25:339][497]LogShaderCompilers: Display: Total job queries 54, among them cache hits 0 (0.00%)
[2025.10.14-00.02.25:339][497]LogShaderCompilers: Display: Tracking 1 distinct input hashes that result in 1 distinct outputs (100.00%)
[2025.10.14-00.02.25:339][497]LogShaderCompilers: Display: RAM used: 0.00 MB (0.00 GB) of 1228.80 MB (1.20 GB) budget. Usage: 0.00%
[2025.10.14-00.02.25:339][497]LogShaderCompilers: Display: ================================================
[2025.10.14-00.02.25:451][509]LogShaderCompilers: Display: Worker (2/9): shaders left to compile 3
[2025.10.14-00.02.25:451][509]LogShaderCompilers: Display: Started 1 'Local' shader compile jobs with 'ForceLocal' priority
[2025.10.14-00.02.25:720][538]LogShaderCompilers: Display: Worker (1/9): shaders left to compile 2
[2025.10.14-00.02.25:720][538]LogShaderCompilers: Display: Started 1 'Local' shader compile jobs with 'ForceLocal' priority
[2025.10.14-00.02.25:820][549]LogShaderCompilers: Display: Worker (2/9): shaders left to compile 1
[2025.10.14-00.02.25:820][549]LogShaderCompilers: Display: Started 1 'Local' shader compile jobs with 'ForceLocal' priority
[2025.10.14-00.02.26:195][582]LogShaderCompilers: Display: Worker (1/9): shaders left to compile 5
[2025.10.14-00.02.26:195][582]LogShaderCompilers: Display: Started 1 'Local' shader compile jobs with 'Normal' priority
[2025.10.14-00.02.26:226][585]LogShaderCompilers: Display: Worker (2/9): shaders left to compile 4
[2025.10.14-00.02.26:226][585]LogShaderCompilers: Display: Started 1 'Local' shader compile jobs with 'Normal' priority
[2025.10.14-00.02.26:272][590]LogShaderCompilers: Display: Worker (8/9): shaders left to compile 3
[2025.10.14-00.02.26:272][590]LogShaderCompilers: Display: Started 1 'Local' shader compile jobs with 'Normal' priority
[2025.10.14-00.02.26:284][591]MaterialEditorStats: Texture samplers: 1/16
[2025.10.14-00.02.26:324][596]LogShaderCompilers: Display: Worker (7/9): shaders left to compile 2
[2025.10.14-00.02.26:324][596]LogShaderCompilers: Display: Started 1 'Local' shader compile jobs with 'Normal' priority
[2025.10.14-00.02.26:336][597]MaterialEditorStats: Texture samplers: 2/16
[2025.10.14-00.02.26:371][601]LogShaderCompilers: Display: Worker (4/9): shaders left to compile 1
[2025.10.14-00.02.26:371][601]LogShaderCompilers: Display: Started 1 'Local' shader compile jobs with 'Normal' priority
[2025.10.14-00.02.26:454][608]MaterialEditorStats: Texture samplers: 4/16
[2025.10.14-00.02.26:902][660]MaterialEditorStats: Base pass shader: 79 instructions
[2025.10.14-00.02.26:902][660]MaterialEditorStats: Base pass shader with Volumetric Lightmap: 106 instructions
[2025.10.14-00.02.26:902][660]MaterialEditorStats: Base pass vertex shader: 193 instructions
[2025.10.14-00.02.26:902][660]MaterialEditorStats: Texture samplers: 4/16
[2025.10.14-00.02.38:567][ 52]LogMaterialEditor: Applying material M_TrailDamage
[2025.10.14-00.02.38:821][ 52]LogMaterial: Display: Missing cached shadermap for M_TrailDamage in PCD3D_SM5, Default, SM5 (DDC key hash: 4190CDAA5BD4D385D3682604D6D104D9D9AF3FCB), compiling. 
[2025.10.14-00.02.38:845][ 52]LogMaterial: Display: Missing cached shadermap for M_TrailDamage in PCD3D_SM5, Default, SM5 (DDC key hash: AC445A3FFC5812DC9576A87305E85E6FAB2E9F04), compiling. 
[2025.10.14-00.02.38:894][ 52]LogUObjectHash: Compacting FUObjectHashTables data took   2.02ms
[2025.10.14-00.02.38:915][ 52]LogShaderCompilers: Display: Submitted 1 shader compile jobs with 'ForceLocal' priority
[2025.10.14-00.02.39:163][ 52]LogShaderCompilers: Display: Worker (1/9): shaders left to compile 1
[2025.10.14-00.02.39:163][ 52]LogShaderCompilers: Display: Started 1 'Local' shader compile jobs with 'ForceLocal' priority
[2025.10.14-00.02.39:164][ 52]LogUObjectHash: Compacting FUObjectHashTables data took   1.61ms
[2025.10.14-00.02.39:174][ 52]MaterialEditorStats: Texture samplers: 0/16
[2025.10.14-00.02.39:201][ 53]LogShaderCompilers: Display: Submitted 9 shader compile jobs with 'Normal' priority
[2025.10.14-00.02.39:209][ 53]LogShaderCompilers: Display: Worker (1/9): shaders left to compile 9
[2025.10.14-00.02.39:209][ 53]LogShaderCompilers: Display: Worker (2/9): shaders left to compile 7
[2025.10.14-00.02.39:209][ 53]LogShaderCompilers: Display: Worker (3/9): shaders left to compile 5
[2025.10.14-00.02.39:209][ 53]LogShaderCompilers: Display: Worker (4/9): shaders left to compile 3
[2025.10.14-00.02.39:209][ 53]LogShaderCompilers: Display: Worker (5/9): shaders left to compile 1
[2025.10.14-00.02.39:209][ 53]LogShaderCompilers: Display: Started 9 'Local' shader compile jobs with 'Normal' priority
[2025.10.14-00.02.39:244][ 54]MaterialEditorStats: Texture samplers: 4/16
[2025.10.14-00.02.39:984][137]MaterialEditorStats: Base pass shader: 79 instructions
[2025.10.14-00.02.39:984][137]MaterialEditorStats: Base pass shader with Volumetric Lightmap: 106 instructions
[2025.10.14-00.02.39:985][137]MaterialEditorStats: Base pass vertex shader: 193 instructions
[2025.10.14-00.02.39:985][137]MaterialEditorStats: Texture samplers: 4/16
[2025.10.14-00.02.40:175][160]LogMaterialEditor: Saving and Compiling material M_TrailDamage
[2025.10.14-00.02.40:203][160]LogSavePackage: Moving 'C:/Users/PC/Documents/GitHub/TasteOfMadness/TasteOfMadness/Saved/M_TrailDamage1CFAF58C435DFA0D082D65B51960051D.tmp' to 'C:/Users/PC/Documents/GitHub/TasteOfMadness/TasteOfMadness/Content/Characters/Content_Enemies/BP_Rata/M_TrailDamage.uasset'
[2025.10.14-00.02.40:216][160]AssetCheck: New page: Asset Save: M_TrailDamage
[2025.10.14-00.02.40:216][160]LogContentValidation: Display: Validating Material /Game/Characters/Content_Enemies/BP_Rata/M_TrailDamage.M_TrailDamage
[2025.10.14-00.03.27:795][374]LogMaterialEditor: Saving and Compiling material M_TrailDamage
[2025.10.14-00.03.27:808][374]LogSavePackage: Moving 'C:/Users/PC/Documents/GitHub/TasteOfMadness/TasteOfMadness/Saved/M_TrailDamageB86F813F4759F88E0EB159872722059B.tmp' to 'C:/Users/PC/Documents/GitHub/TasteOfMadness/TasteOfMadness/Content/Characters/Content_Enemies/BP_Rata/M_TrailDamage.uasset'
[2025.10.14-00.03.27:822][374]AssetCheck: New page: Asset Save: M_TrailDamage
[2025.10.14-00.03.27:822][374]LogContentValidation: Display: Validating Material /Game/Characters/Content_Enemies/BP_Rata/M_TrailDamage.M_TrailDamage
[2025.10.14-00.03.39:282][743]LogWorld: UWorld::CleanupWorld for World_47, bSessionEnded=true, bCleanupResources=true
[2025.10.14-00.03.39:282][743]LogSlate: InvalidateAllWidgets triggered.  All widgets were invalidated
[2025.10.14-00.03.40:933][935]LogAssetEditorSubsystem: Opening Asset editor for MaterialInstanceConstant /Game/Characters/Content_Enemies/BP_Rata/MI_TrailDamage.MI_TrailDamage
[2025.10.14-00.03.41:064][935]LogRenderer: Reallocating scene render targets to support 1480x920 Format 10 NumSamples 1 (Frame:1).
[2025.10.14-00.03.56:212][739]LogUObjectHash: Compacting FUObjectHashTables data took   1.87ms
[2025.10.14-00.03.56:232][739]LogUObjectHash: Compacting FUObjectHashTables data took   1.88ms
[2025.10.14-00.03.56:236][739]LogSavePackage: Moving 'C:/Users/PC/Documents/GitHub/TasteOfMadness/TasteOfMadness/Saved/MI_TrailDamageCFBC432B4415439C975136AD3BADF7BA.tmp' to 'C:/Users/PC/Documents/GitHub/TasteOfMadness/TasteOfMadness/Content/Characters/Content_Enemies/BP_Rata/MI_TrailDamage.uasset'
[2025.10.14-00.03.56:252][739]AssetCheck: New page: Asset Save: MI_TrailDamage
[2025.10.14-00.03.56:252][739]LogContentValidation: Display: Validating MaterialInstanceConstant /Game/Characters/Content_Enemies/BP_Rata/MI_TrailDamage.MI_TrailDamage
[2025.10.14-00.03.57:211][850]LogWorld: UWorld::CleanupWorld for World_48, bSessionEnded=true, bCleanupResources=true
[2025.10.14-00.03.57:211][850]LogSlate: InvalidateAllWidgets triggered.  All widgets were invalidated
[2025.10.14-00.03.58:451][989]LogAssetEditorSubsystem: Opening Asset editor for WidgetBlueprint /Game/Characters/Content_Enemies/BP_Rata/WBP_HealthBar.WBP_HealthBar
[2025.10.14-00.04.00:795][198]LogSlate: Window 'WBP_HealthBar' being destroyed
[2025.10.14-00.04.20:049][491]LogTemp: Repeating last play command: Selected Viewport
[2025.10.14-00.04.20:054][491]LogPlayLevel: PlayLevel: No blueprints needed recompiling
[2025.10.14-00.04.20:054][491]PIE: New page: PIE session: ComidaVivaIA (Oct 13, 2025, 1:04:20 PM)
[2025.10.14-00.04.20:054][491]LogPlayLevel: Creating play world package: /Game/Maps/UEDPIE_0_ComidaVivaIA
[2025.10.14-00.04.20:057][491]LogPlayLevel: PIE: StaticDuplicateObject took: (0.002698s)
[2025.10.14-00.04.20:057][491]LogAIModule: Creating AISystem for world ComidaVivaIA
[2025.10.14-00.04.20:058][491]LogPlayLevel: PIE: World Init took: (0.000881s)
[2025.10.14-00.04.20:058][491]LogPlayLevel: PIE: Created PIE world by copying editor world from /Game/Maps/ComidaVivaIA.ComidaVivaIA to /Game/Maps/UEDPIE_0_ComidaVivaIA.ComidaVivaIA (0.003660s)
[2025.10.14-00.04.20:077][491]LogUObjectHash: Compacting FUObjectHashTables data took   1.68ms
[2025.10.14-00.04.20:080][491]LogAudio: Display: Creating Audio Device:                 Id: 12, Scope: Unique, Realtime: True
[2025.10.14-00.04.20:080][491]LogAudioMixer: Display: Audio Mixer Platform Settings:
[2025.10.14-00.04.20:080][491]LogAudioMixer: Display: 	Sample Rate:						  48000
[2025.10.14-00.04.20:080][491]LogAudioMixer: Display: 	Callback Buffer Frame Size Requested: 1024
[2025.10.14-00.04.20:080][491]LogAudioMixer: Display: 	Callback Buffer Frame Size To Use:	  1024
[2025.10.14-00.04.20:080][491]LogAudioMixer: Display: 	Number of buffers to queue:			  2
[2025.10.14-00.04.20:080][491]LogAudioMixer: Display: 	Max Channels (voices):				  32
[2025.10.14-00.04.20:080][491]LogAudioMixer: Display: 	Number of Async Source Workers:		  0
[2025.10.14-00.04.20:080][491]LogAudio: Display: AudioDevice MaxSources: 32
[2025.10.14-00.04.20:081][491]LogAudio: Display: Audio Spatialization Plugin: None (built-in).
[2025.10.14-00.04.20:081][491]LogAudio: Display: Audio Reverb Plugin: None (built-in).
[2025.10.14-00.04.20:081][491]LogAudio: Display: Audio Occlusion Plugin: None (built-in).
[2025.10.14-00.04.20:081][491]LogAudioMixer: Display: Initializing audio mixer.
[2025.10.14-00.04.20:084][491]LogAudioMixer: Display: 0: FrontLeft
[2025.10.14-00.04.20:084][491]LogAudioMixer: Display: 1: FrontRight
[2025.10.14-00.04.20:090][491]LogAudioMixer: Display: Using Audio Device LC24RG50 (NVIDIA High Definition Audio)
[2025.10.14-00.04.20:090][491]LogAudioMixer: Display: Initializing Sound Submixes...
[2025.10.14-00.04.20:090][491]LogAudioMixer: Display: Creating Master Submix 'MasterSubmixDefault'
[2025.10.14-00.04.20:090][491]LogAudioMixer: Display: Creating Master Submix 'MasterReverbSubmixDefault'
[2025.10.14-00.04.20:092][491]LogAudioMixer: Display: Creating Master Submix 'MasterEQSubmixDefault'
[2025.10.14-00.04.20:092][491]LogAudioMixer: FMixerPlatformXAudio2::StartAudioStream() called
[2025.10.14-00.04.20:092][491]LogAudioMixer: Display: Output buffers initialized: Frames=1024, Channels=2, Samples=2048
[2025.10.14-00.04.20:093][491]LogAudioMixer: Display: Starting AudioMixerPlatformInterface::RunInternal()
[2025.10.14-00.04.20:093][491]LogAudioMixer: Display: FMixerPlatformXAudio2::SubmitBuffer() called for the first time
[2025.10.14-00.04.20:093][491]LogInit: FAudioDevice initialized.
[2025.10.14-00.04.20:093][491]LogAudio: Display: Audio Device (ID: 12) registered with world 'ComidaVivaIA'.
[2025.10.14-00.04.20:116][491]LogSlate: Updating window title bar state: overlay mode, drag disabled, window buttons hidden, title bar hidden
[2025.10.14-00.04.20:117][491]LogLoad: Game class is 'BP_GameMode_C'
[2025.10.14-00.04.20:118][491]LogWorld: Bringing World /Game/Maps/UEDPIE_0_ComidaVivaIA.ComidaVivaIA up for play (max tick rate 0) at 2025.10.13-18.04.20
[2025.10.14-00.04.20:118][491]LogWorld: Bringing up level for play took: 0.001202
[2025.10.14-00.04.20:119][491]LogOnline: OSS: Creating online subsystem instance for: :Context_62
[2025.10.14-00.04.20:122][491]LogBlueprintUserMessages: [BP_ClareCharacter_C_0] BP_Sarten
[2025.10.14-00.04.20:124][491]LogBlueprintUserMessages: [BP_ClareCharacter_C_0] BP_Olla
[2025.10.14-00.04.20:125][491]LogBlueprintUserMessages: [BP_ClareCharacter_C_0] BP_LlaveInglesa
[2025.10.14-00.04.20:127][491]LogBlueprintUserMessages: [BP_ClareCharacter_C_0] BP_Escoba
[2025.10.14-00.04.20:128][491]LogBlueprintUserMessages: [BP_ClareCharacter_C_0] BP_Trapeador
[2025.10.14-00.04.20:130][491]LogBlueprintUserMessages: [BP_ClareCharacter_C_0] BP_Extintor
[2025.10.14-00.04.20:131][491]LogBlueprintUserMessages: [BP_ClareCharacter_C_0] BP_Cuchillo
[2025.10.14-00.04.20:134][491]PIE: Server logged in
[2025.10.14-00.04.20:134][491]PIE: Play in editor total start time 0.08 seconds.
[2025.10.14-00.04.20:156][492]LogBlueprintUserMessages: [BP_SwarmEnemy_2] "Përsiguiendo"
[2025.10.14-00.04.20:284][507]LogBlueprintUserMessages: [AN_EnableHitBox_C_0] Hitbox activada
[2025.10.14-00.04.20:518][535]LogBlueprintUserMessages: [AN_DisableHitBox_C_0] Hitbox Desactivado
[2025.10.14-00.04.20:551][539]LogBlueprintUserMessages: [BP_SwarmEnemy_2] Trail creado
[2025.10.14-00.04.20:659][552]LogBlueprintUserMessages: [BP_SwarmEnemy_2] "Përsiguiendo"
[2025.10.14-00.04.21:051][599]LogBlueprintUserMessages: [BP_SwarmEnemy_2] Trail creado
[2025.10.14-00.04.21:159][612]LogBlueprintUserMessages: [BP_SwarmEnemy_2] "Përsiguiendo"
[2025.10.14-00.04.22:176][734]LogBlueprintUserMessages: [BP_SwarmEnemy_2] Trail creado
[2025.10.14-00.04.22:284][747]LogBlueprintUserMessages: [BP_SwarmEnemy_2] "Përsiguiendo"
[2025.10.14-00.04.22:680][794]LogBlueprintUserMessages: [BP_SwarmEnemy_2] Trail creado
[2025.10.14-00.04.22:788][807]LogBlueprintUserMessages: [BP_SwarmEnemy_2] "Përsiguiendo"
[2025.10.14-00.04.22:912][819]LogSlate: Updating window title bar state: overlay mode, drag disabled, window buttons hidden, title bar hidden
[2025.10.14-00.04.22:912][819]LogWorld: BeginTearingDown for /Game/Maps/UEDPIE_0_ComidaVivaIA
[2025.10.14-00.04.22:912][819]LogSlate: Window 'TasteOfMadness Preview [NetMode: Standalone]  (64-bit/Windows) ' being destroyed
[2025.10.14-00.04.22:914][819]LogWorld: UWorld::CleanupWorld for ComidaVivaIA, bSessionEnded=true, bCleanupResources=true
[2025.10.14-00.04.22:915][819]LogSlate: InvalidateAllWidgets triggered.  All widgets were invalidated
[2025.10.14-00.04.22:924][819]LogPlayLevel: Display: Shutting down PIE online subsystems
[2025.10.14-00.04.22:938][819]LogSlate: InvalidateAllWidgets triggered.  All widgets were invalidated
[2025.10.14-00.04.22:956][819]LogAudio: Display: Audio Device unregistered from world 'None'.
[2025.10.14-00.04.22:956][819]LogAudioMixer: FMixerPlatformXAudio2::StopAudioStream() called
[2025.10.14-00.04.22:957][819]LogAudioMixer: FMixerPlatformXAudio2::StopAudioStream() called
[2025.10.14-00.04.22:963][819]LogUObjectHash: Compacting FUObjectHashTables data took   1.75ms
[2025.10.14-00.04.22:991][822]LogPlayLevel: Display: Destroying online subsystem :Context_62
[2025.10.14-00.04.23:336][863]LogTemp: Repeating last play command: Selected Viewport
[2025.10.14-00.04.23:341][863]LogPlayLevel: PlayLevel: No blueprints needed recompiling
[2025.10.14-00.04.23:341][863]PIE: New page: PIE session: ComidaVivaIA (Oct 13, 2025, 1:04:23 PM)
[2025.10.14-00.04.23:342][863]LogPlayLevel: Creating play world package: /Game/Maps/UEDPIE_0_ComidaVivaIA
[2025.10.14-00.04.23:344][863]LogPlayLevel: PIE: StaticDuplicateObject took: (0.002660s)
[2025.10.14-00.04.23:345][863]LogAIModule: Creating AISystem for world ComidaVivaIA
[2025.10.14-00.04.23:345][863]LogPlayLevel: PIE: World Init took: (0.000783s)
[2025.10.14-00.04.23:345][863]LogPlayLevel: PIE: Created PIE world by copying editor world from /Game/Maps/ComidaVivaIA.ComidaVivaIA to /Game/Maps/UEDPIE_0_ComidaVivaIA.ComidaVivaIA (0.003523s)
[2025.10.14-00.04.23:362][863]LogUObjectHash: Compacting FUObjectHashTables data took   1.66ms
[2025.10.14-00.04.23:363][863]LogAudio: Display: Creating Audio Device:                 Id: 13, Scope: Unique, Realtime: True
[2025.10.14-00.04.23:363][863]LogAudioMixer: Display: Audio Mixer Platform Settings:
[2025.10.14-00.04.23:363][863]LogAudioMixer: Display: 	Sample Rate:						  48000
[2025.10.14-00.04.23:363][863]LogAudioMixer: Display: 	Callback Buffer Frame Size Requested: 1024
[2025.10.14-00.04.23:363][863]LogAudioMixer: Display: 	Callback Buffer Frame Size To Use:	  1024
[2025.10.14-00.04.23:363][863]LogAudioMixer: Display: 	Number of buffers to queue:			  2
[2025.10.14-00.04.23:363][863]LogAudioMixer: Display: 	Max Channels (voices):				  32
[2025.10.14-00.04.23:363][863]LogAudioMixer: Display: 	Number of Async Source Workers:		  0
[2025.10.14-00.04.23:363][863]LogAudio: Display: AudioDevice MaxSources: 32
[2025.10.14-00.04.23:363][863]LogAudio: Display: Audio Spatialization Plugin: None (built-in).
[2025.10.14-00.04.23:363][863]LogAudio: Display: Audio Reverb Plugin: None (built-in).
[2025.10.14-00.04.23:363][863]LogAudio: Display: Audio Occlusion Plugin: None (built-in).
[2025.10.14-00.04.23:363][863]LogAudioMixer: Display: Initializing audio mixer.
[2025.10.14-00.04.23:366][863]LogAudioMixer: Display: 0: FrontLeft
[2025.10.14-00.04.23:366][863]LogAudioMixer: Display: 1: FrontRight
[2025.10.14-00.04.23:372][863]LogAudioMixer: Display: Using Audio Device LC24RG50 (NVIDIA High Definition Audio)
[2025.10.14-00.04.23:372][863]LogAudioMixer: Display: Initializing Sound Submixes...
[2025.10.14-00.04.23:372][863]LogAudioMixer: Display: Creating Master Submix 'MasterSubmixDefault'
[2025.10.14-00.04.23:372][863]LogAudioMixer: Display: Creating Master Submix 'MasterReverbSubmixDefault'
[2025.10.14-00.04.23:373][863]LogAudioMixer: Display: Creating Master Submix 'MasterEQSubmixDefault'
[2025.10.14-00.04.23:373][863]LogAudioMixer: FMixerPlatformXAudio2::StartAudioStream() called
[2025.10.14-00.04.23:373][863]LogAudioMixer: Display: Output buffers initialized: Frames=1024, Channels=2, Samples=2048
[2025.10.14-00.04.23:374][863]LogAudioMixer: Display: Starting AudioMixerPlatformInterface::RunInternal()
[2025.10.14-00.04.23:374][863]LogAudioMixer: Display: FMixerPlatformXAudio2::SubmitBuffer() called for the first time
[2025.10.14-00.04.23:374][863]LogInit: FAudioDevice initialized.
[2025.10.14-00.04.23:374][863]LogAudio: Display: Audio Device (ID: 13) registered with world 'ComidaVivaIA'.
[2025.10.14-00.04.23:401][863]LogSlate: Updating window title bar state: overlay mode, drag disabled, window buttons hidden, title bar hidden
[2025.10.14-00.04.23:401][863]LogLoad: Game class is 'BP_GameMode_C'
[2025.10.14-00.04.23:403][863]LogWorld: Bringing World /Game/Maps/UEDPIE_0_ComidaVivaIA.ComidaVivaIA up for play (max tick rate 0) at 2025.10.13-18.04.23
[2025.10.14-00.04.23:403][863]LogWorld: Bringing up level for play took: 0.001531
[2025.10.14-00.04.23:403][863]LogOnline: OSS: Creating online subsystem instance for: :Context_63
[2025.10.14-00.04.23:406][863]LogBlueprintUserMessages: [BP_ClareCharacter_C_0] BP_Sarten
[2025.10.14-00.04.23:408][863]LogBlueprintUserMessages: [BP_ClareCharacter_C_0] BP_Olla
[2025.10.14-00.04.23:409][863]LogBlueprintUserMessages: [BP_ClareCharacter_C_0] BP_LlaveInglesa
[2025.10.14-00.04.23:411][863]LogBlueprintUserMessages: [BP_ClareCharacter_C_0] BP_Escoba
[2025.10.14-00.04.23:413][863]LogBlueprintUserMessages: [BP_ClareCharacter_C_0] BP_Trapeador
[2025.10.14-00.04.23:414][863]LogBlueprintUserMessages: [BP_ClareCharacter_C_0] BP_Extintor
[2025.10.14-00.04.23:416][863]LogBlueprintUserMessages: [BP_ClareCharacter_C_0] BP_Cuchillo
[2025.10.14-00.04.23:418][863]PIE: Server logged in
[2025.10.14-00.04.23:419][863]PIE: Play in editor total start time 0.078 seconds.
[2025.10.14-00.04.23:572][880]LogBlueprintUserMessages: [AN_EnableHitBox_C_0] Hitbox activada
[2025.10.14-00.04.23:772][904]LogBlueprintUserMessages: [BP_SwarmEnemy_2] "Përsiguiendo"
[2025.10.14-00.04.23:797][907]LogBlueprintUserMessages: [AN_DisableHitBox_C_0] Hitbox Desactivado
[2025.10.14-00.04.23:839][912]LogBlueprintUserMessages: [BP_SwarmEnemy_2] Trail creado
[2025.10.14-00.04.24:272][964]LogBlueprintUserMessages: [BP_SwarmEnemy_2] "Përsiguiendo"
[2025.10.14-00.04.24:339][972]LogBlueprintUserMessages: [BP_SwarmEnemy_2] Trail creado
[2025.10.14-00.04.24:771][ 24]LogBlueprintUserMessages: [BP_SwarmEnemy_2] "Përsiguiendo"
[2025.10.14-00.04.24:838][ 32]LogBlueprintUserMessages: [BP_SwarmEnemy_2] Trail creado
[2025.10.14-00.04.25:272][ 84]LogBlueprintUserMessages: [BP_SwarmEnemy_2] "Përsiguiendo"
[2025.10.14-00.04.25:339][ 92]LogBlueprintUserMessages: [BP_SwarmEnemy_2] Trail creado
[2025.10.14-00.04.25:772][144]LogBlueprintUserMessages: [BP_SwarmEnemy_2] "Përsiguiendo"
[2025.10.14-00.04.25:839][152]LogBlueprintUserMessages: [BP_SwarmEnemy_2] Trail creado
[2025.10.14-00.04.26:272][204]LogBlueprintUserMessages: [BP_SwarmEnemy_2] "Përsiguiendo"
[2025.10.14-00.04.26:339][212]LogBlueprintUserMessages: [BP_SwarmEnemy_2] Trail creado
[2025.10.14-00.04.26:613][245]LogBlueprintUserMessages: [AN_EnableHitBox_C_0] Hitbox activada
[2025.10.14-00.04.26:772][264]LogBlueprintUserMessages: [BP_SwarmEnemy_2] "Përsiguiendo"
[2025.10.14-00.04.26:838][272]LogBlueprintUserMessages: [BP_SwarmEnemy_2] Trail creado
[2025.10.14-00.04.26:846][273]LogBlueprintUserMessages: [AN_DisableHitBox_C_0] Hitbox Desactivado
[2025.10.14-00.04.27:271][324]LogBlueprintUserMessages: [BP_SwarmEnemy_2] "Përsiguiendo"
[2025.10.14-00.04.27:338][332]LogBlueprintUserMessages: [BP_SwarmEnemy_2] Trail creado
[2025.10.14-00.04.27:613][365]LogBlueprintUserMessages: [AN_EnableHitBox_C_0] Hitbox activada
[2025.10.14-00.04.27:771][384]LogBlueprintUserMessages: [BP_SwarmEnemy_2] "Përsiguiendo"
[2025.10.14-00.04.27:838][392]LogBlueprintUserMessages: [BP_SwarmEnemy_2] Trail creado
[2025.10.14-00.04.27:846][393]LogBlueprintUserMessages: [AN_DisableHitBox_C_0] Hitbox Desactivado
[2025.10.14-00.04.28:271][444]LogBlueprintUserMessages: [BP_SwarmEnemy_2] "Përsiguiendo"
[2025.10.14-00.04.28:329][451]LogBlueprintUserMessages: [BP_TrailDamage_2] Destruido
[2025.10.14-00.04.28:338][452]LogBlueprintUserMessages: [BP_SwarmEnemy_2] Trail creado
[2025.10.14-00.04.28:614][485]LogBlueprintUserMessages: [AN_EnableHitBox_C_0] Hitbox activada
[2025.10.14-00.04.28:772][504]LogBlueprintUserMessages: [BP_SwarmEnemy_2] "Përsiguiendo"
[2025.10.14-00.04.28:839][512]LogBlueprintUserMessages: [BP_TrailDamage_C_0] Destruido
[2025.10.14-00.04.28:839][512]LogBlueprintUserMessages: [BP_SwarmEnemy_2] Trail creado
[2025.10.14-00.04.28:847][513]LogBlueprintUserMessages: [AN_DisableHitBox_C_0] Hitbox Desactivado
[2025.10.14-00.04.29:272][564]LogBlueprintUserMessages: [BP_SwarmEnemy_2] "Përsiguiendo"
[2025.10.14-00.04.29:338][572]LogBlueprintUserMessages: [BP_TrailDamage_C_1] Destruido
[2025.10.14-00.04.29:339][572]LogBlueprintUserMessages: [BP_SwarmEnemy_2] Trail creado
[2025.10.14-00.04.29:772][624]LogBlueprintUserMessages: [BP_SwarmEnemy_2] "Përsiguiendo"
[2025.10.14-00.04.29:838][632]LogBlueprintUserMessages: [BP_TrailDamage_C_2] Destruido
[2025.10.14-00.04.29:839][632]LogBlueprintUserMessages: [BP_SwarmEnemy_2] Trail creado
[2025.10.14-00.04.29:847][633]LogBlueprintUserMessages: [AN_EnableHitBox_C_0] Hitbox activada
[2025.10.14-00.04.29:880][637]LogBlueprintUserMessages: [BP_ClareCharacter_C_0] Vida45.0
[2025.10.14-00.04.30:080][661]LogBlueprintUserMessages: [AN_DisableHitBox_C_0] Hitbox Desactivado
[2025.10.14-00.04.30:272][684]LogBlueprintUserMessages: [BP_SwarmEnemy_2] "Përsiguiendo"
[2025.10.14-00.04.30:338][692]LogBlueprintUserMessages: [BP_TrailDamage_C_3] Destruido
[2025.10.14-00.04.30:339][692]LogBlueprintUserMessages: [BP_SwarmEnemy_2] Trail creado
[2025.10.14-00.04.30:772][744]LogBlueprintUserMessages: [BP_SwarmEnemy_2] "Përsiguiendo"
[2025.10.14-00.04.30:838][752]LogBlueprintUserMessages: [BP_TrailDamage_C_4] Destruido
[2025.10.14-00.04.30:839][752]LogBlueprintUserMessages: [BP_SwarmEnemy_2] Trail creado
[2025.10.14-00.04.31:113][785]LogBlueprintUserMessages: [AN_EnableHitBox_C_0] Hitbox activada
[2025.10.14-00.04.31:272][804]LogBlueprintUserMessages: [BP_SwarmEnemy_2] "Përsiguiendo"
[2025.10.14-00.04.31:330][811]LogBlueprintUserMessages: [BP_ClareCharacter_C_0] Vida40.0
[2025.10.14-00.04.31:338][812]LogBlueprintUserMessages: [BP_TrailDamage_C_5] Destruido
[2025.10.14-00.04.31:339][812]LogBlueprintUserMessages: [BP_SwarmEnemy_2] Trail creado
[2025.10.14-00.04.31:347][813]LogBlueprintUserMessages: [AN_DisableHitBox_C_0] Hitbox Desactivado
[2025.10.14-00.04.31:355][814]LogBlueprintUserMessages: [BP_ClareCharacter_C_0] Vida35.0
[2025.10.14-00.04.31:771][864]LogBlueprintUserMessages: [BP_SwarmEnemy_2] "Përsiguiendo"
[2025.10.14-00.04.31:838][872]LogBlueprintUserMessages: [BP_TrailDamage_C_6] Destruido
[2025.10.14-00.04.31:838][872]LogBlueprintUserMessages: [BP_ClareCharacter_C_0] Vida30.0
[2025.10.14-00.04.31:838][872]LogBlueprintUserMessages: [BP_SwarmEnemy_2] Trail creado
[2025.10.14-00.04.32:060][898]LogBlueprintUserMessages: [BP_ClareCharacter_C_0] Vida25.0
[2025.10.14-00.04.32:277][923]LogBlueprintUserMessages: [BP_SwarmEnemy_2] "Përsiguiendo"
[2025.10.14-00.04.32:302][926]LogBlueprintUserMessages: [AN_EnableHitBox_C_0] Hitbox activada
[2025.10.14-00.04.32:344][931]LogBlueprintUserMessages: [BP_TrailDamage_C_7] Destruido
[2025.10.14-00.04.32:344][931]LogBlueprintUserMessages: [BP_SwarmEnemy_2] Trail creado
[2025.10.14-00.04.32:535][954]LogBlueprintUserMessages: [AN_DisableHitBox_C_0] Hitbox Desactivado
[2025.10.14-00.04.32:777][983]LogBlueprintUserMessages: [BP_SwarmEnemy_2] "Përsiguiendo"
[2025.10.14-00.04.32:844][991]LogBlueprintUserMessages: [BP_TrailDamage_C_8] Destruido
[2025.10.14-00.04.32:844][991]LogBlueprintUserMessages: [BP_SwarmEnemy_2] Trail creado
[2025.10.14-00.04.32:935][  2]LogBlueprintUserMessages: [BP_ClareCharacter_C_0] Vida20.0
[2025.10.14-00.04.33:278][ 43]LogBlueprintUserMessages: [BP_SwarmEnemy_2] "Përsiguiendo"
[2025.10.14-00.04.33:344][ 51]LogBlueprintUserMessages: [BP_TrailDamage_C_9] Destruido
[2025.10.14-00.04.33:345][ 51]LogBlueprintUserMessages: [BP_ClareCharacter_C_0] Vida15.0
[2025.10.14-00.04.33:345][ 51]LogBlueprintUserMessages: [BP_SwarmEnemy_2] Trail creado
[2025.10.14-00.04.33:636][ 86]LogBlueprintUserMessages: [BP_ClareCharacter_C_0] Vida10.0
[2025.10.14-00.04.33:778][103]LogBlueprintUserMessages: [BP_SwarmEnemy_2] "Përsiguiendo"
[2025.10.14-00.04.33:844][111]LogBlueprintUserMessages: [BP_TrailDamage_C_10] Destruido
[2025.10.14-00.04.33:845][111]LogBlueprintUserMessages: [BP_ClareCharacter_C_0] Vida5.0
[2025.10.14-00.04.33:845][111]LogBlueprintUserMessages: [BP_SwarmEnemy_2] Trail creado
[2025.10.14-00.04.33:878][115]LogBlueprintUserMessages: [AN_EnableHitBox_C_0] Hitbox activada
[2025.10.14-00.04.34:111][143]LogBlueprintUserMessages: [AN_DisableHitBox_C_0] Hitbox Desactivado
[2025.10.14-00.04.34:278][163]LogBlueprintUserMessages: [BP_SwarmEnemy_2] "Përsiguiendo"
[2025.10.14-00.04.34:344][171]LogBlueprintUserMessages: [BP_TrailDamage_C_11] Destruido
[2025.10.14-00.04.34:345][171]LogBlueprintUserMessages: [BP_ClareCharacter_C_0] Vida0.0
[2025.10.14-00.04.34:345][171]LogBlueprintUserMessages: [BP_ClareCharacter_C_0] CLARE A MUERTO
[2025.10.14-00.04.34:345][171]LogBlueprintUserMessages: [BP_SwarmEnemy_2] Trail creado
[2025.10.14-00.04.34:777][223]LogBlueprintUserMessages: [BP_SwarmEnemy_2] "Përsiguiendo"
[2025.10.14-00.04.34:844][231]LogBlueprintUserMessages: [BP_TrailDamage_C_12] Destruido
[2025.10.14-00.04.34:844][231]LogBlueprintUserMessages: [BP_ClareCharacter_C_0] Vida0.0
[2025.10.14-00.04.34:845][231]LogBlueprintUserMessages: [BP_ClareCharacter_C_0] CLARE A MUERTO
[2025.10.14-00.04.34:845][231]LogBlueprintUserMessages: [BP_SwarmEnemy_2] Trail creado
[2025.10.14-00.04.34:877][235]LogBlueprintUserMessages: [BP_ClareCharacter_C_0] Vida0.0
[2025.10.14-00.04.34:877][235]LogBlueprintUserMessages: [BP_ClareCharacter_C_0] CLARE A MUERTO
[2025.10.14-00.04.35:119][264]LogBlueprintUserMessages: [AN_EnableHitBox_C_0] Hitbox activada
[2025.10.14-00.04.35:277][283]LogBlueprintUserMessages: [BP_SwarmEnemy_2] "Përsiguiendo"
[2025.10.14-00.04.35:344][291]LogBlueprintUserMessages: [BP_TrailDamage_C_13] Destruido
[2025.10.14-00.04.35:344][291]LogBlueprintUserMessages: [BP_ClareCharacter_C_0] Vida0.0
[2025.10.14-00.04.35:344][291]LogBlueprintUserMessages: [BP_ClareCharacter_C_0] CLARE A MUERTO
[2025.10.14-00.04.35:345][291]LogBlueprintUserMessages: [BP_SwarmEnemy_2] Trail creado
[2025.10.14-00.04.35:352][292]LogBlueprintUserMessages: [AN_DisableHitBox_C_0] Hitbox Desactivado
[2025.10.14-00.04.35:777][343]LogBlueprintUserMessages: [BP_SwarmEnemy_2] "Përsiguiendo"
[2025.10.14-00.04.35:844][351]LogBlueprintUserMessages: [BP_TrailDamage_C_14] Destruido
[2025.10.14-00.04.35:844][351]LogBlueprintUserMessages: [BP_ClareCharacter_C_0] Vida0.0
[2025.10.14-00.04.35:844][351]LogBlueprintUserMessages: [BP_ClareCharacter_C_0] CLARE A MUERTO
[2025.10.14-00.04.35:844][351]LogBlueprintUserMessages: [BP_SwarmEnemy_2] Trail creado
[2025.10.14-00.04.35:877][355]LogBlueprintUserMessages: [BP_ClareCharacter_C_0] Vida0.0
[2025.10.14-00.04.35:877][355]LogBlueprintUserMessages: [BP_ClareCharacter_C_0] CLARE A MUERTO
[2025.10.14-00.04.36:119][384]LogBlueprintUserMessages: [AN_EnableHitBox_C_0] Hitbox activada
[2025.10.14-00.04.36:277][403]LogBlueprintUserMessages: [BP_SwarmEnemy_2] "Përsiguiendo"
[2025.10.14-00.04.36:344][411]LogBlueprintUserMessages: [BP_TrailDamage_C_15] Destruido
[2025.10.14-00.04.36:344][411]LogBlueprintUserMessages: [BP_ClareCharacter_C_0] Vida0.0
[2025.10.14-00.04.36:344][411]LogBlueprintUserMessages: [BP_ClareCharacter_C_0] CLARE A MUERTO
[2025.10.14-00.04.36:344][411]LogBlueprintUserMessages: [BP_SwarmEnemy_2] Trail creado
[2025.10.14-00.04.36:352][412]LogBlueprintUserMessages: [AN_DisableHitBox_C_0] Hitbox Desactivado
[2025.10.14-00.04.36:777][463]LogBlueprintUserMessages: [BP_SwarmEnemy_2] "Përsiguiendo"
[2025.10.14-00.04.36:844][471]LogBlueprintUserMessages: [BP_TrailDamage_C_16] Destruido
[2025.10.14-00.04.36:844][471]LogBlueprintUserMessages: [BP_ClareCharacter_C_0] Vida0.0
[2025.10.14-00.04.36:844][471]LogBlueprintUserMessages: [BP_ClareCharacter_C_0] CLARE A MUERTO
[2025.10.14-00.04.36:844][471]LogBlueprintUserMessages: [BP_SwarmEnemy_2] Trail creado
[2025.10.14-00.04.36:877][475]LogBlueprintUserMessages: [BP_ClareCharacter_C_0] Vida0.0
[2025.10.14-00.04.36:877][475]LogBlueprintUserMessages: [BP_ClareCharacter_C_0] CLARE A MUERTO
[2025.10.14-00.04.36:962][481]LogSlate: Updating window title bar state: overlay mode, drag disabled, window buttons hidden, title bar hidden
[2025.10.14-00.04.36:962][481]LogWorld: BeginTearingDown for /Game/Maps/UEDPIE_0_ComidaVivaIA
[2025.10.14-00.04.36:962][481]LogSlate: Window 'TasteOfMadness Preview [NetMode: Standalone]  (64-bit/Windows) ' being destroyed
[2025.10.14-00.04.36:966][481]LogWorld: UWorld::CleanupWorld for ComidaVivaIA, bSessionEnded=true, bCleanupResources=true
[2025.10.14-00.04.36:966][481]LogSlate: InvalidateAllWidgets triggered.  All widgets were invalidated
[2025.10.14-00.04.36:970][481]LogPlayLevel: Display: Shutting down PIE online subsystems
[2025.10.14-00.04.36:985][481]LogSlate: InvalidateAllWidgets triggered.  All widgets were invalidated
[2025.10.14-00.04.37:002][481]LogAudioMixer: FMixerPlatformXAudio2::StopAudioStream() called
[2025.10.14-00.04.37:003][481]LogAudioMixer: FMixerPlatformXAudio2::StopAudioStream() called
[2025.10.14-00.04.37:009][481]LogUObjectHash: Compacting FUObjectHashTables data took   1.64ms
[2025.10.14-00.04.37:029][483]LogPlayLevel: Display: Destroying online subsystem :Context_63
[2025.10.14-00.04.38:903][705]LogSavePackage: Moving 'C:/Users/PC/Documents/GitHub/TasteOfMadness/TasteOfMadness/Saved/WBP_HealthBarB59D4EBD4CEA348ECC402595930CA654.tmp' to 'C:/Users/PC/Documents/GitHub/TasteOfMadness/TasteOfMadness/Content/Characters/Content_Enemies/BP_Rata/WBP_HealthBar.uasset'
[2025.10.14-00.04.38:916][705]AssetCheck: New page: Asset Save: WBP_HealthBar
[2025.10.14-00.04.38:916][705]LogContentValidation: Display: Validating WidgetBlueprint /Game/Characters/Content_Enemies/BP_Rata/WBP_HealthBar.WBP_HealthBar
[2025.10.14-00.04.39:896][820]LogWorld: UWorld::CleanupWorld for World_50, bSessionEnded=true, bCleanupResources=true
[2025.10.14-00.04.39:896][820]LogSlate: InvalidateAllWidgets triggered.  All widgets were invalidated
[2025.10.14-00.04.39:901][820]LogWorld: UWorld::CleanupWorld for World_49, bSessionEnded=true, bCleanupResources=true
[2025.10.14-00.04.39:901][820]LogSlate: InvalidateAllWidgets triggered.  All widgets were invalidated
[2025.10.14-00.04.42:142][ 74]LogEditorViewport: Clicking on Actor (context menu): StaticMeshActor (Floor)
[2025.10.14-00.04.43:082][170]LogEditorViewport: Clicking on Actor (LMB): StaticMeshActor (Floor)
[2025.10.14-00.04.44:404][324]Cmd: OBJ SAVEPACKAGE PACKAGE="/Game/Maps/ComidaVivaIA" FILE="C:/Users/PC/Documents/GitHub/TasteOfMadness/TasteOfMadness/Content/Maps/ComidaVivaIA.umap" SILENT=true AUTOSAVING=false KEEPDIRTY=false
[2025.10.14-00.04.44:421][324]LogUObjectHash: Compacting FUObjectHashTables data took   1.72ms
[2025.10.14-00.04.44:431][324]LogSavePackage: Moving 'C:/Users/PC/Documents/GitHub/TasteOfMadness/TasteOfMadness/Saved/ComidaVivaIA24B572E0402172ADC1FB6687BE080A7D.tmp' to 'C:/Users/PC/Documents/GitHub/TasteOfMadness/TasteOfMadness/Content/Maps/ComidaVivaIA.umap'
[2025.10.14-00.04.44:458][324]AssetCheck: New page: Asset Save: ComidaVivaIA
[2025.10.14-00.04.44:458][324]LogContentValidation: Display: Validating World /Game/Maps/ComidaVivaIA.ComidaVivaIA
[2025.10.14-00.05.38:729][705]LogAssetEditorSubsystem: Opening Asset editor for Blueprint /Game/Characters/Content_Enemies/BP_Rata/BP_SwarmEnemy.BP_SwarmEnemy
[2025.10.14-00.05.38:985][705]LogBlueprintUserMessages: [AN_EnableHitBox_C_0] Hitbox activada
[2025.10.14-00.05.39:013][706]LogBlueprintUserMessages: [AN_DisableHitBox_C_0] Hitbox Desactivado
[2025.10.14-00.10.43:648][312]LogSavePackage: Moving 'C:/Users/PC/Documents/GitHub/TasteOfMadness/TasteOfMadness/Saved/BP_SwarmEnemy214A7E1744F1E72E186B73AF66C646F6.tmp' to 'C:/Users/PC/Documents/GitHub/TasteOfMadness/TasteOfMadness/Content/Characters/Content_Enemies/BP_Rata/BP_SwarmEnemy.uasset'
[2025.10.14-00.10.43:664][312]AssetCheck: New page: Asset Save: BP_SwarmEnemy
[2025.10.14-00.10.43:664][312]LogContentValidation: Display: Validating Blueprint /Game/Characters/Content_Enemies/BP_Rata/BP_SwarmEnemy.BP_SwarmEnemy
[2025.10.14-00.10.49:341][979]LogSavePackage: Moving 'C:/Users/PC/Documents/GitHub/TasteOfMadness/TasteOfMadness/Saved/BP_SwarmEnemy72835FD8413C2406F5033FA749928098.tmp' to 'C:/Users/PC/Documents/GitHub/TasteOfMadness/TasteOfMadness/Content/Characters/Content_Enemies/BP_Rata/BP_SwarmEnemy.uasset'
[2025.10.14-00.10.49:355][979]AssetCheck: New page: Asset Save: BP_SwarmEnemy
[2025.10.14-00.10.49:355][979]LogContentValidation: Display: Validating Blueprint /Game/Characters/Content_Enemies/BP_Rata/BP_SwarmEnemy.BP_SwarmEnemy
[2025.10.14-00.12.02:434][523]LogEditorTransaction: Undo Distribute Horizontally
[2025.10.14-00.12.02:666][534]LogBlueprintUserMessages: [AN_EnableHitBox_C_0] Hitbox activada
[2025.10.14-00.12.02:868][546]LogEditorTransaction: Undo Straighten Connection(s)
[2025.10.14-00.12.03:090][562]LogBlueprintUserMessages: [AN_EnableHitBox_C_0] Hitbox activada
[2025.10.14-00.12.03:248][581]LogEditorTransaction: Undo Align Right
[2025.10.14-00.12.03:477][600]LogBlueprintUserMessages: [AN_EnableHitBox_C_0] Hitbox activada
[2025.10.14-00.12.03:568][611]LogEditorTransaction: Undo Align Center
[2025.10.14-00.12.03:798][630]LogBlueprintUserMessages: [AN_EnableHitBox_C_0] Hitbox activada
[2025.10.14-00.12.03:906][643]LogEditorTransaction: Undo Align Left
[2025.10.14-00.12.04:141][663]LogBlueprintUserMessages: [AN_EnableHitBox_C_0] Hitbox activada
[2025.10.14-00.12.04:374][691]LogBlueprintUserMessages: [AN_DisableHitBox_C_0] Hitbox Desactivado
[2025.10.14-00.12.05:624][841]LogEditorTransaction: Undo Distribute Vertically
[2025.10.14-00.12.05:854][860]LogBlueprintUserMessages: [AN_EnableHitBox_C_0] Hitbox activada
[2025.10.14-00.12.06:088][888]LogBlueprintUserMessages: [AN_DisableHitBox_C_0] Hitbox Desactivado
[2025.10.14-00.12.06:388][924]LogEditorTransaction: Undo Align Middle
[2025.10.14-00.12.06:615][943]LogBlueprintUserMessages: [AN_EnableHitBox_C_0] Hitbox activada
[2025.10.14-00.12.06:849][971]LogBlueprintUserMessages: [AN_DisableHitBox_C_0] Hitbox Desactivado
[2025.10.14-00.12.06:883][975]LogEditorTransaction: Undo Align Bottom
[2025.10.14-00.12.07:110][994]LogBlueprintUserMessages: [AN_EnableHitBox_C_0] Hitbox activada
[2025.10.14-00.12.07:294][ 16]LogEditorTransaction: Undo Align Top
[2025.10.14-00.12.07:528][ 36]LogBlueprintUserMessages: [AN_EnableHitBox_C_0] Hitbox activada
[2025.10.14-00.12.07:761][ 64]LogBlueprintUserMessages: [AN_DisableHitBox_C_0] Hitbox Desactivado
[2025.10.14-00.12.22:620][835]BlueprintLog: New page: Compile BP_SwarmEnemy
[2025.10.14-00.12.22:669][835]LogUObjectHash: Compacting FUObjectHashTables data took   2.56ms
[2025.10.14-00.12.22:849][848]LogBlueprintUserMessages: [AN_EnableHitBox_C_0] Hitbox activada
[2025.10.14-00.12.23:082][876]LogBlueprintUserMessages: [AN_DisableHitBox_C_0] Hitbox Desactivado
[2025.10.14-00.12.23:239][888]LogSavePackage: Moving 'C:/Users/PC/Documents/GitHub/TasteOfMadness/TasteOfMadness/Saved/BP_SwarmEnemy7BBD49DE4142976F2ECD70848753924D.tmp' to 'C:/Users/PC/Documents/GitHub/TasteOfMadness/TasteOfMadness/Content/Characters/Content_Enemies/BP_Rata/BP_SwarmEnemy.uasset'
[2025.10.14-00.12.23:254][888]AssetCheck: New page: Asset Save: BP_SwarmEnemy
[2025.10.14-00.12.23:254][888]LogContentValidation: Display: Validating Blueprint /Game/Characters/Content_Enemies/BP_Rata/BP_SwarmEnemy.BP_SwarmEnemy
[2025.10.14-00.12.41:951][111]LogSavePackage: Moving 'C:/Users/PC/Documents/GitHub/TasteOfMadness/TasteOfMadness/Saved/BP_SwarmEnemy129A863C41AA8F780C9FFB905FF1D769.tmp' to 'C:/Users/PC/Documents/GitHub/TasteOfMadness/TasteOfMadness/Content/Characters/Content_Enemies/BP_Rata/BP_SwarmEnemy.uasset'
[2025.10.14-00.12.41:966][111]AssetCheck: New page: Asset Save: BP_SwarmEnemy
[2025.10.14-00.12.41:966][111]LogContentValidation: Display: Validating Blueprint /Game/Characters/Content_Enemies/BP_Rata/BP_SwarmEnemy.BP_SwarmEnemy
[2025.10.14-00.14.07:082][187]LogSavePackage: Moving 'C:/Users/PC/Documents/GitHub/TasteOfMadness/TasteOfMadness/Saved/BP_SwarmEnemy656C59774FDCC82CE1013E88C034A706.tmp' to 'C:/Users/PC/Documents/GitHub/TasteOfMadness/TasteOfMadness/Content/Characters/Content_Enemies/BP_Rata/BP_SwarmEnemy.uasset'
[2025.10.14-00.14.07:098][187]AssetCheck: New page: Asset Save: BP_SwarmEnemy
[2025.10.14-00.14.07:098][187]LogContentValidation: Display: Validating Blueprint /Game/Characters/Content_Enemies/BP_Rata/BP_SwarmEnemy.BP_SwarmEnemy
[2025.10.14-00.14.13:101][869]LogWorld: UWorld::CleanupWorld for World_52, bSessionEnded=true, bCleanupResources=true
[2025.10.14-00.14.13:101][869]LogSlate: InvalidateAllWidgets triggered.  All widgets were invalidated
[2025.10.14-00.14.14:984][ 76]LogAssetEditorSubsystem: Opening Asset editor for AnimBlueprint /Game/Characters/Content_Enemies/BP_Rata/ABP_Swarm.ABP_Swarm
[2025.10.14-00.14.14:990][ 76]LogActorComponent: RegisterComponentWithWorld: (/Engine/Transient.World_54:PersistentLevel.AnimationEditorPreviewActor_0.DebugSkelMeshComponent_0) Already registered. Aborting.
[2025.10.14-00.14.24:203][115]LogEditorTransaction: Undo Straighten Connection(s)
[2025.10.14-00.14.24:281][115]LogActorComponent: RegisterComponentWithWorld: (/Engine/Transient.World_54:PersistentLevel.AnimationEditorPreviewActor_0.DebugSkelMeshComponent_0) Already registered. Aborting.
[2025.10.14-00.14.26:996][412]BlueprintLog: New page: Compile ABP_Swarm
[2025.10.14-00.14.27:012][412]LogScript: Warning: Accessed None trying to read property CallFunc_TryGetPawnOwner_ReturnValue
	ABP_Swarm_C /Engine/Transient.World_2:PersistentLevel.SkeletalMeshActor_0.SkeletalMeshComponent0.ABP_Swarm_C_3
	Function /Game/Characters/Content_Enemies/BP_Rata/ABP_Swarm.ABP_Swarm_C:ExecuteUbergraph_ABP_Swarm:0040
[2025.10.14-00.14.27:034][412]LogUObjectHash: Compacting FUObjectHashTables data took   2.49ms
[2025.10.14-00.14.29:812][734]LogSavePackage: Moving 'C:/Users/PC/Documents/GitHub/TasteOfMadness/TasteOfMadness/Saved/ABP_SwarmD9F630214FACB23F5FC84A997E0E102E.tmp' to 'C:/Users/PC/Documents/GitHub/TasteOfMadness/TasteOfMadness/Content/Characters/Content_Enemies/BP_Rata/ABP_Swarm.uasset'
[2025.10.14-00.14.29:826][734]AssetCheck: New page: Asset Save: ABP_Swarm
[2025.10.14-00.14.29:826][734]LogContentValidation: Display: Validating AnimBlueprint /Game/Characters/Content_Enemies/BP_Rata/ABP_Swarm.ABP_Swarm
[2025.10.14-00.14.32:232][ 13]LogWorld: UWorld::CleanupWorld for World_54, bSessionEnded=true, bCleanupResources=true
[2025.10.14-00.14.32:232][ 13]LogSlate: InvalidateAllWidgets triggered.  All widgets were invalidated
[2025.10.14-00.14.32:242][ 13]LogWorld: UWorld::CleanupWorld for World_53, bSessionEnded=true, bCleanupResources=true
[2025.10.14-00.14.32:242][ 13]LogSlate: InvalidateAllWidgets triggered.  All widgets were invalidated
[2025.10.14-00.14.32:321][ 13]LogWorld: UWorld::CleanupWorld for World_55, bSessionEnded=true, bCleanupResources=true
[2025.10.14-00.14.32:321][ 13]LogSlate: InvalidateAllWidgets triggered.  All widgets were invalidated
[2025.10.14-00.14.34:279][239]LogAssetEditorSubsystem: Opening Asset editor for Blueprint /Game/Characters/Content_Enemies/BP_Rata/AN_EnableHitBox.AN_EnableHitBox
[2025.10.14-00.14.49:756][ 56]LogSavePackage: Moving 'C:/Users/PC/Documents/GitHub/TasteOfMadness/TasteOfMadness/Saved/AN_EnableHitBoxF41A8DE84E4A2393F129B5B1AE326C70.tmp' to 'C:/Users/PC/Documents/GitHub/TasteOfMadness/TasteOfMadness/Content/Characters/Content_Enemies/BP_Rata/AN_EnableHitBox.uasset'
[2025.10.14-00.14.49:769][ 56]AssetCheck: New page: Asset Save: AN_EnableHitBox
[2025.10.14-00.14.49:769][ 56]LogContentValidation: Display: Validating Blueprint /Game/Characters/Content_Enemies/BP_Rata/AN_EnableHitBox.AN_EnableHitBox
[2025.10.14-00.14.51:805][299]LogWorld: UWorld::CleanupWorld for World_56, bSessionEnded=true, bCleanupResources=true
[2025.10.14-00.14.51:805][299]LogSlate: InvalidateAllWidgets triggered.  All widgets were invalidated
[2025.10.14-00.14.53:135][446]LogAssetEditorSubsystem: Opening Asset editor for Blueprint /Game/Characters/Content_Enemies/BP_Rata/AN_DisableHitBox.AN_DisableHitBox
[2025.10.14-00.15.04:445][768]LogSavePackage: Moving 'C:/Users/PC/Documents/GitHub/TasteOfMadness/TasteOfMadness/Saved/AN_DisableHitBox4F6AD398467FBEC0538FF2901BCD40F2.tmp' to 'C:/Users/PC/Documents/GitHub/TasteOfMadness/TasteOfMadness/Content/Characters/Content_Enemies/BP_Rata/AN_DisableHitBox.uasset'
[2025.10.14-00.15.04:459][768]AssetCheck: New page: Asset Save: AN_DisableHitBox
[2025.10.14-00.15.04:459][768]LogContentValidation: Display: Validating Blueprint /Game/Characters/Content_Enemies/BP_Rata/AN_DisableHitBox.AN_DisableHitBox
[2025.10.14-00.15.05:343][874]LogWorld: UWorld::CleanupWorld for World_57, bSessionEnded=true, bCleanupResources=true
[2025.10.14-00.15.05:344][874]LogSlate: InvalidateAllWidgets triggered.  All widgets were invalidated
[2025.10.14-00.15.06:517][  1]LogAssetEditorSubsystem: Opening Asset editor for Blueprint /Game/Characters/Content_Enemies/BP_Rata/BP_TrailDamage.BP_TrailDamage
[2025.10.14-00.15.31:540][923]LogSavePackage: Moving 'C:/Users/PC/Documents/GitHub/TasteOfMadness/TasteOfMadness/Saved/BP_TrailDamage20F018434769FE446EDC058CC67E4646.tmp' to 'C:/Users/PC/Documents/GitHub/TasteOfMadness/TasteOfMadness/Content/Characters/Content_Enemies/BP_Rata/BP_TrailDamage.uasset'
[2025.10.14-00.15.31:553][923]AssetCheck: New page: Asset Save: BP_TrailDamage
[2025.10.14-00.15.31:553][923]LogContentValidation: Display: Validating Blueprint /Game/Characters/Content_Enemies/BP_Rata/BP_TrailDamage.BP_TrailDamage
[2025.10.14-00.15.32:461][ 30]LogWorld: UWorld::CleanupWorld for World_58, bSessionEnded=true, bCleanupResources=true
[2025.10.14-00.15.32:461][ 30]LogSlate: InvalidateAllWidgets triggered.  All widgets were invalidated
[2025.10.14-00.15.34:221][223]Cmd: OBJ SAVEPACKAGE PACKAGE="/Game/Maps/ComidaVivaIA" FILE="C:/Users/PC/Documents/GitHub/TasteOfMadness/TasteOfMadness/Content/Maps/ComidaVivaIA.umap" SILENT=true AUTOSAVING=false KEEPDIRTY=false
[2025.10.14-00.15.34:246][223]LogUObjectHash: Compacting FUObjectHashTables data took   2.38ms
[2025.10.14-00.15.34:259][223]LogSavePackage: Moving 'C:/Users/PC/Documents/GitHub/TasteOfMadness/TasteOfMadness/Saved/ComidaVivaIAC56F46B64F0524B58B9ECB857A055676.tmp' to 'C:/Users/PC/Documents/GitHub/TasteOfMadness/TasteOfMadness/Content/Maps/ComidaVivaIA.umap'
[2025.10.14-00.15.34:287][223]AssetCheck: New page: Asset Save: ComidaVivaIA
[2025.10.14-00.15.34:287][223]LogContentValidation: Display: Validating World /Game/Maps/ComidaVivaIA.ComidaVivaIA
[2025.10.14-00.30.46:092][475]LogAudioMixer: Warning: Changing default audio render device to new device: .
[2025.10.14-00.30.46:092][475]LogAudioMixer: Resetting audio stream to device id 
[2025.10.14-00.30.46:093][475]LogAudioMixer: Display: StartRunningNullDevice() called
[2025.10.14-00.30.48:104][481]LogAudioMixer: Warning: Changing default audio render device to new device: .
[2025.10.14-00.30.48:104][481]LogAudioMixer: Resetting audio stream to device id 
[2025.10.14-00.30.48:104][481]LogAudioMixer: Display: StopRunningNullDevice() called
[2025.10.14-00.30.48:123][481]LogAudioMixer: Display: 0: FrontLeft
[2025.10.14-00.30.48:124][481]LogAudioMixer: Display: 1: FrontRight
[2025.10.14-00.45.59:084][998]LogNativeClassHierarchy: Verbose: Native class hierarchy updated for 'WorldBrowser' in 0.0006 seconds. Added 2 classes and 3 folders.
[2025.10.14-00.46.05:780][767]LogSlate: Window 'Levels' being destroyed
[2025.10.14-00.46.05:784][767]LogSlate: Window 'Levels' being destroyed
[2025.10.14-00.46.06:762][883]Cmd: OBJ SAVEPACKAGE PACKAGE="/Game/Maps/ComidaVivaIA" FILE="C:/Users/PC/Documents/GitHub/TasteOfMadness/TasteOfMadness/Content/Maps/ComidaVivaIA.umap" SILENT=true AUTOSAVING=false KEEPDIRTY=false
[2025.10.14-00.46.06:831][883]LogUObjectHash: Compacting FUObjectHashTables data took   2.83ms
[2025.10.14-00.46.06:849][883]LogSavePackage: Moving 'C:/Users/PC/Documents/GitHub/TasteOfMadness/TasteOfMadness/Saved/ComidaVivaIAC2389234464F8C8CAED17593D69D56FD.tmp' to 'C:/Users/PC/Documents/GitHub/TasteOfMadness/TasteOfMadness/Content/Maps/ComidaVivaIA.umap'
[2025.10.14-00.46.06:877][883]AssetCheck: New page: Asset Save: ComidaVivaIA
[2025.10.14-00.46.06:877][883]LogContentValidation: Display: Validating World /Game/Maps/ComidaVivaIA.ComidaVivaIA
[2025.10.14-00.46.08:528][ 74]LogUObjectHash: Compacting FUObjectHashTables data took   2.83ms
[2025.10.14-00.46.18:882][ 74]LogSlate: Window 'Save Content' being destroyed
[2025.10.14-00.46.21:164][331]LogUObjectHash: Compacting FUObjectHashTables data took   1.41ms
[2025.10.14-00.46.27:920][331]LogSlate: Window 'Save Content' being destroyed
[2025.10.14-00.46.27:941][331]LogSavePackage: Moving 'C:/Users/PC/Documents/GitHub/TasteOfMadness/TasteOfMadness/Saved/Swarm08_SK_Skeleton09A9C56143C1F4D8952D8DB4B70E6578.tmp' to 'C:/Users/PC/Documents/GitHub/TasteOfMadness/TasteOfMadness/Content/Characters/Content_Enemies/MonsterForSurvivalGame/Mesh/Polyart/Swarm08_SK_Skeleton.uasset'
[2025.10.14-00.46.27:990][331]LogSlate: Window 'TasteOfMadness - Unreal Editor' being destroyed
[2025.10.14-00.46.28:107][331]AssetCheck: New page: Asset Save: Swarm08_SK_Skeleton
[2025.10.14-00.46.28:107][331]LogContentValidation: Display: Validating Skeleton /Game/Characters/Content_Enemies/MonsterForSurvivalGame/Mesh/Polyart/Swarm08_SK_Skeleton.Swarm08_SK_Skeleton
[2025.10.14-00.46.28:109][332]Cmd: QUIT_EDITOR
[2025.10.14-00.46.28:109][332]LogCore: Engine exit requested (reason: UUnrealEdEngine::CloseEditor())
[2025.10.14-00.46.28:111][332]LogCore: Engine exit requested (reason: EngineExit() was called; note: exit was already requested)
[2025.10.14-00.46.28:778][332]LogAudio: Display: Beginning Audio Device Manager Shutdown (Module: AudioMixerXAudio2)...
[2025.10.14-00.46.28:778][332]LogAudio: Display: Destroying 1 Remaining Audio Device(s)...
[2025.10.14-00.46.28:778][332]LogAudio: Display: Audio Device unregistered from world 'ComidaVivaIA'.
[2025.10.14-00.46.28:778][332]LogAudioMixer: FMixerPlatformXAudio2::StopAudioStream() called
[2025.10.14-00.46.28:779][332]LogAudioMixer: FMixerPlatformXAudio2::StopAudioStream() called
[2025.10.14-00.46.28:789][332]LogAudio: Display: Audio Device Manager Shutdown
[2025.10.14-00.46.28:789][332]LogWindowsTextInputMethodSystem: Display: IME system deactivated.
[2025.10.14-00.46.28:794][332]LogExit: Preparing to exit.
[2025.10.14-00.46.29:331][332]LogUObjectHash: Compacting FUObjectHashTables data took   1.70ms
[2025.10.14-00.46.29:543][332]LogWorld: UWorld::CleanupWorld for World_6, bSessionEnded=true, bCleanupResources=true
[2025.10.14-00.46.29:545][332]LogActorComponent: UnregisterComponent: (None.None) Not registered. Aborting.
[2025.10.14-00.46.29:545][332]LogActorComponent: UnregisterComponent: (None.None) Not registered. Aborting.
[2025.10.14-00.46.29:545][332]LogActorComponent: UnregisterComponent: (None.None) Not registered. Aborting.
[2025.10.14-00.46.29:545][332]LogActorComponent: UnregisterComponent: (None.None) Not registered. Aborting.
[2025.10.14-00.46.29:545][332]LogActorComponent: UnregisterComponent: (None.None) Not registered. Aborting.
[2025.10.14-00.46.29:545][332]LogActorComponent: UnregisterComponent: (None.None) Not registered. Aborting.
[2025.10.14-00.46.29:545][332]LogActorComponent: UnregisterComponent: (None.None) Not registered. Aborting.
[2025.10.14-00.46.29:545][332]LogWorld: UWorld::CleanupWorld for None, bSessionEnded=true, bCleanupResources=true
[2025.10.14-00.46.29:546][332]LogActorComponent: UnregisterComponent: (None.None) Not registered. Aborting.
[2025.10.14-00.46.29:546][332]LogActorComponent: UnregisterComponent: (None.None) Not registered. Aborting.
[2025.10.14-00.46.29:546][332]LogActorComponent: UnregisterComponent: (None.None) Not registered. Aborting.
[2025.10.14-00.46.29:546][332]LogActorComponent: UnregisterComponent: (None.None) Not registered. Aborting.
[2025.10.14-00.46.29:546][332]LogActorComponent: UnregisterComponent: (None.None) Not registered. Aborting.
[2025.10.14-00.46.29:546][332]LogActorComponent: UnregisterComponent: (None.None) Not registered. Aborting.
[2025.10.14-00.46.29:546][332]LogActorComponent: UnregisterComponent: (None.None) Not registered. Aborting.
[2025.10.14-00.46.29:546][332]LogWorld: UWorld::CleanupWorld for None, bSessionEnded=true, bCleanupResources=true
[2025.10.14-00.46.29:548][332]LogActorComponent: UnregisterComponent: (None.None) Not registered. Aborting.
[2025.10.14-00.46.29:548][332]LogActorComponent: UnregisterComponent: (None.None) Not registered. Aborting.
[2025.10.14-00.46.29:548][332]LogActorComponent: UnregisterComponent: (None.None) Not registered. Aborting.
[2025.10.14-00.46.29:548][332]LogActorComponent: UnregisterComponent: (None.None) Not registered. Aborting.
[2025.10.14-00.46.29:548][332]LogActorComponent: UnregisterComponent: (None.None) Not registered. Aborting.
[2025.10.14-00.46.29:548][332]LogActorComponent: UnregisterComponent: (None.None) Not registered. Aborting.
[2025.10.14-00.46.29:548][332]LogActorComponent: UnregisterComponent: (None.None) Not registered. Aborting.
[2025.10.14-00.46.29:548][332]LogWorld: UWorld::CleanupWorld for None, bSessionEnded=true, bCleanupResources=true
[2025.10.14-00.46.29:549][332]LogActorComponent: UnregisterComponent: (None.None) Not registered. Aborting.
[2025.10.14-00.46.29:549][332]LogActorComponent: UnregisterComponent: (None.None) Not registered. Aborting.
[2025.10.14-00.46.29:549][332]LogActorComponent: UnregisterComponent: (None.None) Not registered. Aborting.
[2025.10.14-00.46.29:549][332]LogActorComponent: UnregisterComponent: (None.None) Not registered. Aborting.
[2025.10.14-00.46.29:549][332]LogActorComponent: UnregisterComponent: (None.None) Not registered. Aborting.
[2025.10.14-00.46.29:549][332]LogActorComponent: UnregisterComponent: (None.None) Not registered. Aborting.
[2025.10.14-00.46.29:549][332]LogActorComponent: UnregisterComponent: (None.None) Not registered. Aborting.
[2025.10.14-00.46.29:549][332]LogWorld: UWorld::CleanupWorld for None, bSessionEnded=true, bCleanupResources=true
[2025.10.14-00.46.29:551][332]LogActorComponent: UnregisterComponent: (None.None) Not registered. Aborting.
[2025.10.14-00.46.29:551][332]LogActorComponent: UnregisterComponent: (None.None) Not registered. Aborting.
[2025.10.14-00.46.29:551][332]LogActorComponent: UnregisterComponent: (None.None) Not registered. Aborting.
[2025.10.14-00.46.29:551][332]LogActorComponent: UnregisterComponent: (None.None) Not registered. Aborting.
[2025.10.14-00.46.29:551][332]LogActorComponent: UnregisterComponent: (None.None) Not registered. Aborting.
[2025.10.14-00.46.29:551][332]LogActorComponent: UnregisterComponent: (None.None) Not registered. Aborting.
[2025.10.14-00.46.29:551][332]LogActorComponent: UnregisterComponent: (None.None) Not registered. Aborting.
[2025.10.14-00.46.29:551][332]LogWorld: UWorld::CleanupWorld for None, bSessionEnded=true, bCleanupResources=true
[2025.10.14-00.46.29:552][332]LogActorComponent: UnregisterComponent: (None.None) Not registered. Aborting.
[2025.10.14-00.46.29:552][332]LogActorComponent: UnregisterComponent: (None.None) Not registered. Aborting.
[2025.10.14-00.46.29:552][332]LogActorComponent: UnregisterComponent: (None.None) Not registered. Aborting.
[2025.10.14-00.46.29:552][332]LogActorComponent: UnregisterComponent: (None.None) Not registered. Aborting.
[2025.10.14-00.46.29:552][332]LogActorComponent: UnregisterComponent: (None.None) Not registered. Aborting.
[2025.10.14-00.46.29:552][332]LogActorComponent: UnregisterComponent: (None.None) Not registered. Aborting.
[2025.10.14-00.46.29:552][332]LogActorComponent: UnregisterComponent: (None.None) Not registered. Aborting.
[2025.10.14-00.46.29:552][332]LogWorld: UWorld::CleanupWorld for None, bSessionEnded=true, bCleanupResources=true
[2025.10.14-00.46.29:554][332]LogActorComponent: UnregisterComponent: (None.None) Not registered. Aborting.
[2025.10.14-00.46.29:554][332]LogActorComponent: UnregisterComponent: (None.None) Not registered. Aborting.
[2025.10.14-00.46.29:554][332]LogActorComponent: UnregisterComponent: (None.None) Not registered. Aborting.
[2025.10.14-00.46.29:554][332]LogActorComponent: UnregisterComponent: (None.None) Not registered. Aborting.
[2025.10.14-00.46.29:554][332]LogActorComponent: UnregisterComponent: (None.None) Not registered. Aborting.
[2025.10.14-00.46.29:554][332]LogActorComponent: UnregisterComponent: (None.None) Not registered. Aborting.
[2025.10.14-00.46.29:554][332]LogActorComponent: UnregisterComponent: (None.None) Not registered. Aborting.
[2025.10.14-00.46.29:554][332]LogWorld: UWorld::CleanupWorld for None, bSessionEnded=true, bCleanupResources=true
[2025.10.14-00.46.29:587][332]LogDemo: Cleaned up 0 splitscreen connections with owner deletion
[2025.10.14-00.46.29:602][332]LogExit: Editor shut down
[2025.10.14-00.46.29:603][332]LogExit: Transaction tracking system shut down
[2025.10.14-00.46.29:873][332]LogExit: Object subsystem successfully closed.
[2025.10.14-00.46.29:891][332]LogShaderCompilers: Display: === FShaderJobCache stats ===
[2025.10.14-00.46.29:891][332]LogShaderCompilers: Display: Total job queries 116, among them cache hits 52 (44.83%)
[2025.10.14-00.46.29:891][332]LogShaderCompilers: Display: Tracking 39 distinct input hashes that result in 28 distinct outputs (71.79%)
[2025.10.14-00.46.29:891][332]LogShaderCompilers: Display: RAM used: 0.11 MB (0.00 GB) of 1228.80 MB (1.20 GB) budget. Usage: 0.01%
[2025.10.14-00.46.29:891][332]LogShaderCompilers: Display: ================================================
[2025.10.14-00.46.29:906][332]LogShaderCompilers: Display: Shaders left to compile 0
[2025.10.14-00.46.29:919][332]LogModuleManager: Shutting down and abandoning module SequencerWidgets (884)
[2025.10.14-00.46.29:919][332]LogModuleManager: Shutting down and abandoning module AnimationEditor (882)
[2025.10.14-00.46.29:919][332]LogModuleManager: Shutting down and abandoning module PinnedCommandList (880)
[2025.10.14-00.46.29:919][332]LogModuleManager: Shutting down and abandoning module SkeletonEditor (878)
[2025.10.14-00.46.29:919][332]LogModuleManager: Shutting down and abandoning module BlueprintGraph (876)
[2025.10.14-00.46.29:919][332]LogModuleManager: Shutting down and abandoning module MovieSceneCapture (874)
[2025.10.14-00.46.29:919][332]LogModuleManager: Shutting down and abandoning module Voice (872)
[2025.10.14-00.46.29:919][332]LogModuleManager: Shutting down and abandoning module HierarchicalLODOutliner (870)
[2025.10.14-00.46.29:919][332]LogModuleManager: Shutting down and abandoning module SceneOutliner (868)
[2025.10.14-00.46.29:919][332]LogModuleManager: Shutting down and abandoning module AddContentDialog (866)
[2025.10.14-00.46.29:921][332]LogModuleManager: Shutting down and abandoning module WidgetCarousel (865)
[2025.10.14-00.46.29:921][332]LogModuleManager: Shutting down and abandoning module EditorWidgets (862)
[2025.10.14-00.46.29:921][332]LogModuleManager: Shutting down and abandoning module StatsViewer (860)
[2025.10.14-00.46.29:921][332]LogModuleManager: Shutting down and abandoning module PIEPreviewDeviceProfileSelector (858)
[2025.10.14-00.46.29:921][332]LogModuleManager: Shutting down and abandoning module SequenceRecorderSections (856)
[2025.10.14-00.46.29:921][332]LogModuleManager: Shutting down and abandoning module AutomationWorker (854)
[2025.10.14-00.46.29:921][332]LogModuleManager: Shutting down and abandoning module SteamVREditor (852)
[2025.10.14-00.46.29:921][332]LogModuleManager: Shutting down and abandoning module OculusMR (850)
[2025.10.14-00.46.29:921][332]LogModuleManager: Shutting down and abandoning module TakeRecorderSources (848)
[2025.10.14-00.46.29:921][332]LogModuleManager: Shutting down and abandoning module TakeRecorder (847)
[2025.10.14-00.46.29:921][332]LogModuleManager: Shutting down and abandoning module TakeTrackRecorders (844)
[2025.10.14-00.46.29:921][332]LogModuleManager: Shutting down and abandoning module TakesCore (842)
[2025.10.14-00.46.29:922][332]LogModuleManager: Shutting down and abandoning module OpenXRInput (840)
[2025.10.14-00.46.29:922][332]LogModuleManager: Shutting down and abandoning module GooglePADEditor (838)
[2025.10.14-00.46.29:922][332]LogModuleManager: Shutting down and abandoning module AudioCaptureEditor (836)
[2025.10.14-00.46.29:922][332]LogModuleManager: Shutting down and abandoning module TemplateSequenceEditor (834)
[2025.10.14-00.46.29:922][332]LogModuleManager: Shutting down and abandoning module ActorSequenceEditor (832)
[2025.10.14-00.46.29:922][332]LogModuleManager: Shutting down and abandoning module LevelSequenceEditor (830)
[2025.10.14-00.46.29:922][332]LogModuleManager: Shutting down and abandoning module MatineeToLevelSequence (828)
[2025.10.14-00.46.29:922][332]LogModuleManager: Shutting down and abandoning module PlanarCut (826)
[2025.10.14-00.46.29:922][332]LogModuleManager: Shutting down and abandoning module WebMMediaFactory (824)
[2025.10.14-00.46.29:922][332]LogModuleManager: Shutting down and abandoning module WebMMediaEditor (822)
[2025.10.14-00.46.29:922][332]LogModuleManager: Shutting down and abandoning module WebMMedia (820)
[2025.10.14-00.46.29:922][332]LogModuleManager: Shutting down and abandoning module CharacterAI (818)
[2025.10.14-00.46.29:922][332]LogModuleManager: Shutting down and abandoning module WmfMediaFactory (816)
[2025.10.14-00.46.29:922][332]LogModuleManager: Shutting down and abandoning module WmfMediaEditor (814)
[2025.10.14-00.46.29:922][332]LogModuleManager: Shutting down and abandoning module MediaPlayerEditor (812)
[2025.10.14-00.46.29:922][332]LogModuleManager: Shutting down and abandoning module MediaCompositingEditor (810)
[2025.10.14-00.46.29:922][332]LogModuleManager: Shutting down and abandoning module SequenceRecorder (809)
[2025.10.14-00.46.29:922][332]LogModuleManager: Shutting down and abandoning module OpenExrWrapper (806)
[2025.10.14-00.46.29:922][332]LogModuleManager: Shutting down and abandoning module ImgMediaFactory (804)
[2025.10.14-00.46.29:922][332]LogModuleManager: Shutting down and abandoning module ImgMediaEditor (802)
[2025.10.14-00.46.29:922][332]LogModuleManager: Shutting down and abandoning module AvfMediaFactory (800)
[2025.10.14-00.46.29:922][332]LogModuleManager: Shutting down and abandoning module AvfMediaEditor (798)
[2025.10.14-00.46.29:922][332]LogModuleManager: Shutting down and abandoning module AndroidMediaFactory (796)
[2025.10.14-00.46.29:922][332]LogModuleManager: Shutting down and abandoning module AndroidMediaEditor (794)
[2025.10.14-00.46.29:922][332]LogModuleManager: Shutting down and abandoning module MagicLeapMediaCodecFactory (792)
[2025.10.14-00.46.29:922][332]LogModuleManager: Shutting down and abandoning module MagicLeapMediaFactory (790)
[2025.10.14-00.46.29:922][332]LogModuleManager: Shutting down and abandoning module MagicLeapMediaEditor (788)
[2025.10.14-00.46.29:922][332]LogModuleManager: Shutting down and abandoning module TextureAlignMode (786)
[2025.10.14-00.46.29:922][332]LogModuleManager: Shutting down and abandoning module BspMode (784)
[2025.10.14-00.46.29:922][332]LogModuleManager: Shutting down and abandoning module GeometryMode (782)
[2025.10.14-00.46.29:922][332]LogModuleManager: Shutting down and abandoning module CameraShakePreviewer (780)
[2025.10.14-00.46.29:922][332]LogModuleManager: Shutting down and abandoning module SmartSnapping (778)
[2025.10.14-00.46.29:922][332]LogModuleManager: Shutting down and abandoning module SessionServices (776)
[2025.10.14-00.46.29:922][332]LogModuleManager: Shutting down and abandoning module MeshPaint (774)
[2025.10.14-00.46.29:922][332]LogModuleManager: Shutting down and abandoning module VirtualTexturingEditor (772)
[2025.10.14-00.46.29:922][332]LogModuleManager: Shutting down and abandoning module FoliageEdit (770)
[2025.10.14-00.46.29:922][332]LogModuleManager: Shutting down and abandoning module LandscapeEditor (768)
[2025.10.14-00.46.29:922][332]LogModuleManager: Shutting down and abandoning module MeshPaintMode (766)
[2025.10.14-00.46.29:922][332]LogModuleManager: Shutting down and abandoning module SceneDepthPickerMode (764)
[2025.10.14-00.46.29:922][332]LogModuleManager: Shutting down and abandoning module ActorPickerMode (762)
[2025.10.14-00.46.29:922][332]LogModuleManager: Shutting down and abandoning module PlacementMode (760)
[2025.10.14-00.46.29:922][332]LogModuleManager: Shutting down and abandoning module ViewportSnapping (758)
[2025.10.14-00.46.29:922][332]LogModuleManager: Shutting down and abandoning module ViewportInteraction (756)
[2025.10.14-00.46.29:922][332]LogModuleManager: Shutting down and abandoning module ClothPainter (754)
[2025.10.14-00.46.29:922][332]LogModuleManager: Shutting down and abandoning module SkeletalMeshEditor (753)
[2025.10.14-00.46.29:922][332]LogModuleManager: Shutting down and abandoning module LogVisualizer (750)
[2025.10.14-00.46.29:922][332]LogModuleManager: Shutting down and abandoning module IntroTutorials (748)
[2025.10.14-00.46.29:922][332]LogModuleManager: Shutting down and abandoning module GameProjectGeneration (747)
[2025.10.14-00.46.29:922][332]LogModuleManager: Shutting down and abandoning module LuminPlatformEditor (744)
[2025.10.14-00.46.29:923][332]LogModuleManager: Shutting down and abandoning module IOSPlatformEditor (742)
[2025.10.14-00.46.29:923][332]LogModuleManager: Shutting down and abandoning module AndroidPlatformEditor (740)
[2025.10.14-00.46.29:923][332]LogModuleManager: Shutting down and abandoning module AndroidDeviceDetection (739)
[2025.10.14-00.46.31:492][332]LogModuleManager: Shutting down and abandoning module WindowsPlatformEditor (736)
[2025.10.14-00.46.31:492][332]LogModuleManager: Shutting down and abandoning module LuminRuntimeSettings (734)
[2025.10.14-00.46.31:492][332]LogModuleManager: Shutting down and abandoning module IOSRuntimeSettings (732)
[2025.10.14-00.46.31:492][332]LogModuleManager: Shutting down and abandoning module AndroidRuntimeSettings (730)
[2025.10.14-00.46.31:492][332]LogModuleManager: Shutting down and abandoning module TraceInsights (728)
[2025.10.14-00.46.31:492][332]MemoryProfiler: Shutdown
[2025.10.14-00.46.31:492][332]NetworkingProfiler: Shutdown
[2025.10.14-00.46.31:492][332]LoadingProfiler: Shutdown
[2025.10.14-00.46.31:492][332]TimingProfiler: Shutdown
[2025.10.14-00.46.31:492][332]LogModuleManager: Shutting down and abandoning module TraceServices (727)
[2025.10.14-00.46.31:492][332]LogModuleManager: Shutting down and abandoning module EditorInteractiveToolsFramework (724)
[2025.10.14-00.46.31:492][332]LogModuleManager: Shutting down and abandoning module TimeManagementEditor (722)
[2025.10.14-00.46.31:492][332]LogModuleManager: Shutting down and abandoning module InputBindingEditor (720)
[2025.10.14-00.46.31:492][332]LogModuleManager: Shutting down and abandoning module MergeActors (718)
[2025.10.14-00.46.31:492][332]LogModuleManager: Shutting down and abandoning module LocalizationDashboard (716)
[2025.10.14-00.46.31:492][332]LogModuleManager: Shutting down and abandoning module LocalizationService (715)
[2025.10.14-00.46.31:492][332]LogModuleManager: Shutting down and abandoning module HardwareTargeting (712)
[2025.10.14-00.46.31:492][332]LogModuleManager: Shutting down and abandoning module DeviceProfileEditor (710)
[2025.10.14-00.46.31:492][332]LogModuleManager: Shutting down and abandoning module UndoHistory (708)
[2025.10.14-00.46.31:492][332]LogModuleManager: Shutting down and abandoning module XmlParser (706)
[2025.10.14-00.46.31:492][332]LogModuleManager: Shutting down and abandoning module Blutility (704)
[2025.10.14-00.46.31:492][332]LogModuleManager: Shutting down and abandoning module ProjectSettingsViewer (702)
[2025.10.14-00.46.31:492][332]LogModuleManager: Shutting down and abandoning module ProjectTargetPlatformEditor (701)
[2025.10.14-00.46.31:492][332]LogModuleManager: Shutting down and abandoning module EditorSettingsViewer (698)
[2025.10.14-00.46.31:493][332]LogModuleManager: Shutting down and abandoning module InternationalizationSettings (697)
[2025.10.14-00.46.31:493][332]LogModuleManager: Shutting down and abandoning module SettingsEditor (694)
[2025.10.14-00.46.31:493][332]LogModuleManager: Shutting down and abandoning module ProjectLauncher (692)
[2025.10.14-00.46.31:493][332]LogModuleManager: Shutting down and abandoning module SessionFrontend (690)
[2025.10.14-00.46.31:493][332]LogModuleManager: Shutting down and abandoning module ProfilerClient (688)
[2025.10.14-00.46.31:493][332]LogModuleManager: Shutting down and abandoning module DeviceManager (686)
[2025.10.14-00.46.31:493][332]LogModuleManager: Shutting down and abandoning module TargetDeviceServices (685)
[2025.10.14-00.46.31:524][332]LogModuleManager: Shutting down and abandoning module AutomationController (682)
[2025.10.14-00.46.31:524][332]LogModuleManager: Shutting down and abandoning module AutomationWindow (680)
[2025.10.14-00.46.31:524][332]LogModuleManager: Shutting down and abandoning module Layers (678)
[2025.10.14-00.46.31:524][332]LogModuleManager: Shutting down and abandoning module ComponentVisualizers (676)
[2025.10.14-00.46.31:524][332]LogModuleManager: Shutting down and abandoning module DetailCustomizations (674)
[2025.10.14-00.46.31:524][332]LogModuleManager: Shutting down and abandoning module PackagesDialog (672)
[2025.10.14-00.46.31:524][332]LogModuleManager: Shutting down and abandoning module AnimationBlueprintEditor (670)
[2025.10.14-00.46.31:524][332]LogModuleManager: Shutting down and abandoning module Persona (668)
[2025.10.14-00.46.31:524][332]LogModuleManager: Shutting down and abandoning module AdvancedPreviewScene (667)
[2025.10.14-00.46.31:524][332]LogModuleManager: Shutting down and abandoning module AnimGraph (665)
[2025.10.14-00.46.31:524][332]LogModuleManager: Shutting down and abandoning module Kismet (662)
[2025.10.14-00.46.31:532][332]LogModuleManager: Shutting down and abandoning module KismetWidgets (661)
[2025.10.14-00.46.31:532][332]LogModuleManager: Shutting down and abandoning module GraphEditor (658)
[2025.10.14-00.46.31:532][332]LogModuleManager: Shutting down and abandoning module StructViewer (656)
[2025.10.14-00.46.31:532][332]LogModuleManager: Shutting down and abandoning module ClassViewer (654)
[2025.10.14-00.46.31:534][332]LogModuleManager: Shutting down and abandoning module Toolbox (652)
[2025.10.14-00.46.31:534][332]LogModuleManager: Shutting down and abandoning module ModuleUI (650)
[2025.10.14-00.46.31:534][332]LogModuleManager: Shutting down and abandoning module OutputLog (648)
[2025.10.14-00.46.31:536][332]LogModuleManager: Shutting down and abandoning module GammaUI (646)
[2025.10.14-00.46.31:536][332]LogModuleManager: Shutting down and abandoning module Documentation (644)
[2025.10.14-00.46.31:537][332]LogModuleManager: Shutting down and abandoning module LiveCoding (642)
[2025.10.14-00.46.31:537][332]LogModuleManager: Shutting down and abandoning module LevelSequence (640)
[2025.10.14-00.46.31:537][332]LogModuleManager: Shutting down and abandoning module MovieSceneTracks (638)
[2025.10.14-00.46.31:537][332]LogModuleManager: Shutting down and abandoning module MovieScene (636)
[2025.10.14-00.46.31:537][332]LogModuleManager: Shutting down and abandoning module StreamingPauseRendering (634)
[2025.10.14-00.46.31:537][332]LogModuleManager: Shutting down and abandoning module LauncherPlatform (632)
[2025.10.14-00.46.31:537][332]LogModuleManager: Shutting down and abandoning module AnalyticsET (630)
[2025.10.14-00.46.31:537][332]LogModuleManager: Shutting down and abandoning module PortalServices (628)
[2025.10.14-00.46.31:537][332]LogModuleManager: Shutting down and abandoning module PortalRpc (626)
[2025.10.14-00.46.31:537][332]LogModuleManager: Shutting down and abandoning module MessagingRpc (624)
[2025.10.14-00.46.31:537][332]LogModuleManager: Shutting down and abandoning module AudioMixerXAudio2 (622)
[2025.10.14-00.46.31:537][332]LogModuleManager: Shutting down and abandoning module AudioMixerCore (621)
[2025.10.14-00.46.31:537][332]LogModuleManager: Shutting down and abandoning module AIModule (618)
[2025.10.14-00.46.31:537][332]LogModuleManager: Shutting down and abandoning module GameplayDebugger (617)
[2025.10.14-00.46.31:537][332]LogModuleManager: Shutting down and abandoning module AITestSuite (615)
[2025.10.14-00.46.31:537][332]LogModuleManager: Shutting down and abandoning module NavigationSystem (613)
[2025.10.14-00.46.31:537][332]LogModuleManager: Shutting down and abandoning module ImageWriteQueue (610)
[2025.10.14-00.46.31:541][332]LogModuleManager: Shutting down and abandoning module ProfilerService (608)
[2025.10.14-00.46.31:704][332]LogModuleManager: Shutting down and abandoning module TaskGraph (606)
[2025.10.14-00.46.31:704][332]LogModuleManager: Shutting down and abandoning module AudioSynesthesiaEditor (604)
[2025.10.14-00.46.31:704][332]LogModuleManager: Shutting down and abandoning module OculusEditor (602)
[2025.10.14-00.46.31:704][332]LogModuleManager: Shutting down and abandoning module OculusInput (600)
[2025.10.14-00.46.31:704][332]LogModuleManager: Shutting down and abandoning module ContentBrowserFileDataSource (598)
[2025.10.14-00.46.31:704][332]LogModuleManager: Shutting down and abandoning module ContentBrowserAssetDataSource (596)
[2025.10.14-00.46.31:704][332]LogModuleManager: Shutting down and abandoning module ContentBrowserClassDataSource (594)
[2025.10.14-00.46.31:704][332]LogModuleManager: Shutting down and abandoning module CollectionManager (593)
[2025.10.14-00.46.31:704][332]LogModuleManager: Shutting down and abandoning module SynthesisEditor (590)
[2025.10.14-00.46.31:704][332]LogModuleManager: Shutting down and abandoning module Synthesis (588)
[2025.10.14-00.46.31:704][332]LogModuleManager: Shutting down and abandoning module TakeSequencer (586)
[2025.10.14-00.46.31:704][332]LogModuleManager: Shutting down and abandoning module TakeMovieScene (584)
[2025.10.14-00.46.31:704][332]LogModuleManager: Shutting down and abandoning module ProceduralMeshComponentEditor (582)
[2025.10.14-00.46.31:704][332]LogModuleManager: Shutting down and abandoning module ProceduralMeshComponent (580)
[2025.10.14-00.46.31:704][332]LogModuleManager: Shutting down and abandoning module ScreenshotTools (578)
[2025.10.14-00.46.31:704][332]LogModuleManager: Shutting down and abandoning module OpenXREditor (576)
[2025.10.14-00.46.31:704][332]LogModuleManager: Shutting down and abandoning module MobilePatchingUtils (574)
[2025.10.14-00.46.31:704][332]LogModuleManager: Shutting down and abandoning module VariantManagerContentEditor (572)
[2025.10.14-00.46.31:705][332]LogModuleManager: Shutting down and abandoning module DatasmithContentEditor (570)
[2025.10.14-00.46.31:705][332]LogModuleManager: Shutting down and abandoning module GooglePAD (568)
[2025.10.14-00.46.31:705][332]LogModuleManager: Shutting down and abandoning module EditableMesh (566)
[2025.10.14-00.46.31:705][332]LogModuleManager: Shutting down and abandoning module CustomMeshComponent (564)
[2025.10.14-00.46.31:705][332]LogModuleManager: Shutting down and abandoning module CableComponent (562)
[2025.10.14-00.46.31:705][332]LogModuleManager: Shutting down and abandoning module AudioCapture (560)
[2025.10.14-00.46.31:705][332]LogModuleManager: Shutting down and abandoning module AudioCaptureRtAudio (559)
[2025.10.14-00.46.31:705][332]LogModuleManager: Shutting down and abandoning module AssetTags (556)
[2025.10.14-00.46.31:705][332]LogModuleManager: Shutting down and abandoning module ArchVisCharacter (554)
[2025.10.14-00.46.31:705][332]LogModuleManager: Shutting down and abandoning module AppleImageUtilsBlueprintSupport (552)
[2025.10.14-00.46.31:705][332]LogModuleManager: Shutting down and abandoning module AppleImageUtils (550)
[2025.10.14-00.46.31:705][332]LogModuleManager: Shutting down and abandoning module AndroidPermission (548)
[2025.10.14-00.46.31:705][332]LogModuleManager: Shutting down and abandoning module TemplateSequence (546)
[2025.10.14-00.46.31:705][332]LogModuleManager: Shutting down and abandoning module ActorLayerUtilitiesEditor (544)
[2025.10.14-00.46.31:705][332]LogModuleManager: Shutting down and abandoning module ActorLayerUtilities (542)
[2025.10.14-00.46.31:705][332]LogModuleManager: Shutting down and abandoning module OpenImageDenoise (540)
[2025.10.14-00.46.31:705][332]LogOpenImageDenoise: OIDN shutting down
[2025.10.14-00.46.31:705][332]LogModuleManager: Shutting down and abandoning module MotoSynthEditor (538)
[2025.10.14-00.46.31:705][332]LogModuleManager: Shutting down and abandoning module MotoSynth (536)
[2025.10.14-00.46.31:705][332]LogModuleManager: Shutting down and abandoning module MeshConversion (534)
[2025.10.14-00.46.31:705][332]LogModuleManager: Shutting down and abandoning module DynamicMesh (532)
[2025.10.14-00.46.31:705][332]LogModuleManager: Shutting down and abandoning module GeometryAlgorithms (530)
[2025.10.14-00.46.31:705][332]LogModuleManager: Shutting down and abandoning module GeometricObjects (528)
[2025.10.14-00.46.31:705][332]LogModuleManager: Shutting down and abandoning module GeometryCollectionTracks (526)
[2025.10.14-00.46.31:705][332]LogModuleManager: Shutting down and abandoning module GeometryCollectionSequencer (525)
[2025.10.14-00.46.31:705][332]LogModuleManager: Shutting down and abandoning module GeometryCollectionEditor (522)
[2025.10.14-00.46.31:705][332]LogModuleManager: Shutting down and abandoning module GeometryCacheTracks (520)
[2025.10.14-00.46.31:705][332]LogModuleManager: Shutting down and abandoning module GeometryCacheStreamer (518)
[2025.10.14-00.46.31:705][332]LogModuleManager: Shutting down and abandoning module GeometryCacheSequencer (516)
[2025.10.14-00.46.31:705][332]LogModuleManager: Shutting down and abandoning module SpeedTreeImporter (514)
[2025.10.14-00.46.31:705][332]LogModuleManager: Shutting down and abandoning module MediaCompositing (512)
[2025.10.14-00.46.31:705][332]LogModuleManager: Shutting down and abandoning module ImgMedia (510)
[2025.10.14-00.46.31:705][332]LogModuleManager: Shutting down and abandoning module MagicLeapSharedWorld (508)
[2025.10.14-00.46.31:705][332]LogModuleManager: Shutting down and abandoning module MagicLeapLightEstimation (506)
[2025.10.14-00.46.31:705][332]LogModuleManager: Shutting down and abandoning module ChaosSolverEditor (504)
[2025.10.14-00.46.31:705][332]LogModuleManager: Shutting down and abandoning module MagicLeapHelperVulkan (502)
[2025.10.14-00.46.31:705][332]LogModuleManager: Shutting down and abandoning module MagicLeapHelperOpenGL (500)
[2025.10.14-00.46.31:705][332]LogModuleManager: Shutting down and abandoning module MagicLeapAudio (498)
[2025.10.14-00.46.31:705][332]LogModuleManager: Shutting down and abandoning module ChaosNiagara (496)
[2025.10.14-00.46.31:705][332]LogModuleManager: Shutting down and abandoning module FractureEditor (494)
[2025.10.14-00.46.31:705][332]LogModuleManager: Shutting down and abandoning module FieldSystemEngine (493)
[2025.10.14-00.46.31:705][332]LogModuleManager: Shutting down and abandoning module ChaosClothEditor (490)
[2025.10.14-00.46.31:705][332]LogModuleManager: Shutting down and abandoning module AutomationUtilsEditor (488)
[2025.10.14-00.46.31:705][332]LogModuleManager: Shutting down and abandoning module AutomationUtils (486)
[2025.10.14-00.46.31:705][332]LogModuleManager: Shutting down and abandoning module BackChannel (484)
[2025.10.14-00.46.31:705][332]LogModuleManager: Shutting down and abandoning module AlembicImporter (482)
[2025.10.14-00.46.31:705][332]LogModuleManager: Shutting down and abandoning module AlembicLibrary (481)
[2025.10.14-00.46.31:705][332]LogModuleManager: Shutting down and abandoning module GeometryCache (480)
[2025.10.14-00.46.31:705][332]LogModuleManager: Shutting down and abandoning module GeometryCacheEd (479)
[2025.10.14-00.46.31:705][332]LogModuleManager: Shutting down and abandoning module PluginBrowser (474)
[2025.10.14-00.46.31:705][332]LogModuleManager: Shutting down and abandoning module MobileLauncherProfileWizard (472)
[2025.10.14-00.46.31:705][332]LogModuleManager: Shutting down and abandoning module MaterialAnalyzer (470)
[2025.10.14-00.46.31:705][332]LogModuleManager: Shutting down and abandoning module VisualStudioSourceCodeAccess (468)
[2025.10.14-00.46.31:705][332]LogModuleManager: Shutting down and abandoning module VisualStudioCodeSourceCodeAccess (466)
[2025.10.14-00.46.31:705][332]LogModuleManager: Shutting down and abandoning module UObjectPlugin (464)
[2025.10.14-00.46.31:705][332]LogModuleManager: Shutting down and abandoning module SubversionSourceControl (462)
[2025.10.14-00.46.31:705][332]LogModuleManager: Shutting down and abandoning module RiderSourceCodeAccess (460)
[2025.10.14-00.46.31:705][332]LogModuleManager: Shutting down and abandoning module PluginUtils (458)
[2025.10.14-00.46.31:705][332]LogModuleManager: Shutting down and abandoning module PlasticSourceControl (456)
[2025.10.14-00.46.31:705][332]LogModuleManager: Shutting down and abandoning module PerforceSourceControl (454)
[2025.10.14-00.46.31:705][332]LogModuleManager: Shutting down and abandoning module CurveEditorTools (452)
[2025.10.14-00.46.31:705][332]LogModuleManager: Shutting down and abandoning module CryptoKeysOpenSSL (450)
[2025.10.14-00.46.31:705][332]LogModuleManager: Shutting down and abandoning module CryptoKeys (448)
[2025.10.14-00.46.31:705][332]LogModuleManager: Shutting down and abandoning module GitSourceControl (446)
[2025.10.14-00.46.31:705][332]LogModuleManager: Shutting down and abandoning module SourceControl (445)
[2025.10.14-00.46.31:705][332]LogModuleManager: Shutting down and abandoning module NiagaraEditorWidgets (442)
[2025.10.14-00.46.31:706][332]LogModuleManager: Shutting down and abandoning module CLionSourceCodeAccess (440)
[2025.10.14-00.46.31:706][332]LogModuleManager: Shutting down and abandoning module AnimationSharingEd (438)
[2025.10.14-00.46.31:706][332]LogModuleManager: Shutting down and abandoning module OodleNetworkHandlerComponent (436)
[2025.10.14-00.46.31:706][332]LogModuleManager: Shutting down and abandoning module LightPropagationVolumeEditor (434)
[2025.10.14-00.46.31:706][332]LogModuleManager: Shutting down and abandoning module LiveLinkSequencer (432)
[2025.10.14-00.46.31:706][332]LogModuleManager: Shutting down and abandoning module LiveLinkMovieScene (430)
[2025.10.14-00.46.31:706][332]LogModuleManager: Shutting down and abandoning module LiveLinkGraphNode (428)
[2025.10.14-00.46.31:706][332]LogModuleManager: Shutting down and abandoning module LiveLinkEditor (426)
[2025.10.14-00.46.31:706][332]LogModuleManager: Shutting down and abandoning module LiveLinkComponents (424)
[2025.10.14-00.46.31:706][332]LogModuleManager: Shutting down and abandoning module LiveLink (422)
[2025.10.14-00.46.32:517][332]LogModuleManager: Shutting down and abandoning module PaperTiledImporter (420)
[2025.10.14-00.46.32:517][332]LogModuleManager: Shutting down and abandoning module PaperSpriteSheetImporter (418)
[2025.10.14-00.46.32:517][332]LogModuleManager: Shutting down and abandoning module Paper2DEditor (416)
[2025.10.14-00.46.32:517][332]LogModuleManager: Shutting down and abandoning module MeshPaintingToolset (414)
[2025.10.14-00.46.32:517][332]LogModuleManager: Shutting down and abandoning module MeshPaintEditorMode (412)
[2025.10.14-00.46.32:517][332]LogModuleManager: Shutting down and abandoning module RuntimePhysXCooking (410)
[2025.10.14-00.46.32:517][332]LogModuleManager: Shutting down and abandoning module SoundFields (408)
[2025.10.14-00.46.32:517][332]LogModuleManager: Shutting down and abandoning module SignificanceManager (406)
[2025.10.14-00.46.32:517][332]LogModuleManager: Shutting down and abandoning module PropertyAccessEditor (404)
[2025.10.14-00.46.32:517][332]LogModuleManager: Shutting down and abandoning module PhysXVehiclesEditor (402)
[2025.10.14-00.46.32:517][332]LogModuleManager: Shutting down and abandoning module LocationServicesBPLibrary (398)
[2025.10.14-00.46.32:517][332]LogModuleManager: Shutting down and abandoning module AudioSynesthesia (396)
[2025.10.14-00.46.32:517][332]LogModuleManager: Shutting down and abandoning module AudioSynesthesiaCore (394)
[2025.10.14-00.46.32:517][332]LogModuleManager: Shutting down and abandoning module ActorSequence (392)
[2025.10.14-00.46.32:517][332]LogModuleManager: Shutting down and abandoning module TcpMessaging (390)
[2025.10.14-00.46.32:618][332]LogModuleManager: Shutting down and abandoning module UdpMessaging (388)
[2025.10.14-00.46.32:719][332]LogModuleManager: Shutting down and abandoning module PythonScriptPlugin (386)
[2025.10.14-00.46.32:719][332]LogModuleManager: Shutting down and abandoning module ImgMediaEngine (384)
[2025.10.14-00.46.32:719][332]LogModuleManager: Shutting down and abandoning module MagicLeapARPin (382)
[2025.10.14-00.46.32:719][332]LogModuleManager: Shutting down and abandoning module MagicLeapHandMeshing (380)
[2025.10.14-00.46.32:719][332]LogModuleManager: Shutting down and abandoning module MagicLeapSecureStorage (378)
[2025.10.14-00.46.32:719][332]LogModuleManager: Shutting down and abandoning module MagicLeapPrivileges (376)
[2025.10.14-00.46.32:719][332]LogModuleManager: Shutting down and abandoning module MagicLeapPlanes (374)
[2025.10.14-00.46.32:719][332]LogMagicLeapPlanes: Planes tracker already destroyed.
[2025.10.14-00.46.32:719][332]LogModuleManager: Shutting down and abandoning module MagicLeapImageTracker (372)
[2025.10.14-00.46.32:719][332]LogModuleManager: Shutting down and abandoning module MagicLeapIdentity (370)
[2025.10.14-00.46.32:719][332]LogModuleManager: Shutting down and abandoning module MagicLeapHandTracking (368)
[2025.10.14-00.46.32:719][332]LogModuleManager: Shutting down and abandoning module MagicLeapEyeTracker (366)
[2025.10.14-00.46.32:719][332]LogModuleManager: Shutting down and abandoning module MagicLeapController (364)
[2025.10.14-00.46.32:719][332]LogModuleManager: Shutting down and abandoning module MagicLeapARPinImpl (362)
[2025.10.14-00.46.32:719][332]LogModuleManager: Shutting down and abandoning module MagicLeapAR (360)
[2025.10.14-00.46.32:719][332]LogModuleManager: Shutting down and abandoning module PropertyAccessNode (358)
[2025.10.14-00.46.32:719][332]LogModuleManager: Shutting down and abandoning module FacialAnimationEditor (356)
[2025.10.14-00.46.32:719][332]LogModuleManager: Shutting down and abandoning module FacialAnimation (354)
[2025.10.14-00.46.32:719][332]LogModuleManager: Shutting down and abandoning module GameplayTagsEditor (352)
[2025.10.14-00.46.32:719][332]LogModuleManager: Shutting down and abandoning module DataValidation (350)
[2025.10.14-00.46.32:719][332]LogModuleManager: Shutting down and abandoning module NiagaraAnimNotifies (348)
[2025.10.14-00.46.32:719][332]LogModuleManager: Shutting down and abandoning module Niagara (346)
[2025.10.14-00.46.32:719][332]LogModuleManager: Shutting down and abandoning module SignalProcessing (345)
[2025.10.14-00.46.32:719][332]LogModuleManager: Shutting down and abandoning module NiagaraEditor (343)
[2025.10.14-00.46.32:719][332]LogModuleManager: Shutting down and abandoning module NiagaraCore (340)
[2025.10.14-00.46.32:719][332]LogModuleManager: Shutting down and abandoning module AssetManagerEditor (338)
[2025.10.14-00.46.32:719][332]LogModuleManager: Shutting down and abandoning module LevelEditor (337)
[2025.10.14-00.46.32:721][332]LogModuleManager: Shutting down and abandoning module PixelInspectorModule (336)
[2025.10.14-00.46.32:721][332]LogModuleManager: Shutting down and abandoning module CommonMenuExtensions (334)
[2025.10.14-00.46.32:721][332]LogModuleManager: Shutting down and abandoning module MainFrame (332)
[2025.10.14-00.46.32:721][332]LogModuleManager: Shutting down and abandoning module HotReload (331)
[2025.10.14-00.46.32:721][332]LogModuleManager: Shutting down and abandoning module ToolMenus (327)
[2025.10.14-00.46.32:722][332]LogModuleManager: Shutting down and abandoning module ContentBrowser (325)
[2025.10.14-00.46.32:722][332]LogModuleManager: Shutting down and abandoning module ContentBrowserData (324)
[2025.10.14-00.46.32:722][332]LogModuleManager: Shutting down and abandoning module TreeMap (321)
[2025.10.14-00.46.32:722][332]LogModuleManager: Shutting down and abandoning module AnimationSharing (318)
[2025.10.14-00.46.32:722][332]LogModuleManager: Shutting down and abandoning module GameplayCameras (316)
[2025.10.14-00.46.32:722][332]LogModuleManager: Shutting down and abandoning module LightPropagationVolumeRuntime (314)
[2025.10.14-00.46.32:722][332]LogModuleManager: Shutting down and abandoning module EnvironmentQueryEditor (312)
[2025.10.14-00.46.32:722][332]LogModuleManager: Shutting down and abandoning module Paper2D (310)
[2025.10.14-00.46.32:722][332]LogModuleManager: Shutting down and abandoning module WindowsMoviePlayer (308)
[2025.10.14-00.46.32:728][332]LogModuleManager: Shutting down and abandoning module WebMMoviePlayer (306)
[2025.10.14-00.46.32:728][332]LogModuleManager: Shutting down and abandoning module NetworkReplayStreaming (304)
[2025.10.14-00.46.32:728][332]LogModuleManager: Shutting down and abandoning module PacketHandler (302)
[2025.10.14-00.46.32:728][332]LogModuleManager: Shutting down and abandoning module ClothingSystemEditor (300)
[2025.10.14-00.46.32:728][332]LogModuleManager: Shutting down and abandoning module ClothingSystemRuntimeNv (298)
[2025.10.14-00.46.32:728][332]LogModuleManager: Shutting down and abandoning module MediaAssets (296)
[2025.10.14-00.46.32:728][332]LogModuleManager: Shutting down and abandoning module Overlay (294)
[2025.10.14-00.46.32:728][332]LogModuleManager: Shutting down and abandoning module OverlayEditor (293)
[2025.10.14-00.46.32:728][332]LogModuleManager: Shutting down and abandoning module VREditor (290)
[2025.10.14-00.46.32:728][332]LogModuleManager: Shutting down and abandoning module StringTableEditor (288)
[2025.10.14-00.46.32:728][332]LogModuleManager: Shutting down and abandoning module GameplayTasksEditor (286)
[2025.10.14-00.46.32:728][332]LogModuleManager: Shutting down and abandoning module BehaviorTreeEditor (284)
[2025.10.14-00.46.32:728][332]LogModuleManager: Shutting down and abandoning module FunctionalTesting (282)
[2025.10.14-00.46.32:728][332]LogModuleManager: Shutting down and abandoning module CollisionAnalyzer (280)
[2025.10.14-00.46.32:728][332]LogModuleManager: Shutting down and abandoning module WorkspaceMenuStructure (279)
[2025.10.14-00.46.32:728][332]LogModuleManager: Shutting down and abandoning module UMG (276)
[2025.10.14-00.46.32:728][332]LogModuleManager: Shutting down and abandoning module UMGEditor (275)
[2025.10.14-00.46.32:728][332]LogModuleManager: Shutting down and abandoning module MessageLog (273)
[2025.10.14-00.46.32:728][332]LogModuleManager: Shutting down and abandoning module SlateReflector (268)
[2025.10.14-00.46.32:728][332]LogModuleManager: Shutting down and abandoning module Slate (266)
[2025.10.14-00.46.32:728][332]LogModuleManager: Shutting down and abandoning module SlateCore (264)
[2025.10.14-00.46.32:729][332]LogModuleManager: Shutting down and abandoning module LandscapeEditorUtilities (262)
[2025.10.14-00.46.32:729][332]LogModuleManager: Shutting down and abandoning module UnrealEd (260)
[2025.10.14-00.46.32:729][332]LogModuleManager: Shutting down and abandoning module MRMesh (258)
[2025.10.14-00.46.32:729][332]LogModuleManager: Shutting down and abandoning module SourceCodeAccess (256)
[2025.10.14-00.46.32:729][332]LogModuleManager: Shutting down and abandoning module HeadMountedDisplay (254)
[2025.10.14-00.46.32:729][332]LogModuleManager: Shutting down and abandoning module XAudio2 (252)
[2025.10.14-00.46.32:729][332]LogModuleManager: Shutting down and abandoning module Networking (250)
[2025.10.14-00.46.32:729][332]LogModuleManager: Shutting down and abandoning module Core (248)
[2025.10.14-00.46.32:729][332]LogModuleManager: Shutting down and abandoning module MaterialEditor (246)
[2025.10.14-00.46.32:729][332]LogModuleManager: Shutting down and abandoning module MovieSceneTools (244)
[2025.10.14-00.46.32:729][332]LogModuleManager: Shutting down and abandoning module CurveEditor (243)
[2025.10.14-00.46.32:729][332]LogModuleManager: Shutting down and abandoning module Sequencer (241)
[2025.10.14-00.46.32:729][332]LogModuleManager: Shutting down and abandoning module EditorStyle (240)
[2025.10.14-00.46.32:730][332]LogModuleManager: Shutting down and abandoning module KismetCompiler (236)
[2025.10.14-00.46.32:730][332]LogModuleManager: Shutting down and abandoning module MeshBuilder (234)
[2025.10.14-00.46.32:730][332]LogModuleManager: Shutting down and abandoning module MeshUtilities (232)
[2025.10.14-00.46.32:730][332]LogModuleManager: Shutting down and abandoning module MeshMergeUtilities (231)
[2025.10.14-00.46.32:730][332]LogModuleManager: Shutting down and abandoning module MeshReductionInterface (230)
[2025.10.14-00.46.32:730][332]LogModuleManager: Shutting down and abandoning module MeshBoneReduction (229)
[2025.10.14-00.46.32:730][332]LogModuleManager: Shutting down and abandoning module SkeletalMeshReduction (227)
[2025.10.14-00.46.32:730][332]LogModuleManager: Shutting down and abandoning module ProxyLODMeshReduction (225)
[2025.10.14-00.46.32:731][332]LogModuleManager: Shutting down and abandoning module QuadricMeshReduction (223)
[2025.10.14-00.46.32:731][332]LogModuleManager: Shutting down and abandoning module MaterialBaking (219)
[2025.10.14-00.46.32:731][332]LogModuleManager: Shutting down and abandoning module NullInstallBundleManager (214)
[2025.10.14-00.46.32:731][332]LogModuleManager: Shutting down and abandoning module DerivedDataCache (212)
[2025.10.14-00.46.32:731][332]LogModuleManager: Shutting down and abandoning module TargetPlatform (210)
[2025.10.14-00.46.32:731][332]LogModuleManager: Shutting down and abandoning module VulkanShaderFormat (209)
[2025.10.14-00.46.32:731][332]LogModuleManager: Shutting down and abandoning module ShaderFormatVectorVM (207)
[2025.10.14-00.46.32:731][332]LogModuleManager: Shutting down and abandoning module ShaderFormatOpenGL (205)
[2025.10.14-00.46.32:731][332]LogModuleManager: Shutting down and abandoning module ShaderFormatD3D (203)
[2025.10.14-00.46.32:731][332]LogModuleManager: Shutting down and abandoning module MetalShaderFormat (201)
[2025.10.14-00.46.32:731][332]LogModuleManager: Shutting down and abandoning module TextureFormatOodle (199)
[2025.10.14-00.46.32:731][332]LogModuleManager: Shutting down and abandoning module TextureFormatUncompressed (197)
[2025.10.14-00.46.32:731][332]LogModuleManager: Shutting down and abandoning module TextureFormatPVR (195)
[2025.10.14-00.46.32:731][332]LogModuleManager: Shutting down and abandoning module TextureFormatETC2 (193)
[2025.10.14-00.46.32:731][332]LogModuleManager: Shutting down and abandoning module TextureFormatDXT (191)
[2025.10.14-00.46.32:731][332]LogModuleManager: Shutting down and abandoning module TextureFormatIntelISPCTexComp (189)
[2025.10.14-00.46.32:731][332]LogModuleManager: Shutting down and abandoning module TextureFormatASTC (187)
[2025.10.14-00.46.32:731][332]LogModuleManager: Shutting down and abandoning module ImageWrapper (186)
[2025.10.14-00.46.32:731][332]LogModuleManager: Shutting down and abandoning module AudioFormatOpus (183)
[2025.10.14-00.46.32:731][332]LogModuleManager: Shutting down and abandoning module AudioFormatOgg (181)
[2025.10.14-00.46.32:731][332]LogModuleManager: Shutting down and abandoning module AudioFormatADPCM (179)
[2025.10.14-00.46.32:731][332]LogModuleManager: Shutting down and abandoning module WindowsServerTargetPlatform (177)
[2025.10.14-00.46.32:731][332]LogModuleManager: Shutting down and abandoning module WindowsClientTargetPlatform (175)
[2025.10.14-00.46.32:731][332]LogModuleManager: Shutting down and abandoning module WindowsTargetPlatform (173)
[2025.10.14-00.46.32:731][332]LogModuleManager: Shutting down and abandoning module WindowsNoEditorTargetPlatform (171)
[2025.10.14-00.46.32:731][332]LogModuleManager: Shutting down and abandoning module TVOSTargetPlatform (169)
[2025.10.14-00.46.32:735][332]LogModuleManager: Shutting down and abandoning module MacServerTargetPlatform (167)
[2025.10.14-00.46.32:735][332]LogModuleManager: Shutting down and abandoning module MacClientTargetPlatform (165)
[2025.10.14-00.46.32:735][332]LogModuleManager: Shutting down and abandoning module MacTargetPlatform (163)
[2025.10.14-00.46.32:735][332]LogModuleManager: Shutting down and abandoning module MacNoEditorTargetPlatform (161)
[2025.10.14-00.46.32:735][332]LogModuleManager: Shutting down and abandoning module LuminTargetPlatform (159)
[2025.10.14-00.46.32:743][332]LogModuleManager: Shutting down and abandoning module LinuxAArch64ServerTargetPlatform (157)
[2025.10.14-00.46.32:743][332]LogModuleManager: Shutting down and abandoning module LinuxAArch64ClientTargetPlatform (155)
[2025.10.14-00.46.32:743][332]LogModuleManager: Shutting down and abandoning module LinuxAArch64NoEditorTargetPlatform (153)
[2025.10.14-00.46.32:743][332]LogModuleManager: Shutting down and abandoning module LinuxServerTargetPlatform (151)
[2025.10.14-00.46.32:743][332]LogModuleManager: Shutting down and abandoning module LinuxClientTargetPlatform (149)
[2025.10.14-00.46.32:743][332]LogModuleManager: Shutting down and abandoning module LinuxNoEditorTargetPlatform (147)
[2025.10.14-00.46.32:743][332]LogModuleManager: Shutting down and abandoning module LinuxTargetPlatform (145)
[2025.10.14-00.46.32:743][332]LogModuleManager: Shutting down and abandoning module Messaging (143)
[2025.10.14-00.46.32:743][332]LogModuleManager: Shutting down and abandoning module IOSTargetPlatform (141)
[2025.10.14-00.46.32:746][332]LogModuleManager: Shutting down and abandoning module AndroidTargetPlatform (139)
[2025.10.14-00.46.32:758][332]LogModuleManager: Shutting down and abandoning module AllDesktopTargetPlatform (137)
[2025.10.14-00.46.32:758][332]LogModuleManager: Shutting down and abandoning module D3D11RHI (134)
[2025.10.14-00.46.32:758][332]LogModuleManager: Shutting down and abandoning module InputCore (132)
[2025.10.14-00.46.32:758][332]LogModuleManager: Shutting down and abandoning module Settings (130)
[2025.10.14-00.46.32:758][332]LogModuleManager: Shutting down and abandoning module DirectoryWatcher (128)
[2025.10.14-00.46.32:759][332]LogModuleManager: Shutting down and abandoning module PhysXCooking (126)
[2025.10.14-00.46.32:759][332]LogModuleManager: Shutting down and abandoning module Chaos (124)
[2025.10.14-00.46.32:759][332]LogModuleManager: Shutting down and abandoning module WindowsPlatformFeatures (122)
[2025.10.14-00.46.32:759][332]LogModuleManager: Shutting down and abandoning module GameplayMediaEncoder (121)
[2025.10.14-00.46.32:759][332]LogModuleManager: Shutting down and abandoning module AVEncoder (120)
[2025.10.14-00.46.32:759][332]LogModuleManager: Shutting down and abandoning module SteamVRInputDevice (116)
[2025.10.14-00.46.32:759][332]LogModuleManager: Shutting down and abandoning module SteamVRInput (114)
[2025.10.14-00.46.32:759][332]LogModuleManager: Shutting down and abandoning module SteamVR (112)
[2025.10.14-00.46.32:759][332]LogHMD: Freeing OpenVRDLLHandle.
[2025.10.14-00.46.32:759][332]LogModuleManager: Shutting down and abandoning module OculusHMD (110)
[2025.10.14-00.46.32:759][332]LogModuleManager: Shutting down and abandoning module OpenXRHandTracking (108)
[2025.10.14-00.46.32:760][332]LogSlate: Slate User Destroyed.  User Index 0, Is Virtual User: 0
[2025.10.14-00.46.32:760][332]LogModuleManager: Shutting down and abandoning module OpenXREyeTracker (106)
[2025.10.14-00.46.32:760][332]LogModuleManager: Shutting down and abandoning module OpenXRAR (104)
[2025.10.14-00.46.32:760][332]LogModuleManager: Shutting down and abandoning module AugmentedReality (103)
[2025.10.14-00.46.32:760][332]LogModuleManager: Shutting down and abandoning module OpenXRHMD (100)
[2025.10.14-00.46.32:760][332]LogModuleManager: Shutting down and abandoning module VariantManagerContent (98)
[2025.10.14-00.46.32:760][332]LogModuleManager: Shutting down and abandoning module DatasmithContent (96)
[2025.10.14-00.46.32:761][332]LogModuleManager: Shutting down and abandoning module ExampleDeviceProfileSelector (94)
[2025.10.14-00.46.32:761][332]LogModuleManager: Shutting down and abandoning module ChunkDownloader (92)
[2025.10.14-00.46.32:761][332]LogModuleManager: Shutting down and abandoning module LauncherChunkInstaller (90)
[2025.10.14-00.46.32:761][332]LogModuleManager: Shutting down and abandoning module OnlineBlueprintSupport (88)
[2025.10.14-00.46.32:761][332]LogModuleManager: Shutting down and abandoning module OnlineSubsystem (84)
[2025.10.14-00.46.32:762][332]LogModuleManager: Shutting down and abandoning module XMPP (79)
[2025.10.14-00.46.32:762][332]LogModuleManager: Shutting down and abandoning module WebSockets (78)
[2025.10.14-00.46.32:784][332]LogModuleManager: Shutting down and abandoning module HTTP (75)
[2025.10.14-00.46.32:784][332]LogHttp: Display: Http module shutting down, but needs to wait on 1 outstanding Http requests:
[2025.10.14-00.46.32:784][332]LogHttp: Display: 	verb=[POST] url=[https://datarouter.ol.epicgames.com/datarouter/api/v1/public/data?SessionID=%7B2D0998CC-41C3-0FF2-5914-A88F9916D82D%7D&AppID=UEEditor.Rocket.Release&AppVersion=4.27.2-18319896%2B%2B%2BUE4%2BRelease-4.27&UserID=ff613de04445e87a751d3d88f719c9ab%7C92b915b8b6964a98a670edb4ad65aabd%7C0d465c27-dae1-41ae-b75e-4ea01e26faf1&AppEnvironment=datacollector-binary&UploadType=eteventstream] refs=[1] status=Processing
[2025.10.14-00.46.32:784][332]LogHttp: Display: cleaning up 1 outstanding Http requests.
[2025.10.14-00.46.32:785][332]LogModuleManager: Shutting down and abandoning module SSL (74)
[2025.10.14-00.46.32:787][332]LogModuleManager: Shutting down and abandoning module WmfMedia (70)
[2025.10.14-00.46.32:788][332]LogModuleManager: Shutting down and abandoning module Media (69)
[2025.10.14-00.46.32:788][332]LogModuleManager: Shutting down and abandoning module MediaInfo (68)
[2025.10.14-00.46.32:788][332]LogModuleManager: Shutting down and abandoning module ExrReaderGpu (64)
[2025.10.14-00.46.32:788][332]LogModuleManager: Shutting down and abandoning module MLSDK (62)
[2025.10.14-00.46.32:788][332]LogModuleManager: Shutting down and abandoning module MagicLeap (60)
[2025.10.14-00.46.32:788][332]LogModuleManager: Shutting down and abandoning module ChaosCloth (58)
[2025.10.14-00.46.32:788][332]LogModuleManager: Shutting down and abandoning module PixWinPlugin (56)
[2025.10.14-00.46.32:788][332]LogModuleManager: Shutting down and abandoning module NiagaraVertexFactories (54)
[2025.10.14-00.46.32:788][332]LogModuleManager: Shutting down and abandoning module NiagaraShader (52)
[2025.10.14-00.46.32:788][332]LogModuleManager: Shutting down and abandoning module AISupportModule (50)
[2025.10.14-00.46.32:788][332]LogModuleManager: Shutting down and abandoning module DesktopPlatform (48)
[2025.10.14-00.46.32:789][332]LogModuleManager: Shutting down and abandoning module PythonScriptPluginPreload (46)
[2025.10.14-00.46.32:789][332]LogModuleManager: Shutting down and abandoning module PlatformCryptoOpenSSL (44)
[2025.10.14-00.46.32:789][332]LogModuleManager: Shutting down and abandoning module PlatformCryptoTypes (42)
[2025.10.14-00.46.32:789][332]LogModuleManager: Shutting down and abandoning module PlatformCrypto (40)
[2025.10.14-00.46.32:789][332]LogModuleManager: Shutting down and abandoning module OodleDataCompressionFormat (38)
[2025.10.14-00.46.32:789][332]LogModuleManager: Shutting down and abandoning module XGEController (36)
[2025.10.14-00.46.32:789][332]LogModuleManager: Shutting down and abandoning module AnimationModifiers (34)
[2025.10.14-00.46.32:789][332]LogModuleManager: Shutting down and abandoning module AudioEditor (32)
[2025.10.14-00.46.32:789][332]LogModuleManager: Shutting down and abandoning module PropertyEditor (31)
[2025.10.14-00.46.32:789][332]LogModuleManager: Shutting down and abandoning module TextureCompressor (28)
[2025.10.14-00.46.32:789][332]LogModuleManager: Shutting down and abandoning module RenderCore (26)
[2025.10.14-00.46.32:789][332]LogModuleManager: Shutting down and abandoning module Landscape (24)
[2025.10.14-00.46.32:789][332]LogModuleManager: Shutting down and abandoning module SlateRHIRenderer (22)
[2025.10.14-00.46.32:791][332]LogModuleManager: Shutting down and abandoning module AnimGraphRuntime (20)
[2025.10.14-00.46.32:792][332]LogModuleManager: Shutting down and abandoning module Renderer (18)
[2025.10.14-00.46.32:792][332]LogModuleManager: Shutting down and abandoning module Engine (16)
[2025.10.14-00.46.32:792][332]LogModuleManager: Shutting down and abandoning module CoreUObject (14)
[2025.10.14-00.46.32:792][332]LogModuleManager: Shutting down and abandoning module NetworkFile (12)
[2025.10.14-00.46.32:792][332]LogModuleManager: Shutting down and abandoning module CookedIterativeFile (10)
[2025.10.14-00.46.32:792][332]LogModuleManager: Shutting down and abandoning module StreamingFile (8)
[2025.10.14-00.46.32:792][332]LogModuleManager: Shutting down and abandoning module SandboxFile (6)
[2025.10.14-00.46.32:792][332]LogModuleManager: Shutting down and abandoning module PakFile (4)
[2025.10.14-00.46.32:792][332]LogModuleManager: Shutting down and abandoning module RSA (3)
[2025.10.14-00.46.32:792][332]LogContentStreaming: Display: There are 1 unreleased StreamingManagers
[2025.10.14-00.46.32:836][332]LogD3D11RHI: Shutdown
[2025.10.14-00.46.32:836][332]LogD3D11RHI: CleanupD3DDevice
[2025.10.14-00.46.32:841][332]LogExit: Exiting.
[2025.10.14-00.46.32:857][332]Log file closed, 10/13/25 18:46:32
