Log file open, 09/25/25 17:57:17
LogWindows: Failed to load 'aqProf.dll' (GetLastError=126)
LogWindows: File 'aqProf.dll' does not exist
LogWindows: Failed to load 'VtuneApi.dll' (GetLastError=126)
LogWindows: File 'VtuneApi.dll' does not exist
LogWindows: Failed to load 'VtuneApi32e.dll' (GetLastError=126)
LogWindows: File 'VtuneApi32e.dll' does not exist
LogConsoleResponse: Display: Failed to find resolution value strings in scalability ini. Falling back to default.
LogConsoleResponse: Display: Failed to find resolution value strings in scalability ini. Falling back to default.
LogInit: Display: Running engine for game: TasteOfMadness
LogPlatformFile: Not using cached read wrapper
LogTaskGraph: Started task graph with 5 named threads and 35 total threads with 3 sets of task threads.
LogStats: Stats thread started at 0.202316
LogICUInternationalization: ICU TimeZone Detection - Raw Offset: -6:00, Platform Override: ''
LogInit: Display: Loading text-based GConfig....
LogPluginManager: Mounting plugin MeshPainting
LogPluginManager: Mounting plugin XGEController
LogPluginManager: Mounting plugin Paper2D
LogPluginManager: Mounting plugin LiveLink
LogPluginManager: Mounting plugin AISupport
LogPluginManager: Mounting plugin EnvironmentQueryEditor
LogPluginManager: Mounting plugin CameraShakePreviewer
LogPluginManager: Mounting plugin OodleData
LogPluginManager: Mounting plugin AssetManagerEditor
LogPluginManager: Mounting plugin OodleNetwork
LogPluginManager: Mounting plugin GameplayCameras
LogPluginManager: Mounting plugin Niagara
LogPluginManager: Mounting plugin DatasmithContent
LogPluginManager: Mounting plugin VariantManagerContent
LogPluginManager: Mounting plugin CryptoKeys
LogPluginManager: Mounting plugin DataValidation
LogPluginManager: Mounting plugin LightPropagationVolume
LogPluginManager: Mounting plugin CurveEditorTools
LogPluginManager: Mounting plugin FacialAnimation
LogPluginManager: Mounting plugin GeometryMode
LogPluginManager: Mounting plugin GameplayTagsEditor
LogPluginManager: Mounting plugin AnimationSharing
LogPluginManager: Mounting plugin MobileLauncherProfileWizard
LogPluginManager: Mounting plugin CodeLiteSourceCodeAccess
LogPluginManager: Mounting plugin CLionSourceCodeAccess
LogPluginManager: Mounting plugin MacGraphicsSwitching
LogPluginManager: Mounting plugin PluginBrowser
LogPluginManager: Mounting plugin MaterialAnalyzer
LogPluginManager: Mounting plugin GitSourceControl
LogPluginManager: Mounting plugin NullSourceCodeAccess
LogPluginManager: Mounting plugin KDevelopSourceCodeAccess
LogPluginManager: Mounting plugin PerforceSourceControl
LogPluginManager: Mounting plugin PixWinPlugin
LogPluginManager: Mounting plugin PluginUtils
LogPluginManager: Mounting plugin PlasticSourceControl
LogPluginManager: Mounting plugin PropertyAccessNode
LogPluginManager: Mounting plugin SubversionSourceControl
LogPluginManager: Mounting plugin RiderSourceCodeAccess
LogPluginManager: Mounting plugin TextureFormatOodle
LogPluginManager: Mounting plugin VisualStudioCodeSourceCodeAccess
LogPluginManager: Mounting plugin UObjectPlugin
LogPluginManager: Mounting plugin VisualStudioSourceCodeAccess
LogPluginManager: Mounting plugin XCodeSourceCodeAccess
LogPluginManager: Mounting plugin AlembicImporter
LogPluginManager: Mounting plugin AutomationUtils
LogPluginManager: Mounting plugin BackChannel
LogPluginManager: Mounting plugin ChaosCloth
LogPluginManager: Mounting plugin ChaosClothEditor
LogPluginManager: Mounting plugin ChaosEditor
LogPluginManager: Mounting plugin ChaosNiagara
LogPluginManager: Mounting plugin CharacterAI
LogPluginManager: Mounting plugin ChaosSolverPlugin
LogPluginManager: Mounting plugin GeometryCache
LogPluginManager: Mounting plugin GeometryCollectionPlugin
LogPluginManager: Mounting plugin GeometryProcessing
LogPluginManager: Mounting plugin OpenImageDenoise
LogPluginManager: Mounting plugin MotoSynth
LogPluginManager: Mounting plugin PlanarCut
LogPluginManager: Mounting plugin PlatformCrypto
LogPluginManager: Mounting plugin ProxyLODPlugin
LogPluginManager: Mounting plugin PythonScriptPlugin
LogPluginManager: Mounting plugin ActorSequence
LogPluginManager: Mounting plugin SkeletalReduction
LogPluginManager: Mounting plugin AndroidMedia
LogPluginManager: Mounting plugin TcpMessaging
LogPluginManager: Mounting plugin MatineeToLevelSequence
LogPluginManager: Mounting plugin LevelSequenceEditor
LogPluginManager: Mounting plugin UdpMessaging
LogPluginManager: Mounting plugin TemplateSequence
LogPluginManager: Mounting plugin AvfMedia
LogPluginManager: Mounting plugin ImgMedia
LogPluginManager: Mounting plugin MediaCompositing
LogPluginManager: Mounting plugin MediaPlayerEditor
LogPluginManager: Mounting plugin WebMMedia
LogPluginManager: Mounting plugin WmfMedia
LogPluginManager: Mounting plugin OnlineSubsystem
LogPluginManager: Mounting plugin OnlineSubsystemNull
LogPluginManager: Mounting plugin LauncherChunkInstaller
LogPluginManager: Mounting plugin OnlineSubsystemUtils
LogPluginManager: Mounting plugin ActorLayerUtilities
LogPluginManager: Mounting plugin AndroidMoviePlayer
LogPluginManager: Mounting plugin AndroidPermission
LogPluginManager: Mounting plugin AndroidDeviceProfileSelector
LogPluginManager: Mounting plugin AppleImageUtils
LogPluginManager: Mounting plugin AppleMoviePlayer
LogPluginManager: Mounting plugin AssetTags
LogPluginManager: Mounting plugin AudioCapture
LogPluginManager: Mounting plugin ArchVisCharacter
LogPluginManager: Mounting plugin AudioSynesthesia
LogPluginManager: Mounting plugin CableComponent
LogPluginManager: Mounting plugin ChunkDownloader
LogPluginManager: Mounting plugin CustomMeshComponent
LogPluginManager: Mounting plugin EditableMesh
LogPluginManager: Mounting plugin ExampleDeviceProfileSelector
LogPluginManager: Mounting plugin GoogleCloudMessaging
LogPluginManager: Mounting plugin GooglePAD
LogPluginManager: Mounting plugin IOSDeviceProfileSelector
LogPluginManager: Mounting plugin LinuxDeviceProfileSelector
LogPluginManager: Mounting plugin LocationServicesBPLibrary
LogPluginManager: Mounting plugin MobilePatchingUtils
LogPluginManager: Mounting plugin OpenXREyeTracker
LogPluginManager: Mounting plugin OpenXRHandTracking
LogPluginManager: Mounting plugin OpenXR
LogPluginManager: Mounting plugin PhysXVehicles
LogPluginManager: Mounting plugin ScreenshotTools
LogPluginManager: Mounting plugin PostSplashScreen
LogPluginManager: Mounting plugin ProceduralMeshComponent
LogPluginManager: Mounting plugin PropertyAccessEditor
LogPluginManager: Mounting plugin SoundFields
LogPluginManager: Mounting plugin SignificanceManager
LogPluginManager: Mounting plugin RuntimePhysXCooking
LogPluginManager: Mounting plugin Synthesis
LogPluginManager: Mounting plugin WebMMoviePlayer
LogPluginManager: Mounting plugin WindowsMoviePlayer
LogPluginManager: Mounting plugin Takes
LogPluginManager: Mounting plugin LuminPlatformFeatures
LogPluginManager: Mounting plugin MagicLeap
LogPluginManager: Mounting plugin MagicLeapMedia
LogPluginManager: Mounting plugin MagicLeapPassableWorld
LogPluginManager: Mounting plugin MLSDK
LogPluginManager: Mounting plugin SpeedTreeImporter
LogPluginManager: Mounting plugin MagicLeapLightEstimation
LogPluginManager: Mounting plugin ContentBrowserClassDataSource
LogPluginManager: Mounting plugin ContentBrowserAssetDataSource
LogPluginManager: Mounting plugin ContentBrowserFileDataSource
LogPluginManager: Mounting plugin OnlineSubsystemGooglePlay
LogPluginManager: Mounting plugin OnlineSubsystemIOS
LogPluginManager: Mounting plugin OculusVR
LogPluginManager: Mounting plugin SteamVR
PixWinPlugin: PIX capture plugin failed to initialize! Check that the process is launched from PIX.
LogInit: Using libcurl 7.55.1-DEV
LogInit:  - built for x86_64-pc-win32
LogInit:  - supports SSL with OpenSSL/1.1.1
LogInit:  - supports HTTP deflate (compression) using libz 1.2.8
LogInit:  - other features:
LogInit:      CURL_VERSION_SSL
LogInit:      CURL_VERSION_LIBZ
LogInit:      CURL_VERSION_IPV6
LogInit:      CURL_VERSION_ASYNCHDNS
LogInit:      CURL_VERSION_LARGEFILE
LogInit:      CURL_VERSION_IDN
LogInit:  CurlRequestOptions (configurable via config and command line):
LogInit:  - bVerifyPeer = true  - Libcurl will verify peer certificate
LogInit:  - bUseHttpProxy = false  - Libcurl will NOT use HTTP proxy
LogInit:  - bDontReuseConnections = false  - Libcurl will reuse connections
LogInit:  - MaxHostConnections = 16  - Libcurl will limit the number of connections to a host
LogInit:  - LocalHostAddr = Default
LogInit:  - BufferSize = 65536
LogOnline: OSS: Creating online subsystem instance for: NULL
LogInit: WinSock: version 1.1 (2.2), MaxSocks=32767, MaxUdp=65467
LogOnline: OSS: TryLoadSubsystemAndSetDefault: Loaded subsystem for module [NULL]
LogOculusPluginWrapper: OculusPlugin initialized successfully
LogHMD: Failed initializing OVRPlugin 1.59.0
LogInit: Build: ++UE4+Release-4.27-CL-18319896
LogInit: Engine Version: 4.27.2-18319896+++UE4+Release-4.27
LogInit: Compatible Engine Version: 4.27.0-17155196+++UE4+Release-4.27
LogInit: Net CL: 17155196
LogInit: OS: Windows 10 (Release 2009) (), CPU: AMD Ryzen 5 5600 6-Core Processor              , GPU: NVIDIA GeForce RTX 3060
LogInit: Compiled (64-bit): Nov 30 2021 07:12:08
LogInit: Compiled with Visual C++: 19.24.28315.00
LogInit: Build Configuration: Development
LogInit: Branch Name: ++UE4+Release-4.27
LogInit: Command Line: 
LogInit: Base Directory: E:/Epic/UE_4.27/Engine/Binaries/Win64/
LogInit: Allocator: TBB
LogInit: Installed Engine Build: 1
LogDevObjectVersion: Number of dev versions registered: 29
LogDevObjectVersion:   Dev-Blueprints (B0D832E4-1F89-4F0D-ACCF-7EB736FD4AA2): 10
LogDevObjectVersion:   Dev-Build (E1C64328-A22C-4D53-A36C-8E866417BD8C): 0
LogDevObjectVersion:   Dev-Core (375EC13C-06E4-48FB-B500-84F0262A717E): 4
LogDevObjectVersion:   Dev-Editor (E4B068ED-F494-42E9-A231-DA0B2E46BB41): 40
LogDevObjectVersion:   Dev-Framework (CFFC743F-43B0-4480-9391-14DF171D2073): 37
LogDevObjectVersion:   Dev-Mobile (B02B49B5-BB20-44E9-A304-32B752E40360): 3
LogDevObjectVersion:   Dev-Networking (A4E4105C-59A1-49B5-A7C5-40C4547EDFEE): 0
LogDevObjectVersion:   Dev-Online (39C831C9-5AE6-47DC-9A44-9C173E1C8E7C): 0
LogDevObjectVersion:   Dev-Physics (78F01B33-EBEA-4F98-B9B4-84EACCB95AA2): 14
LogDevObjectVersion:   Dev-Platform (6631380F-2D4D-43E0-8009-CF276956A95A): 0
LogDevObjectVersion:   Dev-Rendering (12F88B9F-8875-4AFC-A67C-D90C383ABD29): 45
LogDevObjectVersion:   Dev-Sequencer (7B5AE74C-D270-4C10-A958-57980B212A5A): 13
LogDevObjectVersion:   Dev-VR (D7296918-1DD6-4BDD-9DE2-64A83CC13884): 3
LogDevObjectVersion:   Dev-LoadTimes (C2A15278-BFE7-4AFE-6C17-90FF531DF755): 1
LogDevObjectVersion:   Private-Geometry (6EACA3D4-40EC-4CC1-B786-8BED09428FC5): 3
LogDevObjectVersion:   Dev-AnimPhys (29E575DD-E0A3-4627-9D10-D276232CDCEA): 17
LogDevObjectVersion:   Dev-Anim (AF43A65D-7FD3-4947-9873-3E8ED9C1BB05): 15
LogDevObjectVersion:   Dev-ReflectionCapture (6B266CEC-1EC7-4B8F-A30B-E4D90942FC07): 1
LogDevObjectVersion:   Dev-Automation (0DF73D61-A23F-47EA-B727-89E90C41499A): 1
LogDevObjectVersion:   FortniteMain (601D1886-AC64-4F84-AA16-D3DE0DEAC7D6): 47
LogDevObjectVersion:   FortniteRelease (E7086368-6B23-4C58-8439-1B7016265E91): 1
LogDevObjectVersion:   Dev-Enterprise (9DFFBCD6-494F-0158-E221-12823C92A888): 10
LogDevObjectVersion:   Dev-Niagara (F2AED0AC-9AFE-416F-8664-AA7FFA26D6FC): 1
LogDevObjectVersion:   Dev-Destruction (174F1F0B-B4C6-45A5-B13F-2EE8D0FB917D): 10
LogDevObjectVersion:   Dev-Physics-Ext (35F94A83-E258-406C-A318-09F59610247C): 41
LogDevObjectVersion:   Dev-PhysicsMaterial-Chaos (B68FC16E-8B1B-42E2-B453-215C058844FE): 1
LogDevObjectVersion:   Dev-CineCamera (B2E18506-4273-CFC2-A54E-F4BB758BBA07): 1
LogDevObjectVersion:   Dev-VirtualProduction (64F58936-FD1B-42BA-BA96-7289D5D0FA4E): 1
LogDevObjectVersion:   Dev-MediaFramework (6F0ED827-A609-4895-9C91-998D90180EA4): 2
LogInit: Presizing for max 25165824 objects, including 0 objects not considered by GC, pre-allocating 0 bytes for permanent pool.
LogConfig: Applying CVar settings from Section [/Script/Engine.StreamingSettings] File [C:/Users/PC/Documents/GitHub/TasteOfMadness/TasteOfMadness/Saved/Config/Windows/Engine.ini]
LogConfig: Setting CVar [[s.MinBulkDataSizeForAsyncLoading:131072]]
LogConfig: Setting CVar [[s.AsyncLoadingThreadEnabled:0]]
LogConfig: Setting CVar [[s.EventDrivenLoaderEnabled:1]]
LogConfig: Setting CVar [[s.WarnIfTimeLimitExceeded:0]]
LogConfig: Setting CVar [[s.TimeLimitExceededMultiplier:1.5]]
LogConfig: Setting CVar [[s.TimeLimitExceededMinTime:0.005]]
LogConfig: Setting CVar [[s.UseBackgroundLevelStreaming:1]]
LogConfig: Setting CVar [[s.PriorityAsyncLoadingExtraTime:15.0]]
LogConfig: Setting CVar [[s.LevelStreamingActorsUpdateTimeLimit:5.0]]
LogConfig: Setting CVar [[s.PriorityLevelStreamingActorsUpdateExtraTime:5.0]]
LogConfig: Setting CVar [[s.LevelStreamingComponentsRegistrationGranularity:10]]
LogConfig: Setting CVar [[s.UnregisterComponentsTimeLimit:1.0]]
LogConfig: Setting CVar [[s.LevelStreamingComponentsUnregistrationGranularity:5]]
LogConfig: Setting CVar [[s.FlushStreamingOnExit:1]]
LogInit: Object subsystem initialized
LogConfig: Setting CVar [[con.DebugEarlyDefault:1]]
LogConfig: Setting CVar [[r.setres:1280x720]]
[2025.09.25-23.57.17:530][  0]LogConfig: Setting CVar [[r.VSync:0]]
[2025.09.25-23.57.17:530][  0]LogConfig: Setting CVar [[r.RHICmdBypass:0]]
[2025.09.25-23.57.17:530][  0]LogConfig: Applying CVar settings from Section [/Script/Engine.RendererSettings] File [C:/Users/PC/Documents/GitHub/TasteOfMadness/TasteOfMadness/Saved/Config/Windows/Engine.ini]
[2025.09.25-23.57.17:530][  0]LogConfig: Setting CVar [[r.GPUCrashDebugging:0]]
[2025.09.25-23.57.17:530][  0]LogConfig: Applying CVar settings from Section [/Script/Engine.RendererOverrideSettings] File [C:/Users/PC/Documents/GitHub/TasteOfMadness/TasteOfMadness/Saved/Config/Windows/Engine.ini]
[2025.09.25-23.57.17:530][  0]LogConfig: Applying CVar settings from Section [/Script/Engine.StreamingSettings] File [C:/Users/PC/Documents/GitHub/TasteOfMadness/TasteOfMadness/Saved/Config/Windows/Engine.ini]
[2025.09.25-23.57.17:530][  0]LogConfig: Setting CVar [[s.MinBulkDataSizeForAsyncLoading:131072]]
[2025.09.25-23.57.17:530][  0]LogConfig: Setting CVar [[s.AsyncLoadingThreadEnabled:0]]
[2025.09.25-23.57.17:530][  0]LogConfig: Setting CVar [[s.EventDrivenLoaderEnabled:1]]
[2025.09.25-23.57.17:530][  0]LogConfig: Setting CVar [[s.WarnIfTimeLimitExceeded:0]]
[2025.09.25-23.57.17:530][  0]LogConfig: Setting CVar [[s.TimeLimitExceededMultiplier:1.5]]
[2025.09.25-23.57.17:530][  0]LogConfig: Setting CVar [[s.TimeLimitExceededMinTime:0.005]]
[2025.09.25-23.57.17:530][  0]LogConfig: Setting CVar [[s.UseBackgroundLevelStreaming:1]]
[2025.09.25-23.57.17:530][  0]LogConfig: Setting CVar [[s.PriorityAsyncLoadingExtraTime:15.0]]
[2025.09.25-23.57.17:530][  0]LogConfig: Setting CVar [[s.LevelStreamingActorsUpdateTimeLimit:5.0]]
[2025.09.25-23.57.17:530][  0]LogConfig: Setting CVar [[s.PriorityLevelStreamingActorsUpdateExtraTime:5.0]]
[2025.09.25-23.57.17:530][  0]LogConfig: Setting CVar [[s.LevelStreamingComponentsRegistrationGranularity:10]]
[2025.09.25-23.57.17:530][  0]LogConfig: Setting CVar [[s.UnregisterComponentsTimeLimit:1.0]]
[2025.09.25-23.57.17:530][  0]LogConfig: Setting CVar [[s.LevelStreamingComponentsUnregistrationGranularity:5]]
[2025.09.25-23.57.17:530][  0]LogConfig: Setting CVar [[s.FlushStreamingOnExit:1]]
[2025.09.25-23.57.17:530][  0]LogConfig: Applying CVar settings from Section [/Script/Engine.GarbageCollectionSettings] File [C:/Users/PC/Documents/GitHub/TasteOfMadness/TasteOfMadness/Saved/Config/Windows/Engine.ini]
[2025.09.25-23.57.17:530][  0]LogConfig: Setting CVar [[gc.MaxObjectsNotConsideredByGC:1]]
[2025.09.25-23.57.17:530][  0]LogConfig: Setting CVar [[gc.SizeOfPermanentObjectPool:0]]
[2025.09.25-23.57.17:530][  0]LogConfig: Setting CVar [[gc.FlushStreamingOnGC:0]]
[2025.09.25-23.57.17:530][  0]LogConfig: Setting CVar [[gc.NumRetriesBeforeForcingGC:10]]
[2025.09.25-23.57.17:530][  0]LogConfig: Setting CVar [[gc.AllowParallelGC:1]]
[2025.09.25-23.57.17:530][  0]LogConfig: Setting CVar [[gc.TimeBetweenPurgingPendingKillObjects:61.1]]
[2025.09.25-23.57.17:530][  0]LogConfig: Setting CVar [[gc.MaxObjectsInEditor:25165824]]
[2025.09.25-23.57.17:530][  0]LogConfig: Setting CVar [[gc.IncrementalBeginDestroyEnabled:1]]
[2025.09.25-23.57.17:530][  0]LogConfig: Setting CVar [[gc.CreateGCClusters:1]]
[2025.09.25-23.57.17:530][  0]LogConfig: Setting CVar [[gc.MinGCClusterSize:5]]
[2025.09.25-23.57.17:530][  0]LogConfig: Setting CVar [[gc.ActorClusteringEnabled:0]]
[2025.09.25-23.57.17:530][  0]LogConfig: Setting CVar [[gc.BlueprintClusteringEnabled:0]]
[2025.09.25-23.57.17:530][  0]LogConfig: Setting CVar [[gc.UseDisregardForGCOnDedicatedServers:0]]
[2025.09.25-23.57.17:530][  0]LogConfig: Setting CVar [[gc.MultithreadedDestructionEnabled:1]]
[2025.09.25-23.57.17:530][  0]LogConfig: Applying CVar settings from Section [/Script/Engine.NetworkSettings] File [C:/Users/PC/Documents/GitHub/TasteOfMadness/TasteOfMadness/Saved/Config/Windows/Engine.ini]
[2025.09.25-23.57.17:530][  0]LogConfig: Applying CVar settings from Section [/Script/UnrealEd.CookerSettings] File [C:/Users/PC/Documents/GitHub/TasteOfMadness/TasteOfMadness/Saved/Config/Windows/Engine.ini]
[2025.09.25-23.57.17:543][  0]LogConfig: Applying CVar settings from Section [ViewDistanceQuality@3] File [C:/Users/PC/Documents/GitHub/TasteOfMadness/TasteOfMadness/Saved/Config/Windows/Scalability.ini]
[2025.09.25-23.57.17:543][  0]LogConfig: Setting CVar [[r.SkeletalMeshLODBias:0]]
[2025.09.25-23.57.17:543][  0]LogConfig: Setting CVar [[r.ViewDistanceScale:1.0]]
[2025.09.25-23.57.17:543][  0]LogConfig: Applying CVar settings from Section [AntiAliasingQuality@3] File [C:/Users/PC/Documents/GitHub/TasteOfMadness/TasteOfMadness/Saved/Config/Windows/Scalability.ini]
[2025.09.25-23.57.17:543][  0]LogConfig: Setting CVar [[r.PostProcessAAQuality:4]]
[2025.09.25-23.57.17:543][  0]LogConfig: Applying CVar settings from Section [ShadowQuality@3] File [C:/Users/PC/Documents/GitHub/TasteOfMadness/TasteOfMadness/Saved/Config/Windows/Scalability.ini]
[2025.09.25-23.57.17:543][  0]LogConfig: Setting CVar [[r.LightFunctionQuality:1]]
[2025.09.25-23.57.17:543][  0]LogConfig: Setting CVar [[r.ShadowQuality:5]]
[2025.09.25-23.57.17:543][  0]LogConfig: Setting CVar [[r.Shadow.CSM.MaxCascades:10]]
[2025.09.25-23.57.17:543][  0]LogConfig: Setting CVar [[r.Shadow.MaxResolution:2048]]
[2025.09.25-23.57.17:543][  0]LogConfig: Setting CVar [[r.Shadow.MaxCSMResolution:2048]]
[2025.09.25-23.57.17:543][  0]LogConfig: Setting CVar [[r.Shadow.RadiusThreshold:0.01]]
[2025.09.25-23.57.17:543][  0]LogConfig: Setting CVar [[r.Shadow.DistanceScale:1.0]]
[2025.09.25-23.57.17:543][  0]LogConfig: Setting CVar [[r.Shadow.CSM.TransitionScale:1.0]]
[2025.09.25-23.57.17:543][  0]LogConfig: Setting CVar [[r.Shadow.PreShadowResolutionFactor:1.0]]
[2025.09.25-23.57.17:543][  0]LogConfig: Setting CVar [[r.DistanceFieldShadowing:1]]
[2025.09.25-23.57.17:543][  0]LogConfig: Setting CVar [[r.DistanceFieldAO:1]]
[2025.09.25-23.57.17:543][  0]LogConfig: Setting CVar [[r.AOQuality:2]]
[2025.09.25-23.57.17:543][  0]LogConfig: Setting CVar [[r.VolumetricFog:1]]
[2025.09.25-23.57.17:543][  0]LogConfig: Setting CVar [[r.VolumetricFog.GridPixelSize:8]]
[2025.09.25-23.57.17:543][  0]LogConfig: Setting CVar [[r.VolumetricFog.GridSizeZ:128]]
[2025.09.25-23.57.17:543][  0]LogConfig: Setting CVar [[r.VolumetricFog.HistoryMissSupersampleCount:4]]
[2025.09.25-23.57.17:543][  0]LogConfig: Setting CVar [[r.LightMaxDrawDistanceScale:1]]
[2025.09.25-23.57.17:543][  0]LogConfig: Setting CVar [[r.CapsuleShadows:1]]
[2025.09.25-23.57.17:543][  0]LogConfig: Applying CVar settings from Section [PostProcessQuality@3] File [C:/Users/PC/Documents/GitHub/TasteOfMadness/TasteOfMadness/Saved/Config/Windows/Scalability.ini]
[2025.09.25-23.57.17:543][  0]LogConfig: Setting CVar [[r.MotionBlurQuality:4]]
[2025.09.25-23.57.17:543][  0]LogConfig: Setting CVar [[r.AmbientOcclusionMipLevelFactor:0.4]]
[2025.09.25-23.57.17:543][  0]LogConfig: Setting CVar [[r.AmbientOcclusionMaxQuality:100]]
[2025.09.25-23.57.17:543][  0]LogConfig: Setting CVar [[r.AmbientOcclusionLevels:-1]]
[2025.09.25-23.57.17:543][  0]LogConfig: Setting CVar [[r.AmbientOcclusionRadiusScale:1.0]]
[2025.09.25-23.57.17:544][  0]LogConfig: Setting CVar [[r.DepthOfFieldQuality:2]]
[2025.09.25-23.57.17:544][  0]LogConfig: Setting CVar [[r.RenderTargetPoolMin:400]]
[2025.09.25-23.57.17:544][  0]LogConfig: Setting CVar [[r.LensFlareQuality:2]]
[2025.09.25-23.57.17:544][  0]LogConfig: Setting CVar [[r.SceneColorFringeQuality:1]]
[2025.09.25-23.57.17:544][  0]LogConfig: Setting CVar [[r.EyeAdaptationQuality:2]]
[2025.09.25-23.57.17:544][  0]LogConfig: Setting CVar [[r.BloomQuality:5]]
[2025.09.25-23.57.17:544][  0]LogConfig: Setting CVar [[r.FastBlurThreshold:100]]
[2025.09.25-23.57.17:544][  0]LogConfig: Setting CVar [[r.Upscale.Quality:3]]
[2025.09.25-23.57.17:544][  0]LogConfig: Setting CVar [[r.Tonemapper.GrainQuantization:1]]
[2025.09.25-23.57.17:544][  0]LogConfig: Setting CVar [[r.LightShaftQuality:1]]
[2025.09.25-23.57.17:544][  0]LogConfig: Setting CVar [[r.Filter.SizeScale:1]]
[2025.09.25-23.57.17:544][  0]LogConfig: Setting CVar [[r.Tonemapper.Quality:5]]
[2025.09.25-23.57.17:544][  0]LogConfig: Setting CVar [[r.DOF.Gather.AccumulatorQuality:1        ; higher gathering accumulator quality]]
[2025.09.25-23.57.17:544][  0]LogConfig: Setting CVar [[r.DOF.Gather.PostfilterMethod:1          ; Median3x3 postfilering method]]
[2025.09.25-23.57.17:544][  0]LogConfig: Setting CVar [[r.DOF.Gather.EnableBokehSettings:0       ; no bokeh simulation when gathering]]
[2025.09.25-23.57.17:544][  0]LogConfig: Setting CVar [[r.DOF.Gather.RingCount:4                 ; medium number of samples when gathering]]
[2025.09.25-23.57.17:544][  0]LogConfig: Setting CVar [[r.DOF.Scatter.ForegroundCompositing:1    ; additive foreground scattering]]
[2025.09.25-23.57.17:544][  0]LogConfig: Setting CVar [[r.DOF.Scatter.BackgroundCompositing:2    ; additive background scattering]]
[2025.09.25-23.57.17:544][  0]LogConfig: Setting CVar [[r.DOF.Scatter.EnableBokehSettings:1      ; bokeh simulation when scattering]]
[2025.09.25-23.57.17:544][  0]LogConfig: Setting CVar [[r.DOF.Scatter.MaxSpriteRatio:0.1         ; only a maximum of 10% of scattered bokeh]]
[2025.09.25-23.57.17:544][  0]LogConfig: Setting CVar [[r.DOF.Recombine.Quality:1                ; cheap slight out of focus]]
[2025.09.25-23.57.17:544][  0]LogConfig: Setting CVar [[r.DOF.Recombine.EnableBokehSettings:0    ; no bokeh simulation on slight out of focus]]
[2025.09.25-23.57.17:544][  0]LogConfig: Setting CVar [[r.DOF.TemporalAAQuality:1                ; more stable temporal accumulation]]
[2025.09.25-23.57.17:544][  0]LogConfig: Setting CVar [[r.DOF.Kernel.MaxForegroundRadius:0.025]]
[2025.09.25-23.57.17:544][  0]LogConfig: Setting CVar [[r.DOF.Kernel.MaxBackgroundRadius:0.025]]
[2025.09.25-23.57.17:544][  0]LogConfig: Applying CVar settings from Section [TextureQuality@3] File [C:/Users/PC/Documents/GitHub/TasteOfMadness/TasteOfMadness/Saved/Config/Windows/Scalability.ini]
[2025.09.25-23.57.17:544][  0]LogConfig: Setting CVar [[r.Streaming.MipBias:0]]
[2025.09.25-23.57.17:544][  0]LogConfig: Setting CVar [[r.Streaming.AmortizeCPUToGPUCopy:0]]
[2025.09.25-23.57.17:544][  0]LogConfig: Setting CVar [[r.Streaming.MaxNumTexturesToStreamPerFrame:0]]
[2025.09.25-23.57.17:544][  0]LogConfig: Setting CVar [[r.Streaming.Boost:1]]
[2025.09.25-23.57.17:544][  0]LogConfig: Setting CVar [[r.MaxAnisotropy:8]]
[2025.09.25-23.57.17:544][  0]LogConfig: Setting CVar [[r.VT.MaxAnisotropy:8]]
[2025.09.25-23.57.17:544][  0]LogConfig: Setting CVar [[r.Streaming.LimitPoolSizeToVRAM:0]]
[2025.09.25-23.57.17:544][  0]LogConfig: Setting CVar [[r.Streaming.PoolSize:1000]]
[2025.09.25-23.57.17:544][  0]LogConfig: Setting CVar [[r.Streaming.MaxEffectiveScreenSize:0]]
[2025.09.25-23.57.17:544][  0]LogConfig: Applying CVar settings from Section [EffectsQuality@3] File [C:/Users/PC/Documents/GitHub/TasteOfMadness/TasteOfMadness/Saved/Config/Windows/Scalability.ini]
[2025.09.25-23.57.17:544][  0]LogConfig: Setting CVar [[r.TranslucencyLightingVolumeDim:64]]
[2025.09.25-23.57.17:544][  0]LogConfig: Setting CVar [[r.RefractionQuality:2]]
[2025.09.25-23.57.17:544][  0]LogConfig: Setting CVar [[r.SSR.Quality:3]]
[2025.09.25-23.57.17:544][  0]LogConfig: Setting CVar [[r.SSR.HalfResSceneColor:0]]
[2025.09.25-23.57.17:544][  0]LogConfig: Setting CVar [[r.SceneColorFormat:4]]
[2025.09.25-23.57.17:544][  0]LogConfig: Setting CVar [[r.DetailMode:2]]
[2025.09.25-23.57.17:544][  0]LogConfig: Setting CVar [[r.TranslucencyVolumeBlur:1]]
[2025.09.25-23.57.17:544][  0]LogConfig: Setting CVar [[r.MaterialQualityLevel:1 ; High quality]]
[2025.09.25-23.57.17:544][  0]LogConfig: Setting CVar [[r.AnisotropicMaterials:1]]
[2025.09.25-23.57.17:544][  0]LogConfig: Setting CVar [[r.SSS.Scale:1]]
[2025.09.25-23.57.17:544][  0]LogConfig: Setting CVar [[r.SSS.SampleSet:2]]
[2025.09.25-23.57.17:544][  0]LogConfig: Setting CVar [[r.SSS.Quality:1]]
[2025.09.25-23.57.17:544][  0]LogConfig: Setting CVar [[r.SSS.HalfRes:0]]
[2025.09.25-23.57.17:544][  0]LogConfig: Setting CVar [[r.SSGI.Quality:3]]
[2025.09.25-23.57.17:544][  0]LogConfig: Setting CVar [[r.EmitterSpawnRateScale:1.0]]
[2025.09.25-23.57.17:544][  0]LogConfig: Setting CVar [[r.ParticleLightQuality:2]]
[2025.09.25-23.57.17:544][  0]LogConfig: Setting CVar [[r.SkyAtmosphere.AerialPerspectiveLUT.FastApplyOnOpaque:1 ; Always have FastSkyLUT 1 in this case to avoid wrong sky]]
[2025.09.25-23.57.17:544][  0]LogConfig: Setting CVar [[r.SkyAtmosphere.AerialPerspectiveLUT.SampleCountMaxPerSlice:4]]
[2025.09.25-23.57.17:544][  0]LogConfig: Setting CVar [[r.SkyAtmosphere.AerialPerspectiveLUT.DepthResolution:16.0]]
[2025.09.25-23.57.17:544][  0]LogConfig: Setting CVar [[r.SkyAtmosphere.FastSkyLUT:1]]
[2025.09.25-23.57.17:544][  0]LogConfig: Setting CVar [[r.SkyAtmosphere.FastSkyLUT.SampleCountMin:4.0]]
[2025.09.25-23.57.17:544][  0]LogConfig: Setting CVar [[r.SkyAtmosphere.FastSkyLUT.SampleCountMax:128.0]]
[2025.09.25-23.57.17:544][  0]LogConfig: Setting CVar [[r.SkyAtmosphere.SampleCountMin:4.0]]
[2025.09.25-23.57.17:544][  0]LogConfig: Setting CVar [[r.SkyAtmosphere.SampleCountMax:128.0]]
[2025.09.25-23.57.17:544][  0]LogConfig: Setting CVar [[r.SkyAtmosphere.TransmittanceLUT.UseSmallFormat:0]]
[2025.09.25-23.57.17:544][  0]LogConfig: Setting CVar [[r.SkyAtmosphere.TransmittanceLUT.SampleCount:10.0]]
[2025.09.25-23.57.17:544][  0]LogConfig: Setting CVar [[r.SkyAtmosphere.MultiScatteringLUT.SampleCount:15.0]]
[2025.09.25-23.57.17:544][  0]LogConfig: Setting CVar [[r.SkyLight.RealTimeReflectionCapture:1]]
[2025.09.25-23.57.17:544][  0]LogConfig: Applying CVar settings from Section [FoliageQuality@3] File [C:/Users/PC/Documents/GitHub/TasteOfMadness/TasteOfMadness/Saved/Config/Windows/Scalability.ini]
[2025.09.25-23.57.17:544][  0]LogConfig: Setting CVar [[foliage.DensityScale:1.0]]
[2025.09.25-23.57.17:544][  0]LogConfig: Setting CVar [[grass.DensityScale:1.0]]
[2025.09.25-23.57.17:544][  0]LogConfig: Applying CVar settings from Section [ShadingQuality@3] File [C:/Users/PC/Documents/GitHub/TasteOfMadness/TasteOfMadness/Saved/Config/Windows/Scalability.ini]
[2025.09.25-23.57.17:544][  0]LogConfig: Setting CVar [[r.HairStrands.SkyLighting.IntegrationType:2]]
[2025.09.25-23.57.17:544][  0]LogConfig: Setting CVar [[r.HairStrands.SkyAO.SampleCount:4]]
[2025.09.25-23.57.17:544][  0]LogConfig: Setting CVar [[r.HairStrands.Visibility.MSAA.SamplePerPixel:4]]
[2025.09.25-23.57.17:544][  0]LogInit: Selected Device Profile: [Windows]
[2025.09.25-23.57.17:544][  0]LogInit: Applying CVar settings loaded from the selected device profile: [Windows]
[2025.09.25-23.57.17:544][  0]LogHAL: Display: Platform has ~ 24 GB [25689112576 / 34359738368 / 24], which maps to Larger [LargestMinGB=32, LargerMinGB=12, DefaultMinGB=8, SmallerMinGB=6, SmallestMinGB=0)
[2025.09.25-23.57.17:544][  0]LogInit: Going up to parent DeviceProfile []
[2025.09.25-23.57.17:544][  0]LogConfig: Applying CVar settings from Section [ViewDistanceQuality@3] File [C:/Users/PC/Documents/GitHub/TasteOfMadness/TasteOfMadness/Saved/Config/Windows/Scalability.ini]
[2025.09.25-23.57.17:544][  0]LogConfig: Setting CVar [[r.SkeletalMeshLODBias:0]]
[2025.09.25-23.57.17:544][  0]LogConfig: Setting CVar [[r.ViewDistanceScale:1.0]]
[2025.09.25-23.57.17:544][  0]LogConfig: Applying CVar settings from Section [AntiAliasingQuality@3] File [C:/Users/PC/Documents/GitHub/TasteOfMadness/TasteOfMadness/Saved/Config/Windows/Scalability.ini]
[2025.09.25-23.57.17:544][  0]LogConfig: Setting CVar [[r.PostProcessAAQuality:4]]
[2025.09.25-23.57.17:544][  0]LogConfig: Applying CVar settings from Section [ShadowQuality@3] File [C:/Users/PC/Documents/GitHub/TasteOfMadness/TasteOfMadness/Saved/Config/Windows/Scalability.ini]
[2025.09.25-23.57.17:544][  0]LogConfig: Setting CVar [[r.LightFunctionQuality:1]]
[2025.09.25-23.57.17:544][  0]LogConfig: Setting CVar [[r.ShadowQuality:5]]
[2025.09.25-23.57.17:544][  0]LogConfig: Setting CVar [[r.Shadow.CSM.MaxCascades:10]]
[2025.09.25-23.57.17:544][  0]LogConfig: Setting CVar [[r.Shadow.MaxResolution:2048]]
[2025.09.25-23.57.17:544][  0]LogConfig: Setting CVar [[r.Shadow.MaxCSMResolution:2048]]
[2025.09.25-23.57.17:544][  0]LogConfig: Setting CVar [[r.Shadow.RadiusThreshold:0.01]]
[2025.09.25-23.57.17:544][  0]LogConfig: Setting CVar [[r.Shadow.DistanceScale:1.0]]
[2025.09.25-23.57.17:544][  0]LogConfig: Setting CVar [[r.Shadow.CSM.TransitionScale:1.0]]
[2025.09.25-23.57.17:544][  0]LogConfig: Setting CVar [[r.Shadow.PreShadowResolutionFactor:1.0]]
[2025.09.25-23.57.17:544][  0]LogConfig: Setting CVar [[r.DistanceFieldShadowing:1]]
[2025.09.25-23.57.17:544][  0]LogConfig: Setting CVar [[r.DistanceFieldAO:1]]
[2025.09.25-23.57.17:544][  0]LogConfig: Setting CVar [[r.AOQuality:2]]
[2025.09.25-23.57.17:544][  0]LogConfig: Setting CVar [[r.VolumetricFog:1]]
[2025.09.25-23.57.17:544][  0]LogConfig: Setting CVar [[r.VolumetricFog.GridPixelSize:8]]
[2025.09.25-23.57.17:544][  0]LogConfig: Setting CVar [[r.VolumetricFog.GridSizeZ:128]]
[2025.09.25-23.57.17:544][  0]LogConfig: Setting CVar [[r.VolumetricFog.HistoryMissSupersampleCount:4]]
[2025.09.25-23.57.17:544][  0]LogConfig: Setting CVar [[r.LightMaxDrawDistanceScale:1]]
[2025.09.25-23.57.17:544][  0]LogConfig: Setting CVar [[r.CapsuleShadows:1]]
[2025.09.25-23.57.17:544][  0]LogConfig: Applying CVar settings from Section [PostProcessQuality@3] File [C:/Users/PC/Documents/GitHub/TasteOfMadness/TasteOfMadness/Saved/Config/Windows/Scalability.ini]
[2025.09.25-23.57.17:544][  0]LogConfig: Setting CVar [[r.MotionBlurQuality:4]]
[2025.09.25-23.57.17:544][  0]LogConfig: Setting CVar [[r.AmbientOcclusionMipLevelFactor:0.4]]
[2025.09.25-23.57.17:544][  0]LogConfig: Setting CVar [[r.AmbientOcclusionMaxQuality:100]]
[2025.09.25-23.57.17:544][  0]LogConfig: Setting CVar [[r.AmbientOcclusionLevels:-1]]
[2025.09.25-23.57.17:544][  0]LogConfig: Setting CVar [[r.AmbientOcclusionRadiusScale:1.0]]
[2025.09.25-23.57.17:544][  0]LogConfig: Setting CVar [[r.DepthOfFieldQuality:2]]
[2025.09.25-23.57.17:544][  0]LogConfig: Setting CVar [[r.RenderTargetPoolMin:400]]
[2025.09.25-23.57.17:544][  0]LogConfig: Setting CVar [[r.LensFlareQuality:2]]
[2025.09.25-23.57.17:544][  0]LogConfig: Setting CVar [[r.SceneColorFringeQuality:1]]
[2025.09.25-23.57.17:544][  0]LogConfig: Setting CVar [[r.EyeAdaptationQuality:2]]
[2025.09.25-23.57.17:544][  0]LogConfig: Setting CVar [[r.BloomQuality:5]]
[2025.09.25-23.57.17:544][  0]LogConfig: Setting CVar [[r.FastBlurThreshold:100]]
[2025.09.25-23.57.17:544][  0]LogConfig: Setting CVar [[r.Upscale.Quality:3]]
[2025.09.25-23.57.17:544][  0]LogConfig: Setting CVar [[r.Tonemapper.GrainQuantization:1]]
[2025.09.25-23.57.17:544][  0]LogConfig: Setting CVar [[r.LightShaftQuality:1]]
[2025.09.25-23.57.17:544][  0]LogConfig: Setting CVar [[r.Filter.SizeScale:1]]
[2025.09.25-23.57.17:544][  0]LogConfig: Setting CVar [[r.Tonemapper.Quality:5]]
[2025.09.25-23.57.17:545][  0]LogConfig: Setting CVar [[r.DOF.Gather.AccumulatorQuality:1        ; higher gathering accumulator quality]]
[2025.09.25-23.57.17:545][  0]LogConfig: Setting CVar [[r.DOF.Gather.PostfilterMethod:1          ; Median3x3 postfilering method]]
[2025.09.25-23.57.17:545][  0]LogConfig: Setting CVar [[r.DOF.Gather.EnableBokehSettings:0       ; no bokeh simulation when gathering]]
[2025.09.25-23.57.17:545][  0]LogConfig: Setting CVar [[r.DOF.Gather.RingCount:4                 ; medium number of samples when gathering]]
[2025.09.25-23.57.17:545][  0]LogConfig: Setting CVar [[r.DOF.Scatter.ForegroundCompositing:1    ; additive foreground scattering]]
[2025.09.25-23.57.17:545][  0]LogConfig: Setting CVar [[r.DOF.Scatter.BackgroundCompositing:2    ; additive background scattering]]
[2025.09.25-23.57.17:545][  0]LogConfig: Setting CVar [[r.DOF.Scatter.EnableBokehSettings:1      ; bokeh simulation when scattering]]
[2025.09.25-23.57.17:545][  0]LogConfig: Setting CVar [[r.DOF.Scatter.MaxSpriteRatio:0.1         ; only a maximum of 10% of scattered bokeh]]
[2025.09.25-23.57.17:545][  0]LogConfig: Setting CVar [[r.DOF.Recombine.Quality:1                ; cheap slight out of focus]]
[2025.09.25-23.57.17:545][  0]LogConfig: Setting CVar [[r.DOF.Recombine.EnableBokehSettings:0    ; no bokeh simulation on slight out of focus]]
[2025.09.25-23.57.17:545][  0]LogConfig: Setting CVar [[r.DOF.TemporalAAQuality:1                ; more stable temporal accumulation]]
[2025.09.25-23.57.17:545][  0]LogConfig: Setting CVar [[r.DOF.Kernel.MaxForegroundRadius:0.025]]
[2025.09.25-23.57.17:545][  0]LogConfig: Setting CVar [[r.DOF.Kernel.MaxBackgroundRadius:0.025]]
[2025.09.25-23.57.17:545][  0]LogConfig: Applying CVar settings from Section [TextureQuality@3] File [C:/Users/PC/Documents/GitHub/TasteOfMadness/TasteOfMadness/Saved/Config/Windows/Scalability.ini]
[2025.09.25-23.57.17:545][  0]LogConfig: Setting CVar [[r.Streaming.MipBias:0]]
[2025.09.25-23.57.17:545][  0]LogConfig: Setting CVar [[r.Streaming.AmortizeCPUToGPUCopy:0]]
[2025.09.25-23.57.17:545][  0]LogConfig: Setting CVar [[r.Streaming.MaxNumTexturesToStreamPerFrame:0]]
[2025.09.25-23.57.17:545][  0]LogConfig: Setting CVar [[r.Streaming.Boost:1]]
[2025.09.25-23.57.17:545][  0]LogConfig: Setting CVar [[r.MaxAnisotropy:8]]
[2025.09.25-23.57.17:545][  0]LogConfig: Setting CVar [[r.VT.MaxAnisotropy:8]]
[2025.09.25-23.57.17:545][  0]LogConfig: Setting CVar [[r.Streaming.LimitPoolSizeToVRAM:0]]
[2025.09.25-23.57.17:545][  0]LogConfig: Setting CVar [[r.Streaming.PoolSize:1000]]
[2025.09.25-23.57.17:545][  0]LogConfig: Setting CVar [[r.Streaming.MaxEffectiveScreenSize:0]]
[2025.09.25-23.57.17:545][  0]LogConfig: Applying CVar settings from Section [EffectsQuality@3] File [C:/Users/PC/Documents/GitHub/TasteOfMadness/TasteOfMadness/Saved/Config/Windows/Scalability.ini]
[2025.09.25-23.57.17:545][  0]LogConfig: Setting CVar [[r.TranslucencyLightingVolumeDim:64]]
[2025.09.25-23.57.17:545][  0]LogConfig: Setting CVar [[r.RefractionQuality:2]]
[2025.09.25-23.57.17:545][  0]LogConfig: Setting CVar [[r.SSR.Quality:3]]
[2025.09.25-23.57.17:545][  0]LogConfig: Setting CVar [[r.SSR.HalfResSceneColor:0]]
[2025.09.25-23.57.17:545][  0]LogConfig: Setting CVar [[r.SceneColorFormat:4]]
[2025.09.25-23.57.17:545][  0]LogConfig: Setting CVar [[r.DetailMode:2]]
[2025.09.25-23.57.17:545][  0]LogConfig: Setting CVar [[r.TranslucencyVolumeBlur:1]]
[2025.09.25-23.57.17:545][  0]LogConfig: Setting CVar [[r.MaterialQualityLevel:1 ; High quality]]
[2025.09.25-23.57.17:545][  0]LogConfig: Setting CVar [[r.AnisotropicMaterials:1]]
[2025.09.25-23.57.17:545][  0]LogConfig: Setting CVar [[r.SSS.Scale:1]]
[2025.09.25-23.57.17:545][  0]LogConfig: Setting CVar [[r.SSS.SampleSet:2]]
[2025.09.25-23.57.17:545][  0]LogConfig: Setting CVar [[r.SSS.Quality:1]]
[2025.09.25-23.57.17:545][  0]LogConfig: Setting CVar [[r.SSS.HalfRes:0]]
[2025.09.25-23.57.17:545][  0]LogConfig: Setting CVar [[r.SSGI.Quality:3]]
[2025.09.25-23.57.17:545][  0]LogConfig: Setting CVar [[r.EmitterSpawnRateScale:1.0]]
[2025.09.25-23.57.17:545][  0]LogConfig: Setting CVar [[r.ParticleLightQuality:2]]
[2025.09.25-23.57.17:545][  0]LogConfig: Setting CVar [[r.SkyAtmosphere.AerialPerspectiveLUT.FastApplyOnOpaque:1 ; Always have FastSkyLUT 1 in this case to avoid wrong sky]]
[2025.09.25-23.57.17:545][  0]LogConfig: Setting CVar [[r.SkyAtmosphere.AerialPerspectiveLUT.SampleCountMaxPerSlice:4]]
[2025.09.25-23.57.17:545][  0]LogConfig: Setting CVar [[r.SkyAtmosphere.AerialPerspectiveLUT.DepthResolution:16.0]]
[2025.09.25-23.57.17:545][  0]LogConfig: Setting CVar [[r.SkyAtmosphere.FastSkyLUT:1]]
[2025.09.25-23.57.17:545][  0]LogConfig: Setting CVar [[r.SkyAtmosphere.FastSkyLUT.SampleCountMin:4.0]]
[2025.09.25-23.57.17:545][  0]LogConfig: Setting CVar [[r.SkyAtmosphere.FastSkyLUT.SampleCountMax:128.0]]
[2025.09.25-23.57.17:545][  0]LogConfig: Setting CVar [[r.SkyAtmosphere.SampleCountMin:4.0]]
[2025.09.25-23.57.17:545][  0]LogConfig: Setting CVar [[r.SkyAtmosphere.SampleCountMax:128.0]]
[2025.09.25-23.57.17:545][  0]LogConfig: Setting CVar [[r.SkyAtmosphere.TransmittanceLUT.UseSmallFormat:0]]
[2025.09.25-23.57.17:545][  0]LogConfig: Setting CVar [[r.SkyAtmosphere.TransmittanceLUT.SampleCount:10.0]]
[2025.09.25-23.57.17:545][  0]LogConfig: Setting CVar [[r.SkyAtmosphere.MultiScatteringLUT.SampleCount:15.0]]
[2025.09.25-23.57.17:545][  0]LogConfig: Setting CVar [[r.SkyLight.RealTimeReflectionCapture:1]]
[2025.09.25-23.57.17:545][  0]LogConfig: Applying CVar settings from Section [FoliageQuality@3] File [C:/Users/PC/Documents/GitHub/TasteOfMadness/TasteOfMadness/Saved/Config/Windows/Scalability.ini]
[2025.09.25-23.57.17:545][  0]LogConfig: Setting CVar [[foliage.DensityScale:1.0]]
[2025.09.25-23.57.17:545][  0]LogConfig: Setting CVar [[grass.DensityScale:1.0]]
[2025.09.25-23.57.17:545][  0]LogConfig: Applying CVar settings from Section [ShadingQuality@3] File [C:/Users/PC/Documents/GitHub/TasteOfMadness/TasteOfMadness/Saved/Config/Windows/Scalability.ini]
[2025.09.25-23.57.17:545][  0]LogConfig: Setting CVar [[r.HairStrands.SkyLighting.IntegrationType:2]]
[2025.09.25-23.57.17:545][  0]LogConfig: Setting CVar [[r.HairStrands.SkyAO.SampleCount:4]]
[2025.09.25-23.57.17:545][  0]LogConfig: Setting CVar [[r.HairStrands.Visibility.MSAA.SamplePerPixel:4]]
[2025.09.25-23.57.17:545][  0]LogConfig: Applying CVar settings from Section [Startup] File [../../../Engine/Config/ConsoleVariables.ini]
[2025.09.25-23.57.17:545][  0]LogConfig: Setting CVar [[net.UseAdaptiveNetUpdateFrequency:0]]
[2025.09.25-23.57.17:545][  0]LogConfig: Setting CVar [[p.chaos.AllowCreatePhysxBodies:1]]
[2025.09.25-23.57.17:545][  0]LogConfig: Setting CVar [[fx.SkipVectorVMBackendOptimizations:1]]
[2025.09.25-23.57.17:545][  0]LogConfig: Applying CVar settings from Section [ConsoleVariables] File [C:/Users/PC/Documents/GitHub/TasteOfMadness/TasteOfMadness/Saved/Config/Windows/Engine.ini]
[2025.09.25-23.57.17:545][  0]LogConfig: Applying CVar settings from Section [ConsoleVariables] File [C:/Users/PC/Documents/GitHub/TasteOfMadness/TasteOfMadness/Saved/Config/Windows/Editor.ini]
[2025.09.25-23.57.17:545][  0]LogInit: Computer: DESKTOP-QFES4I7
[2025.09.25-23.57.17:545][  0]LogInit: User: PC
[2025.09.25-23.57.17:545][  0]LogInit: CPU Page size=4096, Cores=6
[2025.09.25-23.57.17:545][  0]LogInit: High frequency timer resolution =10.000000 MHz
[2025.09.25-23.57.17:545][  0]LogMemory: Memory total: Physical=23.9GB (24GB approx)
[2025.09.25-23.57.17:545][  0]LogMemory: Platform Memory Stats for Windows
[2025.09.25-23.57.17:545][  0]LogMemory: Process Physical Memory: 143.62 MB used, 143.62 MB peak
[2025.09.25-23.57.17:545][  0]LogMemory: Process Virtual Memory: 130.05 MB used, 130.05 MB peak
[2025.09.25-23.57.17:545][  0]LogMemory: Physical Memory: 11126.32 MB used,  13372.73 MB free, 24499.05 MB total
[2025.09.25-23.57.17:545][  0]LogMemory: Virtual Memory: 134204168.00 MB used,  13561.48 MB free, 134217728.00 MB total
[2025.09.25-23.57.17:549][  0]LogWindows: WindowsPlatformFeatures enabled
[2025.09.25-23.57.17:579][  0]LogInit: Physics initialised using underlying interface: PhysX
[2025.09.25-23.57.17:579][  0]LogInit: Using OS detected language (es-MX).
[2025.09.25-23.57.17:579][  0]LogInit: Using OS detected locale (es-MX).
[2025.09.25-23.57.17:581][  0]LogTextLocalizationResource: LocRes '../../../Engine/Content/Localization/Editor/es-MX/Editor.locres' could not be opened for reading!
[2025.09.25-23.57.17:581][  0]LogTextLocalizationResource: LocRes '../../../Engine/Content/Localization/EditorTutorials/es-MX/EditorTutorials.locres' could not be opened for reading!
[2025.09.25-23.57.17:581][  0]LogTextLocalizationResource: LocRes '../../../Engine/Content/Localization/Keywords/es-MX/Keywords.locres' could not be opened for reading!
[2025.09.25-23.57.17:581][  0]LogTextLocalizationResource: LocRes '../../../Engine/Content/Localization/Category/es-MX/Category.locres' could not be opened for reading!
[2025.09.25-23.57.17:581][  0]LogTextLocalizationResource: LocRes '../../../Engine/Content/Localization/ToolTips/es-MX/ToolTips.locres' could not be opened for reading!
[2025.09.25-23.57.17:581][  0]LogTextLocalizationResource: LocRes '../../../Engine/Content/Localization/PropertyNames/es-MX/PropertyNames.locres' could not be opened for reading!
[2025.09.25-23.57.17:581][  0]LogTextLocalizationResource: LocRes '../../../Engine/Content/Localization/Engine/es-MX/Engine.locres' could not be opened for reading!
[2025.09.25-23.57.17:582][  0]LogTextLocalizationResource: LocRes '../../../Engine/Plugins/Online/OnlineSubsystemUtils/Content/Localization/OnlineSubsystemUtils/es-MX/OnlineSubsystemUtils.locres' could not be opened for reading!
[2025.09.25-23.57.17:582][  0]LogTextLocalizationResource: LocRes '../../../Engine/Plugins/Online/Android/OnlineSubsystemGooglePlay/Content/Localization/OnlineSubsystemGooglePlay/es-MX/OnlineSubsystemGooglePlay.locres' could not be opened for reading!
[2025.09.25-23.57.17:582][  0]LogTextLocalizationResource: LocRes '../../../Engine/Plugins/Online/IOS/OnlineSubsystemIOS/Content/Localization/OnlineSubsystemIOS/es-MX/OnlineSubsystemIOS.locres' could not be opened for reading!
[2025.09.25-23.57.17:604][  0]LogInit: Setting process to per monitor DPI aware
[2025.09.25-23.57.17:613][  0]LogWindowsTextInputMethodSystem: Display: IME system deactivated.
[2025.09.25-23.57.17:629][  0]LogSlate: New Slate User Created.  User Index 0, Is Virtual User: 0
[2025.09.25-23.57.17:629][  0]LogSlate: Slate User Registered.  User Index 0, Is Virtual User: 0
[2025.09.25-23.57.17:724][  0]LogD3D11RHI: Loaded GFSDK_Aftermath_Lib.x64.dll
[2025.09.25-23.57.17:727][  0]LogHMD: Failed to initialize OpenVR with code 110
[2025.09.25-23.57.17:727][  0]LogD3D11RHI: D3D11 min allowed feature level: 11_0
[2025.09.25-23.57.17:727][  0]LogD3D11RHI: D3D11 max allowed feature level: 11_0
[2025.09.25-23.57.17:727][  0]LogD3D11RHI: D3D11 adapters:
[2025.09.25-23.57.17:882][  0]LogD3D11RHI:    0. 'NVIDIA GeForce RTX 3060' (Feature Level 11_0)
[2025.09.25-23.57.17:882][  0]LogD3D11RHI:       12115/0/12249 MB DedicatedVideo/DedicatedSystem/SharedSystem, Outputs:1, VendorId:0x10de
[2025.09.25-23.57.17:883][  0]LogD3D11RHI:    1. 'Microsoft Basic Render Driver' (Feature Level 11_0)
[2025.09.25-23.57.17:883][  0]LogD3D11RHI:       0/0/12249 MB DedicatedVideo/DedicatedSystem/SharedSystem, Outputs:0, VendorId:0x1414
[2025.09.25-23.57.17:883][  0]LogD3D11RHI: Chosen D3D11 Adapter:
[2025.09.25-23.57.17:883][  0]LogD3D11RHI:     Description : NVIDIA GeForce RTX 3060
[2025.09.25-23.57.17:883][  0]LogD3D11RHI:     VendorId    : 10de
[2025.09.25-23.57.17:883][  0]LogD3D11RHI:     DeviceId    : 2504
[2025.09.25-23.57.17:883][  0]LogD3D11RHI:     SubSysId    : 397d1462
[2025.09.25-23.57.17:883][  0]LogD3D11RHI:     Revision    : 00a1
[2025.09.25-23.57.17:883][  0]LogD3D11RHI:     DedicatedVideoMemory : 12703498240 bytes
[2025.09.25-23.57.17:883][  0]LogD3D11RHI:     DedicatedSystemMemory : 0 bytes
[2025.09.25-23.57.17:883][  0]LogD3D11RHI:     SharedSystemMemory : 12844556288 bytes
[2025.09.25-23.57.17:883][  0]LogD3D11RHI:     AdapterLuid : 0 78284
[2025.09.25-23.57.17:889][  0]LogD3D11RHI: Creating new Direct3DDevice
[2025.09.25-23.57.17:889][  0]LogD3D11RHI:     GPU DeviceId: 0x2504 (for the marketing name, search the web for "GPU Device Id")
[2025.09.25-23.57.17:889][  0]LogWindows: EnumDisplayDevices:
[2025.09.25-23.57.17:889][  0]LogWindows:    0. 'NVIDIA GeForce RTX 3060' (P:1 D:1)
[2025.09.25-23.57.17:889][  0]LogWindows:    1. 'NVIDIA GeForce RTX 3060' (P:0 D:0)
[2025.09.25-23.57.17:889][  0]LogWindows:    2. 'NVIDIA GeForce RTX 3060' (P:0 D:0)
[2025.09.25-23.57.17:889][  0]LogWindows:    3. 'NVIDIA GeForce RTX 3060' (P:0 D:0)
[2025.09.25-23.57.17:889][  0]LogWindows: DebugString: FoundDriverCount:4 
[2025.09.25-23.57.17:889][  0]LogD3D11RHI:     Adapter Name: NVIDIA GeForce RTX 3060
[2025.09.25-23.57.17:889][  0]LogD3D11RHI:   Driver Version: 581.29 (internal:32.0.15.8129, unified:581.29)
[2025.09.25-23.57.17:889][  0]LogD3D11RHI:      Driver Date: 9-5-2025
[2025.09.25-23.57.17:889][  0]LogRHI: Texture pool is 8480 MB (70% of 12115 MB)
[2025.09.25-23.57.17:889][  0]LogD3D11RHI: Creating D3DDevice using adapter:
[2025.09.25-23.57.17:889][  0]LogD3D11RHI:     Description : NVIDIA GeForce RTX 3060
[2025.09.25-23.57.17:889][  0]LogD3D11RHI:     VendorId    : 10de
[2025.09.25-23.57.17:889][  0]LogD3D11RHI:     DeviceId    : 2504
[2025.09.25-23.57.17:889][  0]LogD3D11RHI:     SubSysId    : 397d1462
[2025.09.25-23.57.17:889][  0]LogD3D11RHI:     Revision    : 00a1
[2025.09.25-23.57.17:889][  0]LogD3D11RHI:     DedicatedVideoMemory : 12703498240 bytes
[2025.09.25-23.57.17:889][  0]LogD3D11RHI:     DedicatedSystemMemory : 0 bytes
[2025.09.25-23.57.17:889][  0]LogD3D11RHI:     SharedSystemMemory : 12844556288 bytes
[2025.09.25-23.57.17:889][  0]LogD3D11RHI:     AdapterLuid : 0 78284
[2025.09.25-23.57.18:001][  0]LogD3D11RHI: RHI has support for 64 bit atomics
[2025.09.25-23.57.18:001][  0]LogD3D11RHI: Async texture creation enabled
[2025.09.25-23.57.18:001][  0]LogD3D11RHI: Array index from any shader is supported
[2025.09.25-23.57.18:016][  0]LogD3D11RHI: GPU Timing Frequency: 1000.000000 (Debug: 2 1)
[2025.09.25-23.57.18:038][  0]LogRHI: GeForceNow SDK initialized: 1
[2025.09.25-23.57.18:250][  0]LogTargetPlatformManager: Display: Loaded TargetPlatform 'AllDesktop'
[2025.09.25-23.57.18:266][  0]LogTargetPlatformManager: Display: Loaded TargetPlatform 'Android'
[2025.09.25-23.57.18:266][  0]LogTargetPlatformManager: Display: Loaded TargetPlatform 'Android_ASTC'
[2025.09.25-23.57.18:266][  0]LogTargetPlatformManager: Display: Loaded TargetPlatform 'Android_DXT'
[2025.09.25-23.57.18:266][  0]LogTargetPlatformManager: Display: Loaded TargetPlatform 'Android_ETC2'
[2025.09.25-23.57.18:266][  0]LogTargetPlatformManager: Display: Loaded TargetPlatform 'AndroidClient'
[2025.09.25-23.57.18:266][  0]LogTargetPlatformManager: Display: Loaded TargetPlatform 'Android_ASTCClient'
[2025.09.25-23.57.18:266][  0]LogTargetPlatformManager: Display: Loaded TargetPlatform 'Android_DXTClient'
[2025.09.25-23.57.18:266][  0]LogTargetPlatformManager: Display: Loaded TargetPlatform 'Android_ETC2Client'
[2025.09.25-23.57.18:266][  0]LogTargetPlatformManager: Display: Loaded TargetPlatform 'Android_Multi'
[2025.09.25-23.57.18:266][  0]LogTargetPlatformManager: Display: Loaded TargetPlatform 'Android_MultiClient'
[2025.09.25-23.57.18:278][  0]LogTargetPlatformManager: Display: Loaded TargetPlatform 'IOSClient'
[2025.09.25-23.57.18:278][  0]LogTargetPlatformManager: Display: Loaded TargetPlatform 'IOS'
[2025.09.25-23.57.18:285][  0]LogTargetPlatformManager: Display: Loaded TargetPlatform 'Linux'
[2025.09.25-23.57.18:288][  0]LogTargetPlatformManager: Display: Loaded TargetPlatform 'LinuxNoEditor'
[2025.09.25-23.57.18:291][  0]LogTargetPlatformManager: Display: Loaded TargetPlatform 'LinuxClient'
[2025.09.25-23.57.18:294][  0]LogTargetPlatformManager: Display: Loaded TargetPlatform 'LinuxServer'
[2025.09.25-23.57.18:301][  0]LogTargetPlatformManager: Display: Loaded TargetPlatform 'LinuxAArch64NoEditor'
[2025.09.25-23.57.18:304][  0]LogTargetPlatformManager: Display: Loaded TargetPlatform 'LinuxAArch64Client'
[2025.09.25-23.57.18:307][  0]LogTargetPlatformManager: Display: Loaded TargetPlatform 'LinuxAArch64Server'
[2025.09.25-23.57.18:323][  0]LogTargetPlatformManager: Display: Loaded TargetPlatform 'Lumin'
[2025.09.25-23.57.18:323][  0]LogTargetPlatformManager: Display: Loaded TargetPlatform 'LuminClient'
[2025.09.25-23.57.18:329][  0]LogTargetPlatformManager: Display: Loaded TargetPlatform 'MacNoEditor'
[2025.09.25-23.57.18:332][  0]LogTargetPlatformManager: Display: Loaded TargetPlatform 'Mac'
[2025.09.25-23.57.18:335][  0]LogTargetPlatformManager: Display: Loaded TargetPlatform 'MacClient'
[2025.09.25-23.57.18:338][  0]LogTargetPlatformManager: Display: Loaded TargetPlatform 'MacServer'
[2025.09.25-23.57.18:344][  0]LogTargetPlatformManager: Display: Loaded TargetPlatform 'TVOSClient'
[2025.09.25-23.57.18:344][  0]LogTargetPlatformManager: Display: Loaded TargetPlatform 'TVOS'
[2025.09.25-23.57.18:350][  0]LogTargetPlatformManager: Display: Loaded TargetPlatform 'WindowsNoEditor'
[2025.09.25-23.57.18:353][  0]LogTargetPlatformManager: Display: Loaded TargetPlatform 'Windows'
[2025.09.25-23.57.18:357][  0]LogTargetPlatformManager: Display: Loaded TargetPlatform 'WindowsClient'
[2025.09.25-23.57.18:360][  0]LogTargetPlatformManager: Display: Loaded TargetPlatform 'WindowsServer'
[2025.09.25-23.57.18:360][  0]LogTargetPlatformManager: Display: Building Assets For Windows
[2025.09.25-23.57.18:364][  0]LogAudioDebug: Display: Lib vorbis DLL was dynamically loaded.
[2025.09.25-23.57.18:386][  0]LogTextureFormatOodle: Display: Oodle Texture 2.9.0 init RDO Off
[2025.09.25-23.57.18:407][  0]LogRendererCore: Ray tracing is disabled. Reason: r.RayTracing=0.
[2025.09.25-23.57.18:408][  0]LogShaderCompilers: Guid format shader working directory is -15 characters bigger than the processId version (C:/Users/PC/Documents/GitHub/TasteOfMadness/TasteOfMadness/Intermediate/Shaders/WorkingDirectory/8680/).
[2025.09.25-23.57.18:408][  0]LogShaderCompilers: Cleaned the shader compiler working directory 'C:/Users/PC/AppData/Local/Temp/UnrealShaderWorkingDir/8F4059C44834A9FA295061BECCCCC2AD/'.
[2025.09.25-23.57.18:408][  0]LogXGEController: Cannot use XGE Controller as Incredibuild is not installed on this machine.
[2025.09.25-23.57.18:408][  0]LogShaderCompilers: Cannot use XGE Shader Compiler as Incredibuild is not installed on this machine.
[2025.09.25-23.57.18:408][  0]LogShaderCompilers: Display: Using Local Shader Compiler.
[2025.09.25-23.57.18:975][  0]LogDerivedDataCache: Display: Max Cache Size: 512 MB
[2025.09.25-23.57.19:044][  0]LogDerivedDataCache: Loaded boot cache 0.07s 94MB C:/Users/PC/AppData/Local/UnrealEngine/4.27/DerivedDataCache/Boot.ddc.
[2025.09.25-23.57.19:044][  0]LogDerivedDataCache: Display: Loaded Boot cache: C:/Users/PC/AppData/Local/UnrealEngine/4.27/DerivedDataCache/Boot.ddc
[2025.09.25-23.57.19:045][  0]LogDerivedDataCache: FDerivedDataBackendGraph:  Pak pak cache file C:/Users/PC/Documents/GitHub/TasteOfMadness/TasteOfMadness/DerivedDataCache/DDC.ddp not found, will not use a pak cache.
[2025.09.25-23.57.19:045][  0]LogDerivedDataCache: Unable to find inner node Pak for hierarchical cache Hierarchy.
[2025.09.25-23.57.19:045][  0]LogDerivedDataCache: FDerivedDataBackendGraph:  CompressedPak pak cache file C:/Users/PC/Documents/GitHub/TasteOfMadness/TasteOfMadness/DerivedDataCache/Compressed.ddp not found, will not use a pak cache.
[2025.09.25-23.57.19:045][  0]LogDerivedDataCache: Unable to find inner node CompressedPak for hierarchical cache Hierarchy.
[2025.09.25-23.57.19:060][  0]LogDerivedDataCache: Display: Pak cache opened for reading ../../../Engine/DerivedDataCache/Compressed.ddp.
[2025.09.25-23.57.19:060][  0]LogDerivedDataCache: FDerivedDataBackendGraph:  EnterprisePak pak cache file ../../../Enterprise/DerivedDataCache/Compressed.ddp not found, will not use a pak cache.
[2025.09.25-23.57.19:060][  0]LogDerivedDataCache: Unable to find inner node EnterprisePak for hierarchical cache Hierarchy.
[2025.09.25-23.57.19:065][  0]LogDerivedDataCache: Speed tests for C:/Users/PC/AppData/Local/UnrealEngine/Common/DerivedDataCache took 0.01 seconds
[2025.09.25-23.57.19:065][  0]LogDerivedDataCache: Display: Performance to C:/Users/PC/AppData/Local/UnrealEngine/Common/DerivedDataCache: Latency=0.02ms. RandomReadSpeed=1459.71MBs, RandomWriteSpeed=197.00MBs. Assigned SpeedClass 'Local'
[2025.09.25-23.57.19:066][  0]LogDerivedDataCache: Using Local data cache path C:/Users/PC/AppData/Local/UnrealEngine/Common/DerivedDataCache: Writable
[2025.09.25-23.57.19:066][  0]LogDerivedDataCache: Shared data cache path not found in *engine.ini, will not use an Shared cache.
[2025.09.25-23.57.19:066][  0]LogDerivedDataCache: Unable to find inner node Shared for hierarchical cache Hierarchy.
[2025.09.25-23.57.19:103][  0]LogSlate: Using FreeType 2.10.0
[2025.09.25-23.57.19:103][  0]LogSlate: SlateFontServices - WITH_FREETYPE: 1, WITH_HARFBUZZ: 1
[2025.09.25-23.57.19:121][  0]LogAssetRegistry: FAssetRegistry took 0.0023 seconds to start up
[2025.09.25-23.57.19:297][  0]LogInit: Selected Device Profile: [Windows]
[2025.09.25-23.57.19:297][  0]LogInit: Active device profile: [000002A3DBA2CB00][000002A3D6B85780 49] Windows
[2025.09.25-23.57.19:297][  0]LogInit: Profiles: [000002A3DBA2CB00][000002A3D6B85780 49] Windows, [000002A3DB9E2100][000002A3D6BA5900 49] WindowsNoEditor, [000002A3DBA2D900][000002A3D6BA9A80 49] WindowsServer, [000002A3DB9E2E00][000002A3D6BB9C00 49] WindowsClient, [000002A3DBA2FC00][000002A3D6BBC200 49] IOS, [000002A3DB9E0F00][000002A3D6BC4380 49] iPadAir, [000002A3DBA2FE00][000002A3D6BC8500 49] iPadAir2, [000002A3DB7B8D00][000002A3D6BA0780 49] IPadPro, [000002A3DB7B8E00][000002A3D6BCC7C0 49] iPadAir3, [000002A3DB9E3B00][000002A3D68EE900 49] iPadAir4, [000002A3DB7BB700][000002A3DC5C2A40 49] iPadMini2, [000002A3DB9E3100][000002A3D6936B80 49] iPadMini3, [000002A3DB7BB900][000002A3D6948D00 49] iPadMini4, [000002A3DB9E3500][000002A3D694CE80 49] iPadMini5, [000002A3DB7EC600][000002A3D6955140 49] iPhone6, [000002A3DB7EC700][000002A3D6951180 49] iPodTouch6, [000002A3DBA2E600][000002A3D6AA5440 49] iPhone7, [000002A3DBA2E800][000002A3D6AA1480 49] iPodTouch7, [000002A3DB7EC100][000002A3D6AA9600 49] iPhone5S, [000002A3DB7B8700][000002A3D6959780 49] iPhone6Plus, [000002A3DB7EE500][000002A3D4ACF900 49] iPhone6S, [000002A3DB7B9400][000002A3D695DA80 49] iPhone6SPlus, [000002A3DB7EFB00][000002A3D6961C00 49] iPhone7Plus, [000002A3DB7BB600][000002A3D6964200 49] iPhoneSE, [000002A3DBA2EC00][000002A3D6968380 49] iPhone8, [000002A3DB7B8600][000002A3D696C500 49] iPhone8Plus, [000002A3DBA2E100][000002A3D6970680 49] iPhoneX, [000002A3DB7BA900][000002A3DCA06800 49] iPhoneXS, [000002A3DBA2FD00][000002A3D6944940 49] iPhoneXSMax, [000002A3DB7BAE00][000002A3DCA0AA80 49] iPhoneXR, [000002A3DBA2FF00][000002A3DCA0EBC0 49] iPhone11, [000002A3DB7B9F00][000002A3DCA16D00 49] iPhone11Pro, [000002A3DBA2C600][000002A3DCB38E80 49] iPhone11ProMax, [000002A3DB7BA000][000002A3DCB47000 49] iPhoneSE2, [000002A3DBA2FA00][000002A3DCB4B180 49] iPhone12Mini, [000002A3DB7BA700][000002A3DCB4F300 49] iPhone12, [000002A3DBA2EA00][000002A3DCB53480 49] iPhone12Pro, [000002A3DB7B8500][000002A3DCB57600 49] iPhone12ProMax, [000002A3DBA2F900][000002A3DCB65780 49] iPadPro105, [000002A3DB7B9800][000002A3DC385900 49] iPadPro129, [000002A3DBA2CC00][000002A3DC395A80 49] iPadPro97, [000002A3DB7BA400][000002A3DC3D5C00 49] iPadPro2_129, [000002A3DBA2C800][000002A3DCBBC200 49] iPad5, [000002A3DB7B8400][000002A3DCBC0380 49] iPad6, [000002A3DBA2DB00][000002A3DCBC4500 49] iPad7, [000002A3DB7BB500][000002A3DCC06680 49] iPad8, [000002A3DBA2DF00][000002A3DCC0A800 49] iPadPro11, [000002A3DB7B9A00][000002A3DCC0E980 49] iPadPro2_11, [000002A3DBA2E500][000002A3DCC12B00 49] iPadPro3_129, [000002A3DB7BA200][000002A3DCB34C40 49] iPadPro4_129, [000002A3DBA2D600][000002A3D6A34D80 49] AppleTV, [000002A3DB7BBD00][000002A3D6A38EC0 49] AppleTV4K, [000002A3DBA2DA00][000002A3D6A41040 49] TVOS, [000002A3DB7B8A00][000002A3D6A451C0 49] Mac, [000002A3DBA2E400][000002A3D6A49340 49] MacClient, [000002A3DB7BAC00][000002A3D6A4D4C0 49] MacNoEditor, [000002A3DBA2F500][000002A3D6A73640 49] MacServer, [000002A3DB7BA300][000002A3D6A777C0 49] Linux, [000002A3DBA2C300][000002A3D6A31940 49] LinuxAArch64, [000002A3DB7BA100][000002A3D6A7BAC0 49] LinuxNoEditor, [000002A3DBA2E300][000002A3D6A7E0C0 49] LinuxAArch64NoEditor, [000002A3DB7BBC00][000002A3D6A82240 49] LinuxClient, [000002A3DBA2CF00][000002A3D6A863C0 49] LinuxAArch64Client, [000002A3DB7B9200][000002A3D6A8A540 49] LinuxServer, [000002A3DBA2F000][000002A3DC3D86C0 49] LinuxAArch64Server, [000002A3DB7B9600][000002A3DCA02840 49] Android, [000002A3DBA2D200][000002A3D68EA9C0 49] Android_Low, [000002A3DB7BBE00][000002A3DCBC8B40 49] Android_Mid, [000002A3DBA2C100][000002A3D6A8ECC0 49] Android_High, [000002A3DB7BAA00][000002A3D6A3CE00 49] Android_Default, [000002A3DBA2D300][000002A3D6A92F40 49] Android_Adreno4xx, [000002A3DB9E2300][000002A3D6A97080 49] Android_Adreno5xx_Low, [000002A3DB7EDC00][000002A3D6A9B1C0 49] Android_Adreno5xx, [000002A3DB9E3E00][000002A3DC801340 49] Android_Adreno6xx, [000002A3DB7EE700][000002A3DC8054C0 49] Android_Adreno6xx_Vulkan, [000002A3DB9E3600][000002A3DC809640 49] Android_Mali_T6xx, [000002A3DB7ECF00][000002A3DC80D7C0 49] Android_Mali_T7xx, [000002A3DB9E1B00][000002A3DC811940 49] Android_Mali_T8xx, [000002A3DB7EDF00][000002A3DC815AC0 49] Android_Mali_G71, [000002A3DB9E2C00][000002A3DC8180C0 49] Android_Mali_G72, [000002A3DB7EEF00][000002A3DC81C240 49] Android_Mali_G72_Vulkan, [000002A3DB9E2500][000002A3DC8203C0 49] Android_Mali_G76, [000002A3DB7EE200][000002A3DC824540 49] Android_Mali_G76_Vulkan, [000002A3DB9E0E00][000002A3DC8286C0 49] Android_Mali_G77, [000002A3DB7ED400][000002A3DC82C840 49] Android_Mali_G77_Vulkan, [000002A3DB9E3700][000002A3DC8309C0 49] Android_Mali_G78, [000002A3DB7ED300][000002A3DC834B40 49] Android_Mali_G78_Vulkan, [000002A3DB9E1500][000002A3DC838CC0 49] Android_Mali_G710, [000002A3DB7EFD00][000002A3DC83CE40 49] Android_Mali_G710_Vulkan, [000002A3DB9E0700][000002A3DC7FCF80 49] Android_Vulkan_SM5, [000002A3DB7EDB00][000002A3DC8410C0 49] Android_PowerVR_G6xxx, [000002A3DB9E0A00][000002A3DC845200 49] Android_PowerVR_GT7xxx, [000002A3DB7EC200][000002A3DC849340 49] Android_PowerVR_GE8xxx, [000002A3DB9E3800][000002A3DC8514C0 49] Android_PowerVR_GM9xxx, [000002A3DB7ECA00][000002A3DC855640 49] Android_PowerVR_GM9xxx_Vulkan, [000002A3DB9E1000][000002A3DC8597C0 49] Android_TegraK1, [000002A3DB7ED700][000002A3DC85D940 49] Android_Unknown_Vulkan, [000002A3DB9E1800][000002A3DC861AC0 49] Lumin, [000002A3DB7EFC00][000002A3DC8640C0 49] Lumin_Desktop, [000002A3DB9E1600][000002A3DC868240 49] HoloLens, 
[2025.09.25-23.57.19:392][  0]LogMeshReduction: Using QuadricMeshReduction for automatic static mesh reduction
[2025.09.25-23.57.19:392][  0]LogMeshReduction: Using SimplygonMeshReduction for automatic skeletal mesh reduction
[2025.09.25-23.57.19:392][  0]LogMeshReduction: Using ProxyLODMeshReduction for automatic mesh merging
[2025.09.25-23.57.19:392][  0]LogMeshReduction: No distributed automatic mesh merging module available
[2025.09.25-23.57.19:392][  0]LogMeshMerging: No distributed automatic mesh merging module available
[2025.09.25-23.57.19:401][  0]LogNetVersion: TasteOfMadness 1.0.0, NetCL: 17155196, EngineNetVer: 17, GameNetVer: 0 (Checksum: 3999798361)
[2025.09.25-23.57.19:667][  0]LogTexture: Default maximum texture size for cubemaps generated from long-lat sources has been changed from 512 to unlimited. In order to preserve old behaiour for '/Engine/MapTemplates/Sky/DaylightAmbientCubemap.DaylightAmbientCubemap', its maximum texture size has been explicitly set to 512.
[2025.09.25-23.57.19:712][  0]LogHMD: PokeAHoleMaterial loaded successfully
[2025.09.25-23.57.19:717][  0]LogUObjectArray: 17178 objects as part of root set at end of initial load.
[2025.09.25-23.57.19:717][  0]LogUObjectAllocator: 4302048 out of 0 bytes used by permanent object pool.
[2025.09.25-23.57.19:717][  0]LogUObjectArray: CloseDisregardForGC: 0/0 objects in disregard for GC pool
[2025.09.25-23.57.19:882][  0]LogNiagaraDebuggerClient: Niagara Debugger Client Initialized | Session: 5D7C6F0A4FB489A4ED46C692ECD8B8BA | Instance: 79909CDA4C4E6697CAA64086F85B091D (DESKTOP-QFES4I7-8680).
[2025.09.25-23.57.19:930][  0]LogPython: Using Python 3.7.7
[2025.09.25-23.57.20:291][  0]LogTcpMessaging: Initializing TcpMessaging bridge
[2025.09.25-23.57.20:295][  0]LogUdpMessaging: Initializing bridge on interface 0.0.0.0:0 to multicast group 230.0.0.1:6666.
[2025.09.25-23.57.20:499][  0]SourceControl: El control de código fuente está desactivado
[2025.09.25-23.57.20:499][  0]SourceControl: El control de código fuente está desactivado
[2025.09.25-23.57.20:501][  0]SourceControl: El control de código fuente está desactivado
[2025.09.25-23.57.20:503][  0]SourceControl: El control de código fuente está desactivado
[2025.09.25-23.57.20:505][  0]SourceControl: El control de código fuente está desactivado
[2025.09.25-23.57.20:509][  0]LogUProjectInfo: Found projects:
[2025.09.25-23.57.20:596][  0]LogOpenImageDenoise: OIDN starting up
[2025.09.25-23.57.20:629][  0]LogAndroidPermission: UAndroidPermissionCallbackProxy::GetInstance
[2025.09.25-23.57.20:641][  0]LogAudioCaptureCore: Display: No Audio Capture implementations found. Audio input will be silent.
[2025.09.25-23.57.20:641][  0]LogAudioCaptureCore: Display: No Audio Capture implementations found. Audio input will be silent.
[2025.09.25-23.57.20:757][  0]LogCollectionManager: Loaded 0 collections in 0.000506 seconds
[2025.09.25-23.57.20:774][  0]LogFileCache: Scanning file cache for directory 'C:/Users/PC/Documents/GitHub/TasteOfMadness/TasteOfMadness/Saved/Collections/' took 0.00s
[2025.09.25-23.57.20:774][  0]LogFileCache: Scanning file cache for directory 'C:/Users/PC/Documents/GitHub/TasteOfMadness/TasteOfMadness/Content/Developers/PC/Collections/' took 0.00s
[2025.09.25-23.57.20:774][  0]LogFileCache: Scanning file cache for directory 'C:/Users/PC/Documents/GitHub/TasteOfMadness/TasteOfMadness/Content/Collections/' took 0.00s
[2025.09.25-23.57.20:774][  0]LogOcInput: OculusInput pre-init called
[2025.09.25-23.57.20:948][  0]LogEngine: Initializing Engine...
[2025.09.25-23.57.20:950][  0]LogHMD: Failed to enumerate extensions. Please check that you have a valid OpenXR runtime installed.
[2025.09.25-23.57.20:950][  0]LogHMD: Failed to initialize OpenVR with code 110
[2025.09.25-23.57.20:950][  0]LogMagicLeap: Warning: VR disabled because ZI is not enabled.  To enable, in the editor, Edit -> Project Settings -> Plugins -> Magic Leap Plugin -> Enable Zero Iteration
[2025.09.25-23.57.20:951][  0]LogStats: UGameplayTagsManager::InitializeManager -  0.000 s
[2025.09.25-23.57.21:038][  0]LogInit: Initializing FReadOnlyCVARCache
[2025.09.25-23.57.21:045][  0]LogAIModule: Creating AISystem for world Untitled
[2025.09.25-23.57.21:053][  0]LogAudio: Display: Initializing Audio Device Manager...
[2025.09.25-23.57.21:055][  0]LogAudio: Display: Loading Default Audio Settings Objects...
[2025.09.25-23.57.21:055][  0]LogAudio: Display: No default SoundConcurrencyObject specified (or failed to load).
[2025.09.25-23.57.21:056][  0]LogAudio: Display: Audio Device Manager Initialized
[2025.09.25-23.57.21:056][  0]LogAudio: Display: Creating Audio Device:                 Id: 1, Scope: Shared, Realtime: True
[2025.09.25-23.57.21:056][  0]LogAudioMixer: Display: Audio Mixer Platform Settings:
[2025.09.25-23.57.21:056][  0]LogAudioMixer: Display: 	Sample Rate:						  48000
[2025.09.25-23.57.21:056][  0]LogAudioMixer: Display: 	Callback Buffer Frame Size Requested: 1024
[2025.09.25-23.57.21:056][  0]LogAudioMixer: Display: 	Callback Buffer Frame Size To Use:	  1024
[2025.09.25-23.57.21:056][  0]LogAudioMixer: Display: 	Number of buffers to queue:			  2
[2025.09.25-23.57.21:056][  0]LogAudioMixer: Display: 	Max Channels (voices):				  32
[2025.09.25-23.57.21:056][  0]LogAudioMixer: Display: 	Number of Async Source Workers:		  0
[2025.09.25-23.57.21:056][  0]LogAudio: Display: AudioDevice MaxSources: 32
[2025.09.25-23.57.21:056][  0]LogAudio: Display: Audio Spatialization Plugin: None (built-in).
[2025.09.25-23.57.21:056][  0]LogAudio: Display: Audio Reverb Plugin: None (built-in).
[2025.09.25-23.57.21:056][  0]LogAudio: Display: Audio Occlusion Plugin: None (built-in).
[2025.09.25-23.57.21:056][  0]LogAudioMixer: Display: Initializing audio mixer.
[2025.09.25-23.57.21:071][  0]LogAudioMixer: Display: 0: FrontLeft
[2025.09.25-23.57.21:071][  0]LogAudioMixer: Display: 1: FrontRight
[2025.09.25-23.57.21:083][  0]LogAudioMixer: Display: Using Audio Device Auriculares (QS-8510 Stereo)
[2025.09.25-23.57.21:085][  0]LogAudioMixer: Display: Initializing Sound Submixes...
[2025.09.25-23.57.21:087][  0]LogAudioMixer: Display: Creating Master Submix 'MasterSubmixDefault'
[2025.09.25-23.57.21:087][  0]LogAudioMixer: Display: Creating Master Submix 'MasterReverbSubmixDefault'
[2025.09.25-23.57.21:088][  0]LogAudioMixer: Display: Creating Master Submix 'MasterEQSubmixDefault'
[2025.09.25-23.57.21:088][  0]LogAudioMixer: FMixerPlatformXAudio2::StartAudioStream() called
[2025.09.25-23.57.21:088][  0]LogAudioMixer: Display: Output buffers initialized: Frames=1024, Channels=2, Samples=2048
[2025.09.25-23.57.21:089][  0]LogAudioMixer: Display: Starting AudioMixerPlatformInterface::RunInternal()
[2025.09.25-23.57.21:089][  0]LogAudioMixer: Display: FMixerPlatformXAudio2::SubmitBuffer() called for the first time
[2025.09.25-23.57.21:089][  0]LogInit: FAudioDevice initialized.
[2025.09.25-23.57.21:089][  0]LogAudio: Display: Audio Device (ID: 1) registered with world 'Untitled'.
[2025.09.25-23.57.21:089][  0]LogNetVersion: Set ProjectVersion to 1.0.0.0. Version Checksum will be recalculated on next use.
[2025.09.25-23.57.21:129][  0]LogDerivedDataCache: Saved boot cache 0.04s 94MB C:/Users/PC/AppData/Local/UnrealEngine/4.27/DerivedDataCache/Boot.ddc.
[2025.09.25-23.57.21:129][  0]LogInit: Texture streaming: Enabled
[2025.09.25-23.57.21:139][  0]LogAnalytics: Display: [UEEditor.Rocket.Release] APIServer = https://datarouter.ol.epicgames.com/. AppVersion = 4.27.2-18319896+++UE4+Release-4.27
[2025.09.25-23.57.21:141][  0]LogEngineSessionManager: EngineSessionManager initialized
[2025.09.25-23.57.21:141][  0]LogEditorSessionSummary: Verbose: Initializing EditorSessionSummaryWriter for editor session tracking
[2025.09.25-23.57.21:142][  0]LogEditorSessionSummary: EditorSessionSummaryWriter initialized
[2025.09.25-23.57.21:163][  0]LogInit: Transaction tracking system initialized
[2025.09.25-23.57.21:179][  0]BlueprintLog: New page: Cargar el editor
[2025.09.25-23.57.21:219][  0]LocalizationService: Localization service is disabled
[2025.09.25-23.57.21:235][  0]TimingProfiler: Initialize
[2025.09.25-23.57.21:235][  0]TimingProfiler: OnSessionChanged
[2025.09.25-23.57.21:235][  0]LoadingProfiler: Initialize
[2025.09.25-23.57.21:235][  0]LoadingProfiler: OnSessionChanged
[2025.09.25-23.57.21:235][  0]NetworkingProfiler: Initialize
[2025.09.25-23.57.21:235][  0]NetworkingProfiler: OnSessionChanged
[2025.09.25-23.57.21:235][  0]MemoryProfiler: Initialize
[2025.09.25-23.57.21:235][  0]MemoryProfiler: OnSessionChanged
[2025.09.25-23.57.21:331][  0]LogCook: Display: CookSettings for Memory: MemoryMaxUsedVirtual 0MiB, MemoryMaxUsedPhysical 16384MiB, MemoryMinFreeVirtual 0MiB, MemoryMinFreePhysical 1024MiB
[2025.09.25-23.57.21:331][  0]LogCook: Display: Mobile HDR setting 1
[2025.09.25-23.57.21:335][  0]LogFileCache: Scanning file cache for directory 'C:/Users/PC/Documents/GitHub/TasteOfMadness/TasteOfMadness/Content/' took 0.00s
[2025.09.25-23.57.21:335][  0]LogLinker: Warning: Failed to load '/Engine/BasicShapes/Cube': Can't find file.
[2025.09.25-23.57.21:335][  0]LogLinker: Warning: Failed to load '/Engine/BasicShapes/Cube': Can't find file.
[2025.09.25-23.57.21:335][  0]LogUObjectGlobals: Warning: Error al encontrar el objeto 'StaticMesh /Engine/BasicShapes/Cube.Cube'
[2025.09.25-23.57.21:588][  0]LogInit: Display: Engine is initialized. Leaving FEngineLoop::Init()
[2025.09.25-23.57.21:590][  0]SourceControl: El control de código fuente está desactivado
[2025.09.25-23.57.21:590][  0]LogUnrealEdMisc: Loading editor; pre map load, took 4.784
[2025.09.25-23.57.21:590][  0]Cmd: MAP LOAD FILE="C:/Users/PC/Documents/GitHub/TasteOfMadness/TasteOfMadness/Content/ThirdPersonBP/Maps/ThirdPersonExampleMap.umap" TEMPLATE=0 SHOWPROGRESS=1 FEATURELEVEL=3
[2025.09.25-23.57.21:591][  0]LightingResults: New page: Diseñar la iluminación
[2025.09.25-23.57.21:592][  0]LogWorld: UWorld::CleanupWorld for Untitled, bSessionEnded=true, bCleanupResources=true
[2025.09.25-23.57.21:592][  0]LogSlate: InvalidateAllWidgets triggered.  All widgets were invalidated
[2025.09.25-23.57.21:592][  0]MapCheck: New page: Revisión del mapa
[2025.09.25-23.57.21:592][  0]LightingResults: New page: Diseñar la iluminación
[2025.09.25-23.57.21:595][  0]LogAudio: Display: Audio Device unregistered from world 'None'.
[2025.09.25-23.57.21:598][  0]LogUObjectHash: Compacting FUObjectHashTables data took   0.81ms
[2025.09.25-23.57.21:673][  0]LogLinker: Warning: [AssetLog] C:\Users\PC\Documents\GitHub\TasteOfMadness\TasteOfMadness\Content\Props\BP_Table.uasset: Failed to load '/Game/Characters/Content_Enemies/Vidrio/Meshes/Cube': Can't find file.
[2025.09.25-23.57.21:673][  0]LogLinker: Warning: [AssetLog] C:\Users\PC\Documents\GitHub\TasteOfMadness\TasteOfMadness\Content\Props\BP_Table.uasset: Failed to load '/Game/Characters/Content_Enemies/Vidrio/Meshes/Cube': Can't find file.
[2025.09.25-23.57.21:673][  0]LogLinker: Warning: [AssetLog] C:\Users\PC\Documents\GitHub\TasteOfMadness\TasteOfMadness\Content\Props\BP_Table.uasset: Failed to load '/Game/Characters/Content_Enemies/Vidrio/Meshes/Cube': Can't find file.
[2025.09.25-23.57.21:674][  0]LogLinker: Warning: [AssetLog] C:\Users\PC\Documents\GitHub\TasteOfMadness\TasteOfMadness\Content\ThirdPersonBP\Maps\ThirdPersonExampleMap.umap: Failed to load '/Game/Characters/Content_Enemies/Vidrio/Meshes/Cube': Can't find file.
[2025.09.25-23.57.21:674][  0]LogLinker: Warning: [AssetLog] C:\Users\PC\Documents\GitHub\TasteOfMadness\TasteOfMadness\Content\ThirdPersonBP\Maps\ThirdPersonExampleMap.umap: Failed to load '/Game/Characters/Content_Enemies/Vidrio/Meshes/Cube': Can't find file.
[2025.09.25-23.57.21:674][  0]LogLinker: Warning: [AssetLog] C:\Users\PC\Documents\GitHub\TasteOfMadness\TasteOfMadness\Content\ThirdPersonBP\Maps\ThirdPersonExampleMap.umap: Failed to load '/Game/Characters/Content_Enemies/Vidrio/Meshes/Cube': Can't find file.
[2025.09.25-23.57.21:674][  0]LoadErrors: Error al cargar /Game/Characters/Content_Enemies/Vidrio/Meshes/Cube.Cube Referenciado por Cube_GEN_VARIABLE
[2025.09.25-23.57.21:675][  0]LogLinker: Warning: [AssetLog] C:\Users\PC\Documents\GitHub\TasteOfMadness\TasteOfMadness\Content\ThirdPersonBP\Maps\ThirdPersonExampleMap.umap: Failed to load '/Game/Characters/Content_Enemies/Vidrio/Meshes/Cube': Can't find file.
[2025.09.25-23.57.21:675][  0]LoadErrors: Error al cargar /Game/Characters/Content_Enemies/Vidrio/Meshes/Cube.Cube Referenciado por Cube1_GEN_VARIABLE
[2025.09.25-23.57.21:838][  0]LogAudio: Display: Audio Device (ID: 1) registered with world 'ThirdPersonExampleMap'.
[2025.09.25-23.57.21:839][  0]LogAIModule: Creating AISystem for world ThirdPersonExampleMap
[2025.09.25-23.57.21:843][  0]LogEditorServer: Finished looking for orphan Actors (0.000 secs)
[2025.09.25-23.57.21:849][  0]LogUObjectHash: Compacting FUObjectHashTables data took   0.87ms
[2025.09.25-23.57.21:851][  0]Cmd: MAP CHECKDEP NOCLEARLOG
[2025.09.25-23.57.21:851][  0]MapCheck: Map check complete: 0 Error(s), 0 Warning(s), took 0.248ms to complete.
[2025.09.25-23.57.21:851][  0]LogFileHelpers: Loading map 'ThirdPersonExampleMap' took 0.261
[2025.09.25-23.57.21:852][  0]LogUnrealEdMisc: Total Editor Startup Time, took 5.047
[2025.09.25-23.57.21:977][  0]LogSlate: Updating window title bar state: overlay mode, drag disabled, window buttons hidden, title bar hidden
[2025.09.25-23.57.21:981][  0]LogSlate: Updating window title bar state: overlay mode, drag disabled, window buttons hidden, title bar hidden
[2025.09.25-23.57.21:985][  0]LogSlate: Updating window title bar state: overlay mode, drag disabled, window buttons hidden, title bar hidden
[2025.09.25-23.57.21:991][  0]LogSlate: Updating window title bar state: overlay mode, drag disabled, window buttons hidden, title bar hidden
[2025.09.25-23.57.22:003][  0]LogNativeClassHierarchy: Verbose: Native class hierarchy populated in 0.0082 seconds. Added 3822 classes and 928 folders.
[2025.09.25-23.57.22:004][  0]LogNativeClassHierarchy: Verbose: Native class hierarchy updated for 'WidgetCarousel' in 0.0002 seconds. Added 0 classes and 0 folders.
[2025.09.25-23.57.22:005][  0]LogPakFile: PakFile PrimaryIndexSize=187
[2025.09.25-23.57.22:005][  0]LogPakFile: PakFile PathHashIndexSize=101
[2025.09.25-23.57.22:005][  0]LogPakFile: PakFile FullDirectoryIndexSize=148
[2025.09.25-23.57.22:005][  0]LogShaderLibrary: Display: ShaderCodeLibraryPakFileMountedCallback: PakFile 'E:/Epic/UE_4.27/FeaturePacks/FP_FirstPerson.upack' (chunk index -1, root 'root:/') mounted
[2025.09.25-23.57.22:005][  0]LogShaderLibrary: Display: ShaderCodeLibraryPakFileMountedCallback: pending pak file info (ChunkID:-1 Root:root:/ File:E:/Epic/UE_4.27/FeaturePacks/FP_FirstPerson.upack)
[2025.09.25-23.57.22:005][  0]LogPakFile: OnPakFileMounted2Time == 0.000042
[2025.09.25-23.57.22:006][  0]LogPakFile: PakFile PrimaryIndexSize=189
[2025.09.25-23.57.22:006][  0]LogPakFile: PakFile PathHashIndexSize=101
[2025.09.25-23.57.22:006][  0]LogPakFile: PakFile FullDirectoryIndexSize=152
[2025.09.25-23.57.22:006][  0]LogShaderLibrary: Display: ShaderCodeLibraryPakFileMountedCallback: PakFile 'E:/Epic/UE_4.27/FeaturePacks/FP_FirstPersonBP.upack' (chunk index -1, root 'root:/') mounted
[2025.09.25-23.57.22:006][  0]LogShaderLibrary: Display: ShaderCodeLibraryPakFileMountedCallback: pending pak file info (ChunkID:-1 Root:root:/ File:E:/Epic/UE_4.27/FeaturePacks/FP_FirstPersonBP.upack)
[2025.09.25-23.57.22:006][  0]LogPakFile: OnPakFileMounted2Time == 0.000031
[2025.09.25-23.57.22:006][  0]LogPakFile: PakFile PrimaryIndexSize=191
[2025.09.25-23.57.22:006][  0]LogPakFile: PakFile PathHashIndexSize=101
[2025.09.25-23.57.22:006][  0]LogPakFile: PakFile FullDirectoryIndexSize=160
[2025.09.25-23.57.22:006][  0]LogShaderLibrary: Display: ShaderCodeLibraryPakFileMountedCallback: PakFile 'E:/Epic/UE_4.27/FeaturePacks/MobileStarterContent.upack' (chunk index -1, root 'root:/') mounted
[2025.09.25-23.57.22:006][  0]LogShaderLibrary: Display: ShaderCodeLibraryPakFileMountedCallback: pending pak file info (ChunkID:-1 Root:root:/ File:E:/Epic/UE_4.27/FeaturePacks/MobileStarterContent.upack)
[2025.09.25-23.57.22:006][  0]LogPakFile: OnPakFileMounted2Time == 0.000023
[2025.09.25-23.57.22:006][  0]LogPakFile: PakFile PrimaryIndexSize=185
[2025.09.25-23.57.22:006][  0]LogPakFile: PakFile PathHashIndexSize=101
[2025.09.25-23.57.22:006][  0]LogPakFile: PakFile FullDirectoryIndexSize=148
[2025.09.25-23.57.22:006][  0]LogShaderLibrary: Display: ShaderCodeLibraryPakFileMountedCallback: PakFile 'E:/Epic/UE_4.27/FeaturePacks/StarterContent.upack' (chunk index -1, root 'root:/') mounted
[2025.09.25-23.57.22:006][  0]LogShaderLibrary: Display: ShaderCodeLibraryPakFileMountedCallback: pending pak file info (ChunkID:-1 Root:root:/ File:E:/Epic/UE_4.27/FeaturePacks/StarterContent.upack)
[2025.09.25-23.57.22:007][  0]LogPakFile: OnPakFileMounted2Time == 0.000027
[2025.09.25-23.57.22:007][  0]LogPakFile: PakFile PrimaryIndexSize=190
[2025.09.25-23.57.22:007][  0]LogPakFile: PakFile PathHashIndexSize=101
[2025.09.25-23.57.22:007][  0]LogPakFile: PakFile FullDirectoryIndexSize=154
[2025.09.25-23.57.22:007][  0]LogShaderLibrary: Display: ShaderCodeLibraryPakFileMountedCallback: PakFile 'E:/Epic/UE_4.27/FeaturePacks/TP_2DSideScroller.upack' (chunk index -1, root 'root:/') mounted
[2025.09.25-23.57.22:007][  0]LogShaderLibrary: Display: ShaderCodeLibraryPakFileMountedCallback: pending pak file info (ChunkID:-1 Root:root:/ File:E:/Epic/UE_4.27/FeaturePacks/TP_2DSideScroller.upack)
[2025.09.25-23.57.22:007][  0]LogPakFile: OnPakFileMounted2Time == 0.000022
[2025.09.25-23.57.22:007][  0]LogPakFile: PakFile PrimaryIndexSize=192
[2025.09.25-23.57.22:007][  0]LogPakFile: PakFile PathHashIndexSize=101
[2025.09.25-23.57.22:007][  0]LogPakFile: PakFile FullDirectoryIndexSize=158
[2025.09.25-23.57.22:007][  0]LogShaderLibrary: Display: ShaderCodeLibraryPakFileMountedCallback: PakFile 'E:/Epic/UE_4.27/FeaturePacks/TP_2DSideScrollerBP.upack' (chunk index -1, root 'root:/') mounted
[2025.09.25-23.57.22:007][  0]LogShaderLibrary: Display: ShaderCodeLibraryPakFileMountedCallback: pending pak file info (ChunkID:-1 Root:root:/ File:E:/Epic/UE_4.27/FeaturePacks/TP_2DSideScrollerBP.upack)
[2025.09.25-23.57.22:007][  0]LogPakFile: OnPakFileMounted2Time == 0.000024
[2025.09.25-23.57.22:008][  0]LogPakFile: PakFile PrimaryIndexSize=182
[2025.09.25-23.57.22:008][  0]LogPakFile: PakFile PathHashIndexSize=101
[2025.09.25-23.57.22:008][  0]LogPakFile: PakFile FullDirectoryIndexSize=138
[2025.09.25-23.57.22:008][  0]LogShaderLibrary: Display: ShaderCodeLibraryPakFileMountedCallback: PakFile 'E:/Epic/UE_4.27/FeaturePacks/TP_Flying.upack' (chunk index -1, root 'root:/') mounted
[2025.09.25-23.57.22:008][  0]LogShaderLibrary: Display: ShaderCodeLibraryPakFileMountedCallback: pending pak file info (ChunkID:-1 Root:root:/ File:E:/Epic/UE_4.27/FeaturePacks/TP_Flying.upack)
[2025.09.25-23.57.22:008][  0]LogPakFile: OnPakFileMounted2Time == 0.000022
[2025.09.25-23.57.22:008][  0]LogPakFile: PakFile PrimaryIndexSize=184
[2025.09.25-23.57.22:008][  0]LogPakFile: PakFile PathHashIndexSize=101
[2025.09.25-23.57.22:008][  0]LogPakFile: PakFile FullDirectoryIndexSize=142
[2025.09.25-23.57.22:008][  0]LogShaderLibrary: Display: ShaderCodeLibraryPakFileMountedCallback: PakFile 'E:/Epic/UE_4.27/FeaturePacks/TP_FlyingBP.upack' (chunk index -1, root 'root:/') mounted
[2025.09.25-23.57.22:008][  0]LogShaderLibrary: Display: ShaderCodeLibraryPakFileMountedCallback: pending pak file info (ChunkID:-1 Root:root:/ File:E:/Epic/UE_4.27/FeaturePacks/TP_FlyingBP.upack)
[2025.09.25-23.57.22:008][  0]LogPakFile: OnPakFileMounted2Time == 0.000022
[2025.09.25-23.57.22:008][  0]LogPakFile: PakFile PrimaryIndexSize=188
[2025.09.25-23.57.22:008][  0]LogPakFile: PakFile PathHashIndexSize=101
[2025.09.25-23.57.22:008][  0]LogPakFile: PakFile FullDirectoryIndexSize=150
[2025.09.25-23.57.22:008][  0]LogShaderLibrary: Display: ShaderCodeLibraryPakFileMountedCallback: PakFile 'E:/Epic/UE_4.27/FeaturePacks/TP_HandheldARBP.upack' (chunk index -1, root 'root:/') mounted
[2025.09.25-23.57.22:008][  0]LogShaderLibrary: Display: ShaderCodeLibraryPakFileMountedCallback: pending pak file info (ChunkID:-1 Root:root:/ File:E:/Epic/UE_4.27/FeaturePacks/TP_HandheldARBP.upack)
[2025.09.25-23.57.22:008][  0]LogPakFile: OnPakFileMounted2Time == 0.000022
[2025.09.25-23.57.22:009][  0]LogPakFile: PakFile PrimaryIndexSize=182
[2025.09.25-23.57.22:009][  0]LogPakFile: PakFile PathHashIndexSize=101
[2025.09.25-23.57.22:009][  0]LogPakFile: PakFile FullDirectoryIndexSize=138
[2025.09.25-23.57.22:009][  0]LogShaderLibrary: Display: ShaderCodeLibraryPakFileMountedCallback: PakFile 'E:/Epic/UE_4.27/FeaturePacks/TP_Puzzle.upack' (chunk index -1, root 'root:/') mounted
[2025.09.25-23.57.22:009][  0]LogShaderLibrary: Display: ShaderCodeLibraryPakFileMountedCallback: pending pak file info (ChunkID:-1 Root:root:/ File:E:/Epic/UE_4.27/FeaturePacks/TP_Puzzle.upack)
[2025.09.25-23.57.22:009][  0]LogPakFile: OnPakFileMounted2Time == 0.000022
[2025.09.25-23.57.22:009][  0]LogPakFile: PakFile PrimaryIndexSize=184
[2025.09.25-23.57.22:009][  0]LogPakFile: PakFile PathHashIndexSize=101
[2025.09.25-23.57.22:009][  0]LogPakFile: PakFile FullDirectoryIndexSize=142
[2025.09.25-23.57.22:009][  0]LogShaderLibrary: Display: ShaderCodeLibraryPakFileMountedCallback: PakFile 'E:/Epic/UE_4.27/FeaturePacks/TP_PuzzleBP.upack' (chunk index -1, root 'root:/') mounted
[2025.09.25-23.57.22:009][  0]LogShaderLibrary: Display: ShaderCodeLibraryPakFileMountedCallback: pending pak file info (ChunkID:-1 Root:root:/ File:E:/Epic/UE_4.27/FeaturePacks/TP_PuzzleBP.upack)
[2025.09.25-23.57.22:009][  0]LogPakFile: OnPakFileMounted2Time == 0.000022
[2025.09.25-23.57.22:009][  0]LogPakFile: PakFile PrimaryIndexSize=183
[2025.09.25-23.57.22:009][  0]LogPakFile: PakFile PathHashIndexSize=101
[2025.09.25-23.57.22:009][  0]LogPakFile: PakFile FullDirectoryIndexSize=140
[2025.09.25-23.57.22:009][  0]LogShaderLibrary: Display: ShaderCodeLibraryPakFileMountedCallback: PakFile 'E:/Epic/UE_4.27/FeaturePacks/TP_Rolling.upack' (chunk index -1, root 'root:/') mounted
[2025.09.25-23.57.22:009][  0]LogShaderLibrary: Display: ShaderCodeLibraryPakFileMountedCallback: pending pak file info (ChunkID:-1 Root:root:/ File:E:/Epic/UE_4.27/FeaturePacks/TP_Rolling.upack)
[2025.09.25-23.57.22:009][  0]LogPakFile: OnPakFileMounted2Time == 0.000022
[2025.09.25-23.57.22:010][  0]LogPakFile: PakFile PrimaryIndexSize=185
[2025.09.25-23.57.22:010][  0]LogPakFile: PakFile PathHashIndexSize=101
[2025.09.25-23.57.22:010][  0]LogPakFile: PakFile FullDirectoryIndexSize=144
[2025.09.25-23.57.22:010][  0]LogShaderLibrary: Display: ShaderCodeLibraryPakFileMountedCallback: PakFile 'E:/Epic/UE_4.27/FeaturePacks/TP_RollingBP.upack' (chunk index -1, root 'root:/') mounted
[2025.09.25-23.57.22:010][  0]LogShaderLibrary: Display: ShaderCodeLibraryPakFileMountedCallback: pending pak file info (ChunkID:-1 Root:root:/ File:E:/Epic/UE_4.27/FeaturePacks/TP_RollingBP.upack)
[2025.09.25-23.57.22:010][  0]LogPakFile: OnPakFileMounted2Time == 0.000022
[2025.09.25-23.57.22:010][  0]LogPakFile: PakFile PrimaryIndexSize=188
[2025.09.25-23.57.22:010][  0]LogPakFile: PakFile PathHashIndexSize=101
[2025.09.25-23.57.22:010][  0]LogPakFile: PakFile FullDirectoryIndexSize=150
[2025.09.25-23.57.22:010][  0]LogShaderLibrary: Display: ShaderCodeLibraryPakFileMountedCallback: PakFile 'E:/Epic/UE_4.27/FeaturePacks/TP_SideScroller.upack' (chunk index -1, root 'root:/') mounted
[2025.09.25-23.57.22:010][  0]LogShaderLibrary: Display: ShaderCodeLibraryPakFileMountedCallback: pending pak file info (ChunkID:-1 Root:root:/ File:E:/Epic/UE_4.27/FeaturePacks/TP_SideScroller.upack)
[2025.09.25-23.57.22:010][  0]LogPakFile: OnPakFileMounted2Time == 0.000022
[2025.09.25-23.57.22:011][  0]LogPakFile: PakFile PrimaryIndexSize=190
[2025.09.25-23.57.22:011][  0]LogPakFile: PakFile PathHashIndexSize=101
[2025.09.25-23.57.22:011][  0]LogPakFile: PakFile FullDirectoryIndexSize=154
[2025.09.25-23.57.22:011][  0]LogShaderLibrary: Display: ShaderCodeLibraryPakFileMountedCallback: PakFile 'E:/Epic/UE_4.27/FeaturePacks/TP_SideScrollerBP.upack' (chunk index -1, root 'root:/') mounted
[2025.09.25-23.57.22:011][  0]LogShaderLibrary: Display: ShaderCodeLibraryPakFileMountedCallback: pending pak file info (ChunkID:-1 Root:root:/ File:E:/Epic/UE_4.27/FeaturePacks/TP_SideScrollerBP.upack)
[2025.09.25-23.57.22:011][  0]LogPakFile: OnPakFileMounted2Time == 0.000022
[2025.09.25-23.57.22:011][  0]LogPakFile: PakFile PrimaryIndexSize=187
[2025.09.25-23.57.22:011][  0]LogPakFile: PakFile PathHashIndexSize=101
[2025.09.25-23.57.22:011][  0]LogPakFile: PakFile FullDirectoryIndexSize=148
[2025.09.25-23.57.22:011][  0]LogShaderLibrary: Display: ShaderCodeLibraryPakFileMountedCallback: PakFile 'E:/Epic/UE_4.27/FeaturePacks/TP_ThirdPerson.upack' (chunk index -1, root 'root:/') mounted
[2025.09.25-23.57.22:011][  0]LogShaderLibrary: Display: ShaderCodeLibraryPakFileMountedCallback: pending pak file info (ChunkID:-1 Root:root:/ File:E:/Epic/UE_4.27/FeaturePacks/TP_ThirdPerson.upack)
[2025.09.25-23.57.22:011][  0]LogPakFile: OnPakFileMounted2Time == 0.000022
[2025.09.25-23.57.22:011][  0]LogPakFile: PakFile PrimaryIndexSize=189
[2025.09.25-23.57.22:011][  0]LogPakFile: PakFile PathHashIndexSize=101
[2025.09.25-23.57.22:011][  0]LogPakFile: PakFile FullDirectoryIndexSize=152
[2025.09.25-23.57.22:011][  0]LogShaderLibrary: Display: ShaderCodeLibraryPakFileMountedCallback: PakFile 'E:/Epic/UE_4.27/FeaturePacks/TP_ThirdPersonBP.upack' (chunk index -1, root 'root:/') mounted
[2025.09.25-23.57.22:011][  0]LogShaderLibrary: Display: ShaderCodeLibraryPakFileMountedCallback: pending pak file info (ChunkID:-1 Root:root:/ File:E:/Epic/UE_4.27/FeaturePacks/TP_ThirdPersonBP.upack)
[2025.09.25-23.57.22:011][  0]LogPakFile: OnPakFileMounted2Time == 0.000022
[2025.09.25-23.57.22:012][  0]LogPakFile: PakFile PrimaryIndexSize=183
[2025.09.25-23.57.22:012][  0]LogPakFile: PakFile PathHashIndexSize=101
[2025.09.25-23.57.22:012][  0]LogPakFile: PakFile FullDirectoryIndexSize=140
[2025.09.25-23.57.22:012][  0]LogShaderLibrary: Display: ShaderCodeLibraryPakFileMountedCallback: PakFile 'E:/Epic/UE_4.27/FeaturePacks/TP_TopDown.upack' (chunk index -1, root 'root:/') mounted
[2025.09.25-23.57.22:012][  0]LogShaderLibrary: Display: ShaderCodeLibraryPakFileMountedCallback: pending pak file info (ChunkID:-1 Root:root:/ File:E:/Epic/UE_4.27/FeaturePacks/TP_TopDown.upack)
[2025.09.25-23.57.22:012][  0]LogPakFile: OnPakFileMounted2Time == 0.000026
[2025.09.25-23.57.22:012][  0]LogPakFile: PakFile PrimaryIndexSize=185
[2025.09.25-23.57.22:012][  0]LogPakFile: PakFile PathHashIndexSize=101
[2025.09.25-23.57.22:012][  0]LogPakFile: PakFile FullDirectoryIndexSize=144
[2025.09.25-23.57.22:012][  0]LogShaderLibrary: Display: ShaderCodeLibraryPakFileMountedCallback: PakFile 'E:/Epic/UE_4.27/FeaturePacks/TP_TopDownBP.upack' (chunk index -1, root 'root:/') mounted
[2025.09.25-23.57.22:012][  0]LogShaderLibrary: Display: ShaderCodeLibraryPakFileMountedCallback: pending pak file info (ChunkID:-1 Root:root:/ File:E:/Epic/UE_4.27/FeaturePacks/TP_TopDownBP.upack)
[2025.09.25-23.57.22:012][  0]LogPakFile: OnPakFileMounted2Time == 0.000022
[2025.09.25-23.57.22:012][  0]LogPakFile: PakFile PrimaryIndexSize=185
[2025.09.25-23.57.22:012][  0]LogPakFile: PakFile PathHashIndexSize=101
[2025.09.25-23.57.22:012][  0]LogPakFile: PakFile FullDirectoryIndexSize=144
[2025.09.25-23.57.22:012][  0]LogShaderLibrary: Display: ShaderCodeLibraryPakFileMountedCallback: PakFile 'E:/Epic/UE_4.27/FeaturePacks/TP_TwinStick.upack' (chunk index -1, root 'root:/') mounted
[2025.09.25-23.57.22:012][  0]LogShaderLibrary: Display: ShaderCodeLibraryPakFileMountedCallback: pending pak file info (ChunkID:-1 Root:root:/ File:E:/Epic/UE_4.27/FeaturePacks/TP_TwinStick.upack)
[2025.09.25-23.57.22:012][  0]LogPakFile: OnPakFileMounted2Time == 0.000027
[2025.09.25-23.57.22:013][  0]LogPakFile: PakFile PrimaryIndexSize=187
[2025.09.25-23.57.22:013][  0]LogPakFile: PakFile PathHashIndexSize=101
[2025.09.25-23.57.22:013][  0]LogPakFile: PakFile FullDirectoryIndexSize=148
[2025.09.25-23.57.22:013][  0]LogShaderLibrary: Display: ShaderCodeLibraryPakFileMountedCallback: PakFile 'E:/Epic/UE_4.27/FeaturePacks/TP_TwinStickBP.upack' (chunk index -1, root 'root:/') mounted
[2025.09.25-23.57.22:013][  0]LogShaderLibrary: Display: ShaderCodeLibraryPakFileMountedCallback: pending pak file info (ChunkID:-1 Root:root:/ File:E:/Epic/UE_4.27/FeaturePacks/TP_TwinStickBP.upack)
[2025.09.25-23.57.22:013][  0]LogPakFile: OnPakFileMounted2Time == 0.000022
[2025.09.25-23.57.22:013][  0]LogPakFile: PakFile PrimaryIndexSize=183
[2025.09.25-23.57.22:013][  0]LogPakFile: PakFile PathHashIndexSize=101
[2025.09.25-23.57.22:013][  0]LogPakFile: PakFile FullDirectoryIndexSize=140
[2025.09.25-23.57.22:013][  0]LogShaderLibrary: Display: ShaderCodeLibraryPakFileMountedCallback: PakFile 'E:/Epic/UE_4.27/FeaturePacks/TP_Vehicle.upack' (chunk index -1, root 'root:/') mounted
[2025.09.25-23.57.22:013][  0]LogShaderLibrary: Display: ShaderCodeLibraryPakFileMountedCallback: pending pak file info (ChunkID:-1 Root:root:/ File:E:/Epic/UE_4.27/FeaturePacks/TP_Vehicle.upack)
[2025.09.25-23.57.22:013][  0]LogPakFile: OnPakFileMounted2Time == 0.000022
[2025.09.25-23.57.22:013][  0]LogPakFile: PakFile PrimaryIndexSize=186
[2025.09.25-23.57.22:013][  0]LogPakFile: PakFile PathHashIndexSize=101
[2025.09.25-23.57.22:013][  0]LogPakFile: PakFile FullDirectoryIndexSize=146
[2025.09.25-23.57.22:013][  0]LogShaderLibrary: Display: ShaderCodeLibraryPakFileMountedCallback: PakFile 'E:/Epic/UE_4.27/FeaturePacks/TP_VehicleAdv.upack' (chunk index -1, root 'root:/') mounted
[2025.09.25-23.57.22:013][  0]LogShaderLibrary: Display: ShaderCodeLibraryPakFileMountedCallback: pending pak file info (ChunkID:-1 Root:root:/ File:E:/Epic/UE_4.27/FeaturePacks/TP_VehicleAdv.upack)
[2025.09.25-23.57.22:013][  0]LogPakFile: OnPakFileMounted2Time == 0.000022
[2025.09.25-23.57.22:014][  0]LogPakFile: PakFile PrimaryIndexSize=188
[2025.09.25-23.57.22:014][  0]LogPakFile: PakFile PathHashIndexSize=101
[2025.09.25-23.57.22:014][  0]LogPakFile: PakFile FullDirectoryIndexSize=150
[2025.09.25-23.57.22:014][  0]LogShaderLibrary: Display: ShaderCodeLibraryPakFileMountedCallback: PakFile 'E:/Epic/UE_4.27/FeaturePacks/TP_VehicleAdvBP.upack' (chunk index -1, root 'root:/') mounted
[2025.09.25-23.57.22:014][  0]LogShaderLibrary: Display: ShaderCodeLibraryPakFileMountedCallback: pending pak file info (ChunkID:-1 Root:root:/ File:E:/Epic/UE_4.27/FeaturePacks/TP_VehicleAdvBP.upack)
[2025.09.25-23.57.22:014][  0]LogPakFile: OnPakFileMounted2Time == 0.000025
[2025.09.25-23.57.22:014][  0]LogPakFile: PakFile PrimaryIndexSize=185
[2025.09.25-23.57.22:014][  0]LogPakFile: PakFile PathHashIndexSize=101
[2025.09.25-23.57.22:014][  0]LogPakFile: PakFile FullDirectoryIndexSize=144
[2025.09.25-23.57.22:014][  0]LogShaderLibrary: Display: ShaderCodeLibraryPakFileMountedCallback: PakFile 'E:/Epic/UE_4.27/FeaturePacks/TP_VehicleBP.upack' (chunk index -1, root 'root:/') mounted
[2025.09.25-23.57.22:014][  0]LogShaderLibrary: Display: ShaderCodeLibraryPakFileMountedCallback: pending pak file info (ChunkID:-1 Root:root:/ File:E:/Epic/UE_4.27/FeaturePacks/TP_VehicleBP.upack)
[2025.09.25-23.57.22:014][  0]LogPakFile: OnPakFileMounted2Time == 0.000022
[2025.09.25-23.57.22:014][  0]LogPakFile: PakFile PrimaryIndexSize=192
[2025.09.25-23.57.22:014][  0]LogPakFile: PakFile PathHashIndexSize=101
[2025.09.25-23.57.22:014][  0]LogPakFile: PakFile FullDirectoryIndexSize=158
[2025.09.25-23.57.22:014][  0]LogShaderLibrary: Display: ShaderCodeLibraryPakFileMountedCallback: PakFile 'E:/Epic/UE_4.27/FeaturePacks/TP_VirtualRealityBP.upack' (chunk index -1, root 'root:/') mounted
[2025.09.25-23.57.22:014][  0]LogShaderLibrary: Display: ShaderCodeLibraryPakFileMountedCallback: pending pak file info (ChunkID:-1 Root:root:/ File:E:/Epic/UE_4.27/FeaturePacks/TP_VirtualRealityBP.upack)
[2025.09.25-23.57.22:014][  0]LogPakFile: OnPakFileMounted2Time == 0.000022
[2025.09.25-23.57.22:041][  0]LogNativeClassHierarchy: Verbose: Native class hierarchy updated for 'AddContentDialog' in 0.0002 seconds. Added 0 classes and 0 folders.
[2025.09.25-23.57.22:041][  0]LogNativeClassHierarchy: Verbose: Native class hierarchy updated for 'SceneOutliner' in 0.0002 seconds. Added 2 classes and 0 folders.
[2025.09.25-23.57.22:103][  0]LogSlate: Took 0.000151 seconds to synchronously load lazily loaded font '../../../Engine/Content/Slate/Fonts/Roboto-Regular.ttf' (155K)
[2025.09.25-23.57.22:104][  0]LogSlate: Took 0.000087 seconds to synchronously load lazily loaded font '../../../Engine/Content/Editor/Slate/Fonts/FontAwesome.ttf' (139K)
[2025.09.25-23.57.22:105][  0]LogSlate: Took 0.000083 seconds to synchronously load lazily loaded font '../../../Engine/Content/Slate/Fonts/Roboto-Bold.ttf' (160K)
[2025.09.25-23.57.22:163][  0]LogRenderer: Reallocating scene render targets to support 1240x552 Format 10 NumSamples 1 (Frame:1).
[2025.09.25-23.57.22:272][  0]LogNativeClassHierarchy: Verbose: Native class hierarchy updated for 'HierarchicalLODOutliner' in 0.0003 seconds. Added 0 classes and 0 folders.
[2025.09.25-23.57.22:272][  0]LogLoad: (Engine Initialization) Total time: 5.47 seconds
[2025.09.25-23.57.22:272][  0]LogLoad: (Engine Initialization) Total Blueprint compile time: 0.00 seconds
[2025.09.25-23.57.22:285][  0]LogLinker: Warning: Failed to load '/Engine/BasicShapes/Cube': Can't find file.
[2025.09.25-23.57.22:285][  0]LogLinker: Warning: Failed to load '/Engine/BasicShapes/Cube': Can't find file.
[2025.09.25-23.57.22:285][  0]LogUObjectGlobals: Warning: Error al encontrar el objeto 'StaticMesh /Engine/BasicShapes/Cube.Cube'
[2025.09.25-23.57.22:306][  0]LogAssetRegistry: Asset discovery search completed in 3.1860 seconds
[2025.09.25-23.57.22:310][  0]LogCollectionManager: Fixed up redirectors for 0 collections in 0.000003 seconds (updated 0 objects)
[2025.09.25-23.57.22:312][  0]LogContentStreaming: Texture pool size now 1000 MB
[2025.09.25-23.57.22:361][  0]LogSlate: Took 0.000083 seconds to synchronously load lazily loaded font '../../../Engine/Content/Slate/Fonts/DroidSansMono.ttf' (77K)
[2025.09.25-23.57.33:722][259]LogSlate: Window 'Registro del mensaje' being destroyed
[2025.09.25-23.57.33:725][259]LogSlate: Window 'Registro del mensaje' being destroyed
[2025.09.25-23.57.35:097][424]LogEditorViewport: Clicking on Actor (LMB): BP_Table_C (BP_Table2)
[2025.09.25-23.57.38:405][809]LogTemp: Repeating last play command: Selected Viewport
[2025.09.25-23.57.38:409][809]LogPlayLevel: PlayLevel: No blueprints needed recompiling
[2025.09.25-23.57.38:410][809]PIE: New page: Sesión PIE (reproducción en el editor): ThirdPersonExampleMap (25 sep. 2025 12:57:38)
[2025.09.25-23.57.38:410][809]LogOnline: OSS: Creating online subsystem instance for: NULL
[2025.09.25-23.57.38:412][809]LogOnline: OSS: TryLoadSubsystemAndSetDefault: Loaded subsystem for module [NULL]
[2025.09.25-23.57.38:412][809]LogPlayLevel: Creating play world package: /Game/ThirdPersonBP/Maps/UEDPIE_0_ThirdPersonExampleMap
[2025.09.25-23.57.38:423][809]LogPlayLevel: PIE: StaticDuplicateObject took: (0.011424s)
[2025.09.25-23.57.38:424][809]LogAIModule: Creating AISystem for world ThirdPersonExampleMap
[2025.09.25-23.57.38:425][809]LogPlayLevel: PIE: World Init took: (0.001303s)
[2025.09.25-23.57.38:425][809]LogPlayLevel: PIE: Created PIE world by copying editor world from /Game/ThirdPersonBP/Maps/ThirdPersonExampleMap.ThirdPersonExampleMap to /Game/ThirdPersonBP/Maps/UEDPIE_0_ThirdPersonExampleMap.ThirdPersonExampleMap (0.012923s)
[2025.09.25-23.57.38:440][809]LogUObjectHash: Compacting FUObjectHashTables data took   0.60ms
[2025.09.25-23.57.38:440][809]LogAudio: Display: Creating Audio Device:                 Id: 2, Scope: Unique, Realtime: True
[2025.09.25-23.57.38:440][809]LogAudioMixer: Display: Audio Mixer Platform Settings:
[2025.09.25-23.57.38:440][809]LogAudioMixer: Display: 	Sample Rate:						  48000
[2025.09.25-23.57.38:441][809]LogAudioMixer: Display: 	Callback Buffer Frame Size Requested: 1024
[2025.09.25-23.57.38:441][809]LogAudioMixer: Display: 	Callback Buffer Frame Size To Use:	  1024
[2025.09.25-23.57.38:441][809]LogAudioMixer: Display: 	Number of buffers to queue:			  2
[2025.09.25-23.57.38:441][809]LogAudioMixer: Display: 	Max Channels (voices):				  32
[2025.09.25-23.57.38:441][809]LogAudioMixer: Display: 	Number of Async Source Workers:		  0
[2025.09.25-23.57.38:441][809]LogAudio: Display: AudioDevice MaxSources: 32
[2025.09.25-23.57.38:441][809]LogAudio: Display: Audio Spatialization Plugin: None (built-in).
[2025.09.25-23.57.38:441][809]LogAudio: Display: Audio Reverb Plugin: None (built-in).
[2025.09.25-23.57.38:441][809]LogAudio: Display: Audio Occlusion Plugin: None (built-in).
[2025.09.25-23.57.38:441][809]LogAudioMixer: Display: Initializing audio mixer.
[2025.09.25-23.57.38:444][809]LogAudioMixer: Display: 0: FrontLeft
[2025.09.25-23.57.38:444][809]LogAudioMixer: Display: 1: FrontRight
[2025.09.25-23.57.38:452][809]LogAudioMixer: Display: Using Audio Device Auriculares (QS-8510 Stereo)
[2025.09.25-23.57.38:452][809]LogAudioMixer: Display: Initializing Sound Submixes...
[2025.09.25-23.57.38:452][809]LogAudioMixer: Display: Creating Master Submix 'MasterSubmixDefault'
[2025.09.25-23.57.38:452][809]LogAudioMixer: Display: Creating Master Submix 'MasterReverbSubmixDefault'
[2025.09.25-23.57.38:453][809]LogAudioMixer: Display: Creating Master Submix 'MasterEQSubmixDefault'
[2025.09.25-23.57.38:453][809]LogAudioMixer: FMixerPlatformXAudio2::StartAudioStream() called
[2025.09.25-23.57.38:453][809]LogAudioMixer: Display: Output buffers initialized: Frames=1024, Channels=2, Samples=2048
[2025.09.25-23.57.38:454][809]LogAudioMixer: Display: Starting AudioMixerPlatformInterface::RunInternal()
[2025.09.25-23.57.38:454][809]LogAudioMixer: Display: FMixerPlatformXAudio2::SubmitBuffer() called for the first time
[2025.09.25-23.57.38:454][809]LogInit: FAudioDevice initialized.
[2025.09.25-23.57.38:454][809]LogAudio: Display: Audio Device (ID: 2) registered with world 'ThirdPersonExampleMap'.
[2025.09.25-23.57.38:465][809]LogLoad: Game class is 'BP_GameMode_C'
[2025.09.25-23.57.38:467][809]LogWorld: Bringing World /Game/ThirdPersonBP/Maps/UEDPIE_0_ThirdPersonExampleMap.ThirdPersonExampleMap up for play (max tick rate 0) at 2025.09.25-17.57.38
[2025.09.25-23.57.38:467][809]LogWorld: Bringing up level for play took: 0.001425
[2025.09.25-23.57.38:468][809]LogOnline: OSS: Creating online subsystem instance for: :Context_1
[2025.09.25-23.57.38:470][809]LogNativeClassHierarchy: Verbose: Native class hierarchy updated for 'MovieSceneCapture' in 0.0004 seconds. Added 20 classes and 0 folders.
[2025.09.25-23.57.38:472][809]PIE: El servidor ha iniciado la sesión
[2025.09.25-23.57.38:473][809]PIE: Play in editor total start time 0.065 seconds.
[2025.09.25-23.57.39:910][970]LogSlate: Updating window title bar state: overlay mode, drag disabled, window buttons hidden, title bar hidden
[2025.09.25-23.57.39:911][970]LogWorld: BeginTearingDown for /Game/ThirdPersonBP/Maps/UEDPIE_0_ThirdPersonExampleMap
[2025.09.25-23.57.39:911][970]LogWorld: UWorld::CleanupWorld for ThirdPersonExampleMap, bSessionEnded=true, bCleanupResources=true
[2025.09.25-23.57.39:911][970]LogSlate: InvalidateAllWidgets triggered.  All widgets were invalidated
[2025.09.25-23.57.39:918][970]LogPlayLevel: Display: Shutting down PIE online subsystems
[2025.09.25-23.57.39:923][970]LogSlate: InvalidateAllWidgets triggered.  All widgets were invalidated
[2025.09.25-23.57.39:927][970]LogAudio: Display: Audio Device unregistered from world 'None'.
[2025.09.25-23.57.39:927][970]LogAudioMixer: FMixerPlatformXAudio2::StopAudioStream() called
[2025.09.25-23.57.39:928][970]LogAudioMixer: FMixerPlatformXAudio2::StopAudioStream() called
[2025.09.25-23.57.39:929][970]LogSlate: Updating window title bar state: overlay mode, drag disabled, window buttons hidden, title bar hidden
[2025.09.25-23.57.39:931][970]LogUObjectHash: Compacting FUObjectHashTables data took   0.71ms
[2025.09.25-23.57.39:976][972]LogPlayLevel: Display: Destroying online subsystem :Context_1
[2025.09.25-23.57.43:442][366]LogSlate: Took 0.000145 seconds to synchronously load lazily loaded font '../../../Engine/Content/Slate/Fonts/Roboto-Light.ttf' (167K)
[2025.09.25-23.57.43:459][366]LogAssetEditorSubsystem: Opening Asset editor for Blueprint /Game/Props/BP_Table.BP_Table
[2025.09.25-23.57.43:750][366]LogNativeClassHierarchy: Verbose: Native class hierarchy updated for 'BlueprintGraph' in 0.0005 seconds. Added 126 classes and 0 folders.
[2025.09.25-23.57.44:691][366]LogSlate: Took 0.000142 seconds to synchronously load lazily loaded font '../../../Engine/Content/Slate/Fonts/Roboto-BoldCondensed.ttf' (158K)
[2025.09.25-23.57.53:833][421]LogSlate: Window 'BP_Table' being destroyed
[2025.09.25-23.57.53:837][421]LogSlate: Window 'BP_Table' being destroyed
[2025.09.25-23.57.53:839][421]LogWorld: UWorld::CleanupWorld for World_0, bSessionEnded=true, bCleanupResources=true
[2025.09.25-23.57.53:839][421]LogSlate: InvalidateAllWidgets triggered.  All widgets were invalidated
[2025.09.25-23.58.11:707][778]LogUObjectHash: Compacting FUObjectHashTables data took   1.76ms
[2025.09.25-23.58.16:126][778]LogSlate: Window 'Guardar contenido' being destroyed
[2025.09.25-23.58.20:129][213]LogTemp: Repeating last play command: Selected Viewport
[2025.09.25-23.58.20:134][213]LogPlayLevel: PlayLevel: No blueprints needed recompiling
[2025.09.25-23.58.20:134][213]PIE: New page: Sesión PIE (reproducción en el editor): ThirdPersonExampleMap (25 sep. 2025 12:58:20)
[2025.09.25-23.58.20:134][213]LogPlayLevel: Creating play world package: /Game/ThirdPersonBP/Maps/UEDPIE_0_ThirdPersonExampleMap
[2025.09.25-23.58.20:141][213]LogPlayLevel: PIE: StaticDuplicateObject took: (0.008047s)
[2025.09.25-23.58.20:142][213]LogAIModule: Creating AISystem for world ThirdPersonExampleMap
[2025.09.25-23.58.20:143][213]LogPlayLevel: PIE: World Init took: (0.001185s)
[2025.09.25-23.58.20:143][213]LogPlayLevel: PIE: Created PIE world by copying editor world from /Game/ThirdPersonBP/Maps/ThirdPersonExampleMap.ThirdPersonExampleMap to /Game/ThirdPersonBP/Maps/UEDPIE_0_ThirdPersonExampleMap.ThirdPersonExampleMap (0.009371s)
[2025.09.25-23.58.20:158][213]LogUObjectHash: Compacting FUObjectHashTables data took   1.45ms
[2025.09.25-23.58.20:160][213]LogAudio: Display: Creating Audio Device:                 Id: 3, Scope: Unique, Realtime: True
[2025.09.25-23.58.20:160][213]LogAudioMixer: Display: Audio Mixer Platform Settings:
[2025.09.25-23.58.20:160][213]LogAudioMixer: Display: 	Sample Rate:						  48000
[2025.09.25-23.58.20:160][213]LogAudioMixer: Display: 	Callback Buffer Frame Size Requested: 1024
[2025.09.25-23.58.20:160][213]LogAudioMixer: Display: 	Callback Buffer Frame Size To Use:	  1024
[2025.09.25-23.58.20:160][213]LogAudioMixer: Display: 	Number of buffers to queue:			  2
[2025.09.25-23.58.20:160][213]LogAudioMixer: Display: 	Max Channels (voices):				  32
[2025.09.25-23.58.20:160][213]LogAudioMixer: Display: 	Number of Async Source Workers:		  0
[2025.09.25-23.58.20:160][213]LogAudio: Display: AudioDevice MaxSources: 32
[2025.09.25-23.58.20:160][213]LogAudio: Display: Audio Spatialization Plugin: None (built-in).
[2025.09.25-23.58.20:160][213]LogAudio: Display: Audio Reverb Plugin: None (built-in).
[2025.09.25-23.58.20:160][213]LogAudio: Display: Audio Occlusion Plugin: None (built-in).
[2025.09.25-23.58.20:160][213]LogAudioMixer: Display: Initializing audio mixer.
[2025.09.25-23.58.20:163][213]LogAudioMixer: Display: 0: FrontLeft
[2025.09.25-23.58.20:163][213]LogAudioMixer: Display: 1: FrontRight
[2025.09.25-23.58.20:170][213]LogAudioMixer: Display: Using Audio Device Auriculares (QS-8510 Stereo)
[2025.09.25-23.58.20:170][213]LogAudioMixer: Display: Initializing Sound Submixes...
[2025.09.25-23.58.20:170][213]LogAudioMixer: Display: Creating Master Submix 'MasterSubmixDefault'
[2025.09.25-23.58.20:170][213]LogAudioMixer: Display: Creating Master Submix 'MasterReverbSubmixDefault'
[2025.09.25-23.58.20:171][213]LogAudioMixer: Display: Creating Master Submix 'MasterEQSubmixDefault'
[2025.09.25-23.58.20:171][213]LogAudioMixer: FMixerPlatformXAudio2::StartAudioStream() called
[2025.09.25-23.58.20:171][213]LogAudioMixer: Display: Output buffers initialized: Frames=1024, Channels=2, Samples=2048
[2025.09.25-23.58.20:172][213]LogAudioMixer: Display: Starting AudioMixerPlatformInterface::RunInternal()
[2025.09.25-23.58.20:172][213]LogAudioMixer: Display: FMixerPlatformXAudio2::SubmitBuffer() called for the first time
[2025.09.25-23.58.20:172][213]LogInit: FAudioDevice initialized.
[2025.09.25-23.58.20:172][213]LogAudio: Display: Audio Device (ID: 3) registered with world 'ThirdPersonExampleMap'.
[2025.09.25-23.58.20:182][213]LogLoad: Game class is 'BP_GameMode_C'
[2025.09.25-23.58.20:183][213]LogWorld: Bringing World /Game/ThirdPersonBP/Maps/UEDPIE_0_ThirdPersonExampleMap.ThirdPersonExampleMap up for play (max tick rate 0) at 2025.09.25-17.58.20
[2025.09.25-23.58.20:184][213]LogWorld: Bringing up level for play took: 0.001193
[2025.09.25-23.58.20:184][213]LogOnline: OSS: Creating online subsystem instance for: :Context_3
[2025.09.25-23.58.20:186][213]PIE: El servidor ha iniciado la sesión
[2025.09.25-23.58.20:186][213]PIE: Play in editor total start time 0.054 seconds.
[2025.09.25-23.58.22:930][515]LogSlate: Updating window title bar state: overlay mode, drag disabled, window buttons hidden, title bar hidden
[2025.09.25-23.58.22:931][515]LogWorld: BeginTearingDown for /Game/ThirdPersonBP/Maps/UEDPIE_0_ThirdPersonExampleMap
[2025.09.25-23.58.22:931][515]LogWorld: UWorld::CleanupWorld for ThirdPersonExampleMap, bSessionEnded=true, bCleanupResources=true
[2025.09.25-23.58.22:931][515]LogSlate: InvalidateAllWidgets triggered.  All widgets were invalidated
[2025.09.25-23.58.22:940][515]LogPlayLevel: Display: Shutting down PIE online subsystems
[2025.09.25-23.58.22:947][515]LogSlate: InvalidateAllWidgets triggered.  All widgets were invalidated
[2025.09.25-23.58.22:958][515]LogSlate: Updating window title bar state: overlay mode, drag disabled, window buttons hidden, title bar hidden
[2025.09.25-23.58.22:958][515]LogAudioMixer: FMixerPlatformXAudio2::StopAudioStream() called
[2025.09.25-23.58.22:959][515]LogAudioMixer: FMixerPlatformXAudio2::StopAudioStream() called
[2025.09.25-23.58.22:963][515]LogUObjectHash: Compacting FUObjectHashTables data took   1.39ms
[2025.09.25-23.58.22:982][516]LogPlayLevel: Display: Destroying online subsystem :Context_3
[2025.09.25-23.58.26:687][946]LogEditorViewport: Clicking on Actor (LMB): BP_Sky_Sphere_C (SkySphereBlueprint)
[2025.09.25-23.58.27:662][ 61]LogEditorViewport: Clicking on Actor (LMB): BP_Sky_Sphere_C (SkySphereBlueprint)
[2025.09.25-23.58.29:141][236]LogEditorViewport: Clicking on Actor (LMB): BP_Sky_Sphere_C (SkySphereBlueprint)
[2025.09.25-23.58.29:631][294]LogEditorViewport: Clicking on Actor (LMB): BP_Sky_Sphere_C (SkySphereBlueprint)
[2025.09.25-23.58.30:096][349]LogEditorViewport: Clicking on Actor (LMB): BP_Sky_Sphere_C (SkySphereBlueprint)
[2025.09.25-23.58.30:971][453]LogEditorViewport: Clicking on Actor (LMB): StaticMeshActor (Floor)
[2025.09.25-23.58.31:615][526]LogEditorViewport: Clicking on Actor (LMB): StaticMeshActor (Wall9)
[2025.09.25-23.58.34:140][826]LogEditorViewport: Clicking on Actor (LMB): BP_Sky_Sphere_C (SkySphereBlueprint)
[2025.09.25-23.58.34:801][903]LogEditorViewport: Clicking on Actor (LMB): BP_Sky_Sphere_C (SkySphereBlueprint)
[2025.09.25-23.58.42:365][804]LogEditorViewport: Clicking on Actor (LMB): StaticMeshActor (Floor)
[2025.09.25-23.58.43:357][920]LogEditorViewport: Clicking on Actor (LMB): BP_Sky_Sphere_C (SkySphereBlueprint)
[2025.09.25-23.58.55:344][351]LogSlate: Took 0.000140 seconds to synchronously load lazily loaded font '../../../Engine/Content/Slate/Fonts/Roboto-Light.ttf' (167K)
[2025.09.25-23.58.57:925][653]LogUObjectHash: Compacting FUObjectHashTables data took   1.40ms
[2025.09.25-23.59.04:006][653]LogSlate: Window 'Guardar contenido' being destroyed
[2025.09.25-23.59.04:051][653]LogSlate: Window 'TasteOfMadness - Unreal Editor' being destroyed
[2025.09.25-23.59.04:141][654]Cmd: QUIT_EDITOR
[2025.09.25-23.59.04:141][654]LogCore: Engine exit requested (reason: UUnrealEdEngine::CloseEditor())
[2025.09.25-23.59.04:144][654]LogCore: Engine exit requested (reason: EngineExit() was called; note: exit was already requested)
[2025.09.25-23.59.04:971][654]LogAudio: Display: Beginning Audio Device Manager Shutdown (Module: AudioMixerXAudio2)...
[2025.09.25-23.59.04:971][654]LogAudio: Display: Destroying 1 Remaining Audio Device(s)...
[2025.09.25-23.59.04:971][654]LogAudio: Display: Audio Device unregistered from world 'ThirdPersonExampleMap'.
[2025.09.25-23.59.04:971][654]LogAudioMixer: FMixerPlatformXAudio2::StopAudioStream() called
[2025.09.25-23.59.04:972][654]LogAudioMixer: FMixerPlatformXAudio2::StopAudioStream() called
[2025.09.25-23.59.04:974][654]LogAudio: Display: Audio Device Manager Shutdown
[2025.09.25-23.59.04:975][654]LogWindowsTextInputMethodSystem: Display: IME system deactivated.
[2025.09.25-23.59.04:978][654]LogExit: Preparing to exit.
[2025.09.25-23.59.05:375][654]LogUObjectHash: Compacting FUObjectHashTables data took   1.50ms
[2025.09.25-23.59.05:471][654]LogWorld: UWorld::CleanupWorld for World_2, bSessionEnded=true, bCleanupResources=true
[2025.09.25-23.59.05:473][654]LogWorld: UWorld::CleanupWorld for World_1, bSessionEnded=true, bCleanupResources=true
[2025.09.25-23.59.05:514][654]LogDemo: Cleaned up 0 splitscreen connections with owner deletion
[2025.09.25-23.59.05:517][654]LogWorld: UWorld::CleanupWorld for None, bSessionEnded=true, bCleanupResources=true
[2025.09.25-23.59.05:517][654]LogExit: Editor shut down
[2025.09.25-23.59.05:517][654]LogExit: Transaction tracking system shut down
[2025.09.25-23.59.05:814][654]LogExit: Object subsystem successfully closed.
[2025.09.25-23.59.05:829][654]LogShaderCompilers: Display: === FShaderJobCache stats ===
[2025.09.25-23.59.05:829][654]LogShaderCompilers: Display: Total job queries 0, among them cache hits 0 (0.00%)
[2025.09.25-23.59.05:829][654]LogShaderCompilers: Display: Tracking 0 distinct input hashes that result in 0 distinct outputs (0.00%)
[2025.09.25-23.59.05:829][654]LogShaderCompilers: Display: RAM used: 0.00 MB (0.00 GB) of 1228.80 MB (1.20 GB) budget. Usage: 0.00%
[2025.09.25-23.59.05:829][654]LogShaderCompilers: Display: ================================================
[2025.09.25-23.59.05:839][654]LogShaderCompilers: Display: Shaders left to compile 0
[2025.09.25-23.59.05:848][654]LogModuleManager: Shutting down and abandoning module BlueprintGraph (876)
[2025.09.25-23.59.05:848][654]LogModuleManager: Shutting down and abandoning module MovieSceneCapture (874)
[2025.09.25-23.59.05:848][654]LogModuleManager: Shutting down and abandoning module Voice (872)
[2025.09.25-23.59.05:848][654]LogModuleManager: Shutting down and abandoning module HierarchicalLODOutliner (870)
[2025.09.25-23.59.05:848][654]LogModuleManager: Shutting down and abandoning module SceneOutliner (868)
[2025.09.25-23.59.05:848][654]LogModuleManager: Shutting down and abandoning module AddContentDialog (866)
[2025.09.25-23.59.05:848][654]LogModuleManager: Shutting down and abandoning module WidgetCarousel (865)
[2025.09.25-23.59.05:848][654]LogModuleManager: Shutting down and abandoning module EditorWidgets (862)
[2025.09.25-23.59.05:848][654]LogModuleManager: Shutting down and abandoning module StatsViewer (860)
[2025.09.25-23.59.05:848][654]LogModuleManager: Shutting down and abandoning module PIEPreviewDeviceProfileSelector (858)
[2025.09.25-23.59.05:848][654]LogModuleManager: Shutting down and abandoning module SequenceRecorderSections (856)
[2025.09.25-23.59.05:848][654]LogModuleManager: Shutting down and abandoning module AutomationWorker (854)
[2025.09.25-23.59.05:848][654]LogModuleManager: Shutting down and abandoning module SteamVREditor (852)
[2025.09.25-23.59.05:848][654]LogModuleManager: Shutting down and abandoning module OculusMR (850)
[2025.09.25-23.59.05:848][654]LogModuleManager: Shutting down and abandoning module MagicLeapMediaCodecFactory (848)
[2025.09.25-23.59.05:849][654]LogModuleManager: Shutting down and abandoning module MagicLeapMediaFactory (846)
[2025.09.25-23.59.05:849][654]LogModuleManager: Shutting down and abandoning module MagicLeapMediaEditor (844)
[2025.09.25-23.59.05:849][654]LogModuleManager: Shutting down and abandoning module TakeRecorderSources (842)
[2025.09.25-23.59.05:849][654]LogModuleManager: Shutting down and abandoning module TakeRecorder (841)
[2025.09.25-23.59.05:849][654]LogModuleManager: Shutting down and abandoning module TakeTrackRecorders (838)
[2025.09.25-23.59.05:849][654]LogModuleManager: Shutting down and abandoning module TakesCore (836)
[2025.09.25-23.59.05:849][654]LogModuleManager: Shutting down and abandoning module OpenXRInput (834)
[2025.09.25-23.59.05:849][654]LogModuleManager: Shutting down and abandoning module GooglePADEditor (832)
[2025.09.25-23.59.05:849][654]LogModuleManager: Shutting down and abandoning module AudioCaptureEditor (830)
[2025.09.25-23.59.05:849][654]LogModuleManager: Shutting down and abandoning module WmfMediaFactory (828)
[2025.09.25-23.59.05:849][654]LogModuleManager: Shutting down and abandoning module WmfMediaEditor (826)
[2025.09.25-23.59.05:849][654]LogModuleManager: Shutting down and abandoning module WebMMediaFactory (824)
[2025.09.25-23.59.05:849][654]LogModuleManager: Shutting down and abandoning module WebMMediaEditor (822)
[2025.09.25-23.59.05:849][654]LogModuleManager: Shutting down and abandoning module WebMMedia (820)
[2025.09.25-23.59.05:849][654]LogModuleManager: Shutting down and abandoning module MediaPlayerEditor (818)
[2025.09.25-23.59.05:849][654]LogModuleManager: Shutting down and abandoning module MediaCompositingEditor (816)
[2025.09.25-23.59.05:849][654]LogModuleManager: Shutting down and abandoning module SequenceRecorder (815)
[2025.09.25-23.59.05:849][654]LogModuleManager: Shutting down and abandoning module OpenExrWrapper (812)
[2025.09.25-23.59.05:849][654]LogModuleManager: Shutting down and abandoning module ImgMediaFactory (810)
[2025.09.25-23.59.05:849][654]LogModuleManager: Shutting down and abandoning module ImgMediaEditor (808)
[2025.09.25-23.59.05:849][654]LogModuleManager: Shutting down and abandoning module AvfMediaFactory (806)
[2025.09.25-23.59.05:849][654]LogModuleManager: Shutting down and abandoning module AvfMediaEditor (804)
[2025.09.25-23.59.05:849][654]LogModuleManager: Shutting down and abandoning module TemplateSequenceEditor (802)
[2025.09.25-23.59.05:849][654]LogModuleManager: Shutting down and abandoning module LevelSequenceEditor (800)
[2025.09.25-23.59.05:849][654]LogModuleManager: Shutting down and abandoning module MatineeToLevelSequence (798)
[2025.09.25-23.59.05:849][654]LogModuleManager: Shutting down and abandoning module AndroidMediaFactory (796)
[2025.09.25-23.59.05:849][654]LogModuleManager: Shutting down and abandoning module AndroidMediaEditor (794)
[2025.09.25-23.59.05:849][654]LogModuleManager: Shutting down and abandoning module ActorSequenceEditor (792)
[2025.09.25-23.59.05:849][654]LogModuleManager: Shutting down and abandoning module PlanarCut (790)
[2025.09.25-23.59.05:849][654]LogModuleManager: Shutting down and abandoning module CharacterAI (788)
[2025.09.25-23.59.05:849][654]LogModuleManager: Shutting down and abandoning module TextureAlignMode (786)
[2025.09.25-23.59.05:849][654]LogModuleManager: Shutting down and abandoning module BspMode (784)
[2025.09.25-23.59.05:849][654]LogModuleManager: Shutting down and abandoning module GeometryMode (782)
[2025.09.25-23.59.05:849][654]LogModuleManager: Shutting down and abandoning module CameraShakePreviewer (780)
[2025.09.25-23.59.05:849][654]LogModuleManager: Shutting down and abandoning module SmartSnapping (778)
[2025.09.25-23.59.05:849][654]LogModuleManager: Shutting down and abandoning module SessionServices (776)
[2025.09.25-23.59.05:849][654]LogModuleManager: Shutting down and abandoning module MeshPaint (774)
[2025.09.25-23.59.05:849][654]LogModuleManager: Shutting down and abandoning module VirtualTexturingEditor (772)
[2025.09.25-23.59.05:849][654]LogModuleManager: Shutting down and abandoning module FoliageEdit (770)
[2025.09.25-23.59.05:849][654]LogModuleManager: Shutting down and abandoning module LandscapeEditor (768)
[2025.09.25-23.59.05:849][654]LogModuleManager: Shutting down and abandoning module MeshPaintMode (766)
[2025.09.25-23.59.05:849][654]LogModuleManager: Shutting down and abandoning module SceneDepthPickerMode (764)
[2025.09.25-23.59.05:849][654]LogModuleManager: Shutting down and abandoning module ActorPickerMode (762)
[2025.09.25-23.59.05:849][654]LogModuleManager: Shutting down and abandoning module PlacementMode (760)
[2025.09.25-23.59.05:849][654]LogModuleManager: Shutting down and abandoning module ViewportSnapping (758)
[2025.09.25-23.59.05:849][654]LogModuleManager: Shutting down and abandoning module ViewportInteraction (756)
[2025.09.25-23.59.05:849][654]LogModuleManager: Shutting down and abandoning module ClothPainter (754)
[2025.09.25-23.59.05:849][654]LogModuleManager: Shutting down and abandoning module SkeletalMeshEditor (753)
[2025.09.25-23.59.05:849][654]LogModuleManager: Shutting down and abandoning module LogVisualizer (750)
[2025.09.25-23.59.05:849][654]LogModuleManager: Shutting down and abandoning module IntroTutorials (748)
[2025.09.25-23.59.05:849][654]LogModuleManager: Shutting down and abandoning module GameProjectGeneration (747)
[2025.09.25-23.59.05:850][654]LogModuleManager: Shutting down and abandoning module LuminPlatformEditor (744)
[2025.09.25-23.59.05:850][654]LogModuleManager: Shutting down and abandoning module IOSPlatformEditor (742)
[2025.09.25-23.59.05:850][654]LogModuleManager: Shutting down and abandoning module AndroidPlatformEditor (740)
[2025.09.25-23.59.05:850][654]LogModuleManager: Shutting down and abandoning module AndroidDeviceDetection (739)
[2025.09.25-23.59.06:320][654]LogModuleManager: Shutting down and abandoning module WindowsPlatformEditor (736)
[2025.09.25-23.59.06:320][654]LogModuleManager: Shutting down and abandoning module LuminRuntimeSettings (734)
[2025.09.25-23.59.06:320][654]LogModuleManager: Shutting down and abandoning module IOSRuntimeSettings (732)
[2025.09.25-23.59.06:320][654]LogModuleManager: Shutting down and abandoning module AndroidRuntimeSettings (730)
[2025.09.25-23.59.06:320][654]LogModuleManager: Shutting down and abandoning module TraceInsights (728)
[2025.09.25-23.59.06:320][654]MemoryProfiler: Shutdown
[2025.09.25-23.59.06:320][654]NetworkingProfiler: Shutdown
[2025.09.25-23.59.06:320][654]LoadingProfiler: Shutdown
[2025.09.25-23.59.06:320][654]TimingProfiler: Shutdown
[2025.09.25-23.59.06:320][654]LogModuleManager: Shutting down and abandoning module TraceServices (727)
[2025.09.25-23.59.06:320][654]LogModuleManager: Shutting down and abandoning module EditorInteractiveToolsFramework (724)
[2025.09.25-23.59.06:320][654]LogModuleManager: Shutting down and abandoning module TimeManagementEditor (722)
[2025.09.25-23.59.06:320][654]LogModuleManager: Shutting down and abandoning module InputBindingEditor (720)
[2025.09.25-23.59.06:320][654]LogModuleManager: Shutting down and abandoning module MergeActors (718)
[2025.09.25-23.59.06:320][654]LogModuleManager: Shutting down and abandoning module LocalizationDashboard (716)
[2025.09.25-23.59.06:320][654]LogModuleManager: Shutting down and abandoning module LocalizationService (715)
[2025.09.25-23.59.06:320][654]LogModuleManager: Shutting down and abandoning module HardwareTargeting (712)
[2025.09.25-23.59.06:320][654]LogModuleManager: Shutting down and abandoning module DeviceProfileEditor (710)
[2025.09.25-23.59.06:320][654]LogModuleManager: Shutting down and abandoning module UndoHistory (708)
[2025.09.25-23.59.06:320][654]LogModuleManager: Shutting down and abandoning module XmlParser (706)
[2025.09.25-23.59.06:321][654]LogModuleManager: Shutting down and abandoning module Blutility (704)
[2025.09.25-23.59.06:321][654]LogModuleManager: Shutting down and abandoning module ProjectSettingsViewer (702)
[2025.09.25-23.59.06:321][654]LogModuleManager: Shutting down and abandoning module ProjectTargetPlatformEditor (701)
[2025.09.25-23.59.06:321][654]LogModuleManager: Shutting down and abandoning module EditorSettingsViewer (698)
[2025.09.25-23.59.06:321][654]LogModuleManager: Shutting down and abandoning module InternationalizationSettings (697)
[2025.09.25-23.59.06:321][654]LogModuleManager: Shutting down and abandoning module SettingsEditor (694)
[2025.09.25-23.59.06:321][654]LogModuleManager: Shutting down and abandoning module ProjectLauncher (692)
[2025.09.25-23.59.06:321][654]LogModuleManager: Shutting down and abandoning module SessionFrontend (690)
[2025.09.25-23.59.06:321][654]LogModuleManager: Shutting down and abandoning module ProfilerClient (688)
[2025.09.25-23.59.06:321][654]LogModuleManager: Shutting down and abandoning module DeviceManager (686)
[2025.09.25-23.59.06:321][654]LogModuleManager: Shutting down and abandoning module TargetDeviceServices (685)
[2025.09.25-23.59.06:354][654]LogModuleManager: Shutting down and abandoning module AutomationController (682)
[2025.09.25-23.59.06:354][654]LogModuleManager: Shutting down and abandoning module AutomationWindow (680)
[2025.09.25-23.59.06:354][654]LogModuleManager: Shutting down and abandoning module Layers (678)
[2025.09.25-23.59.06:354][654]LogModuleManager: Shutting down and abandoning module ComponentVisualizers (676)
[2025.09.25-23.59.06:354][654]LogModuleManager: Shutting down and abandoning module DetailCustomizations (674)
[2025.09.25-23.59.06:354][654]LogModuleManager: Shutting down and abandoning module PackagesDialog (672)
[2025.09.25-23.59.06:354][654]LogModuleManager: Shutting down and abandoning module AnimationBlueprintEditor (670)
[2025.09.25-23.59.06:354][654]LogModuleManager: Shutting down and abandoning module Persona (668)
[2025.09.25-23.59.06:354][654]LogModuleManager: Shutting down and abandoning module AdvancedPreviewScene (667)
[2025.09.25-23.59.06:354][654]LogModuleManager: Shutting down and abandoning module AnimGraph (665)
[2025.09.25-23.59.06:354][654]LogModuleManager: Shutting down and abandoning module Kismet (662)
[2025.09.25-23.59.06:359][654]LogModuleManager: Shutting down and abandoning module KismetWidgets (661)
[2025.09.25-23.59.06:359][654]LogModuleManager: Shutting down and abandoning module GraphEditor (658)
[2025.09.25-23.59.06:359][654]LogModuleManager: Shutting down and abandoning module StructViewer (656)
[2025.09.25-23.59.06:359][654]LogModuleManager: Shutting down and abandoning module ClassViewer (654)
[2025.09.25-23.59.06:359][654]LogModuleManager: Shutting down and abandoning module Toolbox (652)
[2025.09.25-23.59.06:359][654]LogModuleManager: Shutting down and abandoning module ModuleUI (650)
[2025.09.25-23.59.06:359][654]LogModuleManager: Shutting down and abandoning module OutputLog (648)
[2025.09.25-23.59.06:359][654]LogModuleManager: Shutting down and abandoning module GammaUI (646)
[2025.09.25-23.59.06:359][654]LogModuleManager: Shutting down and abandoning module Documentation (644)
[2025.09.25-23.59.06:359][654]LogModuleManager: Shutting down and abandoning module LiveCoding (642)
[2025.09.25-23.59.06:360][654]LogModuleManager: Shutting down and abandoning module LevelSequence (640)
[2025.09.25-23.59.06:360][654]LogModuleManager: Shutting down and abandoning module MovieSceneTracks (638)
[2025.09.25-23.59.06:360][654]LogModuleManager: Shutting down and abandoning module MovieScene (636)
[2025.09.25-23.59.06:360][654]LogModuleManager: Shutting down and abandoning module StreamingPauseRendering (634)
[2025.09.25-23.59.06:360][654]LogModuleManager: Shutting down and abandoning module LauncherPlatform (632)
[2025.09.25-23.59.06:360][654]LogModuleManager: Shutting down and abandoning module AnalyticsET (630)
[2025.09.25-23.59.06:360][654]LogModuleManager: Shutting down and abandoning module PortalServices (628)
[2025.09.25-23.59.06:360][654]LogModuleManager: Shutting down and abandoning module PortalRpc (626)
[2025.09.25-23.59.06:360][654]LogModuleManager: Shutting down and abandoning module MessagingRpc (624)
[2025.09.25-23.59.06:360][654]LogModuleManager: Shutting down and abandoning module AudioMixerXAudio2 (622)
[2025.09.25-23.59.06:360][654]LogModuleManager: Shutting down and abandoning module AudioMixerCore (621)
[2025.09.25-23.59.06:360][654]LogModuleManager: Shutting down and abandoning module AIModule (618)
[2025.09.25-23.59.06:360][654]LogModuleManager: Shutting down and abandoning module GameplayDebugger (617)
[2025.09.25-23.59.06:360][654]LogModuleManager: Shutting down and abandoning module AITestSuite (615)
[2025.09.25-23.59.06:360][654]LogModuleManager: Shutting down and abandoning module NavigationSystem (613)
[2025.09.25-23.59.06:360][654]LogModuleManager: Shutting down and abandoning module ImageWriteQueue (610)
[2025.09.25-23.59.06:363][654]LogModuleManager: Shutting down and abandoning module ProfilerService (608)
[2025.09.25-23.59.06:406][654]LogModuleManager: Shutting down and abandoning module TaskGraph (606)
[2025.09.25-23.59.06:407][654]LogModuleManager: Shutting down and abandoning module AudioSynesthesiaEditor (604)
[2025.09.25-23.59.06:407][654]LogModuleManager: Shutting down and abandoning module OculusEditor (602)
[2025.09.25-23.59.06:407][654]LogModuleManager: Shutting down and abandoning module OculusInput (600)
[2025.09.25-23.59.06:407][654]LogModuleManager: Shutting down and abandoning module ContentBrowserFileDataSource (598)
[2025.09.25-23.59.06:407][654]LogModuleManager: Shutting down and abandoning module ContentBrowserAssetDataSource (596)
[2025.09.25-23.59.06:407][654]LogModuleManager: Shutting down and abandoning module ContentBrowserClassDataSource (594)
[2025.09.25-23.59.06:407][654]LogModuleManager: Shutting down and abandoning module CollectionManager (593)
[2025.09.25-23.59.06:407][654]LogModuleManager: Shutting down and abandoning module MagicLeapLightEstimation (590)
[2025.09.25-23.59.06:407][654]LogModuleManager: Shutting down and abandoning module SpeedTreeImporter (588)
[2025.09.25-23.59.06:407][654]LogModuleManager: Shutting down and abandoning module MagicLeapSharedWorld (586)
[2025.09.25-23.59.06:407][654]LogModuleManager: Shutting down and abandoning module MagicLeapHelperVulkan (584)
[2025.09.25-23.59.06:407][654]LogModuleManager: Shutting down and abandoning module MagicLeapHelperOpenGL (582)
[2025.09.25-23.59.06:407][654]LogModuleManager: Shutting down and abandoning module MagicLeapAudio (580)
[2025.09.25-23.59.06:407][654]LogModuleManager: Shutting down and abandoning module TakeSequencer (578)
[2025.09.25-23.59.06:407][654]LogModuleManager: Shutting down and abandoning module TakeMovieScene (576)
[2025.09.25-23.59.06:407][654]LogModuleManager: Shutting down and abandoning module SynthesisEditor (574)
[2025.09.25-23.59.06:407][654]LogModuleManager: Shutting down and abandoning module Synthesis (572)
[2025.09.25-23.59.06:407][654]LogModuleManager: Shutting down and abandoning module ProceduralMeshComponentEditor (570)
[2025.09.25-23.59.06:407][654]LogModuleManager: Shutting down and abandoning module ProceduralMeshComponent (568)
[2025.09.25-23.59.06:407][654]LogModuleManager: Shutting down and abandoning module ScreenshotTools (566)
[2025.09.25-23.59.06:407][654]LogModuleManager: Shutting down and abandoning module OpenXREditor (564)
[2025.09.25-23.59.06:407][654]LogModuleManager: Shutting down and abandoning module MobilePatchingUtils (562)
[2025.09.25-23.59.06:407][654]LogModuleManager: Shutting down and abandoning module GooglePAD (560)
[2025.09.25-23.59.06:407][654]LogModuleManager: Shutting down and abandoning module EditableMesh (558)
[2025.09.25-23.59.06:407][654]LogModuleManager: Shutting down and abandoning module CustomMeshComponent (556)
[2025.09.25-23.59.06:407][654]LogModuleManager: Shutting down and abandoning module CableComponent (554)
[2025.09.25-23.59.06:407][654]LogModuleManager: Shutting down and abandoning module ArchVisCharacter (552)
[2025.09.25-23.59.06:407][654]LogModuleManager: Shutting down and abandoning module AudioCapture (550)
[2025.09.25-23.59.06:407][654]LogModuleManager: Shutting down and abandoning module AudioCaptureRtAudio (549)
[2025.09.25-23.59.06:407][654]LogModuleManager: Shutting down and abandoning module AssetTags (546)
[2025.09.25-23.59.06:407][654]LogModuleManager: Shutting down and abandoning module AppleImageUtilsBlueprintSupport (544)
[2025.09.25-23.59.06:407][654]LogModuleManager: Shutting down and abandoning module AppleImageUtils (542)
[2025.09.25-23.59.06:407][654]LogModuleManager: Shutting down and abandoning module AndroidPermission (540)
[2025.09.25-23.59.06:407][654]LogModuleManager: Shutting down and abandoning module ActorLayerUtilitiesEditor (538)
[2025.09.25-23.59.06:407][654]LogModuleManager: Shutting down and abandoning module ActorLayerUtilities (536)
[2025.09.25-23.59.06:407][654]LogModuleManager: Shutting down and abandoning module MediaCompositing (534)
[2025.09.25-23.59.06:407][654]LogModuleManager: Shutting down and abandoning module ImgMedia (532)
[2025.09.25-23.59.06:407][654]LogModuleManager: Shutting down and abandoning module TemplateSequence (530)
[2025.09.25-23.59.06:407][654]LogModuleManager: Shutting down and abandoning module MotoSynthEditor (528)
[2025.09.25-23.59.06:407][654]LogModuleManager: Shutting down and abandoning module MotoSynth (526)
[2025.09.25-23.59.06:407][654]LogModuleManager: Shutting down and abandoning module OpenImageDenoise (524)
[2025.09.25-23.59.06:407][654]LogOpenImageDenoise: OIDN shutting down
[2025.09.25-23.59.06:407][654]LogModuleManager: Shutting down and abandoning module MeshConversion (522)
[2025.09.25-23.59.06:408][654]LogModuleManager: Shutting down and abandoning module DynamicMesh (520)
[2025.09.25-23.59.06:408][654]LogModuleManager: Shutting down and abandoning module GeometryAlgorithms (518)
[2025.09.25-23.59.06:408][654]LogModuleManager: Shutting down and abandoning module GeometricObjects (516)
[2025.09.25-23.59.06:408][654]LogModuleManager: Shutting down and abandoning module GeometryCollectionTracks (514)
[2025.09.25-23.59.06:408][654]LogModuleManager: Shutting down and abandoning module GeometryCollectionSequencer (513)
[2025.09.25-23.59.06:408][654]LogModuleManager: Shutting down and abandoning module GeometryCollectionEditor (510)
[2025.09.25-23.59.06:408][654]LogModuleManager: Shutting down and abandoning module GeometryCacheTracks (508)
[2025.09.25-23.59.06:408][654]LogModuleManager: Shutting down and abandoning module GeometryCacheStreamer (506)
[2025.09.25-23.59.06:408][654]LogModuleManager: Shutting down and abandoning module GeometryCacheSequencer (504)
[2025.09.25-23.59.06:408][654]LogModuleManager: Shutting down and abandoning module ChaosSolverEditor (502)
[2025.09.25-23.59.06:408][654]LogModuleManager: Shutting down and abandoning module ChaosNiagara (500)
[2025.09.25-23.59.06:408][654]LogModuleManager: Shutting down and abandoning module FractureEditor (498)
[2025.09.25-23.59.06:408][654]LogModuleManager: Shutting down and abandoning module FieldSystemEngine (497)
[2025.09.25-23.59.06:408][654]LogModuleManager: Shutting down and abandoning module ChaosClothEditor (494)
[2025.09.25-23.59.06:408][654]LogModuleManager: Shutting down and abandoning module BackChannel (492)
[2025.09.25-23.59.06:408][654]LogModuleManager: Shutting down and abandoning module AutomationUtilsEditor (490)
[2025.09.25-23.59.06:408][654]LogModuleManager: Shutting down and abandoning module AutomationUtils (488)
[2025.09.25-23.59.06:408][654]LogModuleManager: Shutting down and abandoning module AlembicImporter (486)
[2025.09.25-23.59.06:408][654]LogModuleManager: Shutting down and abandoning module AlembicLibrary (485)
[2025.09.25-23.59.06:408][654]LogModuleManager: Shutting down and abandoning module GeometryCache (484)
[2025.09.25-23.59.06:408][654]LogModuleManager: Shutting down and abandoning module GeometryCacheEd (483)
[2025.09.25-23.59.06:408][654]LogModuleManager: Shutting down and abandoning module VisualStudioSourceCodeAccess (478)
[2025.09.25-23.59.06:408][654]LogModuleManager: Shutting down and abandoning module UObjectPlugin (476)
[2025.09.25-23.59.06:408][654]LogModuleManager: Shutting down and abandoning module VisualStudioCodeSourceCodeAccess (474)
[2025.09.25-23.59.06:408][654]LogModuleManager: Shutting down and abandoning module RiderSourceCodeAccess (472)
[2025.09.25-23.59.06:408][654]LogModuleManager: Shutting down and abandoning module SubversionSourceControl (470)
[2025.09.25-23.59.06:408][654]LogModuleManager: Shutting down and abandoning module PlasticSourceControl (468)
[2025.09.25-23.59.06:408][654]LogModuleManager: Shutting down and abandoning module PluginUtils (466)
[2025.09.25-23.59.06:408][654]LogModuleManager: Shutting down and abandoning module PerforceSourceControl (464)
[2025.09.25-23.59.06:408][654]LogModuleManager: Shutting down and abandoning module GitSourceControl (462)
[2025.09.25-23.59.06:408][654]LogModuleManager: Shutting down and abandoning module SourceControl (461)
[2025.09.25-23.59.06:408][654]LogModuleManager: Shutting down and abandoning module MaterialAnalyzer (458)
[2025.09.25-23.59.06:408][654]LogModuleManager: Shutting down and abandoning module PluginBrowser (456)
[2025.09.25-23.59.06:408][654]LogModuleManager: Shutting down and abandoning module CLionSourceCodeAccess (454)
[2025.09.25-23.59.06:408][654]LogModuleManager: Shutting down and abandoning module MobileLauncherProfileWizard (452)
[2025.09.25-23.59.06:408][654]LogModuleManager: Shutting down and abandoning module AnimationSharingEd (450)
[2025.09.25-23.59.06:408][654]LogModuleManager: Shutting down and abandoning module CurveEditorTools (448)
[2025.09.25-23.59.06:408][654]LogModuleManager: Shutting down and abandoning module LightPropagationVolumeEditor (446)
[2025.09.25-23.59.06:408][654]LogModuleManager: Shutting down and abandoning module CryptoKeysOpenSSL (444)
[2025.09.25-23.59.06:408][654]LogModuleManager: Shutting down and abandoning module CryptoKeys (442)
[2025.09.25-23.59.06:408][654]LogModuleManager: Shutting down and abandoning module VariantManagerContentEditor (440)
[2025.09.25-23.59.06:408][654]LogModuleManager: Shutting down and abandoning module DatasmithContentEditor (438)
[2025.09.25-23.59.06:408][654]LogModuleManager: Shutting down and abandoning module NiagaraEditorWidgets (436)
[2025.09.25-23.59.06:408][654]LogModuleManager: Shutting down and abandoning module OodleNetworkHandlerComponent (434)
[2025.09.25-23.59.06:408][654]LogModuleManager: Shutting down and abandoning module LiveLinkSequencer (432)
[2025.09.25-23.59.06:408][654]LogModuleManager: Shutting down and abandoning module LiveLinkMovieScene (430)
[2025.09.25-23.59.06:408][654]LogModuleManager: Shutting down and abandoning module LiveLinkGraphNode (428)
[2025.09.25-23.59.06:408][654]LogModuleManager: Shutting down and abandoning module LiveLinkEditor (426)
[2025.09.25-23.59.06:408][654]LogModuleManager: Shutting down and abandoning module LiveLinkComponents (424)
[2025.09.25-23.59.06:408][654]LogModuleManager: Shutting down and abandoning module LiveLink (422)
[2025.09.25-23.59.06:483][654]LogModuleManager: Shutting down and abandoning module PaperTiledImporter (420)
[2025.09.25-23.59.06:483][654]LogModuleManager: Shutting down and abandoning module PaperSpriteSheetImporter (418)
[2025.09.25-23.59.06:483][654]LogModuleManager: Shutting down and abandoning module Paper2DEditor (416)
[2025.09.25-23.59.06:483][654]LogModuleManager: Shutting down and abandoning module MeshPaintingToolset (414)
[2025.09.25-23.59.06:483][654]LogModuleManager: Shutting down and abandoning module MeshPaintEditorMode (412)
[2025.09.25-23.59.06:483][654]LogModuleManager: Shutting down and abandoning module MagicLeapARPin (410)
[2025.09.25-23.59.06:483][654]LogModuleManager: Shutting down and abandoning module MagicLeapHandMeshing (408)
[2025.09.25-23.59.06:483][654]LogModuleManager: Shutting down and abandoning module MagicLeapSecureStorage (406)
[2025.09.25-23.59.06:483][654]LogModuleManager: Shutting down and abandoning module MagicLeapPrivileges (404)
[2025.09.25-23.59.06:483][654]LogModuleManager: Shutting down and abandoning module MagicLeapPlanes (402)
[2025.09.25-23.59.06:483][654]LogMagicLeapPlanes: Planes tracker already destroyed.
[2025.09.25-23.59.06:483][654]LogModuleManager: Shutting down and abandoning module MagicLeapImageTracker (400)
[2025.09.25-23.59.06:483][654]LogModuleManager: Shutting down and abandoning module MagicLeapIdentity (398)
[2025.09.25-23.59.06:483][654]LogModuleManager: Shutting down and abandoning module MagicLeapHandTracking (396)
[2025.09.25-23.59.06:483][654]LogModuleManager: Shutting down and abandoning module MagicLeapEyeTracker (394)
[2025.09.25-23.59.06:483][654]LogModuleManager: Shutting down and abandoning module MagicLeapController (392)
[2025.09.25-23.59.06:483][654]LogModuleManager: Shutting down and abandoning module MagicLeapARPinImpl (390)
[2025.09.25-23.59.06:483][654]LogModuleManager: Shutting down and abandoning module MagicLeapAR (388)
[2025.09.25-23.59.06:483][654]LogModuleManager: Shutting down and abandoning module RuntimePhysXCooking (386)
[2025.09.25-23.59.06:483][654]LogModuleManager: Shutting down and abandoning module SignificanceManager (384)
[2025.09.25-23.59.06:483][654]LogModuleManager: Shutting down and abandoning module SoundFields (382)
[2025.09.25-23.59.06:483][654]LogModuleManager: Shutting down and abandoning module PropertyAccessEditor (380)
[2025.09.25-23.59.06:483][654]LogModuleManager: Shutting down and abandoning module PhysXVehiclesEditor (378)
[2025.09.25-23.59.06:483][654]LogModuleManager: Shutting down and abandoning module LocationServicesBPLibrary (374)
[2025.09.25-23.59.06:483][654]LogModuleManager: Shutting down and abandoning module AudioSynesthesia (372)
[2025.09.25-23.59.06:483][654]LogModuleManager: Shutting down and abandoning module AudioSynesthesiaCore (370)
[2025.09.25-23.59.06:483][654]LogModuleManager: Shutting down and abandoning module ImgMediaEngine (368)
[2025.09.25-23.59.06:483][654]LogModuleManager: Shutting down and abandoning module UdpMessaging (366)
[2025.09.25-23.59.06:584][654]LogModuleManager: Shutting down and abandoning module TcpMessaging (364)
[2025.09.25-23.59.06:685][654]LogModuleManager: Shutting down and abandoning module ActorSequence (362)
[2025.09.25-23.59.06:685][654]LogModuleManager: Shutting down and abandoning module PythonScriptPlugin (360)
[2025.09.25-23.59.06:685][654]LogModuleManager: Shutting down and abandoning module PropertyAccessNode (358)
[2025.09.25-23.59.06:685][654]LogModuleManager: Shutting down and abandoning module AnimationSharing (356)
[2025.09.25-23.59.06:685][654]LogModuleManager: Shutting down and abandoning module GameplayTagsEditor (354)
[2025.09.25-23.59.06:685][654]LogModuleManager: Shutting down and abandoning module FacialAnimationEditor (352)
[2025.09.25-23.59.06:685][654]LogModuleManager: Shutting down and abandoning module FacialAnimation (350)
[2025.09.25-23.59.06:685][654]LogModuleManager: Shutting down and abandoning module LightPropagationVolumeRuntime (348)
[2025.09.25-23.59.06:685][654]LogModuleManager: Shutting down and abandoning module DataValidation (346)
[2025.09.25-23.59.06:685][654]LogModuleManager: Shutting down and abandoning module NiagaraAnimNotifies (344)
[2025.09.25-23.59.06:685][654]LogModuleManager: Shutting down and abandoning module Niagara (342)
[2025.09.25-23.59.06:685][654]LogModuleManager: Shutting down and abandoning module SignalProcessing (341)
[2025.09.25-23.59.06:685][654]LogModuleManager: Shutting down and abandoning module NiagaraEditor (339)
[2025.09.25-23.59.06:685][654]LogModuleManager: Shutting down and abandoning module NiagaraCore (336)
[2025.09.25-23.59.06:685][654]LogModuleManager: Shutting down and abandoning module GameplayCameras (334)
[2025.09.25-23.59.06:685][654]LogModuleManager: Shutting down and abandoning module AssetManagerEditor (332)
[2025.09.25-23.59.06:685][654]LogModuleManager: Shutting down and abandoning module LevelEditor (331)
[2025.09.25-23.59.06:686][654]LogModuleManager: Shutting down and abandoning module PixelInspectorModule (330)
[2025.09.25-23.59.06:686][654]LogModuleManager: Shutting down and abandoning module CommonMenuExtensions (328)
[2025.09.25-23.59.06:686][654]LogModuleManager: Shutting down and abandoning module MainFrame (326)
[2025.09.25-23.59.06:686][654]LogModuleManager: Shutting down and abandoning module HotReload (325)
[2025.09.25-23.59.06:687][654]LogModuleManager: Shutting down and abandoning module ToolMenus (321)
[2025.09.25-23.59.06:687][654]LogModuleManager: Shutting down and abandoning module ContentBrowser (319)
[2025.09.25-23.59.06:687][654]LogModuleManager: Shutting down and abandoning module ContentBrowserData (318)
[2025.09.25-23.59.06:687][654]LogModuleManager: Shutting down and abandoning module TreeMap (315)
[2025.09.25-23.59.06:687][654]LogModuleManager: Shutting down and abandoning module EnvironmentQueryEditor (312)
[2025.09.25-23.59.06:687][654]LogModuleManager: Shutting down and abandoning module Paper2D (310)
[2025.09.25-23.59.06:687][654]LogModuleManager: Shutting down and abandoning module WindowsMoviePlayer (308)
[2025.09.25-23.59.06:688][654]LogModuleManager: Shutting down and abandoning module WebMMoviePlayer (306)
[2025.09.25-23.59.06:688][654]LogModuleManager: Shutting down and abandoning module NetworkReplayStreaming (304)
[2025.09.25-23.59.06:688][654]LogModuleManager: Shutting down and abandoning module PacketHandler (302)
[2025.09.25-23.59.06:688][654]LogModuleManager: Shutting down and abandoning module ClothingSystemEditor (300)
[2025.09.25-23.59.06:688][654]LogModuleManager: Shutting down and abandoning module ClothingSystemRuntimeNv (298)
[2025.09.25-23.59.06:688][654]LogModuleManager: Shutting down and abandoning module MediaAssets (296)
[2025.09.25-23.59.06:688][654]LogModuleManager: Shutting down and abandoning module Overlay (294)
[2025.09.25-23.59.06:688][654]LogModuleManager: Shutting down and abandoning module OverlayEditor (293)
[2025.09.25-23.59.06:688][654]LogModuleManager: Shutting down and abandoning module VREditor (290)
[2025.09.25-23.59.06:688][654]LogModuleManager: Shutting down and abandoning module StringTableEditor (288)
[2025.09.25-23.59.06:688][654]LogModuleManager: Shutting down and abandoning module GameplayTasksEditor (286)
[2025.09.25-23.59.06:688][654]LogModuleManager: Shutting down and abandoning module BehaviorTreeEditor (284)
[2025.09.25-23.59.06:688][654]LogModuleManager: Shutting down and abandoning module FunctionalTesting (282)
[2025.09.25-23.59.06:688][654]LogModuleManager: Shutting down and abandoning module CollisionAnalyzer (280)
[2025.09.25-23.59.06:688][654]LogModuleManager: Shutting down and abandoning module WorkspaceMenuStructure (279)
[2025.09.25-23.59.06:688][654]LogModuleManager: Shutting down and abandoning module UMG (276)
[2025.09.25-23.59.06:688][654]LogModuleManager: Shutting down and abandoning module UMGEditor (275)
[2025.09.25-23.59.06:688][654]LogModuleManager: Shutting down and abandoning module MessageLog (273)
[2025.09.25-23.59.06:688][654]LogModuleManager: Shutting down and abandoning module SlateReflector (268)
[2025.09.25-23.59.06:688][654]LogModuleManager: Shutting down and abandoning module Slate (266)
[2025.09.25-23.59.06:688][654]LogModuleManager: Shutting down and abandoning module SlateCore (264)
[2025.09.25-23.59.06:689][654]LogModuleManager: Shutting down and abandoning module LandscapeEditorUtilities (262)
[2025.09.25-23.59.06:689][654]LogModuleManager: Shutting down and abandoning module UnrealEd (260)
[2025.09.25-23.59.06:689][654]LogModuleManager: Shutting down and abandoning module MRMesh (258)
[2025.09.25-23.59.06:689][654]LogModuleManager: Shutting down and abandoning module SourceCodeAccess (256)
[2025.09.25-23.59.06:689][654]LogModuleManager: Shutting down and abandoning module HeadMountedDisplay (254)
[2025.09.25-23.59.06:689][654]LogModuleManager: Shutting down and abandoning module XAudio2 (252)
[2025.09.25-23.59.06:689][654]LogModuleManager: Shutting down and abandoning module Networking (250)
[2025.09.25-23.59.06:689][654]LogModuleManager: Shutting down and abandoning module Core (248)
[2025.09.25-23.59.06:689][654]LogModuleManager: Shutting down and abandoning module MaterialEditor (246)
[2025.09.25-23.59.06:689][654]LogModuleManager: Shutting down and abandoning module MovieSceneTools (244)
[2025.09.25-23.59.06:689][654]LogModuleManager: Shutting down and abandoning module CurveEditor (243)
[2025.09.25-23.59.06:689][654]LogModuleManager: Shutting down and abandoning module Sequencer (241)
[2025.09.25-23.59.06:689][654]LogModuleManager: Shutting down and abandoning module EditorStyle (240)
[2025.09.25-23.59.06:689][654]LogModuleManager: Shutting down and abandoning module KismetCompiler (236)
[2025.09.25-23.59.06:689][654]LogModuleManager: Shutting down and abandoning module MeshBuilder (234)
[2025.09.25-23.59.06:689][654]LogModuleManager: Shutting down and abandoning module MeshUtilities (232)
[2025.09.25-23.59.06:689][654]LogModuleManager: Shutting down and abandoning module MeshMergeUtilities (231)
[2025.09.25-23.59.06:689][654]LogModuleManager: Shutting down and abandoning module MeshReductionInterface (230)
[2025.09.25-23.59.06:689][654]LogModuleManager: Shutting down and abandoning module MeshBoneReduction (229)
[2025.09.25-23.59.06:689][654]LogModuleManager: Shutting down and abandoning module SkeletalMeshReduction (227)
[2025.09.25-23.59.06:689][654]LogModuleManager: Shutting down and abandoning module ProxyLODMeshReduction (225)
[2025.09.25-23.59.06:689][654]LogModuleManager: Shutting down and abandoning module QuadricMeshReduction (223)
[2025.09.25-23.59.06:690][654]LogModuleManager: Shutting down and abandoning module MaterialBaking (219)
[2025.09.25-23.59.06:690][654]LogModuleManager: Shutting down and abandoning module NullInstallBundleManager (214)
[2025.09.25-23.59.06:690][654]LogModuleManager: Shutting down and abandoning module DerivedDataCache (212)
[2025.09.25-23.59.06:690][654]LogModuleManager: Shutting down and abandoning module TargetPlatform (210)
[2025.09.25-23.59.06:690][654]LogModuleManager: Shutting down and abandoning module VulkanShaderFormat (209)
[2025.09.25-23.59.06:690][654]LogModuleManager: Shutting down and abandoning module ShaderFormatVectorVM (207)
[2025.09.25-23.59.06:690][654]LogModuleManager: Shutting down and abandoning module ShaderFormatOpenGL (205)
[2025.09.25-23.59.06:690][654]LogModuleManager: Shutting down and abandoning module ShaderFormatD3D (203)
[2025.09.25-23.59.06:690][654]LogModuleManager: Shutting down and abandoning module MetalShaderFormat (201)
[2025.09.25-23.59.06:690][654]LogModuleManager: Shutting down and abandoning module TextureFormatOodle (199)
[2025.09.25-23.59.06:690][654]LogModuleManager: Shutting down and abandoning module TextureFormatUncompressed (197)
[2025.09.25-23.59.06:690][654]LogModuleManager: Shutting down and abandoning module TextureFormatPVR (195)
[2025.09.25-23.59.06:690][654]LogModuleManager: Shutting down and abandoning module TextureFormatETC2 (193)
[2025.09.25-23.59.06:690][654]LogModuleManager: Shutting down and abandoning module TextureFormatDXT (191)
[2025.09.25-23.59.06:690][654]LogModuleManager: Shutting down and abandoning module TextureFormatIntelISPCTexComp (189)
[2025.09.25-23.59.06:690][654]LogModuleManager: Shutting down and abandoning module TextureFormatASTC (187)
[2025.09.25-23.59.06:690][654]LogModuleManager: Shutting down and abandoning module ImageWrapper (186)
[2025.09.25-23.59.06:690][654]LogModuleManager: Shutting down and abandoning module AudioFormatOpus (183)
[2025.09.25-23.59.06:690][654]LogModuleManager: Shutting down and abandoning module AudioFormatOgg (181)
[2025.09.25-23.59.06:690][654]LogModuleManager: Shutting down and abandoning module AudioFormatADPCM (179)
[2025.09.25-23.59.06:690][654]LogModuleManager: Shutting down and abandoning module WindowsServerTargetPlatform (177)
[2025.09.25-23.59.06:690][654]LogModuleManager: Shutting down and abandoning module WindowsClientTargetPlatform (175)
[2025.09.25-23.59.06:690][654]LogModuleManager: Shutting down and abandoning module WindowsTargetPlatform (173)
[2025.09.25-23.59.06:690][654]LogModuleManager: Shutting down and abandoning module WindowsNoEditorTargetPlatform (171)
[2025.09.25-23.59.06:690][654]LogModuleManager: Shutting down and abandoning module TVOSTargetPlatform (169)
[2025.09.25-23.59.06:690][654]LogModuleManager: Shutting down and abandoning module MacServerTargetPlatform (167)
[2025.09.25-23.59.06:690][654]LogModuleManager: Shutting down and abandoning module MacClientTargetPlatform (165)
[2025.09.25-23.59.06:690][654]LogModuleManager: Shutting down and abandoning module MacTargetPlatform (163)
[2025.09.25-23.59.06:690][654]LogModuleManager: Shutting down and abandoning module MacNoEditorTargetPlatform (161)
[2025.09.25-23.59.06:690][654]LogModuleManager: Shutting down and abandoning module LuminTargetPlatform (159)
[2025.09.25-23.59.06:691][654]LogModuleManager: Shutting down and abandoning module LinuxAArch64ServerTargetPlatform (157)
[2025.09.25-23.59.06:691][654]LogModuleManager: Shutting down and abandoning module LinuxAArch64ClientTargetPlatform (155)
[2025.09.25-23.59.06:691][654]LogModuleManager: Shutting down and abandoning module LinuxAArch64NoEditorTargetPlatform (153)
[2025.09.25-23.59.06:691][654]LogModuleManager: Shutting down and abandoning module LinuxServerTargetPlatform (151)
[2025.09.25-23.59.06:691][654]LogModuleManager: Shutting down and abandoning module LinuxClientTargetPlatform (149)
[2025.09.25-23.59.06:691][654]LogModuleManager: Shutting down and abandoning module LinuxNoEditorTargetPlatform (147)
[2025.09.25-23.59.06:691][654]LogModuleManager: Shutting down and abandoning module LinuxTargetPlatform (145)
[2025.09.25-23.59.06:691][654]LogModuleManager: Shutting down and abandoning module Messaging (143)
[2025.09.25-23.59.06:691][654]LogModuleManager: Shutting down and abandoning module IOSTargetPlatform (141)
[2025.09.25-23.59.06:692][654]LogModuleManager: Shutting down and abandoning module AndroidTargetPlatform (139)
[2025.09.25-23.59.06:694][654]LogModuleManager: Shutting down and abandoning module AllDesktopTargetPlatform (137)
[2025.09.25-23.59.06:694][654]LogModuleManager: Shutting down and abandoning module D3D11RHI (134)
[2025.09.25-23.59.06:694][654]LogModuleManager: Shutting down and abandoning module InputCore (132)
[2025.09.25-23.59.06:694][654]LogModuleManager: Shutting down and abandoning module Settings (130)
[2025.09.25-23.59.06:694][654]LogModuleManager: Shutting down and abandoning module DirectoryWatcher (128)
[2025.09.25-23.59.06:694][654]LogModuleManager: Shutting down and abandoning module PhysXCooking (126)
[2025.09.25-23.59.06:694][654]LogModuleManager: Shutting down and abandoning module Chaos (124)
[2025.09.25-23.59.06:694][654]LogModuleManager: Shutting down and abandoning module WindowsPlatformFeatures (122)
[2025.09.25-23.59.06:694][654]LogModuleManager: Shutting down and abandoning module GameplayMediaEncoder (121)
[2025.09.25-23.59.06:694][654]LogModuleManager: Shutting down and abandoning module AVEncoder (120)
[2025.09.25-23.59.06:694][654]LogModuleManager: Shutting down and abandoning module SteamVRInputDevice (116)
[2025.09.25-23.59.06:694][654]LogModuleManager: Shutting down and abandoning module SteamVRInput (114)
[2025.09.25-23.59.06:694][654]LogModuleManager: Shutting down and abandoning module SteamVR (112)
[2025.09.25-23.59.06:694][654]LogHMD: Freeing OpenVRDLLHandle.
[2025.09.25-23.59.06:694][654]LogModuleManager: Shutting down and abandoning module OculusHMD (110)
[2025.09.25-23.59.06:694][654]LogModuleManager: Shutting down and abandoning module MLSDK (108)
[2025.09.25-23.59.06:694][654]LogModuleManager: Shutting down and abandoning module MagicLeap (106)
[2025.09.25-23.59.06:694][654]LogModuleManager: Shutting down and abandoning module OpenXRAR (104)
[2025.09.25-23.59.06:694][654]LogModuleManager: Shutting down and abandoning module AugmentedReality (103)
[2025.09.25-23.59.06:694][654]LogModuleManager: Shutting down and abandoning module OpenXRHandTracking (100)
[2025.09.25-23.59.06:694][654]LogSlate: Slate User Destroyed.  User Index 0, Is Virtual User: 0
[2025.09.25-23.59.06:695][654]LogModuleManager: Shutting down and abandoning module OpenXRHMD (99)
[2025.09.25-23.59.06:695][654]LogModuleManager: Shutting down and abandoning module OpenXREyeTracker (96)
[2025.09.25-23.59.06:695][654]LogModuleManager: Shutting down and abandoning module ExampleDeviceProfileSelector (94)
[2025.09.25-23.59.06:695][654]LogModuleManager: Shutting down and abandoning module ChunkDownloader (92)
[2025.09.25-23.59.06:695][654]LogModuleManager: Shutting down and abandoning module OnlineBlueprintSupport (90)
[2025.09.25-23.59.06:695][654]LogModuleManager: Shutting down and abandoning module LauncherChunkInstaller (86)
[2025.09.25-23.59.06:695][654]LogModuleManager: Shutting down and abandoning module OnlineSubsystem (84)
[2025.09.25-23.59.06:696][654]LogModuleManager: Shutting down and abandoning module XMPP (79)
[2025.09.25-23.59.06:696][654]LogModuleManager: Shutting down and abandoning module WebSockets (78)
[2025.09.25-23.59.06:704][654]LogModuleManager: Shutting down and abandoning module HTTP (75)
[2025.09.25-23.59.06:704][654]LogHttp: Display: Http module shutting down, but needs to wait on 1 outstanding Http requests:
[2025.09.25-23.59.06:704][654]LogHttp: Display: 	verb=[POST] url=[https://datarouter.ol.epicgames.com/datarouter/api/v1/public/data?SessionID=%7B3CA5CDDA-405C-6F2E-0535-80A452CA7A8B%7D&AppID=UEEditor.Rocket.Release&AppVersion=4.27.2-18319896%2B%2B%2BUE4%2BRelease-4.27&UserID=ff613de04445e87a751d3d88f719c9ab%7C92b915b8b6964a98a670edb4ad65aabd%7C0d465c27-dae1-41ae-b75e-4ea01e26faf1&AppEnvironment=datacollector-binary&UploadType=eteventstream] refs=[1] status=Processing
[2025.09.25-23.59.06:704][654]LogHttp: Display: cleaning up 1 outstanding Http requests.
[2025.09.25-23.59.06:732][654]LogModuleManager: Shutting down and abandoning module SSL (74)
[2025.09.25-23.59.06:733][654]LogModuleManager: Shutting down and abandoning module WmfMedia (70)
[2025.09.25-23.59.06:734][654]LogModuleManager: Shutting down and abandoning module Media (69)
[2025.09.25-23.59.06:735][654]LogModuleManager: Shutting down and abandoning module MediaInfo (68)
[2025.09.25-23.59.06:735][654]LogModuleManager: Shutting down and abandoning module ExrReaderGpu (64)
[2025.09.25-23.59.06:735][654]LogModuleManager: Shutting down and abandoning module ChaosCloth (62)
[2025.09.25-23.59.06:735][654]LogModuleManager: Shutting down and abandoning module PixWinPlugin (60)
[2025.09.25-23.59.06:735][654]LogModuleManager: Shutting down and abandoning module VariantManagerContent (58)
[2025.09.25-23.59.06:735][654]LogModuleManager: Shutting down and abandoning module DatasmithContent (56)
[2025.09.25-23.59.06:735][654]LogModuleManager: Shutting down and abandoning module NiagaraVertexFactories (54)
[2025.09.25-23.59.06:735][654]LogModuleManager: Shutting down and abandoning module NiagaraShader (52)
[2025.09.25-23.59.06:735][654]LogModuleManager: Shutting down and abandoning module AISupportModule (50)
[2025.09.25-23.59.06:735][654]LogModuleManager: Shutting down and abandoning module DesktopPlatform (48)
[2025.09.25-23.59.06:735][654]LogModuleManager: Shutting down and abandoning module PythonScriptPluginPreload (46)
[2025.09.25-23.59.06:735][654]LogModuleManager: Shutting down and abandoning module PlatformCryptoOpenSSL (44)
[2025.09.25-23.59.06:735][654]LogModuleManager: Shutting down and abandoning module PlatformCryptoTypes (42)
[2025.09.25-23.59.06:735][654]LogModuleManager: Shutting down and abandoning module PlatformCrypto (40)
[2025.09.25-23.59.06:735][654]LogModuleManager: Shutting down and abandoning module OodleDataCompressionFormat (38)
[2025.09.25-23.59.06:735][654]LogModuleManager: Shutting down and abandoning module XGEController (36)
[2025.09.25-23.59.06:735][654]LogModuleManager: Shutting down and abandoning module AnimationModifiers (34)
[2025.09.25-23.59.06:735][654]LogModuleManager: Shutting down and abandoning module AudioEditor (32)
[2025.09.25-23.59.06:735][654]LogModuleManager: Shutting down and abandoning module PropertyEditor (31)
[2025.09.25-23.59.06:736][654]LogModuleManager: Shutting down and abandoning module TextureCompressor (28)
[2025.09.25-23.59.06:736][654]LogModuleManager: Shutting down and abandoning module RenderCore (26)
[2025.09.25-23.59.06:736][654]LogModuleManager: Shutting down and abandoning module Landscape (24)
[2025.09.25-23.59.06:736][654]LogModuleManager: Shutting down and abandoning module SlateRHIRenderer (22)
[2025.09.25-23.59.06:736][654]LogModuleManager: Shutting down and abandoning module AnimGraphRuntime (20)
[2025.09.25-23.59.06:736][654]LogModuleManager: Shutting down and abandoning module Renderer (18)
[2025.09.25-23.59.06:736][654]LogModuleManager: Shutting down and abandoning module Engine (16)
[2025.09.25-23.59.06:736][654]LogModuleManager: Shutting down and abandoning module CoreUObject (14)
[2025.09.25-23.59.06:736][654]LogModuleManager: Shutting down and abandoning module NetworkFile (12)
[2025.09.25-23.59.06:736][654]LogModuleManager: Shutting down and abandoning module CookedIterativeFile (10)
[2025.09.25-23.59.06:736][654]LogModuleManager: Shutting down and abandoning module StreamingFile (8)
[2025.09.25-23.59.06:736][654]LogModuleManager: Shutting down and abandoning module SandboxFile (6)
[2025.09.25-23.59.06:736][654]LogModuleManager: Shutting down and abandoning module PakFile (4)
[2025.09.25-23.59.06:736][654]LogModuleManager: Shutting down and abandoning module RSA (3)
[2025.09.25-23.59.06:929][654]LogContentStreaming: Display: There are 1 unreleased StreamingManagers
[2025.09.25-23.59.06:944][654]LogD3D11RHI: Shutdown
[2025.09.25-23.59.06:944][654]LogD3D11RHI: CleanupD3DDevice
[2025.09.25-23.59.06:946][654]LogExit: Exiting.
[2025.09.25-23.59.06:955][654]Log file closed, 09/25/25 17:59:06
