Log file open, 10/12/25 10:12:05
LogWindows: Failed to load 'aqProf.dll' (GetLastError=126)
LogWindows: File 'aqProf.dll' does not exist
LogWindows: Failed to load 'VtuneApi.dll' (GetLastError=126)
LogWindows: File 'VtuneApi.dll' does not exist
LogWindows: Failed to load 'VtuneApi32e.dll' (GetLastError=126)
LogWindows: File 'VtuneApi32e.dll' does not exist
LogConsoleResponse: Display: Failed to find resolution value strings in scalability ini. Falling back to default.
LogConsoleResponse: Display: Failed to find resolution value strings in scalability ini. Falling back to default.
LogInit: Display: Running engine for game: TasteOfMadness
LogPlatformFile: Not using cached read wrapper
LogTaskGraph: Started task graph with 5 named threads and 35 total threads with 3 sets of task threads.
LogStats: Stats thread started at 0.193281
LogICUInternationalization: ICU TimeZone Detection - Raw Offset: -6:00, Platform Override: ''
LogInit: Display: Loading text-based GConfig....
LogPluginManager: Mounting plugin XGEController
LogPluginManager: Mounting plugin MeshPainting
LogPluginManager: Mounting plugin AISupport
LogPluginManager: Mounting plugin Paper2D
LogPluginManager: Mounting plugin EnvironmentQueryEditor
LogPluginManager: Mounting plugin LightPropagationVolume
LogPluginManager: Mounting plugin LiveLink
LogPluginManager: Mounting plugin CameraShakePreviewer
LogPluginManager: Mounting plugin AnimationSharing
LogPluginManager: Mounting plugin GameplayCameras
LogPluginManager: Mounting plugin CodeLiteSourceCodeAccess
LogPluginManager: Mounting plugin CLionSourceCodeAccess
LogPluginManager: Mounting plugin GitSourceControl
LogPluginManager: Mounting plugin KDevelopSourceCodeAccess
LogPluginManager: Mounting plugin PixWinPlugin
LogPluginManager: Mounting plugin PerforceSourceControl
LogPluginManager: Mounting plugin NullSourceCodeAccess
LogPluginManager: Mounting plugin PluginUtils
LogPluginManager: Mounting plugin PropertyAccessNode
LogPluginManager: Mounting plugin PlasticSourceControl
LogPluginManager: Mounting plugin RiderSourceCodeAccess
LogPluginManager: Mounting plugin SubversionSourceControl
LogPluginManager: Mounting plugin TextureFormatOodle
LogPluginManager: Mounting plugin OodleData
LogPluginManager: Mounting plugin OodleNetwork
LogPluginManager: Mounting plugin UObjectPlugin
LogPluginManager: Mounting plugin VisualStudioCodeSourceCodeAccess
LogPluginManager: Mounting plugin XCodeSourceCodeAccess
LogPluginManager: Mounting plugin VisualStudioSourceCodeAccess
LogPluginManager: Mounting plugin DatasmithContent
LogPluginManager: Mounting plugin VariantManagerContent
LogPluginManager: Mounting plugin AlembicImporter
LogPluginManager: Mounting plugin AutomationUtils
LogPluginManager: Mounting plugin ChaosCloth
LogPluginManager: Mounting plugin BackChannel
LogPluginManager: Mounting plugin ChaosClothEditor
LogPluginManager: Mounting plugin ChaosEditor
LogPluginManager: Mounting plugin ChaosNiagara
LogPluginManager: Mounting plugin AssetManagerEditor
LogPluginManager: Mounting plugin CryptoKeys
LogPluginManager: Mounting plugin ChaosSolverPlugin
LogPluginManager: Mounting plugin CurveEditorTools
LogPluginManager: Mounting plugin DataValidation
LogPluginManager: Mounting plugin FacialAnimation
LogPluginManager: Mounting plugin GeometryMode
LogPluginManager: Mounting plugin GameplayTagsEditor
LogPluginManager: Mounting plugin MacGraphicsSwitching
LogPluginManager: Mounting plugin PluginBrowser
LogPluginManager: Mounting plugin MaterialAnalyzer
LogPluginManager: Mounting plugin SpeedTreeImporter
LogPluginManager: Mounting plugin TcpMessaging
LogPluginManager: Mounting plugin UdpMessaging
LogPluginManager: Mounting plugin LuminPlatformFeatures
LogPluginManager: Mounting plugin MagicLeap
LogPluginManager: Mounting plugin MagicLeapLightEstimation
LogPluginManager: Mounting plugin MobileLauncherProfileWizard
LogPluginManager: Mounting plugin MagicLeapPassableWorld
LogPluginManager: Mounting plugin ActorSequence
LogPluginManager: Mounting plugin MLSDK
LogPluginManager: Mounting plugin MagicLeapMedia
LogPluginManager: Mounting plugin TemplateSequence
LogPluginManager: Mounting plugin MatineeToLevelSequence
LogPluginManager: Mounting plugin LauncherChunkInstaller
LogPluginManager: Mounting plugin ActorLayerUtilities
LogPluginManager: Mounting plugin AndroidDeviceProfileSelector
LogPluginManager: Mounting plugin AndroidPermission
LogPluginManager: Mounting plugin AndroidMoviePlayer
LogPluginManager: Mounting plugin AppleImageUtils
LogPluginManager: Mounting plugin AppleMoviePlayer
LogPluginManager: Mounting plugin ArchVisCharacter
LogPluginManager: Mounting plugin AssetTags
LogPluginManager: Mounting plugin AudioCapture
LogPluginManager: Mounting plugin AudioSynesthesia
LogPluginManager: Mounting plugin CableComponent
LogPluginManager: Mounting plugin ChunkDownloader
LogPluginManager: Mounting plugin ExampleDeviceProfileSelector
LogPluginManager: Mounting plugin EditableMesh
LogPluginManager: Mounting plugin GoogleCloudMessaging
LogPluginManager: Mounting plugin CustomMeshComponent
LogPluginManager: Mounting plugin GooglePAD
LogPluginManager: Mounting plugin LevelSequenceEditor
LogPluginManager: Mounting plugin OnlineSubsystem
LogPluginManager: Mounting plugin OnlineSubsystemNull
LogPluginManager: Mounting plugin OnlineSubsystemUtils
LogPluginManager: Mounting plugin IOSDeviceProfileSelector
LogPluginManager: Mounting plugin LinuxDeviceProfileSelector
LogPluginManager: Mounting plugin LocationServicesBPLibrary
LogPluginManager: Mounting plugin MobilePatchingUtils
LogPluginManager: Mounting plugin OpenXRHandTracking
LogPluginManager: Mounting plugin OpenXR
LogPluginManager: Mounting plugin OpenXREyeTracker
LogPluginManager: Mounting plugin ProceduralMeshComponent
LogPluginManager: Mounting plugin PhysXVehicles
LogPluginManager: Mounting plugin PropertyAccessEditor
LogPluginManager: Mounting plugin PostSplashScreen
LogPluginManager: Mounting plugin RuntimePhysXCooking
LogPluginManager: Mounting plugin SoundFields
LogPluginManager: Mounting plugin SignificanceManager
LogPluginManager: Mounting plugin Synthesis
LogPluginManager: Mounting plugin WebMMoviePlayer
LogPluginManager: Mounting plugin WindowsMoviePlayer
LogPluginManager: Mounting plugin Takes
LogPluginManager: Mounting plugin ScreenshotTools
LogPluginManager: Mounting plugin CharacterAI
LogPluginManager: Mounting plugin GeometryCache
LogPluginManager: Mounting plugin GeometryProcessing
LogPluginManager: Mounting plugin GeometryCollectionPlugin
LogPluginManager: Mounting plugin OpenImageDenoise
LogPluginManager: Mounting plugin MotoSynth
LogPluginManager: Mounting plugin PlanarCut
LogPluginManager: Mounting plugin PlatformCrypto
LogPluginManager: Mounting plugin ProxyLODPlugin
LogPluginManager: Mounting plugin PythonScriptPlugin
LogPluginManager: Mounting plugin SkeletalReduction
LogPluginManager: Mounting plugin AndroidMedia
LogPluginManager: Mounting plugin AvfMedia
LogPluginManager: Mounting plugin ImgMedia
LogPluginManager: Mounting plugin MediaCompositing
LogPluginManager: Mounting plugin MediaPlayerEditor
LogPluginManager: Mounting plugin WmfMedia
LogPluginManager: Mounting plugin WebMMedia
LogPluginManager: Mounting plugin Niagara
LogPluginManager: Mounting plugin ContentBrowserClassDataSource
LogPluginManager: Mounting plugin ContentBrowserAssetDataSource
LogPluginManager: Mounting plugin ContentBrowserFileDataSource
LogPluginManager: Mounting plugin OnlineSubsystemGooglePlay
LogPluginManager: Mounting plugin OnlineSubsystemIOS
LogPluginManager: Mounting plugin OculusVR
LogPluginManager: Mounting plugin SteamVR
PixWinPlugin: PIX capture plugin failed to initialize! Check that the process is launched from PIX.
LogInit: Using libcurl 7.55.1-DEV
LogInit:  - built for x86_64-pc-win32
LogInit:  - supports SSL with OpenSSL/1.1.1
LogInit:  - supports HTTP deflate (compression) using libz 1.2.8
LogInit:  - other features:
LogInit:      CURL_VERSION_SSL
LogInit:      CURL_VERSION_LIBZ
LogInit:      CURL_VERSION_IPV6
LogInit:      CURL_VERSION_ASYNCHDNS
LogInit:      CURL_VERSION_LARGEFILE
LogInit:      CURL_VERSION_IDN
LogInit:  CurlRequestOptions (configurable via config and command line):
LogInit:  - bVerifyPeer = true  - Libcurl will verify peer certificate
LogInit:  - bUseHttpProxy = false  - Libcurl will NOT use HTTP proxy
LogInit:  - bDontReuseConnections = false  - Libcurl will reuse connections
LogInit:  - MaxHostConnections = 16  - Libcurl will limit the number of connections to a host
LogInit:  - LocalHostAddr = Default
LogInit:  - BufferSize = 65536
LogOnline: OSS: Creating online subsystem instance for: NULL
LogInit: WinSock: version 1.1 (2.2), MaxSocks=32767, MaxUdp=65467
LogOnline: OSS: TryLoadSubsystemAndSetDefault: Loaded subsystem for module [NULL]
LogOculusPluginWrapper: OculusPlugin initialized successfully
LogHMD: Failed initializing OVRPlugin 1.59.0
LogInit: Build: ++UE4+Release-4.27-CL-18319896
LogInit: Engine Version: 4.27.2-18319896+++UE4+Release-4.27
LogInit: Compatible Engine Version: 4.27.0-17155196+++UE4+Release-4.27
LogInit: Net CL: 17155196
LogInit: OS: Windows 10 (Release 2009) (), CPU: AMD Ryzen 5 5600 6-Core Processor              , GPU: NVIDIA GeForce RTX 3060
LogInit: Compiled (64-bit): Nov 30 2021 07:12:08
LogInit: Compiled with Visual C++: 19.24.28315.00
LogInit: Build Configuration: Development
LogInit: Branch Name: ++UE4+Release-4.27
LogInit: Command Line: 
LogInit: Base Directory: E:/Epic/UE_4.27/Engine/Binaries/Win64/
LogInit: Allocator: TBB
LogInit: Installed Engine Build: 1
LogDevObjectVersion: Number of dev versions registered: 29
LogDevObjectVersion:   Dev-Blueprints (B0D832E4-1F89-4F0D-ACCF-7EB736FD4AA2): 10
LogDevObjectVersion:   Dev-Build (E1C64328-A22C-4D53-A36C-8E866417BD8C): 0
LogDevObjectVersion:   Dev-Core (375EC13C-06E4-48FB-B500-84F0262A717E): 4
LogDevObjectVersion:   Dev-Editor (E4B068ED-F494-42E9-A231-DA0B2E46BB41): 40
LogDevObjectVersion:   Dev-Framework (CFFC743F-43B0-4480-9391-14DF171D2073): 37
LogDevObjectVersion:   Dev-Mobile (B02B49B5-BB20-44E9-A304-32B752E40360): 3
LogDevObjectVersion:   Dev-Networking (A4E4105C-59A1-49B5-A7C5-40C4547EDFEE): 0
LogDevObjectVersion:   Dev-Online (39C831C9-5AE6-47DC-9A44-9C173E1C8E7C): 0
LogDevObjectVersion:   Dev-Physics (78F01B33-EBEA-4F98-B9B4-84EACCB95AA2): 14
LogDevObjectVersion:   Dev-Platform (6631380F-2D4D-43E0-8009-CF276956A95A): 0
LogDevObjectVersion:   Dev-Rendering (12F88B9F-8875-4AFC-A67C-D90C383ABD29): 45
LogDevObjectVersion:   Dev-Sequencer (7B5AE74C-D270-4C10-A958-57980B212A5A): 13
LogDevObjectVersion:   Dev-VR (D7296918-1DD6-4BDD-9DE2-64A83CC13884): 3
LogDevObjectVersion:   Dev-LoadTimes (C2A15278-BFE7-4AFE-6C17-90FF531DF755): 1
LogDevObjectVersion:   Private-Geometry (6EACA3D4-40EC-4CC1-B786-8BED09428FC5): 3
LogDevObjectVersion:   Dev-AnimPhys (29E575DD-E0A3-4627-9D10-D276232CDCEA): 17
LogDevObjectVersion:   Dev-Anim (AF43A65D-7FD3-4947-9873-3E8ED9C1BB05): 15
LogDevObjectVersion:   Dev-ReflectionCapture (6B266CEC-1EC7-4B8F-A30B-E4D90942FC07): 1
LogDevObjectVersion:   Dev-Automation (0DF73D61-A23F-47EA-B727-89E90C41499A): 1
LogDevObjectVersion:   FortniteMain (601D1886-AC64-4F84-AA16-D3DE0DEAC7D6): 47
LogDevObjectVersion:   FortniteRelease (E7086368-6B23-4C58-8439-1B7016265E91): 1
LogDevObjectVersion:   Dev-Enterprise (9DFFBCD6-494F-0158-E221-12823C92A888): 10
LogDevObjectVersion:   Dev-Niagara (F2AED0AC-9AFE-416F-8664-AA7FFA26D6FC): 1
LogDevObjectVersion:   Dev-Destruction (174F1F0B-B4C6-45A5-B13F-2EE8D0FB917D): 10
LogDevObjectVersion:   Dev-Physics-Ext (35F94A83-E258-406C-A318-09F59610247C): 41
LogDevObjectVersion:   Dev-PhysicsMaterial-Chaos (B68FC16E-8B1B-42E2-B453-215C058844FE): 1
LogDevObjectVersion:   Dev-CineCamera (B2E18506-4273-CFC2-A54E-F4BB758BBA07): 1
LogDevObjectVersion:   Dev-VirtualProduction (64F58936-FD1B-42BA-BA96-7289D5D0FA4E): 1
LogDevObjectVersion:   Dev-MediaFramework (6F0ED827-A609-4895-9C91-998D90180EA4): 2
LogInit: Presizing for max 25165824 objects, including 0 objects not considered by GC, pre-allocating 0 bytes for permanent pool.
LogConfig: Applying CVar settings from Section [/Script/Engine.StreamingSettings] File [C:/Users/PC/Documents/GitHub/TasteOfMadness/TasteOfMadness/Saved/Config/Windows/Engine.ini]
LogConfig: Setting CVar [[s.MinBulkDataSizeForAsyncLoading:131072]]
LogConfig: Setting CVar [[s.AsyncLoadingThreadEnabled:0]]
LogConfig: Setting CVar [[s.EventDrivenLoaderEnabled:1]]
LogConfig: Setting CVar [[s.WarnIfTimeLimitExceeded:0]]
LogConfig: Setting CVar [[s.TimeLimitExceededMultiplier:1.5]]
LogConfig: Setting CVar [[s.TimeLimitExceededMinTime:0.005]]
LogConfig: Setting CVar [[s.UseBackgroundLevelStreaming:1]]
LogConfig: Setting CVar [[s.PriorityAsyncLoadingExtraTime:15.0]]
LogConfig: Setting CVar [[s.LevelStreamingActorsUpdateTimeLimit:5.0]]
LogConfig: Setting CVar [[s.PriorityLevelStreamingActorsUpdateExtraTime:5.0]]
LogConfig: Setting CVar [[s.LevelStreamingComponentsRegistrationGranularity:10]]
LogConfig: Setting CVar [[s.UnregisterComponentsTimeLimit:1.0]]
LogConfig: Setting CVar [[s.LevelStreamingComponentsUnregistrationGranularity:5]]
LogConfig: Setting CVar [[s.FlushStreamingOnExit:1]]
LogInit: Object subsystem initialized
LogConfig: Setting CVar [[con.DebugEarlyDefault:1]]
LogConfig: Setting CVar [[r.setres:1280x720]]
[2025.10.12-16.12.06:291][  0]LogConfig: Setting CVar [[r.VSync:0]]
[2025.10.12-16.12.06:291][  0]LogConfig: Setting CVar [[r.RHICmdBypass:0]]
[2025.10.12-16.12.06:291][  0]LogConfig: Applying CVar settings from Section [/Script/Engine.RendererSettings] File [C:/Users/PC/Documents/GitHub/TasteOfMadness/TasteOfMadness/Saved/Config/Windows/Engine.ini]
[2025.10.12-16.12.06:291][  0]LogConfig: Setting CVar [[r.GPUCrashDebugging:0]]
[2025.10.12-16.12.06:291][  0]LogConfig: Applying CVar settings from Section [/Script/Engine.RendererOverrideSettings] File [C:/Users/PC/Documents/GitHub/TasteOfMadness/TasteOfMadness/Saved/Config/Windows/Engine.ini]
[2025.10.12-16.12.06:291][  0]LogConfig: Applying CVar settings from Section [/Script/Engine.StreamingSettings] File [C:/Users/PC/Documents/GitHub/TasteOfMadness/TasteOfMadness/Saved/Config/Windows/Engine.ini]
[2025.10.12-16.12.06:291][  0]LogConfig: Setting CVar [[s.MinBulkDataSizeForAsyncLoading:131072]]
[2025.10.12-16.12.06:291][  0]LogConfig: Setting CVar [[s.AsyncLoadingThreadEnabled:0]]
[2025.10.12-16.12.06:291][  0]LogConfig: Setting CVar [[s.EventDrivenLoaderEnabled:1]]
[2025.10.12-16.12.06:291][  0]LogConfig: Setting CVar [[s.WarnIfTimeLimitExceeded:0]]
[2025.10.12-16.12.06:291][  0]LogConfig: Setting CVar [[s.TimeLimitExceededMultiplier:1.5]]
[2025.10.12-16.12.06:291][  0]LogConfig: Setting CVar [[s.TimeLimitExceededMinTime:0.005]]
[2025.10.12-16.12.06:291][  0]LogConfig: Setting CVar [[s.UseBackgroundLevelStreaming:1]]
[2025.10.12-16.12.06:291][  0]LogConfig: Setting CVar [[s.PriorityAsyncLoadingExtraTime:15.0]]
[2025.10.12-16.12.06:291][  0]LogConfig: Setting CVar [[s.LevelStreamingActorsUpdateTimeLimit:5.0]]
[2025.10.12-16.12.06:291][  0]LogConfig: Setting CVar [[s.PriorityLevelStreamingActorsUpdateExtraTime:5.0]]
[2025.10.12-16.12.06:291][  0]LogConfig: Setting CVar [[s.LevelStreamingComponentsRegistrationGranularity:10]]
[2025.10.12-16.12.06:291][  0]LogConfig: Setting CVar [[s.UnregisterComponentsTimeLimit:1.0]]
[2025.10.12-16.12.06:291][  0]LogConfig: Setting CVar [[s.LevelStreamingComponentsUnregistrationGranularity:5]]
[2025.10.12-16.12.06:291][  0]LogConfig: Setting CVar [[s.FlushStreamingOnExit:1]]
[2025.10.12-16.12.06:291][  0]LogConfig: Applying CVar settings from Section [/Script/Engine.GarbageCollectionSettings] File [C:/Users/PC/Documents/GitHub/TasteOfMadness/TasteOfMadness/Saved/Config/Windows/Engine.ini]
[2025.10.12-16.12.06:291][  0]LogConfig: Setting CVar [[gc.MaxObjectsNotConsideredByGC:1]]
[2025.10.12-16.12.06:291][  0]LogConfig: Setting CVar [[gc.SizeOfPermanentObjectPool:0]]
[2025.10.12-16.12.06:291][  0]LogConfig: Setting CVar [[gc.FlushStreamingOnGC:0]]
[2025.10.12-16.12.06:291][  0]LogConfig: Setting CVar [[gc.NumRetriesBeforeForcingGC:10]]
[2025.10.12-16.12.06:291][  0]LogConfig: Setting CVar [[gc.AllowParallelGC:1]]
[2025.10.12-16.12.06:291][  0]LogConfig: Setting CVar [[gc.TimeBetweenPurgingPendingKillObjects:61.1]]
[2025.10.12-16.12.06:291][  0]LogConfig: Setting CVar [[gc.MaxObjectsInEditor:25165824]]
[2025.10.12-16.12.06:291][  0]LogConfig: Setting CVar [[gc.IncrementalBeginDestroyEnabled:1]]
[2025.10.12-16.12.06:291][  0]LogConfig: Setting CVar [[gc.CreateGCClusters:1]]
[2025.10.12-16.12.06:291][  0]LogConfig: Setting CVar [[gc.MinGCClusterSize:5]]
[2025.10.12-16.12.06:291][  0]LogConfig: Setting CVar [[gc.ActorClusteringEnabled:0]]
[2025.10.12-16.12.06:291][  0]LogConfig: Setting CVar [[gc.BlueprintClusteringEnabled:0]]
[2025.10.12-16.12.06:291][  0]LogConfig: Setting CVar [[gc.UseDisregardForGCOnDedicatedServers:0]]
[2025.10.12-16.12.06:291][  0]LogConfig: Setting CVar [[gc.MultithreadedDestructionEnabled:1]]
[2025.10.12-16.12.06:291][  0]LogConfig: Applying CVar settings from Section [/Script/Engine.NetworkSettings] File [C:/Users/PC/Documents/GitHub/TasteOfMadness/TasteOfMadness/Saved/Config/Windows/Engine.ini]
[2025.10.12-16.12.06:291][  0]LogConfig: Applying CVar settings from Section [/Script/UnrealEd.CookerSettings] File [C:/Users/PC/Documents/GitHub/TasteOfMadness/TasteOfMadness/Saved/Config/Windows/Engine.ini]
[2025.10.12-16.12.06:307][  0]LogConfig: Applying CVar settings from Section [ViewDistanceQuality@3] File [C:/Users/PC/Documents/GitHub/TasteOfMadness/TasteOfMadness/Saved/Config/Windows/Scalability.ini]
[2025.10.12-16.12.06:307][  0]LogConfig: Setting CVar [[r.SkeletalMeshLODBias:0]]
[2025.10.12-16.12.06:307][  0]LogConfig: Setting CVar [[r.ViewDistanceScale:1.0]]
[2025.10.12-16.12.06:307][  0]LogConfig: Applying CVar settings from Section [AntiAliasingQuality@3] File [C:/Users/PC/Documents/GitHub/TasteOfMadness/TasteOfMadness/Saved/Config/Windows/Scalability.ini]
[2025.10.12-16.12.06:307][  0]LogConfig: Setting CVar [[r.PostProcessAAQuality:4]]
[2025.10.12-16.12.06:307][  0]LogConfig: Applying CVar settings from Section [ShadowQuality@3] File [C:/Users/PC/Documents/GitHub/TasteOfMadness/TasteOfMadness/Saved/Config/Windows/Scalability.ini]
[2025.10.12-16.12.06:307][  0]LogConfig: Setting CVar [[r.LightFunctionQuality:1]]
[2025.10.12-16.12.06:307][  0]LogConfig: Setting CVar [[r.ShadowQuality:5]]
[2025.10.12-16.12.06:307][  0]LogConfig: Setting CVar [[r.Shadow.CSM.MaxCascades:10]]
[2025.10.12-16.12.06:307][  0]LogConfig: Setting CVar [[r.Shadow.MaxResolution:2048]]
[2025.10.12-16.12.06:307][  0]LogConfig: Setting CVar [[r.Shadow.MaxCSMResolution:2048]]
[2025.10.12-16.12.06:307][  0]LogConfig: Setting CVar [[r.Shadow.RadiusThreshold:0.01]]
[2025.10.12-16.12.06:307][  0]LogConfig: Setting CVar [[r.Shadow.DistanceScale:1.0]]
[2025.10.12-16.12.06:307][  0]LogConfig: Setting CVar [[r.Shadow.CSM.TransitionScale:1.0]]
[2025.10.12-16.12.06:307][  0]LogConfig: Setting CVar [[r.Shadow.PreShadowResolutionFactor:1.0]]
[2025.10.12-16.12.06:307][  0]LogConfig: Setting CVar [[r.DistanceFieldShadowing:1]]
[2025.10.12-16.12.06:307][  0]LogConfig: Setting CVar [[r.DistanceFieldAO:1]]
[2025.10.12-16.12.06:308][  0]LogConfig: Setting CVar [[r.AOQuality:2]]
[2025.10.12-16.12.06:308][  0]LogConfig: Setting CVar [[r.VolumetricFog:1]]
[2025.10.12-16.12.06:308][  0]LogConfig: Setting CVar [[r.VolumetricFog.GridPixelSize:8]]
[2025.10.12-16.12.06:308][  0]LogConfig: Setting CVar [[r.VolumetricFog.GridSizeZ:128]]
[2025.10.12-16.12.06:308][  0]LogConfig: Setting CVar [[r.VolumetricFog.HistoryMissSupersampleCount:4]]
[2025.10.12-16.12.06:308][  0]LogConfig: Setting CVar [[r.LightMaxDrawDistanceScale:1]]
[2025.10.12-16.12.06:308][  0]LogConfig: Setting CVar [[r.CapsuleShadows:1]]
[2025.10.12-16.12.06:308][  0]LogConfig: Applying CVar settings from Section [PostProcessQuality@3] File [C:/Users/PC/Documents/GitHub/TasteOfMadness/TasteOfMadness/Saved/Config/Windows/Scalability.ini]
[2025.10.12-16.12.06:308][  0]LogConfig: Setting CVar [[r.MotionBlurQuality:4]]
[2025.10.12-16.12.06:308][  0]LogConfig: Setting CVar [[r.AmbientOcclusionMipLevelFactor:0.4]]
[2025.10.12-16.12.06:308][  0]LogConfig: Setting CVar [[r.AmbientOcclusionMaxQuality:100]]
[2025.10.12-16.12.06:308][  0]LogConfig: Setting CVar [[r.AmbientOcclusionLevels:-1]]
[2025.10.12-16.12.06:308][  0]LogConfig: Setting CVar [[r.AmbientOcclusionRadiusScale:1.0]]
[2025.10.12-16.12.06:308][  0]LogConfig: Setting CVar [[r.DepthOfFieldQuality:2]]
[2025.10.12-16.12.06:308][  0]LogConfig: Setting CVar [[r.RenderTargetPoolMin:400]]
[2025.10.12-16.12.06:308][  0]LogConfig: Setting CVar [[r.LensFlareQuality:2]]
[2025.10.12-16.12.06:308][  0]LogConfig: Setting CVar [[r.SceneColorFringeQuality:1]]
[2025.10.12-16.12.06:308][  0]LogConfig: Setting CVar [[r.EyeAdaptationQuality:2]]
[2025.10.12-16.12.06:308][  0]LogConfig: Setting CVar [[r.BloomQuality:5]]
[2025.10.12-16.12.06:308][  0]LogConfig: Setting CVar [[r.FastBlurThreshold:100]]
[2025.10.12-16.12.06:308][  0]LogConfig: Setting CVar [[r.Upscale.Quality:3]]
[2025.10.12-16.12.06:308][  0]LogConfig: Setting CVar [[r.Tonemapper.GrainQuantization:1]]
[2025.10.12-16.12.06:308][  0]LogConfig: Setting CVar [[r.LightShaftQuality:1]]
[2025.10.12-16.12.06:308][  0]LogConfig: Setting CVar [[r.Filter.SizeScale:1]]
[2025.10.12-16.12.06:308][  0]LogConfig: Setting CVar [[r.Tonemapper.Quality:5]]
[2025.10.12-16.12.06:308][  0]LogConfig: Setting CVar [[r.DOF.Gather.AccumulatorQuality:1        ; higher gathering accumulator quality]]
[2025.10.12-16.12.06:308][  0]LogConfig: Setting CVar [[r.DOF.Gather.PostfilterMethod:1          ; Median3x3 postfilering method]]
[2025.10.12-16.12.06:308][  0]LogConfig: Setting CVar [[r.DOF.Gather.EnableBokehSettings:0       ; no bokeh simulation when gathering]]
[2025.10.12-16.12.06:308][  0]LogConfig: Setting CVar [[r.DOF.Gather.RingCount:4                 ; medium number of samples when gathering]]
[2025.10.12-16.12.06:308][  0]LogConfig: Setting CVar [[r.DOF.Scatter.ForegroundCompositing:1    ; additive foreground scattering]]
[2025.10.12-16.12.06:308][  0]LogConfig: Setting CVar [[r.DOF.Scatter.BackgroundCompositing:2    ; additive background scattering]]
[2025.10.12-16.12.06:308][  0]LogConfig: Setting CVar [[r.DOF.Scatter.EnableBokehSettings:1      ; bokeh simulation when scattering]]
[2025.10.12-16.12.06:308][  0]LogConfig: Setting CVar [[r.DOF.Scatter.MaxSpriteRatio:0.1         ; only a maximum of 10% of scattered bokeh]]
[2025.10.12-16.12.06:308][  0]LogConfig: Setting CVar [[r.DOF.Recombine.Quality:1                ; cheap slight out of focus]]
[2025.10.12-16.12.06:308][  0]LogConfig: Setting CVar [[r.DOF.Recombine.EnableBokehSettings:0    ; no bokeh simulation on slight out of focus]]
[2025.10.12-16.12.06:308][  0]LogConfig: Setting CVar [[r.DOF.TemporalAAQuality:1                ; more stable temporal accumulation]]
[2025.10.12-16.12.06:308][  0]LogConfig: Setting CVar [[r.DOF.Kernel.MaxForegroundRadius:0.025]]
[2025.10.12-16.12.06:308][  0]LogConfig: Setting CVar [[r.DOF.Kernel.MaxBackgroundRadius:0.025]]
[2025.10.12-16.12.06:308][  0]LogConfig: Applying CVar settings from Section [TextureQuality@3] File [C:/Users/PC/Documents/GitHub/TasteOfMadness/TasteOfMadness/Saved/Config/Windows/Scalability.ini]
[2025.10.12-16.12.06:308][  0]LogConfig: Setting CVar [[r.Streaming.MipBias:0]]
[2025.10.12-16.12.06:308][  0]LogConfig: Setting CVar [[r.Streaming.AmortizeCPUToGPUCopy:0]]
[2025.10.12-16.12.06:308][  0]LogConfig: Setting CVar [[r.Streaming.MaxNumTexturesToStreamPerFrame:0]]
[2025.10.12-16.12.06:308][  0]LogConfig: Setting CVar [[r.Streaming.Boost:1]]
[2025.10.12-16.12.06:308][  0]LogConfig: Setting CVar [[r.MaxAnisotropy:8]]
[2025.10.12-16.12.06:308][  0]LogConfig: Setting CVar [[r.VT.MaxAnisotropy:8]]
[2025.10.12-16.12.06:308][  0]LogConfig: Setting CVar [[r.Streaming.LimitPoolSizeToVRAM:0]]
[2025.10.12-16.12.06:308][  0]LogConfig: Setting CVar [[r.Streaming.PoolSize:1000]]
[2025.10.12-16.12.06:308][  0]LogConfig: Setting CVar [[r.Streaming.MaxEffectiveScreenSize:0]]
[2025.10.12-16.12.06:308][  0]LogConfig: Applying CVar settings from Section [EffectsQuality@3] File [C:/Users/PC/Documents/GitHub/TasteOfMadness/TasteOfMadness/Saved/Config/Windows/Scalability.ini]
[2025.10.12-16.12.06:308][  0]LogConfig: Setting CVar [[r.TranslucencyLightingVolumeDim:64]]
[2025.10.12-16.12.06:308][  0]LogConfig: Setting CVar [[r.RefractionQuality:2]]
[2025.10.12-16.12.06:308][  0]LogConfig: Setting CVar [[r.SSR.Quality:3]]
[2025.10.12-16.12.06:308][  0]LogConfig: Setting CVar [[r.SSR.HalfResSceneColor:0]]
[2025.10.12-16.12.06:308][  0]LogConfig: Setting CVar [[r.SceneColorFormat:4]]
[2025.10.12-16.12.06:308][  0]LogConfig: Setting CVar [[r.DetailMode:2]]
[2025.10.12-16.12.06:308][  0]LogConfig: Setting CVar [[r.TranslucencyVolumeBlur:1]]
[2025.10.12-16.12.06:308][  0]LogConfig: Setting CVar [[r.MaterialQualityLevel:1 ; High quality]]
[2025.10.12-16.12.06:308][  0]LogConfig: Setting CVar [[r.AnisotropicMaterials:1]]
[2025.10.12-16.12.06:308][  0]LogConfig: Setting CVar [[r.SSS.Scale:1]]
[2025.10.12-16.12.06:308][  0]LogConfig: Setting CVar [[r.SSS.SampleSet:2]]
[2025.10.12-16.12.06:308][  0]LogConfig: Setting CVar [[r.SSS.Quality:1]]
[2025.10.12-16.12.06:308][  0]LogConfig: Setting CVar [[r.SSS.HalfRes:0]]
[2025.10.12-16.12.06:308][  0]LogConfig: Setting CVar [[r.SSGI.Quality:3]]
[2025.10.12-16.12.06:308][  0]LogConfig: Setting CVar [[r.EmitterSpawnRateScale:1.0]]
[2025.10.12-16.12.06:308][  0]LogConfig: Setting CVar [[r.ParticleLightQuality:2]]
[2025.10.12-16.12.06:308][  0]LogConfig: Setting CVar [[r.SkyAtmosphere.AerialPerspectiveLUT.FastApplyOnOpaque:1 ; Always have FastSkyLUT 1 in this case to avoid wrong sky]]
[2025.10.12-16.12.06:308][  0]LogConfig: Setting CVar [[r.SkyAtmosphere.AerialPerspectiveLUT.SampleCountMaxPerSlice:4]]
[2025.10.12-16.12.06:308][  0]LogConfig: Setting CVar [[r.SkyAtmosphere.AerialPerspectiveLUT.DepthResolution:16.0]]
[2025.10.12-16.12.06:308][  0]LogConfig: Setting CVar [[r.SkyAtmosphere.FastSkyLUT:1]]
[2025.10.12-16.12.06:308][  0]LogConfig: Setting CVar [[r.SkyAtmosphere.FastSkyLUT.SampleCountMin:4.0]]
[2025.10.12-16.12.06:308][  0]LogConfig: Setting CVar [[r.SkyAtmosphere.FastSkyLUT.SampleCountMax:128.0]]
[2025.10.12-16.12.06:308][  0]LogConfig: Setting CVar [[r.SkyAtmosphere.SampleCountMin:4.0]]
[2025.10.12-16.12.06:308][  0]LogConfig: Setting CVar [[r.SkyAtmosphere.SampleCountMax:128.0]]
[2025.10.12-16.12.06:308][  0]LogConfig: Setting CVar [[r.SkyAtmosphere.TransmittanceLUT.UseSmallFormat:0]]
[2025.10.12-16.12.06:308][  0]LogConfig: Setting CVar [[r.SkyAtmosphere.TransmittanceLUT.SampleCount:10.0]]
[2025.10.12-16.12.06:308][  0]LogConfig: Setting CVar [[r.SkyAtmosphere.MultiScatteringLUT.SampleCount:15.0]]
[2025.10.12-16.12.06:308][  0]LogConfig: Setting CVar [[r.SkyLight.RealTimeReflectionCapture:1]]
[2025.10.12-16.12.06:308][  0]LogConfig: Applying CVar settings from Section [FoliageQuality@3] File [C:/Users/PC/Documents/GitHub/TasteOfMadness/TasteOfMadness/Saved/Config/Windows/Scalability.ini]
[2025.10.12-16.12.06:308][  0]LogConfig: Setting CVar [[foliage.DensityScale:1.0]]
[2025.10.12-16.12.06:308][  0]LogConfig: Setting CVar [[grass.DensityScale:1.0]]
[2025.10.12-16.12.06:308][  0]LogConfig: Applying CVar settings from Section [ShadingQuality@3] File [C:/Users/PC/Documents/GitHub/TasteOfMadness/TasteOfMadness/Saved/Config/Windows/Scalability.ini]
[2025.10.12-16.12.06:308][  0]LogConfig: Setting CVar [[r.HairStrands.SkyLighting.IntegrationType:2]]
[2025.10.12-16.12.06:308][  0]LogConfig: Setting CVar [[r.HairStrands.SkyAO.SampleCount:4]]
[2025.10.12-16.12.06:308][  0]LogConfig: Setting CVar [[r.HairStrands.Visibility.MSAA.SamplePerPixel:4]]
[2025.10.12-16.12.06:308][  0]LogInit: Selected Device Profile: [Windows]
[2025.10.12-16.12.06:308][  0]LogInit: Applying CVar settings loaded from the selected device profile: [Windows]
[2025.10.12-16.12.06:308][  0]LogHAL: Display: Platform has ~ 24 GB [25689112576 / 34359738368 / 24], which maps to Larger [LargestMinGB=32, LargerMinGB=12, DefaultMinGB=8, SmallerMinGB=6, SmallestMinGB=0)
[2025.10.12-16.12.06:308][  0]LogInit: Going up to parent DeviceProfile []
[2025.10.12-16.12.06:308][  0]LogConfig: Applying CVar settings from Section [ViewDistanceQuality@3] File [C:/Users/PC/Documents/GitHub/TasteOfMadness/TasteOfMadness/Saved/Config/Windows/Scalability.ini]
[2025.10.12-16.12.06:308][  0]LogConfig: Setting CVar [[r.SkeletalMeshLODBias:0]]
[2025.10.12-16.12.06:308][  0]LogConfig: Setting CVar [[r.ViewDistanceScale:1.0]]
[2025.10.12-16.12.06:308][  0]LogConfig: Applying CVar settings from Section [AntiAliasingQuality@3] File [C:/Users/PC/Documents/GitHub/TasteOfMadness/TasteOfMadness/Saved/Config/Windows/Scalability.ini]
[2025.10.12-16.12.06:308][  0]LogConfig: Setting CVar [[r.PostProcessAAQuality:4]]
[2025.10.12-16.12.06:308][  0]LogConfig: Applying CVar settings from Section [ShadowQuality@3] File [C:/Users/PC/Documents/GitHub/TasteOfMadness/TasteOfMadness/Saved/Config/Windows/Scalability.ini]
[2025.10.12-16.12.06:308][  0]LogConfig: Setting CVar [[r.LightFunctionQuality:1]]
[2025.10.12-16.12.06:308][  0]LogConfig: Setting CVar [[r.ShadowQuality:5]]
[2025.10.12-16.12.06:308][  0]LogConfig: Setting CVar [[r.Shadow.CSM.MaxCascades:10]]
[2025.10.12-16.12.06:308][  0]LogConfig: Setting CVar [[r.Shadow.MaxResolution:2048]]
[2025.10.12-16.12.06:308][  0]LogConfig: Setting CVar [[r.Shadow.MaxCSMResolution:2048]]
[2025.10.12-16.12.06:308][  0]LogConfig: Setting CVar [[r.Shadow.RadiusThreshold:0.01]]
[2025.10.12-16.12.06:308][  0]LogConfig: Setting CVar [[r.Shadow.DistanceScale:1.0]]
[2025.10.12-16.12.06:308][  0]LogConfig: Setting CVar [[r.Shadow.CSM.TransitionScale:1.0]]
[2025.10.12-16.12.06:308][  0]LogConfig: Setting CVar [[r.Shadow.PreShadowResolutionFactor:1.0]]
[2025.10.12-16.12.06:308][  0]LogConfig: Setting CVar [[r.DistanceFieldShadowing:1]]
[2025.10.12-16.12.06:308][  0]LogConfig: Setting CVar [[r.DistanceFieldAO:1]]
[2025.10.12-16.12.06:308][  0]LogConfig: Setting CVar [[r.AOQuality:2]]
[2025.10.12-16.12.06:308][  0]LogConfig: Setting CVar [[r.VolumetricFog:1]]
[2025.10.12-16.12.06:308][  0]LogConfig: Setting CVar [[r.VolumetricFog.GridPixelSize:8]]
[2025.10.12-16.12.06:308][  0]LogConfig: Setting CVar [[r.VolumetricFog.GridSizeZ:128]]
[2025.10.12-16.12.06:308][  0]LogConfig: Setting CVar [[r.VolumetricFog.HistoryMissSupersampleCount:4]]
[2025.10.12-16.12.06:308][  0]LogConfig: Setting CVar [[r.LightMaxDrawDistanceScale:1]]
[2025.10.12-16.12.06:308][  0]LogConfig: Setting CVar [[r.CapsuleShadows:1]]
[2025.10.12-16.12.06:308][  0]LogConfig: Applying CVar settings from Section [PostProcessQuality@3] File [C:/Users/PC/Documents/GitHub/TasteOfMadness/TasteOfMadness/Saved/Config/Windows/Scalability.ini]
[2025.10.12-16.12.06:308][  0]LogConfig: Setting CVar [[r.MotionBlurQuality:4]]
[2025.10.12-16.12.06:309][  0]LogConfig: Setting CVar [[r.AmbientOcclusionMipLevelFactor:0.4]]
[2025.10.12-16.12.06:309][  0]LogConfig: Setting CVar [[r.AmbientOcclusionMaxQuality:100]]
[2025.10.12-16.12.06:309][  0]LogConfig: Setting CVar [[r.AmbientOcclusionLevels:-1]]
[2025.10.12-16.12.06:309][  0]LogConfig: Setting CVar [[r.AmbientOcclusionRadiusScale:1.0]]
[2025.10.12-16.12.06:309][  0]LogConfig: Setting CVar [[r.DepthOfFieldQuality:2]]
[2025.10.12-16.12.06:309][  0]LogConfig: Setting CVar [[r.RenderTargetPoolMin:400]]
[2025.10.12-16.12.06:309][  0]LogConfig: Setting CVar [[r.LensFlareQuality:2]]
[2025.10.12-16.12.06:309][  0]LogConfig: Setting CVar [[r.SceneColorFringeQuality:1]]
[2025.10.12-16.12.06:309][  0]LogConfig: Setting CVar [[r.EyeAdaptationQuality:2]]
[2025.10.12-16.12.06:309][  0]LogConfig: Setting CVar [[r.BloomQuality:5]]
[2025.10.12-16.12.06:309][  0]LogConfig: Setting CVar [[r.FastBlurThreshold:100]]
[2025.10.12-16.12.06:309][  0]LogConfig: Setting CVar [[r.Upscale.Quality:3]]
[2025.10.12-16.12.06:309][  0]LogConfig: Setting CVar [[r.Tonemapper.GrainQuantization:1]]
[2025.10.12-16.12.06:309][  0]LogConfig: Setting CVar [[r.LightShaftQuality:1]]
[2025.10.12-16.12.06:309][  0]LogConfig: Setting CVar [[r.Filter.SizeScale:1]]
[2025.10.12-16.12.06:309][  0]LogConfig: Setting CVar [[r.Tonemapper.Quality:5]]
[2025.10.12-16.12.06:309][  0]LogConfig: Setting CVar [[r.DOF.Gather.AccumulatorQuality:1        ; higher gathering accumulator quality]]
[2025.10.12-16.12.06:309][  0]LogConfig: Setting CVar [[r.DOF.Gather.PostfilterMethod:1          ; Median3x3 postfilering method]]
[2025.10.12-16.12.06:309][  0]LogConfig: Setting CVar [[r.DOF.Gather.EnableBokehSettings:0       ; no bokeh simulation when gathering]]
[2025.10.12-16.12.06:309][  0]LogConfig: Setting CVar [[r.DOF.Gather.RingCount:4                 ; medium number of samples when gathering]]
[2025.10.12-16.12.06:309][  0]LogConfig: Setting CVar [[r.DOF.Scatter.ForegroundCompositing:1    ; additive foreground scattering]]
[2025.10.12-16.12.06:309][  0]LogConfig: Setting CVar [[r.DOF.Scatter.BackgroundCompositing:2    ; additive background scattering]]
[2025.10.12-16.12.06:309][  0]LogConfig: Setting CVar [[r.DOF.Scatter.EnableBokehSettings:1      ; bokeh simulation when scattering]]
[2025.10.12-16.12.06:309][  0]LogConfig: Setting CVar [[r.DOF.Scatter.MaxSpriteRatio:0.1         ; only a maximum of 10% of scattered bokeh]]
[2025.10.12-16.12.06:309][  0]LogConfig: Setting CVar [[r.DOF.Recombine.Quality:1                ; cheap slight out of focus]]
[2025.10.12-16.12.06:309][  0]LogConfig: Setting CVar [[r.DOF.Recombine.EnableBokehSettings:0    ; no bokeh simulation on slight out of focus]]
[2025.10.12-16.12.06:309][  0]LogConfig: Setting CVar [[r.DOF.TemporalAAQuality:1                ; more stable temporal accumulation]]
[2025.10.12-16.12.06:309][  0]LogConfig: Setting CVar [[r.DOF.Kernel.MaxForegroundRadius:0.025]]
[2025.10.12-16.12.06:309][  0]LogConfig: Setting CVar [[r.DOF.Kernel.MaxBackgroundRadius:0.025]]
[2025.10.12-16.12.06:309][  0]LogConfig: Applying CVar settings from Section [TextureQuality@3] File [C:/Users/PC/Documents/GitHub/TasteOfMadness/TasteOfMadness/Saved/Config/Windows/Scalability.ini]
[2025.10.12-16.12.06:309][  0]LogConfig: Setting CVar [[r.Streaming.MipBias:0]]
[2025.10.12-16.12.06:309][  0]LogConfig: Setting CVar [[r.Streaming.AmortizeCPUToGPUCopy:0]]
[2025.10.12-16.12.06:309][  0]LogConfig: Setting CVar [[r.Streaming.MaxNumTexturesToStreamPerFrame:0]]
[2025.10.12-16.12.06:309][  0]LogConfig: Setting CVar [[r.Streaming.Boost:1]]
[2025.10.12-16.12.06:309][  0]LogConfig: Setting CVar [[r.MaxAnisotropy:8]]
[2025.10.12-16.12.06:309][  0]LogConfig: Setting CVar [[r.VT.MaxAnisotropy:8]]
[2025.10.12-16.12.06:309][  0]LogConfig: Setting CVar [[r.Streaming.LimitPoolSizeToVRAM:0]]
[2025.10.12-16.12.06:309][  0]LogConfig: Setting CVar [[r.Streaming.PoolSize:1000]]
[2025.10.12-16.12.06:309][  0]LogConfig: Setting CVar [[r.Streaming.MaxEffectiveScreenSize:0]]
[2025.10.12-16.12.06:309][  0]LogConfig: Applying CVar settings from Section [EffectsQuality@3] File [C:/Users/PC/Documents/GitHub/TasteOfMadness/TasteOfMadness/Saved/Config/Windows/Scalability.ini]
[2025.10.12-16.12.06:309][  0]LogConfig: Setting CVar [[r.TranslucencyLightingVolumeDim:64]]
[2025.10.12-16.12.06:309][  0]LogConfig: Setting CVar [[r.RefractionQuality:2]]
[2025.10.12-16.12.06:309][  0]LogConfig: Setting CVar [[r.SSR.Quality:3]]
[2025.10.12-16.12.06:309][  0]LogConfig: Setting CVar [[r.SSR.HalfResSceneColor:0]]
[2025.10.12-16.12.06:309][  0]LogConfig: Setting CVar [[r.SceneColorFormat:4]]
[2025.10.12-16.12.06:309][  0]LogConfig: Setting CVar [[r.DetailMode:2]]
[2025.10.12-16.12.06:309][  0]LogConfig: Setting CVar [[r.TranslucencyVolumeBlur:1]]
[2025.10.12-16.12.06:309][  0]LogConfig: Setting CVar [[r.MaterialQualityLevel:1 ; High quality]]
[2025.10.12-16.12.06:309][  0]LogConfig: Setting CVar [[r.AnisotropicMaterials:1]]
[2025.10.12-16.12.06:309][  0]LogConfig: Setting CVar [[r.SSS.Scale:1]]
[2025.10.12-16.12.06:309][  0]LogConfig: Setting CVar [[r.SSS.SampleSet:2]]
[2025.10.12-16.12.06:309][  0]LogConfig: Setting CVar [[r.SSS.Quality:1]]
[2025.10.12-16.12.06:309][  0]LogConfig: Setting CVar [[r.SSS.HalfRes:0]]
[2025.10.12-16.12.06:309][  0]LogConfig: Setting CVar [[r.SSGI.Quality:3]]
[2025.10.12-16.12.06:309][  0]LogConfig: Setting CVar [[r.EmitterSpawnRateScale:1.0]]
[2025.10.12-16.12.06:309][  0]LogConfig: Setting CVar [[r.ParticleLightQuality:2]]
[2025.10.12-16.12.06:309][  0]LogConfig: Setting CVar [[r.SkyAtmosphere.AerialPerspectiveLUT.FastApplyOnOpaque:1 ; Always have FastSkyLUT 1 in this case to avoid wrong sky]]
[2025.10.12-16.12.06:309][  0]LogConfig: Setting CVar [[r.SkyAtmosphere.AerialPerspectiveLUT.SampleCountMaxPerSlice:4]]
[2025.10.12-16.12.06:309][  0]LogConfig: Setting CVar [[r.SkyAtmosphere.AerialPerspectiveLUT.DepthResolution:16.0]]
[2025.10.12-16.12.06:309][  0]LogConfig: Setting CVar [[r.SkyAtmosphere.FastSkyLUT:1]]
[2025.10.12-16.12.06:309][  0]LogConfig: Setting CVar [[r.SkyAtmosphere.FastSkyLUT.SampleCountMin:4.0]]
[2025.10.12-16.12.06:309][  0]LogConfig: Setting CVar [[r.SkyAtmosphere.FastSkyLUT.SampleCountMax:128.0]]
[2025.10.12-16.12.06:309][  0]LogConfig: Setting CVar [[r.SkyAtmosphere.SampleCountMin:4.0]]
[2025.10.12-16.12.06:309][  0]LogConfig: Setting CVar [[r.SkyAtmosphere.SampleCountMax:128.0]]
[2025.10.12-16.12.06:309][  0]LogConfig: Setting CVar [[r.SkyAtmosphere.TransmittanceLUT.UseSmallFormat:0]]
[2025.10.12-16.12.06:309][  0]LogConfig: Setting CVar [[r.SkyAtmosphere.TransmittanceLUT.SampleCount:10.0]]
[2025.10.12-16.12.06:309][  0]LogConfig: Setting CVar [[r.SkyAtmosphere.MultiScatteringLUT.SampleCount:15.0]]
[2025.10.12-16.12.06:309][  0]LogConfig: Setting CVar [[r.SkyLight.RealTimeReflectionCapture:1]]
[2025.10.12-16.12.06:309][  0]LogConfig: Applying CVar settings from Section [FoliageQuality@3] File [C:/Users/PC/Documents/GitHub/TasteOfMadness/TasteOfMadness/Saved/Config/Windows/Scalability.ini]
[2025.10.12-16.12.06:309][  0]LogConfig: Setting CVar [[foliage.DensityScale:1.0]]
[2025.10.12-16.12.06:309][  0]LogConfig: Setting CVar [[grass.DensityScale:1.0]]
[2025.10.12-16.12.06:309][  0]LogConfig: Applying CVar settings from Section [ShadingQuality@3] File [C:/Users/PC/Documents/GitHub/TasteOfMadness/TasteOfMadness/Saved/Config/Windows/Scalability.ini]
[2025.10.12-16.12.06:309][  0]LogConfig: Setting CVar [[r.HairStrands.SkyLighting.IntegrationType:2]]
[2025.10.12-16.12.06:309][  0]LogConfig: Setting CVar [[r.HairStrands.SkyAO.SampleCount:4]]
[2025.10.12-16.12.06:309][  0]LogConfig: Setting CVar [[r.HairStrands.Visibility.MSAA.SamplePerPixel:4]]
[2025.10.12-16.12.06:309][  0]LogConfig: Applying CVar settings from Section [Startup] File [../../../Engine/Config/ConsoleVariables.ini]
[2025.10.12-16.12.06:309][  0]LogConfig: Setting CVar [[net.UseAdaptiveNetUpdateFrequency:0]]
[2025.10.12-16.12.06:309][  0]LogConfig: Setting CVar [[p.chaos.AllowCreatePhysxBodies:1]]
[2025.10.12-16.12.06:309][  0]LogConfig: Setting CVar [[fx.SkipVectorVMBackendOptimizations:1]]
[2025.10.12-16.12.06:309][  0]LogConfig: Applying CVar settings from Section [ConsoleVariables] File [C:/Users/PC/Documents/GitHub/TasteOfMadness/TasteOfMadness/Saved/Config/Windows/Engine.ini]
[2025.10.12-16.12.06:309][  0]LogConfig: Applying CVar settings from Section [ConsoleVariables] File [C:/Users/PC/Documents/GitHub/TasteOfMadness/TasteOfMadness/Saved/Config/Windows/Editor.ini]
[2025.10.12-16.12.06:309][  0]LogInit: Computer: DESKTOP-QFES4I7
[2025.10.12-16.12.06:309][  0]LogInit: User: PC
[2025.10.12-16.12.06:309][  0]LogInit: CPU Page size=4096, Cores=6
[2025.10.12-16.12.06:309][  0]LogInit: High frequency timer resolution =10.000000 MHz
[2025.10.12-16.12.06:309][  0]LogMemory: Memory total: Physical=23.9GB (24GB approx)
[2025.10.12-16.12.06:309][  0]LogMemory: Platform Memory Stats for Windows
[2025.10.12-16.12.06:309][  0]LogMemory: Process Physical Memory: 144.39 MB used, 144.40 MB peak
[2025.10.12-16.12.06:309][  0]LogMemory: Process Virtual Memory: 129.96 MB used, 129.96 MB peak
[2025.10.12-16.12.06:309][  0]LogMemory: Physical Memory: 8222.76 MB used,  16276.29 MB free, 24499.05 MB total
[2025.10.12-16.12.06:309][  0]LogMemory: Virtual Memory: 134200040.00 MB used,  17688.46 MB free, 134217728.00 MB total
[2025.10.12-16.12.06:313][  0]LogWindows: WindowsPlatformFeatures enabled
[2025.10.12-16.12.06:342][  0]LogInit: Physics initialised using underlying interface: PhysX
[2025.10.12-16.12.06:342][  0]LogInit: Overriding language with editor language configuration option (en).
[2025.10.12-16.12.06:342][  0]LogInit: Overriding language with editor locale configuration option (en).
[2025.10.12-16.12.06:471][  0]LogInit: Setting process to per monitor DPI aware
[2025.10.12-16.12.06:482][  0]LogWindowsTextInputMethodSystem: Display: IME system deactivated.
[2025.10.12-16.12.06:490][  0]LogSlate: New Slate User Created.  User Index 0, Is Virtual User: 0
[2025.10.12-16.12.06:490][  0]LogSlate: Slate User Registered.  User Index 0, Is Virtual User: 0
[2025.10.12-16.12.06:582][  0]LogD3D11RHI: Loaded GFSDK_Aftermath_Lib.x64.dll
[2025.10.12-16.12.06:584][  0]LogHMD: Failed to initialize OpenVR with code 110
[2025.10.12-16.12.06:584][  0]LogD3D11RHI: D3D11 min allowed feature level: 11_0
[2025.10.12-16.12.06:584][  0]LogD3D11RHI: D3D11 max allowed feature level: 11_0
[2025.10.12-16.12.06:584][  0]LogD3D11RHI: D3D11 adapters:
[2025.10.12-16.12.06:781][  0]LogD3D11RHI:    0. 'NVIDIA GeForce RTX 3060' (Feature Level 11_0)
[2025.10.12-16.12.06:781][  0]LogD3D11RHI:       12115/0/12249 MB DedicatedVideo/DedicatedSystem/SharedSystem, Outputs:1, VendorId:0x10de
[2025.10.12-16.12.06:783][  0]LogD3D11RHI:    1. 'Microsoft Basic Render Driver' (Feature Level 11_0)
[2025.10.12-16.12.06:783][  0]LogD3D11RHI:       0/0/12249 MB DedicatedVideo/DedicatedSystem/SharedSystem, Outputs:0, VendorId:0x1414
[2025.10.12-16.12.06:783][  0]LogD3D11RHI: Chosen D3D11 Adapter:
[2025.10.12-16.12.06:783][  0]LogD3D11RHI:     Description : NVIDIA GeForce RTX 3060
[2025.10.12-16.12.06:783][  0]LogD3D11RHI:     VendorId    : 10de
[2025.10.12-16.12.06:783][  0]LogD3D11RHI:     DeviceId    : 2504
[2025.10.12-16.12.06:783][  0]LogD3D11RHI:     SubSysId    : 397d1462
[2025.10.12-16.12.06:783][  0]LogD3D11RHI:     Revision    : 00a1
[2025.10.12-16.12.06:783][  0]LogD3D11RHI:     DedicatedVideoMemory : 12703498240 bytes
[2025.10.12-16.12.06:783][  0]LogD3D11RHI:     DedicatedSystemMemory : 0 bytes
[2025.10.12-16.12.06:783][  0]LogD3D11RHI:     SharedSystemMemory : 12844556288 bytes
[2025.10.12-16.12.06:783][  0]LogD3D11RHI:     AdapterLuid : 0 78811
[2025.10.12-16.12.06:788][  0]LogD3D11RHI: Creating new Direct3DDevice
[2025.10.12-16.12.06:788][  0]LogD3D11RHI:     GPU DeviceId: 0x2504 (for the marketing name, search the web for "GPU Device Id")
[2025.10.12-16.12.06:788][  0]LogWindows: EnumDisplayDevices:
[2025.10.12-16.12.06:788][  0]LogWindows:    0. 'NVIDIA GeForce RTX 3060' (P:1 D:1)
[2025.10.12-16.12.06:788][  0]LogWindows:    1. 'NVIDIA GeForce RTX 3060' (P:0 D:0)
[2025.10.12-16.12.06:788][  0]LogWindows:    2. 'NVIDIA GeForce RTX 3060' (P:0 D:0)
[2025.10.12-16.12.06:789][  0]LogWindows:    3. 'NVIDIA GeForce RTX 3060' (P:0 D:0)
[2025.10.12-16.12.06:789][  0]LogWindows: DebugString: FoundDriverCount:4 
[2025.10.12-16.12.06:789][  0]LogD3D11RHI:     Adapter Name: NVIDIA GeForce RTX 3060
[2025.10.12-16.12.06:789][  0]LogD3D11RHI:   Driver Version: 581.29 (internal:32.0.15.8129, unified:581.29)
[2025.10.12-16.12.06:789][  0]LogD3D11RHI:      Driver Date: 9-5-2025
[2025.10.12-16.12.06:789][  0]LogRHI: Texture pool is 8480 MB (70% of 12115 MB)
[2025.10.12-16.12.06:789][  0]LogD3D11RHI: Creating D3DDevice using adapter:
[2025.10.12-16.12.06:789][  0]LogD3D11RHI:     Description : NVIDIA GeForce RTX 3060
[2025.10.12-16.12.06:789][  0]LogD3D11RHI:     VendorId    : 10de
[2025.10.12-16.12.06:789][  0]LogD3D11RHI:     DeviceId    : 2504
[2025.10.12-16.12.06:789][  0]LogD3D11RHI:     SubSysId    : 397d1462
[2025.10.12-16.12.06:789][  0]LogD3D11RHI:     Revision    : 00a1
[2025.10.12-16.12.06:789][  0]LogD3D11RHI:     DedicatedVideoMemory : 12703498240 bytes
[2025.10.12-16.12.06:789][  0]LogD3D11RHI:     DedicatedSystemMemory : 0 bytes
[2025.10.12-16.12.06:789][  0]LogD3D11RHI:     SharedSystemMemory : 12844556288 bytes
[2025.10.12-16.12.06:789][  0]LogD3D11RHI:     AdapterLuid : 0 78811
[2025.10.12-16.12.06:898][  0]LogD3D11RHI: RHI has support for 64 bit atomics
[2025.10.12-16.12.06:898][  0]LogD3D11RHI: Async texture creation enabled
[2025.10.12-16.12.06:898][  0]LogD3D11RHI: Array index from any shader is supported
[2025.10.12-16.12.06:913][  0]LogD3D11RHI: GPU Timing Frequency: 1000.000000 (Debug: 2 1)
[2025.10.12-16.12.06:932][  0]LogRHI: GeForceNow SDK initialized: 1
[2025.10.12-16.12.07:138][  0]LogTargetPlatformManager: Display: Loaded TargetPlatform 'AllDesktop'
[2025.10.12-16.12.07:154][  0]LogTargetPlatformManager: Display: Loaded TargetPlatform 'Android'
[2025.10.12-16.12.07:154][  0]LogTargetPlatformManager: Display: Loaded TargetPlatform 'Android_ASTC'
[2025.10.12-16.12.07:154][  0]LogTargetPlatformManager: Display: Loaded TargetPlatform 'Android_DXT'
[2025.10.12-16.12.07:154][  0]LogTargetPlatformManager: Display: Loaded TargetPlatform 'Android_ETC2'
[2025.10.12-16.12.07:154][  0]LogTargetPlatformManager: Display: Loaded TargetPlatform 'AndroidClient'
[2025.10.12-16.12.07:154][  0]LogTargetPlatformManager: Display: Loaded TargetPlatform 'Android_ASTCClient'
[2025.10.12-16.12.07:154][  0]LogTargetPlatformManager: Display: Loaded TargetPlatform 'Android_DXTClient'
[2025.10.12-16.12.07:154][  0]LogTargetPlatformManager: Display: Loaded TargetPlatform 'Android_ETC2Client'
[2025.10.12-16.12.07:154][  0]LogTargetPlatformManager: Display: Loaded TargetPlatform 'Android_Multi'
[2025.10.12-16.12.07:154][  0]LogTargetPlatformManager: Display: Loaded TargetPlatform 'Android_MultiClient'
[2025.10.12-16.12.07:167][  0]LogTargetPlatformManager: Display: Loaded TargetPlatform 'IOSClient'
[2025.10.12-16.12.07:167][  0]LogTargetPlatformManager: Display: Loaded TargetPlatform 'IOS'
[2025.10.12-16.12.07:173][  0]LogTargetPlatformManager: Display: Loaded TargetPlatform 'Linux'
[2025.10.12-16.12.07:176][  0]LogTargetPlatformManager: Display: Loaded TargetPlatform 'LinuxNoEditor'
[2025.10.12-16.12.07:179][  0]LogTargetPlatformManager: Display: Loaded TargetPlatform 'LinuxClient'
[2025.10.12-16.12.07:183][  0]LogTargetPlatformManager: Display: Loaded TargetPlatform 'LinuxServer'
[2025.10.12-16.12.07:189][  0]LogTargetPlatformManager: Display: Loaded TargetPlatform 'LinuxAArch64NoEditor'
[2025.10.12-16.12.07:192][  0]LogTargetPlatformManager: Display: Loaded TargetPlatform 'LinuxAArch64Client'
[2025.10.12-16.12.07:195][  0]LogTargetPlatformManager: Display: Loaded TargetPlatform 'LinuxAArch64Server'
[2025.10.12-16.12.07:211][  0]LogTargetPlatformManager: Display: Loaded TargetPlatform 'Lumin'
[2025.10.12-16.12.07:211][  0]LogTargetPlatformManager: Display: Loaded TargetPlatform 'LuminClient'
[2025.10.12-16.12.07:216][  0]LogTargetPlatformManager: Display: Loaded TargetPlatform 'MacNoEditor'
[2025.10.12-16.12.07:219][  0]LogTargetPlatformManager: Display: Loaded TargetPlatform 'Mac'
[2025.10.12-16.12.07:222][  0]LogTargetPlatformManager: Display: Loaded TargetPlatform 'MacClient'
[2025.10.12-16.12.07:225][  0]LogTargetPlatformManager: Display: Loaded TargetPlatform 'MacServer'
[2025.10.12-16.12.07:232][  0]LogTargetPlatformManager: Display: Loaded TargetPlatform 'TVOSClient'
[2025.10.12-16.12.07:232][  0]LogTargetPlatformManager: Display: Loaded TargetPlatform 'TVOS'
[2025.10.12-16.12.07:238][  0]LogTargetPlatformManager: Display: Loaded TargetPlatform 'WindowsNoEditor'
[2025.10.12-16.12.07:241][  0]LogTargetPlatformManager: Display: Loaded TargetPlatform 'Windows'
[2025.10.12-16.12.07:244][  0]LogTargetPlatformManager: Display: Loaded TargetPlatform 'WindowsClient'
[2025.10.12-16.12.07:247][  0]LogTargetPlatformManager: Display: Loaded TargetPlatform 'WindowsServer'
[2025.10.12-16.12.07:247][  0]LogTargetPlatformManager: Display: Building Assets For Windows
[2025.10.12-16.12.07:251][  0]LogAudioDebug: Display: Lib vorbis DLL was dynamically loaded.
[2025.10.12-16.12.07:272][  0]LogTextureFormatOodle: Display: Oodle Texture 2.9.0 init RDO Off
[2025.10.12-16.12.07:292][  0]LogRendererCore: Ray tracing is disabled. Reason: r.RayTracing=0.
[2025.10.12-16.12.07:292][  0]LogShaderCompilers: Guid format shader working directory is -16 characters bigger than the processId version (C:/Users/PC/Documents/GitHub/TasteOfMadness/TasteOfMadness/Intermediate/Shaders/WorkingDirectory/18176/).
[2025.10.12-16.12.07:292][  0]LogShaderCompilers: Cleaned the shader compiler working directory 'C:/Users/PC/AppData/Local/Temp/UnrealShaderWorkingDir/550D3AA04C0CE66BBE112B9C44B3DC76/'.
[2025.10.12-16.12.07:292][  0]LogXGEController: Cannot use XGE Controller as Incredibuild is not installed on this machine.
[2025.10.12-16.12.07:292][  0]LogShaderCompilers: Cannot use XGE Shader Compiler as Incredibuild is not installed on this machine.
[2025.10.12-16.12.07:292][  0]LogShaderCompilers: Display: Using Local Shader Compiler.
[2025.10.12-16.12.07:842][  0]LogDerivedDataCache: Display: Max Cache Size: 512 MB
[2025.10.12-16.12.07:880][  0]LogDerivedDataCache: Loaded boot cache 0.04s 94MB C:/Users/PC/AppData/Local/UnrealEngine/4.27/DerivedDataCache/Boot.ddc.
[2025.10.12-16.12.07:880][  0]LogDerivedDataCache: Display: Loaded Boot cache: C:/Users/PC/AppData/Local/UnrealEngine/4.27/DerivedDataCache/Boot.ddc
[2025.10.12-16.12.07:880][  0]LogDerivedDataCache: FDerivedDataBackendGraph:  Pak pak cache file C:/Users/PC/Documents/GitHub/TasteOfMadness/TasteOfMadness/DerivedDataCache/DDC.ddp not found, will not use a pak cache.
[2025.10.12-16.12.07:881][  0]LogDerivedDataCache: Unable to find inner node Pak for hierarchical cache Hierarchy.
[2025.10.12-16.12.07:881][  0]LogDerivedDataCache: FDerivedDataBackendGraph:  CompressedPak pak cache file C:/Users/PC/Documents/GitHub/TasteOfMadness/TasteOfMadness/DerivedDataCache/Compressed.ddp not found, will not use a pak cache.
[2025.10.12-16.12.07:881][  0]LogDerivedDataCache: Unable to find inner node CompressedPak for hierarchical cache Hierarchy.
[2025.10.12-16.12.07:895][  0]LogDerivedDataCache: Display: Pak cache opened for reading ../../../Engine/DerivedDataCache/Compressed.ddp.
[2025.10.12-16.12.07:895][  0]LogDerivedDataCache: FDerivedDataBackendGraph:  EnterprisePak pak cache file ../../../Enterprise/DerivedDataCache/Compressed.ddp not found, will not use a pak cache.
[2025.10.12-16.12.07:895][  0]LogDerivedDataCache: Unable to find inner node EnterprisePak for hierarchical cache Hierarchy.
[2025.10.12-16.12.07:901][  0]LogDerivedDataCache: Speed tests for C:/Users/PC/AppData/Local/UnrealEngine/Common/DerivedDataCache took 0.01 seconds
[2025.10.12-16.12.07:901][  0]LogDerivedDataCache: Display: Performance to C:/Users/PC/AppData/Local/UnrealEngine/Common/DerivedDataCache: Latency=0.02ms. RandomReadSpeed=1482.28MBs, RandomWriteSpeed=190.66MBs. Assigned SpeedClass 'Local'
[2025.10.12-16.12.07:902][  0]LogDerivedDataCache: Using Local data cache path C:/Users/PC/AppData/Local/UnrealEngine/Common/DerivedDataCache: Writable
[2025.10.12-16.12.07:902][  0]LogDerivedDataCache: Shared data cache path not found in *engine.ini, will not use an Shared cache.
[2025.10.12-16.12.07:902][  0]LogDerivedDataCache: Unable to find inner node Shared for hierarchical cache Hierarchy.
[2025.10.12-16.12.07:939][  0]LogSlate: Using FreeType 2.10.0
[2025.10.12-16.12.07:940][  0]LogSlate: SlateFontServices - WITH_FREETYPE: 1, WITH_HARFBUZZ: 1
[2025.10.12-16.12.07:957][  0]LogAssetRegistry: FAssetRegistry took 0.0022 seconds to start up
[2025.10.12-16.12.08:132][  0]LogInit: Selected Device Profile: [Windows]
[2025.10.12-16.12.08:132][  0]LogInit: Active device profile: [0000020FA9D34B00][0000020FAAAD6200 49] Windows
[2025.10.12-16.12.08:132][  0]LogInit: Profiles: [0000020FA9D34B00][0000020FAAAD6200 49] Windows, [0000020FA9D02200][0000020FAAADE380 49] WindowsNoEditor, [0000020FA9D35900][0000020FAAAE2500 49] WindowsServer, [0000020FA9D02F00][0000020FAAAE6680 49] WindowsClient, [0000020FA9D37C00][0000020FAAADA7C0 49] IOS, [0000020FA9D00F00][0000020FAAAEA900 49] iPadAir, [0000020FA9D37E00][0000020FAAAEEA40 49] iPadAir2, [0000020FA9C8CD00][0000020FAAAFACC0 49] IPadPro, [0000020FA9C8CE00][0000020FAAAF2D00 49] iPadAir3, [0000020FA9D03C00][0000020FAAAFEE80 49] iPadAir4, [0000020FA9C8F700][0000020FAAB03000 49] iPadMini2, [0000020FA9D03200][0000020FAAB07180 49] iPadMini3, [0000020FA9C8F900][0000020FAAB0B300 49] iPadMini4, [0000020FA9D03600][0000020FAAB21480 49] iPadMini5, [0000020FA9CB8600][0000020FAAB29740 49] iPhone6, [0000020FA9CB8700][0000020FAAB25780 49] iPodTouch6, [0000020FA9D36600][0000020FAAB31A40 49] iPhone7, [0000020FA9D36800][0000020FAAB2DA80 49] iPodTouch7, [0000020FA9CB8100][0000020FAAB35C00 49] iPhone5S, [0000020FA9C8C700][0000020FAAB38200 49] iPhone6Plus, [0000020FA9CBA500][0000020FAAB3C380 49] iPhone6S, [0000020FA9C8D400][0000020FAAB40500 49] iPhone6SPlus, [0000020FA9CBBB00][0000020FAAB44680 49] iPhone7Plus, [0000020FA9C8F600][0000020FAAB48800 49] iPhoneSE, [0000020FA9D36C00][0000020FAAAF6940 49] iPhone8, [0000020FA9C8C600][0000020FAAB4CA80 49] iPhone8Plus, [0000020FA9D36100][0000020FAAB50BC0 49] iPhoneX, [0000020FA9C8E900][0000020FAAB54D00 49] iPhoneXS, [0000020FA9D37D00][0000020FAAB5CE80 49] iPhoneXSMax, [0000020FA9C8EE00][0000020FAAB61000 49] iPhoneXR, [0000020FA9D37F00][0000020FAAB65180 49] iPhone11, [0000020FA9C8DF00][0000020FAAB69300 49] iPhone11Pro, [0000020FA9D34600][0000020FAAB6D480 49] iPhone11ProMax, [0000020FA9C8E000][0000020FAAB71600 49] iPhoneSE2, [0000020FA9D37A00][0000020FAAB75780 49] iPhone12Mini, [0000020FA9C8E700][0000020FAAB79900 49] iPhone12, [0000020FA9D36A00][0000020FAAB7DA80 49] iPhone12Pro, [0000020FA9C8C500][0000020FAAB81C00 49] iPhone12ProMax, [0000020FA9D37900][0000020FAAB84200 49] iPadPro105, [0000020FA9C8D800][0000020FAAB88380 49] iPadPro129, [0000020FA9D34C00][0000020FAAB8C500 49] iPadPro97, [0000020FA9C8E400][0000020FAAB90680 49] iPadPro2_129, [0000020FA9D34800][0000020FAAB94800 49] iPad5, [0000020FA9C8C400][0000020FAAB98980 49] iPad6, [0000020FA9D35B00][0000020FAAB9CB00 49] iPad7, [0000020FA9C8F500][0000020FAAB58C40 49] iPad8, [0000020FA9D35F00][0000020FAABA0D80 49] iPadPro11, [0000020FA9C8DA00][0000020FAABA4EC0 49] iPadPro2_11, [0000020FA9D36500][0000020FAABAD040 49] iPadPro3_129, [0000020FA9C8E200][0000020FAABB11C0 49] iPadPro4_129, [0000020FA9D35600][0000020FAABB5340 49] AppleTV, [0000020FA9C8FD00][0000020FAABB94C0 49] AppleTV4K, [0000020FA9D35A00][0000020FAABBD640 49] TVOS, [0000020FA9C8CA00][0000020FAABC17C0 49] Mac, [0000020FA9D36400][0000020FAABC5940 49] MacClient, [0000020FA9C8EC00][0000020FAABC9AC0 49] MacNoEditor, [0000020FA9D37500][0000020FAABCC0C0 49] MacServer, [0000020FA9C8E300][0000020FAABD0240 49] Linux, [0000020FA9D34300][0000020FAABD43C0 49] LinuxAArch64, [0000020FA9C8E100][0000020FAABD8540 49] LinuxNoEditor, [0000020FA9D36300][0000020FAABDC6C0 49] LinuxAArch64NoEditor, [0000020FA9C8FC00][0000020FAABE0840 49] LinuxClient, [0000020FA9D34F00][0000020FAABE49C0 49] LinuxAArch64Client, [0000020FA9C8D200][0000020FAABE8B40 49] LinuxServer, [0000020FA9D37000][0000020FAABECCC0 49] LinuxAArch64Server, [0000020FA9C8D600][0000020FAABA8E00 49] Android, [0000020FA9D35200][0000020FAABF0F40 49] Android_Low, [0000020FA9C8FE00][0000020FAABF5080 49] Android_Mid, [0000020FA9D34100][0000020FAABF91C0 49] Android_High, [0000020FA9C8EA00][0000020FAAC01340 49] Android_Default, [0000020FA9D35300][0000020FAAC054C0 49] Android_Adreno4xx, [0000020FA9D02400][0000020FAAC09640 49] Android_Adreno5xx_Low, [0000020FA9CB9C00][0000020FAAC0D7C0 49] Android_Adreno5xx, [0000020FA9D03F00][0000020FAAC11940 49] Android_Adreno6xx, [0000020FA9CBA700][0000020FAAC15AC0 49] Android_Adreno6xx_Vulkan, [0000020FA9D03700][0000020FAAC180C0 49] Android_Mali_T6xx, [0000020FA9CB8F00][0000020FAAC1C240 49] Android_Mali_T7xx, [0000020FA9D01C00][0000020FAAC203C0 49] Android_Mali_T8xx, [0000020FA9CB9F00][0000020FAAC24540 49] Android_Mali_G71, [0000020FA9D02D00][0000020FAAC286C0 49] Android_Mali_G72, [0000020FA9CBAF00][0000020FAAC2C840 49] Android_Mali_G72_Vulkan, [0000020FA9D02600][0000020FAAC309C0 49] Android_Mali_G76, [0000020FA9CBA200][0000020FAAC34B40 49] Android_Mali_G76_Vulkan, [0000020FA9D00E00][0000020FAAC38CC0 49] Android_Mali_G77, [0000020FA9CB9400][0000020FAAC3CE40 49] Android_Mali_G77_Vulkan, [0000020FA9D03800][0000020FAABFCF80 49] Android_Mali_G78, [0000020FA9CB9300][0000020FAAC410C0 49] Android_Mali_G78_Vulkan, [0000020FA9D01600][0000020FAAC45200 49] Android_Mali_G710, [0000020FA9CBBD00][0000020FAAC49340 49] Android_Mali_G710_Vulkan, [0000020FA9D00700][0000020FAAC514C0 49] Android_Vulkan_SM5, [0000020FA9CB9B00][0000020FAAC55640 49] Android_PowerVR_G6xxx, [0000020FA9D00A00][0000020FAAC597C0 49] Android_PowerVR_GT7xxx, [0000020FA9CB8200][0000020FAAC5D940 49] Android_PowerVR_GE8xxx, [0000020FA9D03900][0000020FAAC61AC0 49] Android_PowerVR_GM9xxx, [0000020FA9CB8A00][0000020FAAC640C0 49] Android_PowerVR_GM9xxx_Vulkan, [0000020FA9D01000][0000020FAAC68240 49] Android_TegraK1, [0000020FA9CB9700][0000020FAAC6C3C0 49] Android_Unknown_Vulkan, [0000020FA9D01900][0000020FAAC70540 49] Lumin, [0000020FA9CBBC00][0000020FAAC746C0 49] Lumin_Desktop, [0000020FA9D01700][0000020FAAC78840 49] HoloLens, 
[2025.10.12-16.12.08:221][  0]LogMeshReduction: Using QuadricMeshReduction for automatic static mesh reduction
[2025.10.12-16.12.08:221][  0]LogMeshReduction: Using SimplygonMeshReduction for automatic skeletal mesh reduction
[2025.10.12-16.12.08:221][  0]LogMeshReduction: Using ProxyLODMeshReduction for automatic mesh merging
[2025.10.12-16.12.08:221][  0]LogMeshReduction: No distributed automatic mesh merging module available
[2025.10.12-16.12.08:221][  0]LogMeshMerging: No distributed automatic mesh merging module available
[2025.10.12-16.12.08:231][  0]LogNetVersion: TasteOfMadness 1.0.0, NetCL: 17155196, EngineNetVer: 17, GameNetVer: 0 (Checksum: 3999798361)
[2025.10.12-16.12.08:487][  0]LogTexture: Default maximum texture size for cubemaps generated from long-lat sources has been changed from 512 to unlimited. In order to preserve old behaiour for '/Engine/MapTemplates/Sky/DaylightAmbientCubemap.DaylightAmbientCubemap', its maximum texture size has been explicitly set to 512.
[2025.10.12-16.12.08:526][  0]LogHMD: PokeAHoleMaterial loaded successfully
[2025.10.12-16.12.08:531][  0]LogUObjectArray: 17178 objects as part of root set at end of initial load.
[2025.10.12-16.12.08:531][  0]LogUObjectAllocator: 4302048 out of 0 bytes used by permanent object pool.
[2025.10.12-16.12.08:531][  0]LogUObjectArray: CloseDisregardForGC: 0/0 objects in disregard for GC pool
[2025.10.12-16.12.08:704][  0]LogTcpMessaging: Initializing TcpMessaging bridge
[2025.10.12-16.12.08:707][  0]LogUdpMessaging: Initializing bridge on interface 0.0.0.0:0 to multicast group 230.0.0.1:6666.
[2025.10.12-16.12.08:793][  0]LogPython: Using Python 3.7.7
[2025.10.12-16.12.09:313][  0]LogNiagaraDebuggerClient: Niagara Debugger Client Initialized | Session: 2ACC9AE9446CB676ED10A2B525049A41 | Instance: E558933B4C5BDB22372A1089FAF53095 (DESKTOP-QFES4I7-18176).
[2025.10.12-16.12.09:415][  0]SourceControl: Source control is disabled
[2025.10.12-16.12.09:416][  0]SourceControl: Source control is disabled
[2025.10.12-16.12.09:418][  0]SourceControl: Source control is disabled
[2025.10.12-16.12.09:421][  0]SourceControl: Source control is disabled
[2025.10.12-16.12.09:426][  0]SourceControl: Source control is disabled
[2025.10.12-16.12.09:432][  0]LogUProjectInfo: Found projects:
[2025.10.12-16.12.09:566][  0]LogAndroidPermission: UAndroidPermissionCallbackProxy::GetInstance
[2025.10.12-16.12.09:582][  0]LogAudioCaptureCore: Display: No Audio Capture implementations found. Audio input will be silent.
[2025.10.12-16.12.09:582][  0]LogAudioCaptureCore: Display: No Audio Capture implementations found. Audio input will be silent.
[2025.10.12-16.12.09:675][  0]LogOpenImageDenoise: OIDN starting up
[2025.10.12-16.12.09:702][  0]LogCollectionManager: Loaded 0 collections in 0.000500 seconds
[2025.10.12-16.12.09:721][  0]LogFileCache: Scanning file cache for directory 'C:/Users/PC/Documents/GitHub/TasteOfMadness/TasteOfMadness/Saved/Collections/' took 0.00s
[2025.10.12-16.12.09:722][  0]LogFileCache: Scanning file cache for directory 'C:/Users/PC/Documents/GitHub/TasteOfMadness/TasteOfMadness/Content/Developers/PC/Collections/' took 0.00s
[2025.10.12-16.12.09:722][  0]LogFileCache: Scanning file cache for directory 'C:/Users/PC/Documents/GitHub/TasteOfMadness/TasteOfMadness/Content/Collections/' took 0.00s
[2025.10.12-16.12.09:722][  0]LogOcInput: OculusInput pre-init called
[2025.10.12-16.12.09:886][  0]LogEngine: Initializing Engine...
[2025.10.12-16.12.10:139][  0]LogHMD: Failed to enumerate extensions. Please check that you have a valid OpenXR runtime installed.
[2025.10.12-16.12.10:139][  0]LogHMD: Failed to initialize OpenVR with code 110
[2025.10.12-16.12.10:168][  0]LogMagicLeap: Warning: VR disabled because ZI is not enabled.  To enable, in the editor, Edit -> Project Settings -> Plugins -> Magic Leap Plugin -> Enable Zero Iteration
[2025.10.12-16.12.10:169][  0]LogStats: UGameplayTagsManager::InitializeManager -  0.000 s
[2025.10.12-16.12.10:253][  0]LogInit: Initializing FReadOnlyCVARCache
[2025.10.12-16.12.10:259][  0]LogAIModule: Creating AISystem for world Untitled
[2025.10.12-16.12.10:265][  0]LogAudio: Display: Initializing Audio Device Manager...
[2025.10.12-16.12.10:267][  0]LogAudio: Display: Loading Default Audio Settings Objects...
[2025.10.12-16.12.10:268][  0]LogAudio: Display: No default SoundConcurrencyObject specified (or failed to load).
[2025.10.12-16.12.10:268][  0]LogAudio: Display: Audio Device Manager Initialized
[2025.10.12-16.12.10:268][  0]LogAudio: Display: Creating Audio Device:                 Id: 1, Scope: Shared, Realtime: True
[2025.10.12-16.12.10:268][  0]LogAudioMixer: Display: Audio Mixer Platform Settings:
[2025.10.12-16.12.10:268][  0]LogAudioMixer: Display: 	Sample Rate:						  48000
[2025.10.12-16.12.10:268][  0]LogAudioMixer: Display: 	Callback Buffer Frame Size Requested: 1024
[2025.10.12-16.12.10:268][  0]LogAudioMixer: Display: 	Callback Buffer Frame Size To Use:	  1024
[2025.10.12-16.12.10:268][  0]LogAudioMixer: Display: 	Number of buffers to queue:			  2
[2025.10.12-16.12.10:268][  0]LogAudioMixer: Display: 	Max Channels (voices):				  32
[2025.10.12-16.12.10:268][  0]LogAudioMixer: Display: 	Number of Async Source Workers:		  0
[2025.10.12-16.12.10:268][  0]LogAudio: Display: AudioDevice MaxSources: 32
[2025.10.12-16.12.10:268][  0]LogAudio: Display: Audio Spatialization Plugin: None (built-in).
[2025.10.12-16.12.10:268][  0]LogAudio: Display: Audio Reverb Plugin: None (built-in).
[2025.10.12-16.12.10:268][  0]LogAudio: Display: Audio Occlusion Plugin: None (built-in).
[2025.10.12-16.12.10:268][  0]LogAudioMixer: Display: Initializing audio mixer.
[2025.10.12-16.12.10:285][  0]LogAudioMixer: Display: 0: FrontLeft
[2025.10.12-16.12.10:285][  0]LogAudioMixer: Display: 1: FrontRight
[2025.10.12-16.12.10:316][  0]LogAudioMixer: Display: Using Audio Device LC24RG50 (NVIDIA High Definition Audio)
[2025.10.12-16.12.10:316][  0]LogAudioMixer: Display: Initializing Sound Submixes...
[2025.10.12-16.12.10:317][  0]LogAudioMixer: Display: Creating Master Submix 'MasterSubmixDefault'
[2025.10.12-16.12.10:317][  0]LogAudioMixer: Display: Creating Master Submix 'MasterReverbSubmixDefault'
[2025.10.12-16.12.10:318][  0]LogAudioMixer: Display: Creating Master Submix 'MasterEQSubmixDefault'
[2025.10.12-16.12.10:318][  0]LogAudioMixer: FMixerPlatformXAudio2::StartAudioStream() called
[2025.10.12-16.12.10:318][  0]LogAudioMixer: Display: Output buffers initialized: Frames=1024, Channels=2, Samples=2048
[2025.10.12-16.12.10:319][  0]LogAudioMixer: Display: Starting AudioMixerPlatformInterface::RunInternal()
[2025.10.12-16.12.10:319][  0]LogAudioMixer: Display: FMixerPlatformXAudio2::SubmitBuffer() called for the first time
[2025.10.12-16.12.10:319][  0]LogInit: FAudioDevice initialized.
[2025.10.12-16.12.10:319][  0]LogAudio: Display: Audio Device (ID: 1) registered with world 'Untitled'.
[2025.10.12-16.12.10:319][  0]LogNetVersion: Set ProjectVersion to 1.0.0.0. Version Checksum will be recalculated on next use.
[2025.10.12-16.12.10:353][  0]LogDerivedDataCache: Saved boot cache 0.03s 94MB C:/Users/PC/AppData/Local/UnrealEngine/4.27/DerivedDataCache/Boot.ddc.
[2025.10.12-16.12.10:353][  0]LogInit: Texture streaming: Enabled
[2025.10.12-16.12.10:363][  0]LogAnalytics: Display: [UEEditor.Rocket.Release] APIServer = https://datarouter.ol.epicgames.com/. AppVersion = 4.27.2-18319896+++UE4+Release-4.27
[2025.10.12-16.12.10:366][  0]LogEngineSessionManager: EngineSessionManager initialized
[2025.10.12-16.12.10:366][  0]LogEditorSessionSummary: Verbose: Initializing EditorSessionSummaryWriter for editor session tracking
[2025.10.12-16.12.10:367][  0]LogEditorSessionSummary: EditorSessionSummaryWriter initialized
[2025.10.12-16.12.10:388][  0]LogInit: Transaction tracking system initialized
[2025.10.12-16.12.10:564][  0]BlueprintLog: New page: Editor Load
[2025.10.12-16.12.10:604][  0]LocalizationService: Localization service is disabled
[2025.10.12-16.12.10:619][  0]TimingProfiler: Initialize
[2025.10.12-16.12.10:619][  0]TimingProfiler: OnSessionChanged
[2025.10.12-16.12.10:619][  0]LoadingProfiler: Initialize
[2025.10.12-16.12.10:619][  0]LoadingProfiler: OnSessionChanged
[2025.10.12-16.12.10:619][  0]NetworkingProfiler: Initialize
[2025.10.12-16.12.10:619][  0]NetworkingProfiler: OnSessionChanged
[2025.10.12-16.12.10:619][  0]MemoryProfiler: Initialize
[2025.10.12-16.12.10:619][  0]MemoryProfiler: OnSessionChanged
[2025.10.12-16.12.11:310][  0]LogCook: Display: CookSettings for Memory: MemoryMaxUsedVirtual 0MiB, MemoryMaxUsedPhysical 16384MiB, MemoryMinFreeVirtual 0MiB, MemoryMinFreePhysical 1024MiB
[2025.10.12-16.12.11:310][  0]LogCook: Display: Mobile HDR setting 1
[2025.10.12-16.12.11:314][  0]LogFileCache: Scanning file cache for directory 'C:/Users/PC/Documents/GitHub/TasteOfMadness/TasteOfMadness/Content/' took 0.01s
[2025.10.12-16.12.11:314][  0]LogLinker: Warning: Failed to load '/Engine/BasicShapes/Cube': Can't find file.
[2025.10.12-16.12.11:314][  0]LogLinker: Warning: Failed to load '/Engine/BasicShapes/Cube': Can't find file.
[2025.10.12-16.12.11:314][  0]LogUObjectGlobals: Warning: Failed to find object 'StaticMesh /Engine/BasicShapes/Cube.Cube'
[2025.10.12-16.12.11:552][  0]LogInit: Display: Engine is initialized. Leaving FEngineLoop::Init()
[2025.10.12-16.12.11:554][  0]SourceControl: Source control is disabled
[2025.10.12-16.12.11:554][  0]LogUnrealEdMisc: Loading editor; pre map load, took 6.026
[2025.10.12-16.12.11:554][  0]Cmd: MAP LOAD FILE="C:/Users/PC/Documents/GitHub/TasteOfMadness/TasteOfMadness/Content/Maps/MainPersistent.umap" TEMPLATE=0 SHOWPROGRESS=1 FEATURELEVEL=3
[2025.10.12-16.12.11:562][  0]LightingResults: New page: Lighting Build
[2025.10.12-16.12.11:563][  0]LogWorld: UWorld::CleanupWorld for Untitled, bSessionEnded=true, bCleanupResources=true
[2025.10.12-16.12.11:563][  0]LogSlate: InvalidateAllWidgets triggered.  All widgets were invalidated
[2025.10.12-16.12.11:563][  0]MapCheck: New page: Map Check
[2025.10.12-16.12.11:563][  0]LightingResults: New page: Lighting Build
[2025.10.12-16.12.12:275][  0]LogAudio: Display: Audio Device unregistered from world 'None'.
[2025.10.12-16.12.12:278][  0]LogUObjectHash: Compacting FUObjectHashTables data took   0.80ms
[2025.10.12-16.12.15:492][  0]LogLinker: Warning: [AssetLog] C:\Users\PC\Documents\GitHub\TasteOfMadness\TasteOfMadness\Content\Maps\MainPersistent.umap: Failed to load '/Game/Maps/MainPersistent_BuiltData': Can't find file.
[2025.10.12-16.12.15:492][  0]LogLinker: Warning: [AssetLog] C:\Users\PC\Documents\GitHub\TasteOfMadness\TasteOfMadness\Content\Maps\MainPersistent.umap: Failed to load '/Game/Maps/MainPersistent_BuiltData': Can't find file.
[2025.10.12-16.12.15:513][  0]LogLinker: Warning: [AssetLog] C:\Users\PC\Documents\GitHub\TasteOfMadness\TasteOfMadness\Content\Maps\MainPersistent.umap: Failed to load '/Game/Maps/MainPersistent_BuiltData': Can't find file.
[2025.10.12-16.12.15:543][  0]LogLinker: Warning: Failed to load '/Game/Maps/MainPersistent_BuiltData': Can't find file.
[2025.10.12-16.12.15:543][  0]LogLinker: Warning: Failed to load '/Game/Maps/MainPersistent_BuiltData': Can't find file.
[2025.10.12-16.12.15:810][  0]LogLinker: Warning: [AssetLog] C:\Users\PC\Documents\GitHub\TasteOfMadness\TasteOfMadness\Content\Maps\MainPersistent.umap: Failed to load '/Game/Maps/MainPersistent_BuiltData': Can't find file.
[2025.10.12-16.12.15:810][  0]LoadErrors: Failed to load /Game/Maps/MainPersistent_BuiltData.MainPersistent_BuiltData Referenced by PersistentLevel
[2025.10.12-16.12.20:644][  0]LogAudio: Display: Audio Device (ID: 1) registered with world 'MainPersistent'.
[2025.10.12-16.12.20:645][  0]LogAIModule: Creating AISystem for world MainPersistent
[2025.10.12-16.12.20:766][  0]LogStreaming: Display: ULevelStreaming::RequestLevel(/Game/Maps/FrancisIA) is flushing async loading
[2025.10.12-16.12.20:766][  0]LogStreaming: Display: FlushAsyncLoading: 1 QueuedPackages, 0 AsyncPackages
[2025.10.12-16.12.20:787][  0]LogStreaming: Error: Couldn't find file for package /Game/Maps/FrancisIA_BuiltData requested by async loading code. NameToLoad: /Game/Maps/FrancisIA_BuiltData
[2025.10.12-16.12.22:553][  0]LogStreaming: Display: ULevelStreaming::RequestLevel(/Game/Maps/ComidaVivaIA) is flushing async loading
[2025.10.12-16.12.22:558][  0]LogStreaming: Display: ULevelStreaming::RequestLevel(/Game/Maps/PropsSamuel) is flushing async loading
[2025.10.12-16.12.22:562][  0]LogStreaming: Display: ULevelStreaming::RequestLevel(/Game/Maps/PropsMichelle) is flushing async loading
[2025.10.12-16.12.22:572][  0]LogStreaming: Display: ULevelStreaming::RequestLevel(/Game/Maps/PropsDaniela) is flushing async loading
[2025.10.12-16.12.22:576][  0]LogStreaming: Display: ULevelStreaming::RequestLevel(/Game/Maps/PropsChris) is flushing async loading
[2025.10.12-16.12.22:581][  0]LogStreaming: Display: ULevelStreaming::RequestLevel(/Game/Maps/PropsOliver) is flushing async loading
[2025.10.12-16.12.22:587][  0]LogEditorServer: Finished looking for orphan Actors (0.000 secs)
[2025.10.12-16.12.22:776][  0]LogUObjectHash: Compacting FUObjectHashTables data took   0.79ms
[2025.10.12-16.12.22:776][  0]Cmd: MAP CHECKDEP NOCLEARLOG
[2025.10.12-16.12.22:776][  0]MapCheck: Map check complete: 0 Error(s), 0 Warning(s), took 0.485ms to complete.
[2025.10.12-16.12.22:776][  0]LogFileHelpers: Loading map 'MainPersistent' took 11.222
[2025.10.12-16.12.22:778][  0]LogUnrealEdMisc: Total Editor Startup Time, took 17.250
[2025.10.12-16.12.24:138][  0]LogSlate: Updating window title bar state: overlay mode, drag disabled, window buttons hidden, title bar hidden
[2025.10.12-16.12.24:165][  0]LogSlate: Updating window title bar state: overlay mode, drag disabled, window buttons hidden, title bar hidden
[2025.10.12-16.12.24:169][  0]LogSlate: Updating window title bar state: overlay mode, drag disabled, window buttons hidden, title bar hidden
[2025.10.12-16.12.24:173][  0]LogSlate: Updating window title bar state: overlay mode, drag disabled, window buttons hidden, title bar hidden
[2025.10.12-16.12.24:287][  0]LogNativeClassHierarchy: Verbose: Native class hierarchy populated in 0.0083 seconds. Added 3822 classes and 928 folders.
[2025.10.12-16.12.24:327][  0]LogNativeClassHierarchy: Verbose: Native class hierarchy updated for 'WidgetCarousel' in 0.0003 seconds. Added 0 classes and 0 folders.
[2025.10.12-16.12.24:493][  0]LogPakFile: PakFile PrimaryIndexSize=187
[2025.10.12-16.12.24:493][  0]LogPakFile: PakFile PathHashIndexSize=101
[2025.10.12-16.12.24:493][  0]LogPakFile: PakFile FullDirectoryIndexSize=148
[2025.10.12-16.12.24:493][  0]LogShaderLibrary: Display: ShaderCodeLibraryPakFileMountedCallback: PakFile 'E:/Epic/UE_4.27/FeaturePacks/FP_FirstPerson.upack' (chunk index -1, root 'root:/') mounted
[2025.10.12-16.12.24:493][  0]LogShaderLibrary: Display: ShaderCodeLibraryPakFileMountedCallback: pending pak file info (ChunkID:-1 Root:root:/ File:E:/Epic/UE_4.27/FeaturePacks/FP_FirstPerson.upack)
[2025.10.12-16.12.24:493][  0]LogPakFile: OnPakFileMounted2Time == 0.000055
[2025.10.12-16.12.24:512][  0]LogPakFile: PakFile PrimaryIndexSize=189
[2025.10.12-16.12.24:512][  0]LogPakFile: PakFile PathHashIndexSize=101
[2025.10.12-16.12.24:512][  0]LogPakFile: PakFile FullDirectoryIndexSize=152
[2025.10.12-16.12.24:512][  0]LogShaderLibrary: Display: ShaderCodeLibraryPakFileMountedCallback: PakFile 'E:/Epic/UE_4.27/FeaturePacks/FP_FirstPersonBP.upack' (chunk index -1, root 'root:/') mounted
[2025.10.12-16.12.24:512][  0]LogShaderLibrary: Display: ShaderCodeLibraryPakFileMountedCallback: pending pak file info (ChunkID:-1 Root:root:/ File:E:/Epic/UE_4.27/FeaturePacks/FP_FirstPersonBP.upack)
[2025.10.12-16.12.24:512][  0]LogPakFile: OnPakFileMounted2Time == 0.000037
[2025.10.12-16.12.24:568][  0]LogPakFile: PakFile PrimaryIndexSize=191
[2025.10.12-16.12.24:568][  0]LogPakFile: PakFile PathHashIndexSize=101
[2025.10.12-16.12.24:568][  0]LogPakFile: PakFile FullDirectoryIndexSize=160
[2025.10.12-16.12.24:568][  0]LogShaderLibrary: Display: ShaderCodeLibraryPakFileMountedCallback: PakFile 'E:/Epic/UE_4.27/FeaturePacks/MobileStarterContent.upack' (chunk index -1, root 'root:/') mounted
[2025.10.12-16.12.24:568][  0]LogShaderLibrary: Display: ShaderCodeLibraryPakFileMountedCallback: pending pak file info (ChunkID:-1 Root:root:/ File:E:/Epic/UE_4.27/FeaturePacks/MobileStarterContent.upack)
[2025.10.12-16.12.24:568][  0]LogPakFile: OnPakFileMounted2Time == 0.000033
[2025.10.12-16.12.24:574][  0]LogPakFile: PakFile PrimaryIndexSize=185
[2025.10.12-16.12.24:574][  0]LogPakFile: PakFile PathHashIndexSize=101
[2025.10.12-16.12.24:574][  0]LogPakFile: PakFile FullDirectoryIndexSize=148
[2025.10.12-16.12.24:574][  0]LogShaderLibrary: Display: ShaderCodeLibraryPakFileMountedCallback: PakFile 'E:/Epic/UE_4.27/FeaturePacks/StarterContent.upack' (chunk index -1, root 'root:/') mounted
[2025.10.12-16.12.24:574][  0]LogShaderLibrary: Display: ShaderCodeLibraryPakFileMountedCallback: pending pak file info (ChunkID:-1 Root:root:/ File:E:/Epic/UE_4.27/FeaturePacks/StarterContent.upack)
[2025.10.12-16.12.24:574][  0]LogPakFile: OnPakFileMounted2Time == 0.000032
[2025.10.12-16.12.24:582][  0]LogPakFile: PakFile PrimaryIndexSize=190
[2025.10.12-16.12.24:582][  0]LogPakFile: PakFile PathHashIndexSize=101
[2025.10.12-16.12.24:582][  0]LogPakFile: PakFile FullDirectoryIndexSize=154
[2025.10.12-16.12.24:582][  0]LogShaderLibrary: Display: ShaderCodeLibraryPakFileMountedCallback: PakFile 'E:/Epic/UE_4.27/FeaturePacks/TP_2DSideScroller.upack' (chunk index -1, root 'root:/') mounted
[2025.10.12-16.12.24:582][  0]LogShaderLibrary: Display: ShaderCodeLibraryPakFileMountedCallback: pending pak file info (ChunkID:-1 Root:root:/ File:E:/Epic/UE_4.27/FeaturePacks/TP_2DSideScroller.upack)
[2025.10.12-16.12.24:582][  0]LogPakFile: OnPakFileMounted2Time == 0.000029
[2025.10.12-16.12.24:593][  0]LogPakFile: PakFile PrimaryIndexSize=192
[2025.10.12-16.12.24:593][  0]LogPakFile: PakFile PathHashIndexSize=101
[2025.10.12-16.12.24:593][  0]LogPakFile: PakFile FullDirectoryIndexSize=158
[2025.10.12-16.12.24:593][  0]LogShaderLibrary: Display: ShaderCodeLibraryPakFileMountedCallback: PakFile 'E:/Epic/UE_4.27/FeaturePacks/TP_2DSideScrollerBP.upack' (chunk index -1, root 'root:/') mounted
[2025.10.12-16.12.24:593][  0]LogShaderLibrary: Display: ShaderCodeLibraryPakFileMountedCallback: pending pak file info (ChunkID:-1 Root:root:/ File:E:/Epic/UE_4.27/FeaturePacks/TP_2DSideScrollerBP.upack)
[2025.10.12-16.12.24:593][  0]LogPakFile: OnPakFileMounted2Time == 0.000031
[2025.10.12-16.12.24:607][  0]LogPakFile: PakFile PrimaryIndexSize=182
[2025.10.12-16.12.24:607][  0]LogPakFile: PakFile PathHashIndexSize=101
[2025.10.12-16.12.24:607][  0]LogPakFile: PakFile FullDirectoryIndexSize=138
[2025.10.12-16.12.24:607][  0]LogShaderLibrary: Display: ShaderCodeLibraryPakFileMountedCallback: PakFile 'E:/Epic/UE_4.27/FeaturePacks/TP_Flying.upack' (chunk index -1, root 'root:/') mounted
[2025.10.12-16.12.24:607][  0]LogShaderLibrary: Display: ShaderCodeLibraryPakFileMountedCallback: pending pak file info (ChunkID:-1 Root:root:/ File:E:/Epic/UE_4.27/FeaturePacks/TP_Flying.upack)
[2025.10.12-16.12.24:607][  0]LogPakFile: OnPakFileMounted2Time == 0.000031
[2025.10.12-16.12.24:631][  0]LogPakFile: PakFile PrimaryIndexSize=184
[2025.10.12-16.12.24:631][  0]LogPakFile: PakFile PathHashIndexSize=101
[2025.10.12-16.12.24:631][  0]LogPakFile: PakFile FullDirectoryIndexSize=142
[2025.10.12-16.12.24:631][  0]LogShaderLibrary: Display: ShaderCodeLibraryPakFileMountedCallback: PakFile 'E:/Epic/UE_4.27/FeaturePacks/TP_FlyingBP.upack' (chunk index -1, root 'root:/') mounted
[2025.10.12-16.12.24:631][  0]LogShaderLibrary: Display: ShaderCodeLibraryPakFileMountedCallback: pending pak file info (ChunkID:-1 Root:root:/ File:E:/Epic/UE_4.27/FeaturePacks/TP_FlyingBP.upack)
[2025.10.12-16.12.24:631][  0]LogPakFile: OnPakFileMounted2Time == 0.000025
[2025.10.12-16.12.24:662][  0]LogPakFile: PakFile PrimaryIndexSize=188
[2025.10.12-16.12.24:662][  0]LogPakFile: PakFile PathHashIndexSize=101
[2025.10.12-16.12.24:662][  0]LogPakFile: PakFile FullDirectoryIndexSize=150
[2025.10.12-16.12.24:662][  0]LogShaderLibrary: Display: ShaderCodeLibraryPakFileMountedCallback: PakFile 'E:/Epic/UE_4.27/FeaturePacks/TP_HandheldARBP.upack' (chunk index -1, root 'root:/') mounted
[2025.10.12-16.12.24:662][  0]LogShaderLibrary: Display: ShaderCodeLibraryPakFileMountedCallback: pending pak file info (ChunkID:-1 Root:root:/ File:E:/Epic/UE_4.27/FeaturePacks/TP_HandheldARBP.upack)
[2025.10.12-16.12.24:662][  0]LogPakFile: OnPakFileMounted2Time == 0.000030
[2025.10.12-16.12.24:690][  0]LogPakFile: PakFile PrimaryIndexSize=182
[2025.10.12-16.12.24:690][  0]LogPakFile: PakFile PathHashIndexSize=101
[2025.10.12-16.12.24:690][  0]LogPakFile: PakFile FullDirectoryIndexSize=138
[2025.10.12-16.12.24:690][  0]LogShaderLibrary: Display: ShaderCodeLibraryPakFileMountedCallback: PakFile 'E:/Epic/UE_4.27/FeaturePacks/TP_Puzzle.upack' (chunk index -1, root 'root:/') mounted
[2025.10.12-16.12.24:690][  0]LogShaderLibrary: Display: ShaderCodeLibraryPakFileMountedCallback: pending pak file info (ChunkID:-1 Root:root:/ File:E:/Epic/UE_4.27/FeaturePacks/TP_Puzzle.upack)
[2025.10.12-16.12.24:690][  0]LogPakFile: OnPakFileMounted2Time == 0.000025
[2025.10.12-16.12.24:695][  0]LogPakFile: PakFile PrimaryIndexSize=184
[2025.10.12-16.12.24:695][  0]LogPakFile: PakFile PathHashIndexSize=101
[2025.10.12-16.12.24:695][  0]LogPakFile: PakFile FullDirectoryIndexSize=142
[2025.10.12-16.12.24:695][  0]LogShaderLibrary: Display: ShaderCodeLibraryPakFileMountedCallback: PakFile 'E:/Epic/UE_4.27/FeaturePacks/TP_PuzzleBP.upack' (chunk index -1, root 'root:/') mounted
[2025.10.12-16.12.24:695][  0]LogShaderLibrary: Display: ShaderCodeLibraryPakFileMountedCallback: pending pak file info (ChunkID:-1 Root:root:/ File:E:/Epic/UE_4.27/FeaturePacks/TP_PuzzleBP.upack)
[2025.10.12-16.12.24:695][  0]LogPakFile: OnPakFileMounted2Time == 0.000029
[2025.10.12-16.12.24:701][  0]LogPakFile: PakFile PrimaryIndexSize=183
[2025.10.12-16.12.24:701][  0]LogPakFile: PakFile PathHashIndexSize=101
[2025.10.12-16.12.24:701][  0]LogPakFile: PakFile FullDirectoryIndexSize=140
[2025.10.12-16.12.24:701][  0]LogShaderLibrary: Display: ShaderCodeLibraryPakFileMountedCallback: PakFile 'E:/Epic/UE_4.27/FeaturePacks/TP_Rolling.upack' (chunk index -1, root 'root:/') mounted
[2025.10.12-16.12.24:701][  0]LogShaderLibrary: Display: ShaderCodeLibraryPakFileMountedCallback: pending pak file info (ChunkID:-1 Root:root:/ File:E:/Epic/UE_4.27/FeaturePacks/TP_Rolling.upack)
[2025.10.12-16.12.24:701][  0]LogPakFile: OnPakFileMounted2Time == 0.000029
[2025.10.12-16.12.24:706][  0]LogPakFile: PakFile PrimaryIndexSize=185
[2025.10.12-16.12.24:706][  0]LogPakFile: PakFile PathHashIndexSize=101
[2025.10.12-16.12.24:706][  0]LogPakFile: PakFile FullDirectoryIndexSize=144
[2025.10.12-16.12.24:707][  0]LogShaderLibrary: Display: ShaderCodeLibraryPakFileMountedCallback: PakFile 'E:/Epic/UE_4.27/FeaturePacks/TP_RollingBP.upack' (chunk index -1, root 'root:/') mounted
[2025.10.12-16.12.24:707][  0]LogShaderLibrary: Display: ShaderCodeLibraryPakFileMountedCallback: pending pak file info (ChunkID:-1 Root:root:/ File:E:/Epic/UE_4.27/FeaturePacks/TP_RollingBP.upack)
[2025.10.12-16.12.24:707][  0]LogPakFile: OnPakFileMounted2Time == 0.000051
[2025.10.12-16.12.24:712][  0]LogPakFile: PakFile PrimaryIndexSize=188
[2025.10.12-16.12.24:712][  0]LogPakFile: PakFile PathHashIndexSize=101
[2025.10.12-16.12.24:712][  0]LogPakFile: PakFile FullDirectoryIndexSize=150
[2025.10.12-16.12.24:712][  0]LogShaderLibrary: Display: ShaderCodeLibraryPakFileMountedCallback: PakFile 'E:/Epic/UE_4.27/FeaturePacks/TP_SideScroller.upack' (chunk index -1, root 'root:/') mounted
[2025.10.12-16.12.24:712][  0]LogShaderLibrary: Display: ShaderCodeLibraryPakFileMountedCallback: pending pak file info (ChunkID:-1 Root:root:/ File:E:/Epic/UE_4.27/FeaturePacks/TP_SideScroller.upack)
[2025.10.12-16.12.24:712][  0]LogPakFile: OnPakFileMounted2Time == 0.000030
[2025.10.12-16.12.24:718][  0]LogPakFile: PakFile PrimaryIndexSize=190
[2025.10.12-16.12.24:718][  0]LogPakFile: PakFile PathHashIndexSize=101
[2025.10.12-16.12.24:718][  0]LogPakFile: PakFile FullDirectoryIndexSize=154
[2025.10.12-16.12.24:718][  0]LogShaderLibrary: Display: ShaderCodeLibraryPakFileMountedCallback: PakFile 'E:/Epic/UE_4.27/FeaturePacks/TP_SideScrollerBP.upack' (chunk index -1, root 'root:/') mounted
[2025.10.12-16.12.24:718][  0]LogShaderLibrary: Display: ShaderCodeLibraryPakFileMountedCallback: pending pak file info (ChunkID:-1 Root:root:/ File:E:/Epic/UE_4.27/FeaturePacks/TP_SideScrollerBP.upack)
[2025.10.12-16.12.24:718][  0]LogPakFile: OnPakFileMounted2Time == 0.000031
[2025.10.12-16.12.24:723][  0]LogPakFile: PakFile PrimaryIndexSize=187
[2025.10.12-16.12.24:723][  0]LogPakFile: PakFile PathHashIndexSize=101
[2025.10.12-16.12.24:723][  0]LogPakFile: PakFile FullDirectoryIndexSize=148
[2025.10.12-16.12.24:723][  0]LogShaderLibrary: Display: ShaderCodeLibraryPakFileMountedCallback: PakFile 'E:/Epic/UE_4.27/FeaturePacks/TP_ThirdPerson.upack' (chunk index -1, root 'root:/') mounted
[2025.10.12-16.12.24:723][  0]LogShaderLibrary: Display: ShaderCodeLibraryPakFileMountedCallback: pending pak file info (ChunkID:-1 Root:root:/ File:E:/Epic/UE_4.27/FeaturePacks/TP_ThirdPerson.upack)
[2025.10.12-16.12.24:723][  0]LogPakFile: OnPakFileMounted2Time == 0.000030
[2025.10.12-16.12.24:757][  0]LogPakFile: PakFile PrimaryIndexSize=189
[2025.10.12-16.12.24:757][  0]LogPakFile: PakFile PathHashIndexSize=101
[2025.10.12-16.12.24:757][  0]LogPakFile: PakFile FullDirectoryIndexSize=152
[2025.10.12-16.12.24:757][  0]LogShaderLibrary: Display: ShaderCodeLibraryPakFileMountedCallback: PakFile 'E:/Epic/UE_4.27/FeaturePacks/TP_ThirdPersonBP.upack' (chunk index -1, root 'root:/') mounted
[2025.10.12-16.12.24:757][  0]LogShaderLibrary: Display: ShaderCodeLibraryPakFileMountedCallback: pending pak file info (ChunkID:-1 Root:root:/ File:E:/Epic/UE_4.27/FeaturePacks/TP_ThirdPersonBP.upack)
[2025.10.12-16.12.24:757][  0]LogPakFile: OnPakFileMounted2Time == 0.000030
[2025.10.12-16.12.24:765][  0]LogPakFile: PakFile PrimaryIndexSize=183
[2025.10.12-16.12.24:765][  0]LogPakFile: PakFile PathHashIndexSize=101
[2025.10.12-16.12.24:765][  0]LogPakFile: PakFile FullDirectoryIndexSize=140
[2025.10.12-16.12.24:765][  0]LogShaderLibrary: Display: ShaderCodeLibraryPakFileMountedCallback: PakFile 'E:/Epic/UE_4.27/FeaturePacks/TP_TopDown.upack' (chunk index -1, root 'root:/') mounted
[2025.10.12-16.12.24:765][  0]LogShaderLibrary: Display: ShaderCodeLibraryPakFileMountedCallback: pending pak file info (ChunkID:-1 Root:root:/ File:E:/Epic/UE_4.27/FeaturePacks/TP_TopDown.upack)
[2025.10.12-16.12.24:765][  0]LogPakFile: OnPakFileMounted2Time == 0.000036
[2025.10.12-16.12.24:770][  0]LogPakFile: PakFile PrimaryIndexSize=185
[2025.10.12-16.12.24:770][  0]LogPakFile: PakFile PathHashIndexSize=101
[2025.10.12-16.12.24:770][  0]LogPakFile: PakFile FullDirectoryIndexSize=144
[2025.10.12-16.12.24:770][  0]LogShaderLibrary: Display: ShaderCodeLibraryPakFileMountedCallback: PakFile 'E:/Epic/UE_4.27/FeaturePacks/TP_TopDownBP.upack' (chunk index -1, root 'root:/') mounted
[2025.10.12-16.12.24:770][  0]LogShaderLibrary: Display: ShaderCodeLibraryPakFileMountedCallback: pending pak file info (ChunkID:-1 Root:root:/ File:E:/Epic/UE_4.27/FeaturePacks/TP_TopDownBP.upack)
[2025.10.12-16.12.24:770][  0]LogPakFile: OnPakFileMounted2Time == 0.000029
[2025.10.12-16.12.24:777][  0]LogPakFile: PakFile PrimaryIndexSize=185
[2025.10.12-16.12.24:777][  0]LogPakFile: PakFile PathHashIndexSize=101
[2025.10.12-16.12.24:777][  0]LogPakFile: PakFile FullDirectoryIndexSize=144
[2025.10.12-16.12.24:777][  0]LogShaderLibrary: Display: ShaderCodeLibraryPakFileMountedCallback: PakFile 'E:/Epic/UE_4.27/FeaturePacks/TP_TwinStick.upack' (chunk index -1, root 'root:/') mounted
[2025.10.12-16.12.24:777][  0]LogShaderLibrary: Display: ShaderCodeLibraryPakFileMountedCallback: pending pak file info (ChunkID:-1 Root:root:/ File:E:/Epic/UE_4.27/FeaturePacks/TP_TwinStick.upack)
[2025.10.12-16.12.24:777][  0]LogPakFile: OnPakFileMounted2Time == 0.000029
[2025.10.12-16.12.24:782][  0]LogPakFile: PakFile PrimaryIndexSize=187
[2025.10.12-16.12.24:782][  0]LogPakFile: PakFile PathHashIndexSize=101
[2025.10.12-16.12.24:782][  0]LogPakFile: PakFile FullDirectoryIndexSize=148
[2025.10.12-16.12.24:782][  0]LogShaderLibrary: Display: ShaderCodeLibraryPakFileMountedCallback: PakFile 'E:/Epic/UE_4.27/FeaturePacks/TP_TwinStickBP.upack' (chunk index -1, root 'root:/') mounted
[2025.10.12-16.12.24:782][  0]LogShaderLibrary: Display: ShaderCodeLibraryPakFileMountedCallback: pending pak file info (ChunkID:-1 Root:root:/ File:E:/Epic/UE_4.27/FeaturePacks/TP_TwinStickBP.upack)
[2025.10.12-16.12.24:782][  0]LogPakFile: OnPakFileMounted2Time == 0.000029
[2025.10.12-16.12.24:787][  0]LogPakFile: PakFile PrimaryIndexSize=183
[2025.10.12-16.12.24:787][  0]LogPakFile: PakFile PathHashIndexSize=101
[2025.10.12-16.12.24:787][  0]LogPakFile: PakFile FullDirectoryIndexSize=140
[2025.10.12-16.12.24:787][  0]LogShaderLibrary: Display: ShaderCodeLibraryPakFileMountedCallback: PakFile 'E:/Epic/UE_4.27/FeaturePacks/TP_Vehicle.upack' (chunk index -1, root 'root:/') mounted
[2025.10.12-16.12.24:787][  0]LogShaderLibrary: Display: ShaderCodeLibraryPakFileMountedCallback: pending pak file info (ChunkID:-1 Root:root:/ File:E:/Epic/UE_4.27/FeaturePacks/TP_Vehicle.upack)
[2025.10.12-16.12.24:787][  0]LogPakFile: OnPakFileMounted2Time == 0.000029
[2025.10.12-16.12.24:792][  0]LogPakFile: PakFile PrimaryIndexSize=186
[2025.10.12-16.12.24:792][  0]LogPakFile: PakFile PathHashIndexSize=101
[2025.10.12-16.12.24:792][  0]LogPakFile: PakFile FullDirectoryIndexSize=146
[2025.10.12-16.12.24:792][  0]LogShaderLibrary: Display: ShaderCodeLibraryPakFileMountedCallback: PakFile 'E:/Epic/UE_4.27/FeaturePacks/TP_VehicleAdv.upack' (chunk index -1, root 'root:/') mounted
[2025.10.12-16.12.24:792][  0]LogShaderLibrary: Display: ShaderCodeLibraryPakFileMountedCallback: pending pak file info (ChunkID:-1 Root:root:/ File:E:/Epic/UE_4.27/FeaturePacks/TP_VehicleAdv.upack)
[2025.10.12-16.12.24:792][  0]LogPakFile: OnPakFileMounted2Time == 0.000029
[2025.10.12-16.12.24:813][  0]LogPakFile: PakFile PrimaryIndexSize=188
[2025.10.12-16.12.24:813][  0]LogPakFile: PakFile PathHashIndexSize=101
[2025.10.12-16.12.24:813][  0]LogPakFile: PakFile FullDirectoryIndexSize=150
[2025.10.12-16.12.24:813][  0]LogShaderLibrary: Display: ShaderCodeLibraryPakFileMountedCallback: PakFile 'E:/Epic/UE_4.27/FeaturePacks/TP_VehicleAdvBP.upack' (chunk index -1, root 'root:/') mounted
[2025.10.12-16.12.24:813][  0]LogShaderLibrary: Display: ShaderCodeLibraryPakFileMountedCallback: pending pak file info (ChunkID:-1 Root:root:/ File:E:/Epic/UE_4.27/FeaturePacks/TP_VehicleAdvBP.upack)
[2025.10.12-16.12.24:813][  0]LogPakFile: OnPakFileMounted2Time == 0.000030
[2025.10.12-16.12.24:821][  0]LogPakFile: PakFile PrimaryIndexSize=185
[2025.10.12-16.12.24:821][  0]LogPakFile: PakFile PathHashIndexSize=101
[2025.10.12-16.12.24:821][  0]LogPakFile: PakFile FullDirectoryIndexSize=144
[2025.10.12-16.12.24:821][  0]LogShaderLibrary: Display: ShaderCodeLibraryPakFileMountedCallback: PakFile 'E:/Epic/UE_4.27/FeaturePacks/TP_VehicleBP.upack' (chunk index -1, root 'root:/') mounted
[2025.10.12-16.12.24:821][  0]LogShaderLibrary: Display: ShaderCodeLibraryPakFileMountedCallback: pending pak file info (ChunkID:-1 Root:root:/ File:E:/Epic/UE_4.27/FeaturePacks/TP_VehicleBP.upack)
[2025.10.12-16.12.24:821][  0]LogPakFile: OnPakFileMounted2Time == 0.000030
[2025.10.12-16.12.24:827][  0]LogPakFile: PakFile PrimaryIndexSize=192
[2025.10.12-16.12.24:827][  0]LogPakFile: PakFile PathHashIndexSize=101
[2025.10.12-16.12.24:827][  0]LogPakFile: PakFile FullDirectoryIndexSize=158
[2025.10.12-16.12.24:827][  0]LogShaderLibrary: Display: ShaderCodeLibraryPakFileMountedCallback: PakFile 'E:/Epic/UE_4.27/FeaturePacks/TP_VirtualRealityBP.upack' (chunk index -1, root 'root:/') mounted
[2025.10.12-16.12.24:828][  0]LogShaderLibrary: Display: ShaderCodeLibraryPakFileMountedCallback: pending pak file info (ChunkID:-1 Root:root:/ File:E:/Epic/UE_4.27/FeaturePacks/TP_VirtualRealityBP.upack)
[2025.10.12-16.12.24:828][  0]LogPakFile: OnPakFileMounted2Time == 0.000031
[2025.10.12-16.12.25:492][  0]LogNativeClassHierarchy: Verbose: Native class hierarchy updated for 'AddContentDialog' in 0.0003 seconds. Added 0 classes and 0 folders.
[2025.10.12-16.12.25:519][  0]LogNativeClassHierarchy: Verbose: Native class hierarchy updated for 'SceneOutliner' in 0.0002 seconds. Added 2 classes and 0 folders.
[2025.10.12-16.12.25:993][  0]LogSlate: Took 0.000105 seconds to synchronously load lazily loaded font '../../../Engine/Content/Slate/Fonts/Roboto-Regular.ttf' (155K)
[2025.10.12-16.12.26:010][  0]LogSlate: Took 0.015982 seconds to synchronously load lazily loaded font '../../../Engine/Content/Editor/Slate/Fonts/FontAwesome.ttf' (139K)
[2025.10.12-16.12.26:040][  0]LogSlate: Took 0.000106 seconds to synchronously load lazily loaded font '../../../Engine/Content/Slate/Fonts/Roboto-Bold.ttf' (160K)
[2025.10.12-16.12.26:165][  0]LogRenderer: Reallocating scene render targets to support 1600x652 Format 10 NumSamples 1 (Frame:1).
[2025.10.12-16.12.26:500][  0]LogNativeClassHierarchy: Verbose: Native class hierarchy updated for 'HierarchicalLODOutliner' in 0.0003 seconds. Added 0 classes and 0 folders.
[2025.10.12-16.12.26:500][  0]LogLoad: (Engine Initialization) Total time: 20.97 seconds
[2025.10.12-16.12.26:500][  0]LogLoad: (Engine Initialization) Total Blueprint compile time: 0.00 seconds
[2025.10.12-16.12.26:514][  0]LogLinker: Warning: Failed to load '/Engine/BasicShapes/Cube': Can't find file.
[2025.10.12-16.12.26:514][  0]LogLinker: Warning: Failed to load '/Engine/BasicShapes/Cube': Can't find file.
[2025.10.12-16.12.26:514][  0]LogUObjectGlobals: Warning: Failed to find object 'StaticMesh /Engine/BasicShapes/Cube.Cube'
[2025.10.12-16.12.26:546][  0]LogAssetRegistry: Asset discovery search completed in 18.5898 seconds
[2025.10.12-16.12.26:550][  0]LogCollectionManager: Fixed up redirectors for 0 collections in 0.000003 seconds (updated 0 objects)
[2025.10.12-16.12.26:565][  0]LogContentStreaming: Texture pool size now 1000 MB
[2025.10.12-16.12.26:640][  0]LogSlate: Took 0.022736 seconds to synchronously load lazily loaded font '../../../Engine/Content/Slate/Fonts/DroidSansMono.ttf' (77K)
[2025.10.12-16.12.26:743][  2]LogSlate: Took 0.022847 seconds to synchronously load lazily loaded font '../../../Engine/Content/Slate/Fonts/Roboto-Light.ttf' (167K)
[2025.10.12-16.12.29:156][265]LogSlate: Window 'Message Log' being destroyed
[2025.10.12-16.12.29:160][265]LogSlate: Window 'Message Log' being destroyed
[2025.10.12-16.12.43:914][  0]LogUObjectHash: Compacting FUObjectHashTables data took   0.58ms
[2025.10.12-16.12.43:920][  0]LogSlate: Took 0.000108 seconds to synchronously load lazily loaded font '../../../Engine/Content/Slate/Fonts/Roboto-Light.ttf' (167K)
[2025.10.12-16.12.43:932][  0]LogAssetEditorSubsystem: Opening Asset editor for World /Game/Maps/ComidaVivaIA.ComidaVivaIA
[2025.10.12-16.12.43:932][  0]Cmd: MAP LOAD FILE="C:/Users/PC/Documents/GitHub/TasteOfMadness/TasteOfMadness/Content/Maps/ComidaVivaIA.umap" TEMPLATE=0 SHOWPROGRESS=1 FEATURELEVEL=3
[2025.10.12-16.12.43:932][  0]LightingResults: New page: Lighting Build
[2025.10.12-16.12.43:932][  0]LoadErrors: New page: Loading map: ComidaVivaIA.umap
[2025.10.12-16.12.43:936][  0]LogWorld: UWorld::CleanupWorld for MainPersistent, bSessionEnded=true, bCleanupResources=true
[2025.10.12-16.12.43:937][  0]LogSlate: InvalidateAllWidgets triggered.  All widgets were invalidated
[2025.10.12-16.12.43:937][  0]LogWorld: UWorld::CleanupWorld for FrancisIA, bSessionEnded=true, bCleanupResources=true
[2025.10.12-16.12.43:937][  0]LogSlate: InvalidateAllWidgets triggered.  All widgets were invalidated
[2025.10.12-16.12.43:937][  0]LogWorld: UWorld::CleanupWorld for ComidaVivaIA, bSessionEnded=true, bCleanupResources=true
[2025.10.12-16.12.43:937][  0]LogSlate: InvalidateAllWidgets triggered.  All widgets were invalidated
[2025.10.12-16.12.43:937][  0]LogWorld: UWorld::CleanupWorld for PropsSamuel, bSessionEnded=true, bCleanupResources=true
[2025.10.12-16.12.43:937][  0]LogSlate: InvalidateAllWidgets triggered.  All widgets were invalidated
[2025.10.12-16.12.43:937][  0]LogWorld: UWorld::CleanupWorld for PropsMichelle, bSessionEnded=true, bCleanupResources=true
[2025.10.12-16.12.43:937][  0]LogSlate: InvalidateAllWidgets triggered.  All widgets were invalidated
[2025.10.12-16.12.43:937][  0]LogWorld: UWorld::CleanupWorld for PropsDaniela, bSessionEnded=true, bCleanupResources=true
[2025.10.12-16.12.43:937][  0]LogSlate: InvalidateAllWidgets triggered.  All widgets were invalidated
[2025.10.12-16.12.43:937][  0]LogWorld: UWorld::CleanupWorld for PropsChris, bSessionEnded=true, bCleanupResources=true
[2025.10.12-16.12.43:937][  0]LogSlate: InvalidateAllWidgets triggered.  All widgets were invalidated
[2025.10.12-16.12.43:937][  0]LogWorld: UWorld::CleanupWorld for PropsOliver, bSessionEnded=true, bCleanupResources=true
[2025.10.12-16.12.43:937][  0]LogSlate: InvalidateAllWidgets triggered.  All widgets were invalidated
[2025.10.12-16.12.43:937][  0]MapCheck: New page: Map Check
[2025.10.12-16.12.43:937][  0]LightingResults: New page: Lighting Build
[2025.10.12-16.12.43:940][  0]LogAudio: Display: Audio Device unregistered from world 'None'.
[2025.10.12-16.12.43:943][  0]LogUObjectHash: Compacting FUObjectHashTables data took   0.79ms
[2025.10.12-16.12.43:943][  0]LogAudio: Display: Audio Device (ID: 1) registered with world 'ComidaVivaIA'.
[2025.10.12-16.12.43:944][  0]LogAIModule: Creating AISystem for world ComidaVivaIA
[2025.10.12-16.12.44:017][  0]LogEditorServer: Finished looking for orphan Actors (0.000 secs)
[2025.10.12-16.12.44:022][  0]LogUObjectHash: Compacting FUObjectHashTables data took   0.58ms
[2025.10.12-16.12.44:036][  0]Cmd: MAP CHECKDEP NOCLEARLOG
[2025.10.12-16.12.44:036][  0]MapCheck: Map check complete: 0 Error(s), 0 Warning(s), took 0.098ms to complete.
[2025.10.12-16.12.44:036][  0]LogFileHelpers: Loading map 'ComidaVivaIA' took 0.105
[2025.10.12-16.12.44:077][  0]LogUObjectHash: Compacting FUObjectHashTables data took   0.28ms
[2025.10.12-16.12.52:605][979]LogScript: Warning: Accessed None trying to read property CallFunc_TryGetPawnOwner_ReturnValue
	ABP_Swarm_C /Engine/Transient.World_1:PersistentLevel.SkeletalMeshActor_0.SkeletalMeshComponent0.ABP_Swarm_C_0
	Function /Game/Characters/Content_Enemies/BP_Rata/ABP_Swarm.ABP_Swarm_C:ExecuteUbergraph_ABP_Swarm:00D8
[2025.10.12-16.12.54:483][139]LogEditorViewport: Clicking on Actor (LMB): StaticMeshActor (Floor)
[2025.10.12-16.12.56:515][374]LogTemp: Repeating last play command: Selected Viewport
[2025.10.12-16.12.56:533][374]LogPlayLevel: PlayLevel: No blueprints needed recompiling
[2025.10.12-16.12.56:542][374]PIE: New page: PIE session: ComidaVivaIA (Oct 12, 2025, 5:12:56 AM)
[2025.10.12-16.12.56:556][374]LogOnline: OSS: Creating online subsystem instance for: NULL
[2025.10.12-16.12.56:557][374]LogOnline: OSS: TryLoadSubsystemAndSetDefault: Loaded subsystem for module [NULL]
[2025.10.12-16.12.56:557][374]LogPlayLevel: Creating play world package: /Game/Maps/UEDPIE_0_ComidaVivaIA
[2025.10.12-16.12.56:559][374]LogPlayLevel: PIE: StaticDuplicateObject took: (0.001969s)
[2025.10.12-16.12.56:560][374]LogAIModule: Creating AISystem for world ComidaVivaIA
[2025.10.12-16.12.56:560][374]LogPlayLevel: PIE: World Init took: (0.000915s)
[2025.10.12-16.12.56:560][374]LogPlayLevel: PIE: Created PIE world by copying editor world from /Game/Maps/ComidaVivaIA.ComidaVivaIA to /Game/Maps/UEDPIE_0_ComidaVivaIA.ComidaVivaIA (0.002997s)
[2025.10.12-16.12.56:566][374]LogUObjectHash: Compacting FUObjectHashTables data took   0.85ms
[2025.10.12-16.12.56:567][374]LogAudio: Display: Creating Audio Device:                 Id: 2, Scope: Unique, Realtime: True
[2025.10.12-16.12.56:567][374]LogAudioMixer: Display: Audio Mixer Platform Settings:
[2025.10.12-16.12.56:567][374]LogAudioMixer: Display: 	Sample Rate:						  48000
[2025.10.12-16.12.56:567][374]LogAudioMixer: Display: 	Callback Buffer Frame Size Requested: 1024
[2025.10.12-16.12.56:567][374]LogAudioMixer: Display: 	Callback Buffer Frame Size To Use:	  1024
[2025.10.12-16.12.56:567][374]LogAudioMixer: Display: 	Number of buffers to queue:			  2
[2025.10.12-16.12.56:567][374]LogAudioMixer: Display: 	Max Channels (voices):				  32
[2025.10.12-16.12.56:567][374]LogAudioMixer: Display: 	Number of Async Source Workers:		  0
[2025.10.12-16.12.56:567][374]LogAudio: Display: AudioDevice MaxSources: 32
[2025.10.12-16.12.56:567][374]LogAudio: Display: Audio Spatialization Plugin: None (built-in).
[2025.10.12-16.12.56:567][374]LogAudio: Display: Audio Reverb Plugin: None (built-in).
[2025.10.12-16.12.56:567][374]LogAudio: Display: Audio Occlusion Plugin: None (built-in).
[2025.10.12-16.12.56:567][374]LogAudioMixer: Display: Initializing audio mixer.
[2025.10.12-16.12.56:570][374]LogAudioMixer: Display: 0: FrontLeft
[2025.10.12-16.12.56:570][374]LogAudioMixer: Display: 1: FrontRight
[2025.10.12-16.12.56:576][374]LogAudioMixer: Display: Using Audio Device LC24RG50 (NVIDIA High Definition Audio)
[2025.10.12-16.12.56:576][374]LogAudioMixer: Display: Initializing Sound Submixes...
[2025.10.12-16.12.56:576][374]LogAudioMixer: Display: Creating Master Submix 'MasterSubmixDefault'
[2025.10.12-16.12.56:576][374]LogAudioMixer: Display: Creating Master Submix 'MasterReverbSubmixDefault'
[2025.10.12-16.12.56:577][374]LogAudioMixer: Display: Creating Master Submix 'MasterEQSubmixDefault'
[2025.10.12-16.12.56:577][374]LogAudioMixer: FMixerPlatformXAudio2::StartAudioStream() called
[2025.10.12-16.12.56:577][374]LogAudioMixer: Display: Output buffers initialized: Frames=1024, Channels=2, Samples=2048
[2025.10.12-16.12.56:577][374]LogAudioMixer: Display: Starting AudioMixerPlatformInterface::RunInternal()
[2025.10.12-16.12.56:577][374]LogAudioMixer: Display: FMixerPlatformXAudio2::SubmitBuffer() called for the first time
[2025.10.12-16.12.56:577][374]LogInit: FAudioDevice initialized.
[2025.10.12-16.12.56:577][374]LogAudio: Display: Audio Device (ID: 2) registered with world 'ComidaVivaIA'.
[2025.10.12-16.12.56:611][374]LogLoad: Game class is 'BP_GameMode_C'
[2025.10.12-16.12.56:644][374]LogWorld: Bringing World /Game/Maps/UEDPIE_0_ComidaVivaIA.ComidaVivaIA up for play (max tick rate 0) at 2025.10.12-10.12.56
[2025.10.12-16.12.56:668][374]LogWorld: Bringing up level for play took: 0.036690
[2025.10.12-16.12.56:668][374]LogOnline: OSS: Creating online subsystem instance for: :Context_6
[2025.10.12-16.12.56:697][374]LogNativeClassHierarchy: Verbose: Native class hierarchy updated for 'MovieSceneCapture' in 0.0003 seconds. Added 20 classes and 0 folders.
[2025.10.12-16.12.56:741][374]LogBlueprintUserMessages: [BP_ClareCharacter_C_0] BP_Sarten
[2025.10.12-16.12.56:743][374]LogBlueprintUserMessages: [BP_ClareCharacter_C_0] BP_Olla
[2025.10.12-16.12.56:744][374]LogBlueprintUserMessages: [BP_ClareCharacter_C_0] BP_LlaveInglesa
[2025.10.12-16.12.56:746][374]LogBlueprintUserMessages: [BP_ClareCharacter_C_0] BP_Escoba
[2025.10.12-16.12.56:747][374]LogBlueprintUserMessages: [BP_ClareCharacter_C_0] BP_Trapeador
[2025.10.12-16.12.56:749][374]LogBlueprintUserMessages: [BP_ClareCharacter_C_0] BP_Extintor
[2025.10.12-16.12.56:750][374]LogBlueprintUserMessages: [BP_ClareCharacter_C_0] BP_Cuchillo
[2025.10.12-16.12.56:751][374]PIE: Server logged in
[2025.10.12-16.12.56:770][374]PIE: Play in editor total start time 0.251 seconds.
[2025.10.12-16.12.56:999][398]LogBlueprintUserMessages: [BP_SwarmEnemy_2] "Përsiguiendo"
[2025.10.12-16.12.57:499][458]LogBlueprintUserMessages: [BP_SwarmEnemy_2] "Përsiguiendo"
[2025.10.12-16.12.58:000][518]LogBlueprintUserMessages: [BP_SwarmEnemy_2] "Përsiguiendo"
[2025.10.12-16.12.58:500][578]LogBlueprintUserMessages: [BP_SwarmEnemy_2] "Përsiguiendo"
[2025.10.12-16.12.59:000][638]LogBlueprintUserMessages: [BP_SwarmEnemy_2] "Përsiguiendo"
[2025.10.12-16.12.59:500][698]LogBlueprintUserMessages: [BP_SwarmEnemy_2] "Përsiguiendo"
[2025.10.12-16.13.00:000][758]LogBlueprintUserMessages: [BP_SwarmEnemy_2] "Përsiguiendo"
[2025.10.12-16.13.01:501][937]LogBlueprintUserMessages: [BP_SwarmEnemy_2] "Përsiguiendo"
[2025.10.12-16.13.02:003][996]LogBlueprintUserMessages: [BP_SwarmEnemy_2] "Përsiguiendo"
[2025.10.12-16.13.02:503][ 56]LogBlueprintUserMessages: [BP_SwarmEnemy_2] "Përsiguiendo"
[2025.10.12-16.13.03:003][116]LogBlueprintUserMessages: [BP_SwarmEnemy_2] "Përsiguiendo"
[2025.10.12-16.13.03:503][176]LogBlueprintUserMessages: [BP_SwarmEnemy_2] "Përsiguiendo"
[2025.10.12-16.13.04:003][236]LogBlueprintUserMessages: [BP_SwarmEnemy_2] "Përsiguiendo"
[2025.10.12-16.13.04:503][296]LogBlueprintUserMessages: [BP_SwarmEnemy_2] "Përsiguiendo"
[2025.10.12-16.13.05:003][356]LogBlueprintUserMessages: [BP_SwarmEnemy_2] "Përsiguiendo"
[2025.10.12-16.13.05:503][416]LogBlueprintUserMessages: [BP_SwarmEnemy_2] "Përsiguiendo"
[2025.10.12-16.13.05:813][449]LogSlate: Updating window title bar state: overlay mode, drag disabled, window buttons hidden, title bar hidden
[2025.10.12-16.13.05:813][449]LogWorld: BeginTearingDown for /Game/Maps/UEDPIE_0_ComidaVivaIA
[2025.10.12-16.13.05:813][449]LogWorld: UWorld::CleanupWorld for ComidaVivaIA, bSessionEnded=true, bCleanupResources=true
[2025.10.12-16.13.05:813][449]LogSlate: InvalidateAllWidgets triggered.  All widgets were invalidated
[2025.10.12-16.13.05:819][449]LogPlayLevel: Display: Shutting down PIE online subsystems
[2025.10.12-16.13.05:832][449]LogSlate: InvalidateAllWidgets triggered.  All widgets were invalidated
[2025.10.12-16.13.05:836][449]LogAudio: Display: Audio Device unregistered from world 'None'.
[2025.10.12-16.13.05:836][449]LogAudioMixer: FMixerPlatformXAudio2::StopAudioStream() called
[2025.10.12-16.13.05:837][449]LogAudioMixer: FMixerPlatformXAudio2::StopAudioStream() called
[2025.10.12-16.13.05:839][449]LogSlate: Updating window title bar state: overlay mode, drag disabled, window buttons hidden, title bar hidden
[2025.10.12-16.13.05:842][449]LogUObjectHash: Compacting FUObjectHashTables data took   0.63ms
[2025.10.12-16.13.05:893][451]LogPlayLevel: Display: Destroying online subsystem :Context_6
[2025.10.12-16.15.08:690][400]LogEditorViewport: Clicking on Actor (context menu): StaticMeshActor (Floor)
[2025.10.12-16.15.20:330][782]LogEditorViewport: Clicking on Actor (context menu): BP_Sky_Sphere_C (Sky Sphere)
[2025.10.12-16.15.23:451][142]LogEditorViewport: Clicking on Actor (context menu): BP_Sky_Sphere_C (Sky Sphere)
[2025.10.12-16.17.24:050][477]LogSlate: Only BGRA pngs, bmps or icos are supported in by External Image Picker
[2025.10.12-16.22.51:908][648]LogUObjectHash: Compacting FUObjectHashTables data took   0.83ms
[2025.10.12-16.22.51:956][648]LogSavePackage: Moving 'C:/Users/PC/Documents/GitHub/TasteOfMadness/TasteOfMadness/Saved/ComidaVivaIA_Auto131EA593640CF7B0EFB4888A1F130BF7D.tmp' to 'C:/Users/PC/Documents/GitHub/TasteOfMadness/TasteOfMadness/Saved/Autosaves/Game/Maps/ComidaVivaIA_Auto1.umap'
[2025.10.12-16.22.51:970][648]LogFileHelpers: Editor autosave (incl. external actors) for '/Game/Maps/ComidaVivaIA' took 0.069
[2025.10.12-16.22.51:971][648]LogFileHelpers: Editor autosave (incl. sublevels & external actors) for all levels took 0.069
[2025.10.12-16.22.52:350][693]LogSlate: Window 'Project Settings' being destroyed
[2025.10.12-16.22.52:354][693]LogSlate: Window 'Project Settings' being destroyed
[2025.10.12-16.22.56:460][177]Cmd: OBJ SAVEPACKAGE PACKAGE="/Game/Maps/ComidaVivaIA" FILE="C:/Users/PC/Documents/GitHub/TasteOfMadness/TasteOfMadness/Content/Maps/ComidaVivaIA.umap" SILENT=true AUTOSAVING=false KEEPDIRTY=false
[2025.10.12-16.22.56:463][177]LogUObjectHash: Compacting FUObjectHashTables data took   0.25ms
[2025.10.12-16.22.56:471][177]LogSavePackage: Moving 'C:/Users/PC/Documents/GitHub/TasteOfMadness/TasteOfMadness/Saved/ComidaVivaIA0CD6799D461C3F52D1914390D3DAC8DF.tmp' to 'C:/Users/PC/Documents/GitHub/TasteOfMadness/TasteOfMadness/Content/Maps/ComidaVivaIA.umap'
[2025.10.12-16.22.56:496][177]AssetCheck: New page: Asset Save: ComidaVivaIA
[2025.10.12-16.22.56:496][177]LogContentValidation: Display: Validating World /Game/Maps/ComidaVivaIA.ComidaVivaIA
[2025.10.12-16.23.15:423][446]LogEditorViewport: Clicking on Actor (context menu): StaticMeshActor (Floor)
[2025.10.12-16.23.16:310][547]LogEditorViewport: Clicking on Actor (LMB): BP_Sky_Sphere_C (Sky Sphere)
[2025.10.12-16.24.23:526][575]LogEditorViewport: Clicking on Actor (LMB): StaticMeshActor (Floor)
[2025.10.12-16.24.26:424][920]LogEditorViewport: Clicking on Actor (LMB): StaticMeshActor (Floor)
[2025.10.12-16.24.27:774][ 81]LogEditorViewport: Clicking on Actor (LMB): StaticMeshActor (Floor)
[2025.10.12-16.24.57:610][195]LogSlate: Only BGRA pngs, bmps or icos are supported in by External Image Picker
[2025.10.12-16.25.29:539][983]LogSlate: Window 'Project Settings' being destroyed
[2025.10.12-16.25.29:544][983]LogSlate: Window 'Project Settings' being destroyed
[2025.10.12-16.25.42:161][491]Cmd: OBJ SAVEPACKAGE PACKAGE="/Game/Maps/ComidaVivaIA" FILE="C:/Users/PC/Documents/GitHub/TasteOfMadness/TasteOfMadness/Content/Maps/ComidaVivaIA.umap" SILENT=true AUTOSAVING=false KEEPDIRTY=false
[2025.10.12-16.25.42:166][491]LogUObjectHash: Compacting FUObjectHashTables data took   0.77ms
[2025.10.12-16.25.42:175][491]LogSavePackage: Moving 'C:/Users/PC/Documents/GitHub/TasteOfMadness/TasteOfMadness/Saved/ComidaVivaIA36B3945A42242F229C247985AC05E85F.tmp' to 'C:/Users/PC/Documents/GitHub/TasteOfMadness/TasteOfMadness/Content/Maps/ComidaVivaIA.umap'
[2025.10.12-16.25.42:200][491]AssetCheck: New page: Asset Save: ComidaVivaIA
[2025.10.12-16.25.42:200][491]LogContentValidation: Display: Validating World /Game/Maps/ComidaVivaIA.ComidaVivaIA
[2025.10.12-16.26.19:429][953]LogEditorViewport: Clicking on Actor (LMB): BP_Sky_Sphere_C (Sky Sphere)
[2025.10.12-16.26.21:110][151]Cmd: OBJ SAVEPACKAGE PACKAGE="/Game/Maps/ComidaVivaIA" FILE="C:/Users/PC/Documents/GitHub/TasteOfMadness/TasteOfMadness/Content/Maps/ComidaVivaIA.umap" SILENT=true AUTOSAVING=false KEEPDIRTY=false
[2025.10.12-16.26.21:115][151]LogUObjectHash: Compacting FUObjectHashTables data took   0.71ms
[2025.10.12-16.26.21:124][151]LogSavePackage: Moving 'C:/Users/PC/Documents/GitHub/TasteOfMadness/TasteOfMadness/Saved/ComidaVivaIAF54C3E8346F4154E806AB5848ADD77AD.tmp' to 'C:/Users/PC/Documents/GitHub/TasteOfMadness/TasteOfMadness/Content/Maps/ComidaVivaIA.umap'
[2025.10.12-16.26.21:147][151]AssetCheck: New page: Asset Save: ComidaVivaIA
[2025.10.12-16.26.21:147][151]LogContentValidation: Display: Validating World /Game/Maps/ComidaVivaIA.ComidaVivaIA
[2025.10.12-16.26.26:817][830]LogTemp: Repeating last play command: Selected Viewport
[2025.10.12-16.26.26:822][830]LogPlayLevel: PlayLevel: No blueprints needed recompiling
[2025.10.12-16.26.26:823][830]PIE: New page: PIE session: ComidaVivaIA (Oct 12, 2025, 5:26:26 AM)
[2025.10.12-16.26.26:843][830]LogPlayLevel: Creating play world package: /Game/Maps/UEDPIE_0_ComidaVivaIA
[2025.10.12-16.26.26:845][830]LogPlayLevel: PIE: StaticDuplicateObject took: (0.002409s)
[2025.10.12-16.26.26:846][830]LogAIModule: Creating AISystem for world ComidaVivaIA
[2025.10.12-16.26.26:846][830]LogPlayLevel: PIE: World Init took: (0.000887s)
[2025.10.12-16.26.26:846][830]LogPlayLevel: PIE: Created PIE world by copying editor world from /Game/Maps/ComidaVivaIA.ComidaVivaIA to /Game/Maps/UEDPIE_0_ComidaVivaIA.ComidaVivaIA (0.003389s)
[2025.10.12-16.26.26:850][830]LogUObjectHash: Compacting FUObjectHashTables data took   0.57ms
[2025.10.12-16.26.26:852][830]LogAudio: Display: Creating Audio Device:                 Id: 3, Scope: Unique, Realtime: True
[2025.10.12-16.26.26:852][830]LogAudioMixer: Display: Audio Mixer Platform Settings:
[2025.10.12-16.26.26:852][830]LogAudioMixer: Display: 	Sample Rate:						  48000
[2025.10.12-16.26.26:852][830]LogAudioMixer: Display: 	Callback Buffer Frame Size Requested: 1024
[2025.10.12-16.26.26:852][830]LogAudioMixer: Display: 	Callback Buffer Frame Size To Use:	  1024
[2025.10.12-16.26.26:852][830]LogAudioMixer: Display: 	Number of buffers to queue:			  2
[2025.10.12-16.26.26:852][830]LogAudioMixer: Display: 	Max Channels (voices):				  32
[2025.10.12-16.26.26:852][830]LogAudioMixer: Display: 	Number of Async Source Workers:		  0
[2025.10.12-16.26.26:852][830]LogAudio: Display: AudioDevice MaxSources: 32
[2025.10.12-16.26.26:852][830]LogAudio: Display: Audio Spatialization Plugin: None (built-in).
[2025.10.12-16.26.26:852][830]LogAudio: Display: Audio Reverb Plugin: None (built-in).
[2025.10.12-16.26.26:852][830]LogAudio: Display: Audio Occlusion Plugin: None (built-in).
[2025.10.12-16.26.26:852][830]LogAudioMixer: Display: Initializing audio mixer.
[2025.10.12-16.26.26:855][830]LogAudioMixer: Display: 0: FrontLeft
[2025.10.12-16.26.26:855][830]LogAudioMixer: Display: 1: FrontRight
[2025.10.12-16.26.26:862][830]LogAudioMixer: Display: Using Audio Device LC24RG50 (NVIDIA High Definition Audio)
[2025.10.12-16.26.26:862][830]LogAudioMixer: Display: Initializing Sound Submixes...
[2025.10.12-16.26.26:862][830]LogAudioMixer: Display: Creating Master Submix 'MasterSubmixDefault'
[2025.10.12-16.26.26:862][830]LogAudioMixer: Display: Creating Master Submix 'MasterReverbSubmixDefault'
[2025.10.12-16.26.26:862][830]LogAudioMixer: Display: Creating Master Submix 'MasterEQSubmixDefault'
[2025.10.12-16.26.26:862][830]LogAudioMixer: FMixerPlatformXAudio2::StartAudioStream() called
[2025.10.12-16.26.26:862][830]LogAudioMixer: Display: Output buffers initialized: Frames=1024, Channels=2, Samples=2048
[2025.10.12-16.26.26:863][830]LogAudioMixer: Display: Starting AudioMixerPlatformInterface::RunInternal()
[2025.10.12-16.26.26:863][830]LogAudioMixer: Display: FMixerPlatformXAudio2::SubmitBuffer() called for the first time
[2025.10.12-16.26.26:863][830]LogInit: FAudioDevice initialized.
[2025.10.12-16.26.26:863][830]LogAudio: Display: Audio Device (ID: 3) registered with world 'ComidaVivaIA'.
[2025.10.12-16.26.26:871][830]LogLoad: Game class is 'BP_GameMode_C'
[2025.10.12-16.26.26:873][830]LogWorld: Bringing World /Game/Maps/UEDPIE_0_ComidaVivaIA.ComidaVivaIA up for play (max tick rate 0) at 2025.10.12-10.26.26
[2025.10.12-16.26.26:873][830]LogWorld: Bringing up level for play took: 0.001003
[2025.10.12-16.26.26:873][830]LogOnline: OSS: Creating online subsystem instance for: :Context_11
[2025.10.12-16.26.26:875][830]LogBlueprintUserMessages: [BP_ClareCharacter_C_0] BP_Sarten
[2025.10.12-16.26.26:877][830]LogBlueprintUserMessages: [BP_ClareCharacter_C_0] BP_Olla
[2025.10.12-16.26.26:878][830]LogBlueprintUserMessages: [BP_ClareCharacter_C_0] BP_LlaveInglesa
[2025.10.12-16.26.26:880][830]LogBlueprintUserMessages: [BP_ClareCharacter_C_0] BP_Escoba
[2025.10.12-16.26.26:881][830]LogBlueprintUserMessages: [BP_ClareCharacter_C_0] BP_Trapeador
[2025.10.12-16.26.26:883][830]LogBlueprintUserMessages: [BP_ClareCharacter_C_0] BP_Extintor
[2025.10.12-16.26.26:884][830]LogBlueprintUserMessages: [BP_ClareCharacter_C_0] BP_Cuchillo
[2025.10.12-16.26.26:885][830]PIE: Server logged in
[2025.10.12-16.26.26:886][830]PIE: Play in editor total start time 0.065 seconds.
[2025.10.12-16.26.26:947][836]LogBlueprintUserMessages: [BP_SwarmEnemy_2] "Përsiguiendo"
[2025.10.12-16.26.27:447][896]LogBlueprintUserMessages: [BP_SwarmEnemy_2] "Përsiguiendo"
[2025.10.12-16.26.27:947][956]LogBlueprintUserMessages: [BP_SwarmEnemy_2] "Përsiguiendo"
[2025.10.12-16.26.28:447][ 16]LogBlueprintUserMessages: [BP_SwarmEnemy_2] "Përsiguiendo"
[2025.10.12-16.26.28:948][ 76]LogBlueprintUserMessages: [BP_SwarmEnemy_2] "Përsiguiendo"
[2025.10.12-16.26.29:447][136]LogBlueprintUserMessages: [BP_SwarmEnemy_2] "Përsiguiendo"
[2025.10.12-16.26.29:948][196]LogBlueprintUserMessages: [BP_SwarmEnemy_2] "Përsiguiendo"
[2025.10.12-16.26.30:447][256]LogBlueprintUserMessages: [BP_SwarmEnemy_2] "Përsiguiendo"
[2025.10.12-16.26.30:947][316]LogBlueprintUserMessages: [BP_SwarmEnemy_2] "Përsiguiendo"
[2025.10.12-16.26.31:447][376]LogBlueprintUserMessages: [BP_SwarmEnemy_2] "Përsiguiendo"
[2025.10.12-16.26.31:947][436]LogBlueprintUserMessages: [BP_SwarmEnemy_2] "Përsiguiendo"
[2025.10.12-16.26.32:448][496]LogBlueprintUserMessages: [BP_SwarmEnemy_2] "Përsiguiendo"
[2025.10.12-16.26.32:947][556]LogBlueprintUserMessages: [BP_SwarmEnemy_2] "Përsiguiendo"
[2025.10.12-16.26.39:153][297]LogSlate: Updating window title bar state: overlay mode, drag disabled, window buttons hidden, title bar hidden
[2025.10.12-16.26.39:153][297]LogWorld: BeginTearingDown for /Game/Maps/UEDPIE_0_ComidaVivaIA
[2025.10.12-16.26.39:154][297]LogWorld: UWorld::CleanupWorld for ComidaVivaIA, bSessionEnded=true, bCleanupResources=true
[2025.10.12-16.26.39:154][297]LogSlate: InvalidateAllWidgets triggered.  All widgets were invalidated
[2025.10.12-16.26.39:164][297]LogPlayLevel: Display: Shutting down PIE online subsystems
[2025.10.12-16.26.39:170][297]LogSlate: InvalidateAllWidgets triggered.  All widgets were invalidated
[2025.10.12-16.26.39:174][297]LogAudio: Display: Audio Device unregistered from world 'None'.
[2025.10.12-16.26.39:175][297]LogAudioMixer: FMixerPlatformXAudio2::StopAudioStream() called
[2025.10.12-16.26.39:176][297]LogAudioMixer: FMixerPlatformXAudio2::StopAudioStream() called
[2025.10.12-16.26.39:178][297]LogSlate: Updating window title bar state: overlay mode, drag disabled, window buttons hidden, title bar hidden
[2025.10.12-16.26.39:181][297]LogUObjectHash: Compacting FUObjectHashTables data took   0.60ms
[2025.10.12-16.26.39:233][299]LogPlayLevel: Display: Destroying online subsystem :Context_11
[2025.10.12-16.35.01:991][532]LogUObjectHash: Compacting FUObjectHashTables data took   0.66ms
[2025.10.12-16.35.10:426][532]LogSlate: Window 'Delete Assets' being destroyed
[2025.10.12-16.35.17:473][319]LogAssetEditorSubsystem: Opening Asset editor for Blueprint /Game/Characters/Content_Enemies/Rata/BP_Rata.BP_Rata
[2025.10.12-16.35.17:629][319]LogNativeClassHierarchy: Verbose: Native class hierarchy updated for 'BlueprintGraph' in 0.0005 seconds. Added 126 classes and 0 folders.
[2025.10.12-16.35.21:888][719]LogSlate: Window 'BP_Rata' being destroyed
[2025.10.12-16.35.21:924][719]LogWorld: UWorld::CleanupWorld for World_11, bSessionEnded=true, bCleanupResources=true
[2025.10.12-16.35.21:924][719]LogSlate: InvalidateAllWidgets triggered.  All widgets were invalidated
[2025.10.12-16.35.21:972][719]LogAssetEditorSubsystem: Opening Asset editor for Blueprint /Game/Characters/Content_Enemies/Rata/BP_Rata.BP_Rata
[2025.10.12-16.35.22:324][719]LogSlate: Took 0.000144 seconds to synchronously load lazily loaded font '../../../Engine/Content/Slate/Fonts/Roboto-BoldCondensed.ttf' (158K)
[2025.10.12-16.35.28:611][429]LogSlate: Window 'BP_Rata' being destroyed
[2025.10.12-16.35.28:616][429]LogSlate: Window 'BP_Rata' being destroyed
[2025.10.12-16.35.28:642][429]LogWorld: UWorld::CleanupWorld for World_12, bSessionEnded=true, bCleanupResources=true
[2025.10.12-16.35.28:643][429]LogSlate: InvalidateAllWidgets triggered.  All widgets were invalidated
[2025.10.12-16.35.34:544][103]LogUObjectHash: Compacting FUObjectHashTables data took   1.88ms
[2025.10.12-16.36.15:783][103]LogSlate: Window 'Delete Assets' being destroyed
[2025.10.12-16.36.30:587][821]LogUObjectHash: Compacting FUObjectHashTables data took   1.61ms
[2025.10.12-16.36.32:242][821]LogSlate: Window 'Delete Assets' being destroyed
[2025.10.12-16.36.32:317][821]LogUObjectHash: Compacting FUObjectHashTables data took   1.47ms
[2025.10.12-16.36.32:335][821]LogUObjectHash: Compacting FUObjectHashTables data took   1.29ms
[2025.10.12-16.36.32:345][821]LogUObjectHash: Compacting FUObjectHashTables data took   0.49ms
[2025.10.12-16.37.03:252][233]LogContentBrowser: Deferred new asset file creation: NewMaterial
[2025.10.12-16.37.03:263][233]LogContentBrowser: Creating deferred item: NewMaterial
[2025.10.12-16.37.12:241][417]LogContentBrowser: Attempting asset rename: NewMaterial -> NewMaterial
[2025.10.12-16.37.12:251][417]LogContentBrowser: End creating deferred item NewMaterial
[2025.10.12-16.37.15:709][804]LogContentBrowser: Attempting asset rename: NewMaterial -> M_TrailDamage
[2025.10.12-16.37.15:748][804]LogSavePackage: Moving 'C:/Users/PC/Documents/GitHub/TasteOfMadness/TasteOfMadness/Saved/M_TrailDamage8E71D12848C146940B9E73BA7A91C43D.tmp' to 'C:/Users/PC/Documents/GitHub/TasteOfMadness/TasteOfMadness/Content/Characters/Content_Enemies/BP_Rata/M_TrailDamage.uasset'
[2025.10.12-16.37.15:800][804]LogUObjectHash: Compacting FUObjectHashTables data took   1.47ms
[2025.10.12-16.37.15:825][804]LogUObjectHash: Compacting FUObjectHashTables data took   1.55ms
[2025.10.12-16.37.15:836][804]LogUObjectHash: Compacting FUObjectHashTables data took   0.42ms
[2025.10.12-16.37.15:862][804]AssetCheck: New page: Asset Save: M_TrailDamage
[2025.10.12-16.37.15:862][804]LogContentValidation: Display: Validating Material /Game/Characters/Content_Enemies/BP_Rata/M_TrailDamage.M_TrailDamage
[2025.10.12-16.37.20:628][ 40]LogAssetEditorSubsystem: Opening Asset editor for Material /Game/Characters/Content_Enemies/BP_Rata/M_TrailDamage.M_TrailDamage
[2025.10.12-16.37.20:647][ 40]LogMaterial: Display: Missing cached shadermap for M_TrailDamage in PCD3D_SM5, Default, SM5 (DDC key hash: 4E14F534CF72EE43F84A75BA80A7E8D9B5F5061D), compiling. 
[2025.10.12-16.37.20:715][ 40]LogShaderCompilers: Display: Submitted 10 shader compile jobs with 'Normal' priority
[2025.10.12-16.37.20:750][ 40]LogTexture: Default maximum texture size for cubemaps generated from long-lat sources has been changed from 512 to unlimited. In order to preserve old behaiour for '/Engine/EditorMaterials/AssetViewer/EpicQuadPanorama_CC+EV1.EpicQuadPanorama_CC+EV1', its maximum texture size has been explicitly set to 512.
[2025.10.12-16.37.20:918][ 40]LogTexture: Default maximum texture size for cubemaps generated from long-lat sources has been changed from 512 to unlimited. In order to preserve old behaiour for '/Engine/MapTemplates/Sky/SunsetAmbientCubemap.SunsetAmbientCubemap', its maximum texture size has been explicitly set to 512.
[2025.10.12-16.37.21:143][ 40]LogMaterial: Display: Missing cached shadermap for M_TrailDamage in PCD3D_SM5, Default, SM5 (DDC key hash: B579F385F97AA5DE7123BC88DEA2C9DE6767F919), compiling. 
[2025.10.12-16.37.21:157][ 40]LogMaterial: Display: Missing cached shadermap for M_TrailDamage in PCD3D_SM5, Default, SM5 (DDC key hash: FE8DB585BE2AEB1BE6A901E0E744FE9FDC5E3ABC), compiling. 
[2025.10.12-16.37.21:186][ 40]MaterialEditorStats: Texture samplers: 0/16
[2025.10.12-16.37.21:287][ 41]LogShaderCompilers: Display: Submitted 2 shader compile jobs with 'ForceLocal' priority
[2025.10.12-16.37.21:287][ 41]LogShaderCompilers: Display: Submitted 8 shader compile jobs with 'Normal' priority
[2025.10.12-16.37.21:287][ 41]LogShaderCompilers: Display: Worker (1/9): shaders left to compile 2
[2025.10.12-16.37.21:287][ 41]LogShaderCompilers: Display: Worker (2/9): shaders left to compile 1
[2025.10.12-16.37.21:287][ 41]LogShaderCompilers: Display: Worker (3/9): shaders left to compile 8
[2025.10.12-16.37.21:287][ 41]LogShaderCompilers: Display: Worker (4/9): shaders left to compile 6
[2025.10.12-16.37.21:287][ 41]LogShaderCompilers: Display: Worker (5/9): shaders left to compile 4
[2025.10.12-16.37.21:287][ 41]LogShaderCompilers: Display: Worker (6/9): shaders left to compile 2
[2025.10.12-16.37.21:287][ 41]LogShaderCompilers: Display: Started 8 'Local' shader compile jobs with 'Normal' priority
[2025.10.12-16.37.21:287][ 41]LogShaderCompilers: Display: Started 2 'Local' shader compile jobs with 'ForceLocal' priority
[2025.10.12-16.37.23:045][226]LogSlate: Window 'M_TrailDamage' being destroyed
[2025.10.12-16.37.23:048][226]LogShaderCompilers: Display: === FShaderJobCache stats ===
[2025.10.12-16.37.23:048][226]LogShaderCompilers: Display: Total job queries 20, among them cache hits 0 (0.00%)
[2025.10.12-16.37.23:048][226]LogShaderCompilers: Display: Tracking 1 distinct input hashes that result in 1 distinct outputs (100.00%)
[2025.10.12-16.37.23:048][226]LogShaderCompilers: Display: RAM used: 0.00 MB (0.00 GB) of 1228.80 MB (1.20 GB) budget. Usage: 0.00%
[2025.10.12-16.37.23:048][226]LogShaderCompilers: Display: ================================================
[2025.10.12-16.37.23:120][235]MaterialEditorStats: Texture samplers: 2/16
[2025.10.12-16.37.23:439][272]MaterialEditorStats: Base pass shader: 117 instructions
[2025.10.12-16.37.23:439][272]MaterialEditorStats: Base pass shader with Volumetric Lightmap: 191 instructions
[2025.10.12-16.37.23:439][272]MaterialEditorStats: Base pass vertex shader: 42 instructions
[2025.10.12-16.37.23:439][272]MaterialEditorStats: Texture samplers: 2/16
[2025.10.12-16.38.20:088][554]LogMaterial: Display: Missing cached shadermap for M_TrailDamage in PCD3D_SM5, Default, SM5 (DDC key hash: 6CE034E3BCA1E94C73B31FF1040E8B906B580011), compiling. 
[2025.10.12-16.38.20:262][554]MaterialEditorStats: Texture samplers: 0/16
[2025.10.12-16.38.20:290][557]MaterialEditorStats: Base pass shader: 117 instructions
[2025.10.12-16.38.20:290][557]MaterialEditorStats: Base pass shader with Volumetric Lightmap: 191 instructions
[2025.10.12-16.38.20:290][557]MaterialEditorStats: Base pass vertex shader: 42 instructions
[2025.10.12-16.38.20:290][557]MaterialEditorStats: Texture samplers: 2/16
[2025.10.12-16.38.21:828][704]LogMaterial: Display: Missing cached shadermap for M_TrailDamage in PCD3D_SM5, Default, SM5 (DDC key hash: 0F64DA40FD60F9B6DDC56F255E9D3F29C3AFB1DA), compiling. 
[2025.10.12-16.38.21:829][704]LogMaterial: Warning: [AssetLog] /Engine/Transient.M_TrailDamage (no disk path found): Failed to compile Material for platform PCD3D_SM5, Default Material will be used in game.
[2025.10.12-16.38.21:829][704]LogMaterial: Display: 	Material using the DeferredDecal domain need to use the BlendModel Translucent (this saves performance)
[2025.10.12-16.38.21:834][704]LogMaterial: Display: Missing cached shadermap for M_TrailDamage in PCD3D_SM5, Default, SM5 (DDC key hash: 99AA773133A4E25D4362239E0CE61D92A0073215), compiling. 
[2025.10.12-16.38.21:835][704]LogMaterial: Warning: [AssetLog] /Engine/Transient.M_TrailDamage (no disk path found): Failed to compile Material for platform PCD3D_SM5, Default Material will be used in game.
[2025.10.12-16.38.21:835][704]LogMaterial: Display: 	Material using the DeferredDecal domain need to use the BlendModel Translucent (this saves performance)
[2025.10.12-16.38.21:836][704]LogMaterial: Display: Missing cached shadermap for M_TrailDamage in PCD3D_SM5, Default, SM5 (DDC key hash: BCC0E4D061D4EE555708B2E7B3F2B1677521BBEC), compiling. 
[2025.10.12-16.38.21:836][704]LogMaterial: Warning: [AssetLog] /Engine/Transient.M_TrailDamage (no disk path found): Failed to compile Material for platform PCD3D_SM5, Default Material will be used in game.
[2025.10.12-16.38.21:836][704]LogMaterial: Display: 	Material using the DeferredDecal domain need to use the BlendModel Translucent (this saves performance)
[2025.10.12-16.38.21:839][704]MaterialEditorStats: Error: [SM5] Material using the DeferredDecal domain need to use the BlendModel Translucent (this saves performance)
[2025.10.12-16.38.27:918][196]LogMaterial: Display: Missing cached shadermap for M_TrailDamage in PCD3D_SM5, Default, SM5 (DDC key hash: 2029162B1C83F189F292B99EE6C7923B8C292130), compiling. 
[2025.10.12-16.38.27:919][196]LogMaterial: Warning: [AssetLog] /Engine/Transient.M_TrailDamage (no disk path found): Failed to compile Material for platform PCD3D_SM5, Default Material will be used in game.
[2025.10.12-16.38.27:919][196]LogMaterial: Display: 	Material using the DeferredDecal domain need to use the BlendModel Translucent (this saves performance)
[2025.10.12-16.38.29:351][367]LogMaterial: Display: Missing cached shadermap for M_TrailDamage in PCD3D_SM5, Default, SM5 (DDC key hash: 30284A52322D132F158E7A4B3048ECA6D1F961E4), compiling. 
[2025.10.12-16.38.29:354][367]LogMaterial: Display: Missing cached shadermap for M_TrailDamage in PCD3D_SM5, Default, SM5 (DDC key hash: 247899272B624193F447C97ECE0B20C6B464F44A), compiling. 
[2025.10.12-16.38.29:356][367]LogMaterial: Display: Missing cached shadermap for M_TrailDamage in PCD3D_SM5, Default, SM5 (DDC key hash: D8996B8A37269DD659D6A82CD65260E6B56583AB), compiling. 
[2025.10.12-16.38.29:360][367]MaterialEditorStats: Texture samplers: 0/16
[2025.10.12-16.38.29:392][369]LogShaderCompilers: Display: Submitted 25 shader compile jobs with 'Normal' priority
[2025.10.12-16.38.29:396][370]LogShaderCompilers: Display: Worker (1/9): shaders left to compile 2
[2025.10.12-16.38.29:396][370]LogShaderCompilers: Display: Worker (2/9): shaders left to compile 1
[2025.10.12-16.38.29:396][370]LogShaderCompilers: Display: Worker (3/9): shaders left to compile 23
[2025.10.12-16.38.29:396][370]LogShaderCompilers: Display: Worker (4/9): shaders left to compile 20
[2025.10.12-16.38.29:396][370]LogShaderCompilers: Display: Worker (5/9): shaders left to compile 17
[2025.10.12-16.38.29:396][370]LogShaderCompilers: Display: Worker (6/9): shaders left to compile 14
[2025.10.12-16.38.29:396][370]LogShaderCompilers: Display: Worker (7/9): shaders left to compile 11
[2025.10.12-16.38.29:396][370]LogShaderCompilers: Display: Worker (8/9): shaders left to compile 8
[2025.10.12-16.38.29:396][370]LogShaderCompilers: Display: Started 18 'Local' shader compile jobs with 'Normal' priority
[2025.10.12-16.38.29:396][370]LogShaderCompilers: Display: Started 2 'Local' shader compile jobs with 'ForceLocal' priority
[2025.10.12-16.38.29:708][401]LogShaderCompilers: Display: Worker (1/9): shaders left to compile 5
[2025.10.12-16.38.29:708][401]LogShaderCompilers: Display: Started 1 'Local' shader compile jobs with 'Normal' priority
[2025.10.12-16.38.29:840][415]LogShaderCompilers: Display: Worker (2/9): shaders left to compile 4
[2025.10.12-16.38.29:840][415]LogShaderCompilers: Display: Started 1 'Local' shader compile jobs with 'Normal' priority
[2025.10.12-16.38.30:112][447]LogShaderCompilers: Display: Worker (1/9): shaders left to compile 3
[2025.10.12-16.38.30:112][447]LogShaderCompilers: Display: Started 1 'Local' shader compile jobs with 'Normal' priority
[2025.10.12-16.38.30:123][448]MaterialEditorStats: Texture samplers: 2/16
[2025.10.12-16.38.30:272][466]LogShaderCompilers: Display: Worker (2/9): shaders left to compile 2
[2025.10.12-16.38.30:272][466]LogShaderCompilers: Display: Started 1 'Local' shader compile jobs with 'Normal' priority
[2025.10.12-16.38.30:416][483]LogShaderCompilers: Display: Worker (1/9): shaders left to compile 1
[2025.10.12-16.38.30:416][483]LogShaderCompilers: Display: Started 1 'Local' shader compile jobs with 'Normal' priority
[2025.10.12-16.38.30:749][511]MaterialEditorStats: Texture samplers: 4/16
[2025.10.12-16.38.31:248][527]MaterialEditorStats: Base pass shader: 73 instructions
[2025.10.12-16.38.31:248][527]MaterialEditorStats: Base pass shader with Volumetric Lightmap: 94 instructions
[2025.10.12-16.38.31:248][527]MaterialEditorStats: Base pass vertex shader: 193 instructions
[2025.10.12-16.38.31:248][527]MaterialEditorStats: Texture samplers: 4/16
[2025.10.12-16.38.39:012][551]LogMaterial: Display: Missing cached shadermap for M_TrailDamage in PCD3D_SM5, Default, SM5 (DDC key hash: 0EAD92D5D1005A1F0D6BF77871FC35AB8646FBB1), compiling. 
[2025.10.12-16.38.39:279][551]MaterialEditorStats: Texture samplers: 0/16
[2025.10.12-16.38.39:324][554]MaterialEditorStats: Base pass shader: 73 instructions
[2025.10.12-16.38.39:325][554]MaterialEditorStats: Base pass shader with Volumetric Lightmap: 94 instructions
[2025.10.12-16.38.39:325][554]MaterialEditorStats: Base pass vertex shader: 193 instructions
[2025.10.12-16.38.39:325][554]MaterialEditorStats: Texture samplers: 4/16
[2025.10.12-16.38.40:497][680]LogMaterial: Display: Missing cached shadermap for M_TrailDamage in PCD3D_SM5, Default, SM5 (DDC key hash: A59817743342ECF492800868982ACEBC7A9DEDD2), compiling. 
[2025.10.12-16.38.40:499][680]LogMaterial: Display: Missing cached shadermap for M_TrailDamage in PCD3D_SM5, Default, SM5 (DDC key hash: D1767630A32A39C0D79A547AF95CB696E42E106C), compiling. 
[2025.10.12-16.38.40:501][680]LogMaterial: Display: Missing cached shadermap for M_TrailDamage in PCD3D_SM5, Default, SM5 (DDC key hash: EB2A7CCA805A18806C60E873328470ED8F6CA3AE), compiling. 
[2025.10.12-16.38.40:504][680]MaterialEditorStats: Texture samplers: 0/16
[2025.10.12-16.38.40:520][682]LogShaderCompilers: Display: Submitted 1 shader compile jobs with 'Normal' priority
[2025.10.12-16.38.40:533][683]LogShaderCompilers: Display: Worker (1/9): shaders left to compile 1
[2025.10.12-16.38.40:533][683]LogShaderCompilers: Display: Started 1 'Local' shader compile jobs with 'ForceLocal' priority
[2025.10.12-16.38.40:534][683]MaterialEditorStats: Texture samplers: 4/16
[2025.10.12-16.38.40:645][696]MaterialEditorStats: Base pass shader: 73 instructions
[2025.10.12-16.38.40:645][696]MaterialEditorStats: Base pass shader with Volumetric Lightmap: 94 instructions
[2025.10.12-16.38.40:645][696]MaterialEditorStats: Base pass vertex shader: 193 instructions
[2025.10.12-16.38.40:645][696]MaterialEditorStats: Texture samplers: 4/16
[2025.10.12-16.39.14:658][627]LogMaterialEditor: Saving and Compiling material M_TrailDamage
[2025.10.12-16.39.14:886][627]LogMaterial: Display: Missing cached shadermap for M_TrailDamage in PCD3D_SM5, Default, SM5 (DDC key hash: 93C0CE16AC12A08A9955DBC6E708EA26D258C5E2), compiling. 
[2025.10.12-16.39.14:912][627]LogMaterial: Display: Missing cached shadermap for M_TrailDamage in PCD3D_SM5, Default, SM5 (DDC key hash: 46E9DFF51AEF1AD10A388CC87CEACADD5BF3F645), compiling. 
[2025.10.12-16.39.14:962][627]LogUObjectHash: Compacting FUObjectHashTables data took   2.09ms
[2025.10.12-16.39.14:984][627]LogShaderCompilers: Display: Submitted 1 shader compile jobs with 'ForceLocal' priority
[2025.10.12-16.39.15:221][627]LogShaderCompilers: Display: Worker (1/9): shaders left to compile 1
[2025.10.12-16.39.15:221][627]LogShaderCompilers: Display: Started 1 'Local' shader compile jobs with 'ForceLocal' priority
[2025.10.12-16.39.15:221][627]LogUObjectHash: Compacting FUObjectHashTables data took   0.44ms
[2025.10.12-16.39.15:277][627]LogShaderCompilers: Display: Submitted 9 shader compile jobs with 'Normal' priority
[2025.10.12-16.39.15:278][627]LogShaderCompilers: Display: Worker (1/9): shaders left to compile 9
[2025.10.12-16.39.15:278][627]LogShaderCompilers: Display: Worker (2/9): shaders left to compile 7
[2025.10.12-16.39.15:278][627]LogShaderCompilers: Display: Worker (3/9): shaders left to compile 5
[2025.10.12-16.39.15:278][627]LogShaderCompilers: Display: Worker (4/9): shaders left to compile 3
[2025.10.12-16.39.15:278][627]LogShaderCompilers: Display: Worker (5/9): shaders left to compile 1
[2025.10.12-16.39.15:278][627]LogShaderCompilers: Display: Started 9 'Local' shader compile jobs with 'Normal' priority
[2025.10.12-16.39.15:306][627]LogSavePackage: Moving 'C:/Users/PC/Documents/GitHub/TasteOfMadness/TasteOfMadness/Saved/M_TrailDamage1608FD144B7754A8867925984833DAE2.tmp' to 'C:/Users/PC/Documents/GitHub/TasteOfMadness/TasteOfMadness/Content/Characters/Content_Enemies/BP_Rata/M_TrailDamage.uasset'
[2025.10.12-16.39.15:320][627]AssetCheck: New page: Asset Save: M_TrailDamage
[2025.10.12-16.39.15:320][627]LogContentValidation: Display: Validating Material /Game/Characters/Content_Enemies/BP_Rata/M_TrailDamage.M_TrailDamage
[2025.10.12-16.39.15:327][627]MaterialEditorStats: Texture samplers: 4/16
[2025.10.12-16.39.16:058][703]MaterialEditorStats: Base pass shader: 73 instructions
[2025.10.12-16.39.16:058][703]MaterialEditorStats: Base pass shader with Volumetric Lightmap: 94 instructions
[2025.10.12-16.39.16:058][703]MaterialEditorStats: Base pass vertex shader: 193 instructions
[2025.10.12-16.39.16:058][703]MaterialEditorStats: Texture samplers: 4/16
[2025.10.12-16.40.04:349][266]LogMaterial: Display: Missing cached shadermap for M_TrailDamage in PCD3D_SM5, Default, SM5 (DDC key hash: F35CF60E1A03216AB6961B2B864A0EF96045E4F1), compiling. 
[2025.10.12-16.40.04:352][266]LogMaterial: Display: Missing cached shadermap for FMatExpressionPreview MaterialExpressionVectorParameter_0 in PCD3D_SM5, Default, SM5 (DDC key hash: 6B95383D66BEB9F9D673EC6424131E45C392F54E), compiling. 
[2025.10.12-16.40.04:362][266]MaterialEditorStats: Texture samplers: 0/16
[2025.10.12-16.40.04:428][267]LogShaderCompilers: Display: Submitted 2 shader compile jobs with 'ForceLocal' priority
[2025.10.12-16.40.04:428][267]LogShaderCompilers: Display: Worker (1/9): shaders left to compile 2
[2025.10.12-16.40.04:428][267]LogShaderCompilers: Display: Worker (2/9): shaders left to compile 1
[2025.10.12-16.40.04:428][267]LogShaderCompilers: Display: Started 2 'Local' shader compile jobs with 'ForceLocal' priority
[2025.10.12-16.40.04:429][267]LogSlate: Took 0.026181 seconds to synchronously load lazily loaded font '../../../Engine/Content/Slate/Fonts/Roboto-Italic.ttf' (157K)
[2025.10.12-16.40.04:436][268]MaterialEditorStats: Base pass shader: 73 instructions
[2025.10.12-16.40.04:436][268]MaterialEditorStats: Base pass shader with Volumetric Lightmap: 94 instructions
[2025.10.12-16.40.04:436][268]MaterialEditorStats: Base pass vertex shader: 193 instructions
[2025.10.12-16.40.04:436][268]MaterialEditorStats: Texture samplers: 4/16
[2025.10.12-16.40.27:265][505]LogMaterial: Display: Missing cached shadermap for M_TrailDamage in PCD3D_SM5, Default, SM5 (DDC key hash: A8D3B5A28376D81EFDB8B7735E7991187ACEC2EB), compiling. 
[2025.10.12-16.40.27:267][505]LogMaterial: Display: Missing cached shadermap for FMatExpressionPreview MaterialExpressionVectorParameter_0 in PCD3D_SM5, Default, SM5 (DDC key hash: 01C6468B4C21DAB2CF413DBA5A3FCDEA8A5EAFB3), compiling. 
[2025.10.12-16.40.27:271][505]MaterialEditorStats: Texture samplers: 0/16
[2025.10.12-16.40.27:286][507]LogShaderCompilers: Display: Submitted 25 shader compile jobs with 'Normal' priority
[2025.10.12-16.40.27:289][507]LogShaderCompilers: Display: Worker (1/9): shaders left to compile 2
[2025.10.12-16.40.27:289][507]LogShaderCompilers: Display: Worker (2/9): shaders left to compile 1
[2025.10.12-16.40.27:289][507]LogShaderCompilers: Display: Worker (3/9): shaders left to compile 23
[2025.10.12-16.40.27:289][507]LogShaderCompilers: Display: Worker (4/9): shaders left to compile 20
[2025.10.12-16.40.27:289][507]LogShaderCompilers: Display: Worker (5/9): shaders left to compile 17
[2025.10.12-16.40.27:289][507]LogShaderCompilers: Display: Worker (6/9): shaders left to compile 14
[2025.10.12-16.40.27:289][507]LogShaderCompilers: Display: Worker (7/9): shaders left to compile 11
[2025.10.12-16.40.27:289][507]LogShaderCompilers: Display: Worker (8/9): shaders left to compile 8
[2025.10.12-16.40.27:289][507]LogShaderCompilers: Display: Started 18 'Local' shader compile jobs with 'Normal' priority
[2025.10.12-16.40.27:289][507]LogShaderCompilers: Display: Started 2 'Local' shader compile jobs with 'ForceLocal' priority
[2025.10.12-16.40.27:291][507]LogShaderCompilers: Display: === FShaderJobCache stats ===
[2025.10.12-16.40.27:291][507]LogShaderCompilers: Display: Total job queries 222, among them cache hits 139 (62.61%)
[2025.10.12-16.40.27:291][507]LogShaderCompilers: Display: Tracking 48 distinct input hashes that result in 33 distinct outputs (68.75%)
[2025.10.12-16.40.27:291][507]LogShaderCompilers: Display: RAM used: 0.15 MB (0.00 GB) of 1228.80 MB (1.20 GB) budget. Usage: 0.01%
[2025.10.12-16.40.27:291][507]LogShaderCompilers: Display: ================================================
[2025.10.12-16.40.27:705][551]LogShaderCompilers: Display: Worker (1/9): shaders left to compile 5
[2025.10.12-16.40.27:705][551]LogShaderCompilers: Display: Started 1 'Local' shader compile jobs with 'Normal' priority
[2025.10.12-16.40.27:757][557]LogShaderCompilers: Display: Worker (2/9): shaders left to compile 4
[2025.10.12-16.40.27:757][557]LogShaderCompilers: Display: Started 1 'Local' shader compile jobs with 'Normal' priority
[2025.10.12-16.40.28:105][599]LogShaderCompilers: Display: Worker (1/9): shaders left to compile 3
[2025.10.12-16.40.28:105][599]LogShaderCompilers: Display: Started 1 'Local' shader compile jobs with 'Normal' priority
[2025.10.12-16.40.28:117][600]MaterialEditorStats: Texture samplers: 2/16
[2025.10.12-16.40.28:183][608]LogShaderCompilers: Display: Worker (2/9): shaders left to compile 2
[2025.10.12-16.40.28:183][608]LogShaderCompilers: Display: Started 1 'Local' shader compile jobs with 'Normal' priority
[2025.10.12-16.40.28:433][630]LogShaderCompilers: Display: Worker (1/9): shaders left to compile 1
[2025.10.12-16.40.28:433][630]LogShaderCompilers: Display: Started 1 'Local' shader compile jobs with 'Normal' priority
[2025.10.12-16.40.28:649][655]MaterialEditorStats: Texture samplers: 4/16
[2025.10.12-16.40.28:836][669]MaterialEditorStats: Base pass shader: 75 instructions
[2025.10.12-16.40.28:836][669]MaterialEditorStats: Base pass shader with Volumetric Lightmap: 102 instructions
[2025.10.12-16.40.28:836][669]MaterialEditorStats: Base pass vertex shader: 193 instructions
[2025.10.12-16.40.28:836][669]MaterialEditorStats: Texture samplers: 4/16
[2025.10.12-16.40.44:555][482]LogMaterial: Display: Missing cached shadermap for M_TrailDamage in PCD3D_SM5, Default, SM5 (DDC key hash: 2ABE562C95E8B8382508A83EF2835F05CB6DE3DE), compiling. 
[2025.10.12-16.40.44:557][482]MaterialEditorStats: Texture samplers: 0/16
[2025.10.12-16.40.44:585][485]MaterialEditorStats: Base pass shader: 75 instructions
[2025.10.12-16.40.44:585][485]MaterialEditorStats: Base pass shader with Volumetric Lightmap: 102 instructions
[2025.10.12-16.40.44:585][485]MaterialEditorStats: Base pass vertex shader: 193 instructions
[2025.10.12-16.40.44:585][485]MaterialEditorStats: Texture samplers: 4/16
[2025.10.12-16.41.09:658][ 82]LogMaterial: Display: Missing cached shadermap for M_TrailDamage in PCD3D_SM5, Default, SM5 (DDC key hash: 907B5978FE096DD4E17DC6A239F599457E201726), compiling. 
[2025.10.12-16.41.09:660][ 82]MaterialEditorStats: Texture samplers: 0/16
[2025.10.12-16.41.09:707][ 84]MaterialEditorStats: Base pass shader: 75 instructions
[2025.10.12-16.41.09:707][ 84]MaterialEditorStats: Base pass shader with Volumetric Lightmap: 102 instructions
[2025.10.12-16.41.09:707][ 84]MaterialEditorStats: Base pass vertex shader: 193 instructions
[2025.10.12-16.41.09:707][ 84]MaterialEditorStats: Texture samplers: 4/16
[2025.10.12-16.41.16:852][912]LogMaterial: Display: Missing cached shadermap for M_TrailDamage in PCD3D_SM5, Default, SM5 (DDC key hash: E11C1CD027D1F26C0BC71122D05D91B872E3816C), compiling. 
[2025.10.12-16.41.16:873][912]MaterialEditorStats: Texture samplers: 0/16
[2025.10.12-16.41.16:888][914]LogShaderCompilers: Display: Submitted 25 shader compile jobs with 'Normal' priority
[2025.10.12-16.41.16:889][914]LogShaderCompilers: Display: Worker (1/9): shaders left to compile 25
[2025.10.12-16.41.16:889][914]LogShaderCompilers: Display: Worker (2/9): shaders left to compile 21
[2025.10.12-16.41.16:889][914]LogShaderCompilers: Display: Worker (3/9): shaders left to compile 17
[2025.10.12-16.41.16:889][914]LogShaderCompilers: Display: Worker (4/9): shaders left to compile 13
[2025.10.12-16.41.16:889][914]LogShaderCompilers: Display: Worker (5/9): shaders left to compile 9
[2025.10.12-16.41.16:889][914]LogShaderCompilers: Display: Worker (6/9): shaders left to compile 5
[2025.10.12-16.41.16:889][914]LogShaderCompilers: Display: Worker (7/9): shaders left to compile 1
[2025.10.12-16.41.16:889][914]LogShaderCompilers: Display: Started 25 'Local' shader compile jobs with 'Normal' priority
[2025.10.12-16.41.17:481][979]MaterialEditorStats: Texture samplers: 1/16
[2025.10.12-16.41.18:320][ 61]MaterialEditorStats: Texture samplers: 2/16
[2025.10.12-16.41.18:403][ 67]MaterialEditorStats: Texture samplers: 4/16
[2025.10.12-16.41.18:556][ 82]MaterialEditorStats: Base pass shader: 79 instructions
[2025.10.12-16.41.18:556][ 82]MaterialEditorStats: Base pass shader with Volumetric Lightmap: 106 instructions
[2025.10.12-16.41.18:556][ 82]MaterialEditorStats: Base pass vertex shader: 193 instructions
[2025.10.12-16.41.18:556][ 82]MaterialEditorStats: Texture samplers: 4/16
[2025.10.12-16.41.19:724][204]LogMaterial: Display: Missing cached shadermap for FMatExpressionPreview MaterialExpressionScalarParameter_0 in PCD3D_SM5, Default, SM5 (DDC key hash: A848D51D55FD865082D122091FF965F571F84CC3), compiling. 
[2025.10.12-16.41.19:730][206]LogShaderCompilers: Display: Submitted 2 shader compile jobs with 'ForceLocal' priority
[2025.10.12-16.41.19:730][206]LogShaderCompilers: Display: Worker (1/9): shaders left to compile 2
[2025.10.12-16.41.19:730][206]LogShaderCompilers: Display: Worker (2/9): shaders left to compile 1
[2025.10.12-16.41.19:730][206]LogShaderCompilers: Display: Started 2 'Local' shader compile jobs with 'ForceLocal' priority
[2025.10.12-16.41.23:785][676]LogMaterialEditor: Applying material M_TrailDamage
[2025.10.12-16.41.24:017][676]LogMaterial: Display: Missing cached shadermap for M_TrailDamage in PCD3D_SM5, Default, SM5 (DDC key hash: F4CF1071B1D94381C0FCB33AF4F0CB2D47BC00C0), compiling. 
[2025.10.12-16.41.24:040][676]LogMaterial: Display: Missing cached shadermap for M_TrailDamage in PCD3D_SM5, Default, SM5 (DDC key hash: F8EEAB2895FECF02951793D1B8394806A785189A), compiling. 
[2025.10.12-16.41.24:054][676]LogUObjectHash: Compacting FUObjectHashTables data took   1.26ms
[2025.10.12-16.41.24:064][676]LogShaderCompilers: Display: Submitted 1 shader compile jobs with 'ForceLocal' priority
[2025.10.12-16.41.24:287][676]LogShaderCompilers: Display: Worker (1/9): shaders left to compile 1
[2025.10.12-16.41.24:287][676]LogShaderCompilers: Display: Started 1 'Local' shader compile jobs with 'ForceLocal' priority
[2025.10.12-16.41.24:287][676]LogUObjectHash: Compacting FUObjectHashTables data took   0.51ms
[2025.10.12-16.41.24:294][676]MaterialEditorStats: Texture samplers: 0/16
[2025.10.12-16.41.24:321][678]LogShaderCompilers: Display: Submitted 9 shader compile jobs with 'Normal' priority
[2025.10.12-16.41.24:333][678]LogShaderCompilers: Display: Worker (1/9): shaders left to compile 9
[2025.10.12-16.41.24:333][678]LogShaderCompilers: Display: Worker (2/9): shaders left to compile 7
[2025.10.12-16.41.24:333][678]LogShaderCompilers: Display: Worker (3/9): shaders left to compile 5
[2025.10.12-16.41.24:333][678]LogShaderCompilers: Display: Worker (4/9): shaders left to compile 3
[2025.10.12-16.41.24:333][678]LogShaderCompilers: Display: Worker (5/9): shaders left to compile 1
[2025.10.12-16.41.24:333][678]LogShaderCompilers: Display: Started 9 'Local' shader compile jobs with 'Normal' priority
[2025.10.12-16.41.24:333][678]MaterialEditorStats: Texture samplers: 4/16
[2025.10.12-16.41.25:058][765]MaterialEditorStats: Base pass shader: 79 instructions
[2025.10.12-16.41.25:058][765]MaterialEditorStats: Base pass shader with Volumetric Lightmap: 106 instructions
[2025.10.12-16.41.25:058][765]MaterialEditorStats: Base pass vertex shader: 193 instructions
[2025.10.12-16.41.25:058][765]MaterialEditorStats: Texture samplers: 4/16
[2025.10.12-16.41.51:398][327]LogUObjectHash: Compacting FUObjectHashTables data took   0.56ms
[2025.10.12-16.41.51:399][327]LogFileHelpers: Editor autosave (incl. external actors) for '/Game/Maps/ComidaVivaIA' took 0.013
[2025.10.12-16.41.51:400][327]OBJ SavePackage: Generating thumbnails for [1] asset(s) in package [/Game/Characters/Content_Enemies/BP_Rata/M_TrailDamage] ([1] browsable assets)...
[2025.10.12-16.41.51:409][327]OBJ SavePackage:     Rendered thumbnail for [Material /Game/Characters/Content_Enemies/BP_Rata/M_TrailDamage.M_TrailDamage]
[2025.10.12-16.41.51:409][327]OBJ SavePackage: Finished generating thumbnails for package [/Game/Characters/Content_Enemies/BP_Rata/M_TrailDamage]
[2025.10.12-16.41.51:414][327]LogSavePackage: Moving 'C:/Users/PC/Documents/GitHub/TasteOfMadness/TasteOfMadness/Saved/M_TrailDamage_Auto22FF59F304A5DF1D949C26F97CBA724F4.tmp' to 'C:/Users/PC/Documents/GitHub/TasteOfMadness/TasteOfMadness/Saved/Autosaves/Game/Characters/Content_Enemies/BP_Rata/M_TrailDamage_Auto2.uasset'
[2025.10.12-16.41.51:414][327]LogFileHelpers: Auto-saving content packages took 0.015
[2025.10.12-16.42.29:831][794]LogMaterial: Display: Missing cached shadermap for M_TrailDamage in PCD3D_SM5, Default, SM5 (DDC key hash: 33FC08A27F562E6D0690D969E2945FE7E638CE4E), compiling. 
[2025.10.12-16.42.29:837][794]MaterialEditorStats: Texture samplers: 0/16
[2025.10.12-16.42.29:871][797]MaterialEditorStats: Base pass shader: 79 instructions
[2025.10.12-16.42.29:871][797]MaterialEditorStats: Base pass shader with Volumetric Lightmap: 106 instructions
[2025.10.12-16.42.29:871][797]MaterialEditorStats: Base pass vertex shader: 193 instructions
[2025.10.12-16.42.29:871][797]MaterialEditorStats: Texture samplers: 4/16
[2025.10.12-16.42.56:624][316]Cmd: OBJ SAVEPACKAGE PACKAGE="/Game/Maps/ComidaVivaIA" FILE="C:/Users/PC/Documents/GitHub/TasteOfMadness/TasteOfMadness/Content/Maps/ComidaVivaIA.umap" SILENT=true AUTOSAVING=false KEEPDIRTY=false
[2025.10.12-16.42.56:637][316]LogUObjectHash: Compacting FUObjectHashTables data took   1.27ms
[2025.10.12-16.42.56:649][316]LogSavePackage: Moving 'C:/Users/PC/Documents/GitHub/TasteOfMadness/TasteOfMadness/Saved/ComidaVivaIAB557EEAD44D4E974A8BD5AA589A82939.tmp' to 'C:/Users/PC/Documents/GitHub/TasteOfMadness/TasteOfMadness/Content/Maps/ComidaVivaIA.umap'
[2025.10.12-16.42.56:676][316]AssetCheck: New page: Asset Save: ComidaVivaIA
[2025.10.12-16.42.56:676][316]LogContentValidation: Display: Validating World /Game/Maps/ComidaVivaIA.ComidaVivaIA
[2025.10.12-16.43.06:897][340]LogContentBrowser: Deferred new asset file creation: M_TrailDamage_Inst
[2025.10.12-16.43.06:911][340]LogContentBrowser: Creating deferred item: M_TrailDamage_Inst
[2025.10.12-16.43.15:981][550]LogContentBrowser: Attempting asset rename: M_TrailDamage_Inst -> M_TrailDamage_Inst
[2025.10.12-16.43.15:982][550]LogContentBrowser: End creating deferred item M_TrailDamage_Inst
[2025.10.12-16.43.33:878][633]LogContentBrowser: Attempting asset rename: M_TrailDamage_Inst -> MI_TrailDamage
[2025.10.12-16.43.33:915][633]LogSavePackage: Moving 'C:/Users/PC/Documents/GitHub/TasteOfMadness/TasteOfMadness/Saved/MI_TrailDamage2167058F4A222D75FB95EDAC6B605106.tmp' to 'C:/Users/PC/Documents/GitHub/TasteOfMadness/TasteOfMadness/Content/Characters/Content_Enemies/BP_Rata/MI_TrailDamage.uasset'
[2025.10.12-16.43.33:966][633]LogUObjectHash: Compacting FUObjectHashTables data took   1.47ms
[2025.10.12-16.43.33:990][633]LogUObjectHash: Compacting FUObjectHashTables data took   1.38ms
[2025.10.12-16.43.34:001][633]LogUObjectHash: Compacting FUObjectHashTables data took   0.42ms
[2025.10.12-16.43.34:022][633]AssetCheck: New page: Asset Save: MI_TrailDamage
[2025.10.12-16.43.34:022][633]LogContentValidation: Display: Validating MaterialInstanceConstant /Game/Characters/Content_Enemies/BP_Rata/MI_TrailDamage.MI_TrailDamage
[2025.10.12-16.43.36:504][924]Cmd: OBJ SAVEPACKAGE PACKAGE="/Game/Maps/ComidaVivaIA" FILE="C:/Users/PC/Documents/GitHub/TasteOfMadness/TasteOfMadness/Content/Maps/ComidaVivaIA.umap" SILENT=true AUTOSAVING=false KEEPDIRTY=false
[2025.10.12-16.43.36:515][924]LogUObjectHash: Compacting FUObjectHashTables data took   0.51ms
[2025.10.12-16.43.36:524][924]LogSavePackage: Moving 'C:/Users/PC/Documents/GitHub/TasteOfMadness/TasteOfMadness/Saved/ComidaVivaIA999621124BC6CBDB333C78B38BCC2BC2.tmp' to 'C:/Users/PC/Documents/GitHub/TasteOfMadness/TasteOfMadness/Content/Maps/ComidaVivaIA.umap'
[2025.10.12-16.43.36:547][924]AssetCheck: New page: Asset Save: ComidaVivaIA
[2025.10.12-16.43.36:547][924]LogContentValidation: Display: Validating World /Game/Maps/ComidaVivaIA.ComidaVivaIA
[2025.10.12-16.43.43:303][145]LogAssetEditorSubsystem: Opening Asset editor for MaterialInstanceConstant /Game/Characters/Content_Enemies/BP_Rata/MI_TrailDamage.MI_TrailDamage
[2025.10.12-16.43.43:410][145]LogRenderer: Reallocating scene render targets to support 1600x920 Format 10 NumSamples 1 (Frame:1).
[2025.10.12-16.44.33:615][317]LogSlate: Window 'Color Picker' being destroyed
[2025.10.12-16.44.55:753][297]LogSlate: Window 'Color Picker' being destroyed
[2025.10.12-16.45.10:680][296]LogUObjectHash: Compacting FUObjectHashTables data took   1.78ms
[2025.10.12-16.45.10:693][296]LogUObjectHash: Compacting FUObjectHashTables data took   0.43ms
[2025.10.12-16.45.10:697][296]LogSavePackage: Moving 'C:/Users/PC/Documents/GitHub/TasteOfMadness/TasteOfMadness/Saved/MI_TrailDamageA909401A4C3855CDF85710A02C3BAC93.tmp' to 'C:/Users/PC/Documents/GitHub/TasteOfMadness/TasteOfMadness/Content/Characters/Content_Enemies/BP_Rata/MI_TrailDamage.uasset'
[2025.10.12-16.45.10:710][296]AssetCheck: New page: Asset Save: MI_TrailDamage
[2025.10.12-16.45.10:710][296]LogContentValidation: Display: Validating MaterialInstanceConstant /Game/Characters/Content_Enemies/BP_Rata/MI_TrailDamage.MI_TrailDamage
[2025.10.12-16.45.11:411][375]LogUObjectHash: Compacting FUObjectHashTables data took   0.51ms
[2025.10.12-16.45.11:422][375]LogUObjectHash: Compacting FUObjectHashTables data took   0.52ms
[2025.10.12-16.45.11:423][375]LogSavePackage: Moving 'C:/Users/PC/Documents/GitHub/TasteOfMadness/TasteOfMadness/Saved/MI_TrailDamage614957A84CBDF531528C328DB4FF34DD.tmp' to 'C:/Users/PC/Documents/GitHub/TasteOfMadness/TasteOfMadness/Content/Characters/Content_Enemies/BP_Rata/MI_TrailDamage.uasset'
[2025.10.12-16.45.11:436][375]AssetCheck: New page: Asset Save: MI_TrailDamage
[2025.10.12-16.45.11:436][375]LogContentValidation: Display: Validating MaterialInstanceConstant /Game/Characters/Content_Enemies/BP_Rata/MI_TrailDamage.MI_TrailDamage
[2025.10.12-16.46.17:658][168]Cmd: OBJ SAVEPACKAGE PACKAGE="/Game/Maps/ComidaVivaIA" FILE="C:/Users/PC/Documents/GitHub/TasteOfMadness/TasteOfMadness/Content/Maps/ComidaVivaIA.umap" SILENT=true AUTOSAVING=false KEEPDIRTY=false
[2025.10.12-16.46.17:669][168]LogUObjectHash: Compacting FUObjectHashTables data took   0.51ms
[2025.10.12-16.46.17:678][168]LogSavePackage: Moving 'C:/Users/PC/Documents/GitHub/TasteOfMadness/TasteOfMadness/Saved/ComidaVivaIA09DAEC6B4DCC41E87E3DB8A539FC05DD.tmp' to 'C:/Users/PC/Documents/GitHub/TasteOfMadness/TasteOfMadness/Content/Maps/ComidaVivaIA.umap'
[2025.10.12-16.46.17:704][168]AssetCheck: New page: Asset Save: ComidaVivaIA
[2025.10.12-16.46.17:704][168]LogContentValidation: Display: Validating World /Game/Maps/ComidaVivaIA.ComidaVivaIA
[2025.10.12-16.54.32:079][923]Cmd: OBJ SAVEPACKAGE PACKAGE="/Game/Maps/ComidaVivaIA" FILE="C:/Users/PC/Documents/GitHub/TasteOfMadness/TasteOfMadness/Content/Maps/ComidaVivaIA.umap" SILENT=true AUTOSAVING=false KEEPDIRTY=false
[2025.10.12-16.54.32:093][923]LogUObjectHash: Compacting FUObjectHashTables data took   1.85ms
[2025.10.12-16.54.32:109][923]LogSavePackage: Moving 'C:/Users/PC/Documents/GitHub/TasteOfMadness/TasteOfMadness/Saved/ComidaVivaIAA8E49B124E62D61E3400BBA82AC4349A.tmp' to 'C:/Users/PC/Documents/GitHub/TasteOfMadness/TasteOfMadness/Content/Maps/ComidaVivaIA.umap'
[2025.10.12-16.54.32:132][923]AssetCheck: New page: Asset Save: ComidaVivaIA
[2025.10.12-16.54.32:132][923]LogContentValidation: Display: Validating World /Game/Maps/ComidaVivaIA.ComidaVivaIA
[2025.10.12-16.54.49:451][876]LogEditorViewport: Clicking on Actor (LMB): StaticMeshActor (Floor)
[2025.10.12-16.54.50:043][944]LogEditorViewport: Clicking on Actor (LMB): StaticMeshActor (Floor)
[2025.10.12-16.54.51:241][ 87]LogEditorViewport: Clicking on Actor (LMB): BP_SwarmEnemy_C (BP_SwarmEnemy)
[2025.10.12-16.54.51:954][166]LogEditorViewport: Clicking on Actor (LMB): DecalActor (MI_TrailDamage)
[2025.10.12-16.54.59:923][114]LogEditorViewport: Clicking on Actor (LMB): StaticMeshActor (Floor)
[2025.10.12-16.55.09:584][261]Cmd: TRANSACTION UNDO
[2025.10.12-16.55.09:584][261]LogEditorTransaction: Undo Move Actors
[2025.10.12-16.55.09:586][261]LogMaterial: Display: Missing cached shadermap for M_TrailDamage in PCD3D_SM5, Default, SM5 (DDC key hash: F5BEB3AD915FEF0DCC66733309DD1E00EFC16997), compiling. 
[2025.10.12-16.55.09:587][261]LogMaterial: Display: Missing cached shadermap for FMatExpressionPreview MaterialExpressionScalarParameter_0 in PCD3D_SM5, Default, SM5 (DDC key hash: 6A0E2256DDA86A1AC85D2BB3EEBA6CC98D5105EA), compiling. 
[2025.10.12-16.55.09:609][261]MaterialEditorStats: Texture samplers: 0/16
[2025.10.12-16.55.09:672][263]LogShaderCompilers: Display: === FShaderJobCache stats ===
[2025.10.12-16.55.09:672][263]LogShaderCompilers: Display: Total job queries 423, among them cache hits 303 (71.63%)
[2025.10.12-16.55.09:672][263]LogShaderCompilers: Display: Tracking 110 distinct input hashes that result in 64 distinct outputs (58.18%)
[2025.10.12-16.55.09:672][263]LogShaderCompilers: Display: RAM used: 0.27 MB (0.00 GB) of 1228.80 MB (1.20 GB) budget. Usage: 0.02%
[2025.10.12-16.55.09:672][263]LogShaderCompilers: Display: ================================================
[2025.10.12-16.55.09:685][264]MaterialEditorStats: Base pass shader: 79 instructions
[2025.10.12-16.55.09:685][264]MaterialEditorStats: Base pass shader with Volumetric Lightmap: 106 instructions
[2025.10.12-16.55.09:685][264]MaterialEditorStats: Base pass vertex shader: 193 instructions
[2025.10.12-16.55.09:685][264]MaterialEditorStats: Texture samplers: 4/16
[2025.10.12-16.56.35:515][682]Cmd: OBJ SAVEPACKAGE PACKAGE="/Game/Maps/ComidaVivaIA" FILE="C:/Users/PC/Documents/GitHub/TasteOfMadness/TasteOfMadness/Content/Maps/ComidaVivaIA.umap" SILENT=true AUTOSAVING=false KEEPDIRTY=false
[2025.10.12-16.56.35:530][682]LogUObjectHash: Compacting FUObjectHashTables data took   1.97ms
[2025.10.12-16.56.35:546][682]LogSavePackage: Moving 'C:/Users/PC/Documents/GitHub/TasteOfMadness/TasteOfMadness/Saved/ComidaVivaIAAB03620742C11FA6FB4F73B1ADE223F4.tmp' to 'C:/Users/PC/Documents/GitHub/TasteOfMadness/TasteOfMadness/Content/Maps/ComidaVivaIA.umap'
[2025.10.12-16.56.35:574][682]AssetCheck: New page: Asset Save: ComidaVivaIA
[2025.10.12-16.56.35:574][682]LogContentValidation: Display: Validating World /Game/Maps/ComidaVivaIA.ComidaVivaIA
[2025.10.12-16.56.36:090][740]LogTemp: Repeating last play command: Selected Viewport
[2025.10.12-16.56.36:095][740]LogPlayLevel: PlayLevel: No blueprints needed recompiling
[2025.10.12-16.56.36:095][740]PIE: New page: PIE session: ComidaVivaIA (Oct 12, 2025, 5:56:36 AM)
[2025.10.12-16.56.36:117][740]LogPlayLevel: Creating play world package: /Game/Maps/UEDPIE_0_ComidaVivaIA
[2025.10.12-16.56.36:119][740]LogPlayLevel: PIE: StaticDuplicateObject took: (0.002769s)
[2025.10.12-16.56.36:120][740]LogAIModule: Creating AISystem for world ComidaVivaIA
[2025.10.12-16.56.36:120][740]LogPlayLevel: PIE: World Init took: (0.001010s)
[2025.10.12-16.56.36:120][740]LogPlayLevel: PIE: Created PIE world by copying editor world from /Game/Maps/ComidaVivaIA.ComidaVivaIA to /Game/Maps/UEDPIE_0_ComidaVivaIA.ComidaVivaIA (0.003881s)
[2025.10.12-16.56.36:133][740]LogUObjectHash: Compacting FUObjectHashTables data took   1.60ms
[2025.10.12-16.56.36:134][740]LogAudio: Display: Creating Audio Device:                 Id: 4, Scope: Unique, Realtime: True
[2025.10.12-16.56.36:134][740]LogAudioMixer: Display: Audio Mixer Platform Settings:
[2025.10.12-16.56.36:134][740]LogAudioMixer: Display: 	Sample Rate:						  48000
[2025.10.12-16.56.36:134][740]LogAudioMixer: Display: 	Callback Buffer Frame Size Requested: 1024
[2025.10.12-16.56.36:134][740]LogAudioMixer: Display: 	Callback Buffer Frame Size To Use:	  1024
[2025.10.12-16.56.36:134][740]LogAudioMixer: Display: 	Number of buffers to queue:			  2
[2025.10.12-16.56.36:134][740]LogAudioMixer: Display: 	Max Channels (voices):				  32
[2025.10.12-16.56.36:134][740]LogAudioMixer: Display: 	Number of Async Source Workers:		  0
[2025.10.12-16.56.36:134][740]LogAudio: Display: AudioDevice MaxSources: 32
[2025.10.12-16.56.36:135][740]LogAudio: Display: Audio Spatialization Plugin: None (built-in).
[2025.10.12-16.56.36:135][740]LogAudio: Display: Audio Reverb Plugin: None (built-in).
[2025.10.12-16.56.36:135][740]LogAudio: Display: Audio Occlusion Plugin: None (built-in).
[2025.10.12-16.56.36:135][740]LogAudioMixer: Display: Initializing audio mixer.
[2025.10.12-16.56.36:138][740]LogAudioMixer: Display: 0: FrontLeft
[2025.10.12-16.56.36:138][740]LogAudioMixer: Display: 1: FrontRight
[2025.10.12-16.56.36:145][740]LogAudioMixer: Display: Using Audio Device LC24RG50 (NVIDIA High Definition Audio)
[2025.10.12-16.56.36:145][740]LogAudioMixer: Display: Initializing Sound Submixes...
[2025.10.12-16.56.36:145][740]LogAudioMixer: Display: Creating Master Submix 'MasterSubmixDefault'
[2025.10.12-16.56.36:145][740]LogAudioMixer: Display: Creating Master Submix 'MasterReverbSubmixDefault'
[2025.10.12-16.56.36:147][740]LogAudioMixer: Display: Creating Master Submix 'MasterEQSubmixDefault'
[2025.10.12-16.56.36:147][740]LogAudioMixer: FMixerPlatformXAudio2::StartAudioStream() called
[2025.10.12-16.56.36:147][740]LogAudioMixer: Display: Output buffers initialized: Frames=1024, Channels=2, Samples=2048
[2025.10.12-16.56.36:147][740]LogAudioMixer: Display: Starting AudioMixerPlatformInterface::RunInternal()
[2025.10.12-16.56.36:147][740]LogAudioMixer: Display: FMixerPlatformXAudio2::SubmitBuffer() called for the first time
[2025.10.12-16.56.36:147][740]LogInit: FAudioDevice initialized.
[2025.10.12-16.56.36:147][740]LogAudio: Display: Audio Device (ID: 4) registered with world 'ComidaVivaIA'.
[2025.10.12-16.56.36:153][740]LogLoad: Game class is 'BP_GameMode_C'
[2025.10.12-16.56.36:154][740]LogWorld: Bringing World /Game/Maps/UEDPIE_0_ComidaVivaIA.ComidaVivaIA up for play (max tick rate 0) at 2025.10.12-10.56.36
[2025.10.12-16.56.36:154][740]LogWorld: Bringing up level for play took: 0.001045
[2025.10.12-16.56.36:154][740]LogOnline: OSS: Creating online subsystem instance for: :Context_19
[2025.10.12-16.56.36:157][740]LogBlueprintUserMessages: [BP_ClareCharacter_C_0] BP_Sarten
[2025.10.12-16.56.36:158][740]LogBlueprintUserMessages: [BP_ClareCharacter_C_0] BP_Olla
[2025.10.12-16.56.36:160][740]LogBlueprintUserMessages: [BP_ClareCharacter_C_0] BP_LlaveInglesa
[2025.10.12-16.56.36:161][740]LogBlueprintUserMessages: [BP_ClareCharacter_C_0] BP_Escoba
[2025.10.12-16.56.36:163][740]LogBlueprintUserMessages: [BP_ClareCharacter_C_0] BP_Trapeador
[2025.10.12-16.56.36:164][740]LogBlueprintUserMessages: [BP_ClareCharacter_C_0] BP_Extintor
[2025.10.12-16.56.36:165][740]LogBlueprintUserMessages: [BP_ClareCharacter_C_0] BP_Cuchillo
[2025.10.12-16.56.36:167][740]PIE: Server logged in
[2025.10.12-16.56.36:167][740]PIE: Play in editor total start time 0.074 seconds.
[2025.10.12-16.56.36:550][785]LogBlueprintUserMessages: [BP_SwarmEnemy_2] "Përsiguiendo"
[2025.10.12-16.56.37:050][845]LogBlueprintUserMessages: [BP_SwarmEnemy_2] "Përsiguiendo"
[2025.10.12-16.56.37:550][905]LogBlueprintUserMessages: [BP_SwarmEnemy_2] "Përsiguiendo"
[2025.10.12-16.56.38:050][965]LogBlueprintUserMessages: [BP_SwarmEnemy_2] "Përsiguiendo"
[2025.10.12-16.56.38:550][ 25]LogBlueprintUserMessages: [BP_SwarmEnemy_2] "Përsiguiendo"
[2025.10.12-16.56.39:050][ 85]LogBlueprintUserMessages: [BP_SwarmEnemy_2] "Përsiguiendo"
[2025.10.12-16.56.39:550][145]LogBlueprintUserMessages: [BP_SwarmEnemy_2] "Përsiguiendo"
[2025.10.12-16.56.49:847][377]LogSlate: Updating window title bar state: overlay mode, drag disabled, window buttons hidden, title bar hidden
[2025.10.12-16.56.49:847][377]LogWorld: BeginTearingDown for /Game/Maps/UEDPIE_0_ComidaVivaIA
[2025.10.12-16.56.49:847][377]LogWorld: UWorld::CleanupWorld for ComidaVivaIA, bSessionEnded=true, bCleanupResources=true
[2025.10.12-16.56.49:847][377]LogSlate: InvalidateAllWidgets triggered.  All widgets were invalidated
[2025.10.12-16.56.49:851][377]LogPlayLevel: Display: Shutting down PIE online subsystems
[2025.10.12-16.56.49:859][377]LogSlate: InvalidateAllWidgets triggered.  All widgets were invalidated
[2025.10.12-16.56.49:871][377]LogSlate: Updating window title bar state: overlay mode, drag disabled, window buttons hidden, title bar hidden
[2025.10.12-16.56.49:871][377]LogAudioMixer: FMixerPlatformXAudio2::StopAudioStream() called
[2025.10.12-16.56.49:872][377]LogAudioMixer: FMixerPlatformXAudio2::StopAudioStream() called
[2025.10.12-16.56.49:879][377]LogUObjectHash: Compacting FUObjectHashTables data took   1.52ms
[2025.10.12-16.56.49:933][379]LogPlayLevel: Display: Destroying online subsystem :Context_19
[2025.10.12-16.58.00:245][178]LogEditorClassViewer: Warning: Class /Engine/Tutorial/InWorldBlueprintEditing/TutorialAssets/IWBE_Blutility.IWBE_Blutility_C has parent /Script/Blutility.PlacedEditorUtilityBase, but this parent is not found. The Class will not be shown in ClassViewer.
[2025.10.12-16.58.01:453][178]LogSlate: Window 'Pick Parent Class' being destroyed
[2025.10.12-16.58.01:459][178]LogContentBrowser: Deferred new asset file creation: NewBlueprint
[2025.10.12-16.58.01:469][178]LogContentBrowser: Creating deferred item: NewBlueprint
[2025.10.12-16.58.09:414][487]LogContentBrowser: Attempting asset rename: NewBlueprint -> NewBlueprint
[2025.10.12-16.58.09:418][487]LogContentBrowser: End creating deferred item NewBlueprint
[2025.10.12-16.58.13:261][947]LogContentBrowser: Attempting asset rename: NewBlueprint -> BP_TrailDamage
[2025.10.12-16.58.13:279][947]LogMetaData: Removing '/Game/Characters/Content_Enemies/BP_Rata/BP_TrailDamage.BP_TrailDamage:UserConstructionScript.K2Node_FunctionEntry_0' ref from Metadata '/Game/Characters/Content_Enemies/BP_Rata/NewBlueprint.PackageMetaData'
[2025.10.12-16.58.13:279][947]LogMetaData: Removing '/Game/Characters/Content_Enemies/BP_Rata/BP_TrailDamage.SKEL_BP_TrailDamage_C:UserConstructionScript' ref from Metadata '/Game/Characters/Content_Enemies/BP_Rata/NewBlueprint.PackageMetaData'
[2025.10.12-16.58.13:279][947]LogMetaData: Removing '/Game/Characters/Content_Enemies/BP_Rata/BP_TrailDamage.SKEL_BP_TrailDamage_C' ref from Metadata '/Game/Characters/Content_Enemies/BP_Rata/NewBlueprint.PackageMetaData'
[2025.10.12-16.58.13:279][947]LogMetaData: Removing '/Game/Characters/Content_Enemies/BP_Rata/BP_TrailDamage.BP_TrailDamage_C' ref from Metadata '/Game/Characters/Content_Enemies/BP_Rata/NewBlueprint.PackageMetaData'
[2025.10.12-16.58.13:279][947]LogMetaData: Removing '/Game/Characters/Content_Enemies/BP_Rata/BP_TrailDamage.BP_TrailDamage:EventGraph.K2Node_Event_0' ref from Metadata '/Game/Characters/Content_Enemies/BP_Rata/NewBlueprint.PackageMetaData'
[2025.10.12-16.58.13:279][947]LogMetaData: Removing '/Game/Characters/Content_Enemies/BP_Rata/BP_TrailDamage.BP_TrailDamage:EventGraph.K2Node_Event_1' ref from Metadata '/Game/Characters/Content_Enemies/BP_Rata/NewBlueprint.PackageMetaData'
[2025.10.12-16.58.13:279][947]LogMetaData: Removing '/Game/Characters/Content_Enemies/BP_Rata/BP_TrailDamage.BP_TrailDamage:EventGraph.K2Node_Event_2' ref from Metadata '/Game/Characters/Content_Enemies/BP_Rata/NewBlueprint.PackageMetaData'
[2025.10.12-16.58.13:347][947]LogSavePackage: Moving 'C:/Users/PC/Documents/GitHub/TasteOfMadness/TasteOfMadness/Saved/BP_TrailDamageFC11844742D921FC07CCE98E946F7A6A.tmp' to 'C:/Users/PC/Documents/GitHub/TasteOfMadness/TasteOfMadness/Content/Characters/Content_Enemies/BP_Rata/BP_TrailDamage.uasset'
[2025.10.12-16.58.13:396][947]LogUObjectHash: Compacting FUObjectHashTables data took   1.65ms
[2025.10.12-16.58.13:420][947]LogUObjectHash: Compacting FUObjectHashTables data took   1.49ms
[2025.10.12-16.58.13:431][947]LogUObjectHash: Compacting FUObjectHashTables data took   0.49ms
[2025.10.12-16.58.13:455][947]AssetCheck: New page: Asset Save: BP_TrailDamage
[2025.10.12-16.58.13:455][947]LogContentValidation: Display: Validating Blueprint /Game/Characters/Content_Enemies/BP_Rata/BP_TrailDamage.BP_TrailDamage
[2025.10.12-16.58.15:307][167]Cmd: OBJ SAVEPACKAGE PACKAGE="/Game/Maps/ComidaVivaIA" FILE="C:/Users/PC/Documents/GitHub/TasteOfMadness/TasteOfMadness/Content/Maps/ComidaVivaIA.umap" SILENT=true AUTOSAVING=false KEEPDIRTY=false
[2025.10.12-16.58.15:322][167]LogUObjectHash: Compacting FUObjectHashTables data took   1.93ms
[2025.10.12-16.58.15:330][167]LogSavePackage: Moving 'C:/Users/PC/Documents/GitHub/TasteOfMadness/TasteOfMadness/Saved/ComidaVivaIAFAE398554F1037CD4506CC9E8FBF5695.tmp' to 'C:/Users/PC/Documents/GitHub/TasteOfMadness/TasteOfMadness/Content/Maps/ComidaVivaIA.umap'
[2025.10.12-16.58.15:355][167]AssetCheck: New page: Asset Save: ComidaVivaIA
[2025.10.12-16.58.15:355][167]LogContentValidation: Display: Validating World /Game/Maps/ComidaVivaIA.ComidaVivaIA
[2025.10.12-16.58.29:809][289]LogAssetEditorSubsystem: Opening Asset editor for Blueprint /Game/Characters/Content_Enemies/BP_Rata/BP_TrailDamage.BP_TrailDamage
[2025.10.12-16.58.35:808][695]LogSlate: Window 'Message' being destroyed
[2025.10.12-16.58.35:812][695]Message dialog closed, result: Cancel, title: Message, text: Would you like to apply the changes of the modified material to the original material?
/Game/Characters/Content_Enemies/BP_Rata/M_TrailDamage.M_TrailDamage
(Selecting 'No' will cause all changes to be lost!)
[2025.10.12-16.58.37:261][866]LogMaterialEditor: Saving and Compiling material M_TrailDamage
[2025.10.12-16.58.37:496][866]LogMaterial: Display: Missing cached shadermap for M_TrailDamage in PCD3D_SM5, Default, SM5 (DDC key hash: 6120366480A09BDBEB662DC87BE7F68D7CC2AF62), compiling. 
[2025.10.12-16.58.37:518][866]LogMaterial: Display: Missing cached shadermap for M_TrailDamage in PCD3D_SM5, Default, SM5 (DDC key hash: D1F3AF982770936599BAE1135B784512C7AB7A11), compiling. 
[2025.10.12-16.58.37:608][866]LogUObjectHash: Compacting FUObjectHashTables data took   1.66ms
[2025.10.12-16.58.37:726][866]LogShaderCompilers: Display: === FShaderJobCache stats ===
[2025.10.12-16.58.37:726][866]LogShaderCompilers: Display: Total job queries 485, among them cache hits 365 (75.26%)
[2025.10.12-16.58.37:726][866]LogShaderCompilers: Display: Tracking 110 distinct input hashes that result in 64 distinct outputs (58.18%)
[2025.10.12-16.58.37:726][866]LogShaderCompilers: Display: RAM used: 0.27 MB (0.00 GB) of 1228.80 MB (1.20 GB) budget. Usage: 0.02%
[2025.10.12-16.58.37:726][866]LogShaderCompilers: Display: ================================================
[2025.10.12-16.58.37:741][866]LogUObjectHash: Compacting FUObjectHashTables data took   0.51ms
[2025.10.12-16.58.37:784][866]LogSavePackage: Moving 'C:/Users/PC/Documents/GitHub/TasteOfMadness/TasteOfMadness/Saved/M_TrailDamageBB9FCC3347569C7B71443C899A3C62C2.tmp' to 'C:/Users/PC/Documents/GitHub/TasteOfMadness/TasteOfMadness/Content/Characters/Content_Enemies/BP_Rata/M_TrailDamage.uasset'
[2025.10.12-16.58.37:797][866]AssetCheck: New page: Asset Save: M_TrailDamage
[2025.10.12-16.58.37:797][866]LogContentValidation: Display: Validating Material /Game/Characters/Content_Enemies/BP_Rata/M_TrailDamage.M_TrailDamage
[2025.10.12-16.58.38:955][  2]LogWorld: UWorld::CleanupWorld for World_13, bSessionEnded=true, bCleanupResources=true
[2025.10.12-16.58.38:955][  2]LogSlate: InvalidateAllWidgets triggered.  All widgets were invalidated
[2025.10.12-16.58.41:005][217]LogUObjectHash: Compacting FUObjectHashTables data took   1.57ms
[2025.10.12-16.58.41:020][217]LogUObjectHash: Compacting FUObjectHashTables data took   1.68ms
[2025.10.12-16.58.41:021][217]LogSavePackage: Moving 'C:/Users/PC/Documents/GitHub/TasteOfMadness/TasteOfMadness/Saved/MI_TrailDamageEE588E1E4D18BD9BC64CCA85009F0335.tmp' to 'C:/Users/PC/Documents/GitHub/TasteOfMadness/TasteOfMadness/Content/Characters/Content_Enemies/BP_Rata/MI_TrailDamage.uasset'
[2025.10.12-16.58.41:033][217]AssetCheck: New page: Asset Save: MI_TrailDamage
[2025.10.12-16.58.41:033][217]LogContentValidation: Display: Validating MaterialInstanceConstant /Game/Characters/Content_Enemies/BP_Rata/MI_TrailDamage.MI_TrailDamage
[2025.10.12-16.58.41:919][316]LogWorld: UWorld::CleanupWorld for World_14, bSessionEnded=true, bCleanupResources=true
[2025.10.12-16.58.41:919][316]LogSlate: InvalidateAllWidgets triggered.  All widgets were invalidated
[2025.10.12-16.58.44:477][615]Cmd: OBJ SAVEPACKAGE PACKAGE="/Game/Maps/ComidaVivaIA" FILE="C:/Users/PC/Documents/GitHub/TasteOfMadness/TasteOfMadness/Content/Maps/ComidaVivaIA.umap" SILENT=true AUTOSAVING=false KEEPDIRTY=false
[2025.10.12-16.58.44:493][615]LogUObjectHash: Compacting FUObjectHashTables data took   1.56ms
[2025.10.12-16.58.44:502][615]LogSavePackage: Moving 'C:/Users/PC/Documents/GitHub/TasteOfMadness/TasteOfMadness/Saved/ComidaVivaIA396FC2EE4A94634EB0588B8DA46A5739.tmp' to 'C:/Users/PC/Documents/GitHub/TasteOfMadness/TasteOfMadness/Content/Maps/ComidaVivaIA.umap'
[2025.10.12-16.58.44:525][615]AssetCheck: New page: Asset Save: ComidaVivaIA
[2025.10.12-16.58.44:525][615]LogContentValidation: Display: Validating World /Game/Maps/ComidaVivaIA.ComidaVivaIA
[2025.10.12-17.00.04:189][415]BlueprintLog: New page: Compile BP_TrailDamage
[2025.10.12-17.00.04:214][415]LogUObjectHash: Compacting FUObjectHashTables data took   2.02ms
[2025.10.12-17.00.55:500][635]BlueprintLog: New page: Compile BP_TrailDamage
[2025.10.12-17.00.55:522][635]LogUObjectHash: Compacting FUObjectHashTables data took   2.09ms
[2025.10.12-17.00.57:576][868]LogSavePackage: Moving 'C:/Users/PC/Documents/GitHub/TasteOfMadness/TasteOfMadness/Saved/BP_TrailDamageE78C9BE04B4E4127AC31D18EE27B710D.tmp' to 'C:/Users/PC/Documents/GitHub/TasteOfMadness/TasteOfMadness/Content/Characters/Content_Enemies/BP_Rata/BP_TrailDamage.uasset'
[2025.10.12-17.00.57:588][868]AssetCheck: New page: Asset Save: BP_TrailDamage
[2025.10.12-17.00.57:588][868]LogContentValidation: Display: Validating Blueprint /Game/Characters/Content_Enemies/BP_Rata/BP_TrailDamage.BP_TrailDamage
[2025.10.12-17.02.01:394][996]BlueprintLog: New page: Compile BP_TrailDamage
[2025.10.12-17.02.01:417][996]LogUObjectHash: Compacting FUObjectHashTables data took   2.17ms
[2025.10.12-17.02.02:026][ 60]LogSavePackage: Moving 'C:/Users/PC/Documents/GitHub/TasteOfMadness/TasteOfMadness/Saved/BP_TrailDamage8C198F8F426EB9AD3E5023BEC5A3247C.tmp' to 'C:/Users/PC/Documents/GitHub/TasteOfMadness/TasteOfMadness/Content/Characters/Content_Enemies/BP_Rata/BP_TrailDamage.uasset'
[2025.10.12-17.02.02:038][ 60]AssetCheck: New page: Asset Save: BP_TrailDamage
[2025.10.12-17.02.02:039][ 60]LogContentValidation: Display: Validating Blueprint /Game/Characters/Content_Enemies/BP_Rata/BP_TrailDamage.BP_TrailDamage
[2025.10.12-17.03.35:843][571]BlueprintLog: New page: Compile BP_TrailDamage
[2025.10.12-17.03.35:867][571]LogUObjectHash: Compacting FUObjectHashTables data took   2.01ms
[2025.10.12-17.04.16:320][694]BlueprintLog: New page: Compile BP_TrailDamage
[2025.10.12-17.04.16:344][694]LogUObjectHash: Compacting FUObjectHashTables data took   1.89ms
[2025.10.12-17.04.54:399][859]BlueprintLog: New page: Compile BP_TrailDamage
[2025.10.12-17.04.54:423][859]LogUObjectHash: Compacting FUObjectHashTables data took   2.19ms
[2025.10.12-17.06.10:429][676]BlueprintLog: New page: Compile BP_TrailDamage
[2025.10.12-17.06.10:453][676]LogUObjectHash: Compacting FUObjectHashTables data took   2.00ms
[2025.10.12-17.06.13:718][ 65]LogSlate: Prevented a slow task dialog from being summoned while a context menu was open
[2025.10.12-17.06.13:737][ 65]LogEditorClassViewer: Warning: Class /Engine/Tutorial/InWorldBlueprintEditing/TutorialAssets/IWBE_Blutility.IWBE_Blutility_C has parent /Script/Blutility.PlacedEditorUtilityBase, but this parent is not found. The Class will not be shown in ClassViewer.
[2025.10.12-17.06.34:135][819]BlueprintLog: New page: Compile BP_TrailDamage
[2025.10.12-17.06.34:161][819]LogUObjectHash: Compacting FUObjectHashTables data took   1.97ms
[2025.10.12-17.07.32:672][764]Cmd: OBJ SAVEPACKAGE PACKAGE="/Game/Maps/ComidaVivaIA" FILE="C:/Users/PC/Documents/GitHub/TasteOfMadness/TasteOfMadness/Content/Maps/ComidaVivaIA.umap" SILENT=true AUTOSAVING=false KEEPDIRTY=false
[2025.10.12-17.07.32:687][764]LogUObjectHash: Compacting FUObjectHashTables data took   1.94ms
[2025.10.12-17.07.32:695][764]LogSavePackage: Moving 'C:/Users/PC/Documents/GitHub/TasteOfMadness/TasteOfMadness/Saved/ComidaVivaIAF6708F9141F89E3E4683879B1272350A.tmp' to 'C:/Users/PC/Documents/GitHub/TasteOfMadness/TasteOfMadness/Content/Maps/ComidaVivaIA.umap'
[2025.10.12-17.07.32:720][764]AssetCheck: New page: Asset Save: ComidaVivaIA
[2025.10.12-17.07.32:720][764]LogContentValidation: Display: Validating World /Game/Maps/ComidaVivaIA.ComidaVivaIA
[2025.10.12-17.07.33:809][892]LogSavePackage: Moving 'C:/Users/PC/Documents/GitHub/TasteOfMadness/TasteOfMadness/Saved/BP_TrailDamage5635F2B747A309AF641C70A623EAAA8B.tmp' to 'C:/Users/PC/Documents/GitHub/TasteOfMadness/TasteOfMadness/Content/Characters/Content_Enemies/BP_Rata/BP_TrailDamage.uasset'
[2025.10.12-17.07.33:821][892]AssetCheck: New page: Asset Save: BP_TrailDamage
[2025.10.12-17.07.33:821][892]LogContentValidation: Display: Validating Blueprint /Game/Characters/Content_Enemies/BP_Rata/BP_TrailDamage.BP_TrailDamage
[2025.10.12-17.07.35:555][ 94]LogTemp: Repeating last play command: Selected Viewport
[2025.10.12-17.07.35:560][ 94]LogPlayLevel: PlayLevel: No blueprints needed recompiling
[2025.10.12-17.07.35:560][ 94]PIE: New page: PIE session: ComidaVivaIA (Oct 12, 2025, 6:07:35 AM)
[2025.10.12-17.07.35:592][ 94]LogPlayLevel: Creating play world package: /Game/Maps/UEDPIE_0_ComidaVivaIA
[2025.10.12-17.07.35:595][ 94]LogPlayLevel: PIE: StaticDuplicateObject took: (0.002490s)
[2025.10.12-17.07.35:595][ 94]LogAIModule: Creating AISystem for world ComidaVivaIA
[2025.10.12-17.07.35:596][ 94]LogPlayLevel: PIE: World Init took: (0.000967s)
[2025.10.12-17.07.35:596][ 94]LogPlayLevel: PIE: Created PIE world by copying editor world from /Game/Maps/ComidaVivaIA.ComidaVivaIA to /Game/Maps/UEDPIE_0_ComidaVivaIA.ComidaVivaIA (0.003567s)
[2025.10.12-17.07.35:613][ 94]LogUObjectHash: Compacting FUObjectHashTables data took   1.70ms
[2025.10.12-17.07.35:614][ 94]LogAudio: Display: Creating Audio Device:                 Id: 5, Scope: Unique, Realtime: True
[2025.10.12-17.07.35:614][ 94]LogAudioMixer: Display: Audio Mixer Platform Settings:
[2025.10.12-17.07.35:614][ 94]LogAudioMixer: Display: 	Sample Rate:						  48000
[2025.10.12-17.07.35:614][ 94]LogAudioMixer: Display: 	Callback Buffer Frame Size Requested: 1024
[2025.10.12-17.07.35:614][ 94]LogAudioMixer: Display: 	Callback Buffer Frame Size To Use:	  1024
[2025.10.12-17.07.35:614][ 94]LogAudioMixer: Display: 	Number of buffers to queue:			  2
[2025.10.12-17.07.35:614][ 94]LogAudioMixer: Display: 	Max Channels (voices):				  32
[2025.10.12-17.07.35:614][ 94]LogAudioMixer: Display: 	Number of Async Source Workers:		  0
[2025.10.12-17.07.35:614][ 94]LogAudio: Display: AudioDevice MaxSources: 32
[2025.10.12-17.07.35:614][ 94]LogAudio: Display: Audio Spatialization Plugin: None (built-in).
[2025.10.12-17.07.35:614][ 94]LogAudio: Display: Audio Reverb Plugin: None (built-in).
[2025.10.12-17.07.35:614][ 94]LogAudio: Display: Audio Occlusion Plugin: None (built-in).
[2025.10.12-17.07.35:614][ 94]LogAudioMixer: Display: Initializing audio mixer.
[2025.10.12-17.07.35:617][ 94]LogAudioMixer: Display: 0: FrontLeft
[2025.10.12-17.07.35:617][ 94]LogAudioMixer: Display: 1: FrontRight
[2025.10.12-17.07.35:623][ 94]LogAudioMixer: Display: Using Audio Device LC24RG50 (NVIDIA High Definition Audio)
[2025.10.12-17.07.35:623][ 94]LogAudioMixer: Display: Initializing Sound Submixes...
[2025.10.12-17.07.35:623][ 94]LogAudioMixer: Display: Creating Master Submix 'MasterSubmixDefault'
[2025.10.12-17.07.35:623][ 94]LogAudioMixer: Display: Creating Master Submix 'MasterReverbSubmixDefault'
[2025.10.12-17.07.35:624][ 94]LogAudioMixer: Display: Creating Master Submix 'MasterEQSubmixDefault'
[2025.10.12-17.07.35:624][ 94]LogAudioMixer: FMixerPlatformXAudio2::StartAudioStream() called
[2025.10.12-17.07.35:624][ 94]LogAudioMixer: Display: Output buffers initialized: Frames=1024, Channels=2, Samples=2048
[2025.10.12-17.07.35:625][ 94]LogAudioMixer: Display: Starting AudioMixerPlatformInterface::RunInternal()
[2025.10.12-17.07.35:625][ 94]LogAudioMixer: Display: FMixerPlatformXAudio2::SubmitBuffer() called for the first time
[2025.10.12-17.07.35:625][ 94]LogInit: FAudioDevice initialized.
[2025.10.12-17.07.35:625][ 94]LogAudio: Display: Audio Device (ID: 5) registered with world 'ComidaVivaIA'.
[2025.10.12-17.07.35:632][ 94]LogLoad: Game class is 'BP_GameMode_C'
[2025.10.12-17.07.35:633][ 94]LogWorld: Bringing World /Game/Maps/UEDPIE_0_ComidaVivaIA.ComidaVivaIA up for play (max tick rate 0) at 2025.10.12-11.07.35
[2025.10.12-17.07.35:633][ 94]LogWorld: Bringing up level for play took: 0.001058
[2025.10.12-17.07.35:633][ 94]LogOnline: OSS: Creating online subsystem instance for: :Context_21
[2025.10.12-17.07.35:636][ 94]LogBlueprintUserMessages: [BP_ClareCharacter_C_0] BP_Sarten
[2025.10.12-17.07.35:637][ 94]LogBlueprintUserMessages: [BP_ClareCharacter_C_0] BP_Olla
[2025.10.12-17.07.35:639][ 94]LogBlueprintUserMessages: [BP_ClareCharacter_C_0] BP_LlaveInglesa
[2025.10.12-17.07.35:640][ 94]LogBlueprintUserMessages: [BP_ClareCharacter_C_0] BP_Escoba
[2025.10.12-17.07.35:642][ 94]LogBlueprintUserMessages: [BP_ClareCharacter_C_0] BP_Trapeador
[2025.10.12-17.07.35:643][ 94]LogBlueprintUserMessages: [BP_ClareCharacter_C_0] BP_Extintor
[2025.10.12-17.07.35:644][ 94]LogBlueprintUserMessages: [BP_ClareCharacter_C_0] BP_Cuchillo
[2025.10.12-17.07.35:646][ 94]PIE: Server logged in
[2025.10.12-17.07.35:646][ 94]PIE: Play in editor total start time 0.087 seconds.
[2025.10.12-17.07.35:658][ 95]LogBlueprintUserMessages: [BP_SwarmEnemy_2] "Përsiguiendo"
[2025.10.12-17.07.36:160][155]LogBlueprintUserMessages: [BP_SwarmEnemy_2] "Përsiguiendo"
[2025.10.12-17.07.36:660][215]LogBlueprintUserMessages: [BP_SwarmEnemy_2] "Përsiguiendo"
[2025.10.12-17.07.50:161][835]LogBlueprintUserMessages: [BP_SwarmEnemy_2] "Përsiguiendo"
[2025.10.12-17.07.50:661][895]LogBlueprintUserMessages: [BP_SwarmEnemy_2] "Përsiguiendo"
[2025.10.12-17.07.51:161][955]LogBlueprintUserMessages: [BP_SwarmEnemy_2] "Përsiguiendo"
[2025.10.12-17.07.51:660][ 15]LogBlueprintUserMessages: [BP_SwarmEnemy_2] "Përsiguiendo"
[2025.10.12-17.07.52:161][ 75]LogBlueprintUserMessages: [BP_SwarmEnemy_2] "Përsiguiendo"
[2025.10.12-17.07.52:660][135]LogBlueprintUserMessages: [BP_SwarmEnemy_2] "Përsiguiendo"
[2025.10.12-17.07.53:161][195]LogBlueprintUserMessages: [BP_SwarmEnemy_2] "Përsiguiendo"
[2025.10.12-17.07.53:661][255]LogBlueprintUserMessages: [BP_SwarmEnemy_2] "Përsiguiendo"
[2025.10.12-17.07.54:161][315]LogBlueprintUserMessages: [BP_SwarmEnemy_2] "Përsiguiendo"
[2025.10.12-17.07.54:660][375]LogBlueprintUserMessages: [BP_SwarmEnemy_2] "Përsiguiendo"
[2025.10.12-17.07.55:160][435]LogBlueprintUserMessages: [BP_SwarmEnemy_2] "Përsiguiendo"
[2025.10.12-17.07.55:661][495]LogBlueprintUserMessages: [BP_SwarmEnemy_2] "Përsiguiendo"
[2025.10.12-17.07.56:168][554]LogBlueprintUserMessages: [BP_SwarmEnemy_2] "Përsiguiendo"
[2025.10.12-17.07.56:668][614]LogBlueprintUserMessages: [BP_SwarmEnemy_2] "Përsiguiendo"
[2025.10.12-17.07.57:169][674]LogBlueprintUserMessages: [BP_SwarmEnemy_2] "Përsiguiendo"
[2025.10.12-17.07.57:732][737]LogSlate: Updating window title bar state: overlay mode, drag disabled, window buttons hidden, title bar hidden
[2025.10.12-17.07.57:733][737]LogWorld: BeginTearingDown for /Game/Maps/UEDPIE_0_ComidaVivaIA
[2025.10.12-17.07.57:733][737]LogWorld: UWorld::CleanupWorld for ComidaVivaIA, bSessionEnded=true, bCleanupResources=true
[2025.10.12-17.07.57:733][737]LogSlate: InvalidateAllWidgets triggered.  All widgets were invalidated
[2025.10.12-17.07.57:739][737]LogPlayLevel: Display: Shutting down PIE online subsystems
[2025.10.12-17.07.57:747][737]LogSlate: InvalidateAllWidgets triggered.  All widgets were invalidated
[2025.10.12-17.07.57:762][737]LogSlate: Updating window title bar state: overlay mode, drag disabled, window buttons hidden, title bar hidden
[2025.10.12-17.07.57:762][737]LogAudioMixer: FMixerPlatformXAudio2::StopAudioStream() called
[2025.10.12-17.07.57:763][737]LogAudioMixer: FMixerPlatformXAudio2::StopAudioStream() called
[2025.10.12-17.07.57:769][737]LogUObjectHash: Compacting FUObjectHashTables data took   1.60ms
[2025.10.12-17.07.57:822][739]LogPlayLevel: Display: Destroying online subsystem :Context_21
[2025.10.12-17.07.59:067][888]LogTemp: Repeating last play command: Selected Viewport
[2025.10.12-17.07.59:072][888]LogPlayLevel: PlayLevel: No blueprints needed recompiling
[2025.10.12-17.07.59:072][888]PIE: New page: PIE session: ComidaVivaIA (Oct 12, 2025, 6:07:59 AM)
[2025.10.12-17.07.59:101][888]LogPlayLevel: Creating play world package: /Game/Maps/UEDPIE_0_ComidaVivaIA
[2025.10.12-17.07.59:104][888]LogPlayLevel: PIE: StaticDuplicateObject took: (0.002568s)
[2025.10.12-17.07.59:105][888]LogAIModule: Creating AISystem for world ComidaVivaIA
[2025.10.12-17.07.59:105][888]LogPlayLevel: PIE: World Init took: (0.000948s)
[2025.10.12-17.07.59:105][888]LogPlayLevel: PIE: Created PIE world by copying editor world from /Game/Maps/ComidaVivaIA.ComidaVivaIA to /Game/Maps/UEDPIE_0_ComidaVivaIA.ComidaVivaIA (0.003611s)
[2025.10.12-17.07.59:120][888]LogUObjectHash: Compacting FUObjectHashTables data took   1.63ms
[2025.10.12-17.07.59:121][888]LogAudio: Display: Creating Audio Device:                 Id: 6, Scope: Unique, Realtime: True
[2025.10.12-17.07.59:121][888]LogAudioMixer: Display: Audio Mixer Platform Settings:
[2025.10.12-17.07.59:121][888]LogAudioMixer: Display: 	Sample Rate:						  48000
[2025.10.12-17.07.59:121][888]LogAudioMixer: Display: 	Callback Buffer Frame Size Requested: 1024
[2025.10.12-17.07.59:121][888]LogAudioMixer: Display: 	Callback Buffer Frame Size To Use:	  1024
[2025.10.12-17.07.59:121][888]LogAudioMixer: Display: 	Number of buffers to queue:			  2
[2025.10.12-17.07.59:121][888]LogAudioMixer: Display: 	Max Channels (voices):				  32
[2025.10.12-17.07.59:121][888]LogAudioMixer: Display: 	Number of Async Source Workers:		  0
[2025.10.12-17.07.59:121][888]LogAudio: Display: AudioDevice MaxSources: 32
[2025.10.12-17.07.59:121][888]LogAudio: Display: Audio Spatialization Plugin: None (built-in).
[2025.10.12-17.07.59:121][888]LogAudio: Display: Audio Reverb Plugin: None (built-in).
[2025.10.12-17.07.59:121][888]LogAudio: Display: Audio Occlusion Plugin: None (built-in).
[2025.10.12-17.07.59:121][888]LogAudioMixer: Display: Initializing audio mixer.
[2025.10.12-17.07.59:124][888]LogAudioMixer: Display: 0: FrontLeft
[2025.10.12-17.07.59:124][888]LogAudioMixer: Display: 1: FrontRight
[2025.10.12-17.07.59:130][888]LogAudioMixer: Display: Using Audio Device LC24RG50 (NVIDIA High Definition Audio)
[2025.10.12-17.07.59:130][888]LogAudioMixer: Display: Initializing Sound Submixes...
[2025.10.12-17.07.59:130][888]LogAudioMixer: Display: Creating Master Submix 'MasterSubmixDefault'
[2025.10.12-17.07.59:130][888]LogAudioMixer: Display: Creating Master Submix 'MasterReverbSubmixDefault'
[2025.10.12-17.07.59:130][888]LogAudioMixer: Display: Creating Master Submix 'MasterEQSubmixDefault'
[2025.10.12-17.07.59:130][888]LogAudioMixer: FMixerPlatformXAudio2::StartAudioStream() called
[2025.10.12-17.07.59:130][888]LogAudioMixer: Display: Output buffers initialized: Frames=1024, Channels=2, Samples=2048
[2025.10.12-17.07.59:131][888]LogAudioMixer: Display: Starting AudioMixerPlatformInterface::RunInternal()
[2025.10.12-17.07.59:131][888]LogAudioMixer: Display: FMixerPlatformXAudio2::SubmitBuffer() called for the first time
[2025.10.12-17.07.59:131][888]LogInit: FAudioDevice initialized.
[2025.10.12-17.07.59:131][888]LogAudio: Display: Audio Device (ID: 6) registered with world 'ComidaVivaIA'.
[2025.10.12-17.07.59:142][888]LogLoad: Game class is 'BP_GameMode_C'
[2025.10.12-17.07.59:143][888]LogWorld: Bringing World /Game/Maps/UEDPIE_0_ComidaVivaIA.ComidaVivaIA up for play (max tick rate 0) at 2025.10.12-11.07.59
[2025.10.12-17.07.59:143][888]LogWorld: Bringing up level for play took: 0.001015
[2025.10.12-17.07.59:143][888]LogOnline: OSS: Creating online subsystem instance for: :Context_22
[2025.10.12-17.07.59:145][888]LogBlueprintUserMessages: [BP_ClareCharacter_C_0] BP_Sarten
[2025.10.12-17.07.59:147][888]LogBlueprintUserMessages: [BP_ClareCharacter_C_0] BP_Olla
[2025.10.12-17.07.59:148][888]LogBlueprintUserMessages: [BP_ClareCharacter_C_0] BP_LlaveInglesa
[2025.10.12-17.07.59:150][888]LogBlueprintUserMessages: [BP_ClareCharacter_C_0] BP_Escoba
[2025.10.12-17.07.59:152][888]LogBlueprintUserMessages: [BP_ClareCharacter_C_0] BP_Trapeador
[2025.10.12-17.07.59:153][888]LogBlueprintUserMessages: [BP_ClareCharacter_C_0] BP_Extintor
[2025.10.12-17.07.59:155][888]LogBlueprintUserMessages: [BP_ClareCharacter_C_0] BP_Cuchillo
[2025.10.12-17.07.59:156][888]PIE: Server logged in
[2025.10.12-17.07.59:157][888]PIE: Play in editor total start time 0.086 seconds.
[2025.10.12-17.07.59:367][913]LogBlueprintUserMessages: [BP_SwarmEnemy_2] "Përsiguiendo"
[2025.10.12-17.07.59:868][973]LogBlueprintUserMessages: [BP_SwarmEnemy_2] "Përsiguiendo"
[2025.10.12-17.08.00:367][ 33]LogBlueprintUserMessages: [BP_SwarmEnemy_2] "Përsiguiendo"
[2025.10.12-17.08.06:876][812]LogBlueprintUserMessages: [BP_SwarmEnemy_2] "Përsiguiendo"
[2025.10.12-17.08.07:375][872]LogBlueprintUserMessages: [BP_SwarmEnemy_2] "Përsiguiendo"
[2025.10.12-17.08.07:876][932]LogBlueprintUserMessages: [BP_SwarmEnemy_2] "Përsiguiendo"
[2025.10.12-17.08.08:375][992]LogBlueprintUserMessages: [BP_SwarmEnemy_2] "Përsiguiendo"
[2025.10.12-17.08.08:875][ 52]LogBlueprintUserMessages: [BP_SwarmEnemy_2] "Përsiguiendo"
[2025.10.12-17.08.09:375][112]LogBlueprintUserMessages: [BP_SwarmEnemy_2] "Përsiguiendo"
[2025.10.12-17.08.09:875][172]LogBlueprintUserMessages: [BP_SwarmEnemy_2] "Përsiguiendo"
[2025.10.12-17.08.10:375][232]LogBlueprintUserMessages: [BP_SwarmEnemy_2] "Përsiguiendo"
[2025.10.12-17.08.27:172][242]LogSlate: Updating window title bar state: overlay mode, drag disabled, window buttons hidden, title bar hidden
[2025.10.12-17.08.27:172][242]LogWorld: BeginTearingDown for /Game/Maps/UEDPIE_0_ComidaVivaIA
[2025.10.12-17.08.27:172][242]LogWorld: UWorld::CleanupWorld for ComidaVivaIA, bSessionEnded=true, bCleanupResources=true
[2025.10.12-17.08.27:172][242]LogSlate: InvalidateAllWidgets triggered.  All widgets were invalidated
[2025.10.12-17.08.27:182][242]LogPlayLevel: Display: Shutting down PIE online subsystems
[2025.10.12-17.08.27:189][242]LogSlate: InvalidateAllWidgets triggered.  All widgets were invalidated
[2025.10.12-17.08.27:202][242]LogSlate: Updating window title bar state: overlay mode, drag disabled, window buttons hidden, title bar hidden
[2025.10.12-17.08.27:202][242]LogAudioMixer: FMixerPlatformXAudio2::StopAudioStream() called
[2025.10.12-17.08.27:203][242]LogAudioMixer: FMixerPlatformXAudio2::StopAudioStream() called
[2025.10.12-17.08.27:208][242]LogUObjectHash: Compacting FUObjectHashTables data took   1.54ms
[2025.10.12-17.08.27:231][243]LogPlayLevel: Display: Destroying online subsystem :Context_22
[2025.10.12-17.12.54:400][838]BlueprintLog: New page: Compile BP_TrailDamage
[2025.10.12-17.12.54:425][838]LogUObjectHash: Compacting FUObjectHashTables data took   2.00ms
[2025.10.12-17.12.55:949][  4]LogSavePackage: Moving 'C:/Users/PC/Documents/GitHub/TasteOfMadness/TasteOfMadness/Saved/BP_TrailDamage78847ACD44893999D1814A8FDC295C90.tmp' to 'C:/Users/PC/Documents/GitHub/TasteOfMadness/TasteOfMadness/Content/Characters/Content_Enemies/BP_Rata/BP_TrailDamage.uasset'
[2025.10.12-17.12.55:962][  4]AssetCheck: New page: Asset Save: BP_TrailDamage
[2025.10.12-17.12.55:962][  4]LogContentValidation: Display: Validating Blueprint /Game/Characters/Content_Enemies/BP_Rata/BP_TrailDamage.BP_TrailDamage
[2025.10.12-17.12.57:441][171]LogTemp: Repeating last play command: Selected Viewport
[2025.10.12-17.12.57:446][171]LogPlayLevel: PlayLevel: No blueprints needed recompiling
[2025.10.12-17.12.57:446][171]PIE: New page: PIE session: ComidaVivaIA (Oct 12, 2025, 6:12:57 AM)
[2025.10.12-17.12.57:481][171]LogPlayLevel: Creating play world package: /Game/Maps/UEDPIE_0_ComidaVivaIA
[2025.10.12-17.12.57:483][171]LogPlayLevel: PIE: StaticDuplicateObject took: (0.002516s)
[2025.10.12-17.12.57:484][171]LogAIModule: Creating AISystem for world ComidaVivaIA
[2025.10.12-17.12.57:484][171]LogPlayLevel: PIE: World Init took: (0.001012s)
[2025.10.12-17.12.57:484][171]LogPlayLevel: PIE: Created PIE world by copying editor world from /Game/Maps/ComidaVivaIA.ComidaVivaIA to /Game/Maps/UEDPIE_0_ComidaVivaIA.ComidaVivaIA (0.003633s)
[2025.10.12-17.12.57:499][171]LogUObjectHash: Compacting FUObjectHashTables data took   1.96ms
[2025.10.12-17.12.57:500][171]LogAudio: Display: Creating Audio Device:                 Id: 7, Scope: Unique, Realtime: True
[2025.10.12-17.12.57:500][171]LogAudioMixer: Display: Audio Mixer Platform Settings:
[2025.10.12-17.12.57:500][171]LogAudioMixer: Display: 	Sample Rate:						  48000
[2025.10.12-17.12.57:500][171]LogAudioMixer: Display: 	Callback Buffer Frame Size Requested: 1024
[2025.10.12-17.12.57:500][171]LogAudioMixer: Display: 	Callback Buffer Frame Size To Use:	  1024
[2025.10.12-17.12.57:500][171]LogAudioMixer: Display: 	Number of buffers to queue:			  2
[2025.10.12-17.12.57:500][171]LogAudioMixer: Display: 	Max Channels (voices):				  32
[2025.10.12-17.12.57:500][171]LogAudioMixer: Display: 	Number of Async Source Workers:		  0
[2025.10.12-17.12.57:500][171]LogAudio: Display: AudioDevice MaxSources: 32
[2025.10.12-17.12.57:501][171]LogAudio: Display: Audio Spatialization Plugin: None (built-in).
[2025.10.12-17.12.57:501][171]LogAudio: Display: Audio Reverb Plugin: None (built-in).
[2025.10.12-17.12.57:501][171]LogAudio: Display: Audio Occlusion Plugin: None (built-in).
[2025.10.12-17.12.57:501][171]LogAudioMixer: Display: Initializing audio mixer.
[2025.10.12-17.12.57:504][171]LogAudioMixer: Display: 0: FrontLeft
[2025.10.12-17.12.57:504][171]LogAudioMixer: Display: 1: FrontRight
[2025.10.12-17.12.57:511][171]LogAudioMixer: Display: Using Audio Device LC24RG50 (NVIDIA High Definition Audio)
[2025.10.12-17.12.57:512][171]LogAudioMixer: Display: Initializing Sound Submixes...
[2025.10.12-17.12.57:512][171]LogAudioMixer: Display: Creating Master Submix 'MasterSubmixDefault'
[2025.10.12-17.12.57:512][171]LogAudioMixer: Display: Creating Master Submix 'MasterReverbSubmixDefault'
[2025.10.12-17.12.57:512][171]LogAudioMixer: Display: Creating Master Submix 'MasterEQSubmixDefault'
[2025.10.12-17.12.57:512][171]LogAudioMixer: FMixerPlatformXAudio2::StartAudioStream() called
[2025.10.12-17.12.57:512][171]LogAudioMixer: Display: Output buffers initialized: Frames=1024, Channels=2, Samples=2048
[2025.10.12-17.12.57:513][171]LogAudioMixer: Display: Starting AudioMixerPlatformInterface::RunInternal()
[2025.10.12-17.12.57:513][171]LogAudioMixer: Display: FMixerPlatformXAudio2::SubmitBuffer() called for the first time
[2025.10.12-17.12.57:513][171]LogInit: FAudioDevice initialized.
[2025.10.12-17.12.57:513][171]LogAudio: Display: Audio Device (ID: 7) registered with world 'ComidaVivaIA'.
[2025.10.12-17.12.57:524][171]LogLoad: Game class is 'BP_GameMode_C'
[2025.10.12-17.12.57:525][171]LogWorld: Bringing World /Game/Maps/UEDPIE_0_ComidaVivaIA.ComidaVivaIA up for play (max tick rate 0) at 2025.10.12-11.12.57
[2025.10.12-17.12.57:525][171]LogWorld: Bringing up level for play took: 0.001068
[2025.10.12-17.12.57:525][171]LogOnline: OSS: Creating online subsystem instance for: :Context_23
[2025.10.12-17.12.57:528][171]LogBlueprintUserMessages: [BP_ClareCharacter_C_0] BP_Sarten
[2025.10.12-17.12.57:529][171]LogBlueprintUserMessages: [BP_ClareCharacter_C_0] BP_Olla
[2025.10.12-17.12.57:531][171]LogBlueprintUserMessages: [BP_ClareCharacter_C_0] BP_LlaveInglesa
[2025.10.12-17.12.57:532][171]LogBlueprintUserMessages: [BP_ClareCharacter_C_0] BP_Escoba
[2025.10.12-17.12.57:533][171]LogBlueprintUserMessages: [BP_ClareCharacter_C_0] BP_Trapeador
[2025.10.12-17.12.57:535][171]LogBlueprintUserMessages: [BP_ClareCharacter_C_0] BP_Extintor
[2025.10.12-17.12.57:536][171]LogBlueprintUserMessages: [BP_ClareCharacter_C_0] BP_Cuchillo
[2025.10.12-17.12.57:538][171]PIE: Server logged in
[2025.10.12-17.12.57:539][171]PIE: Play in editor total start time 0.093 seconds.
[2025.10.12-17.12.57:553][172]LogBlueprintUserMessages: [BP_SwarmEnemy_2] "Përsiguiendo"
[2025.10.12-17.12.58:053][232]LogBlueprintUserMessages: [BP_SwarmEnemy_2] "Përsiguiendo"
[2025.10.12-17.12.58:552][292]LogBlueprintUserMessages: [BP_SwarmEnemy_2] "Përsiguiendo"
[2025.10.12-17.12.59:052][352]LogBlueprintUserMessages: [BP_SwarmEnemy_2] "Përsiguiendo"
[2025.10.12-17.12.59:552][412]LogBlueprintUserMessages: [BP_SwarmEnemy_2] "Përsiguiendo"
[2025.10.12-17.13.13:301][ 58]LogSlate: Updating window title bar state: overlay mode, drag disabled, window buttons hidden, title bar hidden
[2025.10.12-17.13.13:301][ 58]LogWorld: BeginTearingDown for /Game/Maps/UEDPIE_0_ComidaVivaIA
[2025.10.12-17.13.13:301][ 58]LogWorld: UWorld::CleanupWorld for ComidaVivaIA, bSessionEnded=true, bCleanupResources=true
[2025.10.12-17.13.13:301][ 58]LogSlate: InvalidateAllWidgets triggered.  All widgets were invalidated
[2025.10.12-17.13.13:308][ 58]LogPlayLevel: Display: Shutting down PIE online subsystems
[2025.10.12-17.13.13:316][ 58]LogSlate: InvalidateAllWidgets triggered.  All widgets were invalidated
[2025.10.12-17.13.13:332][ 58]LogAudio: Display: Audio Device unregistered from world 'None'.
[2025.10.12-17.13.13:332][ 58]LogAudioMixer: FMixerPlatformXAudio2::StopAudioStream() called
[2025.10.12-17.13.13:333][ 58]LogAudioMixer: FMixerPlatformXAudio2::StopAudioStream() called
[2025.10.12-17.13.13:335][ 58]LogSlate: Updating window title bar state: overlay mode, drag disabled, window buttons hidden, title bar hidden
[2025.10.12-17.13.13:339][ 58]LogUObjectHash: Compacting FUObjectHashTables data took   1.49ms
[2025.10.12-17.13.13:398][ 60]LogPlayLevel: Display: Destroying online subsystem :Context_23
[2025.10.12-17.13.18:339][641]BlueprintLog: New page: Compile BP_TrailDamage
[2025.10.12-17.13.18:363][641]LogUObjectHash: Compacting FUObjectHashTables data took   1.73ms
[2025.10.12-17.13.19:013][712]LogSavePackage: Moving 'C:/Users/PC/Documents/GitHub/TasteOfMadness/TasteOfMadness/Saved/BP_TrailDamage9D7E53B04F777C5E82F929BF7489465E.tmp' to 'C:/Users/PC/Documents/GitHub/TasteOfMadness/TasteOfMadness/Content/Characters/Content_Enemies/BP_Rata/BP_TrailDamage.uasset'
[2025.10.12-17.13.19:025][712]AssetCheck: New page: Asset Save: BP_TrailDamage
[2025.10.12-17.13.19:026][712]LogContentValidation: Display: Validating Blueprint /Game/Characters/Content_Enemies/BP_Rata/BP_TrailDamage.BP_TrailDamage
[2025.10.12-17.13.34:120][509]LogSlate: Prevented a slow task dialog from being summoned while a context menu was open
[2025.10.12-17.13.34:137][509]LogEditorClassViewer: Warning: Class /Engine/Tutorial/InWorldBlueprintEditing/TutorialAssets/IWBE_Blutility.IWBE_Blutility_C has parent /Script/Blutility.PlacedEditorUtilityBase, but this parent is not found. The Class will not be shown in ClassViewer.
[2025.10.12-17.14.17:577][786]BlueprintLog: New page: Compile BP_TrailDamage
[2025.10.12-17.14.17:600][786]LogUObjectHash: Compacting FUObjectHashTables data took   2.21ms
[2025.10.12-17.14.18:006][829]LogSavePackage: Moving 'C:/Users/PC/Documents/GitHub/TasteOfMadness/TasteOfMadness/Saved/BP_TrailDamageF4B27FD940B661AF13DCB5A735DFA604.tmp' to 'C:/Users/PC/Documents/GitHub/TasteOfMadness/TasteOfMadness/Content/Characters/Content_Enemies/BP_Rata/BP_TrailDamage.uasset'
[2025.10.12-17.14.18:019][829]AssetCheck: New page: Asset Save: BP_TrailDamage
[2025.10.12-17.14.18:019][829]LogContentValidation: Display: Validating Blueprint /Game/Characters/Content_Enemies/BP_Rata/BP_TrailDamage.BP_TrailDamage
[2025.10.12-17.14.19:362][974]LogTemp: Repeating last play command: Selected Viewport
[2025.10.12-17.14.19:367][974]LogPlayLevel: PlayLevel: No blueprints needed recompiling
[2025.10.12-17.14.19:367][974]PIE: New page: PIE session: ComidaVivaIA (Oct 12, 2025, 6:14:19 AM)
[2025.10.12-17.14.19:398][974]LogPlayLevel: Creating play world package: /Game/Maps/UEDPIE_0_ComidaVivaIA
[2025.10.12-17.14.19:400][974]LogPlayLevel: PIE: StaticDuplicateObject took: (0.002525s)
[2025.10.12-17.14.19:401][974]LogAIModule: Creating AISystem for world ComidaVivaIA
[2025.10.12-17.14.19:401][974]LogPlayLevel: PIE: World Init took: (0.000954s)
[2025.10.12-17.14.19:401][974]LogPlayLevel: PIE: Created PIE world by copying editor world from /Game/Maps/ComidaVivaIA.ComidaVivaIA to /Game/Maps/UEDPIE_0_ComidaVivaIA.ComidaVivaIA (0.003589s)
[2025.10.12-17.14.19:417][974]LogUObjectHash: Compacting FUObjectHashTables data took   2.23ms
[2025.10.12-17.14.19:418][974]LogAudio: Display: Creating Audio Device:                 Id: 8, Scope: Unique, Realtime: True
[2025.10.12-17.14.19:418][974]LogAudioMixer: Display: Audio Mixer Platform Settings:
[2025.10.12-17.14.19:418][974]LogAudioMixer: Display: 	Sample Rate:						  48000
[2025.10.12-17.14.19:418][974]LogAudioMixer: Display: 	Callback Buffer Frame Size Requested: 1024
[2025.10.12-17.14.19:418][974]LogAudioMixer: Display: 	Callback Buffer Frame Size To Use:	  1024
[2025.10.12-17.14.19:418][974]LogAudioMixer: Display: 	Number of buffers to queue:			  2
[2025.10.12-17.14.19:418][974]LogAudioMixer: Display: 	Max Channels (voices):				  32
[2025.10.12-17.14.19:418][974]LogAudioMixer: Display: 	Number of Async Source Workers:		  0
[2025.10.12-17.14.19:418][974]LogAudio: Display: AudioDevice MaxSources: 32
[2025.10.12-17.14.19:418][974]LogAudio: Display: Audio Spatialization Plugin: None (built-in).
[2025.10.12-17.14.19:418][974]LogAudio: Display: Audio Reverb Plugin: None (built-in).
[2025.10.12-17.14.19:418][974]LogAudio: Display: Audio Occlusion Plugin: None (built-in).
[2025.10.12-17.14.19:418][974]LogAudioMixer: Display: Initializing audio mixer.
[2025.10.12-17.14.19:421][974]LogAudioMixer: Display: 0: FrontLeft
[2025.10.12-17.14.19:421][974]LogAudioMixer: Display: 1: FrontRight
[2025.10.12-17.14.19:428][974]LogAudioMixer: Display: Using Audio Device LC24RG50 (NVIDIA High Definition Audio)
[2025.10.12-17.14.19:428][974]LogAudioMixer: Display: Initializing Sound Submixes...
[2025.10.12-17.14.19:428][974]LogAudioMixer: Display: Creating Master Submix 'MasterSubmixDefault'
[2025.10.12-17.14.19:428][974]LogAudioMixer: Display: Creating Master Submix 'MasterReverbSubmixDefault'
[2025.10.12-17.14.19:429][974]LogAudioMixer: Display: Creating Master Submix 'MasterEQSubmixDefault'
[2025.10.12-17.14.19:429][974]LogAudioMixer: FMixerPlatformXAudio2::StartAudioStream() called
[2025.10.12-17.14.19:429][974]LogAudioMixer: Display: Output buffers initialized: Frames=1024, Channels=2, Samples=2048
[2025.10.12-17.14.19:430][974]LogAudioMixer: Display: Starting AudioMixerPlatformInterface::RunInternal()
[2025.10.12-17.14.19:430][974]LogAudioMixer: Display: FMixerPlatformXAudio2::SubmitBuffer() called for the first time
[2025.10.12-17.14.19:430][974]LogInit: FAudioDevice initialized.
[2025.10.12-17.14.19:430][974]LogAudio: Display: Audio Device (ID: 8) registered with world 'ComidaVivaIA'.
[2025.10.12-17.14.19:437][974]LogLoad: Game class is 'BP_GameMode_C'
[2025.10.12-17.14.19:438][974]LogWorld: Bringing World /Game/Maps/UEDPIE_0_ComidaVivaIA.ComidaVivaIA up for play (max tick rate 0) at 2025.10.12-11.14.19
[2025.10.12-17.14.19:439][974]LogWorld: Bringing up level for play took: 0.001146
[2025.10.12-17.14.19:439][974]LogOnline: OSS: Creating online subsystem instance for: :Context_24
[2025.10.12-17.14.19:441][974]LogBlueprintUserMessages: [BP_ClareCharacter_C_0] BP_Sarten
[2025.10.12-17.14.19:443][974]LogBlueprintUserMessages: [BP_ClareCharacter_C_0] BP_Olla
[2025.10.12-17.14.19:444][974]LogBlueprintUserMessages: [BP_ClareCharacter_C_0] BP_LlaveInglesa
[2025.10.12-17.14.19:446][974]LogBlueprintUserMessages: [BP_ClareCharacter_C_0] BP_Escoba
[2025.10.12-17.14.19:447][974]LogBlueprintUserMessages: [BP_ClareCharacter_C_0] BP_Trapeador
[2025.10.12-17.14.19:449][974]LogBlueprintUserMessages: [BP_ClareCharacter_C_0] BP_Extintor
[2025.10.12-17.14.19:450][974]LogBlueprintUserMessages: [BP_ClareCharacter_C_0] BP_Cuchillo
[2025.10.12-17.14.19:452][974]PIE: Server logged in
[2025.10.12-17.14.19:452][974]PIE: Play in editor total start time 0.086 seconds.
[2025.10.12-17.14.19:785][ 13]LogBlueprintUserMessages: [BP_SwarmEnemy_2] "Përsiguiendo"
[2025.10.12-17.14.20:285][ 73]LogBlueprintUserMessages: [BP_SwarmEnemy_2] "Përsiguiendo"
[2025.10.12-17.14.20:785][133]LogBlueprintUserMessages: [BP_SwarmEnemy_2] "Përsiguiendo"
[2025.10.12-17.14.27:285][913]LogBlueprintUserMessages: [BP_SwarmEnemy_2] "Përsiguiendo"
[2025.10.12-17.14.42:128][688]LogSlate: Updating window title bar state: overlay mode, drag disabled, window buttons hidden, title bar hidden
[2025.10.12-17.14.42:128][688]LogWorld: BeginTearingDown for /Game/Maps/UEDPIE_0_ComidaVivaIA
[2025.10.12-17.14.42:128][688]LogWorld: UWorld::CleanupWorld for ComidaVivaIA, bSessionEnded=true, bCleanupResources=true
[2025.10.12-17.14.42:128][688]LogSlate: InvalidateAllWidgets triggered.  All widgets were invalidated
[2025.10.12-17.14.42:138][688]LogPlayLevel: Display: Shutting down PIE online subsystems
[2025.10.12-17.14.42:145][688]LogSlate: InvalidateAllWidgets triggered.  All widgets were invalidated
[2025.10.12-17.14.42:159][688]LogAudio: Display: Audio Device unregistered from world 'None'.
[2025.10.12-17.14.42:159][688]LogAudioMixer: FMixerPlatformXAudio2::StopAudioStream() called
[2025.10.12-17.14.42:160][688]LogAudioMixer: FMixerPlatformXAudio2::StopAudioStream() called
[2025.10.12-17.14.42:162][688]LogSlate: Updating window title bar state: overlay mode, drag disabled, window buttons hidden, title bar hidden
[2025.10.12-17.14.42:164][688]LogUObjectHash: Compacting FUObjectHashTables data took   1.54ms
[2025.10.12-17.14.42:217][690]LogPlayLevel: Display: Destroying online subsystem :Context_24
[2025.10.12-17.15.09:242][855]Cmd: OBJ SAVEPACKAGE PACKAGE="/Game/Maps/ComidaVivaIA" FILE="C:/Users/PC/Documents/GitHub/TasteOfMadness/TasteOfMadness/Content/Maps/ComidaVivaIA.umap" SILENT=true AUTOSAVING=false KEEPDIRTY=false
[2025.10.12-17.15.09:257][855]LogUObjectHash: Compacting FUObjectHashTables data took   1.47ms
[2025.10.12-17.15.09:266][855]LogSavePackage: Moving 'C:/Users/PC/Documents/GitHub/TasteOfMadness/TasteOfMadness/Saved/ComidaVivaIA1A9C47164CDE80583F584481ED6F047D.tmp' to 'C:/Users/PC/Documents/GitHub/TasteOfMadness/TasteOfMadness/Content/Maps/ComidaVivaIA.umap'
[2025.10.12-17.15.09:290][855]AssetCheck: New page: Asset Save: ComidaVivaIA
[2025.10.12-17.15.09:290][855]LogContentValidation: Display: Validating World /Game/Maps/ComidaVivaIA.ComidaVivaIA
[2025.10.12-17.16.39:553][951]BlueprintLog: New page: Compile BP_TrailDamage
[2025.10.12-17.16.39:575][951]LogUObjectHash: Compacting FUObjectHashTables data took   1.89ms
[2025.10.12-17.16.44:618][531]Cmd: OBJ SAVEPACKAGE PACKAGE="/Game/Maps/ComidaVivaIA" FILE="C:/Users/PC/Documents/GitHub/TasteOfMadness/TasteOfMadness/Content/Maps/ComidaVivaIA.umap" SILENT=true AUTOSAVING=false KEEPDIRTY=false
[2025.10.12-17.16.44:634][531]LogUObjectHash: Compacting FUObjectHashTables data took   1.90ms
[2025.10.12-17.16.44:642][531]LogSavePackage: Moving 'C:/Users/PC/Documents/GitHub/TasteOfMadness/TasteOfMadness/Saved/ComidaVivaIAC4D81A124B9AB5FAA44007BE2DCCFDEF.tmp' to 'C:/Users/PC/Documents/GitHub/TasteOfMadness/TasteOfMadness/Content/Maps/ComidaVivaIA.umap'
[2025.10.12-17.16.44:669][531]AssetCheck: New page: Asset Save: ComidaVivaIA
[2025.10.12-17.16.44:669][531]LogContentValidation: Display: Validating World /Game/Maps/ComidaVivaIA.ComidaVivaIA
[2025.10.12-17.16.45:540][632]LogTemp: Repeating last play command: Selected Viewport
[2025.10.12-17.16.45:545][632]LogPlayLevel: PlayLevel: No blueprints needed recompiling
[2025.10.12-17.16.45:545][632]PIE: New page: PIE session: ComidaVivaIA (Oct 12, 2025, 6:16:45 AM)
[2025.10.12-17.16.45:572][632]LogPlayLevel: Creating play world package: /Game/Maps/UEDPIE_0_ComidaVivaIA
[2025.10.12-17.16.45:575][632]LogPlayLevel: PIE: StaticDuplicateObject took: (0.002541s)
[2025.10.12-17.16.45:575][632]LogAIModule: Creating AISystem for world ComidaVivaIA
[2025.10.12-17.16.45:576][632]LogPlayLevel: PIE: World Init took: (0.000880s)
[2025.10.12-17.16.45:576][632]LogPlayLevel: PIE: Created PIE world by copying editor world from /Game/Maps/ComidaVivaIA.ComidaVivaIA to /Game/Maps/UEDPIE_0_ComidaVivaIA.ComidaVivaIA (0.003533s)
[2025.10.12-17.16.45:591][632]LogUObjectHash: Compacting FUObjectHashTables data took   1.63ms
[2025.10.12-17.16.45:591][632]LogAudio: Display: Creating Audio Device:                 Id: 9, Scope: Unique, Realtime: True
[2025.10.12-17.16.45:591][632]LogAudioMixer: Display: Audio Mixer Platform Settings:
[2025.10.12-17.16.45:591][632]LogAudioMixer: Display: 	Sample Rate:						  48000
[2025.10.12-17.16.45:591][632]LogAudioMixer: Display: 	Callback Buffer Frame Size Requested: 1024
[2025.10.12-17.16.45:591][632]LogAudioMixer: Display: 	Callback Buffer Frame Size To Use:	  1024
[2025.10.12-17.16.45:591][632]LogAudioMixer: Display: 	Number of buffers to queue:			  2
[2025.10.12-17.16.45:591][632]LogAudioMixer: Display: 	Max Channels (voices):				  32
[2025.10.12-17.16.45:591][632]LogAudioMixer: Display: 	Number of Async Source Workers:		  0
[2025.10.12-17.16.45:591][632]LogAudio: Display: AudioDevice MaxSources: 32
[2025.10.12-17.16.45:592][632]LogAudio: Display: Audio Spatialization Plugin: None (built-in).
[2025.10.12-17.16.45:592][632]LogAudio: Display: Audio Reverb Plugin: None (built-in).
[2025.10.12-17.16.45:592][632]LogAudio: Display: Audio Occlusion Plugin: None (built-in).
[2025.10.12-17.16.45:592][632]LogAudioMixer: Display: Initializing audio mixer.
[2025.10.12-17.16.45:595][632]LogAudioMixer: Display: 0: FrontLeft
[2025.10.12-17.16.45:595][632]LogAudioMixer: Display: 1: FrontRight
[2025.10.12-17.16.45:601][632]LogAudioMixer: Display: Using Audio Device LC24RG50 (NVIDIA High Definition Audio)
[2025.10.12-17.16.45:601][632]LogAudioMixer: Display: Initializing Sound Submixes...
[2025.10.12-17.16.45:601][632]LogAudioMixer: Display: Creating Master Submix 'MasterSubmixDefault'
[2025.10.12-17.16.45:601][632]LogAudioMixer: Display: Creating Master Submix 'MasterReverbSubmixDefault'
[2025.10.12-17.16.45:602][632]LogAudioMixer: Display: Creating Master Submix 'MasterEQSubmixDefault'
[2025.10.12-17.16.45:602][632]LogAudioMixer: FMixerPlatformXAudio2::StartAudioStream() called
[2025.10.12-17.16.45:602][632]LogAudioMixer: Display: Output buffers initialized: Frames=1024, Channels=2, Samples=2048
[2025.10.12-17.16.45:603][632]LogAudioMixer: Display: Starting AudioMixerPlatformInterface::RunInternal()
[2025.10.12-17.16.45:603][632]LogAudioMixer: Display: FMixerPlatformXAudio2::SubmitBuffer() called for the first time
[2025.10.12-17.16.45:603][632]LogInit: FAudioDevice initialized.
[2025.10.12-17.16.45:603][632]LogAudio: Display: Audio Device (ID: 9) registered with world 'ComidaVivaIA'.
[2025.10.12-17.16.45:612][632]LogLoad: Game class is 'BP_GameMode_C'
[2025.10.12-17.16.45:614][632]LogWorld: Bringing World /Game/Maps/UEDPIE_0_ComidaVivaIA.ComidaVivaIA up for play (max tick rate 0) at 2025.10.12-11.16.45
[2025.10.12-17.16.45:614][632]LogWorld: Bringing up level for play took: 0.001023
[2025.10.12-17.16.45:614][632]LogOnline: OSS: Creating online subsystem instance for: :Context_25
[2025.10.12-17.16.45:616][632]LogBlueprintUserMessages: [BP_ClareCharacter_C_0] BP_Sarten
[2025.10.12-17.16.45:618][632]LogBlueprintUserMessages: [BP_ClareCharacter_C_0] BP_Olla
[2025.10.12-17.16.45:619][632]LogBlueprintUserMessages: [BP_ClareCharacter_C_0] BP_LlaveInglesa
[2025.10.12-17.16.45:621][632]LogBlueprintUserMessages: [BP_ClareCharacter_C_0] BP_Escoba
[2025.10.12-17.16.45:622][632]LogBlueprintUserMessages: [BP_ClareCharacter_C_0] BP_Trapeador
[2025.10.12-17.16.45:624][632]LogBlueprintUserMessages: [BP_ClareCharacter_C_0] BP_Extintor
[2025.10.12-17.16.45:625][632]LogBlueprintUserMessages: [BP_ClareCharacter_C_0] BP_Cuchillo
[2025.10.12-17.16.45:626][632]PIE: Server logged in
[2025.10.12-17.16.45:627][632]PIE: Play in editor total start time 0.082 seconds.
[2025.10.12-17.16.45:683][638]LogBlueprintUserMessages: [BP_SwarmEnemy_2] "Përsiguiendo"
[2025.10.12-17.16.46:189][698]LogBlueprintUserMessages: [BP_SwarmEnemy_2] "Përsiguiendo"
[2025.10.12-17.16.46:688][758]LogBlueprintUserMessages: [BP_SwarmEnemy_2] "Përsiguiendo"
[2025.10.12-17.16.47:189][818]LogBlueprintUserMessages: [BP_SwarmEnemy_2] "Përsiguiendo"
[2025.10.12-17.16.47:689][878]LogBlueprintUserMessages: [BP_SwarmEnemy_2] "Përsiguiendo"
[2025.10.12-17.16.48:189][938]LogBlueprintUserMessages: [BP_SwarmEnemy_2] "Përsiguiendo"
[2025.10.12-17.16.48:689][998]LogBlueprintUserMessages: [BP_SwarmEnemy_2] "Përsiguiendo"
[2025.10.12-17.16.49:189][ 58]LogBlueprintUserMessages: [BP_SwarmEnemy_2] "Përsiguiendo"
[2025.10.12-17.16.59:753][322]LogSlate: Updating window title bar state: overlay mode, drag disabled, window buttons hidden, title bar hidden
[2025.10.12-17.16.59:753][322]LogWorld: BeginTearingDown for /Game/Maps/UEDPIE_0_ComidaVivaIA
[2025.10.12-17.16.59:753][322]LogWorld: UWorld::CleanupWorld for ComidaVivaIA, bSessionEnded=true, bCleanupResources=true
[2025.10.12-17.16.59:754][322]LogSlate: InvalidateAllWidgets triggered.  All widgets were invalidated
[2025.10.12-17.16.59:758][322]LogPlayLevel: Display: Shutting down PIE online subsystems
[2025.10.12-17.16.59:762][322]LogSlate: InvalidateAllWidgets triggered.  All widgets were invalidated
[2025.10.12-17.16.59:776][322]LogSlate: Updating window title bar state: overlay mode, drag disabled, window buttons hidden, title bar hidden
[2025.10.12-17.16.59:777][322]LogAudioMixer: FMixerPlatformXAudio2::StopAudioStream() called
[2025.10.12-17.16.59:778][322]LogAudioMixer: FMixerPlatformXAudio2::StopAudioStream() called
[2025.10.12-17.16.59:783][322]LogUObjectHash: Compacting FUObjectHashTables data took   1.58ms
[2025.10.12-17.16.59:831][324]LogPlayLevel: Display: Destroying online subsystem :Context_25
[2025.10.12-17.17.01:300][500]LogTemp: Repeating last play command: Selected Viewport
[2025.10.12-17.17.01:305][500]LogPlayLevel: PlayLevel: No blueprints needed recompiling
[2025.10.12-17.17.01:305][500]PIE: New page: PIE session: ComidaVivaIA (Oct 12, 2025, 6:17:01 AM)
[2025.10.12-17.17.01:332][500]LogPlayLevel: Creating play world package: /Game/Maps/UEDPIE_0_ComidaVivaIA
[2025.10.12-17.17.01:334][500]LogPlayLevel: PIE: StaticDuplicateObject took: (0.002653s)
[2025.10.12-17.17.01:335][500]LogAIModule: Creating AISystem for world ComidaVivaIA
[2025.10.12-17.17.01:335][500]LogPlayLevel: PIE: World Init took: (0.000891s)
[2025.10.12-17.17.01:335][500]LogPlayLevel: PIE: Created PIE world by copying editor world from /Game/Maps/ComidaVivaIA.ComidaVivaIA to /Game/Maps/UEDPIE_0_ComidaVivaIA.ComidaVivaIA (0.003642s)
[2025.10.12-17.17.01:350][500]LogUObjectHash: Compacting FUObjectHashTables data took   1.71ms
[2025.10.12-17.17.01:351][500]LogAudio: Display: Creating Audio Device:                 Id: 10, Scope: Unique, Realtime: True
[2025.10.12-17.17.01:351][500]LogAudioMixer: Display: Audio Mixer Platform Settings:
[2025.10.12-17.17.01:351][500]LogAudioMixer: Display: 	Sample Rate:						  48000
[2025.10.12-17.17.01:351][500]LogAudioMixer: Display: 	Callback Buffer Frame Size Requested: 1024
[2025.10.12-17.17.01:351][500]LogAudioMixer: Display: 	Callback Buffer Frame Size To Use:	  1024
[2025.10.12-17.17.01:351][500]LogAudioMixer: Display: 	Number of buffers to queue:			  2
[2025.10.12-17.17.01:351][500]LogAudioMixer: Display: 	Max Channels (voices):				  32
[2025.10.12-17.17.01:351][500]LogAudioMixer: Display: 	Number of Async Source Workers:		  0
[2025.10.12-17.17.01:351][500]LogAudio: Display: AudioDevice MaxSources: 32
[2025.10.12-17.17.01:351][500]LogAudio: Display: Audio Spatialization Plugin: None (built-in).
[2025.10.12-17.17.01:351][500]LogAudio: Display: Audio Reverb Plugin: None (built-in).
[2025.10.12-17.17.01:351][500]LogAudio: Display: Audio Occlusion Plugin: None (built-in).
[2025.10.12-17.17.01:351][500]LogAudioMixer: Display: Initializing audio mixer.
[2025.10.12-17.17.01:354][500]LogAudioMixer: Display: 0: FrontLeft
[2025.10.12-17.17.01:354][500]LogAudioMixer: Display: 1: FrontRight
[2025.10.12-17.17.01:360][500]LogAudioMixer: Display: Using Audio Device LC24RG50 (NVIDIA High Definition Audio)
[2025.10.12-17.17.01:360][500]LogAudioMixer: Display: Initializing Sound Submixes...
[2025.10.12-17.17.01:360][500]LogAudioMixer: Display: Creating Master Submix 'MasterSubmixDefault'
[2025.10.12-17.17.01:360][500]LogAudioMixer: Display: Creating Master Submix 'MasterReverbSubmixDefault'
[2025.10.12-17.17.01:361][500]LogAudioMixer: Display: Creating Master Submix 'MasterEQSubmixDefault'
[2025.10.12-17.17.01:361][500]LogAudioMixer: FMixerPlatformXAudio2::StartAudioStream() called
[2025.10.12-17.17.01:361][500]LogAudioMixer: Display: Output buffers initialized: Frames=1024, Channels=2, Samples=2048
[2025.10.12-17.17.01:361][500]LogAudioMixer: Display: Starting AudioMixerPlatformInterface::RunInternal()
[2025.10.12-17.17.01:361][500]LogAudioMixer: Display: FMixerPlatformXAudio2::SubmitBuffer() called for the first time
[2025.10.12-17.17.01:361][500]LogInit: FAudioDevice initialized.
[2025.10.12-17.17.01:361][500]LogAudio: Display: Audio Device (ID: 10) registered with world 'ComidaVivaIA'.
[2025.10.12-17.17.01:366][500]LogLoad: Game class is 'BP_GameMode_C'
[2025.10.12-17.17.01:368][500]LogWorld: Bringing World /Game/Maps/UEDPIE_0_ComidaVivaIA.ComidaVivaIA up for play (max tick rate 0) at 2025.10.12-11.17.01
[2025.10.12-17.17.01:368][500]LogWorld: Bringing up level for play took: 0.000996
[2025.10.12-17.17.01:368][500]LogOnline: OSS: Creating online subsystem instance for: :Context_26
[2025.10.12-17.17.01:370][500]LogBlueprintUserMessages: [BP_ClareCharacter_C_0] BP_Sarten
[2025.10.12-17.17.01:372][500]LogBlueprintUserMessages: [BP_ClareCharacter_C_0] BP_Olla
[2025.10.12-17.17.01:373][500]LogBlueprintUserMessages: [BP_ClareCharacter_C_0] BP_LlaveInglesa
[2025.10.12-17.17.01:375][500]LogBlueprintUserMessages: [BP_ClareCharacter_C_0] BP_Escoba
[2025.10.12-17.17.01:376][500]LogBlueprintUserMessages: [BP_ClareCharacter_C_0] BP_Trapeador
[2025.10.12-17.17.01:377][500]LogBlueprintUserMessages: [BP_ClareCharacter_C_0] BP_Extintor
[2025.10.12-17.17.01:379][500]LogBlueprintUserMessages: [BP_ClareCharacter_C_0] BP_Cuchillo
[2025.10.12-17.17.01:380][500]PIE: Server logged in
[2025.10.12-17.17.01:381][500]PIE: Play in editor total start time 0.077 seconds.
[2025.10.12-17.17.01:588][524]LogBlueprintUserMessages: [BP_SwarmEnemy_2] "Përsiguiendo"
[2025.10.12-17.17.02:087][584]LogBlueprintUserMessages: [BP_SwarmEnemy_2] "Përsiguiendo"
[2025.10.12-17.17.07:882][276]LogSlate: Updating window title bar state: overlay mode, drag disabled, window buttons hidden, title bar hidden
[2025.10.12-17.17.07:882][276]LogWorld: BeginTearingDown for /Game/Maps/UEDPIE_0_ComidaVivaIA
[2025.10.12-17.17.07:883][276]LogWorld: UWorld::CleanupWorld for ComidaVivaIA, bSessionEnded=true, bCleanupResources=true
[2025.10.12-17.17.07:883][276]LogSlate: InvalidateAllWidgets triggered.  All widgets were invalidated
[2025.10.12-17.17.07:890][276]LogPlayLevel: Display: Shutting down PIE online subsystems
[2025.10.12-17.17.07:894][276]LogSlate: InvalidateAllWidgets triggered.  All widgets were invalidated
[2025.10.12-17.17.07:909][276]LogSlate: Updating window title bar state: overlay mode, drag disabled, window buttons hidden, title bar hidden
[2025.10.12-17.17.07:909][276]LogAudioMixer: FMixerPlatformXAudio2::StopAudioStream() called
[2025.10.12-17.17.07:910][276]LogAudioMixer: FMixerPlatformXAudio2::StopAudioStream() called
[2025.10.12-17.17.07:915][276]LogUObjectHash: Compacting FUObjectHashTables data took   1.47ms
[2025.10.12-17.17.07:961][278]LogPlayLevel: Display: Destroying online subsystem :Context_26
[2025.10.12-17.17.57:132][ 80]LogSlate: Window 'Color Picker' being destroyed
[2025.10.12-17.18.11:989][768]BlueprintLog: New page: Compile BP_TrailDamage
[2025.10.12-17.18.12:013][768]LogUObjectHash: Compacting FUObjectHashTables data took   1.69ms
[2025.10.12-17.18.13:529][935]LogSavePackage: Moving 'C:/Users/PC/Documents/GitHub/TasteOfMadness/TasteOfMadness/Saved/BP_TrailDamage9A872B2641D8CB4EA36DECB930849175.tmp' to 'C:/Users/PC/Documents/GitHub/TasteOfMadness/TasteOfMadness/Content/Characters/Content_Enemies/BP_Rata/BP_TrailDamage.uasset'
[2025.10.12-17.18.13:541][935]AssetCheck: New page: Asset Save: BP_TrailDamage
[2025.10.12-17.18.13:541][935]LogContentValidation: Display: Validating Blueprint /Game/Characters/Content_Enemies/BP_Rata/BP_TrailDamage.BP_TrailDamage
[2025.10.12-17.18.15:607][169]Cmd: OBJ SAVEPACKAGE PACKAGE="/Game/Maps/ComidaVivaIA" FILE="C:/Users/PC/Documents/GitHub/TasteOfMadness/TasteOfMadness/Content/Maps/ComidaVivaIA.umap" SILENT=true AUTOSAVING=false KEEPDIRTY=false
[2025.10.12-17.18.15:622][169]LogUObjectHash: Compacting FUObjectHashTables data took   1.85ms
[2025.10.12-17.18.15:630][169]LogSavePackage: Moving 'C:/Users/PC/Documents/GitHub/TasteOfMadness/TasteOfMadness/Saved/ComidaVivaIABD70CDDD4C911750D1CC3B969B51DD93.tmp' to 'C:/Users/PC/Documents/GitHub/TasteOfMadness/TasteOfMadness/Content/Maps/ComidaVivaIA.umap'
[2025.10.12-17.18.15:654][169]AssetCheck: New page: Asset Save: ComidaVivaIA
[2025.10.12-17.18.15:654][169]LogContentValidation: Display: Validating World /Game/Maps/ComidaVivaIA.ComidaVivaIA
[2025.10.12-17.18.16:445][260]LogTemp: Repeating last play command: Selected Viewport
[2025.10.12-17.18.16:450][260]LogPlayLevel: PlayLevel: No blueprints needed recompiling
[2025.10.12-17.18.16:450][260]PIE: New page: PIE session: ComidaVivaIA (Oct 12, 2025, 6:18:16 AM)
[2025.10.12-17.18.16:450][260]LogPlayLevel: Creating play world package: /Game/Maps/UEDPIE_0_ComidaVivaIA
[2025.10.12-17.18.16:453][260]LogPlayLevel: PIE: StaticDuplicateObject took: (0.002428s)
[2025.10.12-17.18.16:453][260]LogAIModule: Creating AISystem for world ComidaVivaIA
[2025.10.12-17.18.16:454][260]LogPlayLevel: PIE: World Init took: (0.000953s)
[2025.10.12-17.18.16:454][260]LogPlayLevel: PIE: Created PIE world by copying editor world from /Game/Maps/ComidaVivaIA.ComidaVivaIA to /Game/Maps/UEDPIE_0_ComidaVivaIA.ComidaVivaIA (0.003459s)
[2025.10.12-17.18.16:469][260]LogUObjectHash: Compacting FUObjectHashTables data took   1.48ms
[2025.10.12-17.18.16:470][260]LogAudio: Display: Creating Audio Device:                 Id: 11, Scope: Unique, Realtime: True
[2025.10.12-17.18.16:470][260]LogAudioMixer: Display: Audio Mixer Platform Settings:
[2025.10.12-17.18.16:470][260]LogAudioMixer: Display: 	Sample Rate:						  48000
[2025.10.12-17.18.16:470][260]LogAudioMixer: Display: 	Callback Buffer Frame Size Requested: 1024
[2025.10.12-17.18.16:470][260]LogAudioMixer: Display: 	Callback Buffer Frame Size To Use:	  1024
[2025.10.12-17.18.16:470][260]LogAudioMixer: Display: 	Number of buffers to queue:			  2
[2025.10.12-17.18.16:470][260]LogAudioMixer: Display: 	Max Channels (voices):				  32
[2025.10.12-17.18.16:470][260]LogAudioMixer: Display: 	Number of Async Source Workers:		  0
[2025.10.12-17.18.16:470][260]LogAudio: Display: AudioDevice MaxSources: 32
[2025.10.12-17.18.16:470][260]LogAudio: Display: Audio Spatialization Plugin: None (built-in).
[2025.10.12-17.18.16:470][260]LogAudio: Display: Audio Reverb Plugin: None (built-in).
[2025.10.12-17.18.16:470][260]LogAudio: Display: Audio Occlusion Plugin: None (built-in).
[2025.10.12-17.18.16:470][260]LogAudioMixer: Display: Initializing audio mixer.
[2025.10.12-17.18.16:473][260]LogAudioMixer: Display: 0: FrontLeft
[2025.10.12-17.18.16:473][260]LogAudioMixer: Display: 1: FrontRight
[2025.10.12-17.18.16:478][260]LogAudioMixer: Display: Using Audio Device LC24RG50 (NVIDIA High Definition Audio)
[2025.10.12-17.18.16:479][260]LogAudioMixer: Display: Initializing Sound Submixes...
[2025.10.12-17.18.16:479][260]LogAudioMixer: Display: Creating Master Submix 'MasterSubmixDefault'
[2025.10.12-17.18.16:479][260]LogAudioMixer: Display: Creating Master Submix 'MasterReverbSubmixDefault'
[2025.10.12-17.18.16:479][260]LogAudioMixer: Display: Creating Master Submix 'MasterEQSubmixDefault'
[2025.10.12-17.18.16:479][260]LogAudioMixer: FMixerPlatformXAudio2::StartAudioStream() called
[2025.10.12-17.18.16:479][260]LogAudioMixer: Display: Output buffers initialized: Frames=1024, Channels=2, Samples=2048
[2025.10.12-17.18.16:480][260]LogAudioMixer: Display: Starting AudioMixerPlatformInterface::RunInternal()
[2025.10.12-17.18.16:480][260]LogAudioMixer: Display: FMixerPlatformXAudio2::SubmitBuffer() called for the first time
[2025.10.12-17.18.16:480][260]LogInit: FAudioDevice initialized.
[2025.10.12-17.18.16:480][260]LogAudio: Display: Audio Device (ID: 11) registered with world 'ComidaVivaIA'.
[2025.10.12-17.18.16:484][260]LogLoad: Game class is 'BP_GameMode_C'
[2025.10.12-17.18.16:486][260]LogWorld: Bringing World /Game/Maps/UEDPIE_0_ComidaVivaIA.ComidaVivaIA up for play (max tick rate 0) at 2025.10.12-11.18.16
[2025.10.12-17.18.16:486][260]LogWorld: Bringing up level for play took: 0.001052
[2025.10.12-17.18.16:486][260]LogOnline: OSS: Creating online subsystem instance for: :Context_27
[2025.10.12-17.18.16:488][260]LogBlueprintUserMessages: [BP_ClareCharacter_C_0] BP_Sarten
[2025.10.12-17.18.16:490][260]LogBlueprintUserMessages: [BP_ClareCharacter_C_0] BP_Olla
[2025.10.12-17.18.16:491][260]LogBlueprintUserMessages: [BP_ClareCharacter_C_0] BP_LlaveInglesa
[2025.10.12-17.18.16:493][260]LogBlueprintUserMessages: [BP_ClareCharacter_C_0] BP_Escoba
[2025.10.12-17.18.16:494][260]LogBlueprintUserMessages: [BP_ClareCharacter_C_0] BP_Trapeador
[2025.10.12-17.18.16:496][260]LogBlueprintUserMessages: [BP_ClareCharacter_C_0] BP_Extintor
[2025.10.12-17.18.16:497][260]LogBlueprintUserMessages: [BP_ClareCharacter_C_0] BP_Cuchillo
[2025.10.12-17.18.16:498][260]PIE: Server logged in
[2025.10.12-17.18.16:499][260]PIE: Play in editor total start time 0.05 seconds.
[2025.10.12-17.18.16:893][306]LogBlueprintUserMessages: [BP_SwarmEnemy_2] "Përsiguiendo"
[2025.10.12-17.18.17:393][366]LogBlueprintUserMessages: [BP_SwarmEnemy_2] "Përsiguiendo"
[2025.10.12-17.18.17:893][426]LogBlueprintUserMessages: [BP_SwarmEnemy_2] "Përsiguiendo"
[2025.10.12-17.18.28:394][686]LogBlueprintUserMessages: [BP_SwarmEnemy_2] "Përsiguiendo"
[2025.10.12-17.18.28:894][746]LogBlueprintUserMessages: [BP_SwarmEnemy_2] "Përsiguiendo"
[2025.10.12-17.18.29:393][806]LogBlueprintUserMessages: [BP_SwarmEnemy_2] "Përsiguiendo"
[2025.10.12-17.18.29:893][866]LogBlueprintUserMessages: [BP_SwarmEnemy_2] "Përsiguiendo"
[2025.10.12-17.18.30:393][926]LogBlueprintUserMessages: [BP_SwarmEnemy_2] "Përsiguiendo"
[2025.10.12-17.18.32:894][226]LogBlueprintUserMessages: [BP_SwarmEnemy_2] "Përsiguiendo"
[2025.10.12-17.18.33:394][286]LogBlueprintUserMessages: [BP_SwarmEnemy_2] "Përsiguiendo"
[2025.10.12-17.18.36:394][646]LogBlueprintUserMessages: [BP_SwarmEnemy_2] "Përsiguiendo"
[2025.10.12-17.18.38:893][946]LogBlueprintUserMessages: [BP_SwarmEnemy_2] "Përsiguiendo"
[2025.10.12-17.18.39:393][  6]LogBlueprintUserMessages: [BP_SwarmEnemy_2] "Përsiguiendo"
[2025.10.12-17.18.41:394][246]LogBlueprintUserMessages: [BP_SwarmEnemy_2] "Përsiguiendo"
[2025.10.12-17.18.41:894][306]LogBlueprintUserMessages: [BP_SwarmEnemy_2] "Përsiguiendo"
[2025.10.12-17.18.42:394][366]LogBlueprintUserMessages: [BP_SwarmEnemy_2] "Përsiguiendo"
[2025.10.12-17.18.42:894][426]LogBlueprintUserMessages: [BP_SwarmEnemy_2] "Përsiguiendo"
[2025.10.12-17.18.43:394][486]LogBlueprintUserMessages: [BP_SwarmEnemy_2] "Përsiguiendo"
[2025.10.12-17.18.43:893][546]LogBlueprintUserMessages: [BP_SwarmEnemy_2] "Përsiguiendo"
[2025.10.12-17.18.44:394][606]LogBlueprintUserMessages: [BP_SwarmEnemy_2] "Përsiguiendo"
[2025.10.12-17.18.44:894][666]LogBlueprintUserMessages: [BP_SwarmEnemy_2] "Përsiguiendo"
[2025.10.12-17.18.45:394][726]LogBlueprintUserMessages: [BP_SwarmEnemy_2] "Përsiguiendo"
[2025.10.12-17.18.45:894][786]LogBlueprintUserMessages: [BP_SwarmEnemy_2] "Përsiguiendo"
[2025.10.12-17.18.46:394][846]LogBlueprintUserMessages: [BP_SwarmEnemy_2] "Përsiguiendo"
[2025.10.12-17.18.46:894][906]LogBlueprintUserMessages: [BP_SwarmEnemy_2] "Përsiguiendo"
[2025.10.12-17.18.47:394][966]LogBlueprintUserMessages: [BP_SwarmEnemy_2] "Përsiguiendo"
[2025.10.12-17.18.47:894][ 26]LogBlueprintUserMessages: [BP_SwarmEnemy_2] "Përsiguiendo"
[2025.10.12-17.18.48:394][ 86]LogBlueprintUserMessages: [BP_SwarmEnemy_2] "Përsiguiendo"
[2025.10.12-17.18.48:894][146]LogBlueprintUserMessages: [BP_SwarmEnemy_2] "Përsiguiendo"
[2025.10.12-17.18.49:394][206]LogBlueprintUserMessages: [BP_SwarmEnemy_2] "Përsiguiendo"
[2025.10.12-17.18.49:894][266]LogBlueprintUserMessages: [BP_SwarmEnemy_2] "Përsiguiendo"
[2025.10.12-17.18.50:394][326]LogBlueprintUserMessages: [BP_SwarmEnemy_2] "Përsiguiendo"
[2025.10.12-17.18.57:869][218]LogSlate: Updating window title bar state: overlay mode, drag disabled, window buttons hidden, title bar hidden
[2025.10.12-17.18.57:869][218]LogWorld: BeginTearingDown for /Game/Maps/UEDPIE_0_ComidaVivaIA
[2025.10.12-17.18.57:869][218]LogWorld: UWorld::CleanupWorld for ComidaVivaIA, bSessionEnded=true, bCleanupResources=true
[2025.10.12-17.18.57:869][218]LogSlate: InvalidateAllWidgets triggered.  All widgets were invalidated
[2025.10.12-17.18.57:876][218]LogPlayLevel: Display: Shutting down PIE online subsystems
[2025.10.12-17.18.57:879][218]LogSlate: InvalidateAllWidgets triggered.  All widgets were invalidated
[2025.10.12-17.18.57:893][218]LogSlate: Updating window title bar state: overlay mode, drag disabled, window buttons hidden, title bar hidden
[2025.10.12-17.18.57:893][218]LogAudioMixer: FMixerPlatformXAudio2::StopAudioStream() called
[2025.10.12-17.18.57:894][218]LogAudioMixer: FMixerPlatformXAudio2::StopAudioStream() called
[2025.10.12-17.18.57:898][218]LogUObjectHash: Compacting FUObjectHashTables data took   1.48ms
[2025.10.12-17.18.57:946][220]LogPlayLevel: Display: Destroying online subsystem :Context_27
[2025.10.12-17.20.56:444][548]LogTemp: Repeating last play command: Selected Viewport
[2025.10.12-17.20.56:453][548]LogPlayLevel: PlayLevel: No blueprints needed recompiling
[2025.10.12-17.20.56:453][548]PIE: New page: PIE session: ComidaVivaIA (Oct 12, 2025, 6:20:56 AM)
[2025.10.12-17.20.56:483][548]LogPlayLevel: Creating play world package: /Game/Maps/UEDPIE_0_ComidaVivaIA
[2025.10.12-17.20.56:486][548]LogPlayLevel: PIE: StaticDuplicateObject took: (0.002605s)
[2025.10.12-17.20.56:486][548]LogAIModule: Creating AISystem for world ComidaVivaIA
[2025.10.12-17.20.56:487][548]LogPlayLevel: PIE: World Init took: (0.000867s)
[2025.10.12-17.20.56:487][548]LogPlayLevel: PIE: Created PIE world by copying editor world from /Game/Maps/ComidaVivaIA.ComidaVivaIA to /Game/Maps/UEDPIE_0_ComidaVivaIA.ComidaVivaIA (0.003571s)
[2025.10.12-17.20.56:504][548]LogUObjectHash: Compacting FUObjectHashTables data took   1.62ms
[2025.10.12-17.20.56:507][548]LogAudio: Display: Creating Audio Device:                 Id: 12, Scope: Unique, Realtime: True
[2025.10.12-17.20.56:507][548]LogAudioMixer: Display: Audio Mixer Platform Settings:
[2025.10.12-17.20.56:507][548]LogAudioMixer: Display: 	Sample Rate:						  48000
[2025.10.12-17.20.56:507][548]LogAudioMixer: Display: 	Callback Buffer Frame Size Requested: 1024
[2025.10.12-17.20.56:507][548]LogAudioMixer: Display: 	Callback Buffer Frame Size To Use:	  1024
[2025.10.12-17.20.56:507][548]LogAudioMixer: Display: 	Number of buffers to queue:			  2
[2025.10.12-17.20.56:507][548]LogAudioMixer: Display: 	Max Channels (voices):				  32
[2025.10.12-17.20.56:507][548]LogAudioMixer: Display: 	Number of Async Source Workers:		  0
[2025.10.12-17.20.56:507][548]LogAudio: Display: AudioDevice MaxSources: 32
[2025.10.12-17.20.56:507][548]LogAudio: Display: Audio Spatialization Plugin: None (built-in).
[2025.10.12-17.20.56:507][548]LogAudio: Display: Audio Reverb Plugin: None (built-in).
[2025.10.12-17.20.56:507][548]LogAudio: Display: Audio Occlusion Plugin: None (built-in).
[2025.10.12-17.20.56:507][548]LogAudioMixer: Display: Initializing audio mixer.
[2025.10.12-17.20.56:510][548]LogAudioMixer: Display: 0: FrontLeft
[2025.10.12-17.20.56:510][548]LogAudioMixer: Display: 1: FrontRight
[2025.10.12-17.20.56:517][548]LogAudioMixer: Display: Using Audio Device LC24RG50 (NVIDIA High Definition Audio)
[2025.10.12-17.20.56:517][548]LogAudioMixer: Display: Initializing Sound Submixes...
[2025.10.12-17.20.56:517][548]LogAudioMixer: Display: Creating Master Submix 'MasterSubmixDefault'
[2025.10.12-17.20.56:517][548]LogAudioMixer: Display: Creating Master Submix 'MasterReverbSubmixDefault'
[2025.10.12-17.20.56:518][548]LogAudioMixer: Display: Creating Master Submix 'MasterEQSubmixDefault'
[2025.10.12-17.20.56:518][548]LogAudioMixer: FMixerPlatformXAudio2::StartAudioStream() called
[2025.10.12-17.20.56:518][548]LogAudioMixer: Display: Output buffers initialized: Frames=1024, Channels=2, Samples=2048
[2025.10.12-17.20.56:519][548]LogAudioMixer: Display: Starting AudioMixerPlatformInterface::RunInternal()
[2025.10.12-17.20.56:519][548]LogAudioMixer: Display: FMixerPlatformXAudio2::SubmitBuffer() called for the first time
[2025.10.12-17.20.56:519][548]LogInit: FAudioDevice initialized.
[2025.10.12-17.20.56:519][548]LogAudio: Display: Audio Device (ID: 12) registered with world 'ComidaVivaIA'.
[2025.10.12-17.20.56:529][548]LogLoad: Game class is 'BP_GameMode_C'
[2025.10.12-17.20.56:530][548]LogWorld: Bringing World /Game/Maps/UEDPIE_0_ComidaVivaIA.ComidaVivaIA up for play (max tick rate 0) at 2025.10.12-11.20.56
[2025.10.12-17.20.56:544][548]LogWorld: Bringing up level for play took: 0.014522
[2025.10.12-17.20.56:544][548]LogOnline: OSS: Creating online subsystem instance for: :Context_28
[2025.10.12-17.20.56:546][548]LogBlueprintUserMessages: [BP_ClareCharacter_C_0] BP_Sarten
[2025.10.12-17.20.56:548][548]LogBlueprintUserMessages: [BP_ClareCharacter_C_0] BP_Olla
[2025.10.12-17.20.56:549][548]LogBlueprintUserMessages: [BP_ClareCharacter_C_0] BP_LlaveInglesa
[2025.10.12-17.20.56:551][548]LogBlueprintUserMessages: [BP_ClareCharacter_C_0] BP_Escoba
[2025.10.12-17.20.56:552][548]LogBlueprintUserMessages: [BP_ClareCharacter_C_0] BP_Trapeador
[2025.10.12-17.20.56:553][548]LogBlueprintUserMessages: [BP_ClareCharacter_C_0] BP_Extintor
[2025.10.12-17.20.56:555][548]LogBlueprintUserMessages: [BP_ClareCharacter_C_0] BP_Cuchillo
[2025.10.12-17.20.56:556][548]PIE: Server logged in
[2025.10.12-17.20.56:557][548]PIE: Play in editor total start time 0.108 seconds.
[2025.10.12-17.20.56:891][587]LogBlueprintUserMessages: [BP_SwarmEnemy_2] "Përsiguiendo"
[2025.10.12-17.20.57:391][647]LogBlueprintUserMessages: [BP_SwarmEnemy_2] "Përsiguiendo"
[2025.10.12-17.20.57:890][707]LogBlueprintUserMessages: [BP_SwarmEnemy_2] "Përsiguiendo"
[2025.10.12-17.20.58:390][767]LogBlueprintUserMessages: [BP_SwarmEnemy_2] "Përsiguiendo"
[2025.10.12-17.20.58:441][773]LogBlueprintUserMessages: [BP_TrailDamage_2] Destruido
[2025.10.12-17.21.02:475][252]LogSlate: Updating window title bar state: overlay mode, drag disabled, window buttons hidden, title bar hidden
[2025.10.12-17.21.02:475][252]LogWorld: BeginTearingDown for /Game/Maps/UEDPIE_0_ComidaVivaIA
[2025.10.12-17.21.02:475][252]LogWorld: UWorld::CleanupWorld for ComidaVivaIA, bSessionEnded=true, bCleanupResources=true
[2025.10.12-17.21.02:475][252]LogSlate: InvalidateAllWidgets triggered.  All widgets were invalidated
[2025.10.12-17.21.02:481][252]LogPlayLevel: Display: Shutting down PIE online subsystems
[2025.10.12-17.21.02:488][252]LogSlate: InvalidateAllWidgets triggered.  All widgets were invalidated
[2025.10.12-17.21.02:503][252]LogAudio: Display: Audio Device unregistered from world 'None'.
[2025.10.12-17.21.02:503][252]LogAudioMixer: FMixerPlatformXAudio2::StopAudioStream() called
[2025.10.12-17.21.02:504][252]LogAudioMixer: FMixerPlatformXAudio2::StopAudioStream() called
[2025.10.12-17.21.02:506][252]LogSlate: Updating window title bar state: overlay mode, drag disabled, window buttons hidden, title bar hidden
[2025.10.12-17.21.02:510][252]LogUObjectHash: Compacting FUObjectHashTables data took   1.57ms
[2025.10.12-17.21.02:563][254]LogPlayLevel: Display: Destroying online subsystem :Context_28
[2025.10.12-17.21.03:728][393]LogTemp: Repeating last play command: Selected Viewport
[2025.10.12-17.21.03:733][393]LogPlayLevel: PlayLevel: No blueprints needed recompiling
[2025.10.12-17.21.03:733][393]PIE: New page: PIE session: ComidaVivaIA (Oct 12, 2025, 6:21:03 AM)
[2025.10.12-17.21.03:753][393]LogPlayLevel: Creating play world package: /Game/Maps/UEDPIE_0_ComidaVivaIA
[2025.10.12-17.21.03:756][393]LogPlayLevel: PIE: StaticDuplicateObject took: (0.002512s)
[2025.10.12-17.21.03:756][393]LogAIModule: Creating AISystem for world ComidaVivaIA
[2025.10.12-17.21.03:757][393]LogPlayLevel: PIE: World Init took: (0.000774s)
[2025.10.12-17.21.03:757][393]LogPlayLevel: PIE: Created PIE world by copying editor world from /Game/Maps/ComidaVivaIA.ComidaVivaIA to /Game/Maps/UEDPIE_0_ComidaVivaIA.ComidaVivaIA (0.003403s)
[2025.10.12-17.21.03:771][393]LogUObjectHash: Compacting FUObjectHashTables data took   1.47ms
[2025.10.12-17.21.03:772][393]LogAudio: Display: Creating Audio Device:                 Id: 13, Scope: Unique, Realtime: True
[2025.10.12-17.21.03:772][393]LogAudioMixer: Display: Audio Mixer Platform Settings:
[2025.10.12-17.21.03:772][393]LogAudioMixer: Display: 	Sample Rate:						  48000
[2025.10.12-17.21.03:772][393]LogAudioMixer: Display: 	Callback Buffer Frame Size Requested: 1024
[2025.10.12-17.21.03:772][393]LogAudioMixer: Display: 	Callback Buffer Frame Size To Use:	  1024
[2025.10.12-17.21.03:772][393]LogAudioMixer: Display: 	Number of buffers to queue:			  2
[2025.10.12-17.21.03:772][393]LogAudioMixer: Display: 	Max Channels (voices):				  32
[2025.10.12-17.21.03:772][393]LogAudioMixer: Display: 	Number of Async Source Workers:		  0
[2025.10.12-17.21.03:772][393]LogAudio: Display: AudioDevice MaxSources: 32
[2025.10.12-17.21.03:773][393]LogAudio: Display: Audio Spatialization Plugin: None (built-in).
[2025.10.12-17.21.03:773][393]LogAudio: Display: Audio Reverb Plugin: None (built-in).
[2025.10.12-17.21.03:773][393]LogAudio: Display: Audio Occlusion Plugin: None (built-in).
[2025.10.12-17.21.03:773][393]LogAudioMixer: Display: Initializing audio mixer.
[2025.10.12-17.21.03:776][393]LogAudioMixer: Display: 0: FrontLeft
[2025.10.12-17.21.03:776][393]LogAudioMixer: Display: 1: FrontRight
[2025.10.12-17.21.03:782][393]LogAudioMixer: Display: Using Audio Device LC24RG50 (NVIDIA High Definition Audio)
[2025.10.12-17.21.03:782][393]LogAudioMixer: Display: Initializing Sound Submixes...
[2025.10.12-17.21.03:782][393]LogAudioMixer: Display: Creating Master Submix 'MasterSubmixDefault'
[2025.10.12-17.21.03:782][393]LogAudioMixer: Display: Creating Master Submix 'MasterReverbSubmixDefault'
[2025.10.12-17.21.03:782][393]LogAudioMixer: Display: Creating Master Submix 'MasterEQSubmixDefault'
[2025.10.12-17.21.03:782][393]LogAudioMixer: FMixerPlatformXAudio2::StartAudioStream() called
[2025.10.12-17.21.03:782][393]LogAudioMixer: Display: Output buffers initialized: Frames=1024, Channels=2, Samples=2048
[2025.10.12-17.21.03:783][393]LogAudioMixer: Display: Starting AudioMixerPlatformInterface::RunInternal()
[2025.10.12-17.21.03:783][393]LogAudioMixer: Display: FMixerPlatformXAudio2::SubmitBuffer() called for the first time
[2025.10.12-17.21.03:783][393]LogInit: FAudioDevice initialized.
[2025.10.12-17.21.03:783][393]LogAudio: Display: Audio Device (ID: 13) registered with world 'ComidaVivaIA'.
[2025.10.12-17.21.03:789][393]LogLoad: Game class is 'BP_GameMode_C'
[2025.10.12-17.21.03:791][393]LogWorld: Bringing World /Game/Maps/UEDPIE_0_ComidaVivaIA.ComidaVivaIA up for play (max tick rate 0) at 2025.10.12-11.21.03
[2025.10.12-17.21.03:791][393]LogWorld: Bringing up level for play took: 0.001051
[2025.10.12-17.21.03:791][393]LogOnline: OSS: Creating online subsystem instance for: :Context_29
[2025.10.12-17.21.03:793][393]LogBlueprintUserMessages: [BP_ClareCharacter_C_0] BP_Sarten
[2025.10.12-17.21.03:795][393]LogBlueprintUserMessages: [BP_ClareCharacter_C_0] BP_Olla
[2025.10.12-17.21.03:796][393]LogBlueprintUserMessages: [BP_ClareCharacter_C_0] BP_LlaveInglesa
[2025.10.12-17.21.03:798][393]LogBlueprintUserMessages: [BP_ClareCharacter_C_0] BP_Escoba
[2025.10.12-17.21.03:799][393]LogBlueprintUserMessages: [BP_ClareCharacter_C_0] BP_Trapeador
[2025.10.12-17.21.03:801][393]LogBlueprintUserMessages: [BP_ClareCharacter_C_0] BP_Extintor
[2025.10.12-17.21.03:802][393]LogBlueprintUserMessages: [BP_ClareCharacter_C_0] BP_Cuchillo
[2025.10.12-17.21.03:803][393]PIE: Server logged in
[2025.10.12-17.21.03:804][393]PIE: Play in editor total start time 0.072 seconds.
[2025.10.12-17.21.03:951][410]LogBlueprintUserMessages: [BP_SwarmEnemy_2] "Përsiguiendo"
[2025.10.12-17.21.04:451][470]LogBlueprintUserMessages: [BP_SwarmEnemy_2] "Përsiguiendo"
[2025.10.12-17.21.04:951][530]LogBlueprintUserMessages: [BP_SwarmEnemy_2] "Përsiguiendo"
[2025.10.12-17.21.05:451][590]LogBlueprintUserMessages: [BP_SwarmEnemy_2] "Përsiguiendo"
[2025.10.12-17.21.05:726][623]LogBlueprintUserMessages: [BP_TrailDamage_2] Destruido
[2025.10.12-17.21.05:951][650]LogBlueprintUserMessages: [BP_SwarmEnemy_2] "Përsiguiendo"
[2025.10.12-17.21.06:451][710]LogBlueprintUserMessages: [BP_SwarmEnemy_2] "Përsiguiendo"
[2025.10.12-17.21.06:951][770]LogBlueprintUserMessages: [BP_SwarmEnemy_2] "Përsiguiendo"
[2025.10.12-17.21.07:451][830]LogBlueprintUserMessages: [BP_SwarmEnemy_2] "Përsiguiendo"
[2025.10.12-17.21.07:951][890]LogBlueprintUserMessages: [BP_SwarmEnemy_2] "Përsiguiendo"
[2025.10.12-17.21.08:451][950]LogBlueprintUserMessages: [BP_SwarmEnemy_2] "Përsiguiendo"
[2025.10.12-17.21.08:951][ 10]LogBlueprintUserMessages: [BP_SwarmEnemy_2] "Përsiguiendo"
[2025.10.12-17.21.09:451][ 70]LogBlueprintUserMessages: [BP_SwarmEnemy_2] "Përsiguiendo"
[2025.10.12-17.21.09:951][130]LogBlueprintUserMessages: [BP_SwarmEnemy_2] "Përsiguiendo"
[2025.10.12-17.21.10:451][190]LogBlueprintUserMessages: [BP_SwarmEnemy_2] "Përsiguiendo"
[2025.10.12-17.21.10:764][224]LogSlate: Updating window title bar state: overlay mode, drag disabled, window buttons hidden, title bar hidden
[2025.10.12-17.21.10:764][224]LogWorld: BeginTearingDown for /Game/Maps/UEDPIE_0_ComidaVivaIA
[2025.10.12-17.21.10:764][224]LogWorld: UWorld::CleanupWorld for ComidaVivaIA, bSessionEnded=true, bCleanupResources=true
[2025.10.12-17.21.10:764][224]LogSlate: InvalidateAllWidgets triggered.  All widgets were invalidated
[2025.10.12-17.21.10:770][224]LogPlayLevel: Display: Shutting down PIE online subsystems
[2025.10.12-17.21.10:777][224]LogSlate: InvalidateAllWidgets triggered.  All widgets were invalidated
[2025.10.12-17.21.10:792][224]LogSlate: Updating window title bar state: overlay mode, drag disabled, window buttons hidden, title bar hidden
[2025.10.12-17.21.10:792][224]LogAudioMixer: FMixerPlatformXAudio2::StopAudioStream() called
[2025.10.12-17.21.10:793][224]LogAudioMixer: FMixerPlatformXAudio2::StopAudioStream() called
[2025.10.12-17.21.10:798][224]LogUObjectHash: Compacting FUObjectHashTables data took   1.50ms
[2025.10.12-17.21.10:853][226]LogPlayLevel: Display: Destroying online subsystem :Context_29
[2025.10.12-17.24.02:520][683]LogEditorViewport: Clicking on Actor (context menu): StaticMeshActor (Floor)
[2025.10.12-17.24.19:761][691]LogEditorViewport: Clicking on Actor (LMB): StaticMeshActor (Floor)
[2025.10.12-17.27.22:819][588]BlueprintLog: New page: Compile BP_TrailDamage
[2025.10.12-17.27.22:865][588]LogUObjectHash: Compacting FUObjectHashTables data took   1.92ms
[2025.10.12-17.27.26:649][ 30]LogSavePackage: Moving 'C:/Users/PC/Documents/GitHub/TasteOfMadness/TasteOfMadness/Saved/BP_TrailDamage89896CC641551B9B42A920B6A21CF1C0.tmp' to 'C:/Users/PC/Documents/GitHub/TasteOfMadness/TasteOfMadness/Content/Characters/Content_Enemies/BP_Rata/BP_TrailDamage.uasset'
[2025.10.12-17.27.26:662][ 30]AssetCheck: New page: Asset Save: BP_TrailDamage
[2025.10.12-17.27.26:662][ 30]LogContentValidation: Display: Validating Blueprint /Game/Characters/Content_Enemies/BP_Rata/BP_TrailDamage.BP_TrailDamage
[2025.10.12-17.27.28:016][190]LogTemp: Repeating last play command: Selected Viewport
[2025.10.12-17.27.28:022][190]LogPlayLevel: PlayLevel: No blueprints needed recompiling
[2025.10.12-17.27.28:022][190]PIE: New page: PIE session: ComidaVivaIA (Oct 12, 2025, 6:27:28 AM)
[2025.10.12-17.27.28:059][190]LogPlayLevel: Creating play world package: /Game/Maps/UEDPIE_0_ComidaVivaIA
[2025.10.12-17.27.28:061][190]LogPlayLevel: PIE: StaticDuplicateObject took: (0.002515s)
[2025.10.12-17.27.28:062][190]LogAIModule: Creating AISystem for world ComidaVivaIA
[2025.10.12-17.27.28:062][190]LogPlayLevel: PIE: World Init took: (0.000950s)
[2025.10.12-17.27.28:062][190]LogPlayLevel: PIE: Created PIE world by copying editor world from /Game/Maps/ComidaVivaIA.ComidaVivaIA to /Game/Maps/UEDPIE_0_ComidaVivaIA.ComidaVivaIA (0.003572s)
[2025.10.12-17.27.28:077][190]LogUObjectHash: Compacting FUObjectHashTables data took   1.77ms
[2025.10.12-17.27.28:079][190]LogAudio: Display: Creating Audio Device:                 Id: 14, Scope: Unique, Realtime: True
[2025.10.12-17.27.28:079][190]LogAudioMixer: Display: Audio Mixer Platform Settings:
[2025.10.12-17.27.28:079][190]LogAudioMixer: Display: 	Sample Rate:						  48000
[2025.10.12-17.27.28:079][190]LogAudioMixer: Display: 	Callback Buffer Frame Size Requested: 1024
[2025.10.12-17.27.28:079][190]LogAudioMixer: Display: 	Callback Buffer Frame Size To Use:	  1024
[2025.10.12-17.27.28:079][190]LogAudioMixer: Display: 	Number of buffers to queue:			  2
[2025.10.12-17.27.28:079][190]LogAudioMixer: Display: 	Max Channels (voices):				  32
[2025.10.12-17.27.28:079][190]LogAudioMixer: Display: 	Number of Async Source Workers:		  0
[2025.10.12-17.27.28:079][190]LogAudio: Display: AudioDevice MaxSources: 32
[2025.10.12-17.27.28:079][190]LogAudio: Display: Audio Spatialization Plugin: None (built-in).
[2025.10.12-17.27.28:079][190]LogAudio: Display: Audio Reverb Plugin: None (built-in).
[2025.10.12-17.27.28:079][190]LogAudio: Display: Audio Occlusion Plugin: None (built-in).
[2025.10.12-17.27.28:079][190]LogAudioMixer: Display: Initializing audio mixer.
[2025.10.12-17.27.28:082][190]LogAudioMixer: Display: 0: FrontLeft
[2025.10.12-17.27.28:082][190]LogAudioMixer: Display: 1: FrontRight
[2025.10.12-17.27.28:089][190]LogAudioMixer: Display: Using Audio Device LC24RG50 (NVIDIA High Definition Audio)
[2025.10.12-17.27.28:090][190]LogAudioMixer: Display: Initializing Sound Submixes...
[2025.10.12-17.27.28:090][190]LogAudioMixer: Display: Creating Master Submix 'MasterSubmixDefault'
[2025.10.12-17.27.28:090][190]LogAudioMixer: Display: Creating Master Submix 'MasterReverbSubmixDefault'
[2025.10.12-17.27.28:090][190]LogAudioMixer: Display: Creating Master Submix 'MasterEQSubmixDefault'
[2025.10.12-17.27.28:090][190]LogAudioMixer: FMixerPlatformXAudio2::StartAudioStream() called
[2025.10.12-17.27.28:090][190]LogAudioMixer: Display: Output buffers initialized: Frames=1024, Channels=2, Samples=2048
[2025.10.12-17.27.28:091][190]LogAudioMixer: Display: Starting AudioMixerPlatformInterface::RunInternal()
[2025.10.12-17.27.28:091][190]LogAudioMixer: Display: FMixerPlatformXAudio2::SubmitBuffer() called for the first time
[2025.10.12-17.27.28:091][190]LogInit: FAudioDevice initialized.
[2025.10.12-17.27.28:091][190]LogAudio: Display: Audio Device (ID: 14) registered with world 'ComidaVivaIA'.
[2025.10.12-17.27.28:101][190]LogLoad: Game class is 'BP_GameMode_C'
[2025.10.12-17.27.28:102][190]LogWorld: Bringing World /Game/Maps/UEDPIE_0_ComidaVivaIA.ComidaVivaIA up for play (max tick rate 0) at 2025.10.12-11.27.28
[2025.10.12-17.27.28:102][190]LogWorld: Bringing up level for play took: 0.001073
[2025.10.12-17.27.28:103][190]LogOnline: OSS: Creating online subsystem instance for: :Context_30
[2025.10.12-17.27.28:105][190]LogBlueprintUserMessages: [BP_ClareCharacter_C_0] BP_Sarten
[2025.10.12-17.27.28:106][190]LogBlueprintUserMessages: [BP_ClareCharacter_C_0] BP_Olla
[2025.10.12-17.27.28:108][190]LogBlueprintUserMessages: [BP_ClareCharacter_C_0] BP_LlaveInglesa
[2025.10.12-17.27.28:109][190]LogBlueprintUserMessages: [BP_ClareCharacter_C_0] BP_Escoba
[2025.10.12-17.27.28:110][190]LogBlueprintUserMessages: [BP_ClareCharacter_C_0] BP_Trapeador
[2025.10.12-17.27.28:112][190]LogBlueprintUserMessages: [BP_ClareCharacter_C_0] BP_Extintor
[2025.10.12-17.27.28:113][190]LogBlueprintUserMessages: [BP_ClareCharacter_C_0] BP_Cuchillo
[2025.10.12-17.27.28:115][190]PIE: Server logged in
[2025.10.12-17.27.28:115][190]PIE: Play in editor total start time 0.096 seconds.
[2025.10.12-17.27.28:330][215]LogBlueprintUserMessages: [BP_SwarmEnemy_2] "Përsiguiendo"
[2025.10.12-17.27.28:831][275]LogBlueprintUserMessages: [BP_SwarmEnemy_2] "Përsiguiendo"
[2025.10.12-17.27.29:331][335]LogBlueprintUserMessages: [BP_SwarmEnemy_2] "Përsiguiendo"
[2025.10.12-17.27.30:015][417]LogBlueprintUserMessages: [BP_TrailDamage_2] Destruido
[2025.10.12-17.27.32:319][689]LogSlate: Updating window title bar state: overlay mode, drag disabled, window buttons hidden, title bar hidden
[2025.10.12-17.27.32:319][689]LogWorld: BeginTearingDown for /Game/Maps/UEDPIE_0_ComidaVivaIA
[2025.10.12-17.27.32:320][689]LogWorld: UWorld::CleanupWorld for ComidaVivaIA, bSessionEnded=true, bCleanupResources=true
[2025.10.12-17.27.32:320][689]LogSlate: InvalidateAllWidgets triggered.  All widgets were invalidated
[2025.10.12-17.27.32:326][689]LogPlayLevel: Display: Shutting down PIE online subsystems
[2025.10.12-17.27.32:334][689]LogSlate: InvalidateAllWidgets triggered.  All widgets were invalidated
[2025.10.12-17.27.32:348][689]LogAudio: Display: Audio Device unregistered from world 'None'.
[2025.10.12-17.27.32:348][689]LogAudioMixer: FMixerPlatformXAudio2::StopAudioStream() called
[2025.10.12-17.27.32:349][689]LogAudioMixer: FMixerPlatformXAudio2::StopAudioStream() called
[2025.10.12-17.27.32:351][689]LogSlate: Updating window title bar state: overlay mode, drag disabled, window buttons hidden, title bar hidden
[2025.10.12-17.27.32:355][689]LogUObjectHash: Compacting FUObjectHashTables data took   1.56ms
[2025.10.12-17.27.32:407][691]LogPlayLevel: Display: Destroying online subsystem :Context_30
[2025.10.12-17.27.47:078][381]Cmd: DELETE
[2025.10.12-17.27.47:078][381]Cmd: ACTOR DELETE
[2025.10.12-17.27.47:524][381]LogLinker: Warning: [AssetLog] C:\Users\PC\Documents\GitHub\TasteOfMadness\TasteOfMadness\Content\Maps\MainPersistent.umap: Failed to load '/Game/Maps/MainPersistent_BuiltData': Can't find file.
[2025.10.12-17.27.47:524][381]LogLinker: Warning: [AssetLog] C:\Users\PC\Documents\GitHub\TasteOfMadness\TasteOfMadness\Content\Maps\MainPersistent.umap: Failed to load '/Game/Maps/MainPersistent_BuiltData': Can't find file.
[2025.10.12-17.27.47:524][381]LogLinker: Warning: [AssetLog] C:\Users\PC\Documents\GitHub\TasteOfMadness\TasteOfMadness\Content\Maps\MainPersistent.umap: Failed to load '/Game/Maps/MainPersistent_BuiltData': Can't find file.
[2025.10.12-17.27.47:525][381]LogLinker: Warning: Failed to load '/Game/Maps/MainPersistent_BuiltData': Can't find file.
[2025.10.12-17.27.47:525][381]LogLinker: Warning: Failed to load '/Game/Maps/MainPersistent_BuiltData': Can't find file.
[2025.10.12-17.27.47:526][381]LogLinker: Warning: [AssetLog] C:\Users\PC\Documents\GitHub\TasteOfMadness\TasteOfMadness\Content\Maps\MainPersistent.umap: Failed to load '/Game/Maps/MainPersistent_BuiltData': Can't find file.
[2025.10.12-17.27.47:526][381]LoadErrors: Failed to load /Game/Maps/MainPersistent_BuiltData.MainPersistent_BuiltData Referenced by PersistentLevel
[2025.10.12-17.27.47:544][381]LogEditorActor: Deleted Actor: DecalActor
[2025.10.12-17.27.47:561][381]LogUObjectHash: Compacting FUObjectHashTables data took   1.50ms
[2025.10.12-17.27.47:563][381]LogEditorActor: Deleted 1 Actors (0.042 secs)
[2025.10.12-17.27.59:519][790]BlueprintLog: New page: Compile BP_TrailDamage
[2025.10.12-17.27.59:544][790]LogUObjectHash: Compacting FUObjectHashTables data took   1.67ms
[2025.10.12-17.28.00:150][854]LogSavePackage: Moving 'C:/Users/PC/Documents/GitHub/TasteOfMadness/TasteOfMadness/Saved/BP_TrailDamage125E297A489E35190377C99CA7E9F430.tmp' to 'C:/Users/PC/Documents/GitHub/TasteOfMadness/TasteOfMadness/Content/Characters/Content_Enemies/BP_Rata/BP_TrailDamage.uasset'
[2025.10.12-17.28.00:162][854]AssetCheck: New page: Asset Save: BP_TrailDamage
[2025.10.12-17.28.00:162][854]LogContentValidation: Display: Validating Blueprint /Game/Characters/Content_Enemies/BP_Rata/BP_TrailDamage.BP_TrailDamage
[2025.10.12-17.28.01:983][ 70]LogTemp: Repeating last play command: Selected Viewport
[2025.10.12-17.28.01:989][ 70]LogPlayLevel: PlayLevel: No blueprints needed recompiling
[2025.10.12-17.28.01:990][ 70]PIE: New page: PIE session: ComidaVivaIA (Oct 12, 2025, 6:28:01 AM)
[2025.10.12-17.28.02:028][ 70]LogPlayLevel: Creating play world package: /Game/Maps/UEDPIE_0_ComidaVivaIA
[2025.10.12-17.28.02:030][ 70]LogPlayLevel: PIE: StaticDuplicateObject took: (0.002423s)
[2025.10.12-17.28.02:031][ 70]LogAIModule: Creating AISystem for world ComidaVivaIA
[2025.10.12-17.28.02:031][ 70]LogPlayLevel: PIE: World Init took: (0.000865s)
[2025.10.12-17.28.02:031][ 70]LogPlayLevel: PIE: Created PIE world by copying editor world from /Game/Maps/ComidaVivaIA.ComidaVivaIA to /Game/Maps/UEDPIE_0_ComidaVivaIA.ComidaVivaIA (0.003400s)
[2025.10.12-17.28.02:046][ 70]LogUObjectHash: Compacting FUObjectHashTables data took   1.95ms
[2025.10.12-17.28.02:047][ 70]LogAudio: Display: Creating Audio Device:                 Id: 15, Scope: Unique, Realtime: True
[2025.10.12-17.28.02:047][ 70]LogAudioMixer: Display: Audio Mixer Platform Settings:
[2025.10.12-17.28.02:047][ 70]LogAudioMixer: Display: 	Sample Rate:						  48000
[2025.10.12-17.28.02:047][ 70]LogAudioMixer: Display: 	Callback Buffer Frame Size Requested: 1024
[2025.10.12-17.28.02:047][ 70]LogAudioMixer: Display: 	Callback Buffer Frame Size To Use:	  1024
[2025.10.12-17.28.02:047][ 70]LogAudioMixer: Display: 	Number of buffers to queue:			  2
[2025.10.12-17.28.02:047][ 70]LogAudioMixer: Display: 	Max Channels (voices):				  32
[2025.10.12-17.28.02:047][ 70]LogAudioMixer: Display: 	Number of Async Source Workers:		  0
[2025.10.12-17.28.02:047][ 70]LogAudio: Display: AudioDevice MaxSources: 32
[2025.10.12-17.28.02:048][ 70]LogAudio: Display: Audio Spatialization Plugin: None (built-in).
[2025.10.12-17.28.02:048][ 70]LogAudio: Display: Audio Reverb Plugin: None (built-in).
[2025.10.12-17.28.02:048][ 70]LogAudio: Display: Audio Occlusion Plugin: None (built-in).
[2025.10.12-17.28.02:048][ 70]LogAudioMixer: Display: Initializing audio mixer.
[2025.10.12-17.28.02:051][ 70]LogAudioMixer: Display: 0: FrontLeft
[2025.10.12-17.28.02:051][ 70]LogAudioMixer: Display: 1: FrontRight
[2025.10.12-17.28.02:057][ 70]LogAudioMixer: Display: Using Audio Device LC24RG50 (NVIDIA High Definition Audio)
[2025.10.12-17.28.02:057][ 70]LogAudioMixer: Display: Initializing Sound Submixes...
[2025.10.12-17.28.02:057][ 70]LogAudioMixer: Display: Creating Master Submix 'MasterSubmixDefault'
[2025.10.12-17.28.02:057][ 70]LogAudioMixer: Display: Creating Master Submix 'MasterReverbSubmixDefault'
[2025.10.12-17.28.02:057][ 70]LogAudioMixer: Display: Creating Master Submix 'MasterEQSubmixDefault'
[2025.10.12-17.28.02:057][ 70]LogAudioMixer: FMixerPlatformXAudio2::StartAudioStream() called
[2025.10.12-17.28.02:057][ 70]LogAudioMixer: Display: Output buffers initialized: Frames=1024, Channels=2, Samples=2048
[2025.10.12-17.28.02:058][ 70]LogAudioMixer: Display: Starting AudioMixerPlatformInterface::RunInternal()
[2025.10.12-17.28.02:058][ 70]LogAudioMixer: Display: FMixerPlatformXAudio2::SubmitBuffer() called for the first time
[2025.10.12-17.28.02:058][ 70]LogInit: FAudioDevice initialized.
[2025.10.12-17.28.02:058][ 70]LogAudio: Display: Audio Device (ID: 15) registered with world 'ComidaVivaIA'.
[2025.10.12-17.28.02:063][ 70]LogLoad: Game class is 'BP_GameMode_C'
[2025.10.12-17.28.02:065][ 70]LogWorld: Bringing World /Game/Maps/UEDPIE_0_ComidaVivaIA.ComidaVivaIA up for play (max tick rate 0) at 2025.10.12-11.28.02
[2025.10.12-17.28.02:065][ 70]LogWorld: Bringing up level for play took: 0.001164
[2025.10.12-17.28.02:065][ 70]LogOnline: OSS: Creating online subsystem instance for: :Context_31
[2025.10.12-17.28.02:067][ 70]LogBlueprintUserMessages: [BP_ClareCharacter_C_0] BP_Sarten
[2025.10.12-17.28.02:069][ 70]LogBlueprintUserMessages: [BP_ClareCharacter_C_0] BP_Olla
[2025.10.12-17.28.02:070][ 70]LogBlueprintUserMessages: [BP_ClareCharacter_C_0] BP_LlaveInglesa
[2025.10.12-17.28.02:072][ 70]LogBlueprintUserMessages: [BP_ClareCharacter_C_0] BP_Escoba
[2025.10.12-17.28.02:073][ 70]LogBlueprintUserMessages: [BP_ClareCharacter_C_0] BP_Trapeador
[2025.10.12-17.28.02:075][ 70]LogBlueprintUserMessages: [BP_ClareCharacter_C_0] BP_Extintor
[2025.10.12-17.28.02:076][ 70]LogBlueprintUserMessages: [BP_ClareCharacter_C_0] BP_Cuchillo
[2025.10.12-17.28.02:077][ 70]PIE: Server logged in
[2025.10.12-17.28.02:078][ 70]PIE: Play in editor total start time 0.091 seconds.
[2025.10.12-17.28.02:337][100]LogBlueprintUserMessages: [BP_SwarmEnemy_2] "Përsiguiendo"
[2025.10.12-17.28.02:836][160]LogBlueprintUserMessages: [BP_SwarmEnemy_2] "Përsiguiendo"
[2025.10.12-17.28.06:978][657]LogBlueprintUserMessages: [BP_TrailDamage_2] Destruido
[2025.10.12-17.28.21:336][380]LogBlueprintUserMessages: [BP_SwarmEnemy_2] "Përsiguiendo"
[2025.10.12-17.28.21:836][440]LogBlueprintUserMessages: [BP_SwarmEnemy_2] "Përsiguiendo"
[2025.10.12-17.28.22:336][500]LogBlueprintUserMessages: [BP_SwarmEnemy_2] "Përsiguiendo"
[2025.10.12-17.28.22:836][560]LogBlueprintUserMessages: [BP_SwarmEnemy_2] "Përsiguiendo"
[2025.10.12-17.28.23:337][620]LogBlueprintUserMessages: [BP_SwarmEnemy_2] "Përsiguiendo"
[2025.10.12-17.28.23:836][680]LogBlueprintUserMessages: [BP_SwarmEnemy_2] "Përsiguiendo"
[2025.10.12-17.28.24:337][740]LogBlueprintUserMessages: [BP_SwarmEnemy_2] "Përsiguiendo"
[2025.10.12-17.28.24:837][800]LogBlueprintUserMessages: [BP_SwarmEnemy_2] "Përsiguiendo"
[2025.10.12-17.28.25:336][860]LogBlueprintUserMessages: [BP_SwarmEnemy_2] "Përsiguiendo"
[2025.10.12-17.28.25:836][920]LogBlueprintUserMessages: [BP_SwarmEnemy_2] "Përsiguiendo"
[2025.10.12-17.28.26:337][980]LogBlueprintUserMessages: [BP_SwarmEnemy_2] "Përsiguiendo"
[2025.10.12-17.28.26:837][ 40]LogBlueprintUserMessages: [BP_SwarmEnemy_2] "Përsiguiendo"
[2025.10.12-17.28.32:336][700]LogBlueprintUserMessages: [BP_SwarmEnemy_2] "Përsiguiendo"
[2025.10.12-17.28.32:837][760]LogBlueprintUserMessages: [BP_SwarmEnemy_2] "Përsiguiendo"
[2025.10.12-17.28.33:337][820]LogBlueprintUserMessages: [BP_SwarmEnemy_2] "Përsiguiendo"
[2025.10.12-17.28.33:837][880]LogBlueprintUserMessages: [BP_SwarmEnemy_2] "Përsiguiendo"
[2025.10.12-17.28.39:337][540]LogBlueprintUserMessages: [BP_SwarmEnemy_2] "Përsiguiendo"
[2025.10.12-17.28.39:837][600]LogBlueprintUserMessages: [BP_SwarmEnemy_2] "Përsiguiendo"
[2025.10.12-17.28.40:337][660]LogBlueprintUserMessages: [BP_SwarmEnemy_2] "Përsiguiendo"
[2025.10.12-17.28.40:837][720]LogBlueprintUserMessages: [BP_SwarmEnemy_2] "Përsiguiendo"
[2025.10.12-17.28.41:336][780]LogBlueprintUserMessages: [BP_SwarmEnemy_2] "Përsiguiendo"
[2025.10.12-17.28.41:837][840]LogBlueprintUserMessages: [BP_SwarmEnemy_2] "Përsiguiendo"
[2025.10.12-17.28.42:337][900]LogBlueprintUserMessages: [BP_SwarmEnemy_2] "Përsiguiendo"
[2025.10.12-17.28.42:837][960]LogBlueprintUserMessages: [BP_SwarmEnemy_2] "Përsiguiendo"
[2025.10.12-17.28.43:339][ 18]LogBlueprintUserMessages: [BP_SwarmEnemy_2] "Përsiguiendo"
[2025.10.12-17.28.43:839][ 78]LogBlueprintUserMessages: [BP_SwarmEnemy_2] "Përsiguiendo"
[2025.10.12-17.28.44:339][138]LogBlueprintUserMessages: [BP_SwarmEnemy_2] "Përsiguiendo"
[2025.10.12-17.28.44:839][198]LogBlueprintUserMessages: [BP_SwarmEnemy_2] "Përsiguiendo"
[2025.10.12-17.28.45:339][258]LogBlueprintUserMessages: [BP_SwarmEnemy_2] "Përsiguiendo"
[2025.10.12-17.28.45:839][318]LogBlueprintUserMessages: [BP_SwarmEnemy_2] "Përsiguiendo"
[2025.10.12-17.28.46:339][378]LogBlueprintUserMessages: [BP_SwarmEnemy_2] "Përsiguiendo"
[2025.10.12-17.28.46:839][438]LogBlueprintUserMessages: [BP_SwarmEnemy_2] "Përsiguiendo"
[2025.10.12-17.28.47:339][498]LogBlueprintUserMessages: [BP_SwarmEnemy_2] "Përsiguiendo"
[2025.10.12-17.28.47:839][558]LogBlueprintUserMessages: [BP_SwarmEnemy_2] "Përsiguiendo"
[2025.10.12-17.28.48:339][618]LogBlueprintUserMessages: [BP_SwarmEnemy_2] "Përsiguiendo"
[2025.10.12-17.28.48:839][678]LogBlueprintUserMessages: [BP_SwarmEnemy_2] "Përsiguiendo"
[2025.10.12-17.28.49:340][738]LogBlueprintUserMessages: [BP_SwarmEnemy_2] "Përsiguiendo"
[2025.10.12-17.28.49:839][798]LogBlueprintUserMessages: [BP_SwarmEnemy_2] "Përsiguiendo"
[2025.10.12-17.28.50:340][858]LogBlueprintUserMessages: [BP_SwarmEnemy_2] "Përsiguiendo"
[2025.10.12-17.28.50:840][918]LogBlueprintUserMessages: [BP_SwarmEnemy_2] "Përsiguiendo"
[2025.10.12-17.28.51:339][978]LogBlueprintUserMessages: [BP_SwarmEnemy_2] "Përsiguiendo"
[2025.10.12-17.28.51:840][ 38]LogBlueprintUserMessages: [BP_SwarmEnemy_2] "Përsiguiendo"
[2025.10.12-17.28.52:339][ 98]LogBlueprintUserMessages: [BP_SwarmEnemy_2] "Përsiguiendo"
[2025.10.12-17.28.52:496][112]LogSlate: Updating window title bar state: overlay mode, drag disabled, window buttons hidden, title bar hidden
[2025.10.12-17.28.52:496][112]LogWorld: BeginTearingDown for /Game/Maps/UEDPIE_0_ComidaVivaIA
[2025.10.12-17.28.52:497][112]LogWorld: UWorld::CleanupWorld for ComidaVivaIA, bSessionEnded=true, bCleanupResources=true
[2025.10.12-17.28.52:497][112]LogSlate: InvalidateAllWidgets triggered.  All widgets were invalidated
[2025.10.12-17.28.52:508][112]LogPlayLevel: Display: Shutting down PIE online subsystems
[2025.10.12-17.28.52:511][112]LogSlate: InvalidateAllWidgets triggered.  All widgets were invalidated
[2025.10.12-17.28.52:525][112]LogAudio: Display: Audio Device unregistered from world 'None'.
[2025.10.12-17.28.52:525][112]LogAudioMixer: FMixerPlatformXAudio2::StopAudioStream() called
[2025.10.12-17.28.52:526][112]LogAudioMixer: FMixerPlatformXAudio2::StopAudioStream() called
[2025.10.12-17.28.52:528][112]LogSlate: Updating window title bar state: overlay mode, drag disabled, window buttons hidden, title bar hidden
[2025.10.12-17.28.52:531][112]LogUObjectHash: Compacting FUObjectHashTables data took   1.58ms
[2025.10.12-17.28.52:578][114]LogPlayLevel: Display: Destroying online subsystem :Context_31
[2025.10.12-17.28.57:747][728]Cmd: OBJ SAVEPACKAGE PACKAGE="/Game/Maps/ComidaVivaIA" FILE="C:/Users/PC/Documents/GitHub/TasteOfMadness/TasteOfMadness/Content/Maps/ComidaVivaIA.umap" SILENT=true AUTOSAVING=false KEEPDIRTY=false
[2025.10.12-17.28.57:763][728]LogUObjectHash: Compacting FUObjectHashTables data took   1.64ms
[2025.10.12-17.28.57:771][728]LogSavePackage: Moving 'C:/Users/PC/Documents/GitHub/TasteOfMadness/TasteOfMadness/Saved/ComidaVivaIAF63B67054A689EF78D87489DF5C51C7F.tmp' to 'C:/Users/PC/Documents/GitHub/TasteOfMadness/TasteOfMadness/Content/Maps/ComidaVivaIA.umap'
[2025.10.12-17.28.57:795][728]AssetCheck: New page: Asset Save: ComidaVivaIA
[2025.10.12-17.28.57:795][728]LogContentValidation: Display: Validating World /Game/Maps/ComidaVivaIA.ComidaVivaIA
[2025.10.12-17.33.02:409][933]LogAssetEditorSubsystem: Opening Asset editor for Blueprint /Game/Characters/Clare/Blueprints/BP_ClareCharacter.BP_ClareCharacter
[2025.10.12-17.35.49:194][634]LogBlueprint: Warning: [AssetLog] C:\Users\PC\Documents\GitHub\TasteOfMadness\TasteOfMadness\Content\Characters\Clare\Blueprints\BP_ClareCharacter.uasset: [Compiler] Pasted node  CustomEvent   conflicted with  Event AnyDamage  and was replaced as a Custom Event!
[2025.10.12-17.36.06:528][622]LogEditorTransaction: Undo Move Node
[2025.10.12-17.36.07:971][769]BlueprintLog: New page: Compile BP_ClareCharacter
[2025.10.12-17.36.08:018][769]LogUObjectHash: Compacting FUObjectHashTables data took   2.42ms
[2025.10.12-17.36.09:074][878]LogWorld: UWorld::CleanupWorld for World_20, bSessionEnded=true, bCleanupResources=true
[2025.10.12-17.36.09:074][878]LogSlate: InvalidateAllWidgets triggered.  All widgets were invalidated
[2025.10.12-17.36.13:371][344]LogAssetEditorSubsystem: Opening Asset editor for Blueprint /Game/Characters/Clare/Blueprints/BP_ClareCharacter.BP_ClareCharacter
[2025.10.12-17.36.22:962][346]Cmd: TRANSACTION UNDO
[2025.10.12-17.36.22:962][346]LogEditorTransaction: Undo Move Node
[2025.10.12-17.36.23:413][375]LogEditorTransaction: Undo Paste clipboard contents
[2025.10.12-17.36.24:893][542]BlueprintLog: New page: Compile BP_ClareCharacter
[2025.10.12-17.36.24:939][542]LogUObjectHash: Compacting FUObjectHashTables data took   2.22ms
[2025.10.12-17.36.26:383][700]LogSavePackage: Moving 'C:/Users/PC/Documents/GitHub/TasteOfMadness/TasteOfMadness/Saved/BP_ClareCharacterE37E47AA43E49CA74FA5F7A056E4130E.tmp' to 'C:/Users/PC/Documents/GitHub/TasteOfMadness/TasteOfMadness/Content/Characters/Clare/Blueprints/BP_ClareCharacter.uasset'
[2025.10.12-17.36.26:396][700]AssetCheck: New page: Asset Save: BP_ClareCharacter
[2025.10.12-17.36.26:396][700]LogContentValidation: Display: Validating Blueprint /Game/Characters/Clare/Blueprints/BP_ClareCharacter.BP_ClareCharacter
[2025.10.12-17.36.30:401][131]LogSavePackage: Moving 'C:/Users/PC/Documents/GitHub/TasteOfMadness/TasteOfMadness/Saved/BP_TrailDamage649D59254EFF141F196EF288175F4221.tmp' to 'C:/Users/PC/Documents/GitHub/TasteOfMadness/TasteOfMadness/Content/Characters/Content_Enemies/BP_Rata/BP_TrailDamage.uasset'
[2025.10.12-17.36.30:413][131]AssetCheck: New page: Asset Save: BP_TrailDamage
[2025.10.12-17.36.30:413][131]LogContentValidation: Display: Validating Blueprint /Game/Characters/Content_Enemies/BP_Rata/BP_TrailDamage.BP_TrailDamage
[2025.10.12-17.36.31:081][210]LogWorld: UWorld::CleanupWorld for World_16, bSessionEnded=true, bCleanupResources=true
[2025.10.12-17.36.31:081][210]LogSlate: InvalidateAllWidgets triggered.  All widgets were invalidated
[2025.10.12-17.36.32:304][348]Cmd: OBJ SAVEPACKAGE PACKAGE="/Game/Maps/ComidaVivaIA" FILE="C:/Users/PC/Documents/GitHub/TasteOfMadness/TasteOfMadness/Content/Maps/ComidaVivaIA.umap" SILENT=true AUTOSAVING=false KEEPDIRTY=false
[2025.10.12-17.36.32:323][348]LogUObjectHash: Compacting FUObjectHashTables data took   2.34ms
[2025.10.12-17.36.32:331][348]LogSavePackage: Moving 'C:/Users/PC/Documents/GitHub/TasteOfMadness/TasteOfMadness/Saved/ComidaVivaIAADA3A76549597A02C7C6529CCAC78503.tmp' to 'C:/Users/PC/Documents/GitHub/TasteOfMadness/TasteOfMadness/Content/Maps/ComidaVivaIA.umap'
[2025.10.12-17.36.32:356][348]AssetCheck: New page: Asset Save: ComidaVivaIA
[2025.10.12-17.36.32:356][348]LogContentValidation: Display: Validating World /Game/Maps/ComidaVivaIA.ComidaVivaIA
[2025.10.12-17.36.33:632][492]LogUObjectHash: Compacting FUObjectHashTables data took   1.50ms
[2025.10.12-17.36.33:690][492]LogActorComponent: UnregisterComponent: (/Engine/Transient.EditorFloorComp) Not registered. Aborting.
[2025.10.12-17.36.33:690][492]LogWorld: UWorld::CleanupWorld for World_21, bSessionEnded=true, bCleanupResources=true
[2025.10.12-17.36.33:690][492]LogSlate: InvalidateAllWidgets triggered.  All widgets were invalidated
[2025.10.12-17.36.33:760][492]LogSlate: Window 'TasteOfMadness - Unreal Editor' being destroyed
[2025.10.12-17.36.33:866][493]Cmd: QUIT_EDITOR
[2025.10.12-17.36.33:866][493]LogCore: Engine exit requested (reason: UUnrealEdEngine::CloseEditor())
[2025.10.12-17.36.33:868][493]LogCore: Engine exit requested (reason: EngineExit() was called; note: exit was already requested)
[2025.10.12-17.36.33:987][493]LogAudio: Display: Beginning Audio Device Manager Shutdown (Module: AudioMixerXAudio2)...
[2025.10.12-17.36.33:987][493]LogAudio: Display: Destroying 1 Remaining Audio Device(s)...
[2025.10.12-17.36.33:987][493]LogAudio: Display: Audio Device unregistered from world 'ComidaVivaIA'.
[2025.10.12-17.36.33:987][493]LogAudioMixer: FMixerPlatformXAudio2::StopAudioStream() called
[2025.10.12-17.36.33:987][493]LogAudioMixer: FMixerPlatformXAudio2::StopAudioStream() called
[2025.10.12-17.36.33:992][493]LogAudio: Display: Audio Device Manager Shutdown
[2025.10.12-17.36.33:993][493]LogWindowsTextInputMethodSystem: Display: IME system deactivated.
[2025.10.12-17.36.33:996][493]LogExit: Preparing to exit.
[2025.10.12-17.36.34:012][493]LogUObjectHash: Compacting FUObjectHashTables data took   1.81ms
[2025.10.12-17.36.34:706][493]LogWorld: UWorld::CleanupWorld for World_15, bSessionEnded=true, bCleanupResources=true
[2025.10.12-17.36.34:707][493]LogWorld: UWorld::CleanupWorld for World_22, bSessionEnded=true, bCleanupResources=true
[2025.10.12-17.36.34:708][493]LogWorld: UWorld::CleanupWorld for World_0, bSessionEnded=true, bCleanupResources=true
[2025.10.12-17.36.34:709][493]LogWorld: UWorld::CleanupWorld for World_5, bSessionEnded=true, bCleanupResources=true
[2025.10.12-17.36.34:710][493]LogWorld: UWorld::CleanupWorld for World_6, bSessionEnded=true, bCleanupResources=true
[2025.10.12-17.36.34:711][493]LogWorld: UWorld::CleanupWorld for World_7, bSessionEnded=true, bCleanupResources=true
[2025.10.12-17.36.34:711][493]LogWorld: UWorld::CleanupWorld for World_8, bSessionEnded=true, bCleanupResources=true
[2025.10.12-17.36.34:712][493]LogWorld: UWorld::CleanupWorld for World_9, bSessionEnded=true, bCleanupResources=true
[2025.10.12-17.36.34:713][493]LogWorld: UWorld::CleanupWorld for World_3, bSessionEnded=true, bCleanupResources=true
[2025.10.12-17.36.34:714][493]LogWorld: UWorld::CleanupWorld for World_4, bSessionEnded=true, bCleanupResources=true
[2025.10.12-17.36.34:714][493]LogWorld: UWorld::CleanupWorld for World_2, bSessionEnded=true, bCleanupResources=true
[2025.10.12-17.36.34:715][493]LogWorld: UWorld::CleanupWorld for World_17, bSessionEnded=true, bCleanupResources=true
[2025.10.12-17.36.34:716][493]LogWorld: UWorld::CleanupWorld for World_18, bSessionEnded=true, bCleanupResources=true
[2025.10.12-17.36.34:716][493]LogWorld: UWorld::CleanupWorld for World_1, bSessionEnded=true, bCleanupResources=true
[2025.10.12-17.36.34:717][493]LogWorld: UWorld::CleanupWorld for World_10, bSessionEnded=true, bCleanupResources=true
[2025.10.12-17.36.34:717][493]LogWorld: UWorld::CleanupWorld for World_19, bSessionEnded=true, bCleanupResources=true
[2025.10.12-17.36.34:749][493]LogDemo: Cleaned up 0 splitscreen connections with owner deletion
[2025.10.12-17.36.34:761][493]LogWorld: UWorld::CleanupWorld for None, bSessionEnded=true, bCleanupResources=true
[2025.10.12-17.36.34:761][493]LogExit: Editor shut down
[2025.10.12-17.36.34:761][493]LogExit: Transaction tracking system shut down
[2025.10.12-17.36.34:939][493]LogExit: Object subsystem successfully closed.
[2025.10.12-17.36.34:953][493]LogShaderCompilers: Display: === FShaderJobCache stats ===
[2025.10.12-17.36.34:953][493]LogShaderCompilers: Display: Total job queries 485, among them cache hits 365 (75.26%)
[2025.10.12-17.36.34:953][493]LogShaderCompilers: Display: Tracking 110 distinct input hashes that result in 64 distinct outputs (58.18%)
[2025.10.12-17.36.34:953][493]LogShaderCompilers: Display: RAM used: 0.27 MB (0.00 GB) of 1228.80 MB (1.20 GB) budget. Usage: 0.02%
[2025.10.12-17.36.34:953][493]LogShaderCompilers: Display: ================================================
[2025.10.12-17.36.34:968][493]LogShaderCompilers: Display: Shaders left to compile 0
[2025.10.12-17.36.34:977][493]LogModuleManager: Shutting down and abandoning module BlueprintGraph (878)
[2025.10.12-17.36.34:977][493]LogModuleManager: Shutting down and abandoning module ExternalImagePicker (876)
[2025.10.12-17.36.34:977][493]LogModuleManager: Shutting down and abandoning module MovieSceneCapture (874)
[2025.10.12-17.36.34:977][493]LogModuleManager: Shutting down and abandoning module Voice (872)
[2025.10.12-17.36.34:977][493]LogModuleManager: Shutting down and abandoning module HierarchicalLODOutliner (870)
[2025.10.12-17.36.34:977][493]LogModuleManager: Shutting down and abandoning module SceneOutliner (868)
[2025.10.12-17.36.34:977][493]LogModuleManager: Shutting down and abandoning module AddContentDialog (866)
[2025.10.12-17.36.34:977][493]LogModuleManager: Shutting down and abandoning module WidgetCarousel (865)
[2025.10.12-17.36.34:977][493]LogModuleManager: Shutting down and abandoning module EditorWidgets (862)
[2025.10.12-17.36.34:977][493]LogModuleManager: Shutting down and abandoning module StatsViewer (860)
[2025.10.12-17.36.34:977][493]LogModuleManager: Shutting down and abandoning module PIEPreviewDeviceProfileSelector (858)
[2025.10.12-17.36.34:978][493]LogModuleManager: Shutting down and abandoning module SequenceRecorderSections (856)
[2025.10.12-17.36.34:978][493]LogModuleManager: Shutting down and abandoning module AutomationWorker (854)
[2025.10.12-17.36.34:978][493]LogModuleManager: Shutting down and abandoning module SteamVREditor (852)
[2025.10.12-17.36.34:978][493]LogModuleManager: Shutting down and abandoning module OculusMR (850)
[2025.10.12-17.36.34:978][493]LogModuleManager: Shutting down and abandoning module WebMMediaFactory (848)
[2025.10.12-17.36.34:978][493]LogModuleManager: Shutting down and abandoning module WebMMediaEditor (846)
[2025.10.12-17.36.34:978][493]LogModuleManager: Shutting down and abandoning module WebMMedia (844)
[2025.10.12-17.36.34:978][493]LogModuleManager: Shutting down and abandoning module WmfMediaFactory (842)
[2025.10.12-17.36.34:978][493]LogModuleManager: Shutting down and abandoning module WmfMediaEditor (840)
[2025.10.12-17.36.34:978][493]LogModuleManager: Shutting down and abandoning module MediaPlayerEditor (838)
[2025.10.12-17.36.34:978][493]LogModuleManager: Shutting down and abandoning module MediaCompositingEditor (836)
[2025.10.12-17.36.34:978][493]LogModuleManager: Shutting down and abandoning module OpenExrWrapper (834)
[2025.10.12-17.36.34:978][493]LogModuleManager: Shutting down and abandoning module ImgMediaFactory (832)
[2025.10.12-17.36.34:978][493]LogModuleManager: Shutting down and abandoning module ImgMediaEditor (830)
[2025.10.12-17.36.34:978][493]LogModuleManager: Shutting down and abandoning module AvfMediaFactory (828)
[2025.10.12-17.36.34:978][493]LogModuleManager: Shutting down and abandoning module AvfMediaEditor (826)
[2025.10.12-17.36.34:978][493]LogModuleManager: Shutting down and abandoning module AndroidMediaFactory (824)
[2025.10.12-17.36.34:978][493]LogModuleManager: Shutting down and abandoning module AndroidMediaEditor (822)
[2025.10.12-17.36.34:978][493]LogModuleManager: Shutting down and abandoning module PlanarCut (820)
[2025.10.12-17.36.34:978][493]LogModuleManager: Shutting down and abandoning module CharacterAI (818)
[2025.10.12-17.36.34:978][493]LogModuleManager: Shutting down and abandoning module TakeRecorderSources (816)
[2025.10.12-17.36.34:978][493]LogModuleManager: Shutting down and abandoning module TakeRecorder (815)
[2025.10.12-17.36.34:978][493]LogModuleManager: Shutting down and abandoning module TakeTrackRecorders (812)
[2025.10.12-17.36.34:978][493]LogModuleManager: Shutting down and abandoning module TakesCore (810)
[2025.10.12-17.36.34:978][493]LogModuleManager: Shutting down and abandoning module OpenXRInput (808)
[2025.10.12-17.36.34:978][493]LogModuleManager: Shutting down and abandoning module LevelSequenceEditor (806)
[2025.10.12-17.36.34:978][493]LogModuleManager: Shutting down and abandoning module GooglePADEditor (804)
[2025.10.12-17.36.34:978][493]LogModuleManager: Shutting down and abandoning module AudioCaptureEditor (802)
[2025.10.12-17.36.34:978][493]LogModuleManager: Shutting down and abandoning module SequenceRecorder (801)
[2025.10.12-17.36.34:978][493]LogModuleManager: Shutting down and abandoning module MatineeToLevelSequence (798)
[2025.10.12-17.36.34:978][493]LogModuleManager: Shutting down and abandoning module TemplateSequenceEditor (796)
[2025.10.12-17.36.34:978][493]LogModuleManager: Shutting down and abandoning module MagicLeapMediaCodecFactory (794)
[2025.10.12-17.36.34:978][493]LogModuleManager: Shutting down and abandoning module MagicLeapMediaFactory (792)
[2025.10.12-17.36.34:978][493]LogModuleManager: Shutting down and abandoning module MagicLeapMediaEditor (790)
[2025.10.12-17.36.34:978][493]LogModuleManager: Shutting down and abandoning module ActorSequenceEditor (788)
[2025.10.12-17.36.34:978][493]LogModuleManager: Shutting down and abandoning module TextureAlignMode (786)
[2025.10.12-17.36.34:978][493]LogModuleManager: Shutting down and abandoning module BspMode (784)
[2025.10.12-17.36.34:978][493]LogModuleManager: Shutting down and abandoning module GeometryMode (782)
[2025.10.12-17.36.34:978][493]LogModuleManager: Shutting down and abandoning module CameraShakePreviewer (780)
[2025.10.12-17.36.34:978][493]LogModuleManager: Shutting down and abandoning module SmartSnapping (778)
[2025.10.12-17.36.34:978][493]LogModuleManager: Shutting down and abandoning module SessionServices (776)
[2025.10.12-17.36.34:978][493]LogModuleManager: Shutting down and abandoning module MeshPaint (774)
[2025.10.12-17.36.34:978][493]LogModuleManager: Shutting down and abandoning module VirtualTexturingEditor (772)
[2025.10.12-17.36.34:978][493]LogModuleManager: Shutting down and abandoning module FoliageEdit (770)
[2025.10.12-17.36.34:978][493]LogModuleManager: Shutting down and abandoning module LandscapeEditor (768)
[2025.10.12-17.36.34:978][493]LogModuleManager: Shutting down and abandoning module MeshPaintMode (766)
[2025.10.12-17.36.34:978][493]LogModuleManager: Shutting down and abandoning module SceneDepthPickerMode (764)
[2025.10.12-17.36.34:978][493]LogModuleManager: Shutting down and abandoning module ActorPickerMode (762)
[2025.10.12-17.36.34:978][493]LogModuleManager: Shutting down and abandoning module PlacementMode (760)
[2025.10.12-17.36.34:979][493]LogModuleManager: Shutting down and abandoning module ViewportSnapping (758)
[2025.10.12-17.36.34:979][493]LogModuleManager: Shutting down and abandoning module ViewportInteraction (756)
[2025.10.12-17.36.34:979][493]LogModuleManager: Shutting down and abandoning module ClothPainter (754)
[2025.10.12-17.36.34:979][493]LogModuleManager: Shutting down and abandoning module SkeletalMeshEditor (753)
[2025.10.12-17.36.34:979][493]LogModuleManager: Shutting down and abandoning module LogVisualizer (750)
[2025.10.12-17.36.34:979][493]LogModuleManager: Shutting down and abandoning module IntroTutorials (748)
[2025.10.12-17.36.34:979][493]LogModuleManager: Shutting down and abandoning module GameProjectGeneration (747)
[2025.10.12-17.36.34:979][493]LogModuleManager: Shutting down and abandoning module LuminPlatformEditor (744)
[2025.10.12-17.36.34:979][493]LogModuleManager: Shutting down and abandoning module IOSPlatformEditor (742)
[2025.10.12-17.36.34:979][493]LogModuleManager: Shutting down and abandoning module AndroidPlatformEditor (740)
[2025.10.12-17.36.34:979][493]LogModuleManager: Shutting down and abandoning module AndroidDeviceDetection (739)
[2025.10.12-17.36.36:517][493]LogModuleManager: Shutting down and abandoning module WindowsPlatformEditor (736)
[2025.10.12-17.36.36:517][493]LogModuleManager: Shutting down and abandoning module LuminRuntimeSettings (734)
[2025.10.12-17.36.36:517][493]LogModuleManager: Shutting down and abandoning module IOSRuntimeSettings (732)
[2025.10.12-17.36.36:517][493]LogModuleManager: Shutting down and abandoning module AndroidRuntimeSettings (730)
[2025.10.12-17.36.36:517][493]LogModuleManager: Shutting down and abandoning module TraceInsights (728)
[2025.10.12-17.36.36:517][493]MemoryProfiler: Shutdown
[2025.10.12-17.36.36:517][493]NetworkingProfiler: Shutdown
[2025.10.12-17.36.36:517][493]LoadingProfiler: Shutdown
[2025.10.12-17.36.36:517][493]TimingProfiler: Shutdown
[2025.10.12-17.36.36:517][493]LogModuleManager: Shutting down and abandoning module TraceServices (727)
[2025.10.12-17.36.36:517][493]LogModuleManager: Shutting down and abandoning module EditorInteractiveToolsFramework (724)
[2025.10.12-17.36.36:517][493]LogModuleManager: Shutting down and abandoning module TimeManagementEditor (722)
[2025.10.12-17.36.36:517][493]LogModuleManager: Shutting down and abandoning module InputBindingEditor (720)
[2025.10.12-17.36.36:517][493]LogModuleManager: Shutting down and abandoning module MergeActors (718)
[2025.10.12-17.36.36:517][493]LogModuleManager: Shutting down and abandoning module LocalizationDashboard (716)
[2025.10.12-17.36.36:517][493]LogModuleManager: Shutting down and abandoning module LocalizationService (715)
[2025.10.12-17.36.36:517][493]LogModuleManager: Shutting down and abandoning module HardwareTargeting (712)
[2025.10.12-17.36.36:517][493]LogModuleManager: Shutting down and abandoning module DeviceProfileEditor (710)
[2025.10.12-17.36.36:517][493]LogModuleManager: Shutting down and abandoning module UndoHistory (708)
[2025.10.12-17.36.36:517][493]LogModuleManager: Shutting down and abandoning module XmlParser (706)
[2025.10.12-17.36.36:517][493]LogModuleManager: Shutting down and abandoning module Blutility (704)
[2025.10.12-17.36.36:517][493]LogModuleManager: Shutting down and abandoning module ProjectSettingsViewer (702)
[2025.10.12-17.36.36:517][493]LogModuleManager: Shutting down and abandoning module ProjectTargetPlatformEditor (701)
[2025.10.12-17.36.36:517][493]LogModuleManager: Shutting down and abandoning module EditorSettingsViewer (698)
[2025.10.12-17.36.36:517][493]LogModuleManager: Shutting down and abandoning module InternationalizationSettings (697)
[2025.10.12-17.36.36:517][493]LogModuleManager: Shutting down and abandoning module SettingsEditor (694)
[2025.10.12-17.36.36:517][493]LogModuleManager: Shutting down and abandoning module ProjectLauncher (692)
[2025.10.12-17.36.36:517][493]LogModuleManager: Shutting down and abandoning module SessionFrontend (690)
[2025.10.12-17.36.36:517][493]LogModuleManager: Shutting down and abandoning module ProfilerClient (688)
[2025.10.12-17.36.36:517][493]LogModuleManager: Shutting down and abandoning module DeviceManager (686)
[2025.10.12-17.36.36:517][493]LogModuleManager: Shutting down and abandoning module TargetDeviceServices (685)
[2025.10.12-17.36.36:550][493]LogModuleManager: Shutting down and abandoning module AutomationController (682)
[2025.10.12-17.36.36:550][493]LogModuleManager: Shutting down and abandoning module AutomationWindow (680)
[2025.10.12-17.36.36:550][493]LogModuleManager: Shutting down and abandoning module Layers (678)
[2025.10.12-17.36.36:550][493]LogModuleManager: Shutting down and abandoning module ComponentVisualizers (676)
[2025.10.12-17.36.36:550][493]LogModuleManager: Shutting down and abandoning module DetailCustomizations (674)
[2025.10.12-17.36.36:550][493]LogModuleManager: Shutting down and abandoning module PackagesDialog (672)
[2025.10.12-17.36.36:550][493]LogModuleManager: Shutting down and abandoning module AnimationBlueprintEditor (670)
[2025.10.12-17.36.36:550][493]LogModuleManager: Shutting down and abandoning module Persona (668)
[2025.10.12-17.36.36:550][493]LogModuleManager: Shutting down and abandoning module AdvancedPreviewScene (667)
[2025.10.12-17.36.36:550][493]LogModuleManager: Shutting down and abandoning module AnimGraph (665)
[2025.10.12-17.36.36:550][493]LogModuleManager: Shutting down and abandoning module Kismet (662)
[2025.10.12-17.36.36:556][493]LogModuleManager: Shutting down and abandoning module KismetWidgets (661)
[2025.10.12-17.36.36:556][493]LogModuleManager: Shutting down and abandoning module GraphEditor (658)
[2025.10.12-17.36.36:556][493]LogModuleManager: Shutting down and abandoning module StructViewer (656)
[2025.10.12-17.36.36:556][493]LogModuleManager: Shutting down and abandoning module ClassViewer (654)
[2025.10.12-17.36.36:558][493]LogModuleManager: Shutting down and abandoning module Toolbox (652)
[2025.10.12-17.36.36:558][493]LogModuleManager: Shutting down and abandoning module ModuleUI (650)
[2025.10.12-17.36.36:558][493]LogModuleManager: Shutting down and abandoning module OutputLog (648)
[2025.10.12-17.36.36:558][493]LogModuleManager: Shutting down and abandoning module GammaUI (646)
[2025.10.12-17.36.36:559][493]LogModuleManager: Shutting down and abandoning module Documentation (644)
[2025.10.12-17.36.36:559][493]LogModuleManager: Shutting down and abandoning module LiveCoding (642)
[2025.10.12-17.36.36:559][493]LogModuleManager: Shutting down and abandoning module LevelSequence (640)
[2025.10.12-17.36.36:559][493]LogModuleManager: Shutting down and abandoning module MovieSceneTracks (638)
[2025.10.12-17.36.36:559][493]LogModuleManager: Shutting down and abandoning module MovieScene (636)
[2025.10.12-17.36.36:559][493]LogModuleManager: Shutting down and abandoning module StreamingPauseRendering (634)
[2025.10.12-17.36.36:559][493]LogModuleManager: Shutting down and abandoning module LauncherPlatform (632)
[2025.10.12-17.36.36:559][493]LogModuleManager: Shutting down and abandoning module AnalyticsET (630)
[2025.10.12-17.36.36:559][493]LogModuleManager: Shutting down and abandoning module PortalServices (628)
[2025.10.12-17.36.36:559][493]LogModuleManager: Shutting down and abandoning module PortalRpc (626)
[2025.10.12-17.36.36:559][493]LogModuleManager: Shutting down and abandoning module MessagingRpc (624)
[2025.10.12-17.36.36:559][493]LogModuleManager: Shutting down and abandoning module AudioMixerXAudio2 (622)
[2025.10.12-17.36.36:559][493]LogModuleManager: Shutting down and abandoning module AudioMixerCore (621)
[2025.10.12-17.36.36:559][493]LogModuleManager: Shutting down and abandoning module AIModule (618)
[2025.10.12-17.36.36:559][493]LogModuleManager: Shutting down and abandoning module GameplayDebugger (617)
[2025.10.12-17.36.36:559][493]LogModuleManager: Shutting down and abandoning module AITestSuite (615)
[2025.10.12-17.36.36:559][493]LogModuleManager: Shutting down and abandoning module NavigationSystem (613)
[2025.10.12-17.36.36:559][493]LogModuleManager: Shutting down and abandoning module ImageWriteQueue (610)
[2025.10.12-17.36.36:562][493]LogModuleManager: Shutting down and abandoning module ProfilerService (608)
[2025.10.12-17.36.36:789][493]LogModuleManager: Shutting down and abandoning module TaskGraph (606)
[2025.10.12-17.36.36:789][493]LogModuleManager: Shutting down and abandoning module AudioSynesthesiaEditor (604)
[2025.10.12-17.36.36:789][493]LogModuleManager: Shutting down and abandoning module OculusEditor (602)
[2025.10.12-17.36.36:789][493]LogModuleManager: Shutting down and abandoning module OculusInput (600)
[2025.10.12-17.36.36:789][493]LogModuleManager: Shutting down and abandoning module ContentBrowserFileDataSource (598)
[2025.10.12-17.36.36:789][493]LogModuleManager: Shutting down and abandoning module ContentBrowserAssetDataSource (596)
[2025.10.12-17.36.36:789][493]LogModuleManager: Shutting down and abandoning module ContentBrowserClassDataSource (594)
[2025.10.12-17.36.36:790][493]LogModuleManager: Shutting down and abandoning module CollectionManager (593)
[2025.10.12-17.36.36:790][493]LogModuleManager: Shutting down and abandoning module NiagaraEditorWidgets (590)
[2025.10.12-17.36.36:790][493]LogModuleManager: Shutting down and abandoning module MediaCompositing (588)
[2025.10.12-17.36.36:790][493]LogModuleManager: Shutting down and abandoning module ImgMedia (586)
[2025.10.12-17.36.36:790][493]LogModuleManager: Shutting down and abandoning module MotoSynthEditor (584)
[2025.10.12-17.36.36:790][493]LogModuleManager: Shutting down and abandoning module MotoSynth (582)
[2025.10.12-17.36.36:790][493]LogModuleManager: Shutting down and abandoning module OpenImageDenoise (580)
[2025.10.12-17.36.36:790][493]LogOpenImageDenoise: OIDN shutting down
[2025.10.12-17.36.36:790][493]LogModuleManager: Shutting down and abandoning module GeometryCollectionTracks (578)
[2025.10.12-17.36.36:790][493]LogModuleManager: Shutting down and abandoning module GeometryCollectionSequencer (577)
[2025.10.12-17.36.36:790][493]LogModuleManager: Shutting down and abandoning module GeometryCollectionEditor (574)
[2025.10.12-17.36.36:790][493]LogModuleManager: Shutting down and abandoning module MeshConversion (572)
[2025.10.12-17.36.36:790][493]LogModuleManager: Shutting down and abandoning module DynamicMesh (570)
[2025.10.12-17.36.36:790][493]LogModuleManager: Shutting down and abandoning module GeometryAlgorithms (568)
[2025.10.12-17.36.36:790][493]LogModuleManager: Shutting down and abandoning module GeometricObjects (566)
[2025.10.12-17.36.36:790][493]LogModuleManager: Shutting down and abandoning module GeometryCacheTracks (564)
[2025.10.12-17.36.36:790][493]LogModuleManager: Shutting down and abandoning module GeometryCacheStreamer (562)
[2025.10.12-17.36.36:790][493]LogModuleManager: Shutting down and abandoning module GeometryCacheSequencer (560)
[2025.10.12-17.36.36:791][493]LogModuleManager: Shutting down and abandoning module ScreenshotTools (558)
[2025.10.12-17.36.36:791][493]LogModuleManager: Shutting down and abandoning module TakeSequencer (556)
[2025.10.12-17.36.36:791][493]LogModuleManager: Shutting down and abandoning module TakeMovieScene (554)
[2025.10.12-17.36.36:791][493]LogModuleManager: Shutting down and abandoning module SynthesisEditor (552)
[2025.10.12-17.36.36:791][493]LogModuleManager: Shutting down and abandoning module Synthesis (550)
[2025.10.12-17.36.36:791][493]LogModuleManager: Shutting down and abandoning module ProceduralMeshComponentEditor (548)
[2025.10.12-17.36.36:791][493]LogModuleManager: Shutting down and abandoning module ProceduralMeshComponent (546)
[2025.10.12-17.36.36:791][493]LogModuleManager: Shutting down and abandoning module OpenXREditor (544)
[2025.10.12-17.36.36:791][493]LogModuleManager: Shutting down and abandoning module MobilePatchingUtils (542)
[2025.10.12-17.36.36:791][493]LogModuleManager: Shutting down and abandoning module GooglePAD (540)
[2025.10.12-17.36.36:791][493]LogModuleManager: Shutting down and abandoning module CustomMeshComponent (538)
[2025.10.12-17.36.36:791][493]LogModuleManager: Shutting down and abandoning module EditableMesh (536)
[2025.10.12-17.36.36:791][493]LogModuleManager: Shutting down and abandoning module CableComponent (534)
[2025.10.12-17.36.36:791][493]LogModuleManager: Shutting down and abandoning module AudioCapture (532)
[2025.10.12-17.36.36:791][493]LogModuleManager: Shutting down and abandoning module AudioCaptureRtAudio (531)
[2025.10.12-17.36.36:791][493]LogModuleManager: Shutting down and abandoning module AssetTags (528)
[2025.10.12-17.36.36:791][493]LogModuleManager: Shutting down and abandoning module ArchVisCharacter (526)
[2025.10.12-17.36.36:791][493]LogModuleManager: Shutting down and abandoning module AppleImageUtilsBlueprintSupport (524)
[2025.10.12-17.36.36:791][493]LogModuleManager: Shutting down and abandoning module AppleImageUtils (522)
[2025.10.12-17.36.36:791][493]LogModuleManager: Shutting down and abandoning module AndroidPermission (520)
[2025.10.12-17.36.36:791][493]LogModuleManager: Shutting down and abandoning module ActorLayerUtilitiesEditor (518)
[2025.10.12-17.36.36:791][493]LogModuleManager: Shutting down and abandoning module ActorLayerUtilities (516)
[2025.10.12-17.36.36:791][493]LogModuleManager: Shutting down and abandoning module TemplateSequence (514)
[2025.10.12-17.36.36:791][493]LogModuleManager: Shutting down and abandoning module MagicLeapSharedWorld (512)
[2025.10.12-17.36.36:791][493]LogModuleManager: Shutting down and abandoning module MobileLauncherProfileWizard (510)
[2025.10.12-17.36.36:791][493]LogModuleManager: Shutting down and abandoning module MagicLeapLightEstimation (508)
[2025.10.12-17.36.36:791][493]LogModuleManager: Shutting down and abandoning module MagicLeapHelperVulkan (506)
[2025.10.12-17.36.36:791][493]LogModuleManager: Shutting down and abandoning module MagicLeapHelperOpenGL (504)
[2025.10.12-17.36.36:791][493]LogModuleManager: Shutting down and abandoning module MagicLeapAudio (502)
[2025.10.12-17.36.36:791][493]LogModuleManager: Shutting down and abandoning module SpeedTreeImporter (500)
[2025.10.12-17.36.36:791][493]LogModuleManager: Shutting down and abandoning module MaterialAnalyzer (498)
[2025.10.12-17.36.36:791][493]LogModuleManager: Shutting down and abandoning module PluginBrowser (496)
[2025.10.12-17.36.36:792][493]LogModuleManager: Shutting down and abandoning module CurveEditorTools (494)
[2025.10.12-17.36.36:792][493]LogModuleManager: Shutting down and abandoning module ChaosSolverEditor (492)
[2025.10.12-17.36.36:792][493]LogModuleManager: Shutting down and abandoning module CryptoKeysOpenSSL (490)
[2025.10.12-17.36.36:792][493]LogModuleManager: Shutting down and abandoning module CryptoKeys (488)
[2025.10.12-17.36.36:792][493]LogModuleManager: Shutting down and abandoning module ChaosNiagara (486)
[2025.10.12-17.36.36:792][493]LogModuleManager: Shutting down and abandoning module FractureEditor (484)
[2025.10.12-17.36.36:792][493]LogModuleManager: Shutting down and abandoning module FieldSystemEngine (483)
[2025.10.12-17.36.36:792][493]LogModuleManager: Shutting down and abandoning module ChaosClothEditor (480)
[2025.10.12-17.36.36:792][493]LogModuleManager: Shutting down and abandoning module BackChannel (478)
[2025.10.12-17.36.36:792][493]LogModuleManager: Shutting down and abandoning module AutomationUtilsEditor (476)
[2025.10.12-17.36.36:792][493]LogModuleManager: Shutting down and abandoning module AutomationUtils (474)
[2025.10.12-17.36.36:792][493]LogModuleManager: Shutting down and abandoning module AlembicImporter (472)
[2025.10.12-17.36.36:792][493]LogModuleManager: Shutting down and abandoning module AlembicLibrary (471)
[2025.10.12-17.36.36:792][493]LogModuleManager: Shutting down and abandoning module GeometryCache (470)
[2025.10.12-17.36.36:792][493]LogModuleManager: Shutting down and abandoning module GeometryCacheEd (469)
[2025.10.12-17.36.36:792][493]LogModuleManager: Shutting down and abandoning module VariantManagerContentEditor (464)
[2025.10.12-17.36.36:792][493]LogModuleManager: Shutting down and abandoning module DatasmithContentEditor (462)
[2025.10.12-17.36.36:792][493]LogModuleManager: Shutting down and abandoning module VisualStudioSourceCodeAccess (460)
[2025.10.12-17.36.36:792][493]LogModuleManager: Shutting down and abandoning module VisualStudioCodeSourceCodeAccess (458)
[2025.10.12-17.36.36:792][493]LogModuleManager: Shutting down and abandoning module UObjectPlugin (456)
[2025.10.12-17.36.36:792][493]LogModuleManager: Shutting down and abandoning module OodleNetworkHandlerComponent (454)
[2025.10.12-17.36.36:792][493]LogModuleManager: Shutting down and abandoning module SubversionSourceControl (452)
[2025.10.12-17.36.36:792][493]LogModuleManager: Shutting down and abandoning module RiderSourceCodeAccess (450)
[2025.10.12-17.36.36:792][493]LogModuleManager: Shutting down and abandoning module PlasticSourceControl (448)
[2025.10.12-17.36.36:792][493]LogModuleManager: Shutting down and abandoning module PluginUtils (446)
[2025.10.12-17.36.36:792][493]LogModuleManager: Shutting down and abandoning module PerforceSourceControl (444)
[2025.10.12-17.36.36:792][493]LogModuleManager: Shutting down and abandoning module GitSourceControl (442)
[2025.10.12-17.36.36:792][493]LogModuleManager: Shutting down and abandoning module SourceControl (441)
[2025.10.12-17.36.36:792][493]LogModuleManager: Shutting down and abandoning module CLionSourceCodeAccess (438)
[2025.10.12-17.36.36:792][493]LogModuleManager: Shutting down and abandoning module AnimationSharingEd (436)
[2025.10.12-17.36.36:792][493]LogModuleManager: Shutting down and abandoning module LiveLinkSequencer (434)
[2025.10.12-17.36.36:793][493]LogModuleManager: Shutting down and abandoning module LiveLinkMovieScene (432)
[2025.10.12-17.36.36:793][493]LogModuleManager: Shutting down and abandoning module LiveLinkGraphNode (430)
[2025.10.12-17.36.36:793][493]LogModuleManager: Shutting down and abandoning module LiveLinkEditor (428)
[2025.10.12-17.36.36:793][493]LogModuleManager: Shutting down and abandoning module LiveLinkComponents (426)
[2025.10.12-17.36.36:793][493]LogModuleManager: Shutting down and abandoning module LiveLink (424)
[2025.10.12-17.36.37:316][493]LogModuleManager: Shutting down and abandoning module LightPropagationVolumeEditor (422)
[2025.10.12-17.36.37:316][493]LogModuleManager: Shutting down and abandoning module PaperTiledImporter (420)
[2025.10.12-17.36.37:316][493]LogModuleManager: Shutting down and abandoning module PaperSpriteSheetImporter (418)
[2025.10.12-17.36.37:316][493]LogModuleManager: Shutting down and abandoning module Paper2DEditor (416)
[2025.10.12-17.36.37:316][493]LogModuleManager: Shutting down and abandoning module MeshPaintingToolset (414)
[2025.10.12-17.36.37:316][493]LogModuleManager: Shutting down and abandoning module MeshPaintEditorMode (412)
[2025.10.12-17.36.37:316][493]LogModuleManager: Shutting down and abandoning module NiagaraAnimNotifies (410)
[2025.10.12-17.36.37:316][493]LogModuleManager: Shutting down and abandoning module Niagara (408)
[2025.10.12-17.36.37:316][493]LogModuleManager: Shutting down and abandoning module SignalProcessing (407)
[2025.10.12-17.36.37:316][493]LogModuleManager: Shutting down and abandoning module NiagaraEditor (405)
[2025.10.12-17.36.37:316][493]LogModuleManager: Shutting down and abandoning module NiagaraCore (402)
[2025.10.12-17.36.37:316][493]LogModuleManager: Shutting down and abandoning module ImgMediaEngine (400)
[2025.10.12-17.36.37:316][493]LogModuleManager: Shutting down and abandoning module PythonScriptPlugin (398)
[2025.10.12-17.36.37:316][493]LogModuleManager: Shutting down and abandoning module SignificanceManager (396)
[2025.10.12-17.36.37:316][493]LogModuleManager: Shutting down and abandoning module SoundFields (394)
[2025.10.12-17.36.37:316][493]LogModuleManager: Shutting down and abandoning module RuntimePhysXCooking (392)
[2025.10.12-17.36.37:316][493]LogModuleManager: Shutting down and abandoning module PropertyAccessEditor (390)
[2025.10.12-17.36.37:316][493]LogModuleManager: Shutting down and abandoning module PhysXVehiclesEditor (388)
[2025.10.12-17.36.37:316][493]LogModuleManager: Shutting down and abandoning module LocationServicesBPLibrary (384)
[2025.10.12-17.36.37:316][493]LogModuleManager: Shutting down and abandoning module AudioSynesthesia (382)
[2025.10.12-17.36.37:316][493]LogModuleManager: Shutting down and abandoning module AudioSynesthesiaCore (380)
[2025.10.12-17.36.37:316][493]LogModuleManager: Shutting down and abandoning module ActorSequence (378)
[2025.10.12-17.36.37:316][493]LogModuleManager: Shutting down and abandoning module MagicLeapARPin (376)
[2025.10.12-17.36.37:316][493]LogModuleManager: Shutting down and abandoning module MagicLeapHandMeshing (374)
[2025.10.12-17.36.37:316][493]LogModuleManager: Shutting down and abandoning module MagicLeapSecureStorage (372)
[2025.10.12-17.36.37:316][493]LogModuleManager: Shutting down and abandoning module MagicLeapPrivileges (370)
[2025.10.12-17.36.37:316][493]LogModuleManager: Shutting down and abandoning module MagicLeapPlanes (368)
[2025.10.12-17.36.37:316][493]LogMagicLeapPlanes: Planes tracker already destroyed.
[2025.10.12-17.36.37:316][493]LogModuleManager: Shutting down and abandoning module MagicLeapImageTracker (366)
[2025.10.12-17.36.37:316][493]LogModuleManager: Shutting down and abandoning module MagicLeapIdentity (364)
[2025.10.12-17.36.37:316][493]LogModuleManager: Shutting down and abandoning module MagicLeapHandTracking (362)
[2025.10.12-17.36.37:316][493]LogModuleManager: Shutting down and abandoning module MagicLeapEyeTracker (360)
[2025.10.12-17.36.37:316][493]LogModuleManager: Shutting down and abandoning module MagicLeapController (358)
[2025.10.12-17.36.37:316][493]LogModuleManager: Shutting down and abandoning module MagicLeapARPinImpl (356)
[2025.10.12-17.36.37:316][493]LogModuleManager: Shutting down and abandoning module MagicLeapAR (354)
[2025.10.12-17.36.37:316][493]LogModuleManager: Shutting down and abandoning module UdpMessaging (352)
[2025.10.12-17.36.37:418][493]LogModuleManager: Shutting down and abandoning module TcpMessaging (350)
[2025.10.12-17.36.37:519][493]LogModuleManager: Shutting down and abandoning module GameplayTagsEditor (348)
[2025.10.12-17.36.37:519][493]LogModuleManager: Shutting down and abandoning module FacialAnimationEditor (346)
[2025.10.12-17.36.37:519][493]LogModuleManager: Shutting down and abandoning module FacialAnimation (344)
[2025.10.12-17.36.37:519][493]LogModuleManager: Shutting down and abandoning module DataValidation (342)
[2025.10.12-17.36.37:519][493]LogModuleManager: Shutting down and abandoning module AssetManagerEditor (340)
[2025.10.12-17.36.37:519][493]LogModuleManager: Shutting down and abandoning module LevelEditor (339)
[2025.10.12-17.36.37:520][493]LogModuleManager: Shutting down and abandoning module PixelInspectorModule (338)
[2025.10.12-17.36.37:520][493]LogModuleManager: Shutting down and abandoning module CommonMenuExtensions (336)
[2025.10.12-17.36.37:520][493]LogModuleManager: Shutting down and abandoning module MainFrame (334)
[2025.10.12-17.36.37:520][493]LogModuleManager: Shutting down and abandoning module HotReload (333)
[2025.10.12-17.36.37:520][493]LogModuleManager: Shutting down and abandoning module ToolMenus (329)
[2025.10.12-17.36.37:520][493]LogModuleManager: Shutting down and abandoning module ContentBrowser (327)
[2025.10.12-17.36.37:520][493]LogModuleManager: Shutting down and abandoning module ContentBrowserData (326)
[2025.10.12-17.36.37:520][493]LogModuleManager: Shutting down and abandoning module TreeMap (323)
[2025.10.12-17.36.37:520][493]LogModuleManager: Shutting down and abandoning module PropertyAccessNode (320)
[2025.10.12-17.36.37:520][493]LogModuleManager: Shutting down and abandoning module GameplayCameras (318)
[2025.10.12-17.36.37:520][493]LogModuleManager: Shutting down and abandoning module AnimationSharing (316)
[2025.10.12-17.36.37:520][493]LogModuleManager: Shutting down and abandoning module LightPropagationVolumeRuntime (314)
[2025.10.12-17.36.37:520][493]LogModuleManager: Shutting down and abandoning module EnvironmentQueryEditor (312)
[2025.10.12-17.36.37:520][493]LogModuleManager: Shutting down and abandoning module Paper2D (310)
[2025.10.12-17.36.37:520][493]LogModuleManager: Shutting down and abandoning module WindowsMoviePlayer (308)
[2025.10.12-17.36.37:522][493]LogModuleManager: Shutting down and abandoning module WebMMoviePlayer (306)
[2025.10.12-17.36.37:522][493]LogModuleManager: Shutting down and abandoning module NetworkReplayStreaming (304)
[2025.10.12-17.36.37:522][493]LogModuleManager: Shutting down and abandoning module PacketHandler (302)
[2025.10.12-17.36.37:522][493]LogModuleManager: Shutting down and abandoning module ClothingSystemEditor (300)
[2025.10.12-17.36.37:522][493]LogModuleManager: Shutting down and abandoning module ClothingSystemRuntimeNv (298)
[2025.10.12-17.36.37:522][493]LogModuleManager: Shutting down and abandoning module MediaAssets (296)
[2025.10.12-17.36.37:522][493]LogModuleManager: Shutting down and abandoning module Overlay (294)
[2025.10.12-17.36.37:522][493]LogModuleManager: Shutting down and abandoning module OverlayEditor (293)
[2025.10.12-17.36.37:522][493]LogModuleManager: Shutting down and abandoning module VREditor (290)
[2025.10.12-17.36.37:522][493]LogModuleManager: Shutting down and abandoning module StringTableEditor (288)
[2025.10.12-17.36.37:522][493]LogModuleManager: Shutting down and abandoning module GameplayTasksEditor (286)
[2025.10.12-17.36.37:522][493]LogModuleManager: Shutting down and abandoning module BehaviorTreeEditor (284)
[2025.10.12-17.36.37:522][493]LogModuleManager: Shutting down and abandoning module FunctionalTesting (282)
[2025.10.12-17.36.37:522][493]LogModuleManager: Shutting down and abandoning module CollisionAnalyzer (280)
[2025.10.12-17.36.37:522][493]LogModuleManager: Shutting down and abandoning module WorkspaceMenuStructure (279)
[2025.10.12-17.36.37:522][493]LogModuleManager: Shutting down and abandoning module UMG (276)
[2025.10.12-17.36.37:522][493]LogModuleManager: Shutting down and abandoning module UMGEditor (275)
[2025.10.12-17.36.37:522][493]LogModuleManager: Shutting down and abandoning module MessageLog (273)
[2025.10.12-17.36.37:522][493]LogModuleManager: Shutting down and abandoning module SlateReflector (268)
[2025.10.12-17.36.37:523][493]LogModuleManager: Shutting down and abandoning module Slate (266)
[2025.10.12-17.36.37:523][493]LogModuleManager: Shutting down and abandoning module SlateCore (264)
[2025.10.12-17.36.37:523][493]LogModuleManager: Shutting down and abandoning module LandscapeEditorUtilities (262)
[2025.10.12-17.36.37:523][493]LogModuleManager: Shutting down and abandoning module UnrealEd (260)
[2025.10.12-17.36.37:523][493]LogModuleManager: Shutting down and abandoning module MRMesh (258)
[2025.10.12-17.36.37:523][493]LogModuleManager: Shutting down and abandoning module SourceCodeAccess (256)
[2025.10.12-17.36.37:523][493]LogModuleManager: Shutting down and abandoning module HeadMountedDisplay (254)
[2025.10.12-17.36.37:523][493]LogModuleManager: Shutting down and abandoning module XAudio2 (252)
[2025.10.12-17.36.37:523][493]LogModuleManager: Shutting down and abandoning module Networking (250)
[2025.10.12-17.36.37:523][493]LogModuleManager: Shutting down and abandoning module Core (248)
[2025.10.12-17.36.37:523][493]LogModuleManager: Shutting down and abandoning module MaterialEditor (246)
[2025.10.12-17.36.37:523][493]LogModuleManager: Shutting down and abandoning module MovieSceneTools (244)
[2025.10.12-17.36.37:523][493]LogModuleManager: Shutting down and abandoning module CurveEditor (243)
[2025.10.12-17.36.37:523][493]LogModuleManager: Shutting down and abandoning module Sequencer (241)
[2025.10.12-17.36.37:524][493]LogModuleManager: Shutting down and abandoning module EditorStyle (240)
[2025.10.12-17.36.37:524][493]LogModuleManager: Shutting down and abandoning module KismetCompiler (236)
[2025.10.12-17.36.37:524][493]LogModuleManager: Shutting down and abandoning module MeshBuilder (234)
[2025.10.12-17.36.37:524][493]LogModuleManager: Shutting down and abandoning module MeshUtilities (232)
[2025.10.12-17.36.37:524][493]LogModuleManager: Shutting down and abandoning module MeshMergeUtilities (231)
[2025.10.12-17.36.37:524][493]LogModuleManager: Shutting down and abandoning module MeshReductionInterface (230)
[2025.10.12-17.36.37:524][493]LogModuleManager: Shutting down and abandoning module MeshBoneReduction (229)
[2025.10.12-17.36.37:524][493]LogModuleManager: Shutting down and abandoning module SkeletalMeshReduction (227)
[2025.10.12-17.36.37:524][493]LogModuleManager: Shutting down and abandoning module ProxyLODMeshReduction (225)
[2025.10.12-17.36.37:524][493]LogModuleManager: Shutting down and abandoning module QuadricMeshReduction (223)
[2025.10.12-17.36.37:524][493]LogModuleManager: Shutting down and abandoning module MaterialBaking (219)
[2025.10.12-17.36.37:524][493]LogModuleManager: Shutting down and abandoning module NullInstallBundleManager (214)
[2025.10.12-17.36.37:524][493]LogModuleManager: Shutting down and abandoning module DerivedDataCache (212)
[2025.10.12-17.36.37:524][493]LogModuleManager: Shutting down and abandoning module TargetPlatform (210)
[2025.10.12-17.36.37:525][493]LogModuleManager: Shutting down and abandoning module VulkanShaderFormat (209)
[2025.10.12-17.36.37:525][493]LogModuleManager: Shutting down and abandoning module ShaderFormatVectorVM (207)
[2025.10.12-17.36.37:525][493]LogModuleManager: Shutting down and abandoning module ShaderFormatOpenGL (205)
[2025.10.12-17.36.37:525][493]LogModuleManager: Shutting down and abandoning module ShaderFormatD3D (203)
[2025.10.12-17.36.37:525][493]LogModuleManager: Shutting down and abandoning module MetalShaderFormat (201)
[2025.10.12-17.36.37:525][493]LogModuleManager: Shutting down and abandoning module TextureFormatOodle (199)
[2025.10.12-17.36.37:525][493]LogModuleManager: Shutting down and abandoning module TextureFormatUncompressed (197)
[2025.10.12-17.36.37:525][493]LogModuleManager: Shutting down and abandoning module TextureFormatPVR (195)
[2025.10.12-17.36.37:525][493]LogModuleManager: Shutting down and abandoning module TextureFormatETC2 (193)
[2025.10.12-17.36.37:525][493]LogModuleManager: Shutting down and abandoning module TextureFormatDXT (191)
[2025.10.12-17.36.37:525][493]LogModuleManager: Shutting down and abandoning module TextureFormatIntelISPCTexComp (189)
[2025.10.12-17.36.37:525][493]LogModuleManager: Shutting down and abandoning module TextureFormatASTC (187)
[2025.10.12-17.36.37:525][493]LogModuleManager: Shutting down and abandoning module ImageWrapper (186)
[2025.10.12-17.36.37:525][493]LogModuleManager: Shutting down and abandoning module AudioFormatOpus (183)
[2025.10.12-17.36.37:525][493]LogModuleManager: Shutting down and abandoning module AudioFormatOgg (181)
[2025.10.12-17.36.37:525][493]LogModuleManager: Shutting down and abandoning module AudioFormatADPCM (179)
[2025.10.12-17.36.37:525][493]LogModuleManager: Shutting down and abandoning module WindowsServerTargetPlatform (177)
[2025.10.12-17.36.37:525][493]LogModuleManager: Shutting down and abandoning module WindowsClientTargetPlatform (175)
[2025.10.12-17.36.37:525][493]LogModuleManager: Shutting down and abandoning module WindowsTargetPlatform (173)
[2025.10.12-17.36.37:525][493]LogModuleManager: Shutting down and abandoning module WindowsNoEditorTargetPlatform (171)
[2025.10.12-17.36.37:525][493]LogModuleManager: Shutting down and abandoning module TVOSTargetPlatform (169)
[2025.10.12-17.36.37:525][493]LogModuleManager: Shutting down and abandoning module MacServerTargetPlatform (167)
[2025.10.12-17.36.37:526][493]LogModuleManager: Shutting down and abandoning module MacClientTargetPlatform (165)
[2025.10.12-17.36.37:526][493]LogModuleManager: Shutting down and abandoning module MacTargetPlatform (163)
[2025.10.12-17.36.37:526][493]LogModuleManager: Shutting down and abandoning module MacNoEditorTargetPlatform (161)
[2025.10.12-17.36.37:526][493]LogModuleManager: Shutting down and abandoning module LuminTargetPlatform (159)
[2025.10.12-17.36.37:526][493]LogModuleManager: Shutting down and abandoning module LinuxAArch64ServerTargetPlatform (157)
[2025.10.12-17.36.37:526][493]LogModuleManager: Shutting down and abandoning module LinuxAArch64ClientTargetPlatform (155)
[2025.10.12-17.36.37:526][493]LogModuleManager: Shutting down and abandoning module LinuxAArch64NoEditorTargetPlatform (153)
[2025.10.12-17.36.37:526][493]LogModuleManager: Shutting down and abandoning module LinuxServerTargetPlatform (151)
[2025.10.12-17.36.37:526][493]LogModuleManager: Shutting down and abandoning module LinuxClientTargetPlatform (149)
[2025.10.12-17.36.37:526][493]LogModuleManager: Shutting down and abandoning module LinuxNoEditorTargetPlatform (147)
[2025.10.12-17.36.37:526][493]LogModuleManager: Shutting down and abandoning module LinuxTargetPlatform (145)
[2025.10.12-17.36.37:526][493]LogModuleManager: Shutting down and abandoning module Messaging (143)
[2025.10.12-17.36.37:526][493]LogModuleManager: Shutting down and abandoning module IOSTargetPlatform (141)
[2025.10.12-17.36.37:527][493]LogModuleManager: Shutting down and abandoning module AndroidTargetPlatform (139)
[2025.10.12-17.36.37:530][493]LogModuleManager: Shutting down and abandoning module AllDesktopTargetPlatform (137)
[2025.10.12-17.36.37:530][493]LogModuleManager: Shutting down and abandoning module D3D11RHI (134)
[2025.10.12-17.36.37:530][493]LogModuleManager: Shutting down and abandoning module InputCore (132)
[2025.10.12-17.36.37:530][493]LogModuleManager: Shutting down and abandoning module Settings (130)
[2025.10.12-17.36.37:530][493]LogModuleManager: Shutting down and abandoning module DirectoryWatcher (128)
[2025.10.12-17.36.37:530][493]LogModuleManager: Shutting down and abandoning module PhysXCooking (126)
[2025.10.12-17.36.37:530][493]LogModuleManager: Shutting down and abandoning module Chaos (124)
[2025.10.12-17.36.37:530][493]LogModuleManager: Shutting down and abandoning module WindowsPlatformFeatures (122)
[2025.10.12-17.36.37:530][493]LogModuleManager: Shutting down and abandoning module GameplayMediaEncoder (121)
[2025.10.12-17.36.37:530][493]LogModuleManager: Shutting down and abandoning module AVEncoder (120)
[2025.10.12-17.36.37:530][493]LogModuleManager: Shutting down and abandoning module SteamVRInputDevice (116)
[2025.10.12-17.36.37:530][493]LogModuleManager: Shutting down and abandoning module SteamVRInput (114)
[2025.10.12-17.36.37:530][493]LogModuleManager: Shutting down and abandoning module SteamVR (112)
[2025.10.12-17.36.37:530][493]LogHMD: Freeing OpenVRDLLHandle.
[2025.10.12-17.36.37:530][493]LogModuleManager: Shutting down and abandoning module OculusHMD (110)
[2025.10.12-17.36.37:530][493]LogModuleManager: Shutting down and abandoning module NiagaraVertexFactories (108)
[2025.10.12-17.36.37:530][493]LogModuleManager: Shutting down and abandoning module NiagaraShader (106)
[2025.10.12-17.36.37:530][493]LogModuleManager: Shutting down and abandoning module WmfMedia (104)
[2025.10.12-17.36.37:532][493]LogModuleManager: Shutting down and abandoning module Media (103)
[2025.10.12-17.36.37:533][493]LogModuleManager: Shutting down and abandoning module MediaInfo (102)
[2025.10.12-17.36.37:533][493]LogModuleManager: Shutting down and abandoning module ExrReaderGpu (98)
[2025.10.12-17.36.37:533][493]LogModuleManager: Shutting down and abandoning module OpenXREyeTracker (96)
[2025.10.12-17.36.37:533][493]LogModuleManager: Shutting down and abandoning module OpenXRAR (94)
[2025.10.12-17.36.37:533][493]LogModuleManager: Shutting down and abandoning module AugmentedReality (93)
[2025.10.12-17.36.37:533][493]LogModuleManager: Shutting down and abandoning module OpenXRHandTracking (90)
[2025.10.12-17.36.37:533][493]LogSlate: Slate User Destroyed.  User Index 0, Is Virtual User: 0
[2025.10.12-17.36.37:533][493]LogModuleManager: Shutting down and abandoning module OpenXRHMD (89)
[2025.10.12-17.36.37:533][493]LogModuleManager: Shutting down and abandoning module OnlineBlueprintSupport (86)
[2025.10.12-17.36.37:533][493]LogModuleManager: Shutting down and abandoning module OnlineSubsystem (82)
[2025.10.12-17.36.37:534][493]LogModuleManager: Shutting down and abandoning module XMPP (77)
[2025.10.12-17.36.37:534][493]LogModuleManager: Shutting down and abandoning module WebSockets (76)
[2025.10.12-17.36.37:566][493]LogModuleManager: Shutting down and abandoning module HTTP (73)
[2025.10.12-17.36.37:566][493]LogHttp: Display: Http module shutting down, but needs to wait on 1 outstanding Http requests:
[2025.10.12-17.36.37:566][493]LogHttp: Display: 	verb=[POST] url=[https://datarouter.ol.epicgames.com/datarouter/api/v1/public/data?SessionID=%7B1532B4A7-47C6-CED7-5CD7-C78362727E74%7D&AppID=UEEditor.Rocket.Release&AppVersion=4.27.2-18319896%2B%2B%2BUE4%2BRelease-4.27&UserID=ff613de04445e87a751d3d88f719c9ab%7C92b915b8b6964a98a670edb4ad65aabd%7C0d465c27-dae1-41ae-b75e-4ea01e26faf1&AppEnvironment=datacollector-binary&UploadType=eteventstream] refs=[1] status=Processing
[2025.10.12-17.36.37:566][493]LogHttp: Display: cleaning up 1 outstanding Http requests.
[2025.10.12-17.36.37:596][493]LogModuleManager: Shutting down and abandoning module SSL (72)
[2025.10.12-17.36.37:597][493]LogModuleManager: Shutting down and abandoning module ExampleDeviceProfileSelector (68)
[2025.10.12-17.36.37:597][493]LogModuleManager: Shutting down and abandoning module ChunkDownloader (66)
[2025.10.12-17.36.37:597][493]LogModuleManager: Shutting down and abandoning module LauncherChunkInstaller (64)
[2025.10.12-17.36.37:597][493]LogModuleManager: Shutting down and abandoning module MLSDK (62)
[2025.10.12-17.36.37:597][493]LogModuleManager: Shutting down and abandoning module MagicLeap (60)
[2025.10.12-17.36.37:597][493]LogModuleManager: Shutting down and abandoning module ChaosCloth (58)
[2025.10.12-17.36.37:597][493]LogModuleManager: Shutting down and abandoning module VariantManagerContent (56)
[2025.10.12-17.36.37:597][493]LogModuleManager: Shutting down and abandoning module DatasmithContent (54)
[2025.10.12-17.36.37:598][493]LogModuleManager: Shutting down and abandoning module PixWinPlugin (52)
[2025.10.12-17.36.37:598][493]LogModuleManager: Shutting down and abandoning module AISupportModule (50)
[2025.10.12-17.36.37:598][493]LogModuleManager: Shutting down and abandoning module DesktopPlatform (48)
[2025.10.12-17.36.37:598][493]LogModuleManager: Shutting down and abandoning module PythonScriptPluginPreload (46)
[2025.10.12-17.36.37:598][493]LogModuleManager: Shutting down and abandoning module PlatformCryptoOpenSSL (44)
[2025.10.12-17.36.37:598][493]LogModuleManager: Shutting down and abandoning module PlatformCryptoTypes (42)
[2025.10.12-17.36.37:598][493]LogModuleManager: Shutting down and abandoning module PlatformCrypto (40)
[2025.10.12-17.36.37:598][493]LogModuleManager: Shutting down and abandoning module OodleDataCompressionFormat (38)
[2025.10.12-17.36.37:598][493]LogModuleManager: Shutting down and abandoning module XGEController (36)
[2025.10.12-17.36.37:598][493]LogModuleManager: Shutting down and abandoning module AnimationModifiers (34)
[2025.10.12-17.36.37:598][493]LogModuleManager: Shutting down and abandoning module AudioEditor (32)
[2025.10.12-17.36.37:598][493]LogModuleManager: Shutting down and abandoning module PropertyEditor (31)
[2025.10.12-17.36.37:599][493]LogModuleManager: Shutting down and abandoning module TextureCompressor (28)
[2025.10.12-17.36.37:599][493]LogModuleManager: Shutting down and abandoning module RenderCore (26)
[2025.10.12-17.36.37:599][493]LogModuleManager: Shutting down and abandoning module Landscape (24)
[2025.10.12-17.36.37:599][493]LogModuleManager: Shutting down and abandoning module SlateRHIRenderer (22)
[2025.10.12-17.36.37:600][493]LogModuleManager: Shutting down and abandoning module AnimGraphRuntime (20)
[2025.10.12-17.36.37:600][493]LogModuleManager: Shutting down and abandoning module Renderer (18)
[2025.10.12-17.36.37:600][493]LogModuleManager: Shutting down and abandoning module Engine (16)
[2025.10.12-17.36.37:600][493]LogModuleManager: Shutting down and abandoning module CoreUObject (14)
[2025.10.12-17.36.37:600][493]LogModuleManager: Shutting down and abandoning module NetworkFile (12)
[2025.10.12-17.36.37:600][493]LogModuleManager: Shutting down and abandoning module CookedIterativeFile (10)
[2025.10.12-17.36.37:600][493]LogModuleManager: Shutting down and abandoning module StreamingFile (8)
[2025.10.12-17.36.37:600][493]LogModuleManager: Shutting down and abandoning module SandboxFile (6)
[2025.10.12-17.36.37:600][493]LogModuleManager: Shutting down and abandoning module PakFile (4)
[2025.10.12-17.36.37:600][493]LogModuleManager: Shutting down and abandoning module RSA (3)
[2025.10.12-17.36.37:600][493]LogContentStreaming: Display: There are 1 unreleased StreamingManagers
[2025.10.12-17.36.37:623][493]LogD3D11RHI: Shutdown
[2025.10.12-17.36.37:623][493]LogD3D11RHI: CleanupD3DDevice
[2025.10.12-17.36.37:641][493]LogExit: Exiting.
[2025.10.12-17.36.37:650][493]Log file closed, 10/12/25 11:36:37
