Log file open, 10/21/25 19:00:02
LogWindows: Failed to load 'aqProf.dll' (GetLastError=126)
LogWindows: File 'aqProf.dll' does not exist
LogWindows: Failed to load 'VtuneApi.dll' (GetLastError=126)
LogWindows: File 'VtuneApi.dll' does not exist
LogWindows: Failed to load 'VtuneApi32e.dll' (GetLastError=126)
LogWindows: File 'VtuneApi32e.dll' does not exist
LogConsoleResponse: Display: Failed to find resolution value strings in scalability ini. Falling back to default.
LogConsoleResponse: Display: Failed to find resolution value strings in scalability ini. Falling back to default.
LogInit: Display: Running engine for game: TasteOfMadness
LogPlatformFile: Not using cached read wrapper
LogTaskGraph: Started task graph with 5 named threads and 47 total threads with 3 sets of task threads.
LogStats: Stats thread started at 0.199157
LogICUInternationalization: ICU TimeZone Detection - Raw Offset: -6:00, Platform Override: ''
LogInit: Display: Loading text-based GConfig....
LogPluginManager: Mounting plugin MeshPainting
LogPluginManager: Mounting plugin XGEController
LogPluginManager: Mounting plugin Paper2D
LogPluginManager: Mounting plugin AISupport
LogPluginManager: Mounting plugin EnvironmentQueryEditor
LogPluginManager: Mounting plugin LiveLink
LogPluginManager: Mounting plugin LightPropagationVolume
LogPluginManager: Mounting plugin CameraShakePreviewer
LogPluginManager: Mounting plugin GameplayCameras
LogPluginManager: Mounting plugin OodleData
LogPluginManager: Mounting plugin OodleNetwork
LogPluginManager: Mounting plugin AnimationSharing
LogPluginManager: Mounting plugin CLionSourceCodeAccess
LogPluginManager: Mounting plugin GitSourceControl
LogPluginManager: Mounting plugin KDevelopSourceCodeAccess
LogPluginManager: Mounting plugin CodeLiteSourceCodeAccess
LogPluginManager: Mounting plugin NullSourceCodeAccess
LogPluginManager: Mounting plugin PerforceSourceControl
LogPluginManager: Mounting plugin PixWinPlugin
LogPluginManager: Mounting plugin PlasticSourceControl
LogPluginManager: Mounting plugin PluginUtils
LogPluginManager: Mounting plugin RiderSourceCodeAccess
LogPluginManager: Mounting plugin SubversionSourceControl
LogPluginManager: Mounting plugin PropertyAccessNode
LogPluginManager: Mounting plugin TextureFormatOodle
LogPluginManager: Mounting plugin VisualStudioCodeSourceCodeAccess
LogPluginManager: Mounting plugin XCodeSourceCodeAccess
LogPluginManager: Mounting plugin UObjectPlugin
LogPluginManager: Mounting plugin DatasmithContent
LogPluginManager: Mounting plugin VisualStudioSourceCodeAccess
LogPluginManager: Mounting plugin VariantManagerContent
LogPluginManager: Mounting plugin Niagara
LogPluginManager: Mounting plugin AssetManagerEditor
LogPluginManager: Mounting plugin CryptoKeys
LogPluginManager: Mounting plugin DataValidation
LogPluginManager: Mounting plugin CurveEditorTools
LogPluginManager: Mounting plugin FacialAnimation
LogPluginManager: Mounting plugin GameplayTagsEditor
LogPluginManager: Mounting plugin GeometryMode
LogPluginManager: Mounting plugin MacGraphicsSwitching
LogPluginManager: Mounting plugin MaterialAnalyzer
LogPluginManager: Mounting plugin MobileLauncherProfileWizard
LogPluginManager: Mounting plugin PluginBrowser
LogPluginManager: Mounting plugin AlembicImporter
LogPluginManager: Mounting plugin AutomationUtils
LogPluginManager: Mounting plugin BackChannel
LogPluginManager: Mounting plugin ChaosCloth
LogPluginManager: Mounting plugin ChaosClothEditor
LogPluginManager: Mounting plugin ChaosEditor
LogPluginManager: Mounting plugin ChaosNiagara
LogPluginManager: Mounting plugin ChaosSolverPlugin
LogPluginManager: Mounting plugin SpeedTreeImporter
LogPluginManager: Mounting plugin CharacterAI
LogPluginManager: Mounting plugin GeometryCollectionPlugin
LogPluginManager: Mounting plugin GeometryProcessing
LogPluginManager: Mounting plugin GeometryCache
LogPluginManager: Mounting plugin MotoSynth
LogPluginManager: Mounting plugin OpenImageDenoise
LogPluginManager: Mounting plugin PlanarCut
LogPluginManager: Mounting plugin PlatformCrypto
LogPluginManager: Mounting plugin ProxyLODPlugin
LogPluginManager: Mounting plugin PythonScriptPlugin
LogPluginManager: Mounting plugin SkeletalReduction
LogPluginManager: Mounting plugin LuminPlatformFeatures
LogPluginManager: Mounting plugin MagicLeap
LogPluginManager: Mounting plugin MagicLeapLightEstimation
LogPluginManager: Mounting plugin MagicLeapMedia
LogPluginManager: Mounting plugin MagicLeapPassableWorld
LogPluginManager: Mounting plugin MLSDK
LogPluginManager: Mounting plugin AndroidMedia
LogPluginManager: Mounting plugin AvfMedia
LogPluginManager: Mounting plugin ImgMedia
LogPluginManager: Mounting plugin MediaPlayerEditor
LogPluginManager: Mounting plugin MediaCompositing
LogPluginManager: Mounting plugin WebMMedia
LogPluginManager: Mounting plugin WmfMedia
LogPluginManager: Mounting plugin TcpMessaging
LogPluginManager: Mounting plugin UdpMessaging
LogPluginManager: Mounting plugin LevelSequenceEditor
LogPluginManager: Mounting plugin MatineeToLevelSequence
LogPluginManager: Mounting plugin TemplateSequence
LogPluginManager: Mounting plugin OnlineSubsystem
LogPluginManager: Mounting plugin ActorSequence
LogPluginManager: Mounting plugin OnlineSubsystemNull
LogPluginManager: Mounting plugin LauncherChunkInstaller
LogPluginManager: Mounting plugin OnlineSubsystemUtils
LogPluginManager: Mounting plugin AndroidDeviceProfileSelector
LogPluginManager: Mounting plugin AndroidMoviePlayer
LogPluginManager: Mounting plugin AndroidPermission
LogPluginManager: Mounting plugin AppleImageUtils
LogPluginManager: Mounting plugin AppleMoviePlayer
LogPluginManager: Mounting plugin ArchVisCharacter
LogPluginManager: Mounting plugin AudioCapture
LogPluginManager: Mounting plugin ChunkDownloader
LogPluginManager: Mounting plugin CustomMeshComponent
LogPluginManager: Mounting plugin ExampleDeviceProfileSelector
LogPluginManager: Mounting plugin ActorLayerUtilities
LogPluginManager: Mounting plugin AudioSynesthesia
LogPluginManager: Mounting plugin EditableMesh
LogPluginManager: Mounting plugin GooglePAD
LogPluginManager: Mounting plugin CableComponent
LogPluginManager: Mounting plugin GoogleCloudMessaging
LogPluginManager: Mounting plugin LinuxDeviceProfileSelector
LogPluginManager: Mounting plugin LocationServicesBPLibrary
LogPluginManager: Mounting plugin MobilePatchingUtils
LogPluginManager: Mounting plugin IOSDeviceProfileSelector
LogPluginManager: Mounting plugin ScreenshotTools
LogPluginManager: Mounting plugin OpenXR
LogPluginManager: Mounting plugin OpenXREyeTracker
LogPluginManager: Mounting plugin OpenXRHandTracking
LogPluginManager: Mounting plugin PropertyAccessEditor
LogPluginManager: Mounting plugin PhysXVehicles
LogPluginManager: Mounting plugin SignificanceManager
LogPluginManager: Mounting plugin PostSplashScreen
LogPluginManager: Mounting plugin ProceduralMeshComponent
LogPluginManager: Mounting plugin SoundFields
LogPluginManager: Mounting plugin RuntimePhysXCooking
LogPluginManager: Mounting plugin WebMMoviePlayer
LogPluginManager: Mounting plugin Synthesis
LogPluginManager: Mounting plugin WindowsMoviePlayer
LogPluginManager: Mounting plugin AssetTags
LogPluginManager: Mounting plugin Takes
LogPluginManager: Mounting plugin ContentBrowserAssetDataSource
LogPluginManager: Mounting plugin ContentBrowserFileDataSource
LogPluginManager: Mounting plugin ContentBrowserClassDataSource
LogPluginManager: Mounting plugin OnlineSubsystemGooglePlay
LogPluginManager: Mounting plugin OnlineSubsystemIOS
LogPluginManager: Mounting plugin OculusVR
LogPluginManager: Mounting plugin SteamVR
PixWinPlugin: PIX capture plugin failed to initialize! Check that the process is launched from PIX.
LogInit: Using libcurl 7.55.1-DEV
LogInit:  - built for x86_64-pc-win32
LogInit:  - supports SSL with OpenSSL/1.1.1
LogInit:  - supports HTTP deflate (compression) using libz 1.2.8
LogInit:  - other features:
LogInit:      CURL_VERSION_SSL
LogInit:      CURL_VERSION_LIBZ
LogInit:      CURL_VERSION_IPV6
LogInit:      CURL_VERSION_ASYNCHDNS
LogInit:      CURL_VERSION_LARGEFILE
LogInit:      CURL_VERSION_IDN
LogInit:  CurlRequestOptions (configurable via config and command line):
LogInit:  - bVerifyPeer = true  - Libcurl will verify peer certificate
LogInit:  - bUseHttpProxy = false  - Libcurl will NOT use HTTP proxy
LogInit:  - bDontReuseConnections = false  - Libcurl will reuse connections
LogInit:  - MaxHostConnections = 16  - Libcurl will limit the number of connections to a host
LogInit:  - LocalHostAddr = Default
LogInit:  - BufferSize = 65536
LogOnline: OSS: Creating online subsystem instance for: NULL
LogInit: WinSock: version 1.1 (2.2), MaxSocks=32767, MaxUdp=65467
LogOnline: OSS: TryLoadSubsystemAndSetDefault: Loaded subsystem for module [NULL]
LogOculusPluginWrapper: OculusPlugin initialized successfully
LogHMD: Failed initializing OVRPlugin 1.59.0
LogInit: Build: ++UE4+Release-4.27-CL-18319896
LogInit: Engine Version: 4.27.2-18319896+++UE4+Release-4.27
LogInit: Compatible Engine Version: 4.27.0-17155196+++UE4+Release-4.27
LogInit: Net CL: 17155196
LogInit: OS: Windows 10 (Release 2009) (), CPU: 12th Gen Intel(R) Core(TM) i5-12500H, GPU: Intel(R) Iris(R) Xe Graphics
LogInit: Compiled (64-bit): Nov 30 2021 07:12:08
LogInit: Compiled with Visual C++: 19.24.28315.00
LogInit: Build Configuration: Development
LogInit: Branch Name: ++UE4+Release-4.27
LogInit: Command Line: 
LogInit: Base Directory: C:/Program Files/Epic Games/UE_4.27/Engine/Binaries/Win64/
LogInit: Allocator: TBB
LogInit: Installed Engine Build: 1
LogDevObjectVersion: Number of dev versions registered: 29
LogDevObjectVersion:   Dev-Blueprints (B0D832E4-1F89-4F0D-ACCF-7EB736FD4AA2): 10
LogDevObjectVersion:   Dev-Build (E1C64328-A22C-4D53-A36C-8E866417BD8C): 0
LogDevObjectVersion:   Dev-Core (375EC13C-06E4-48FB-B500-84F0262A717E): 4
LogDevObjectVersion:   Dev-Editor (E4B068ED-F494-42E9-A231-DA0B2E46BB41): 40
LogDevObjectVersion:   Dev-Framework (CFFC743F-43B0-4480-9391-14DF171D2073): 37
LogDevObjectVersion:   Dev-Mobile (B02B49B5-BB20-44E9-A304-32B752E40360): 3
LogDevObjectVersion:   Dev-Networking (A4E4105C-59A1-49B5-A7C5-40C4547EDFEE): 0
LogDevObjectVersion:   Dev-Online (39C831C9-5AE6-47DC-9A44-9C173E1C8E7C): 0
LogDevObjectVersion:   Dev-Physics (78F01B33-EBEA-4F98-B9B4-84EACCB95AA2): 14
LogDevObjectVersion:   Dev-Platform (6631380F-2D4D-43E0-8009-CF276956A95A): 0
LogDevObjectVersion:   Dev-Rendering (12F88B9F-8875-4AFC-A67C-D90C383ABD29): 45
LogDevObjectVersion:   Dev-Sequencer (7B5AE74C-D270-4C10-A958-57980B212A5A): 13
LogDevObjectVersion:   Dev-VR (D7296918-1DD6-4BDD-9DE2-64A83CC13884): 3
LogDevObjectVersion:   Dev-LoadTimes (C2A15278-BFE7-4AFE-6C17-90FF531DF755): 1
LogDevObjectVersion:   Private-Geometry (6EACA3D4-40EC-4CC1-B786-8BED09428FC5): 3
LogDevObjectVersion:   Dev-AnimPhys (29E575DD-E0A3-4627-9D10-D276232CDCEA): 17
LogDevObjectVersion:   Dev-Anim (AF43A65D-7FD3-4947-9873-3E8ED9C1BB05): 15
LogDevObjectVersion:   Dev-ReflectionCapture (6B266CEC-1EC7-4B8F-A30B-E4D90942FC07): 1
LogDevObjectVersion:   Dev-Automation (0DF73D61-A23F-47EA-B727-89E90C41499A): 1
LogDevObjectVersion:   FortniteMain (601D1886-AC64-4F84-AA16-D3DE0DEAC7D6): 47
LogDevObjectVersion:   FortniteRelease (E7086368-6B23-4C58-8439-1B7016265E91): 1
LogDevObjectVersion:   Dev-Enterprise (9DFFBCD6-494F-0158-E221-12823C92A888): 10
LogDevObjectVersion:   Dev-Niagara (F2AED0AC-9AFE-416F-8664-AA7FFA26D6FC): 1
LogDevObjectVersion:   Dev-Destruction (174F1F0B-B4C6-45A5-B13F-2EE8D0FB917D): 10
LogDevObjectVersion:   Dev-Physics-Ext (35F94A83-E258-406C-A318-09F59610247C): 41
LogDevObjectVersion:   Dev-PhysicsMaterial-Chaos (B68FC16E-8B1B-42E2-B453-215C058844FE): 1
LogDevObjectVersion:   Dev-CineCamera (B2E18506-4273-CFC2-A54E-F4BB758BBA07): 1
LogDevObjectVersion:   Dev-VirtualProduction (64F58936-FD1B-42BA-BA96-7289D5D0FA4E): 1
LogDevObjectVersion:   Dev-MediaFramework (6F0ED827-A609-4895-9C91-998D90180EA4): 2
LogInit: Presizing for max 25165824 objects, including 0 objects not considered by GC, pre-allocating 0 bytes for permanent pool.
LogConfig: Applying CVar settings from Section [/Script/Engine.StreamingSettings] File [C:/GitHub/TasteOfMadness/TasteOfMadness/Saved/Config/Windows/Engine.ini]
LogConfig: Setting CVar [[s.MinBulkDataSizeForAsyncLoading:131072]]
LogConfig: Setting CVar [[s.AsyncLoadingThreadEnabled:0]]
LogConfig: Setting CVar [[s.EventDrivenLoaderEnabled:1]]
LogConfig: Setting CVar [[s.WarnIfTimeLimitExceeded:0]]
LogConfig: Setting CVar [[s.TimeLimitExceededMultiplier:1.5]]
LogConfig: Setting CVar [[s.TimeLimitExceededMinTime:0.005]]
LogConfig: Setting CVar [[s.UseBackgroundLevelStreaming:1]]
LogConfig: Setting CVar [[s.PriorityAsyncLoadingExtraTime:15.0]]
LogConfig: Setting CVar [[s.LevelStreamingActorsUpdateTimeLimit:5.0]]
LogConfig: Setting CVar [[s.PriorityLevelStreamingActorsUpdateExtraTime:5.0]]
LogConfig: Setting CVar [[s.LevelStreamingComponentsRegistrationGranularity:10]]
LogConfig: Setting CVar [[s.UnregisterComponentsTimeLimit:1.0]]
LogConfig: Setting CVar [[s.LevelStreamingComponentsUnregistrationGranularity:5]]
LogConfig: Setting CVar [[s.FlushStreamingOnExit:1]]
LogInit: Object subsystem initialized
LogConfig: Setting CVar [[con.DebugEarlyDefault:1]]
LogConfig: Setting CVar [[r.setres:1280x720]]
[2025.10.22-01.00.03:363][  0]LogConfig: Setting CVar [[r.VSync:0]]
[2025.10.22-01.00.03:363][  0]LogConfig: Setting CVar [[r.RHICmdBypass:0]]
[2025.10.22-01.00.03:363][  0]LogConfig: Applying CVar settings from Section [/Script/Engine.RendererSettings] File [C:/GitHub/TasteOfMadness/TasteOfMadness/Saved/Config/Windows/Engine.ini]
[2025.10.22-01.00.03:363][  0]LogConfig: Setting CVar [[r.GPUCrashDebugging:0]]
[2025.10.22-01.00.03:363][  0]LogConfig: Applying CVar settings from Section [/Script/Engine.RendererOverrideSettings] File [C:/GitHub/TasteOfMadness/TasteOfMadness/Saved/Config/Windows/Engine.ini]
[2025.10.22-01.00.03:363][  0]LogConfig: Applying CVar settings from Section [/Script/Engine.StreamingSettings] File [C:/GitHub/TasteOfMadness/TasteOfMadness/Saved/Config/Windows/Engine.ini]
[2025.10.22-01.00.03:363][  0]LogConfig: Setting CVar [[s.MinBulkDataSizeForAsyncLoading:131072]]
[2025.10.22-01.00.03:363][  0]LogConfig: Setting CVar [[s.AsyncLoadingThreadEnabled:0]]
[2025.10.22-01.00.03:363][  0]LogConfig: Setting CVar [[s.EventDrivenLoaderEnabled:1]]
[2025.10.22-01.00.03:363][  0]LogConfig: Setting CVar [[s.WarnIfTimeLimitExceeded:0]]
[2025.10.22-01.00.03:363][  0]LogConfig: Setting CVar [[s.TimeLimitExceededMultiplier:1.5]]
[2025.10.22-01.00.03:363][  0]LogConfig: Setting CVar [[s.TimeLimitExceededMinTime:0.005]]
[2025.10.22-01.00.03:363][  0]LogConfig: Setting CVar [[s.UseBackgroundLevelStreaming:1]]
[2025.10.22-01.00.03:363][  0]LogConfig: Setting CVar [[s.PriorityAsyncLoadingExtraTime:15.0]]
[2025.10.22-01.00.03:363][  0]LogConfig: Setting CVar [[s.LevelStreamingActorsUpdateTimeLimit:5.0]]
[2025.10.22-01.00.03:363][  0]LogConfig: Setting CVar [[s.PriorityLevelStreamingActorsUpdateExtraTime:5.0]]
[2025.10.22-01.00.03:363][  0]LogConfig: Setting CVar [[s.LevelStreamingComponentsRegistrationGranularity:10]]
[2025.10.22-01.00.03:363][  0]LogConfig: Setting CVar [[s.UnregisterComponentsTimeLimit:1.0]]
[2025.10.22-01.00.03:363][  0]LogConfig: Setting CVar [[s.LevelStreamingComponentsUnregistrationGranularity:5]]
[2025.10.22-01.00.03:363][  0]LogConfig: Setting CVar [[s.FlushStreamingOnExit:1]]
[2025.10.22-01.00.03:363][  0]LogConfig: Applying CVar settings from Section [/Script/Engine.GarbageCollectionSettings] File [C:/GitHub/TasteOfMadness/TasteOfMadness/Saved/Config/Windows/Engine.ini]
[2025.10.22-01.00.03:363][  0]LogConfig: Setting CVar [[gc.MaxObjectsNotConsideredByGC:1]]
[2025.10.22-01.00.03:363][  0]LogConfig: Setting CVar [[gc.SizeOfPermanentObjectPool:0]]
[2025.10.22-01.00.03:363][  0]LogConfig: Setting CVar [[gc.FlushStreamingOnGC:0]]
[2025.10.22-01.00.03:363][  0]LogConfig: Setting CVar [[gc.NumRetriesBeforeForcingGC:10]]
[2025.10.22-01.00.03:363][  0]LogConfig: Setting CVar [[gc.AllowParallelGC:1]]
[2025.10.22-01.00.03:363][  0]LogConfig: Setting CVar [[gc.TimeBetweenPurgingPendingKillObjects:61.1]]
[2025.10.22-01.00.03:363][  0]LogConfig: Setting CVar [[gc.MaxObjectsInEditor:25165824]]
[2025.10.22-01.00.03:363][  0]LogConfig: Setting CVar [[gc.IncrementalBeginDestroyEnabled:1]]
[2025.10.22-01.00.03:363][  0]LogConfig: Setting CVar [[gc.CreateGCClusters:1]]
[2025.10.22-01.00.03:363][  0]LogConfig: Setting CVar [[gc.MinGCClusterSize:5]]
[2025.10.22-01.00.03:363][  0]LogConfig: Setting CVar [[gc.ActorClusteringEnabled:0]]
[2025.10.22-01.00.03:363][  0]LogConfig: Setting CVar [[gc.BlueprintClusteringEnabled:0]]
[2025.10.22-01.00.03:363][  0]LogConfig: Setting CVar [[gc.UseDisregardForGCOnDedicatedServers:0]]
[2025.10.22-01.00.03:363][  0]LogConfig: Setting CVar [[gc.MultithreadedDestructionEnabled:1]]
[2025.10.22-01.00.03:363][  0]LogConfig: Applying CVar settings from Section [/Script/Engine.NetworkSettings] File [C:/GitHub/TasteOfMadness/TasteOfMadness/Saved/Config/Windows/Engine.ini]
[2025.10.22-01.00.03:363][  0]LogConfig: Applying CVar settings from Section [/Script/UnrealEd.CookerSettings] File [C:/GitHub/TasteOfMadness/TasteOfMadness/Saved/Config/Windows/Engine.ini]
[2025.10.22-01.00.03:368][  0]LogConfig: Applying CVar settings from Section [ViewDistanceQuality@3] File [C:/GitHub/TasteOfMadness/TasteOfMadness/Saved/Config/Windows/Scalability.ini]
[2025.10.22-01.00.03:368][  0]LogConfig: Setting CVar [[r.SkeletalMeshLODBias:0]]
[2025.10.22-01.00.03:368][  0]LogConfig: Setting CVar [[r.ViewDistanceScale:1.0]]
[2025.10.22-01.00.03:368][  0]LogConfig: Applying CVar settings from Section [AntiAliasingQuality@3] File [C:/GitHub/TasteOfMadness/TasteOfMadness/Saved/Config/Windows/Scalability.ini]
[2025.10.22-01.00.03:368][  0]LogConfig: Setting CVar [[r.PostProcessAAQuality:4]]
[2025.10.22-01.00.03:368][  0]LogConfig: Applying CVar settings from Section [ShadowQuality@3] File [C:/GitHub/TasteOfMadness/TasteOfMadness/Saved/Config/Windows/Scalability.ini]
[2025.10.22-01.00.03:368][  0]LogConfig: Setting CVar [[r.LightFunctionQuality:1]]
[2025.10.22-01.00.03:368][  0]LogConfig: Setting CVar [[r.ShadowQuality:5]]
[2025.10.22-01.00.03:368][  0]LogConfig: Setting CVar [[r.Shadow.CSM.MaxCascades:10]]
[2025.10.22-01.00.03:368][  0]LogConfig: Setting CVar [[r.Shadow.MaxResolution:2048]]
[2025.10.22-01.00.03:368][  0]LogConfig: Setting CVar [[r.Shadow.MaxCSMResolution:2048]]
[2025.10.22-01.00.03:368][  0]LogConfig: Setting CVar [[r.Shadow.RadiusThreshold:0.01]]
[2025.10.22-01.00.03:368][  0]LogConfig: Setting CVar [[r.Shadow.DistanceScale:1.0]]
[2025.10.22-01.00.03:368][  0]LogConfig: Setting CVar [[r.Shadow.CSM.TransitionScale:1.0]]
[2025.10.22-01.00.03:368][  0]LogConfig: Setting CVar [[r.Shadow.PreShadowResolutionFactor:1.0]]
[2025.10.22-01.00.03:368][  0]LogConfig: Setting CVar [[r.DistanceFieldShadowing:1]]
[2025.10.22-01.00.03:368][  0]LogConfig: Setting CVar [[r.DistanceFieldAO:1]]
[2025.10.22-01.00.03:368][  0]LogConfig: Setting CVar [[r.AOQuality:2]]
[2025.10.22-01.00.03:368][  0]LogConfig: Setting CVar [[r.VolumetricFog:1]]
[2025.10.22-01.00.03:368][  0]LogConfig: Setting CVar [[r.VolumetricFog.GridPixelSize:8]]
[2025.10.22-01.00.03:368][  0]LogConfig: Setting CVar [[r.VolumetricFog.GridSizeZ:128]]
[2025.10.22-01.00.03:368][  0]LogConfig: Setting CVar [[r.VolumetricFog.HistoryMissSupersampleCount:4]]
[2025.10.22-01.00.03:368][  0]LogConfig: Setting CVar [[r.LightMaxDrawDistanceScale:1]]
[2025.10.22-01.00.03:368][  0]LogConfig: Setting CVar [[r.CapsuleShadows:1]]
[2025.10.22-01.00.03:368][  0]LogConfig: Applying CVar settings from Section [PostProcessQuality@3] File [C:/GitHub/TasteOfMadness/TasteOfMadness/Saved/Config/Windows/Scalability.ini]
[2025.10.22-01.00.03:368][  0]LogConfig: Setting CVar [[r.MotionBlurQuality:4]]
[2025.10.22-01.00.03:368][  0]LogConfig: Setting CVar [[r.AmbientOcclusionMipLevelFactor:0.4]]
[2025.10.22-01.00.03:368][  0]LogConfig: Setting CVar [[r.AmbientOcclusionMaxQuality:100]]
[2025.10.22-01.00.03:368][  0]LogConfig: Setting CVar [[r.AmbientOcclusionLevels:-1]]
[2025.10.22-01.00.03:368][  0]LogConfig: Setting CVar [[r.AmbientOcclusionRadiusScale:1.0]]
[2025.10.22-01.00.03:368][  0]LogConfig: Setting CVar [[r.DepthOfFieldQuality:2]]
[2025.10.22-01.00.03:368][  0]LogConfig: Setting CVar [[r.RenderTargetPoolMin:400]]
[2025.10.22-01.00.03:368][  0]LogConfig: Setting CVar [[r.LensFlareQuality:2]]
[2025.10.22-01.00.03:368][  0]LogConfig: Setting CVar [[r.SceneColorFringeQuality:1]]
[2025.10.22-01.00.03:368][  0]LogConfig: Setting CVar [[r.EyeAdaptationQuality:2]]
[2025.10.22-01.00.03:368][  0]LogConfig: Setting CVar [[r.BloomQuality:5]]
[2025.10.22-01.00.03:368][  0]LogConfig: Setting CVar [[r.FastBlurThreshold:100]]
[2025.10.22-01.00.03:368][  0]LogConfig: Setting CVar [[r.Upscale.Quality:3]]
[2025.10.22-01.00.03:368][  0]LogConfig: Setting CVar [[r.Tonemapper.GrainQuantization:1]]
[2025.10.22-01.00.03:368][  0]LogConfig: Setting CVar [[r.LightShaftQuality:1]]
[2025.10.22-01.00.03:368][  0]LogConfig: Setting CVar [[r.Filter.SizeScale:1]]
[2025.10.22-01.00.03:368][  0]LogConfig: Setting CVar [[r.Tonemapper.Quality:5]]
[2025.10.22-01.00.03:368][  0]LogConfig: Setting CVar [[r.DOF.Gather.AccumulatorQuality:1        ; higher gathering accumulator quality]]
[2025.10.22-01.00.03:368][  0]LogConfig: Setting CVar [[r.DOF.Gather.PostfilterMethod:1          ; Median3x3 postfilering method]]
[2025.10.22-01.00.03:368][  0]LogConfig: Setting CVar [[r.DOF.Gather.EnableBokehSettings:0       ; no bokeh simulation when gathering]]
[2025.10.22-01.00.03:368][  0]LogConfig: Setting CVar [[r.DOF.Gather.RingCount:4                 ; medium number of samples when gathering]]
[2025.10.22-01.00.03:368][  0]LogConfig: Setting CVar [[r.DOF.Scatter.ForegroundCompositing:1    ; additive foreground scattering]]
[2025.10.22-01.00.03:368][  0]LogConfig: Setting CVar [[r.DOF.Scatter.BackgroundCompositing:2    ; additive background scattering]]
[2025.10.22-01.00.03:368][  0]LogConfig: Setting CVar [[r.DOF.Scatter.EnableBokehSettings:1      ; bokeh simulation when scattering]]
[2025.10.22-01.00.03:369][  0]LogConfig: Setting CVar [[r.DOF.Scatter.MaxSpriteRatio:0.1         ; only a maximum of 10% of scattered bokeh]]
[2025.10.22-01.00.03:369][  0]LogConfig: Setting CVar [[r.DOF.Recombine.Quality:1                ; cheap slight out of focus]]
[2025.10.22-01.00.03:369][  0]LogConfig: Setting CVar [[r.DOF.Recombine.EnableBokehSettings:0    ; no bokeh simulation on slight out of focus]]
[2025.10.22-01.00.03:369][  0]LogConfig: Setting CVar [[r.DOF.TemporalAAQuality:1                ; more stable temporal accumulation]]
[2025.10.22-01.00.03:369][  0]LogConfig: Setting CVar [[r.DOF.Kernel.MaxForegroundRadius:0.025]]
[2025.10.22-01.00.03:369][  0]LogConfig: Setting CVar [[r.DOF.Kernel.MaxBackgroundRadius:0.025]]
[2025.10.22-01.00.03:369][  0]LogConfig: Applying CVar settings from Section [TextureQuality@3] File [C:/GitHub/TasteOfMadness/TasteOfMadness/Saved/Config/Windows/Scalability.ini]
[2025.10.22-01.00.03:369][  0]LogConfig: Setting CVar [[r.Streaming.MipBias:0]]
[2025.10.22-01.00.03:369][  0]LogConfig: Setting CVar [[r.Streaming.AmortizeCPUToGPUCopy:0]]
[2025.10.22-01.00.03:369][  0]LogConfig: Setting CVar [[r.Streaming.MaxNumTexturesToStreamPerFrame:0]]
[2025.10.22-01.00.03:369][  0]LogConfig: Setting CVar [[r.Streaming.Boost:1]]
[2025.10.22-01.00.03:369][  0]LogConfig: Setting CVar [[r.MaxAnisotropy:8]]
[2025.10.22-01.00.03:369][  0]LogConfig: Setting CVar [[r.VT.MaxAnisotropy:8]]
[2025.10.22-01.00.03:369][  0]LogConfig: Setting CVar [[r.Streaming.LimitPoolSizeToVRAM:0]]
[2025.10.22-01.00.03:369][  0]LogConfig: Setting CVar [[r.Streaming.PoolSize:1000]]
[2025.10.22-01.00.03:369][  0]LogConfig: Setting CVar [[r.Streaming.MaxEffectiveScreenSize:0]]
[2025.10.22-01.00.03:369][  0]LogConfig: Applying CVar settings from Section [EffectsQuality@3] File [C:/GitHub/TasteOfMadness/TasteOfMadness/Saved/Config/Windows/Scalability.ini]
[2025.10.22-01.00.03:369][  0]LogConfig: Setting CVar [[r.TranslucencyLightingVolumeDim:64]]
[2025.10.22-01.00.03:369][  0]LogConfig: Setting CVar [[r.RefractionQuality:2]]
[2025.10.22-01.00.03:369][  0]LogConfig: Setting CVar [[r.SSR.Quality:3]]
[2025.10.22-01.00.03:369][  0]LogConfig: Setting CVar [[r.SSR.HalfResSceneColor:0]]
[2025.10.22-01.00.03:369][  0]LogConfig: Setting CVar [[r.SceneColorFormat:4]]
[2025.10.22-01.00.03:369][  0]LogConfig: Setting CVar [[r.DetailMode:2]]
[2025.10.22-01.00.03:369][  0]LogConfig: Setting CVar [[r.TranslucencyVolumeBlur:1]]
[2025.10.22-01.00.03:369][  0]LogConfig: Setting CVar [[r.MaterialQualityLevel:1 ; High quality]]
[2025.10.22-01.00.03:369][  0]LogConfig: Setting CVar [[r.AnisotropicMaterials:1]]
[2025.10.22-01.00.03:369][  0]LogConfig: Setting CVar [[r.SSS.Scale:1]]
[2025.10.22-01.00.03:369][  0]LogConfig: Setting CVar [[r.SSS.SampleSet:2]]
[2025.10.22-01.00.03:369][  0]LogConfig: Setting CVar [[r.SSS.Quality:1]]
[2025.10.22-01.00.03:369][  0]LogConfig: Setting CVar [[r.SSS.HalfRes:0]]
[2025.10.22-01.00.03:369][  0]LogConfig: Setting CVar [[r.SSGI.Quality:3]]
[2025.10.22-01.00.03:369][  0]LogConfig: Setting CVar [[r.EmitterSpawnRateScale:1.0]]
[2025.10.22-01.00.03:369][  0]LogConfig: Setting CVar [[r.ParticleLightQuality:2]]
[2025.10.22-01.00.03:369][  0]LogConfig: Setting CVar [[r.SkyAtmosphere.AerialPerspectiveLUT.FastApplyOnOpaque:1 ; Always have FastSkyLUT 1 in this case to avoid wrong sky]]
[2025.10.22-01.00.03:369][  0]LogConfig: Setting CVar [[r.SkyAtmosphere.AerialPerspectiveLUT.SampleCountMaxPerSlice:4]]
[2025.10.22-01.00.03:369][  0]LogConfig: Setting CVar [[r.SkyAtmosphere.AerialPerspectiveLUT.DepthResolution:16.0]]
[2025.10.22-01.00.03:369][  0]LogConfig: Setting CVar [[r.SkyAtmosphere.FastSkyLUT:1]]
[2025.10.22-01.00.03:369][  0]LogConfig: Setting CVar [[r.SkyAtmosphere.FastSkyLUT.SampleCountMin:4.0]]
[2025.10.22-01.00.03:369][  0]LogConfig: Setting CVar [[r.SkyAtmosphere.FastSkyLUT.SampleCountMax:128.0]]
[2025.10.22-01.00.03:369][  0]LogConfig: Setting CVar [[r.SkyAtmosphere.SampleCountMin:4.0]]
[2025.10.22-01.00.03:369][  0]LogConfig: Setting CVar [[r.SkyAtmosphere.SampleCountMax:128.0]]
[2025.10.22-01.00.03:369][  0]LogConfig: Setting CVar [[r.SkyAtmosphere.TransmittanceLUT.UseSmallFormat:0]]
[2025.10.22-01.00.03:369][  0]LogConfig: Setting CVar [[r.SkyAtmosphere.TransmittanceLUT.SampleCount:10.0]]
[2025.10.22-01.00.03:369][  0]LogConfig: Setting CVar [[r.SkyAtmosphere.MultiScatteringLUT.SampleCount:15.0]]
[2025.10.22-01.00.03:369][  0]LogConfig: Setting CVar [[r.SkyLight.RealTimeReflectionCapture:1]]
[2025.10.22-01.00.03:369][  0]LogConfig: Applying CVar settings from Section [FoliageQuality@3] File [C:/GitHub/TasteOfMadness/TasteOfMadness/Saved/Config/Windows/Scalability.ini]
[2025.10.22-01.00.03:369][  0]LogConfig: Setting CVar [[foliage.DensityScale:1.0]]
[2025.10.22-01.00.03:369][  0]LogConfig: Setting CVar [[grass.DensityScale:1.0]]
[2025.10.22-01.00.03:369][  0]LogConfig: Applying CVar settings from Section [ShadingQuality@3] File [C:/GitHub/TasteOfMadness/TasteOfMadness/Saved/Config/Windows/Scalability.ini]
[2025.10.22-01.00.03:369][  0]LogConfig: Setting CVar [[r.HairStrands.SkyLighting.IntegrationType:2]]
[2025.10.22-01.00.03:369][  0]LogConfig: Setting CVar [[r.HairStrands.SkyAO.SampleCount:4]]
[2025.10.22-01.00.03:369][  0]LogConfig: Setting CVar [[r.HairStrands.Visibility.MSAA.SamplePerPixel:4]]
[2025.10.22-01.00.03:369][  0]LogInit: Selected Device Profile: [Windows]
[2025.10.22-01.00.03:369][  0]LogInit: Applying CVar settings loaded from the selected device profile: [Windows]
[2025.10.22-01.00.03:369][  0]LogHAL: Display: Platform has ~ 16 GB [16782307328 / 17179869184 / 16], which maps to Larger [LargestMinGB=32, LargerMinGB=12, DefaultMinGB=8, SmallerMinGB=6, SmallestMinGB=0)
[2025.10.22-01.00.03:369][  0]LogInit: Going up to parent DeviceProfile []
[2025.10.22-01.00.03:369][  0]LogConfig: Applying CVar settings from Section [ViewDistanceQuality@3] File [C:/GitHub/TasteOfMadness/TasteOfMadness/Saved/Config/Windows/Scalability.ini]
[2025.10.22-01.00.03:369][  0]LogConfig: Setting CVar [[r.SkeletalMeshLODBias:0]]
[2025.10.22-01.00.03:369][  0]LogConfig: Setting CVar [[r.ViewDistanceScale:1.0]]
[2025.10.22-01.00.03:369][  0]LogConfig: Applying CVar settings from Section [AntiAliasingQuality@3] File [C:/GitHub/TasteOfMadness/TasteOfMadness/Saved/Config/Windows/Scalability.ini]
[2025.10.22-01.00.03:369][  0]LogConfig: Setting CVar [[r.PostProcessAAQuality:4]]
[2025.10.22-01.00.03:369][  0]LogConfig: Applying CVar settings from Section [ShadowQuality@3] File [C:/GitHub/TasteOfMadness/TasteOfMadness/Saved/Config/Windows/Scalability.ini]
[2025.10.22-01.00.03:369][  0]LogConfig: Setting CVar [[r.LightFunctionQuality:1]]
[2025.10.22-01.00.03:369][  0]LogConfig: Setting CVar [[r.ShadowQuality:5]]
[2025.10.22-01.00.03:369][  0]LogConfig: Setting CVar [[r.Shadow.CSM.MaxCascades:10]]
[2025.10.22-01.00.03:369][  0]LogConfig: Setting CVar [[r.Shadow.MaxResolution:2048]]
[2025.10.22-01.00.03:369][  0]LogConfig: Setting CVar [[r.Shadow.MaxCSMResolution:2048]]
[2025.10.22-01.00.03:369][  0]LogConfig: Setting CVar [[r.Shadow.RadiusThreshold:0.01]]
[2025.10.22-01.00.03:369][  0]LogConfig: Setting CVar [[r.Shadow.DistanceScale:1.0]]
[2025.10.22-01.00.03:369][  0]LogConfig: Setting CVar [[r.Shadow.CSM.TransitionScale:1.0]]
[2025.10.22-01.00.03:369][  0]LogConfig: Setting CVar [[r.Shadow.PreShadowResolutionFactor:1.0]]
[2025.10.22-01.00.03:369][  0]LogConfig: Setting CVar [[r.DistanceFieldShadowing:1]]
[2025.10.22-01.00.03:369][  0]LogConfig: Setting CVar [[r.DistanceFieldAO:1]]
[2025.10.22-01.00.03:369][  0]LogConfig: Setting CVar [[r.AOQuality:2]]
[2025.10.22-01.00.03:369][  0]LogConfig: Setting CVar [[r.VolumetricFog:1]]
[2025.10.22-01.00.03:369][  0]LogConfig: Setting CVar [[r.VolumetricFog.GridPixelSize:8]]
[2025.10.22-01.00.03:369][  0]LogConfig: Setting CVar [[r.VolumetricFog.GridSizeZ:128]]
[2025.10.22-01.00.03:369][  0]LogConfig: Setting CVar [[r.VolumetricFog.HistoryMissSupersampleCount:4]]
[2025.10.22-01.00.03:369][  0]LogConfig: Setting CVar [[r.LightMaxDrawDistanceScale:1]]
[2025.10.22-01.00.03:369][  0]LogConfig: Setting CVar [[r.CapsuleShadows:1]]
[2025.10.22-01.00.03:369][  0]LogConfig: Applying CVar settings from Section [PostProcessQuality@3] File [C:/GitHub/TasteOfMadness/TasteOfMadness/Saved/Config/Windows/Scalability.ini]
[2025.10.22-01.00.03:369][  0]LogConfig: Setting CVar [[r.MotionBlurQuality:4]]
[2025.10.22-01.00.03:369][  0]LogConfig: Setting CVar [[r.AmbientOcclusionMipLevelFactor:0.4]]
[2025.10.22-01.00.03:369][  0]LogConfig: Setting CVar [[r.AmbientOcclusionMaxQuality:100]]
[2025.10.22-01.00.03:369][  0]LogConfig: Setting CVar [[r.AmbientOcclusionLevels:-1]]
[2025.10.22-01.00.03:369][  0]LogConfig: Setting CVar [[r.AmbientOcclusionRadiusScale:1.0]]
[2025.10.22-01.00.03:369][  0]LogConfig: Setting CVar [[r.DepthOfFieldQuality:2]]
[2025.10.22-01.00.03:369][  0]LogConfig: Setting CVar [[r.RenderTargetPoolMin:400]]
[2025.10.22-01.00.03:369][  0]LogConfig: Setting CVar [[r.LensFlareQuality:2]]
[2025.10.22-01.00.03:369][  0]LogConfig: Setting CVar [[r.SceneColorFringeQuality:1]]
[2025.10.22-01.00.03:369][  0]LogConfig: Setting CVar [[r.EyeAdaptationQuality:2]]
[2025.10.22-01.00.03:369][  0]LogConfig: Setting CVar [[r.BloomQuality:5]]
[2025.10.22-01.00.03:369][  0]LogConfig: Setting CVar [[r.FastBlurThreshold:100]]
[2025.10.22-01.00.03:369][  0]LogConfig: Setting CVar [[r.Upscale.Quality:3]]
[2025.10.22-01.00.03:369][  0]LogConfig: Setting CVar [[r.Tonemapper.GrainQuantization:1]]
[2025.10.22-01.00.03:369][  0]LogConfig: Setting CVar [[r.LightShaftQuality:1]]
[2025.10.22-01.00.03:369][  0]LogConfig: Setting CVar [[r.Filter.SizeScale:1]]
[2025.10.22-01.00.03:369][  0]LogConfig: Setting CVar [[r.Tonemapper.Quality:5]]
[2025.10.22-01.00.03:369][  0]LogConfig: Setting CVar [[r.DOF.Gather.AccumulatorQuality:1        ; higher gathering accumulator quality]]
[2025.10.22-01.00.03:369][  0]LogConfig: Setting CVar [[r.DOF.Gather.PostfilterMethod:1          ; Median3x3 postfilering method]]
[2025.10.22-01.00.03:369][  0]LogConfig: Setting CVar [[r.DOF.Gather.EnableBokehSettings:0       ; no bokeh simulation when gathering]]
[2025.10.22-01.00.03:369][  0]LogConfig: Setting CVar [[r.DOF.Gather.RingCount:4                 ; medium number of samples when gathering]]
[2025.10.22-01.00.03:369][  0]LogConfig: Setting CVar [[r.DOF.Scatter.ForegroundCompositing:1    ; additive foreground scattering]]
[2025.10.22-01.00.03:369][  0]LogConfig: Setting CVar [[r.DOF.Scatter.BackgroundCompositing:2    ; additive background scattering]]
[2025.10.22-01.00.03:369][  0]LogConfig: Setting CVar [[r.DOF.Scatter.EnableBokehSettings:1      ; bokeh simulation when scattering]]
[2025.10.22-01.00.03:369][  0]LogConfig: Setting CVar [[r.DOF.Scatter.MaxSpriteRatio:0.1         ; only a maximum of 10% of scattered bokeh]]
[2025.10.22-01.00.03:369][  0]LogConfig: Setting CVar [[r.DOF.Recombine.Quality:1                ; cheap slight out of focus]]
[2025.10.22-01.00.03:369][  0]LogConfig: Setting CVar [[r.DOF.Recombine.EnableBokehSettings:0    ; no bokeh simulation on slight out of focus]]
[2025.10.22-01.00.03:369][  0]LogConfig: Setting CVar [[r.DOF.TemporalAAQuality:1                ; more stable temporal accumulation]]
[2025.10.22-01.00.03:369][  0]LogConfig: Setting CVar [[r.DOF.Kernel.MaxForegroundRadius:0.025]]
[2025.10.22-01.00.03:369][  0]LogConfig: Setting CVar [[r.DOF.Kernel.MaxBackgroundRadius:0.025]]
[2025.10.22-01.00.03:369][  0]LogConfig: Applying CVar settings from Section [TextureQuality@3] File [C:/GitHub/TasteOfMadness/TasteOfMadness/Saved/Config/Windows/Scalability.ini]
[2025.10.22-01.00.03:369][  0]LogConfig: Setting CVar [[r.Streaming.MipBias:0]]
[2025.10.22-01.00.03:369][  0]LogConfig: Setting CVar [[r.Streaming.AmortizeCPUToGPUCopy:0]]
[2025.10.22-01.00.03:369][  0]LogConfig: Setting CVar [[r.Streaming.MaxNumTexturesToStreamPerFrame:0]]
[2025.10.22-01.00.03:369][  0]LogConfig: Setting CVar [[r.Streaming.Boost:1]]
[2025.10.22-01.00.03:369][  0]LogConfig: Setting CVar [[r.MaxAnisotropy:8]]
[2025.10.22-01.00.03:369][  0]LogConfig: Setting CVar [[r.VT.MaxAnisotropy:8]]
[2025.10.22-01.00.03:369][  0]LogConfig: Setting CVar [[r.Streaming.LimitPoolSizeToVRAM:0]]
[2025.10.22-01.00.03:369][  0]LogConfig: Setting CVar [[r.Streaming.PoolSize:1000]]
[2025.10.22-01.00.03:369][  0]LogConfig: Setting CVar [[r.Streaming.MaxEffectiveScreenSize:0]]
[2025.10.22-01.00.03:369][  0]LogConfig: Applying CVar settings from Section [EffectsQuality@3] File [C:/GitHub/TasteOfMadness/TasteOfMadness/Saved/Config/Windows/Scalability.ini]
[2025.10.22-01.00.03:369][  0]LogConfig: Setting CVar [[r.TranslucencyLightingVolumeDim:64]]
[2025.10.22-01.00.03:369][  0]LogConfig: Setting CVar [[r.RefractionQuality:2]]
[2025.10.22-01.00.03:369][  0]LogConfig: Setting CVar [[r.SSR.Quality:3]]
[2025.10.22-01.00.03:369][  0]LogConfig: Setting CVar [[r.SSR.HalfResSceneColor:0]]
[2025.10.22-01.00.03:369][  0]LogConfig: Setting CVar [[r.SceneColorFormat:4]]
[2025.10.22-01.00.03:369][  0]LogConfig: Setting CVar [[r.DetailMode:2]]
[2025.10.22-01.00.03:369][  0]LogConfig: Setting CVar [[r.TranslucencyVolumeBlur:1]]
[2025.10.22-01.00.03:369][  0]LogConfig: Setting CVar [[r.MaterialQualityLevel:1 ; High quality]]
[2025.10.22-01.00.03:369][  0]LogConfig: Setting CVar [[r.AnisotropicMaterials:1]]
[2025.10.22-01.00.03:369][  0]LogConfig: Setting CVar [[r.SSS.Scale:1]]
[2025.10.22-01.00.03:369][  0]LogConfig: Setting CVar [[r.SSS.SampleSet:2]]
[2025.10.22-01.00.03:369][  0]LogConfig: Setting CVar [[r.SSS.Quality:1]]
[2025.10.22-01.00.03:369][  0]LogConfig: Setting CVar [[r.SSS.HalfRes:0]]
[2025.10.22-01.00.03:369][  0]LogConfig: Setting CVar [[r.SSGI.Quality:3]]
[2025.10.22-01.00.03:369][  0]LogConfig: Setting CVar [[r.EmitterSpawnRateScale:1.0]]
[2025.10.22-01.00.03:369][  0]LogConfig: Setting CVar [[r.ParticleLightQuality:2]]
[2025.10.22-01.00.03:369][  0]LogConfig: Setting CVar [[r.SkyAtmosphere.AerialPerspectiveLUT.FastApplyOnOpaque:1 ; Always have FastSkyLUT 1 in this case to avoid wrong sky]]
[2025.10.22-01.00.03:369][  0]LogConfig: Setting CVar [[r.SkyAtmosphere.AerialPerspectiveLUT.SampleCountMaxPerSlice:4]]
[2025.10.22-01.00.03:369][  0]LogConfig: Setting CVar [[r.SkyAtmosphere.AerialPerspectiveLUT.DepthResolution:16.0]]
[2025.10.22-01.00.03:370][  0]LogConfig: Setting CVar [[r.SkyAtmosphere.FastSkyLUT:1]]
[2025.10.22-01.00.03:370][  0]LogConfig: Setting CVar [[r.SkyAtmosphere.FastSkyLUT.SampleCountMin:4.0]]
[2025.10.22-01.00.03:370][  0]LogConfig: Setting CVar [[r.SkyAtmosphere.FastSkyLUT.SampleCountMax:128.0]]
[2025.10.22-01.00.03:370][  0]LogConfig: Setting CVar [[r.SkyAtmosphere.SampleCountMin:4.0]]
[2025.10.22-01.00.03:370][  0]LogConfig: Setting CVar [[r.SkyAtmosphere.SampleCountMax:128.0]]
[2025.10.22-01.00.03:370][  0]LogConfig: Setting CVar [[r.SkyAtmosphere.TransmittanceLUT.UseSmallFormat:0]]
[2025.10.22-01.00.03:370][  0]LogConfig: Setting CVar [[r.SkyAtmosphere.TransmittanceLUT.SampleCount:10.0]]
[2025.10.22-01.00.03:370][  0]LogConfig: Setting CVar [[r.SkyAtmosphere.MultiScatteringLUT.SampleCount:15.0]]
[2025.10.22-01.00.03:370][  0]LogConfig: Setting CVar [[r.SkyLight.RealTimeReflectionCapture:1]]
[2025.10.22-01.00.03:370][  0]LogConfig: Applying CVar settings from Section [FoliageQuality@3] File [C:/GitHub/TasteOfMadness/TasteOfMadness/Saved/Config/Windows/Scalability.ini]
[2025.10.22-01.00.03:370][  0]LogConfig: Setting CVar [[foliage.DensityScale:1.0]]
[2025.10.22-01.00.03:370][  0]LogConfig: Setting CVar [[grass.DensityScale:1.0]]
[2025.10.22-01.00.03:370][  0]LogConfig: Applying CVar settings from Section [ShadingQuality@3] File [C:/GitHub/TasteOfMadness/TasteOfMadness/Saved/Config/Windows/Scalability.ini]
[2025.10.22-01.00.03:370][  0]LogConfig: Setting CVar [[r.HairStrands.SkyLighting.IntegrationType:2]]
[2025.10.22-01.00.03:370][  0]LogConfig: Setting CVar [[r.HairStrands.SkyAO.SampleCount:4]]
[2025.10.22-01.00.03:370][  0]LogConfig: Setting CVar [[r.HairStrands.Visibility.MSAA.SamplePerPixel:4]]
[2025.10.22-01.00.03:370][  0]LogConfig: Applying CVar settings from Section [Startup] File [../../../Engine/Config/ConsoleVariables.ini]
[2025.10.22-01.00.03:370][  0]LogConfig: Setting CVar [[net.UseAdaptiveNetUpdateFrequency:0]]
[2025.10.22-01.00.03:370][  0]LogConfig: Setting CVar [[p.chaos.AllowCreatePhysxBodies:1]]
[2025.10.22-01.00.03:370][  0]LogConfig: Setting CVar [[fx.SkipVectorVMBackendOptimizations:1]]
[2025.10.22-01.00.03:370][  0]LogConfig: Applying CVar settings from Section [ConsoleVariables] File [C:/GitHub/TasteOfMadness/TasteOfMadness/Saved/Config/Windows/Engine.ini]
[2025.10.22-01.00.03:370][  0]LogConfig: Applying CVar settings from Section [ConsoleVariables] File [C:/GitHub/TasteOfMadness/TasteOfMadness/Saved/Config/Windows/Editor.ini]
[2025.10.22-01.00.03:370][  0]LogInit: Computer: MICHIMACHINE
[2025.10.22-01.00.03:370][  0]LogInit: User: arim
[2025.10.22-01.00.03:370][  0]LogInit: CPU Page size=4096, Cores=12
[2025.10.22-01.00.03:370][  0]LogInit: High frequency timer resolution =10.000000 MHz
[2025.10.22-01.00.03:370][  0]LogMemory: Memory total: Physical=15.6GB (16GB approx)
[2025.10.22-01.00.03:370][  0]LogMemory: Platform Memory Stats for Windows
[2025.10.22-01.00.03:370][  0]LogMemory: Process Physical Memory: 152.29 MB used, 152.29 MB peak
[2025.10.22-01.00.03:370][  0]LogMemory: Process Virtual Memory: 123.64 MB used, 123.64 MB peak
[2025.10.22-01.00.03:370][  0]LogMemory: Physical Memory: 10392.46 MB used,  5612.39 MB free, 16004.86 MB total
[2025.10.22-01.00.03:370][  0]LogMemory: Virtual Memory: 134200048.00 MB used,  17683.84 MB free, 134217728.00 MB total
[2025.10.22-01.00.03:375][  0]LogWindows: WindowsPlatformFeatures enabled
[2025.10.22-01.00.03:407][  0]LogInit: Physics initialised using underlying interface: PhysX
[2025.10.22-01.00.03:407][  0]LogInit: Overriding language with editor language configuration option (en).
[2025.10.22-01.00.03:407][  0]LogInit: Using OS detected locale (es-MX).
[2025.10.22-01.00.03:593][  0]LogWindowsTextInputMethodSystem: Display: IME system deactivated.
[2025.10.22-01.00.03:604][  0]LogSlate: New Slate User Created.  User Index 0, Is Virtual User: 0
[2025.10.22-01.00.03:604][  0]LogSlate: Slate User Registered.  User Index 0, Is Virtual User: 0
[2025.10.22-01.00.03:691][  0]LogD3D11RHI: Loaded GFSDK_Aftermath_Lib.x64.dll
[2025.10.22-01.00.03:731][  0]LogHMD: Failed to initialize OpenVR with code 110
[2025.10.22-01.00.03:731][  0]LogD3D11RHI: D3D11 min allowed feature level: 11_0
[2025.10.22-01.00.03:731][  0]LogD3D11RHI: D3D11 max allowed feature level: 11_0
[2025.10.22-01.00.03:731][  0]LogD3D11RHI: D3D11 adapters:
[2025.10.22-01.00.03:877][  0]LogD3D11RHI:    0. 'NVIDIA GeForce RTX 3050 Laptop GPU' (Feature Level 11_0)
[2025.10.22-01.00.03:877][  0]LogD3D11RHI:       3964/0/8002 MB DedicatedVideo/DedicatedSystem/SharedSystem, Outputs:1, VendorId:0x10de
[2025.10.22-01.00.03:903][  0]LogD3D11RHI:    1. 'Intel(R) Iris(R) Xe Graphics' (Feature Level 11_0)
[2025.10.22-01.00.03:903][  0]LogD3D11RHI:       128/0/8002 MB DedicatedVideo/DedicatedSystem/SharedSystem, Outputs:0, VendorId:0x8086
[2025.10.22-01.00.03:906][  0]LogD3D11RHI:    2. 'Microsoft Basic Render Driver' (Feature Level 11_0)
[2025.10.22-01.00.03:906][  0]LogD3D11RHI:       0/0/8002 MB DedicatedVideo/DedicatedSystem/SharedSystem, Outputs:0, VendorId:0x1414
[2025.10.22-01.00.03:906][  0]LogD3D11RHI: Chosen D3D11 Adapter:
[2025.10.22-01.00.03:906][  0]LogD3D11RHI:     Description : NVIDIA GeForce RTX 3050 Laptop GPU
[2025.10.22-01.00.03:906][  0]LogD3D11RHI:     VendorId    : 10de
[2025.10.22-01.00.03:906][  0]LogD3D11RHI:     DeviceId    : 25a2
[2025.10.22-01.00.03:906][  0]LogD3D11RHI:     SubSysId    : 16731043
[2025.10.22-01.00.03:906][  0]LogD3D11RHI:     Revision    : 00a1
[2025.10.22-01.00.03:906][  0]LogD3D11RHI:     DedicatedVideoMemory : 4156555264 bytes
[2025.10.22-01.00.03:906][  0]LogD3D11RHI:     DedicatedSystemMemory : 0 bytes
[2025.10.22-01.00.03:906][  0]LogD3D11RHI:     SharedSystemMemory : 8391153664 bytes
[2025.10.22-01.00.03:906][  0]LogD3D11RHI:     AdapterLuid : 0 73015
[2025.10.22-01.00.03:914][  0]LogD3D11RHI: Creating new Direct3DDevice
[2025.10.22-01.00.03:914][  0]LogD3D11RHI:     GPU DeviceId: 0x25a2 (for the marketing name, search the web for "GPU Device Id")
[2025.10.22-01.00.03:914][  0]LogWindows: EnumDisplayDevices:
[2025.10.22-01.00.03:914][  0]LogWindows:    0. 'Intel(R) Iris(R) Xe Graphics' (P:1 D:1)
[2025.10.22-01.00.03:914][  0]LogWindows:    1. 'Intel(R) Iris(R) Xe Graphics' (P:0 D:0)
[2025.10.22-01.00.03:914][  0]LogWindows:    2. 'Intel(R) Iris(R) Xe Graphics' (P:0 D:0)
[2025.10.22-01.00.03:915][  0]LogWindows:    3. 'Intel(R) Iris(R) Xe Graphics' (P:0 D:0)
[2025.10.22-01.00.03:915][  0]LogWindows:    4. 'NVIDIA GeForce RTX 3050 Laptop GPU' (P:0 D:0)
[2025.10.22-01.00.03:916][  0]LogWindows:    5. 'NVIDIA GeForce RTX 3050 Laptop GPU' (P:0 D:0)
[2025.10.22-01.00.03:916][  0]LogWindows:    6. 'NVIDIA GeForce RTX 3050 Laptop GPU' (P:0 D:0)
[2025.10.22-01.00.03:916][  0]LogWindows:    7. 'NVIDIA GeForce RTX 3050 Laptop GPU' (P:0 D:0)
[2025.10.22-01.00.03:916][  0]LogWindows: DebugString: PrimaryIsNotTheChoosenAdapter PrimaryIsNotTheChoosenAdapter PrimaryIsNotTheChoosenAdapter PrimaryIsNotTheChoosenAdapter FoundDriverCount:4 
[2025.10.22-01.00.03:916][  0]LogD3D11RHI:     Adapter Name: NVIDIA GeForce RTX 3050 Laptop GPU
[2025.10.22-01.00.03:916][  0]LogD3D11RHI:   Driver Version: 576.52 (internal:32.0.15.7652, unified:576.52)
[2025.10.22-01.00.03:916][  0]LogD3D11RHI:      Driver Date: 5-14-2025
[2025.10.22-01.00.03:916][  0]LogRHI: Texture pool is 2774 MB (70% of 3964 MB)
[2025.10.22-01.00.03:916][  0]LogD3D11RHI: Creating D3DDevice using adapter:
[2025.10.22-01.00.03:916][  0]LogD3D11RHI:     Description : NVIDIA GeForce RTX 3050 Laptop GPU
[2025.10.22-01.00.03:916][  0]LogD3D11RHI:     VendorId    : 10de
[2025.10.22-01.00.03:916][  0]LogD3D11RHI:     DeviceId    : 25a2
[2025.10.22-01.00.03:916][  0]LogD3D11RHI:     SubSysId    : 16731043
[2025.10.22-01.00.03:916][  0]LogD3D11RHI:     Revision    : 00a1
[2025.10.22-01.00.03:916][  0]LogD3D11RHI:     DedicatedVideoMemory : 4156555264 bytes
[2025.10.22-01.00.03:916][  0]LogD3D11RHI:     DedicatedSystemMemory : 0 bytes
[2025.10.22-01.00.03:916][  0]LogD3D11RHI:     SharedSystemMemory : 8391153664 bytes
[2025.10.22-01.00.03:916][  0]LogD3D11RHI:     AdapterLuid : 0 73015
[2025.10.22-01.00.04:023][  0]LogD3D11RHI: RHI has support for 64 bit atomics
[2025.10.22-01.00.04:024][  0]LogD3D11RHI: Async texture creation enabled
[2025.10.22-01.00.04:024][  0]LogD3D11RHI: Array index from any shader is supported
[2025.10.22-01.00.04:039][  0]LogD3D11RHI: GPU Timing Frequency: 1000.000000 (Debug: 2 1)
[2025.10.22-01.00.04:062][  0]LogRHI: GeForceNow SDK initialized: 1
[2025.10.22-01.00.04:293][  0]LogTargetPlatformManager: Display: Loaded TargetPlatform 'AllDesktop'
[2025.10.22-01.00.04:308][  0]LogTargetPlatformManager: Display: Loaded TargetPlatform 'Android'
[2025.10.22-01.00.04:308][  0]LogTargetPlatformManager: Display: Loaded TargetPlatform 'Android_ASTC'
[2025.10.22-01.00.04:308][  0]LogTargetPlatformManager: Display: Loaded TargetPlatform 'Android_DXT'
[2025.10.22-01.00.04:308][  0]LogTargetPlatformManager: Display: Loaded TargetPlatform 'Android_ETC2'
[2025.10.22-01.00.04:308][  0]LogTargetPlatformManager: Display: Loaded TargetPlatform 'AndroidClient'
[2025.10.22-01.00.04:308][  0]LogTargetPlatformManager: Display: Loaded TargetPlatform 'Android_ASTCClient'
[2025.10.22-01.00.04:308][  0]LogTargetPlatformManager: Display: Loaded TargetPlatform 'Android_DXTClient'
[2025.10.22-01.00.04:308][  0]LogTargetPlatformManager: Display: Loaded TargetPlatform 'Android_ETC2Client'
[2025.10.22-01.00.04:308][  0]LogTargetPlatformManager: Display: Loaded TargetPlatform 'Android_Multi'
[2025.10.22-01.00.04:308][  0]LogTargetPlatformManager: Display: Loaded TargetPlatform 'Android_MultiClient'
[2025.10.22-01.00.04:323][  0]LogTargetPlatformManager: Display: Loaded TargetPlatform 'IOSClient'
[2025.10.22-01.00.04:323][  0]LogTargetPlatformManager: Display: Loaded TargetPlatform 'IOS'
[2025.10.22-01.00.04:329][  0]LogTargetPlatformManager: Display: Loaded TargetPlatform 'Linux'
[2025.10.22-01.00.04:334][  0]LogTargetPlatformManager: Display: Loaded TargetPlatform 'LinuxNoEditor'
[2025.10.22-01.00.04:338][  0]LogTargetPlatformManager: Display: Loaded TargetPlatform 'LinuxClient'
[2025.10.22-01.00.04:341][  0]LogTargetPlatformManager: Display: Loaded TargetPlatform 'LinuxServer'
[2025.10.22-01.00.04:348][  0]LogTargetPlatformManager: Display: Loaded TargetPlatform 'LinuxAArch64NoEditor'
[2025.10.22-01.00.04:351][  0]LogTargetPlatformManager: Display: Loaded TargetPlatform 'LinuxAArch64Client'
[2025.10.22-01.00.04:355][  0]LogTargetPlatformManager: Display: Loaded TargetPlatform 'LinuxAArch64Server'
[2025.10.22-01.00.04:371][  0]LogTargetPlatformManager: Display: Loaded TargetPlatform 'Lumin'
[2025.10.22-01.00.04:371][  0]LogTargetPlatformManager: Display: Loaded TargetPlatform 'LuminClient'
[2025.10.22-01.00.04:377][  0]LogTargetPlatformManager: Display: Loaded TargetPlatform 'MacNoEditor'
[2025.10.22-01.00.04:381][  0]LogTargetPlatformManager: Display: Loaded TargetPlatform 'Mac'
[2025.10.22-01.00.04:384][  0]LogTargetPlatformManager: Display: Loaded TargetPlatform 'MacClient'
[2025.10.22-01.00.04:387][  0]LogTargetPlatformManager: Display: Loaded TargetPlatform 'MacServer'
[2025.10.22-01.00.04:395][  0]LogTargetPlatformManager: Display: Loaded TargetPlatform 'TVOSClient'
[2025.10.22-01.00.04:395][  0]LogTargetPlatformManager: Display: Loaded TargetPlatform 'TVOS'
[2025.10.22-01.00.04:401][  0]LogTargetPlatformManager: Display: Loaded TargetPlatform 'WindowsNoEditor'
[2025.10.22-01.00.04:405][  0]LogTargetPlatformManager: Display: Loaded TargetPlatform 'Windows'
[2025.10.22-01.00.04:409][  0]LogTargetPlatformManager: Display: Loaded TargetPlatform 'WindowsClient'
[2025.10.22-01.00.04:414][  0]LogTargetPlatformManager: Display: Loaded TargetPlatform 'WindowsServer'
[2025.10.22-01.00.04:414][  0]LogTargetPlatformManager: Display: Building Assets For Windows
[2025.10.22-01.00.04:420][  0]LogAudioDebug: Display: Lib vorbis DLL was dynamically loaded.
[2025.10.22-01.00.04:445][  0]LogTextureFormatOodle: Display: Oodle Texture 2.9.0 init RDO Off
[2025.10.22-01.00.04:472][  0]LogRendererCore: Ray tracing is disabled. Reason: r.RayTracing=0.
[2025.10.22-01.00.04:472][  0]LogShaderCompilers: Guid format shader working directory is -9 characters bigger than the processId version (../../../../../../GitHub/TasteOfMadness/TasteOfMadness/Intermediate/Shaders/WorkingDirectory/13564/).
[2025.10.22-01.00.04:472][  0]LogShaderCompilers: Cleaned the shader compiler working directory 'C:/Users/ari_m/AppData/Local/Temp/UnrealShaderWorkingDir/B7937FE848D290B0C5A8F6A6E2E4E4D0/'.
[2025.10.22-01.00.04:472][  0]LogXGEController: Cannot use XGE Controller as Incredibuild is not installed on this machine.
[2025.10.22-01.00.04:472][  0]LogShaderCompilers: Cannot use XGE Shader Compiler as Incredibuild is not installed on this machine.
[2025.10.22-01.00.04:472][  0]LogShaderCompilers: Display: Using Local Shader Compiler.
[2025.10.22-01.00.05:044][  0]LogDerivedDataCache: Display: Max Cache Size: 512 MB
[2025.10.22-01.00.05:096][  0]LogDerivedDataCache: Loaded boot cache 0.05s 94MB C:/Users/ari_m/AppData/Local/UnrealEngine/4.27/DerivedDataCache/Boot.ddc.
[2025.10.22-01.00.05:096][  0]LogDerivedDataCache: Display: Loaded Boot cache: C:/Users/ari_m/AppData/Local/UnrealEngine/4.27/DerivedDataCache/Boot.ddc
[2025.10.22-01.00.05:096][  0]LogDerivedDataCache: FDerivedDataBackendGraph:  Pak pak cache file ../../../../../../GitHub/TasteOfMadness/TasteOfMadness/DerivedDataCache/DDC.ddp not found, will not use a pak cache.
[2025.10.22-01.00.05:096][  0]LogDerivedDataCache: Unable to find inner node Pak for hierarchical cache Hierarchy.
[2025.10.22-01.00.05:096][  0]LogDerivedDataCache: FDerivedDataBackendGraph:  CompressedPak pak cache file ../../../../../../GitHub/TasteOfMadness/TasteOfMadness/DerivedDataCache/Compressed.ddp not found, will not use a pak cache.
[2025.10.22-01.00.05:096][  0]LogDerivedDataCache: Unable to find inner node CompressedPak for hierarchical cache Hierarchy.
[2025.10.22-01.00.05:109][  0]LogDerivedDataCache: Display: Pak cache opened for reading ../../../Engine/DerivedDataCache/Compressed.ddp.
[2025.10.22-01.00.05:110][  0]LogDerivedDataCache: FDerivedDataBackendGraph:  EnterprisePak pak cache file ../../../Enterprise/DerivedDataCache/Compressed.ddp not found, will not use a pak cache.
[2025.10.22-01.00.05:110][  0]LogDerivedDataCache: Unable to find inner node EnterprisePak for hierarchical cache Hierarchy.
[2025.10.22-01.00.05:115][  0]LogDerivedDataCache: Speed tests for C:/Users/ari_m/AppData/Local/UnrealEngine/Common/DerivedDataCache took 0.01 seconds
[2025.10.22-01.00.05:115][  0]LogDerivedDataCache: Display: Performance to C:/Users/ari_m/AppData/Local/UnrealEngine/Common/DerivedDataCache: Latency=0.02ms. RandomReadSpeed=1519.35MBs, RandomWriteSpeed=210.26MBs. Assigned SpeedClass 'Local'
[2025.10.22-01.00.05:116][  0]LogDerivedDataCache: Using Local data cache path C:/Users/ari_m/AppData/Local/UnrealEngine/Common/DerivedDataCache: Writable
[2025.10.22-01.00.05:116][  0]LogDerivedDataCache: Shared data cache path not found in *engine.ini, will not use an Shared cache.
[2025.10.22-01.00.05:116][  0]LogDerivedDataCache: Unable to find inner node Shared for hierarchical cache Hierarchy.
[2025.10.22-01.00.05:149][  0]LogSlate: Using FreeType 2.10.0
[2025.10.22-01.00.05:150][  0]LogSlate: SlateFontServices - WITH_FREETYPE: 1, WITH_HARFBUZZ: 1
[2025.10.22-01.00.05:173][  0]LogAssetRegistry: FAssetRegistry took 0.0025 seconds to start up
[2025.10.22-01.00.05:331][  0]LogInit: Selected Device Profile: [Windows]
[2025.10.22-01.00.05:331][  0]LogInit: Active device profile: [0000025103684900][000002517B9AB200 49] Windows
[2025.10.22-01.00.05:331][  0]LogInit: Profiles: [0000025103684900][000002517B9AB200 49] Windows, [000002510364B800][000002517A809380 49] WindowsNoEditor, [0000025103687500][000002517A80D500 49] WindowsServer, [0000025103648E00][000002517A811680 49] WindowsClient, [0000025103687800][000002517B49B800 49] IOS, [000002510364A800][000002517B49F980 49] iPadAir, [0000025103686000][000002517B4A3B00 49] iPadAir2, [00000251035E8A00][000002517B4AA240 49] IPadPro, [00000251035E8B00][000002517B4A6280 49] iPadAir3, [0000025103649900][000002517B4AE400 49] iPadAir4, [00000251035EB400][000002517B4B2580 49] iPadMini2, [000002510364AA00][000002517B4B6700 49] iPadMini3, [00000251035E9700][000002517A804840 49] iPadMini4, [0000025103685100][000002517B4BA980 49] iPadMini5, [0000025103628300][000002517B4C2BC0 49] iPhone6, [0000025103628400][000002517B4BEC00 49] iPodTouch6, [00000251035D7F00][000002517B4CEEC0 49] iPhone7, [00000251035D7E00][000002517B4CAF00 49] iPodTouch7, [000002510364A000][000002517B4D3080 49] iPhone5S, [00000251035D5A00][000002517B4D7200 49] iPhone6Plus, [0000025103628200][000002517B4DB380 49] iPhone6S, [00000251035D4600][000002517B4DF500 49] iPhone6SPlus, [000002510362A900][000002517B4E3680 49] iPhone7Plus, [00000251035D7100][000002517B4E7800 49] iPhoneSE, [000002510362A200][000002517B4EB980 49] iPhone8, [00000251035D7B00][000002517B4EFB00 49] iPhone8Plus, [0000025103628A00][000002517B4F2100 49] iPhoneX, [00000251035D5400][000002517B4F6280 49] iPhoneXS, [000002510362B900][000002517B4FA400 49] iPhoneXSMax, [00000251035D4900][000002517B4FE580 49] iPhoneXR, [000002510362AF00][000002517B502700 49] iPhone11, [00000251035D5300][000002517B506880 49] iPhone11Pro, [0000025103629000][000002517B4C69C0 49] iPhone11ProMax, [00000251035D6A00][000002517B57AB00 49] iPhoneSE2, [0000025103629400][000002517B57EC40 49] iPhone12Mini, [00000251035D6400][000002517B582D80 49] iPhone12, [0000025103628D00][000002517ADA6F00 49] iPhone12Pro, [00000251035D6B00][000002517AE31080 49] iPhone12ProMax, [000002510362B000][000002517BBB9200 49] iPadPro105, [00000251035D4700][000002517BBDD380 49] iPadPro129, [000002510362A800][000002517F101500 49] iPadPro97, [00000251035D6600][000002517BC01680 49] iPadPro2_129, [000002510362BC00][000002517BA6D800 49] iPad5, [00000251035D6200][000002517AE61980 49] iPad6, [0000025103628F00][000002517AF15B00 49] iPad7, [00000251035D6D00][000002517AF18100 49] iPad8, [0000025103629100][000002517AFDC280 49] iPadPro11, [00000251035D5600][000002517B50E400 49] iPadPro2_11, [000002510362B400][000002517B516580 49] iPadPro3_129, [00000251035D6800][000002517B51E700 49] iPadPro4_129, [000002510362BA00][000002517B526880 49] AppleTV, [00000251035D6100][000002517B52AA00 49] AppleTV4K, [0000025103629F00][000002517B59CB40 49] TVOS, [00000251035D7400][000002517B52EC80 49] Mac, [000002510362B800][000002517B558DC0 49] MacClient, [00000251035D5E00][000002517B55CF00 49] MacNoEditor, [000002510362BF00][000002517B56D080 49] MacServer, [00000251035D7500][000002517AE0B200 49] Linux, [0000025103628C00][000002517AE1B380 49] LinuxAArch64, [00000251035D6F00][000002517AE1F500 49] LinuxNoEditor, [0000025103628B00][000002517AE23680 49] LinuxAArch64NoEditor, [00000251035D7700][000002517F0F1800 49] LinuxClient, [0000025103629A00][000002517AE27980 49] LinuxAArch64Client, [00000251035D5000][000002517AE2BB00 49] LinuxServer, [000002510362A500][000002517BA5C100 49] LinuxAArch64Server, [00000251035D5900][000002517BA60280 49] Android, [0000025103629300][000002517BA64400 49] Android_Low, [00000251035D6700][000002517BA68580 49] Android_Mid, [000002510362AB00][0000025103E04700 49] Android_High, [00000251035D7800][0000025103E08880 49] Android_Default, [0000025103629600][0000025103E0CA00 49] Android_Adreno4xx, [00000251035D5500][000002517BBB0B80 49] Android_Adreno5xx_Low, [00000251035EB600][000002517AE94D00 49] Android_Adreno5xx, [0000025103649800][000002517B568E40 49] Android_Adreno6xx, [00000251035E9200][000002517AE9CF80 49] Android_Adreno6xx_Vulkan, [000002510364BC00][000002517AEA10C0 49] Android_Mali_T6xx, [00000251035E9100][000002517AEA9240 49] Android_Mali_T7xx, [0000025103649600][000002517AEFF3C0 49] Android_Mali_T8xx, [00000251035E9E00][000002517AF03540 49] Android_Mali_G71, [0000025103648500][000002517B6F96C0 49] Android_Mali_G72, [00000251035E8800][000002517B6FD840 49] Android_Mali_G72_Vulkan, [0000025103649300][000002517B7399C0 49] Android_Mali_G76, [00000251035E8100][000002517B749B40 49] Android_Mali_G76_Vulkan, [0000025103649F00][000002517B76C140 49] Android_Mali_G77, [00000251035E9000][000002517B7702C0 49] Android_Mali_G77_Vulkan, [0000025103648A00][000002517B774440 49] Android_Mali_G78, [00000251035EAC00][000002517F0D65C0 49] Android_Mali_G78_Vulkan, [000002510364B600][000002517F0DA740 49] Android_Mali_G710, [00000251035EAA00][000002517F0DE8C0 49] Android_Mali_G710_Vulkan, [000002510364BF00][000002517F0E2A40 49] Android_Vulkan_SM5, [00000251035EBB00][000002517F0E6BC0 49] Android_PowerVR_G6xxx, [000002510364BB00][000002517F0EAD40 49] Android_PowerVR_GT7xxx, [00000251035EB900][000002517AF1CEC0 49] Android_PowerVR_GE8xxx, [0000025103648C00][000002517AEA5000 49] Android_PowerVR_GM9xxx, [00000251035EA700][000002517AF35140 49] Android_PowerVR_GM9xxx_Vulkan, [000002510364A700][000002517AF39280 49] Android_TegraK1, [00000251035E8900][000002517AFAD3C0 49] Android_Unknown_Vulkan, [0000025103649D00][000002517AFB5540 49] Lumin, [00000251035E8500][000002517AFB96C0 49] Lumin_Desktop, [000002510364B300][000002517AFBD840 49] HoloLens, 
[2025.10.22-01.00.05:422][  0]LogMeshReduction: Using QuadricMeshReduction for automatic static mesh reduction
[2025.10.22-01.00.05:422][  0]LogMeshReduction: Using SimplygonMeshReduction for automatic skeletal mesh reduction
[2025.10.22-01.00.05:422][  0]LogMeshReduction: Using ProxyLODMeshReduction for automatic mesh merging
[2025.10.22-01.00.05:422][  0]LogMeshReduction: No distributed automatic mesh merging module available
[2025.10.22-01.00.05:422][  0]LogMeshMerging: No distributed automatic mesh merging module available
[2025.10.22-01.00.05:435][  0]LogNetVersion: TasteOfMadness 1.0.0, NetCL: 17155196, EngineNetVer: 17, GameNetVer: 0 (Checksum: 3999798361)
[2025.10.22-01.00.05:737][  0]LogTexture: Default maximum texture size for cubemaps generated from long-lat sources has been changed from 512 to unlimited. In order to preserve old behaiour for '/Engine/MapTemplates/Sky/DaylightAmbientCubemap.DaylightAmbientCubemap', its maximum texture size has been explicitly set to 512.
[2025.10.22-01.00.05:780][  0]LogHMD: PokeAHoleMaterial loaded successfully
[2025.10.22-01.00.05:786][  0]LogUObjectArray: 17178 objects as part of root set at end of initial load.
[2025.10.22-01.00.05:786][  0]LogUObjectAllocator: 4302048 out of 0 bytes used by permanent object pool.
[2025.10.22-01.00.05:786][  0]LogUObjectArray: CloseDisregardForGC: 0/0 objects in disregard for GC pool
[2025.10.22-01.00.05:922][  0]LogNiagaraDebuggerClient: Niagara Debugger Client Initialized | Session: 5A40B2524FE2F526B76C7DAB1FEFE02A | Instance: CF285358482F8F1A19678EA5C690388E (MICHIMACHINE-13564).
[2025.10.22-01.00.06:034][  0]LogPython: Using Python 3.7.7
[2025.10.22-01.00.06:472][  0]LogTcpMessaging: Initializing TcpMessaging bridge
[2025.10.22-01.00.06:478][  0]LogUdpMessaging: Initializing bridge on interface 0.0.0.0:0 to multicast group 230.0.0.1:6666.
[2025.10.22-01.00.06:535][  0]LogLinker: Warning: Failed to load '/Game/TopDownBP/TopDownOverview': Can't find file.
[2025.10.22-01.00.06:535][  0]LogLinker: Warning: Failed to load '/Game/TopDownBP/TopDownOverview': Can't find file.
[2025.10.22-01.00.06:535][  0]LogUObjectGlobals: Warning: Failed to find object 'Class /Game/TopDownBP/TopDownOverview.TopDownOverview_C'
[2025.10.22-01.00.06:607][  0]SourceControl: Source control is disabled
[2025.10.22-01.00.06:607][  0]SourceControl: Source control is disabled
[2025.10.22-01.00.06:609][  0]SourceControl: Source control is disabled
[2025.10.22-01.00.06:612][  0]SourceControl: Source control is disabled
[2025.10.22-01.00.06:619][  0]SourceControl: Source control is disabled
[2025.10.22-01.00.06:621][  0]LogUProjectInfo: Found projects:
[2025.10.22-01.00.06:794][  0]LogOpenImageDenoise: OIDN starting up
[2025.10.22-01.00.06:824][  0]LogAndroidPermission: UAndroidPermissionCallbackProxy::GetInstance
[2025.10.22-01.00.06:839][  0]LogAudioCaptureCore: Display: No Audio Capture implementations found. Audio input will be silent.
[2025.10.22-01.00.06:839][  0]LogAudioCaptureCore: Display: No Audio Capture implementations found. Audio input will be silent.
[2025.10.22-01.00.06:948][  0]LogCollectionManager: Loaded 0 collections in 0.001202 seconds
[2025.10.22-01.00.06:968][  0]LogFileCache: Scanning file cache for directory 'C:/GitHub/TasteOfMadness/TasteOfMadness/Saved/Collections/' took 0.00s
[2025.10.22-01.00.06:968][  0]LogFileCache: Scanning file cache for directory 'C:/GitHub/TasteOfMadness/TasteOfMadness/Content/Developers/arim/Collections/' took 0.00s
[2025.10.22-01.00.06:968][  0]LogFileCache: Scanning file cache for directory 'C:/GitHub/TasteOfMadness/TasteOfMadness/Content/Collections/' took 0.00s
[2025.10.22-01.00.06:968][  0]LogOcInput: OculusInput pre-init called
[2025.10.22-01.00.07:165][  0]LogEngine: Initializing Engine...
[2025.10.22-01.00.07:167][  0]LogHMD: Failed to enumerate extensions. Please check that you have a valid OpenXR runtime installed.
[2025.10.22-01.00.07:168][  0]LogHMD: Failed to initialize OpenVR with code 110
[2025.10.22-01.00.07:168][  0]LogMagicLeap: Warning: VR disabled because ZI is not enabled.  To enable, in the editor, Edit -> Project Settings -> Plugins -> Magic Leap Plugin -> Enable Zero Iteration
[2025.10.22-01.00.07:169][  0]LogStats: UGameplayTagsManager::InitializeManager -  0.000 s
[2025.10.22-01.00.07:261][  0]LogInit: Initializing FReadOnlyCVARCache
[2025.10.22-01.00.07:269][  0]LogAIModule: Creating AISystem for world Untitled
[2025.10.22-01.00.07:269][  0]LogAudio: Display: Initializing Audio Device Manager...
[2025.10.22-01.00.07:272][  0]LogAudio: Display: Loading Default Audio Settings Objects...
[2025.10.22-01.00.07:273][  0]LogAudio: Display: No default SoundConcurrencyObject specified (or failed to load).
[2025.10.22-01.00.07:273][  0]LogAudio: Display: Audio Device Manager Initialized
[2025.10.22-01.00.07:273][  0]LogAudio: Display: Creating Audio Device:                 Id: 1, Scope: Shared, Realtime: True
[2025.10.22-01.00.07:273][  0]LogAudioMixer: Display: Audio Mixer Platform Settings:
[2025.10.22-01.00.07:273][  0]LogAudioMixer: Display: 	Sample Rate:						  48000
[2025.10.22-01.00.07:273][  0]LogAudioMixer: Display: 	Callback Buffer Frame Size Requested: 1024
[2025.10.22-01.00.07:273][  0]LogAudioMixer: Display: 	Callback Buffer Frame Size To Use:	  1024
[2025.10.22-01.00.07:273][  0]LogAudioMixer: Display: 	Number of buffers to queue:			  2
[2025.10.22-01.00.07:273][  0]LogAudioMixer: Display: 	Max Channels (voices):				  32
[2025.10.22-01.00.07:273][  0]LogAudioMixer: Display: 	Number of Async Source Workers:		  0
[2025.10.22-01.00.07:273][  0]LogAudio: Display: AudioDevice MaxSources: 32
[2025.10.22-01.00.07:273][  0]LogAudio: Display: Audio Spatialization Plugin: None (built-in).
[2025.10.22-01.00.07:273][  0]LogAudio: Display: Audio Reverb Plugin: None (built-in).
[2025.10.22-01.00.07:273][  0]LogAudio: Display: Audio Occlusion Plugin: None (built-in).
[2025.10.22-01.00.07:273][  0]LogAudioMixer: Display: Initializing audio mixer.
[2025.10.22-01.00.07:282][  0]LogAudioMixer: Display: 0: FrontLeft
[2025.10.22-01.00.07:282][  0]LogAudioMixer: Display: 1: FrontRight
[2025.10.22-01.00.07:313][  0]LogAudioMixer: Display: Using Audio Device Speakers (Realtek(R) Audio)
[2025.10.22-01.00.07:315][  0]LogAudioMixer: Display: Initializing Sound Submixes...
[2025.10.22-01.00.07:317][  0]LogAudioMixer: Display: Creating Master Submix 'MasterSubmixDefault'
[2025.10.22-01.00.07:317][  0]LogAudioMixer: Display: Creating Master Submix 'MasterReverbSubmixDefault'
[2025.10.22-01.00.07:319][  0]LogAudioMixer: Display: Creating Master Submix 'MasterEQSubmixDefault'
[2025.10.22-01.00.07:319][  0]LogAudioMixer: FMixerPlatformXAudio2::StartAudioStream() called
[2025.10.22-01.00.07:319][  0]LogAudioMixer: Display: Output buffers initialized: Frames=1024, Channels=2, Samples=2048
[2025.10.22-01.00.07:320][  0]LogAudioMixer: Display: Starting AudioMixerPlatformInterface::RunInternal()
[2025.10.22-01.00.07:320][  0]LogAudioMixer: Display: FMixerPlatformXAudio2::SubmitBuffer() called for the first time
[2025.10.22-01.00.07:320][  0]LogInit: FAudioDevice initialized.
[2025.10.22-01.00.07:320][  0]LogAudio: Display: Audio Device (ID: 1) registered with world 'Untitled'.
[2025.10.22-01.00.07:320][  0]LogNetVersion: Set ProjectVersion to 1.0.0.0. Version Checksum will be recalculated on next use.
[2025.10.22-01.00.07:377][  0]LogDerivedDataCache: Saved boot cache 0.06s 94MB C:/Users/ari_m/AppData/Local/UnrealEngine/4.27/DerivedDataCache/Boot.ddc.
[2025.10.22-01.00.07:377][  0]LogInit: Texture streaming: Enabled
[2025.10.22-01.00.07:387][  0]LogAnalytics: Display: [UEEditor.Rocket.Release] APIServer = https://datarouter.ol.epicgames.com/. AppVersion = 4.27.2-18319896+++UE4+Release-4.27
[2025.10.22-01.00.07:389][  0]LogEngineSessionManager: EngineSessionManager initialized
[2025.10.22-01.00.07:389][  0]LogEditorSessionSummary: Verbose: Initializing EditorSessionSummaryWriter for editor session tracking
[2025.10.22-01.00.07:391][  0]LogEditorSessionSummary: EditorSessionSummaryWriter initialized
[2025.10.22-01.00.07:413][  0]LogInit: Transaction tracking system initialized
[2025.10.22-01.00.07:432][  0]BlueprintLog: New page: Editor Load
[2025.10.22-01.00.07:479][  0]LocalizationService: Localization service is disabled
[2025.10.22-01.00.07:499][  0]TimingProfiler: Initialize
[2025.10.22-01.00.07:499][  0]TimingProfiler: OnSessionChanged
[2025.10.22-01.00.07:499][  0]LoadingProfiler: Initialize
[2025.10.22-01.00.07:499][  0]LoadingProfiler: OnSessionChanged
[2025.10.22-01.00.07:499][  0]NetworkingProfiler: Initialize
[2025.10.22-01.00.07:499][  0]NetworkingProfiler: OnSessionChanged
[2025.10.22-01.00.07:499][  0]MemoryProfiler: Initialize
[2025.10.22-01.00.07:499][  0]MemoryProfiler: OnSessionChanged
[2025.10.22-01.00.07:611][  0]LogCook: Display: CookSettings for Memory: MemoryMaxUsedVirtual 0MiB, MemoryMaxUsedPhysical 16384MiB, MemoryMinFreeVirtual 0MiB, MemoryMinFreePhysical 1024MiB
[2025.10.22-01.00.07:611][  0]LogCook: Display: Mobile HDR setting 1
[2025.10.22-01.00.07:769][  0]LogFileCache: Scanning file cache for directory 'C:/GitHub/TasteOfMadness/TasteOfMadness/Content/' took 0.01s
[2025.10.22-01.00.07:917][  0]LogInit: Display: Engine is initialized. Leaving FEngineLoop::Init()
[2025.10.22-01.00.07:919][  0]SourceControl: Source control is disabled
[2025.10.22-01.00.08:053][  0]LogSlate: Took 0.000226 seconds to synchronously load lazily loaded font '../../../Engine/Content/Slate/Fonts/Roboto-Regular.ttf' (155K)
[2025.10.22-01.00.33:580][  0]LogSlate: Window 'Restore Packages' being destroyed
[2025.10.22-01.00.33:581][  0]LogWindowsTextInputMethodSystem: Display: IME system deactivated.
[2025.10.22-01.00.33:640][  0]LogWindowsTextInputMethodSystem: Display: IME system deactivated.
[2025.10.22-01.00.33:645][  0]LogUnrealEdMisc: Loading editor; pre map load, took 31.097
[2025.10.22-01.00.33:646][  0]Cmd: MAP LOAD FILE="../../../../../../GitHub/TasteOfMadness/TasteOfMadness/Content/Maps/MainPersistent.umap" TEMPLATE=0 SHOWPROGRESS=1 FEATURELEVEL=3
[2025.10.22-01.00.33:646][  0]LightingResults: New page: Lighting Build
[2025.10.22-01.00.33:647][  0]LogWorld: UWorld::CleanupWorld for Untitled, bSessionEnded=true, bCleanupResources=true
[2025.10.22-01.00.33:647][  0]LogSlate: InvalidateAllWidgets triggered.  All widgets were invalidated
[2025.10.22-01.00.33:647][  0]MapCheck: New page: Map Check
[2025.10.22-01.00.33:647][  0]LightingResults: New page: Lighting Build
[2025.10.22-01.00.33:654][  0]LogAudio: Display: Audio Device unregistered from world 'None'.
[2025.10.22-01.00.33:658][  0]LogUObjectHash: Compacting FUObjectHashTables data took   0.74ms
[2025.10.22-01.00.33:848][  0]LogAudio: Display: Audio Device (ID: 1) registered with world 'MainPersistent'.
[2025.10.22-01.00.33:849][  0]LogAIModule: Creating AISystem for world MainPersistent
[2025.10.22-01.00.33:853][  0]LogStreaming: Display: ULevelStreaming::RequestLevel(/Game/Maps/PropsSamuel) is flushing async loading
[2025.10.22-01.00.33:853][  0]LogStreaming: Display: FlushAsyncLoading: 1 QueuedPackages, 0 AsyncPackages
[2025.10.22-01.00.33:859][  0]LogStreaming: Display: ULevelStreaming::RequestLevel(/Game/Maps/PropsMichelle) is flushing async loading
[2025.10.22-01.00.33:874][  0]LogStreaming: Display: ULevelStreaming::RequestLevel(/Game/Maps/PropsDaniela) is flushing async loading
[2025.10.22-01.00.33:878][  0]LogStreaming: Display: ULevelStreaming::RequestLevel(/Game/Maps/PropsChris) is flushing async loading
[2025.10.22-01.00.33:882][  0]LogStreaming: Display: ULevelStreaming::RequestLevel(/Game/Maps/PropsOliver) is flushing async loading
[2025.10.22-01.00.33:886][  0]LogStreaming: Display: ULevelStreaming::RequestLevel(/Game/Maps/FrancisIA) is flushing async loading
[2025.10.22-01.00.33:892][  0]LogStreaming: Error: Couldn't find file for package /Game/Maps/FrancisIA_BuiltData requested by async loading code. NameToLoad: /Game/Maps/FrancisIA_BuiltData
[2025.10.22-01.00.34:048][  0]LogStreaming: Display: ULevelStreaming::RequestLevel(/Game/Maps/ComidaVivaIA) is flushing async loading
[2025.10.22-01.00.34:123][  0]LogEditorServer: Finished looking for orphan Actors (0.000 secs)
[2025.10.22-01.00.34:124][  0]LogNavigation: Warning: NavData RegistrationFailed_AgentAlreadySupported, specified agent type already has its navmesh implemented.
[2025.10.22-01.00.34:135][  0]LogUObjectHash: Compacting FUObjectHashTables data took   1.35ms
[2025.10.22-01.00.34:135][  0]Cmd: MAP CHECKDEP NOCLEARLOG
[2025.10.22-01.00.34:136][  0]MapCheck: Map check complete: 0 Error(s), 0 Warning(s), took 0.612ms to complete.
[2025.10.22-01.00.34:136][  0]LogFileHelpers: Loading map 'MainPersistent' took 0.491
[2025.10.22-01.00.34:138][  0]LogUnrealEdMisc: Total Editor Startup Time, took 31.590
[2025.10.22-01.00.34:184][  0]LogSlate: Updating window title bar state: overlay mode, drag disabled, window buttons hidden, title bar hidden
[2025.10.22-01.00.34:188][  0]LogSlate: Updating window title bar state: overlay mode, drag disabled, window buttons hidden, title bar hidden
[2025.10.22-01.00.34:194][  0]LogSlate: Updating window title bar state: overlay mode, drag disabled, window buttons hidden, title bar hidden
[2025.10.22-01.00.34:198][  0]LogSlate: Updating window title bar state: overlay mode, drag disabled, window buttons hidden, title bar hidden
[2025.10.22-01.00.34:209][  0]LogNativeClassHierarchy: Verbose: Native class hierarchy populated in 0.0073 seconds. Added 3822 classes and 928 folders.
[2025.10.22-01.00.34:211][  0]LogNativeClassHierarchy: Verbose: Native class hierarchy updated for 'WidgetCarousel' in 0.0002 seconds. Added 0 classes and 0 folders.
[2025.10.22-01.00.34:212][  0]LogPakFile: PakFile PrimaryIndexSize=187
[2025.10.22-01.00.34:212][  0]LogPakFile: PakFile PathHashIndexSize=101
[2025.10.22-01.00.34:212][  0]LogPakFile: PakFile FullDirectoryIndexSize=148
[2025.10.22-01.00.34:212][  0]LogShaderLibrary: Display: ShaderCodeLibraryPakFileMountedCallback: PakFile 'C:/Program Files/Epic Games/UE_4.27/FeaturePacks/FP_FirstPerson.upack' (chunk index -1, root 'root:/') mounted
[2025.10.22-01.00.34:212][  0]LogShaderLibrary: Display: ShaderCodeLibraryPakFileMountedCallback: pending pak file info (ChunkID:-1 Root:root:/ File:C:/Program Files/Epic Games/UE_4.27/FeaturePacks/FP_FirstPerson.upack)
[2025.10.22-01.00.34:212][  0]LogPakFile: OnPakFileMounted2Time == 0.000043
[2025.10.22-01.00.34:213][  0]LogPakFile: PakFile PrimaryIndexSize=189
[2025.10.22-01.00.34:213][  0]LogPakFile: PakFile PathHashIndexSize=101
[2025.10.22-01.00.34:213][  0]LogPakFile: PakFile FullDirectoryIndexSize=152
[2025.10.22-01.00.34:213][  0]LogShaderLibrary: Display: ShaderCodeLibraryPakFileMountedCallback: PakFile 'C:/Program Files/Epic Games/UE_4.27/FeaturePacks/FP_FirstPersonBP.upack' (chunk index -1, root 'root:/') mounted
[2025.10.22-01.00.34:213][  0]LogShaderLibrary: Display: ShaderCodeLibraryPakFileMountedCallback: pending pak file info (ChunkID:-1 Root:root:/ File:C:/Program Files/Epic Games/UE_4.27/FeaturePacks/FP_FirstPersonBP.upack)
[2025.10.22-01.00.34:213][  0]LogPakFile: OnPakFileMounted2Time == 0.000024
[2025.10.22-01.00.34:213][  0]LogPakFile: PakFile PrimaryIndexSize=191
[2025.10.22-01.00.34:213][  0]LogPakFile: PakFile PathHashIndexSize=101
[2025.10.22-01.00.34:213][  0]LogPakFile: PakFile FullDirectoryIndexSize=160
[2025.10.22-01.00.34:213][  0]LogShaderLibrary: Display: ShaderCodeLibraryPakFileMountedCallback: PakFile 'C:/Program Files/Epic Games/UE_4.27/FeaturePacks/MobileStarterContent.upack' (chunk index -1, root 'root:/') mounted
[2025.10.22-01.00.34:213][  0]LogShaderLibrary: Display: ShaderCodeLibraryPakFileMountedCallback: pending pak file info (ChunkID:-1 Root:root:/ File:C:/Program Files/Epic Games/UE_4.27/FeaturePacks/MobileStarterContent.upack)
[2025.10.22-01.00.34:213][  0]LogPakFile: OnPakFileMounted2Time == 0.000023
[2025.10.22-01.00.34:213][  0]LogPakFile: PakFile PrimaryIndexSize=185
[2025.10.22-01.00.34:214][  0]LogPakFile: PakFile PathHashIndexSize=101
[2025.10.22-01.00.34:214][  0]LogPakFile: PakFile FullDirectoryIndexSize=148
[2025.10.22-01.00.34:214][  0]LogShaderLibrary: Display: ShaderCodeLibraryPakFileMountedCallback: PakFile 'C:/Program Files/Epic Games/UE_4.27/FeaturePacks/StarterContent.upack' (chunk index -1, root 'root:/') mounted
[2025.10.22-01.00.34:214][  0]LogShaderLibrary: Display: ShaderCodeLibraryPakFileMountedCallback: pending pak file info (ChunkID:-1 Root:root:/ File:C:/Program Files/Epic Games/UE_4.27/FeaturePacks/StarterContent.upack)
[2025.10.22-01.00.34:214][  0]LogPakFile: OnPakFileMounted2Time == 0.000028
[2025.10.22-01.00.34:214][  0]LogPakFile: PakFile PrimaryIndexSize=190
[2025.10.22-01.00.34:214][  0]LogPakFile: PakFile PathHashIndexSize=101
[2025.10.22-01.00.34:214][  0]LogPakFile: PakFile FullDirectoryIndexSize=154
[2025.10.22-01.00.34:214][  0]LogShaderLibrary: Display: ShaderCodeLibraryPakFileMountedCallback: PakFile 'C:/Program Files/Epic Games/UE_4.27/FeaturePacks/TP_2DSideScroller.upack' (chunk index -1, root 'root:/') mounted
[2025.10.22-01.00.34:214][  0]LogShaderLibrary: Display: ShaderCodeLibraryPakFileMountedCallback: pending pak file info (ChunkID:-1 Root:root:/ File:C:/Program Files/Epic Games/UE_4.27/FeaturePacks/TP_2DSideScroller.upack)
[2025.10.22-01.00.34:214][  0]LogPakFile: OnPakFileMounted2Time == 0.000023
[2025.10.22-01.00.34:214][  0]LogPakFile: PakFile PrimaryIndexSize=192
[2025.10.22-01.00.34:214][  0]LogPakFile: PakFile PathHashIndexSize=101
[2025.10.22-01.00.34:214][  0]LogPakFile: PakFile FullDirectoryIndexSize=158
[2025.10.22-01.00.34:214][  0]LogShaderLibrary: Display: ShaderCodeLibraryPakFileMountedCallback: PakFile 'C:/Program Files/Epic Games/UE_4.27/FeaturePacks/TP_2DSideScrollerBP.upack' (chunk index -1, root 'root:/') mounted
[2025.10.22-01.00.34:214][  0]LogShaderLibrary: Display: ShaderCodeLibraryPakFileMountedCallback: pending pak file info (ChunkID:-1 Root:root:/ File:C:/Program Files/Epic Games/UE_4.27/FeaturePacks/TP_2DSideScrollerBP.upack)
[2025.10.22-01.00.34:214][  0]LogPakFile: OnPakFileMounted2Time == 0.000021
[2025.10.22-01.00.34:215][  0]LogPakFile: PakFile PrimaryIndexSize=182
[2025.10.22-01.00.34:215][  0]LogPakFile: PakFile PathHashIndexSize=101
[2025.10.22-01.00.34:215][  0]LogPakFile: PakFile FullDirectoryIndexSize=138
[2025.10.22-01.00.34:215][  0]LogShaderLibrary: Display: ShaderCodeLibraryPakFileMountedCallback: PakFile 'C:/Program Files/Epic Games/UE_4.27/FeaturePacks/TP_Flying.upack' (chunk index -1, root 'root:/') mounted
[2025.10.22-01.00.34:215][  0]LogShaderLibrary: Display: ShaderCodeLibraryPakFileMountedCallback: pending pak file info (ChunkID:-1 Root:root:/ File:C:/Program Files/Epic Games/UE_4.27/FeaturePacks/TP_Flying.upack)
[2025.10.22-01.00.34:215][  0]LogPakFile: OnPakFileMounted2Time == 0.000032
[2025.10.22-01.00.34:215][  0]LogPakFile: PakFile PrimaryIndexSize=184
[2025.10.22-01.00.34:215][  0]LogPakFile: PakFile PathHashIndexSize=101
[2025.10.22-01.00.34:215][  0]LogPakFile: PakFile FullDirectoryIndexSize=142
[2025.10.22-01.00.34:215][  0]LogShaderLibrary: Display: ShaderCodeLibraryPakFileMountedCallback: PakFile 'C:/Program Files/Epic Games/UE_4.27/FeaturePacks/TP_FlyingBP.upack' (chunk index -1, root 'root:/') mounted
[2025.10.22-01.00.34:215][  0]LogShaderLibrary: Display: ShaderCodeLibraryPakFileMountedCallback: pending pak file info (ChunkID:-1 Root:root:/ File:C:/Program Files/Epic Games/UE_4.27/FeaturePacks/TP_FlyingBP.upack)
[2025.10.22-01.00.34:215][  0]LogPakFile: OnPakFileMounted2Time == 0.000021
[2025.10.22-01.00.34:215][  0]LogPakFile: PakFile PrimaryIndexSize=188
[2025.10.22-01.00.34:215][  0]LogPakFile: PakFile PathHashIndexSize=101
[2025.10.22-01.00.34:215][  0]LogPakFile: PakFile FullDirectoryIndexSize=150
[2025.10.22-01.00.34:215][  0]LogShaderLibrary: Display: ShaderCodeLibraryPakFileMountedCallback: PakFile 'C:/Program Files/Epic Games/UE_4.27/FeaturePacks/TP_HandheldARBP.upack' (chunk index -1, root 'root:/') mounted
[2025.10.22-01.00.34:215][  0]LogShaderLibrary: Display: ShaderCodeLibraryPakFileMountedCallback: pending pak file info (ChunkID:-1 Root:root:/ File:C:/Program Files/Epic Games/UE_4.27/FeaturePacks/TP_HandheldARBP.upack)
[2025.10.22-01.00.34:215][  0]LogPakFile: OnPakFileMounted2Time == 0.000022
[2025.10.22-01.00.34:216][  0]LogPakFile: PakFile PrimaryIndexSize=182
[2025.10.22-01.00.34:216][  0]LogPakFile: PakFile PathHashIndexSize=101
[2025.10.22-01.00.34:216][  0]LogPakFile: PakFile FullDirectoryIndexSize=138
[2025.10.22-01.00.34:216][  0]LogShaderLibrary: Display: ShaderCodeLibraryPakFileMountedCallback: PakFile 'C:/Program Files/Epic Games/UE_4.27/FeaturePacks/TP_Puzzle.upack' (chunk index -1, root 'root:/') mounted
[2025.10.22-01.00.34:216][  0]LogShaderLibrary: Display: ShaderCodeLibraryPakFileMountedCallback: pending pak file info (ChunkID:-1 Root:root:/ File:C:/Program Files/Epic Games/UE_4.27/FeaturePacks/TP_Puzzle.upack)
[2025.10.22-01.00.34:216][  0]LogPakFile: OnPakFileMounted2Time == 0.000022
[2025.10.22-01.00.34:216][  0]LogPakFile: PakFile PrimaryIndexSize=184
[2025.10.22-01.00.34:216][  0]LogPakFile: PakFile PathHashIndexSize=101
[2025.10.22-01.00.34:216][  0]LogPakFile: PakFile FullDirectoryIndexSize=142
[2025.10.22-01.00.34:216][  0]LogShaderLibrary: Display: ShaderCodeLibraryPakFileMountedCallback: PakFile 'C:/Program Files/Epic Games/UE_4.27/FeaturePacks/TP_PuzzleBP.upack' (chunk index -1, root 'root:/') mounted
[2025.10.22-01.00.34:216][  0]LogShaderLibrary: Display: ShaderCodeLibraryPakFileMountedCallback: pending pak file info (ChunkID:-1 Root:root:/ File:C:/Program Files/Epic Games/UE_4.27/FeaturePacks/TP_PuzzleBP.upack)
[2025.10.22-01.00.34:216][  0]LogPakFile: OnPakFileMounted2Time == 0.000021
[2025.10.22-01.00.34:217][  0]LogPakFile: PakFile PrimaryIndexSize=183
[2025.10.22-01.00.34:217][  0]LogPakFile: PakFile PathHashIndexSize=101
[2025.10.22-01.00.34:217][  0]LogPakFile: PakFile FullDirectoryIndexSize=140
[2025.10.22-01.00.34:217][  0]LogShaderLibrary: Display: ShaderCodeLibraryPakFileMountedCallback: PakFile 'C:/Program Files/Epic Games/UE_4.27/FeaturePacks/TP_Rolling.upack' (chunk index -1, root 'root:/') mounted
[2025.10.22-01.00.34:217][  0]LogShaderLibrary: Display: ShaderCodeLibraryPakFileMountedCallback: pending pak file info (ChunkID:-1 Root:root:/ File:C:/Program Files/Epic Games/UE_4.27/FeaturePacks/TP_Rolling.upack)
[2025.10.22-01.00.34:217][  0]LogPakFile: OnPakFileMounted2Time == 0.000022
[2025.10.22-01.00.34:217][  0]LogPakFile: PakFile PrimaryIndexSize=185
[2025.10.22-01.00.34:217][  0]LogPakFile: PakFile PathHashIndexSize=101
[2025.10.22-01.00.34:217][  0]LogPakFile: PakFile FullDirectoryIndexSize=144
[2025.10.22-01.00.34:217][  0]LogShaderLibrary: Display: ShaderCodeLibraryPakFileMountedCallback: PakFile 'C:/Program Files/Epic Games/UE_4.27/FeaturePacks/TP_RollingBP.upack' (chunk index -1, root 'root:/') mounted
[2025.10.22-01.00.34:217][  0]LogShaderLibrary: Display: ShaderCodeLibraryPakFileMountedCallback: pending pak file info (ChunkID:-1 Root:root:/ File:C:/Program Files/Epic Games/UE_4.27/FeaturePacks/TP_RollingBP.upack)
[2025.10.22-01.00.34:217][  0]LogPakFile: OnPakFileMounted2Time == 0.000021
[2025.10.22-01.00.34:217][  0]LogPakFile: PakFile PrimaryIndexSize=188
[2025.10.22-01.00.34:217][  0]LogPakFile: PakFile PathHashIndexSize=101
[2025.10.22-01.00.34:217][  0]LogPakFile: PakFile FullDirectoryIndexSize=150
[2025.10.22-01.00.34:217][  0]LogShaderLibrary: Display: ShaderCodeLibraryPakFileMountedCallback: PakFile 'C:/Program Files/Epic Games/UE_4.27/FeaturePacks/TP_SideScroller.upack' (chunk index -1, root 'root:/') mounted
[2025.10.22-01.00.34:218][  0]LogShaderLibrary: Display: ShaderCodeLibraryPakFileMountedCallback: pending pak file info (ChunkID:-1 Root:root:/ File:C:/Program Files/Epic Games/UE_4.27/FeaturePacks/TP_SideScroller.upack)
[2025.10.22-01.00.34:218][  0]LogPakFile: OnPakFileMounted2Time == 0.000022
[2025.10.22-01.00.34:218][  0]LogPakFile: PakFile PrimaryIndexSize=190
[2025.10.22-01.00.34:218][  0]LogPakFile: PakFile PathHashIndexSize=101
[2025.10.22-01.00.34:218][  0]LogPakFile: PakFile FullDirectoryIndexSize=154
[2025.10.22-01.00.34:218][  0]LogShaderLibrary: Display: ShaderCodeLibraryPakFileMountedCallback: PakFile 'C:/Program Files/Epic Games/UE_4.27/FeaturePacks/TP_SideScrollerBP.upack' (chunk index -1, root 'root:/') mounted
[2025.10.22-01.00.34:218][  0]LogShaderLibrary: Display: ShaderCodeLibraryPakFileMountedCallback: pending pak file info (ChunkID:-1 Root:root:/ File:C:/Program Files/Epic Games/UE_4.27/FeaturePacks/TP_SideScrollerBP.upack)
[2025.10.22-01.00.34:218][  0]LogPakFile: OnPakFileMounted2Time == 0.000022
[2025.10.22-01.00.34:218][  0]LogPakFile: PakFile PrimaryIndexSize=187
[2025.10.22-01.00.34:218][  0]LogPakFile: PakFile PathHashIndexSize=101
[2025.10.22-01.00.34:218][  0]LogPakFile: PakFile FullDirectoryIndexSize=148
[2025.10.22-01.00.34:218][  0]LogShaderLibrary: Display: ShaderCodeLibraryPakFileMountedCallback: PakFile 'C:/Program Files/Epic Games/UE_4.27/FeaturePacks/TP_ThirdPerson.upack' (chunk index -1, root 'root:/') mounted
[2025.10.22-01.00.34:218][  0]LogShaderLibrary: Display: ShaderCodeLibraryPakFileMountedCallback: pending pak file info (ChunkID:-1 Root:root:/ File:C:/Program Files/Epic Games/UE_4.27/FeaturePacks/TP_ThirdPerson.upack)
[2025.10.22-01.00.34:218][  0]LogPakFile: OnPakFileMounted2Time == 0.000022
[2025.10.22-01.00.34:219][  0]LogPakFile: PakFile PrimaryIndexSize=189
[2025.10.22-01.00.34:219][  0]LogPakFile: PakFile PathHashIndexSize=101
[2025.10.22-01.00.34:219][  0]LogPakFile: PakFile FullDirectoryIndexSize=152
[2025.10.22-01.00.34:219][  0]LogShaderLibrary: Display: ShaderCodeLibraryPakFileMountedCallback: PakFile 'C:/Program Files/Epic Games/UE_4.27/FeaturePacks/TP_ThirdPersonBP.upack' (chunk index -1, root 'root:/') mounted
[2025.10.22-01.00.34:219][  0]LogShaderLibrary: Display: ShaderCodeLibraryPakFileMountedCallback: pending pak file info (ChunkID:-1 Root:root:/ File:C:/Program Files/Epic Games/UE_4.27/FeaturePacks/TP_ThirdPersonBP.upack)
[2025.10.22-01.00.34:219][  0]LogPakFile: OnPakFileMounted2Time == 0.000021
[2025.10.22-01.00.34:219][  0]LogPakFile: PakFile PrimaryIndexSize=183
[2025.10.22-01.00.34:219][  0]LogPakFile: PakFile PathHashIndexSize=101
[2025.10.22-01.00.34:219][  0]LogPakFile: PakFile FullDirectoryIndexSize=140
[2025.10.22-01.00.34:219][  0]LogShaderLibrary: Display: ShaderCodeLibraryPakFileMountedCallback: PakFile 'C:/Program Files/Epic Games/UE_4.27/FeaturePacks/TP_TopDown.upack' (chunk index -1, root 'root:/') mounted
[2025.10.22-01.00.34:219][  0]LogShaderLibrary: Display: ShaderCodeLibraryPakFileMountedCallback: pending pak file info (ChunkID:-1 Root:root:/ File:C:/Program Files/Epic Games/UE_4.27/FeaturePacks/TP_TopDown.upack)
[2025.10.22-01.00.34:219][  0]LogPakFile: OnPakFileMounted2Time == 0.000027
[2025.10.22-01.00.34:219][  0]LogPakFile: PakFile PrimaryIndexSize=185
[2025.10.22-01.00.34:219][  0]LogPakFile: PakFile PathHashIndexSize=101
[2025.10.22-01.00.34:219][  0]LogPakFile: PakFile FullDirectoryIndexSize=144
[2025.10.22-01.00.34:219][  0]LogShaderLibrary: Display: ShaderCodeLibraryPakFileMountedCallback: PakFile 'C:/Program Files/Epic Games/UE_4.27/FeaturePacks/TP_TopDownBP.upack' (chunk index -1, root 'root:/') mounted
[2025.10.22-01.00.34:219][  0]LogShaderLibrary: Display: ShaderCodeLibraryPakFileMountedCallback: pending pak file info (ChunkID:-1 Root:root:/ File:C:/Program Files/Epic Games/UE_4.27/FeaturePacks/TP_TopDownBP.upack)
[2025.10.22-01.00.34:219][  0]LogPakFile: OnPakFileMounted2Time == 0.000022
[2025.10.22-01.00.34:219][  0]LogPakFile: PakFile PrimaryIndexSize=185
[2025.10.22-01.00.34:219][  0]LogPakFile: PakFile PathHashIndexSize=101
[2025.10.22-01.00.34:219][  0]LogPakFile: PakFile FullDirectoryIndexSize=144
[2025.10.22-01.00.34:219][  0]LogShaderLibrary: Display: ShaderCodeLibraryPakFileMountedCallback: PakFile 'C:/Program Files/Epic Games/UE_4.27/FeaturePacks/TP_TwinStick.upack' (chunk index -1, root 'root:/') mounted
[2025.10.22-01.00.34:219][  0]LogShaderLibrary: Display: ShaderCodeLibraryPakFileMountedCallback: pending pak file info (ChunkID:-1 Root:root:/ File:C:/Program Files/Epic Games/UE_4.27/FeaturePacks/TP_TwinStick.upack)
[2025.10.22-01.00.34:219][  0]LogPakFile: OnPakFileMounted2Time == 0.000021
[2025.10.22-01.00.34:221][  0]LogPakFile: PakFile PrimaryIndexSize=187
[2025.10.22-01.00.34:221][  0]LogPakFile: PakFile PathHashIndexSize=101
[2025.10.22-01.00.34:221][  0]LogPakFile: PakFile FullDirectoryIndexSize=148
[2025.10.22-01.00.34:221][  0]LogShaderLibrary: Display: ShaderCodeLibraryPakFileMountedCallback: PakFile 'C:/Program Files/Epic Games/UE_4.27/FeaturePacks/TP_TwinStickBP.upack' (chunk index -1, root 'root:/') mounted
[2025.10.22-01.00.34:221][  0]LogShaderLibrary: Display: ShaderCodeLibraryPakFileMountedCallback: pending pak file info (ChunkID:-1 Root:root:/ File:C:/Program Files/Epic Games/UE_4.27/FeaturePacks/TP_TwinStickBP.upack)
[2025.10.22-01.00.34:221][  0]LogPakFile: OnPakFileMounted2Time == 0.000023
[2025.10.22-01.00.34:221][  0]LogPakFile: PakFile PrimaryIndexSize=183
[2025.10.22-01.00.34:221][  0]LogPakFile: PakFile PathHashIndexSize=101
[2025.10.22-01.00.34:221][  0]LogPakFile: PakFile FullDirectoryIndexSize=140
[2025.10.22-01.00.34:221][  0]LogShaderLibrary: Display: ShaderCodeLibraryPakFileMountedCallback: PakFile 'C:/Program Files/Epic Games/UE_4.27/FeaturePacks/TP_Vehicle.upack' (chunk index -1, root 'root:/') mounted
[2025.10.22-01.00.34:221][  0]LogShaderLibrary: Display: ShaderCodeLibraryPakFileMountedCallback: pending pak file info (ChunkID:-1 Root:root:/ File:C:/Program Files/Epic Games/UE_4.27/FeaturePacks/TP_Vehicle.upack)
[2025.10.22-01.00.34:221][  0]LogPakFile: OnPakFileMounted2Time == 0.000022
[2025.10.22-01.00.34:221][  0]LogPakFile: PakFile PrimaryIndexSize=186
[2025.10.22-01.00.34:221][  0]LogPakFile: PakFile PathHashIndexSize=101
[2025.10.22-01.00.34:222][  0]LogPakFile: PakFile FullDirectoryIndexSize=146
[2025.10.22-01.00.34:222][  0]LogShaderLibrary: Display: ShaderCodeLibraryPakFileMountedCallback: PakFile 'C:/Program Files/Epic Games/UE_4.27/FeaturePacks/TP_VehicleAdv.upack' (chunk index -1, root 'root:/') mounted
[2025.10.22-01.00.34:222][  0]LogShaderLibrary: Display: ShaderCodeLibraryPakFileMountedCallback: pending pak file info (ChunkID:-1 Root:root:/ File:C:/Program Files/Epic Games/UE_4.27/FeaturePacks/TP_VehicleAdv.upack)
[2025.10.22-01.00.34:222][  0]LogPakFile: OnPakFileMounted2Time == 0.000023
[2025.10.22-01.00.34:222][  0]LogPakFile: PakFile PrimaryIndexSize=188
[2025.10.22-01.00.34:222][  0]LogPakFile: PakFile PathHashIndexSize=101
[2025.10.22-01.00.34:222][  0]LogPakFile: PakFile FullDirectoryIndexSize=150
[2025.10.22-01.00.34:222][  0]LogShaderLibrary: Display: ShaderCodeLibraryPakFileMountedCallback: PakFile 'C:/Program Files/Epic Games/UE_4.27/FeaturePacks/TP_VehicleAdvBP.upack' (chunk index -1, root 'root:/') mounted
[2025.10.22-01.00.34:222][  0]LogShaderLibrary: Display: ShaderCodeLibraryPakFileMountedCallback: pending pak file info (ChunkID:-1 Root:root:/ File:C:/Program Files/Epic Games/UE_4.27/FeaturePacks/TP_VehicleAdvBP.upack)
[2025.10.22-01.00.34:222][  0]LogPakFile: OnPakFileMounted2Time == 0.000024
[2025.10.22-01.00.34:222][  0]LogPakFile: PakFile PrimaryIndexSize=185
[2025.10.22-01.00.34:222][  0]LogPakFile: PakFile PathHashIndexSize=101
[2025.10.22-01.00.34:222][  0]LogPakFile: PakFile FullDirectoryIndexSize=144
[2025.10.22-01.00.34:222][  0]LogShaderLibrary: Display: ShaderCodeLibraryPakFileMountedCallback: PakFile 'C:/Program Files/Epic Games/UE_4.27/FeaturePacks/TP_VehicleBP.upack' (chunk index -1, root 'root:/') mounted
[2025.10.22-01.00.34:222][  0]LogShaderLibrary: Display: ShaderCodeLibraryPakFileMountedCallback: pending pak file info (ChunkID:-1 Root:root:/ File:C:/Program Files/Epic Games/UE_4.27/FeaturePacks/TP_VehicleBP.upack)
[2025.10.22-01.00.34:222][  0]LogPakFile: OnPakFileMounted2Time == 0.000022
[2025.10.22-01.00.34:223][  0]LogPakFile: PakFile PrimaryIndexSize=192
[2025.10.22-01.00.34:223][  0]LogPakFile: PakFile PathHashIndexSize=101
[2025.10.22-01.00.34:223][  0]LogPakFile: PakFile FullDirectoryIndexSize=158
[2025.10.22-01.00.34:223][  0]LogShaderLibrary: Display: ShaderCodeLibraryPakFileMountedCallback: PakFile 'C:/Program Files/Epic Games/UE_4.27/FeaturePacks/TP_VirtualRealityBP.upack' (chunk index -1, root 'root:/') mounted
[2025.10.22-01.00.34:223][  0]LogShaderLibrary: Display: ShaderCodeLibraryPakFileMountedCallback: pending pak file info (ChunkID:-1 Root:root:/ File:C:/Program Files/Epic Games/UE_4.27/FeaturePacks/TP_VirtualRealityBP.upack)
[2025.10.22-01.00.34:223][  0]LogPakFile: OnPakFileMounted2Time == 0.000024
[2025.10.22-01.00.34:257][  0]LogNativeClassHierarchy: Verbose: Native class hierarchy updated for 'AddContentDialog' in 0.0002 seconds. Added 0 classes and 0 folders.
[2025.10.22-01.00.34:258][  0]LogNativeClassHierarchy: Verbose: Native class hierarchy updated for 'SceneOutliner' in 0.0002 seconds. Added 2 classes and 0 folders.
[2025.10.22-01.00.34:270][  0]LogNativeClassHierarchy: Verbose: Native class hierarchy updated for 'WorldBrowser' in 0.0002 seconds. Added 2 classes and 3 folders.
[2025.10.22-01.00.34:313][  0]LogSlate: Took 0.000256 seconds to synchronously load lazily loaded font '../../../Engine/Content/Editor/Slate/Fonts/FontAwesome.ttf' (139K)
[2025.10.22-01.00.34:314][  0]LogSlate: Took 0.000178 seconds to synchronously load lazily loaded font '../../../Engine/Content/Slate/Fonts/Roboto-Bold.ttf' (160K)
[2025.10.22-01.00.34:354][  0]LogRenderer: Reallocating scene render targets to support 1052x504 Format 10 NumSamples 1 (Frame:1).
[2025.10.22-01.00.34:489][  0]LogNativeClassHierarchy: Verbose: Native class hierarchy updated for 'HierarchicalLODOutliner' in 0.0002 seconds. Added 0 classes and 0 folders.
[2025.10.22-01.00.34:489][  0]LogLoad: (Engine Initialization) Total time: 31.94 seconds
[2025.10.22-01.00.34:489][  0]LogLoad: (Engine Initialization) Total Blueprint compile time: 0.00 seconds
[2025.10.22-01.00.34:542][  0]LogAssetRegistry: Asset discovery search completed in 29.3716 seconds
[2025.10.22-01.00.34:548][  0]LogCollectionManager: Fixed up redirectors for 0 collections in 0.000003 seconds (updated 0 objects)
[2025.10.22-01.00.34:549][  0]LogContentStreaming: Texture pool size now 1000 MB
[2025.10.22-01.00.34:896][  3]LogSlate: Took 0.000200 seconds to synchronously load lazily loaded font '../../../Engine/Content/Slate/Fonts/Roboto-Light.ttf' (167K)
[2025.10.22-01.00.35:514][ 39]LogSlate: Took 0.000117 seconds to synchronously load lazily loaded font '../../../Engine/Content/Slate/Fonts/Roboto-Light.ttf' (167K)
[2025.10.22-01.06.45:568][657]LogNavigation: Warning: ConstructTiledNavMesh: Failed to create navmesh of size 0.
[2025.10.22-01.06.46:690][724]LogNavigation: Warning: ConstructTiledNavMesh: Failed to create navmesh of size 0.
[2025.10.22-01.06.55:115][227]LogEditorViewport: Clicking on Actor (LMB): StaticMeshActor (S_Map)
[2025.10.22-01.06.55:964][274]Cmd: DELETE
[2025.10.22-01.06.55:964][274]Cmd: ACTOR DELETE
[2025.10.22-01.06.55:966][274]LogEditorActor: Deleted Actor: StaticMeshActor
[2025.10.22-01.06.55:972][274]LogUObjectHash: Compacting FUObjectHashTables data took   0.65ms
[2025.10.22-01.06.55:972][274]LogEditorActor: Deleted 1 Actors (0.008 secs)
[2025.10.22-01.06.55:973][274]LogNavigation: Warning: ConstructTiledNavMesh: Failed to create navmesh of size 0.
[2025.10.22-01.06.59:638][494]LogUObjectHash: Compacting FUObjectHashTables data took   0.28ms
[2025.10.22-01.07.07:990][494]LogSlate: Window 'Save Content' being destroyed
[2025.10.22-01.07.08:035][494]LogAssetEditorSubsystem: Opening Asset editor for World /Game/Maps/PropsMichelle.PropsMichelle
[2025.10.22-01.07.08:035][494]Cmd: MAP LOAD FILE="../../../../../../GitHub/TasteOfMadness/TasteOfMadness/Content/Maps/PropsMichelle.umap" TEMPLATE=0 SHOWPROGRESS=1 FEATURELEVEL=3
[2025.10.22-01.07.08:035][494]LightingResults: New page: Lighting Build
[2025.10.22-01.07.08:036][494]LoadErrors: New page: Loading map: PropsMichelle.umap
[2025.10.22-01.07.08:040][494]LogWorld: UWorld::CleanupWorld for MainPersistent, bSessionEnded=true, bCleanupResources=true
[2025.10.22-01.07.08:040][494]LogSlate: InvalidateAllWidgets triggered.  All widgets were invalidated
[2025.10.22-01.07.08:040][494]LogWorld: UWorld::CleanupWorld for PropsSamuel, bSessionEnded=true, bCleanupResources=true
[2025.10.22-01.07.08:040][494]LogSlate: InvalidateAllWidgets triggered.  All widgets were invalidated
[2025.10.22-01.07.08:040][494]LogWorld: UWorld::CleanupWorld for PropsMichelle, bSessionEnded=true, bCleanupResources=true
[2025.10.22-01.07.08:040][494]LogSlate: InvalidateAllWidgets triggered.  All widgets were invalidated
[2025.10.22-01.07.08:040][494]LogWorld: UWorld::CleanupWorld for PropsDaniela, bSessionEnded=true, bCleanupResources=true
[2025.10.22-01.07.08:040][494]LogSlate: InvalidateAllWidgets triggered.  All widgets were invalidated
[2025.10.22-01.07.08:040][494]LogWorld: UWorld::CleanupWorld for PropsChris, bSessionEnded=true, bCleanupResources=true
[2025.10.22-01.07.08:040][494]LogSlate: InvalidateAllWidgets triggered.  All widgets were invalidated
[2025.10.22-01.07.08:040][494]LogWorld: UWorld::CleanupWorld for PropsOliver, bSessionEnded=true, bCleanupResources=true
[2025.10.22-01.07.08:040][494]LogSlate: InvalidateAllWidgets triggered.  All widgets were invalidated
[2025.10.22-01.07.08:040][494]LogWorld: UWorld::CleanupWorld for FrancisIA, bSessionEnded=true, bCleanupResources=true
[2025.10.22-01.07.08:040][494]LogSlate: InvalidateAllWidgets triggered.  All widgets were invalidated
[2025.10.22-01.07.08:040][494]LogWorld: UWorld::CleanupWorld for ComidaVivaIA, bSessionEnded=true, bCleanupResources=true
[2025.10.22-01.07.08:040][494]LogSlate: InvalidateAllWidgets triggered.  All widgets were invalidated
[2025.10.22-01.07.08:041][494]MapCheck: New page: Map Check
[2025.10.22-01.07.08:041][494]LightingResults: New page: Lighting Build
[2025.10.22-01.07.08:049][494]LogAudio: Display: Audio Device unregistered from world 'None'.
[2025.10.22-01.07.08:053][494]LogUObjectHash: Compacting FUObjectHashTables data took   0.55ms
[2025.10.22-01.07.08:054][494]LogAudio: Display: Audio Device (ID: 1) registered with world 'PropsMichelle'.
[2025.10.22-01.07.08:054][494]LogAIModule: Creating AISystem for world PropsMichelle
[2025.10.22-01.07.08:056][494]LogEditorServer: Finished looking for orphan Actors (0.000 secs)
[2025.10.22-01.07.08:062][494]LogUObjectHash: Compacting FUObjectHashTables data took   0.48ms
[2025.10.22-01.07.08:080][494]Cmd: MAP CHECKDEP NOCLEARLOG
[2025.10.22-01.07.08:080][494]MapCheck: Map check complete: 0 Error(s), 0 Warning(s), took 0.119ms to complete.
[2025.10.22-01.07.08:080][494]LogFileHelpers: Loading map 'PropsMichelle' took 0.044
[2025.10.22-01.07.08:116][494]LogUObjectHash: Compacting FUObjectHashTables data took   0.23ms
[2025.10.22-01.07.11:259][681]LogAssetEditorSubsystem: Opening Asset editor for WidgetBlueprint /Game/UI/Widgets/WBP_MenuPausa.WBP_MenuPausa
[2025.10.22-01.07.11:338][681]LogNativeClassHierarchy: Verbose: Native class hierarchy updated for 'BlueprintGraph' in 0.0004 seconds. Added 126 classes and 0 folders.
[2025.10.22-01.07.12:065][681]LogSlate: Took 0.000275 seconds to synchronously load lazily loaded font '../../../Engine/Content/Slate/Fonts/Roboto-BoldCondensed.ttf' (158K)
[2025.10.22-01.07.21:004][213]LogAssetEditorSubsystem: Opening Asset editor for Blueprint /Game/UI/Widgets/BP_ClareCharacter.BP_ClareCharacter
[2025.10.22-01.07.21:454][214]LogSlate: Took 0.000242 seconds to synchronously load lazily loaded font '../../../Engine/Content/Slate/Fonts/Roboto-Italic.ttf' (157K)
[2025.10.22-01.07.36:419][108]LogAssetEditorSubsystem: Opening Asset editor for Blueprint /Game/Characters/Clare/Blueprints/BP_ClareCharacter.BP_ClareCharacter
[2025.10.22-01.07.40:627][341]LogUObjectHash: Compacting FUObjectHashTables data took   2.53ms
[2025.10.22-01.07.41:590][341]LogSlate: Window 'Save Content' being destroyed
[2025.10.22-01.07.45:295][562]LogTemp: Repeating last play command: Selected Viewport
[2025.10.22-01.07.45:305][562]LogPlayLevel: PlayLevel: No blueprints needed recompiling
[2025.10.22-01.07.45:306][562]PIE: New page: PIE session: PropsMichelle (21 oct. 2025 14:07:45)
[2025.10.22-01.07.45:307][562]LogOnline: OSS: Creating online subsystem instance for: NULL
[2025.10.22-01.07.45:308][562]LogOnline: OSS: TryLoadSubsystemAndSetDefault: Loaded subsystem for module [NULL]
[2025.10.22-01.07.45:309][562]LogPlayLevel: Creating play world package: /Game/Maps/UEDPIE_0_PropsMichelle
[2025.10.22-01.07.45:310][562]LogPlayLevel: PIE: StaticDuplicateObject took: (0.001708s)
[2025.10.22-01.07.45:310][562]LogAIModule: Creating AISystem for world PropsMichelle
[2025.10.22-01.07.45:311][562]LogPlayLevel: PIE: World Init took: (0.000817s)
[2025.10.22-01.07.45:311][562]LogPlayLevel: PIE: Created PIE world by copying editor world from /Game/Maps/PropsMichelle.PropsMichelle to /Game/Maps/UEDPIE_0_PropsMichelle.PropsMichelle (0.002646s)
[2025.10.22-01.07.45:340][562]LogUObjectHash: Compacting FUObjectHashTables data took   2.04ms
[2025.10.22-01.07.45:340][562]LogAudio: Display: Creating Audio Device:                 Id: 2, Scope: Unique, Realtime: True
[2025.10.22-01.07.45:340][562]LogAudioMixer: Display: Audio Mixer Platform Settings:
[2025.10.22-01.07.45:340][562]LogAudioMixer: Display: 	Sample Rate:						  48000
[2025.10.22-01.07.45:340][562]LogAudioMixer: Display: 	Callback Buffer Frame Size Requested: 1024
[2025.10.22-01.07.45:340][562]LogAudioMixer: Display: 	Callback Buffer Frame Size To Use:	  1024
[2025.10.22-01.07.45:340][562]LogAudioMixer: Display: 	Number of buffers to queue:			  2
[2025.10.22-01.07.45:340][562]LogAudioMixer: Display: 	Max Channels (voices):				  32
[2025.10.22-01.07.45:340][562]LogAudioMixer: Display: 	Number of Async Source Workers:		  0
[2025.10.22-01.07.45:340][562]LogAudio: Display: AudioDevice MaxSources: 32
[2025.10.22-01.07.45:341][562]LogAudio: Display: Audio Spatialization Plugin: None (built-in).
[2025.10.22-01.07.45:341][562]LogAudio: Display: Audio Reverb Plugin: None (built-in).
[2025.10.22-01.07.45:341][562]LogAudio: Display: Audio Occlusion Plugin: None (built-in).
[2025.10.22-01.07.45:341][562]LogAudioMixer: Display: Initializing audio mixer.
[2025.10.22-01.07.45:343][562]LogAudioMixer: Display: 0: FrontLeft
[2025.10.22-01.07.45:343][562]LogAudioMixer: Display: 1: FrontRight
[2025.10.22-01.07.45:372][562]LogAudioMixer: Display: Using Audio Device Speakers (Realtek(R) Audio)
[2025.10.22-01.07.45:372][562]LogAudioMixer: Display: Initializing Sound Submixes...
[2025.10.22-01.07.45:372][562]LogAudioMixer: Display: Creating Master Submix 'MasterSubmixDefault'
[2025.10.22-01.07.45:372][562]LogAudioMixer: Display: Creating Master Submix 'MasterReverbSubmixDefault'
[2025.10.22-01.07.45:373][562]LogAudioMixer: Display: Creating Master Submix 'MasterEQSubmixDefault'
[2025.10.22-01.07.45:373][562]LogAudioMixer: FMixerPlatformXAudio2::StartAudioStream() called
[2025.10.22-01.07.45:373][562]LogAudioMixer: Display: Output buffers initialized: Frames=1024, Channels=2, Samples=2048
[2025.10.22-01.07.45:374][562]LogAudioMixer: Display: Starting AudioMixerPlatformInterface::RunInternal()
[2025.10.22-01.07.45:374][562]LogAudioMixer: Display: FMixerPlatformXAudio2::SubmitBuffer() called for the first time
[2025.10.22-01.07.45:374][562]LogInit: FAudioDevice initialized.
[2025.10.22-01.07.45:374][562]LogAudio: Display: Audio Device (ID: 2) registered with world 'PropsMichelle'.
[2025.10.22-01.07.45:384][562]LogLoad: Game class is 'BP_GameMode_C'
[2025.10.22-01.07.45:386][562]LogWorld: Bringing World /Game/Maps/UEDPIE_0_PropsMichelle.PropsMichelle up for play (max tick rate 60) at 2025.10.21-19.07.45
[2025.10.22-01.07.45:386][562]LogWorld: Bringing up level for play took: 0.000447
[2025.10.22-01.07.45:386][562]LogOnline: OSS: Creating online subsystem instance for: :Context_8
[2025.10.22-01.07.45:388][562]LogNativeClassHierarchy: Verbose: Native class hierarchy updated for 'MovieSceneCapture' in 0.0002 seconds. Added 20 classes and 0 folders.
[2025.10.22-01.07.45:390][562]LogBlueprintUserMessages: [BP_ClareCharacter_C_0] BP_Sarten
[2025.10.22-01.07.45:391][562]LogBlueprintUserMessages: [BP_ClareCharacter_C_0] BP_Olla
[2025.10.22-01.07.45:392][562]LogBlueprintUserMessages: [BP_ClareCharacter_C_0] BP_LlaveInglesa
[2025.10.22-01.07.45:394][562]LogBlueprintUserMessages: [BP_ClareCharacter_C_0] BP_Escoba
[2025.10.22-01.07.45:395][562]LogBlueprintUserMessages: [BP_ClareCharacter_C_0] BP_Trapeador
[2025.10.22-01.07.45:396][562]LogBlueprintUserMessages: [BP_ClareCharacter_C_0] BP_Extintor
[2025.10.22-01.07.45:397][562]LogBlueprintUserMessages: [BP_ClareCharacter_C_0] BP_Cuchillo
[2025.10.22-01.07.45:399][562]PIE: Server logged in
[2025.10.22-01.07.45:400][562]PIE: Play in editor total start time 0.096 seconds.
[2025.10.22-01.07.52:145][954]LogSlate: Updating window title bar state: overlay mode, drag disabled, window buttons hidden, title bar hidden
[2025.10.22-01.07.52:145][954]LogWorld: BeginTearingDown for /Game/Maps/UEDPIE_0_PropsMichelle
[2025.10.22-01.07.52:145][954]LogWorld: UWorld::CleanupWorld for PropsMichelle, bSessionEnded=true, bCleanupResources=true
[2025.10.22-01.07.52:146][954]LogSlate: InvalidateAllWidgets triggered.  All widgets were invalidated
[2025.10.22-01.07.52:158][954]LogPlayLevel: Display: Shutting down PIE online subsystems
[2025.10.22-01.07.52:164][954]LogSlate: InvalidateAllWidgets triggered.  All widgets were invalidated
[2025.10.22-01.07.52:190][954]LogSlate: Updating window title bar state: overlay mode, drag disabled, window buttons hidden, title bar hidden
[2025.10.22-01.07.52:190][954]LogAudioMixer: FMixerPlatformXAudio2::StopAudioStream() called
[2025.10.22-01.07.52:192][954]LogAudioMixer: FMixerPlatformXAudio2::StopAudioStream() called
[2025.10.22-01.07.52:211][954]LogUObjectHash: Compacting FUObjectHashTables data took   3.50ms
[2025.10.22-01.07.52:231][955]LogPlayLevel: Display: Destroying online subsystem :Context_8
[2025.10.22-01.08.05:374][726]LogSlate: Took 0.002481 seconds to synchronously load lazily loaded font '../../../Engine/Content/Slate/Fonts/DroidSansFallback.ttf' (3848K)
[2025.10.22-01.09.49:428][768]BlueprintLog: New page: Compile WBP_MenuPausa
[2025.10.22-01.09.49:517][768]LogUObjectHash: Compacting FUObjectHashTables data took   5.53ms
[2025.10.22-01.09.49:575][768]LogSlate: Took 0.000286 seconds to synchronously load lazily loaded font '../../../Engine/Content/Slate/Fonts/DroidSansMono.ttf' (77K)
[2025.10.22-01.09.50:052][774]Cmd: OBJ SAVEPACKAGE PACKAGE="/Game/UI/Widgets/WBP_MenuPausa" FILE="../../../../../../GitHub/TasteOfMadness/TasteOfMadness/Content/UI/Widgets/WBP_MenuPausa.uasset" SILENT=true
[2025.10.22-01.09.50:066][774]LogSavePackage: Moving '../../../../../../GitHub/TasteOfMadness/TasteOfMadness/Saved/WBP_MenuPausaCA78BE0E4010B6C556B3E9B5B39BB6FB.tmp' to '../../../../../../GitHub/TasteOfMadness/TasteOfMadness/Content/UI/Widgets/WBP_MenuPausa.uasset'
[2025.10.22-01.09.50:186][774]AssetCheck: New page: Asset Save: WBP_MenuPausa
[2025.10.22-01.09.50:186][774]LogContentValidation: Display: Validating WidgetBlueprint /Game/UI/Widgets/WBP_MenuPausa.WBP_MenuPausa
[2025.10.22-01.55.18:218][826]LogAudioMixer: Resetting audio stream to device id 
[2025.10.22-01.55.18:256][826]LogAudioMixer: Display: 0: FrontLeft
[2025.10.22-01.55.18:256][826]LogAudioMixer: Display: 1: FrontRight
[2025.10.22-01.55.19:171][829]LogHttp: Warning: 000002513BAC7200: invalid HTTP response code received. URL: https://datarouter.ol.epicgames.com/datarouter/api/v1/public/data?SessionID=%7B4E662470-4D65-0C88-4472-54A88329D578%7D&AppID=UEEditor.Rocket.Release&AppVersion=4.27.2-18319896%2B%2B%2BUE4%2BRelease-4.27&UserID=d7a7915b408096e37c5bfc84cd1f3308%7C80351ff06e134d34adfb00624a52698f%7C979a6d00-380c-4382-b5dd-00a4368c95ba&AppEnvironment=datacollector-binary&UploadType=eteventstream, HTTP code: 0, content length: 0, actual payload size: 0
[2025.10.22-01.55.19:172][829]LogHttp: Warning: 000002513BAC7200: request failed, libcurl error: 6 (Couldn't resolve host name)
[2025.10.22-01.55.19:172][829]LogHttp: Warning: 000002513BAC7200: libcurl info message cache 0 (Connection 0 seems to be dead!)
[2025.10.22-01.55.19:172][829]LogHttp: Warning: 000002513BAC7200: libcurl info message cache 1 (Closing connection 0)
[2025.10.22-01.55.19:172][829]LogHttp: Warning: 000002513BAC7200: libcurl info message cache 2 (TLSv1.3 (OUT), TLS Unknown, Unknown (21):)
[2025.10.22-01.55.19:172][829]LogHttp: Warning: 000002513BAC7200: libcurl info message cache 3 (Could not resolve host: datarouter.ol.epicgames.com)
[2025.10.22-01.55.19:172][829]LogHttp: Warning: 000002513BAC7200: libcurl info message cache 4 (Closing connection 1)
[2025.10.22-01.55.19:215][830]LogHttp: Warning: Retry exhausted on https://datarouter.ol.epicgames.com/datarouter/api/v1/public/data?SessionID=%7B4E662470-4D65-0C88-4472-54A88329D578%7D&AppID=UEEditor.Rocket.Release&AppVersion=4.27.2-18319896%2B%2B%2BUE4%2BRelease-4.27&UserID=d7a7915b408096e37c5bfc84cd1f3308%7C80351ff06e134d34adfb00624a52698f%7C979a6d00-380c-4382-b5dd-00a4368c95ba&AppEnvironment=datacollector-binary&UploadType=eteventstream
[2025.10.22-01.55.21:237][836]LogUdpMessaging: Warning: FUdpMessageProcessor::UpdateKnownNodes received negative NodeByteSent (-1) from socket.
[2025.10.22-01.55.21:566][836]LogUdpMessaging: Warning: UDP messaging encountered an error. Auto repair routine started for reinitialization
[2025.10.22-01.55.22:573][839]LogAudioMixer: Resetting audio stream to device id 
[2025.10.22-01.55.22:624][839]LogAudioMixer: Display: 0: FrontLeft
[2025.10.22-01.55.22:624][839]LogAudioMixer: Display: 1: FrontRight
[2025.10.22-02.09.57:323][843]LogUdpMessaging: Warning: UDP messaging encountered an error. Auto repair routine started for reinitialization
[2025.10.22-02.09.57:361][843]LogAudioMixer: Resetting audio stream to device id 
[2025.10.22-02.09.57:412][843]LogAudioMixer: Display: 0: FrontLeft
[2025.10.22-02.09.57:412][843]LogAudioMixer: Display: 1: FrontRight
[2025.10.22-02.09.57:707][843]LogUObjectHash: Compacting FUObjectHashTables data took   4.69ms
[2025.10.22-02.09.57:717][843]LogSavePackage: Moving '../../../../../../GitHub/TasteOfMadness/TasteOfMadness/Saved/PropsMichelle_Auto18F876AA14E276947A846DF8AF9BC61D9.tmp' to '../../../../../../GitHub/TasteOfMadness/TasteOfMadness/Saved/Autosaves/Game/Maps/PropsMichelle_Auto1.umap'
[2025.10.22-02.09.57:719][843]LogFileHelpers: Editor autosave (incl. external actors) for '/Game/Maps/PropsMichelle' took 0.052
[2025.10.22-02.09.57:719][843]LogFileHelpers: Editor autosave (incl. sublevels & external actors) for all levels took 0.052
[2025.10.22-02.09.58:072][846]LogHttp: Warning: 000002519A737200: invalid HTTP response code received. URL: https://datarouter.ol.epicgames.com/datarouter/api/v1/public/data?SessionID=%7B4E662470-4D65-0C88-4472-54A88329D578%7D&AppID=UEEditor.Rocket.Release&AppVersion=4.27.2-18319896%2B%2B%2BUE4%2BRelease-4.27&UserID=d7a7915b408096e37c5bfc84cd1f3308%7C80351ff06e134d34adfb00624a52698f%7C979a6d00-380c-4382-b5dd-00a4368c95ba&AppEnvironment=datacollector-binary&UploadType=eteventstream, HTTP code: 0, content length: 0, actual payload size: 0
[2025.10.22-02.09.58:072][846]LogHttp: Warning: 000002519A737200: request failed, libcurl error: 6 (Couldn't resolve host name)
[2025.10.22-02.09.58:072][846]LogHttp: Warning: 000002519A737200: libcurl info message cache 0 (Could not resolve host: datarouter.ol.epicgames.com)
[2025.10.22-02.09.58:072][846]LogHttp: Warning: 000002519A737200: libcurl info message cache 1 (Closing connection 2)
[2025.10.22-02.09.58:072][846]LogHttp: Warning: Retry exhausted on https://datarouter.ol.epicgames.com/datarouter/api/v1/public/data?SessionID=%7B4E662470-4D65-0C88-4472-54A88329D578%7D&AppID=UEEditor.Rocket.Release&AppVersion=4.27.2-18319896%2B%2B%2BUE4%2BRelease-4.27&UserID=d7a7915b408096e37c5bfc84cd1f3308%7C80351ff06e134d34adfb00624a52698f%7C979a6d00-380c-4382-b5dd-00a4368c95ba&AppEnvironment=datacollector-binary&UploadType=eteventstream
[2025.10.22-02.09.58:982][848]FUdpSocketBuilder: Failed to subscribe UdpMessageMulticastSocket to multicast group 230.0.0.1 on interface 0.0.0.0
[2025.10.22-02.09.58:984][848]FUdpSocketBuilder: Failed to create and initialize socket UdpMessageMulticastSocket (last error: 0)
[2025.10.22-02.09.58:984][848]LogUdpMessaging: Warning: StartTransport failed to create multicast socket on 0.0.0.0:0, joined to 230.0.0.1:6666 with TTL 1
[2025.10.22-02.09.59:075][848]LogUdpMessaging: Warning: UDP messaging encountered an error. Auto repair routine started for reinitialization
[2025.10.22-02.10.01:605][854]LogUdpMessaging: Warning: UDP messaging encountered an error. Auto repair routine started for reinitialization
[2025.10.22-18.35.36:316][856]LogD3D11RHI: Timed out while waiting for GPU to catch up. (500 ms)
[2025.10.22-18.35.37:535][856]FUdpSocketBuilder: Failed to subscribe UdpMessageMulticastSocket to multicast group 230.0.0.1 on interface 0.0.0.0
[2025.10.22-18.35.37:536][856]FUdpSocketBuilder: Failed to create and initialize socket UdpMessageMulticastSocket (last error: 0)
[2025.10.22-18.35.37:536][856]LogUdpMessaging: Warning: StartTransport failed to create multicast socket on 0.0.0.0:0, joined to 230.0.0.1:6666 with TTL 1
[2025.10.22-18.35.37:846][856]LogUdpMessaging: Warning: UDP messaging encountered an error. Auto repair routine started for reinitialization
[2025.10.22-18.35.37:858][856]LogAudioMixer: Resetting audio stream to device id 
[2025.10.22-18.35.37:894][856]LogAudioMixer: Display: 0: FrontLeft
[2025.10.22-18.35.37:894][856]LogAudioMixer: Display: 1: FrontRight
[2025.10.22-18.35.38:185][858]LogHttp: Warning: 000002519A737200: invalid HTTP response code received. URL: https://datarouter.ol.epicgames.com/datarouter/api/v1/public/data?SessionID=%7B4E662470-4D65-0C88-4472-54A88329D578%7D&AppID=UEEditor.Rocket.Release&AppVersion=4.27.2-18319896%2B%2B%2BUE4%2BRelease-4.27&UserID=d7a7915b408096e37c5bfc84cd1f3308%7C80351ff06e134d34adfb00624a52698f%7C979a6d00-380c-4382-b5dd-00a4368c95ba&AppEnvironment=datacollector-binary&UploadType=eteventstream, HTTP code: 0, content length: 0, actual payload size: 0
[2025.10.22-18.35.38:185][858]LogHttp: Warning: 000002519A737200: request failed, libcurl error: 6 (Couldn't resolve host name)
[2025.10.22-18.35.38:185][858]LogHttp: Warning: 000002519A737200: libcurl info message cache 0 (Could not resolve host: datarouter.ol.epicgames.com)
[2025.10.22-18.35.38:185][858]LogHttp: Warning: 000002519A737200: libcurl info message cache 1 (Closing connection 3)
[2025.10.22-18.35.38:185][858]LogHttp: Warning: Retry exhausted on https://datarouter.ol.epicgames.com/datarouter/api/v1/public/data?SessionID=%7B4E662470-4D65-0C88-4472-54A88329D578%7D&AppID=UEEditor.Rocket.Release&AppVersion=4.27.2-18319896%2B%2B%2BUE4%2BRelease-4.27&UserID=d7a7915b408096e37c5bfc84cd1f3308%7C80351ff06e134d34adfb00624a52698f%7C979a6d00-380c-4382-b5dd-00a4368c95ba&AppEnvironment=datacollector-binary&UploadType=eteventstream
[2025.10.22-18.35.38:956][860]FUdpSocketBuilder: Failed to subscribe UdpMessageMulticastSocket to multicast group 230.0.0.1 on interface 0.0.0.0
[2025.10.22-18.35.38:956][860]FUdpSocketBuilder: Failed to create and initialize socket UdpMessageMulticastSocket (last error: 0)
[2025.10.22-18.35.38:956][860]LogUdpMessaging: Warning: StartTransport failed to create multicast socket on 0.0.0.0:0, joined to 230.0.0.1:6666 with TTL 1
[2025.10.22-18.35.39:187][860]LogUdpMessaging: Warning: UDP messaging encountered an error. Auto repair routine started for reinitialization
[2025.10.22-18.35.40:971][866]FUdpSocketBuilder: Failed to subscribe UdpMessageMulticastSocket to multicast group 230.0.0.1 on interface 0.0.0.0
[2025.10.22-18.35.40:971][866]FUdpSocketBuilder: Failed to create and initialize socket UdpMessageMulticastSocket (last error: 0)
[2025.10.22-18.35.40:971][866]LogUdpMessaging: Warning: StartTransport failed to create multicast socket on 0.0.0.0:0, joined to 230.0.0.1:6666 with TTL 1
[2025.10.22-18.35.41:193][866]LogUdpMessaging: Warning: UDP messaging encountered an error. Auto repair routine started for reinitialization
[2025.10.22-18.46.44:598][827]LogUObjectHash: Compacting FUObjectHashTables data took   6.00ms
[2025.10.22-18.46.44:601][827]LogFileHelpers: Editor autosave (incl. external actors) for '/Game/Maps/PropsMichelle' took 0.069
[2025.10.22-18.46.44:601][827]OBJ SavePackage: Generating thumbnails for [0] asset(s) in package [/Game/UI/Widgets/WBP_MenuPausa] ([2] browsable assets)...
[2025.10.22-18.46.44:601][827]OBJ SavePackage: Finished generating thumbnails for package [/Game/UI/Widgets/WBP_MenuPausa]
[2025.10.22-18.46.44:611][827]LogSavePackage: Moving '../../../../../../GitHub/TasteOfMadness/TasteOfMadness/Saved/WBP_MenuPausa_Auto2B47E753C45E30E5E250433B03C075140.tmp' to '../../../../../../GitHub/TasteOfMadness/TasteOfMadness/Saved/Autosaves/Game/UI/Widgets/WBP_MenuPausa_Auto2.uasset'
[2025.10.22-18.46.44:613][827]LogFileHelpers: Auto-saving content packages took 0.011
[2025.10.22-18.47.49:110][996]Cmd: OBJ SAVEPACKAGE PACKAGE="/Game/UI/Widgets/WBP_MenuPausa" FILE="../../../../../../GitHub/TasteOfMadness/TasteOfMadness/Content/UI/Widgets/WBP_MenuPausa.uasset" SILENT=true
[2025.10.22-18.47.49:127][996]LogSavePackage: Moving '../../../../../../GitHub/TasteOfMadness/TasteOfMadness/Saved/WBP_MenuPausa5E581C7A4CACA684615173A58D3BF497.tmp' to '../../../../../../GitHub/TasteOfMadness/TasteOfMadness/Content/UI/Widgets/WBP_MenuPausa.uasset'
[2025.10.22-18.47.49:235][996]AssetCheck: New page: Asset Save: WBP_MenuPausa
[2025.10.22-18.47.49:235][996]LogContentValidation: Display: Validating WidgetBlueprint /Game/UI/Widgets/WBP_MenuPausa.WBP_MenuPausa
[2025.10.22-18.47.50:626][ 23]BlueprintLog: New page: Compile WBP_MenuPausa
[2025.10.22-18.47.50:694][ 23]LogUObjectHash: Compacting FUObjectHashTables data took   5.05ms
[2025.10.22-18.47.51:526][ 34]Cmd: OBJ SAVEPACKAGE PACKAGE="/Game/UI/Widgets/WBP_MenuPausa" FILE="../../../../../../GitHub/TasteOfMadness/TasteOfMadness/Content/UI/Widgets/WBP_MenuPausa.uasset" SILENT=true
[2025.10.22-18.47.51:544][ 34]LogSavePackage: Moving '../../../../../../GitHub/TasteOfMadness/TasteOfMadness/Saved/WBP_MenuPausa1F04FCB14EA269E00C33E78EF034D33A.tmp' to '../../../../../../GitHub/TasteOfMadness/TasteOfMadness/Content/UI/Widgets/WBP_MenuPausa.uasset'
[2025.10.22-18.47.51:657][ 34]AssetCheck: New page: Asset Save: WBP_MenuPausa
[2025.10.22-18.47.51:657][ 34]LogContentValidation: Display: Validating WidgetBlueprint /Game/UI/Widgets/WBP_MenuPausa.WBP_MenuPausa
[2025.10.22-18.48.08:743][483]BlueprintLog: New page: Compile WBP_MenuPausa
[2025.10.22-18.48.08:810][483]LogUObjectHash: Compacting FUObjectHashTables data took   4.98ms
[2025.10.22-18.48.09:695][500]Cmd: OBJ SAVEPACKAGE PACKAGE="/Game/UI/Widgets/WBP_MenuPausa" FILE="../../../../../../GitHub/TasteOfMadness/TasteOfMadness/Content/UI/Widgets/WBP_MenuPausa.uasset" SILENT=true
[2025.10.22-18.48.09:711][500]LogSavePackage: Moving '../../../../../../GitHub/TasteOfMadness/TasteOfMadness/Saved/WBP_MenuPausa600A173546F89609A2C398A082DFA8A9.tmp' to '../../../../../../GitHub/TasteOfMadness/TasteOfMadness/Content/UI/Widgets/WBP_MenuPausa.uasset'
[2025.10.22-18.48.09:778][500]AssetCheck: New page: Asset Save: WBP_MenuPausa
[2025.10.22-18.48.09:778][500]LogContentValidation: Display: Validating WidgetBlueprint /Game/UI/Widgets/WBP_MenuPausa.WBP_MenuPausa
[2025.10.22-18.48.43:888][452]BlueprintLog: New page: Compile WBP_MenuPausa
[2025.10.22-18.48.43:963][452]LogUObjectHash: Compacting FUObjectHashTables data took   5.44ms
[2025.10.22-18.48.44:849][463]Cmd: OBJ SAVEPACKAGE PACKAGE="/Game/UI/Widgets/WBP_MenuPausa" FILE="../../../../../../GitHub/TasteOfMadness/TasteOfMadness/Content/UI/Widgets/WBP_MenuPausa.uasset" SILENT=true
[2025.10.22-18.48.44:865][463]LogSavePackage: Moving '../../../../../../GitHub/TasteOfMadness/TasteOfMadness/Saved/WBP_MenuPausa11D9CE954567058D37D45CBC8B2A02E0.tmp' to '../../../../../../GitHub/TasteOfMadness/TasteOfMadness/Content/UI/Widgets/WBP_MenuPausa.uasset'
[2025.10.22-18.48.44:989][463]AssetCheck: New page: Asset Save: WBP_MenuPausa
[2025.10.22-18.48.44:989][463]LogContentValidation: Display: Validating WidgetBlueprint /Game/UI/Widgets/WBP_MenuPausa.WBP_MenuPausa
[2025.10.22-18.49.50:769][618]BlueprintLog: New page: Compile WBP_MenuPausa
[2025.10.22-18.49.50:845][618]LogUObjectHash: Compacting FUObjectHashTables data took   5.38ms
[2025.10.22-18.49.51:606][627]Cmd: OBJ SAVEPACKAGE PACKAGE="/Game/UI/Widgets/WBP_MenuPausa" FILE="../../../../../../GitHub/TasteOfMadness/TasteOfMadness/Content/UI/Widgets/WBP_MenuPausa.uasset" SILENT=true
[2025.10.22-18.49.51:623][627]LogSavePackage: Moving '../../../../../../GitHub/TasteOfMadness/TasteOfMadness/Saved/WBP_MenuPausa9EE0B8F54DDFD3A789F63E8EFDCE342E.tmp' to '../../../../../../GitHub/TasteOfMadness/TasteOfMadness/Content/UI/Widgets/WBP_MenuPausa.uasset'
[2025.10.22-18.49.51:739][627]AssetCheck: New page: Asset Save: WBP_MenuPausa
[2025.10.22-18.49.51:739][627]LogContentValidation: Display: Validating WidgetBlueprint /Game/UI/Widgets/WBP_MenuPausa.WBP_MenuPausa
[2025.10.22-18.50.12:802][ 24]BlueprintLog: New page: Compile WBP_MenuPausa
[2025.10.22-18.50.12:873][ 24]LogUObjectHash: Compacting FUObjectHashTables data took   4.94ms
[2025.10.22-18.50.13:461][ 31]Cmd: OBJ SAVEPACKAGE PACKAGE="/Game/UI/Widgets/WBP_MenuPausa" FILE="../../../../../../GitHub/TasteOfMadness/TasteOfMadness/Content/UI/Widgets/WBP_MenuPausa.uasset" SILENT=true
[2025.10.22-18.50.13:479][ 31]LogSavePackage: Moving '../../../../../../GitHub/TasteOfMadness/TasteOfMadness/Saved/WBP_MenuPausaFD2618C246C0AA5CEBEEFB9D50271F53.tmp' to '../../../../../../GitHub/TasteOfMadness/TasteOfMadness/Content/UI/Widgets/WBP_MenuPausa.uasset'
[2025.10.22-18.50.13:617][ 31]AssetCheck: New page: Asset Save: WBP_MenuPausa
[2025.10.22-18.50.13:617][ 31]LogContentValidation: Display: Validating WidgetBlueprint /Game/UI/Widgets/WBP_MenuPausa.WBP_MenuPausa
[2025.10.22-18.50.18:008][108]LogEditorTransaction: Undo Move Widget
[2025.10.22-18.51.02:569][139]LogSlate: Window 'Color Picker' being destroyed
[2025.10.22-18.51.31:479][114]LogSlate: Window 'Color Picker' being destroyed
[2025.10.22-18.51.49:191][511]LogSlate: Window 'Color Picker' being destroyed
[2025.10.22-18.51.53:424][636]LogEditorTransaction: Undo Edit Color and Opacity
[2025.10.22-18.51.56:993][705]BlueprintLog: New page: Compile WBP_MenuPausa
[2025.10.22-18.51.57:067][705]LogUObjectHash: Compacting FUObjectHashTables data took   5.59ms
[2025.10.22-18.51.57:706][717]Cmd: OBJ SAVEPACKAGE PACKAGE="/Game/UI/Widgets/WBP_MenuPausa" FILE="../../../../../../GitHub/TasteOfMadness/TasteOfMadness/Content/UI/Widgets/WBP_MenuPausa.uasset" SILENT=true
[2025.10.22-18.51.57:722][717]LogSavePackage: Moving '../../../../../../GitHub/TasteOfMadness/TasteOfMadness/Saved/WBP_MenuPausaDD627FD54964162819C32B9659330DC3.tmp' to '../../../../../../GitHub/TasteOfMadness/TasteOfMadness/Content/UI/Widgets/WBP_MenuPausa.uasset'
[2025.10.22-18.51.57:793][717]AssetCheck: New page: Asset Save: WBP_MenuPausa
[2025.10.22-18.51.57:793][717]LogContentValidation: Display: Validating WidgetBlueprint /Game/UI/Widgets/WBP_MenuPausa.WBP_MenuPausa
[2025.10.22-18.52.01:475][846]LogTemp: Repeating last play command: Selected Viewport
[2025.10.22-18.52.01:487][846]LogPlayLevel: PlayLevel: No blueprints needed recompiling
[2025.10.22-18.52.01:488][846]PIE: New page: PIE session: PropsMichelle (22 oct. 2025 7:52:01)
[2025.10.22-18.52.01:488][846]LogPlayLevel: Creating play world package: /Game/Maps/UEDPIE_0_PropsMichelle
[2025.10.22-18.52.01:491][846]LogPlayLevel: PIE: StaticDuplicateObject took: (0.004028s)
[2025.10.22-18.52.01:494][846]LogAIModule: Creating AISystem for world PropsMichelle
[2025.10.22-18.52.01:495][846]LogPlayLevel: PIE: World Init took: (0.002409s)
[2025.10.22-18.52.01:495][846]LogPlayLevel: PIE: Created PIE world by copying editor world from /Game/Maps/PropsMichelle.PropsMichelle to /Game/Maps/UEDPIE_0_PropsMichelle.PropsMichelle (0.006741s)
[2025.10.22-18.52.01:547][846]LogUObjectHash: Compacting FUObjectHashTables data took   5.00ms
[2025.10.22-18.52.01:548][846]LogAudio: Display: Creating Audio Device:                 Id: 3, Scope: Unique, Realtime: True
[2025.10.22-18.52.01:548][846]LogAudioMixer: Display: Audio Mixer Platform Settings:
[2025.10.22-18.52.01:548][846]LogAudioMixer: Display: 	Sample Rate:						  48000
[2025.10.22-18.52.01:549][846]LogAudioMixer: Display: 	Callback Buffer Frame Size Requested: 1024
[2025.10.22-18.52.01:549][846]LogAudioMixer: Display: 	Callback Buffer Frame Size To Use:	  1024
[2025.10.22-18.52.01:549][846]LogAudioMixer: Display: 	Number of buffers to queue:			  2
[2025.10.22-18.52.01:549][846]LogAudioMixer: Display: 	Max Channels (voices):				  32
[2025.10.22-18.52.01:549][846]LogAudioMixer: Display: 	Number of Async Source Workers:		  0
[2025.10.22-18.52.01:549][846]LogAudio: Display: AudioDevice MaxSources: 32
[2025.10.22-18.52.01:549][846]LogAudio: Display: Audio Spatialization Plugin: None (built-in).
[2025.10.22-18.52.01:549][846]LogAudio: Display: Audio Reverb Plugin: None (built-in).
[2025.10.22-18.52.01:549][846]LogAudio: Display: Audio Occlusion Plugin: None (built-in).
[2025.10.22-18.52.01:549][846]LogAudioMixer: Display: Initializing audio mixer.
[2025.10.22-18.52.01:553][846]LogAudioMixer: Display: 0: FrontLeft
[2025.10.22-18.52.01:553][846]LogAudioMixer: Display: 1: FrontRight
[2025.10.22-18.52.01:601][846]LogAudioMixer: Display: Using Audio Device Speakers (Realtek(R) Audio)
[2025.10.22-18.52.01:601][846]LogAudioMixer: Display: Initializing Sound Submixes...
[2025.10.22-18.52.01:601][846]LogAudioMixer: Display: Creating Master Submix 'MasterSubmixDefault'
[2025.10.22-18.52.01:601][846]LogAudioMixer: Display: Creating Master Submix 'MasterReverbSubmixDefault'
[2025.10.22-18.52.01:603][846]LogAudioMixer: Display: Creating Master Submix 'MasterEQSubmixDefault'
[2025.10.22-18.52.01:603][846]LogAudioMixer: FMixerPlatformXAudio2::StartAudioStream() called
[2025.10.22-18.52.01:603][846]LogAudioMixer: Display: Output buffers initialized: Frames=1024, Channels=2, Samples=2048
[2025.10.22-18.52.01:606][846]LogAudioMixer: Display: Starting AudioMixerPlatformInterface::RunInternal()
[2025.10.22-18.52.01:606][846]LogAudioMixer: Display: FMixerPlatformXAudio2::SubmitBuffer() called for the first time
[2025.10.22-18.52.01:606][846]LogInit: FAudioDevice initialized.
[2025.10.22-18.52.01:606][846]LogAudio: Display: Audio Device (ID: 3) registered with world 'PropsMichelle'.
[2025.10.22-18.52.01:618][846]LogLoad: Game class is 'BP_GameMode_C'
[2025.10.22-18.52.01:620][846]LogWorld: Bringing World /Game/Maps/UEDPIE_0_PropsMichelle.PropsMichelle up for play (max tick rate 60) at 2025.10.22-12.52.01
[2025.10.22-18.52.01:620][846]LogWorld: Bringing up level for play took: 0.000776
[2025.10.22-18.52.01:621][846]LogOnline: OSS: Creating online subsystem instance for: :Context_9
[2025.10.22-18.52.01:625][846]LogBlueprintUserMessages: [BP_ClareCharacter_C_0] BP_Sarten
[2025.10.22-18.52.01:627][846]LogBlueprintUserMessages: [BP_ClareCharacter_C_0] BP_Olla
[2025.10.22-18.52.01:629][846]LogBlueprintUserMessages: [BP_ClareCharacter_C_0] BP_LlaveInglesa
[2025.10.22-18.52.01:632][846]LogBlueprintUserMessages: [BP_ClareCharacter_C_0] BP_Escoba
[2025.10.22-18.52.01:634][846]LogBlueprintUserMessages: [BP_ClareCharacter_C_0] BP_Trapeador
[2025.10.22-18.52.01:636][846]LogBlueprintUserMessages: [BP_ClareCharacter_C_0] BP_Extintor
[2025.10.22-18.52.01:638][846]LogBlueprintUserMessages: [BP_ClareCharacter_C_0] BP_Cuchillo
[2025.10.22-18.52.01:641][846]PIE: Server logged in
[2025.10.22-18.52.01:641][846]PIE: Play in editor total start time 0.158 seconds.
[2025.10.22-18.52.11:938][461]LogSlate: Updating window title bar state: overlay mode, drag disabled, window buttons hidden, title bar hidden
[2025.10.22-18.52.11:938][461]LogWorld: BeginTearingDown for /Game/Maps/UEDPIE_0_PropsMichelle
[2025.10.22-18.52.11:938][461]LogWorld: UWorld::CleanupWorld for PropsMichelle, bSessionEnded=true, bCleanupResources=true
[2025.10.22-18.52.11:939][461]LogSlate: InvalidateAllWidgets triggered.  All widgets were invalidated
[2025.10.22-18.52.11:954][461]LogPlayLevel: Display: Shutting down PIE online subsystems
[2025.10.22-18.52.11:962][461]LogSlate: InvalidateAllWidgets triggered.  All widgets were invalidated
[2025.10.22-18.52.12:013][461]LogAudio: Display: Audio Device unregistered from world 'None'.
[2025.10.22-18.52.12:014][461]LogAudioMixer: FMixerPlatformXAudio2::StopAudioStream() called
[2025.10.22-18.52.12:015][461]LogAudioMixer: FMixerPlatformXAudio2::StopAudioStream() called
[2025.10.22-18.52.12:017][461]LogSlate: Updating window title bar state: overlay mode, drag disabled, window buttons hidden, title bar hidden
[2025.10.22-18.52.12:027][461]LogUObjectHash: Compacting FUObjectHashTables data took   5.18ms
[2025.10.22-18.52.12:051][462]LogPlayLevel: Display: Destroying online subsystem :Context_9
[2025.10.22-18.52.12:773][497]LogTemp: Repeating last play command: Selected Viewport
[2025.10.22-18.52.12:781][497]LogPlayLevel: PlayLevel: No blueprints needed recompiling
[2025.10.22-18.52.12:781][497]PIE: New page: PIE session: PropsMichelle (22 oct. 2025 7:52:12)
[2025.10.22-18.52.12:781][497]LogPlayLevel: Creating play world package: /Game/Maps/UEDPIE_0_PropsMichelle
[2025.10.22-18.52.12:784][497]LogPlayLevel: PIE: StaticDuplicateObject took: (0.002437s)
[2025.10.22-18.52.12:785][497]LogAIModule: Creating AISystem for world PropsMichelle
[2025.10.22-18.52.12:785][497]LogPlayLevel: PIE: World Init took: (0.001112s)
[2025.10.22-18.52.12:786][497]LogPlayLevel: PIE: Created PIE world by copying editor world from /Game/Maps/PropsMichelle.PropsMichelle to /Game/Maps/UEDPIE_0_PropsMichelle.PropsMichelle (0.003704s)
[2025.10.22-18.52.12:828][497]LogUObjectHash: Compacting FUObjectHashTables data took   3.26ms
[2025.10.22-18.52.12:829][497]LogAudio: Display: Creating Audio Device:                 Id: 4, Scope: Unique, Realtime: True
[2025.10.22-18.52.12:829][497]LogAudioMixer: Display: Audio Mixer Platform Settings:
[2025.10.22-18.52.12:829][497]LogAudioMixer: Display: 	Sample Rate:						  48000
[2025.10.22-18.52.12:829][497]LogAudioMixer: Display: 	Callback Buffer Frame Size Requested: 1024
[2025.10.22-18.52.12:829][497]LogAudioMixer: Display: 	Callback Buffer Frame Size To Use:	  1024
[2025.10.22-18.52.12:829][497]LogAudioMixer: Display: 	Number of buffers to queue:			  2
[2025.10.22-18.52.12:829][497]LogAudioMixer: Display: 	Max Channels (voices):				  32
[2025.10.22-18.52.12:829][497]LogAudioMixer: Display: 	Number of Async Source Workers:		  0
[2025.10.22-18.52.12:829][497]LogAudio: Display: AudioDevice MaxSources: 32
[2025.10.22-18.52.12:830][497]LogAudio: Display: Audio Spatialization Plugin: None (built-in).
[2025.10.22-18.52.12:830][497]LogAudio: Display: Audio Reverb Plugin: None (built-in).
[2025.10.22-18.52.12:830][497]LogAudio: Display: Audio Occlusion Plugin: None (built-in).
[2025.10.22-18.52.12:830][497]LogAudioMixer: Display: Initializing audio mixer.
[2025.10.22-18.52.12:833][497]LogAudioMixer: Display: 0: FrontLeft
[2025.10.22-18.52.12:833][497]LogAudioMixer: Display: 1: FrontRight
[2025.10.22-18.52.12:874][497]LogAudioMixer: Display: Using Audio Device Speakers (Realtek(R) Audio)
[2025.10.22-18.52.12:875][497]LogAudioMixer: Display: Initializing Sound Submixes...
[2025.10.22-18.52.12:875][497]LogAudioMixer: Display: Creating Master Submix 'MasterSubmixDefault'
[2025.10.22-18.52.12:875][497]LogAudioMixer: Display: Creating Master Submix 'MasterReverbSubmixDefault'
[2025.10.22-18.52.12:875][497]LogAudioMixer: Display: Creating Master Submix 'MasterEQSubmixDefault'
[2025.10.22-18.52.12:876][497]LogAudioMixer: FMixerPlatformXAudio2::StartAudioStream() called
[2025.10.22-18.52.12:876][497]LogAudioMixer: Display: Output buffers initialized: Frames=1024, Channels=2, Samples=2048
[2025.10.22-18.52.12:877][497]LogAudioMixer: Display: Starting AudioMixerPlatformInterface::RunInternal()
[2025.10.22-18.52.12:877][497]LogAudioMixer: Display: FMixerPlatformXAudio2::SubmitBuffer() called for the first time
[2025.10.22-18.52.12:877][497]LogInit: FAudioDevice initialized.
[2025.10.22-18.52.12:877][497]LogAudio: Display: Audio Device (ID: 4) registered with world 'PropsMichelle'.
[2025.10.22-18.52.12:889][497]LogLoad: Game class is 'BP_GameMode_C'
[2025.10.22-18.52.12:891][497]LogWorld: Bringing World /Game/Maps/UEDPIE_0_PropsMichelle.PropsMichelle up for play (max tick rate 60) at 2025.10.22-12.52.12
[2025.10.22-18.52.12:891][497]LogWorld: Bringing up level for play took: 0.000788
[2025.10.22-18.52.12:891][497]LogOnline: OSS: Creating online subsystem instance for: :Context_10
[2025.10.22-18.52.12:895][497]LogBlueprintUserMessages: [BP_ClareCharacter_C_0] BP_Sarten
[2025.10.22-18.52.12:899][497]LogBlueprintUserMessages: [BP_ClareCharacter_C_0] BP_Olla
[2025.10.22-18.52.12:903][497]LogBlueprintUserMessages: [BP_ClareCharacter_C_0] BP_LlaveInglesa
[2025.10.22-18.52.12:907][497]LogBlueprintUserMessages: [BP_ClareCharacter_C_0] BP_Escoba
[2025.10.22-18.52.12:910][497]LogBlueprintUserMessages: [BP_ClareCharacter_C_0] BP_Trapeador
[2025.10.22-18.52.12:913][497]LogBlueprintUserMessages: [BP_ClareCharacter_C_0] BP_Extintor
[2025.10.22-18.52.12:915][497]LogBlueprintUserMessages: [BP_ClareCharacter_C_0] BP_Cuchillo
[2025.10.22-18.52.12:918][497]PIE: Server logged in
[2025.10.22-18.52.12:919][497]PIE: Play in editor total start time 0.139 seconds.
[2025.10.22-18.52.25:508][250]LogSlate: Updating window title bar state: overlay mode, drag disabled, window buttons hidden, title bar hidden
[2025.10.22-18.52.25:508][250]LogWorld: BeginTearingDown for /Game/Maps/UEDPIE_0_PropsMichelle
[2025.10.22-18.52.25:508][250]LogWorld: UWorld::CleanupWorld for PropsMichelle, bSessionEnded=true, bCleanupResources=true
[2025.10.22-18.52.25:509][250]LogSlate: InvalidateAllWidgets triggered.  All widgets were invalidated
[2025.10.22-18.52.25:519][250]LogPlayLevel: Display: Shutting down PIE online subsystems
[2025.10.22-18.52.25:527][250]LogSlate: InvalidateAllWidgets triggered.  All widgets were invalidated
[2025.10.22-18.52.25:576][250]LogSlate: Updating window title bar state: overlay mode, drag disabled, window buttons hidden, title bar hidden
[2025.10.22-18.52.25:577][250]LogAudioMixer: FMixerPlatformXAudio2::StopAudioStream() called
[2025.10.22-18.52.25:579][250]LogAudioMixer: FMixerPlatformXAudio2::StopAudioStream() called
[2025.10.22-18.52.25:590][250]LogUObjectHash: Compacting FUObjectHashTables data took   3.92ms
[2025.10.22-18.52.25:613][251]LogPlayLevel: Display: Destroying online subsystem :Context_10
[2025.10.22-18.52.37:899][640]Cmd: OBJ SAVEPACKAGE PACKAGE="/Game/UI/Widgets/WBP_MenuPausa" FILE="../../../../../../GitHub/TasteOfMadness/TasteOfMadness/Content/UI/Widgets/WBP_MenuPausa.uasset" SILENT=true
[2025.10.22-18.52.37:911][640]LogSavePackage: Moving '../../../../../../GitHub/TasteOfMadness/TasteOfMadness/Saved/WBP_MenuPausa474550794B54FDB9D8B7FE92043061F1.tmp' to '../../../../../../GitHub/TasteOfMadness/TasteOfMadness/Content/UI/Widgets/WBP_MenuPausa.uasset'
[2025.10.22-18.52.37:965][640]AssetCheck: New page: Asset Save: WBP_MenuPausa
[2025.10.22-18.52.37:965][640]LogContentValidation: Display: Validating WidgetBlueprint /Game/UI/Widgets/WBP_MenuPausa.WBP_MenuPausa
[2025.10.22-18.52.45:801][915]LogTemp: Repeating last play command: Selected Viewport
[2025.10.22-18.52.45:811][915]LogPlayLevel: PlayLevel: No blueprints needed recompiling
[2025.10.22-18.52.45:811][915]PIE: New page: PIE session: PropsMichelle (22 oct. 2025 7:52:45)
[2025.10.22-18.52.45:811][915]LogPlayLevel: Creating play world package: /Game/Maps/UEDPIE_0_PropsMichelle
[2025.10.22-18.52.45:815][915]LogPlayLevel: PIE: StaticDuplicateObject took: (0.002499s)
[2025.10.22-18.52.45:816][915]LogAIModule: Creating AISystem for world PropsMichelle
[2025.10.22-18.52.45:816][915]LogPlayLevel: PIE: World Init took: (0.001369s)
[2025.10.22-18.52.45:816][915]LogPlayLevel: PIE: Created PIE world by copying editor world from /Game/Maps/PropsMichelle.PropsMichelle to /Game/Maps/UEDPIE_0_PropsMichelle.PropsMichelle (0.004030s)
[2025.10.22-18.52.45:859][915]LogUObjectHash: Compacting FUObjectHashTables data took   3.65ms
[2025.10.22-18.52.45:860][915]LogAudio: Display: Creating Audio Device:                 Id: 5, Scope: Unique, Realtime: True
[2025.10.22-18.52.45:860][915]LogAudioMixer: Display: Audio Mixer Platform Settings:
[2025.10.22-18.52.45:860][915]LogAudioMixer: Display: 	Sample Rate:						  48000
[2025.10.22-18.52.45:860][915]LogAudioMixer: Display: 	Callback Buffer Frame Size Requested: 1024
[2025.10.22-18.52.45:860][915]LogAudioMixer: Display: 	Callback Buffer Frame Size To Use:	  1024
[2025.10.22-18.52.45:860][915]LogAudioMixer: Display: 	Number of buffers to queue:			  2
[2025.10.22-18.52.45:860][915]LogAudioMixer: Display: 	Max Channels (voices):				  32
[2025.10.22-18.52.45:860][915]LogAudioMixer: Display: 	Number of Async Source Workers:		  0
[2025.10.22-18.52.45:860][915]LogAudio: Display: AudioDevice MaxSources: 32
[2025.10.22-18.52.45:861][915]LogAudio: Display: Audio Spatialization Plugin: None (built-in).
[2025.10.22-18.52.45:861][915]LogAudio: Display: Audio Reverb Plugin: None (built-in).
[2025.10.22-18.52.45:861][915]LogAudio: Display: Audio Occlusion Plugin: None (built-in).
[2025.10.22-18.52.45:861][915]LogAudioMixer: Display: Initializing audio mixer.
[2025.10.22-18.52.45:863][915]LogAudioMixer: Display: 0: FrontLeft
[2025.10.22-18.52.45:864][915]LogAudioMixer: Display: 1: FrontRight
[2025.10.22-18.52.45:909][915]LogAudioMixer: Display: Using Audio Device Speakers (Realtek(R) Audio)
[2025.10.22-18.52.45:910][915]LogAudioMixer: Display: Initializing Sound Submixes...
[2025.10.22-18.52.45:910][915]LogAudioMixer: Display: Creating Master Submix 'MasterSubmixDefault'
[2025.10.22-18.52.45:910][915]LogAudioMixer: Display: Creating Master Submix 'MasterReverbSubmixDefault'
[2025.10.22-18.52.45:910][915]LogAudioMixer: Display: Creating Master Submix 'MasterEQSubmixDefault'
[2025.10.22-18.52.45:910][915]LogAudioMixer: FMixerPlatformXAudio2::StartAudioStream() called
[2025.10.22-18.52.45:910][915]LogAudioMixer: Display: Output buffers initialized: Frames=1024, Channels=2, Samples=2048
[2025.10.22-18.52.45:911][915]LogAudioMixer: Display: Starting AudioMixerPlatformInterface::RunInternal()
[2025.10.22-18.52.45:911][915]LogAudioMixer: Display: FMixerPlatformXAudio2::SubmitBuffer() called for the first time
[2025.10.22-18.52.45:913][915]LogInit: FAudioDevice initialized.
[2025.10.22-18.52.45:913][915]LogAudio: Display: Audio Device (ID: 5) registered with world 'PropsMichelle'.
[2025.10.22-18.52.45:925][915]LogLoad: Game class is 'BP_GameMode_C'
[2025.10.22-18.52.45:928][915]LogWorld: Bringing World /Game/Maps/UEDPIE_0_PropsMichelle.PropsMichelle up for play (max tick rate 60) at 2025.10.22-12.52.45
[2025.10.22-18.52.45:928][915]LogWorld: Bringing up level for play took: 0.000842
[2025.10.22-18.52.45:928][915]LogOnline: OSS: Creating online subsystem instance for: :Context_11
[2025.10.22-18.52.45:934][915]LogBlueprintUserMessages: [BP_ClareCharacter_C_0] BP_Sarten
[2025.10.22-18.52.45:937][915]LogBlueprintUserMessages: [BP_ClareCharacter_C_0] BP_Olla
[2025.10.22-18.52.45:941][915]LogBlueprintUserMessages: [BP_ClareCharacter_C_0] BP_LlaveInglesa
[2025.10.22-18.52.45:943][915]LogBlueprintUserMessages: [BP_ClareCharacter_C_0] BP_Escoba
[2025.10.22-18.52.45:946][915]LogBlueprintUserMessages: [BP_ClareCharacter_C_0] BP_Trapeador
[2025.10.22-18.52.45:950][915]LogBlueprintUserMessages: [BP_ClareCharacter_C_0] BP_Extintor
[2025.10.22-18.52.45:952][915]LogBlueprintUserMessages: [BP_ClareCharacter_C_0] BP_Cuchillo
[2025.10.22-18.52.45:954][915]PIE: Server logged in
[2025.10.22-18.52.45:955][915]PIE: Play in editor total start time 0.144 seconds.
[2025.10.22-18.54.13:809][111]LogSlate: Updating window title bar state: overlay mode, drag disabled, window buttons hidden, title bar hidden
[2025.10.22-18.54.13:809][111]LogWorld: BeginTearingDown for /Game/Maps/UEDPIE_0_PropsMichelle
[2025.10.22-18.54.13:810][111]LogWorld: UWorld::CleanupWorld for PropsMichelle, bSessionEnded=true, bCleanupResources=true
[2025.10.22-18.54.13:810][111]LogSlate: InvalidateAllWidgets triggered.  All widgets were invalidated
[2025.10.22-18.54.13:821][111]LogPlayLevel: Display: Shutting down PIE online subsystems
[2025.10.22-18.54.13:829][111]LogSlate: InvalidateAllWidgets triggered.  All widgets were invalidated
[2025.10.22-18.54.13:877][111]LogAudio: Display: Audio Device unregistered from world 'None'.
[2025.10.22-18.54.13:877][111]LogAudioMixer: FMixerPlatformXAudio2::StopAudioStream() called
[2025.10.22-18.54.13:878][111]LogAudioMixer: FMixerPlatformXAudio2::StopAudioStream() called
[2025.10.22-18.54.13:881][111]LogSlate: Updating window title bar state: overlay mode, drag disabled, window buttons hidden, title bar hidden
[2025.10.22-18.54.13:885][111]LogUObjectHash: Compacting FUObjectHashTables data took   3.93ms
[2025.10.22-18.54.13:909][112]LogPlayLevel: Display: Destroying online subsystem :Context_11
[2025.10.22-18.55.15:513][312]LogSlate: Window 'BP_ClareCharacter' being destroyed
[2025.10.22-18.55.15:576][312]LogSlate: Window 'BP_ClareCharacter' being destroyed
[2025.10.22-18.55.15:597][312]LogWorld: UWorld::CleanupWorld for World_3, bSessionEnded=true, bCleanupResources=true
[2025.10.22-18.55.15:597][312]LogSlate: InvalidateAllWidgets triggered.  All widgets were invalidated
[2025.10.22-18.55.15:615][312]LogWorld: UWorld::CleanupWorld for World_2, bSessionEnded=true, bCleanupResources=true
[2025.10.22-18.55.15:615][312]LogSlate: InvalidateAllWidgets triggered.  All widgets were invalidated
[2025.10.22-18.55.15:690][312]LogWorld: UWorld::CleanupWorld for World_4, bSessionEnded=true, bCleanupResources=true
[2025.10.22-18.55.15:690][312]LogSlate: InvalidateAllWidgets triggered.  All widgets were invalidated
[2025.10.22-18.59.12:096][  8]LogEditorTransaction: Undo Move Node
[2025.10.22-19.00.36:035][845]LogUObjectHash: Compacting FUObjectHashTables data took   6.17ms
[2025.10.22-19.00.36:039][845]LogFileHelpers: Editor autosave (incl. external actors) for '/Game/Maps/PropsMichelle' took 0.101
[2025.10.22-19.00.36:040][845]OBJ SavePackage: Generating thumbnails for [2] asset(s) in package [/Game/Characters/Clare/Blueprints/BP_ClareCharacter] ([2] browsable assets)...
[2025.10.22-19.00.36:074][845]OBJ SavePackage:     Rendered thumbnail for [BlueprintGeneratedClass /Game/Characters/Clare/Blueprints/BP_ClareCharacter.BP_ClareCharacter_C]
[2025.10.22-19.00.36:093][845]OBJ SavePackage:     Rendered thumbnail for [Blueprint /Game/Characters/Clare/Blueprints/BP_ClareCharacter.BP_ClareCharacter]
[2025.10.22-19.00.36:093][845]OBJ SavePackage: Finished generating thumbnails for package [/Game/Characters/Clare/Blueprints/BP_ClareCharacter]
[2025.10.22-19.00.36:161][845]LogSavePackage: Moving '../../../../../../GitHub/TasteOfMadness/TasteOfMadness/Saved/BP_ClareCharacter_Auto3C706CD1A49C6A60A648517A8B1E02CA1.tmp' to '../../../../../../GitHub/TasteOfMadness/TasteOfMadness/Saved/Autosaves/Game/Characters/Clare/Blueprints/BP_ClareCharacter_Auto3.uasset'
[2025.10.22-19.00.36:163][845]LogFileHelpers: Auto-saving content packages took 0.124
[2025.10.22-19.00.49:787][365]BlueprintLog: New page: Compile BP_ClareCharacter
[2025.10.22-19.00.49:926][365]LogUObjectHash: Compacting FUObjectHashTables data took   4.90ms
[2025.10.22-19.00.50:212][371]BlueprintLog: New page: Compile BP_ClareCharacter
[2025.10.22-19.00.50:293][371]LogUObjectHash: Compacting FUObjectHashTables data took   3.70ms
[2025.10.22-19.00.51:308][396]LogSavePackage: Moving '../../../../../../GitHub/TasteOfMadness/TasteOfMadness/Saved/BP_ClareCharacter941ABE4649716B3BEA4ABCB8BF445592.tmp' to '../../../../../../GitHub/TasteOfMadness/TasteOfMadness/Content/Characters/Clare/Blueprints/BP_ClareCharacter.uasset'
[2025.10.22-19.00.51:377][396]AssetCheck: New page: Asset Save: BP_ClareCharacter
[2025.10.22-19.00.51:377][396]LogContentValidation: Display: Validating Blueprint /Game/Characters/Clare/Blueprints/BP_ClareCharacter.BP_ClareCharacter
[2025.10.22-19.00.52:873][461]LogSavePackage: Moving '../../../../../../GitHub/TasteOfMadness/TasteOfMadness/Saved/BP_ClareCharacter0142263D457B7D81B6AC449F5E302DC5.tmp' to '../../../../../../GitHub/TasteOfMadness/TasteOfMadness/Content/Characters/Clare/Blueprints/BP_ClareCharacter.uasset'
[2025.10.22-19.00.52:932][461]AssetCheck: New page: Asset Save: BP_ClareCharacter
[2025.10.22-19.00.52:932][461]LogContentValidation: Display: Validating Blueprint /Game/Characters/Clare/Blueprints/BP_ClareCharacter.BP_ClareCharacter
[2025.10.22-19.01.06:811][745]LogTemp: Repeating last play command: Selected Viewport
[2025.10.22-19.01.06:819][745]LogPlayLevel: PlayLevel: No blueprints needed recompiling
[2025.10.22-19.01.06:819][745]PIE: New page: PIE session: PropsMichelle (22 oct. 2025 8:01:06)
[2025.10.22-19.01.06:820][745]LogPlayLevel: Creating play world package: /Game/Maps/UEDPIE_0_PropsMichelle
[2025.10.22-19.01.06:823][745]LogPlayLevel: PIE: StaticDuplicateObject took: (0.002586s)
[2025.10.22-19.01.06:823][745]LogAIModule: Creating AISystem for world PropsMichelle
[2025.10.22-19.01.06:824][745]LogPlayLevel: PIE: World Init took: (0.001248s)
[2025.10.22-19.01.06:824][745]LogPlayLevel: PIE: Created PIE world by copying editor world from /Game/Maps/PropsMichelle.PropsMichelle to /Game/Maps/UEDPIE_0_PropsMichelle.PropsMichelle (0.004033s)
[2025.10.22-19.01.06:859][745]LogUObjectHash: Compacting FUObjectHashTables data took   4.02ms
[2025.10.22-19.01.06:860][745]LogAudio: Display: Creating Audio Device:                 Id: 6, Scope: Unique, Realtime: True
[2025.10.22-19.01.06:860][745]LogAudioMixer: Display: Audio Mixer Platform Settings:
[2025.10.22-19.01.06:860][745]LogAudioMixer: Display: 	Sample Rate:						  48000
[2025.10.22-19.01.06:860][745]LogAudioMixer: Display: 	Callback Buffer Frame Size Requested: 1024
[2025.10.22-19.01.06:860][745]LogAudioMixer: Display: 	Callback Buffer Frame Size To Use:	  1024
[2025.10.22-19.01.06:860][745]LogAudioMixer: Display: 	Number of buffers to queue:			  2
[2025.10.22-19.01.06:860][745]LogAudioMixer: Display: 	Max Channels (voices):				  32
[2025.10.22-19.01.06:860][745]LogAudioMixer: Display: 	Number of Async Source Workers:		  0
[2025.10.22-19.01.06:860][745]LogAudio: Display: AudioDevice MaxSources: 32
[2025.10.22-19.01.06:860][745]LogAudio: Display: Audio Spatialization Plugin: None (built-in).
[2025.10.22-19.01.06:860][745]LogAudio: Display: Audio Reverb Plugin: None (built-in).
[2025.10.22-19.01.06:860][745]LogAudio: Display: Audio Occlusion Plugin: None (built-in).
[2025.10.22-19.01.06:861][745]LogAudioMixer: Display: Initializing audio mixer.
[2025.10.22-19.01.06:864][745]LogAudioMixer: Display: 0: FrontLeft
[2025.10.22-19.01.06:864][745]LogAudioMixer: Display: 1: FrontRight
[2025.10.22-19.01.06:912][745]LogAudioMixer: Display: Using Audio Device Speakers (Realtek(R) Audio)
[2025.10.22-19.01.06:913][745]LogAudioMixer: Display: Initializing Sound Submixes...
[2025.10.22-19.01.06:913][745]LogAudioMixer: Display: Creating Master Submix 'MasterSubmixDefault'
[2025.10.22-19.01.06:913][745]LogAudioMixer: Display: Creating Master Submix 'MasterReverbSubmixDefault'
[2025.10.22-19.01.06:913][745]LogAudioMixer: Display: Creating Master Submix 'MasterEQSubmixDefault'
[2025.10.22-19.01.06:913][745]LogAudioMixer: FMixerPlatformXAudio2::StartAudioStream() called
[2025.10.22-19.01.06:913][745]LogAudioMixer: Display: Output buffers initialized: Frames=1024, Channels=2, Samples=2048
[2025.10.22-19.01.06:915][745]LogAudioMixer: Display: Starting AudioMixerPlatformInterface::RunInternal()
[2025.10.22-19.01.06:915][745]LogAudioMixer: Display: FMixerPlatformXAudio2::SubmitBuffer() called for the first time
[2025.10.22-19.01.06:915][745]LogInit: FAudioDevice initialized.
[2025.10.22-19.01.06:915][745]LogAudio: Display: Audio Device (ID: 6) registered with world 'PropsMichelle'.
[2025.10.22-19.01.06:927][745]LogLoad: Game class is 'BP_GameMode_C'
[2025.10.22-19.01.06:930][745]LogWorld: Bringing World /Game/Maps/UEDPIE_0_PropsMichelle.PropsMichelle up for play (max tick rate 0) at 2025.10.22-13.01.06
[2025.10.22-19.01.06:930][745]LogWorld: Bringing up level for play took: 0.000947
[2025.10.22-19.01.06:930][745]LogOnline: OSS: Creating online subsystem instance for: :Context_13
[2025.10.22-19.01.06:935][745]LogBlueprintUserMessages: [BP_ClareCharacter_C_0] BP_Sarten
[2025.10.22-19.01.06:938][745]LogBlueprintUserMessages: [BP_ClareCharacter_C_0] BP_Olla
[2025.10.22-19.01.06:940][745]LogBlueprintUserMessages: [BP_ClareCharacter_C_0] BP_LlaveInglesa
[2025.10.22-19.01.06:942][745]LogBlueprintUserMessages: [BP_ClareCharacter_C_0] BP_Escoba
[2025.10.22-19.01.06:944][745]LogBlueprintUserMessages: [BP_ClareCharacter_C_0] BP_Trapeador
[2025.10.22-19.01.06:946][745]LogBlueprintUserMessages: [BP_ClareCharacter_C_0] BP_Extintor
[2025.10.22-19.01.06:949][745]LogBlueprintUserMessages: [BP_ClareCharacter_C_0] BP_Cuchillo
[2025.10.22-19.01.06:951][745]PIE: Server logged in
[2025.10.22-19.01.06:951][745]PIE: Play in editor total start time 0.134 seconds.
[2025.10.22-19.01.09:522][900]LogPlayerController: Error: InputMode:UIOnly - Attempting to focus Non-Focusable widget SObjectWidget [Widget.cpp(799)]!
[2025.10.22-19.01.09:523][900]LogViewport: Display: Viewport MouseLockMode Changed, LockOnCapture -> DoNotLock
[2025.10.22-19.01.09:523][900]LogViewport: Display: Viewport MouseCaptureMode Changed, CapturePermanently_IncludingInitialMouseDown -> NoCapture
[2025.10.22-19.01.17:908][381]LogSlate: Updating window title bar state: overlay mode, drag disabled, window buttons hidden, title bar hidden
[2025.10.22-19.01.17:908][381]LogWorld: BeginTearingDown for /Game/Maps/UEDPIE_0_PropsMichelle
[2025.10.22-19.01.17:908][381]LogWorld: UWorld::CleanupWorld for PropsMichelle, bSessionEnded=true, bCleanupResources=true
[2025.10.22-19.01.17:908][381]LogSlate: InvalidateAllWidgets triggered.  All widgets were invalidated
[2025.10.22-19.01.17:923][381]LogPlayLevel: Display: Shutting down PIE online subsystems
[2025.10.22-19.01.17:930][381]LogSlate: InvalidateAllWidgets triggered.  All widgets were invalidated
[2025.10.22-19.01.17:965][381]LogAudio: Display: Audio Device unregistered from world 'None'.
[2025.10.22-19.01.17:965][381]LogAudioMixer: FMixerPlatformXAudio2::StopAudioStream() called
[2025.10.22-19.01.17:967][381]LogAudioMixer: FMixerPlatformXAudio2::StopAudioStream() called
[2025.10.22-19.01.17:968][381]LogSlate: Updating window title bar state: overlay mode, drag disabled, window buttons hidden, title bar hidden
[2025.10.22-19.01.17:973][381]LogUObjectHash: Compacting FUObjectHashTables data took   2.99ms
[2025.10.22-19.01.17:998][382]LogPlayLevel: Display: Destroying online subsystem :Context_13
[2025.10.22-19.01.19:031][429]LogTemp: Repeating last play command: Selected Viewport
[2025.10.22-19.01.19:042][429]LogPlayLevel: PlayLevel: No blueprints needed recompiling
[2025.10.22-19.01.19:042][429]PIE: New page: PIE session: PropsMichelle (22 oct. 2025 8:01:19)
[2025.10.22-19.01.19:042][429]LogPlayLevel: Creating play world package: /Game/Maps/UEDPIE_0_PropsMichelle
[2025.10.22-19.01.19:046][429]LogPlayLevel: PIE: StaticDuplicateObject took: (0.003775s)
[2025.10.22-19.01.19:048][429]LogAIModule: Creating AISystem for world PropsMichelle
[2025.10.22-19.01.19:049][429]LogPlayLevel: PIE: World Init took: (0.002459s)
[2025.10.22-19.01.19:049][429]LogPlayLevel: PIE: Created PIE world by copying editor world from /Game/Maps/PropsMichelle.PropsMichelle to /Game/Maps/UEDPIE_0_PropsMichelle.PropsMichelle (0.006524s)
[2025.10.22-19.01.19:086][429]LogUObjectHash: Compacting FUObjectHashTables data took   2.87ms
[2025.10.22-19.01.19:086][429]LogAudio: Display: Creating Audio Device:                 Id: 7, Scope: Unique, Realtime: True
[2025.10.22-19.01.19:086][429]LogAudioMixer: Display: Audio Mixer Platform Settings:
[2025.10.22-19.01.19:086][429]LogAudioMixer: Display: 	Sample Rate:						  48000
[2025.10.22-19.01.19:086][429]LogAudioMixer: Display: 	Callback Buffer Frame Size Requested: 1024
[2025.10.22-19.01.19:087][429]LogAudioMixer: Display: 	Callback Buffer Frame Size To Use:	  1024
[2025.10.22-19.01.19:087][429]LogAudioMixer: Display: 	Number of buffers to queue:			  2
[2025.10.22-19.01.19:087][429]LogAudioMixer: Display: 	Max Channels (voices):				  32
[2025.10.22-19.01.19:087][429]LogAudioMixer: Display: 	Number of Async Source Workers:		  0
[2025.10.22-19.01.19:087][429]LogAudio: Display: AudioDevice MaxSources: 32
[2025.10.22-19.01.19:087][429]LogAudio: Display: Audio Spatialization Plugin: None (built-in).
[2025.10.22-19.01.19:087][429]LogAudio: Display: Audio Reverb Plugin: None (built-in).
[2025.10.22-19.01.19:087][429]LogAudio: Display: Audio Occlusion Plugin: None (built-in).
[2025.10.22-19.01.19:087][429]LogAudioMixer: Display: Initializing audio mixer.
[2025.10.22-19.01.19:090][429]LogAudioMixer: Display: 0: FrontLeft
[2025.10.22-19.01.19:090][429]LogAudioMixer: Display: 1: FrontRight
[2025.10.22-19.01.19:134][429]LogAudioMixer: Display: Using Audio Device Speakers (Realtek(R) Audio)
[2025.10.22-19.01.19:134][429]LogAudioMixer: Display: Initializing Sound Submixes...
[2025.10.22-19.01.19:134][429]LogAudioMixer: Display: Creating Master Submix 'MasterSubmixDefault'
[2025.10.22-19.01.19:134][429]LogAudioMixer: Display: Creating Master Submix 'MasterReverbSubmixDefault'
[2025.10.22-19.01.19:135][429]LogAudioMixer: Display: Creating Master Submix 'MasterEQSubmixDefault'
[2025.10.22-19.01.19:135][429]LogAudioMixer: FMixerPlatformXAudio2::StartAudioStream() called
[2025.10.22-19.01.19:135][429]LogAudioMixer: Display: Output buffers initialized: Frames=1024, Channels=2, Samples=2048
[2025.10.22-19.01.19:137][429]LogAudioMixer: Display: Starting AudioMixerPlatformInterface::RunInternal()
[2025.10.22-19.01.19:137][429]LogAudioMixer: Display: FMixerPlatformXAudio2::SubmitBuffer() called for the first time
[2025.10.22-19.01.19:137][429]LogInit: FAudioDevice initialized.
[2025.10.22-19.01.19:137][429]LogAudio: Display: Audio Device (ID: 7) registered with world 'PropsMichelle'.
[2025.10.22-19.01.19:147][429]LogLoad: Game class is 'BP_GameMode_C'
[2025.10.22-19.01.19:150][429]LogWorld: Bringing World /Game/Maps/UEDPIE_0_PropsMichelle.PropsMichelle up for play (max tick rate 0) at 2025.10.22-13.01.19
[2025.10.22-19.01.19:150][429]LogWorld: Bringing up level for play took: 0.000948
[2025.10.22-19.01.19:151][429]LogOnline: OSS: Creating online subsystem instance for: :Context_14
[2025.10.22-19.01.19:157][429]LogBlueprintUserMessages: [BP_ClareCharacter_C_0] BP_Sarten
[2025.10.22-19.01.19:161][429]LogBlueprintUserMessages: [BP_ClareCharacter_C_0] BP_Olla
[2025.10.22-19.01.19:164][429]LogBlueprintUserMessages: [BP_ClareCharacter_C_0] BP_LlaveInglesa
[2025.10.22-19.01.19:168][429]LogBlueprintUserMessages: [BP_ClareCharacter_C_0] BP_Escoba
[2025.10.22-19.01.19:171][429]LogBlueprintUserMessages: [BP_ClareCharacter_C_0] BP_Trapeador
[2025.10.22-19.01.19:175][429]LogBlueprintUserMessages: [BP_ClareCharacter_C_0] BP_Extintor
[2025.10.22-19.01.19:179][429]LogBlueprintUserMessages: [BP_ClareCharacter_C_0] BP_Cuchillo
[2025.10.22-19.01.19:182][429]PIE: Server logged in
[2025.10.22-19.01.19:183][429]PIE: Play in editor total start time 0.142 seconds.
[2025.10.22-19.01.22:255][614]LogPlayerController: Error: InputMode:UIOnly - Attempting to focus Non-Focusable widget SObjectWidget [Widget.cpp(799)]!
[2025.10.22-19.01.22:255][614]LogViewport: Display: Viewport MouseLockMode Changed, LockOnCapture -> DoNotLock
[2025.10.22-19.01.22:255][614]LogViewport: Display: Viewport MouseCaptureMode Changed, CapturePermanently_IncludingInitialMouseDown -> NoCapture
[2025.10.22-19.01.34:037][218]LogSlate: Updating window title bar state: overlay mode, drag disabled, window buttons hidden, title bar hidden
[2025.10.22-19.01.34:037][218]LogWorld: BeginTearingDown for /Game/Maps/UEDPIE_0_PropsMichelle
[2025.10.22-19.01.34:038][218]LogWorld: UWorld::CleanupWorld for PropsMichelle, bSessionEnded=true, bCleanupResources=true
[2025.10.22-19.01.34:038][218]LogSlate: InvalidateAllWidgets triggered.  All widgets were invalidated
[2025.10.22-19.01.34:057][218]LogPlayLevel: Display: Shutting down PIE online subsystems
[2025.10.22-19.01.34:065][218]LogSlate: InvalidateAllWidgets triggered.  All widgets were invalidated
[2025.10.22-19.01.34:109][218]LogSlate: Updating window title bar state: overlay mode, drag disabled, window buttons hidden, title bar hidden
[2025.10.22-19.01.34:110][218]LogAudioMixer: FMixerPlatformXAudio2::StopAudioStream() called
[2025.10.22-19.01.34:112][218]LogAudioMixer: FMixerPlatformXAudio2::StopAudioStream() called
[2025.10.22-19.01.34:127][218]LogUObjectHash: Compacting FUObjectHashTables data took   5.32ms
[2025.10.22-19.01.34:172][219]LogPlayLevel: Display: Destroying online subsystem :Context_14
[2025.10.22-19.01.38:228][452]LogTemp: Repeating last play command: Selected Viewport
[2025.10.22-19.01.38:237][452]LogPlayLevel: PlayLevel: No blueprints needed recompiling
[2025.10.22-19.01.38:238][452]PIE: New page: PIE session: PropsMichelle (22 oct. 2025 8:01:38)
[2025.10.22-19.01.38:238][452]LogPlayLevel: Creating play world package: /Game/Maps/UEDPIE_0_PropsMichelle
[2025.10.22-19.01.38:240][452]LogPlayLevel: PIE: StaticDuplicateObject took: (0.002300s)
[2025.10.22-19.01.38:241][452]LogAIModule: Creating AISystem for world PropsMichelle
[2025.10.22-19.01.38:241][452]LogPlayLevel: PIE: World Init took: (0.001119s)
[2025.10.22-19.01.38:241][452]LogPlayLevel: PIE: Created PIE world by copying editor world from /Game/Maps/PropsMichelle.PropsMichelle to /Game/Maps/UEDPIE_0_PropsMichelle.PropsMichelle (0.003601s)
[2025.10.22-19.01.38:270][452]LogUObjectHash: Compacting FUObjectHashTables data took   2.80ms
[2025.10.22-19.01.38:271][452]LogAudio: Display: Creating Audio Device:                 Id: 8, Scope: Unique, Realtime: True
[2025.10.22-19.01.38:271][452]LogAudioMixer: Display: Audio Mixer Platform Settings:
[2025.10.22-19.01.38:271][452]LogAudioMixer: Display: 	Sample Rate:						  48000
[2025.10.22-19.01.38:271][452]LogAudioMixer: Display: 	Callback Buffer Frame Size Requested: 1024
[2025.10.22-19.01.38:271][452]LogAudioMixer: Display: 	Callback Buffer Frame Size To Use:	  1024
[2025.10.22-19.01.38:271][452]LogAudioMixer: Display: 	Number of buffers to queue:			  2
[2025.10.22-19.01.38:271][452]LogAudioMixer: Display: 	Max Channels (voices):				  32
[2025.10.22-19.01.38:271][452]LogAudioMixer: Display: 	Number of Async Source Workers:		  0
[2025.10.22-19.01.38:271][452]LogAudio: Display: AudioDevice MaxSources: 32
[2025.10.22-19.01.38:272][452]LogAudio: Display: Audio Spatialization Plugin: None (built-in).
[2025.10.22-19.01.38:272][452]LogAudio: Display: Audio Reverb Plugin: None (built-in).
[2025.10.22-19.01.38:272][452]LogAudio: Display: Audio Occlusion Plugin: None (built-in).
[2025.10.22-19.01.38:272][452]LogAudioMixer: Display: Initializing audio mixer.
[2025.10.22-19.01.38:275][452]LogAudioMixer: Display: 0: FrontLeft
[2025.10.22-19.01.38:275][452]LogAudioMixer: Display: 1: FrontRight
[2025.10.22-19.01.38:324][452]LogAudioMixer: Display: Using Audio Device Speakers (Realtek(R) Audio)
[2025.10.22-19.01.38:324][452]LogAudioMixer: Display: Initializing Sound Submixes...
[2025.10.22-19.01.38:325][452]LogAudioMixer: Display: Creating Master Submix 'MasterSubmixDefault'
[2025.10.22-19.01.38:325][452]LogAudioMixer: Display: Creating Master Submix 'MasterReverbSubmixDefault'
[2025.10.22-19.01.38:325][452]LogAudioMixer: Display: Creating Master Submix 'MasterEQSubmixDefault'
[2025.10.22-19.01.38:325][452]LogAudioMixer: FMixerPlatformXAudio2::StartAudioStream() called
[2025.10.22-19.01.38:325][452]LogAudioMixer: Display: Output buffers initialized: Frames=1024, Channels=2, Samples=2048
[2025.10.22-19.01.38:327][452]LogAudioMixer: Display: Starting AudioMixerPlatformInterface::RunInternal()
[2025.10.22-19.01.38:327][452]LogAudioMixer: Display: FMixerPlatformXAudio2::SubmitBuffer() called for the first time
[2025.10.22-19.01.38:327][452]LogInit: FAudioDevice initialized.
[2025.10.22-19.01.38:327][452]LogAudio: Display: Audio Device (ID: 8) registered with world 'PropsMichelle'.
[2025.10.22-19.01.38:336][452]LogLoad: Game class is 'BP_GameMode_C'
[2025.10.22-19.01.38:338][452]LogWorld: Bringing World /Game/Maps/UEDPIE_0_PropsMichelle.PropsMichelle up for play (max tick rate 0) at 2025.10.22-13.01.38
[2025.10.22-19.01.38:338][452]LogWorld: Bringing up level for play took: 0.000746
[2025.10.22-19.01.38:339][452]LogOnline: OSS: Creating online subsystem instance for: :Context_15
[2025.10.22-19.01.38:343][452]LogBlueprintUserMessages: [BP_ClareCharacter_C_0] BP_Sarten
[2025.10.22-19.01.38:346][452]LogBlueprintUserMessages: [BP_ClareCharacter_C_0] BP_Olla
[2025.10.22-19.01.38:348][452]LogBlueprintUserMessages: [BP_ClareCharacter_C_0] BP_LlaveInglesa
[2025.10.22-19.01.38:351][452]LogBlueprintUserMessages: [BP_ClareCharacter_C_0] BP_Escoba
[2025.10.22-19.01.38:354][452]LogBlueprintUserMessages: [BP_ClareCharacter_C_0] BP_Trapeador
[2025.10.22-19.01.38:356][452]LogBlueprintUserMessages: [BP_ClareCharacter_C_0] BP_Extintor
[2025.10.22-19.01.38:359][452]LogBlueprintUserMessages: [BP_ClareCharacter_C_0] BP_Cuchillo
[2025.10.22-19.01.38:361][452]PIE: Server logged in
[2025.10.22-19.01.38:362][452]PIE: Play in editor total start time 0.124 seconds.
[2025.10.22-19.01.40:099][557]LogPlayerController: Error: InputMode:UIOnly - Attempting to focus Non-Focusable widget SObjectWidget [Widget.cpp(799)]!
[2025.10.22-19.01.40:099][557]LogViewport: Display: Viewport MouseLockMode Changed, LockOnCapture -> DoNotLock
[2025.10.22-19.01.40:099][557]LogViewport: Display: Viewport MouseCaptureMode Changed, CapturePermanently_IncludingInitialMouseDown -> NoCapture
[2025.10.22-19.01.47:116][963]LogSlate: Updating window title bar state: overlay mode, drag disabled, window buttons hidden, title bar hidden
[2025.10.22-19.01.47:116][963]LogWorld: BeginTearingDown for /Game/Maps/UEDPIE_0_PropsMichelle
[2025.10.22-19.01.47:116][963]LogWorld: UWorld::CleanupWorld for PropsMichelle, bSessionEnded=true, bCleanupResources=true
[2025.10.22-19.01.47:117][963]LogSlate: InvalidateAllWidgets triggered.  All widgets were invalidated
[2025.10.22-19.01.47:130][963]LogPlayLevel: Display: Shutting down PIE online subsystems
[2025.10.22-19.01.47:137][963]LogSlate: InvalidateAllWidgets triggered.  All widgets were invalidated
[2025.10.22-19.01.47:180][963]LogSlate: Updating window title bar state: overlay mode, drag disabled, window buttons hidden, title bar hidden
[2025.10.22-19.01.47:180][963]LogAudioMixer: FMixerPlatformXAudio2::StopAudioStream() called
[2025.10.22-19.01.47:183][963]LogAudioMixer: FMixerPlatformXAudio2::StopAudioStream() called
[2025.10.22-19.01.47:194][963]LogUObjectHash: Compacting FUObjectHashTables data took   3.75ms
[2025.10.22-19.01.47:235][964]LogPlayLevel: Display: Destroying online subsystem :Context_15
