Log file open, 10/02/25 06:59:03
LogWindows: Failed to load 'aqProf.dll' (GetLastError=126)
LogWindows: File 'aqProf.dll' does not exist
LogWindows: Failed to load 'VtuneApi.dll' (GetLastError=126)
LogWindows: File 'VtuneApi.dll' does not exist
LogWindows: Failed to load 'VtuneApi32e.dll' (GetLastError=126)
LogWindows: File 'VtuneApi32e.dll' does not exist
LogConsoleResponse: Display: Failed to find resolution value strings in scalability ini. Falling back to default.
LogConsoleResponse: Display: Failed to find resolution value strings in scalability ini. Falling back to default.
LogInit: Display: Running engine for game: TasteOfMadness
LogPlatformFile: Not using cached read wrapper
LogTaskGraph: Started task graph with 5 named threads and 35 total threads with 3 sets of task threads.
LogStats: Stats thread started at 0.433359
LogICUInternationalization: ICU TimeZone Detection - Raw Offset: -6:00, Platform Override: ''
LogInit: Display: Loading text-based GConfig....
LogPluginManager: Mounting plugin MeshPainting
LogPluginManager: Mounting plugin XGEController
LogPluginManager: Mounting plugin Paper2D
LogPluginManager: Mounting plugin LightPropagationVolume
LogPluginManager: Mounting plugin LiveLink
LogPluginManager: Mounting plugin AISupport
LogPluginManager: Mounting plugin CameraShakePreviewer
LogPluginManager: Mounting plugin GameplayCameras
LogPluginManager: Mounting plugin EnvironmentQueryEditor
LogPluginManager: Mounting plugin AnimationSharing
LogPluginManager: Mounting plugin CodeLiteSourceCodeAccess
LogPluginManager: Mounting plugin CLionSourceCodeAccess
LogPluginManager: Mounting plugin GitSourceControl
LogPluginManager: Mounting plugin KDevelopSourceCodeAccess
LogPluginManager: Mounting plugin NullSourceCodeAccess
LogPluginManager: Mounting plugin PerforceSourceControl
LogPluginManager: Mounting plugin PixWinPlugin
LogPluginManager: Mounting plugin PlasticSourceControl
LogPluginManager: Mounting plugin PluginUtils
LogPluginManager: Mounting plugin PropertyAccessNode
LogPluginManager: Mounting plugin OodleData
LogPluginManager: Mounting plugin RiderSourceCodeAccess
LogPluginManager: Mounting plugin SubversionSourceControl
LogPluginManager: Mounting plugin TextureFormatOodle
LogPluginManager: Mounting plugin AssetManagerEditor
LogPluginManager: Mounting plugin OodleNetwork
LogPluginManager: Mounting plugin UObjectPlugin
LogPluginManager: Mounting plugin VisualStudioCodeSourceCodeAccess
LogPluginManager: Mounting plugin VisualStudioSourceCodeAccess
LogPluginManager: Mounting plugin XCodeSourceCodeAccess
LogPluginManager: Mounting plugin CryptoKeys
LogPluginManager: Mounting plugin CurveEditorTools
LogPluginManager: Mounting plugin DataValidation
LogPluginManager: Mounting plugin FacialAnimation
LogPluginManager: Mounting plugin GameplayTagsEditor
LogPluginManager: Mounting plugin GeometryMode
LogPluginManager: Mounting plugin MaterialAnalyzer
LogPluginManager: Mounting plugin MacGraphicsSwitching
LogPluginManager: Mounting plugin MobileLauncherProfileWizard
LogPluginManager: Mounting plugin PluginBrowser
LogPluginManager: Mounting plugin SpeedTreeImporter
LogPluginManager: Mounting plugin DatasmithContent
LogPluginManager: Mounting plugin Niagara
LogPluginManager: Mounting plugin LuminPlatformFeatures
LogPluginManager: Mounting plugin MagicLeap
LogPluginManager: Mounting plugin AlembicImporter
LogPluginManager: Mounting plugin VariantManagerContent
LogPluginManager: Mounting plugin AutomationUtils
LogPluginManager: Mounting plugin MagicLeapLightEstimation
LogPluginManager: Mounting plugin BackChannel
LogPluginManager: Mounting plugin MagicLeapMedia
LogPluginManager: Mounting plugin ChaosCloth
LogPluginManager: Mounting plugin ChaosClothEditor
LogPluginManager: Mounting plugin ChaosEditor
LogPluginManager: Mounting plugin ChaosNiagara
LogPluginManager: Mounting plugin ChaosSolverPlugin
LogPluginManager: Mounting plugin MagicLeapPassableWorld
LogPluginManager: Mounting plugin MLSDK
LogPluginManager: Mounting plugin CharacterAI
LogPluginManager: Mounting plugin GeometryCache
LogPluginManager: Mounting plugin GeometryCollectionPlugin
LogPluginManager: Mounting plugin GeometryProcessing
LogPluginManager: Mounting plugin MotoSynth
LogPluginManager: Mounting plugin OpenImageDenoise
LogPluginManager: Mounting plugin PlanarCut
LogPluginManager: Mounting plugin PlatformCrypto
LogPluginManager: Mounting plugin ProxyLODPlugin
LogPluginManager: Mounting plugin PythonScriptPlugin
LogPluginManager: Mounting plugin SkeletalReduction
LogPluginManager: Mounting plugin AndroidMedia
LogPluginManager: Mounting plugin AvfMedia
LogPluginManager: Mounting plugin ImgMedia
LogPluginManager: Mounting plugin MediaCompositing
LogPluginManager: Mounting plugin MediaPlayerEditor
LogPluginManager: Mounting plugin TcpMessaging
LogPluginManager: Mounting plugin WebMMedia
LogPluginManager: Mounting plugin UdpMessaging
LogPluginManager: Mounting plugin WmfMedia
LogPluginManager: Mounting plugin ActorSequence
LogPluginManager: Mounting plugin LevelSequenceEditor
LogPluginManager: Mounting plugin MatineeToLevelSequence
LogPluginManager: Mounting plugin TemplateSequence
LogPluginManager: Mounting plugin OnlineSubsystem
LogPluginManager: Mounting plugin LauncherChunkInstaller
LogPluginManager: Mounting plugin OnlineSubsystemNull
LogPluginManager: Mounting plugin ActorLayerUtilities
LogPluginManager: Mounting plugin OnlineSubsystemUtils
LogPluginManager: Mounting plugin AndroidDeviceProfileSelector
LogPluginManager: Mounting plugin AndroidMoviePlayer
LogPluginManager: Mounting plugin AndroidPermission
LogPluginManager: Mounting plugin AppleImageUtils
LogPluginManager: Mounting plugin AppleMoviePlayer
LogPluginManager: Mounting plugin ArchVisCharacter
LogPluginManager: Mounting plugin AssetTags
LogPluginManager: Mounting plugin AudioCapture
LogPluginManager: Mounting plugin AudioSynesthesia
LogPluginManager: Mounting plugin CableComponent
LogPluginManager: Mounting plugin ChunkDownloader
LogPluginManager: Mounting plugin CustomMeshComponent
LogPluginManager: Mounting plugin EditableMesh
LogPluginManager: Mounting plugin ExampleDeviceProfileSelector
LogPluginManager: Mounting plugin GoogleCloudMessaging
LogPluginManager: Mounting plugin GooglePAD
LogPluginManager: Mounting plugin IOSDeviceProfileSelector
LogPluginManager: Mounting plugin LinuxDeviceProfileSelector
LogPluginManager: Mounting plugin LocationServicesBPLibrary
LogPluginManager: Mounting plugin MobilePatchingUtils
LogPluginManager: Mounting plugin OpenXREyeTracker
LogPluginManager: Mounting plugin OpenXR
LogPluginManager: Mounting plugin OpenXRHandTracking
LogPluginManager: Mounting plugin PhysXVehicles
LogPluginManager: Mounting plugin PostSplashScreen
LogPluginManager: Mounting plugin ProceduralMeshComponent
LogPluginManager: Mounting plugin PropertyAccessEditor
LogPluginManager: Mounting plugin RuntimePhysXCooking
LogPluginManager: Mounting plugin SignificanceManager
LogPluginManager: Mounting plugin SoundFields
LogPluginManager: Mounting plugin Synthesis
LogPluginManager: Mounting plugin WebMMoviePlayer
LogPluginManager: Mounting plugin WindowsMoviePlayer
LogPluginManager: Mounting plugin ScreenshotTools
LogPluginManager: Mounting plugin Takes
LogPluginManager: Mounting plugin ContentBrowserAssetDataSource
LogPluginManager: Mounting plugin ContentBrowserFileDataSource
LogPluginManager: Mounting plugin ContentBrowserClassDataSource
LogPluginManager: Mounting plugin OnlineSubsystemGooglePlay
LogPluginManager: Mounting plugin OnlineSubsystemIOS
LogPluginManager: Mounting plugin OculusVR
LogPluginManager: Mounting plugin SteamVR
PixWinPlugin: PIX capture plugin failed to initialize! Check that the process is launched from PIX.
LogInit: Using libcurl 7.55.1-DEV
LogInit:  - built for x86_64-pc-win32
LogInit:  - supports SSL with OpenSSL/1.1.1
LogInit:  - supports HTTP deflate (compression) using libz 1.2.8
LogInit:  - other features:
LogInit:      CURL_VERSION_SSL
LogInit:      CURL_VERSION_LIBZ
LogInit:      CURL_VERSION_IPV6
LogInit:      CURL_VERSION_ASYNCHDNS
LogInit:      CURL_VERSION_LARGEFILE
LogInit:      CURL_VERSION_IDN
LogInit:  CurlRequestOptions (configurable via config and command line):
LogInit:  - bVerifyPeer = true  - Libcurl will verify peer certificate
LogInit:  - bUseHttpProxy = false  - Libcurl will NOT use HTTP proxy
LogInit:  - bDontReuseConnections = false  - Libcurl will reuse connections
LogInit:  - MaxHostConnections = 16  - Libcurl will limit the number of connections to a host
LogInit:  - LocalHostAddr = Default
LogInit:  - BufferSize = 65536
LogOnline: OSS: Creating online subsystem instance for: NULL
LogInit: WinSock: version 1.1 (2.2), MaxSocks=32767, MaxUdp=65467
LogOnline: OSS: TryLoadSubsystemAndSetDefault: Loaded subsystem for module [NULL]
LogOculusPluginWrapper: OculusPlugin initialized successfully
LogHMD: Failed initializing OVRPlugin 1.59.0
LogInit: Build: ++UE4+Release-4.27-CL-18319896
LogInit: Engine Version: 4.27.2-18319896+++UE4+Release-4.27
LogInit: Compatible Engine Version: 4.27.0-17155196+++UE4+Release-4.27
LogInit: Net CL: 17155196
LogInit: OS: Windows 10 (Release 2009) (), CPU: 11th Gen Intel(R) Core(TM) i5-11400H @ 2.70GHz, GPU: Intel(R) UHD Graphics
LogInit: Compiled (64-bit): Nov 30 2021 07:12:08
LogInit: Compiled with Visual C++: 19.24.28315.00
LogInit: Build Configuration: Development
LogInit: Branch Name: ++UE4+Release-4.27
LogInit: Command Line:  -AUTH_LOGIN=unused -AUTH_PASSWORD=f84e6be2fec0448abbce5a3dcc765914 -AUTH_TYPE=exchangecode -epicapp=UE_4.27 -epicenv=Prod -EpicPortal -epicusername=Geranetor -epicuserid=80d74a91cbd847fe82e7b6a734b4aa1f -epiclocale=en -epicsandboxid=ue
LogInit: Base Directory: F:/Games/UE_4.27/Engine/Binaries/Win64/
LogInit: Allocator: TBB
LogInit: Installed Engine Build: 1
LogDevObjectVersion: Number of dev versions registered: 29
LogDevObjectVersion:   Dev-Blueprints (B0D832E4-1F89-4F0D-ACCF-7EB736FD4AA2): 10
LogDevObjectVersion:   Dev-Build (E1C64328-A22C-4D53-A36C-8E866417BD8C): 0
LogDevObjectVersion:   Dev-Core (375EC13C-06E4-48FB-B500-84F0262A717E): 4
LogDevObjectVersion:   Dev-Editor (E4B068ED-F494-42E9-A231-DA0B2E46BB41): 40
LogDevObjectVersion:   Dev-Framework (CFFC743F-43B0-4480-9391-14DF171D2073): 37
LogDevObjectVersion:   Dev-Mobile (B02B49B5-BB20-44E9-A304-32B752E40360): 3
LogDevObjectVersion:   Dev-Networking (A4E4105C-59A1-49B5-A7C5-40C4547EDFEE): 0
LogDevObjectVersion:   Dev-Online (39C831C9-5AE6-47DC-9A44-9C173E1C8E7C): 0
LogDevObjectVersion:   Dev-Physics (78F01B33-EBEA-4F98-B9B4-84EACCB95AA2): 14
LogDevObjectVersion:   Dev-Platform (6631380F-2D4D-43E0-8009-CF276956A95A): 0
LogDevObjectVersion:   Dev-Rendering (12F88B9F-8875-4AFC-A67C-D90C383ABD29): 45
LogDevObjectVersion:   Dev-Sequencer (7B5AE74C-D270-4C10-A958-57980B212A5A): 13
LogDevObjectVersion:   Dev-VR (D7296918-1DD6-4BDD-9DE2-64A83CC13884): 3
LogDevObjectVersion:   Dev-LoadTimes (C2A15278-BFE7-4AFE-6C17-90FF531DF755): 1
LogDevObjectVersion:   Private-Geometry (6EACA3D4-40EC-4CC1-B786-8BED09428FC5): 3
LogDevObjectVersion:   Dev-AnimPhys (29E575DD-E0A3-4627-9D10-D276232CDCEA): 17
LogDevObjectVersion:   Dev-Anim (AF43A65D-7FD3-4947-9873-3E8ED9C1BB05): 15
LogDevObjectVersion:   Dev-ReflectionCapture (6B266CEC-1EC7-4B8F-A30B-E4D90942FC07): 1
LogDevObjectVersion:   Dev-Automation (0DF73D61-A23F-47EA-B727-89E90C41499A): 1
LogDevObjectVersion:   FortniteMain (601D1886-AC64-4F84-AA16-D3DE0DEAC7D6): 47
LogDevObjectVersion:   FortniteRelease (E7086368-6B23-4C58-8439-1B7016265E91): 1
LogDevObjectVersion:   Dev-Enterprise (9DFFBCD6-494F-0158-E221-12823C92A888): 10
LogDevObjectVersion:   Dev-Niagara (F2AED0AC-9AFE-416F-8664-AA7FFA26D6FC): 1
LogDevObjectVersion:   Dev-Destruction (174F1F0B-B4C6-45A5-B13F-2EE8D0FB917D): 10
LogDevObjectVersion:   Dev-Physics-Ext (35F94A83-E258-406C-A318-09F59610247C): 41
LogDevObjectVersion:   Dev-PhysicsMaterial-Chaos (B68FC16E-8B1B-42E2-B453-215C058844FE): 1
LogDevObjectVersion:   Dev-CineCamera (B2E18506-4273-CFC2-A54E-F4BB758BBA07): 1
LogDevObjectVersion:   Dev-VirtualProduction (64F58936-FD1B-42BA-BA96-7289D5D0FA4E): 1
LogDevObjectVersion:   Dev-MediaFramework (6F0ED827-A609-4895-9C91-998D90180EA4): 2
LogInit: Presizing for max 25165824 objects, including 0 objects not considered by GC, pre-allocating 0 bytes for permanent pool.
LogConfig: Applying CVar settings from Section [/Script/Engine.StreamingSettings] File [F:/Proyectos UE 4.27/TasteOfMadness/TasteOfMadness/Saved/Config/Windows/Engine.ini]
LogConfig: Setting CVar [[s.MinBulkDataSizeForAsyncLoading:131072]]
LogConfig: Setting CVar [[s.AsyncLoadingThreadEnabled:0]]
LogConfig: Setting CVar [[s.EventDrivenLoaderEnabled:1]]
LogConfig: Setting CVar [[s.WarnIfTimeLimitExceeded:0]]
LogConfig: Setting CVar [[s.TimeLimitExceededMultiplier:1.5]]
LogConfig: Setting CVar [[s.TimeLimitExceededMinTime:0.005]]
LogConfig: Setting CVar [[s.UseBackgroundLevelStreaming:1]]
LogConfig: Setting CVar [[s.PriorityAsyncLoadingExtraTime:15.0]]
LogConfig: Setting CVar [[s.LevelStreamingActorsUpdateTimeLimit:5.0]]
LogConfig: Setting CVar [[s.PriorityLevelStreamingActorsUpdateExtraTime:5.0]]
LogConfig: Setting CVar [[s.LevelStreamingComponentsRegistrationGranularity:10]]
LogConfig: Setting CVar [[s.UnregisterComponentsTimeLimit:1.0]]
LogConfig: Setting CVar [[s.LevelStreamingComponentsUnregistrationGranularity:5]]
LogConfig: Setting CVar [[s.FlushStreamingOnExit:1]]
LogInit: Object subsystem initialized
LogConfig: Setting CVar [[con.DebugEarlyDefault:1]]
LogConfig: Setting CVar [[r.setres:1280x720]]
[2025.10.02-12.59.04:387][  0]LogConfig: Setting CVar [[r.VSync:0]]
[2025.10.02-12.59.04:387][  0]LogConfig: Setting CVar [[r.RHICmdBypass:0]]
[2025.10.02-12.59.04:387][  0]LogConfig: Applying CVar settings from Section [/Script/Engine.RendererSettings] File [F:/Proyectos UE 4.27/TasteOfMadness/TasteOfMadness/Saved/Config/Windows/Engine.ini]
[2025.10.02-12.59.04:387][  0]LogConfig: Setting CVar [[r.GPUCrashDebugging:0]]
[2025.10.02-12.59.04:387][  0]LogConfig: Applying CVar settings from Section [/Script/Engine.RendererOverrideSettings] File [F:/Proyectos UE 4.27/TasteOfMadness/TasteOfMadness/Saved/Config/Windows/Engine.ini]
[2025.10.02-12.59.04:387][  0]LogConfig: Applying CVar settings from Section [/Script/Engine.StreamingSettings] File [F:/Proyectos UE 4.27/TasteOfMadness/TasteOfMadness/Saved/Config/Windows/Engine.ini]
[2025.10.02-12.59.04:387][  0]LogConfig: Setting CVar [[s.MinBulkDataSizeForAsyncLoading:131072]]
[2025.10.02-12.59.04:387][  0]LogConfig: Setting CVar [[s.AsyncLoadingThreadEnabled:0]]
[2025.10.02-12.59.04:387][  0]LogConfig: Setting CVar [[s.EventDrivenLoaderEnabled:1]]
[2025.10.02-12.59.04:387][  0]LogConfig: Setting CVar [[s.WarnIfTimeLimitExceeded:0]]
[2025.10.02-12.59.04:387][  0]LogConfig: Setting CVar [[s.TimeLimitExceededMultiplier:1.5]]
[2025.10.02-12.59.04:387][  0]LogConfig: Setting CVar [[s.TimeLimitExceededMinTime:0.005]]
[2025.10.02-12.59.04:387][  0]LogConfig: Setting CVar [[s.UseBackgroundLevelStreaming:1]]
[2025.10.02-12.59.04:387][  0]LogConfig: Setting CVar [[s.PriorityAsyncLoadingExtraTime:15.0]]
[2025.10.02-12.59.04:387][  0]LogConfig: Setting CVar [[s.LevelStreamingActorsUpdateTimeLimit:5.0]]
[2025.10.02-12.59.04:387][  0]LogConfig: Setting CVar [[s.PriorityLevelStreamingActorsUpdateExtraTime:5.0]]
[2025.10.02-12.59.04:387][  0]LogConfig: Setting CVar [[s.LevelStreamingComponentsRegistrationGranularity:10]]
[2025.10.02-12.59.04:387][  0]LogConfig: Setting CVar [[s.UnregisterComponentsTimeLimit:1.0]]
[2025.10.02-12.59.04:387][  0]LogConfig: Setting CVar [[s.LevelStreamingComponentsUnregistrationGranularity:5]]
[2025.10.02-12.59.04:387][  0]LogConfig: Setting CVar [[s.FlushStreamingOnExit:1]]
[2025.10.02-12.59.04:387][  0]LogConfig: Applying CVar settings from Section [/Script/Engine.GarbageCollectionSettings] File [F:/Proyectos UE 4.27/TasteOfMadness/TasteOfMadness/Saved/Config/Windows/Engine.ini]
[2025.10.02-12.59.04:387][  0]LogConfig: Setting CVar [[gc.MaxObjectsNotConsideredByGC:1]]
[2025.10.02-12.59.04:387][  0]LogConfig: Setting CVar [[gc.SizeOfPermanentObjectPool:0]]
[2025.10.02-12.59.04:387][  0]LogConfig: Setting CVar [[gc.FlushStreamingOnGC:0]]
[2025.10.02-12.59.04:387][  0]LogConfig: Setting CVar [[gc.NumRetriesBeforeForcingGC:10]]
[2025.10.02-12.59.04:387][  0]LogConfig: Setting CVar [[gc.AllowParallelGC:1]]
[2025.10.02-12.59.04:387][  0]LogConfig: Setting CVar [[gc.TimeBetweenPurgingPendingKillObjects:61.1]]
[2025.10.02-12.59.04:387][  0]LogConfig: Setting CVar [[gc.MaxObjectsInEditor:25165824]]
[2025.10.02-12.59.04:387][  0]LogConfig: Setting CVar [[gc.IncrementalBeginDestroyEnabled:1]]
[2025.10.02-12.59.04:387][  0]LogConfig: Setting CVar [[gc.CreateGCClusters:1]]
[2025.10.02-12.59.04:387][  0]LogConfig: Setting CVar [[gc.MinGCClusterSize:5]]
[2025.10.02-12.59.04:387][  0]LogConfig: Setting CVar [[gc.ActorClusteringEnabled:0]]
[2025.10.02-12.59.04:387][  0]LogConfig: Setting CVar [[gc.BlueprintClusteringEnabled:0]]
[2025.10.02-12.59.04:387][  0]LogConfig: Setting CVar [[gc.UseDisregardForGCOnDedicatedServers:0]]
[2025.10.02-12.59.04:387][  0]LogConfig: Setting CVar [[gc.MultithreadedDestructionEnabled:1]]
[2025.10.02-12.59.04:387][  0]LogConfig: Applying CVar settings from Section [/Script/Engine.NetworkSettings] File [F:/Proyectos UE 4.27/TasteOfMadness/TasteOfMadness/Saved/Config/Windows/Engine.ini]
[2025.10.02-12.59.04:387][  0]LogConfig: Applying CVar settings from Section [/Script/UnrealEd.CookerSettings] File [F:/Proyectos UE 4.27/TasteOfMadness/TasteOfMadness/Saved/Config/Windows/Engine.ini]
[2025.10.02-12.59.04:392][  0]LogConfig: Applying CVar settings from Section [ViewDistanceQuality@3] File [F:/Proyectos UE 4.27/TasteOfMadness/TasteOfMadness/Saved/Config/Windows/Scalability.ini]
[2025.10.02-12.59.04:392][  0]LogConfig: Setting CVar [[r.SkeletalMeshLODBias:0]]
[2025.10.02-12.59.04:392][  0]LogConfig: Setting CVar [[r.ViewDistanceScale:1.0]]
[2025.10.02-12.59.04:392][  0]LogConfig: Applying CVar settings from Section [AntiAliasingQuality@3] File [F:/Proyectos UE 4.27/TasteOfMadness/TasteOfMadness/Saved/Config/Windows/Scalability.ini]
[2025.10.02-12.59.04:392][  0]LogConfig: Setting CVar [[r.PostProcessAAQuality:4]]
[2025.10.02-12.59.04:392][  0]LogConfig: Applying CVar settings from Section [ShadowQuality@3] File [F:/Proyectos UE 4.27/TasteOfMadness/TasteOfMadness/Saved/Config/Windows/Scalability.ini]
[2025.10.02-12.59.04:392][  0]LogConfig: Setting CVar [[r.LightFunctionQuality:1]]
[2025.10.02-12.59.04:392][  0]LogConfig: Setting CVar [[r.ShadowQuality:5]]
[2025.10.02-12.59.04:392][  0]LogConfig: Setting CVar [[r.Shadow.CSM.MaxCascades:10]]
[2025.10.02-12.59.04:392][  0]LogConfig: Setting CVar [[r.Shadow.MaxResolution:2048]]
[2025.10.02-12.59.04:392][  0]LogConfig: Setting CVar [[r.Shadow.MaxCSMResolution:2048]]
[2025.10.02-12.59.04:392][  0]LogConfig: Setting CVar [[r.Shadow.RadiusThreshold:0.01]]
[2025.10.02-12.59.04:392][  0]LogConfig: Setting CVar [[r.Shadow.DistanceScale:1.0]]
[2025.10.02-12.59.04:392][  0]LogConfig: Setting CVar [[r.Shadow.CSM.TransitionScale:1.0]]
[2025.10.02-12.59.04:392][  0]LogConfig: Setting CVar [[r.Shadow.PreShadowResolutionFactor:1.0]]
[2025.10.02-12.59.04:392][  0]LogConfig: Setting CVar [[r.DistanceFieldShadowing:1]]
[2025.10.02-12.59.04:392][  0]LogConfig: Setting CVar [[r.DistanceFieldAO:1]]
[2025.10.02-12.59.04:392][  0]LogConfig: Setting CVar [[r.AOQuality:2]]
[2025.10.02-12.59.04:392][  0]LogConfig: Setting CVar [[r.VolumetricFog:1]]
[2025.10.02-12.59.04:392][  0]LogConfig: Setting CVar [[r.VolumetricFog.GridPixelSize:8]]
[2025.10.02-12.59.04:392][  0]LogConfig: Setting CVar [[r.VolumetricFog.GridSizeZ:128]]
[2025.10.02-12.59.04:392][  0]LogConfig: Setting CVar [[r.VolumetricFog.HistoryMissSupersampleCount:4]]
[2025.10.02-12.59.04:392][  0]LogConfig: Setting CVar [[r.LightMaxDrawDistanceScale:1]]
[2025.10.02-12.59.04:392][  0]LogConfig: Setting CVar [[r.CapsuleShadows:1]]
[2025.10.02-12.59.04:392][  0]LogConfig: Applying CVar settings from Section [PostProcessQuality@3] File [F:/Proyectos UE 4.27/TasteOfMadness/TasteOfMadness/Saved/Config/Windows/Scalability.ini]
[2025.10.02-12.59.04:392][  0]LogConfig: Setting CVar [[r.MotionBlurQuality:4]]
[2025.10.02-12.59.04:392][  0]LogConfig: Setting CVar [[r.AmbientOcclusionMipLevelFactor:0.4]]
[2025.10.02-12.59.04:392][  0]LogConfig: Setting CVar [[r.AmbientOcclusionMaxQuality:100]]
[2025.10.02-12.59.04:392][  0]LogConfig: Setting CVar [[r.AmbientOcclusionLevels:-1]]
[2025.10.02-12.59.04:392][  0]LogConfig: Setting CVar [[r.AmbientOcclusionRadiusScale:1.0]]
[2025.10.02-12.59.04:392][  0]LogConfig: Setting CVar [[r.DepthOfFieldQuality:2]]
[2025.10.02-12.59.04:392][  0]LogConfig: Setting CVar [[r.RenderTargetPoolMin:400]]
[2025.10.02-12.59.04:392][  0]LogConfig: Setting CVar [[r.LensFlareQuality:2]]
[2025.10.02-12.59.04:392][  0]LogConfig: Setting CVar [[r.SceneColorFringeQuality:1]]
[2025.10.02-12.59.04:392][  0]LogConfig: Setting CVar [[r.EyeAdaptationQuality:2]]
[2025.10.02-12.59.04:392][  0]LogConfig: Setting CVar [[r.BloomQuality:5]]
[2025.10.02-12.59.04:392][  0]LogConfig: Setting CVar [[r.FastBlurThreshold:100]]
[2025.10.02-12.59.04:392][  0]LogConfig: Setting CVar [[r.Upscale.Quality:3]]
[2025.10.02-12.59.04:392][  0]LogConfig: Setting CVar [[r.Tonemapper.GrainQuantization:1]]
[2025.10.02-12.59.04:392][  0]LogConfig: Setting CVar [[r.LightShaftQuality:1]]
[2025.10.02-12.59.04:392][  0]LogConfig: Setting CVar [[r.Filter.SizeScale:1]]
[2025.10.02-12.59.04:392][  0]LogConfig: Setting CVar [[r.Tonemapper.Quality:5]]
[2025.10.02-12.59.04:392][  0]LogConfig: Setting CVar [[r.DOF.Gather.AccumulatorQuality:1        ; higher gathering accumulator quality]]
[2025.10.02-12.59.04:392][  0]LogConfig: Setting CVar [[r.DOF.Gather.PostfilterMethod:1          ; Median3x3 postfilering method]]
[2025.10.02-12.59.04:392][  0]LogConfig: Setting CVar [[r.DOF.Gather.EnableBokehSettings:0       ; no bokeh simulation when gathering]]
[2025.10.02-12.59.04:392][  0]LogConfig: Setting CVar [[r.DOF.Gather.RingCount:4                 ; medium number of samples when gathering]]
[2025.10.02-12.59.04:392][  0]LogConfig: Setting CVar [[r.DOF.Scatter.ForegroundCompositing:1    ; additive foreground scattering]]
[2025.10.02-12.59.04:392][  0]LogConfig: Setting CVar [[r.DOF.Scatter.BackgroundCompositing:2    ; additive background scattering]]
[2025.10.02-12.59.04:392][  0]LogConfig: Setting CVar [[r.DOF.Scatter.EnableBokehSettings:1      ; bokeh simulation when scattering]]
[2025.10.02-12.59.04:392][  0]LogConfig: Setting CVar [[r.DOF.Scatter.MaxSpriteRatio:0.1         ; only a maximum of 10% of scattered bokeh]]
[2025.10.02-12.59.04:392][  0]LogConfig: Setting CVar [[r.DOF.Recombine.Quality:1                ; cheap slight out of focus]]
[2025.10.02-12.59.04:392][  0]LogConfig: Setting CVar [[r.DOF.Recombine.EnableBokehSettings:0    ; no bokeh simulation on slight out of focus]]
[2025.10.02-12.59.04:392][  0]LogConfig: Setting CVar [[r.DOF.TemporalAAQuality:1                ; more stable temporal accumulation]]
[2025.10.02-12.59.04:392][  0]LogConfig: Setting CVar [[r.DOF.Kernel.MaxForegroundRadius:0.025]]
[2025.10.02-12.59.04:392][  0]LogConfig: Setting CVar [[r.DOF.Kernel.MaxBackgroundRadius:0.025]]
[2025.10.02-12.59.04:392][  0]LogConfig: Applying CVar settings from Section [TextureQuality@3] File [F:/Proyectos UE 4.27/TasteOfMadness/TasteOfMadness/Saved/Config/Windows/Scalability.ini]
[2025.10.02-12.59.04:392][  0]LogConfig: Setting CVar [[r.Streaming.MipBias:0]]
[2025.10.02-12.59.04:392][  0]LogConfig: Setting CVar [[r.Streaming.AmortizeCPUToGPUCopy:0]]
[2025.10.02-12.59.04:392][  0]LogConfig: Setting CVar [[r.Streaming.MaxNumTexturesToStreamPerFrame:0]]
[2025.10.02-12.59.04:392][  0]LogConfig: Setting CVar [[r.Streaming.Boost:1]]
[2025.10.02-12.59.04:392][  0]LogConfig: Setting CVar [[r.MaxAnisotropy:8]]
[2025.10.02-12.59.04:392][  0]LogConfig: Setting CVar [[r.VT.MaxAnisotropy:8]]
[2025.10.02-12.59.04:393][  0]LogConfig: Setting CVar [[r.Streaming.LimitPoolSizeToVRAM:0]]
[2025.10.02-12.59.04:393][  0]LogConfig: Setting CVar [[r.Streaming.PoolSize:1000]]
[2025.10.02-12.59.04:393][  0]LogConfig: Setting CVar [[r.Streaming.MaxEffectiveScreenSize:0]]
[2025.10.02-12.59.04:393][  0]LogConfig: Applying CVar settings from Section [EffectsQuality@3] File [F:/Proyectos UE 4.27/TasteOfMadness/TasteOfMadness/Saved/Config/Windows/Scalability.ini]
[2025.10.02-12.59.04:393][  0]LogConfig: Setting CVar [[r.TranslucencyLightingVolumeDim:64]]
[2025.10.02-12.59.04:393][  0]LogConfig: Setting CVar [[r.RefractionQuality:2]]
[2025.10.02-12.59.04:393][  0]LogConfig: Setting CVar [[r.SSR.Quality:3]]
[2025.10.02-12.59.04:393][  0]LogConfig: Setting CVar [[r.SSR.HalfResSceneColor:0]]
[2025.10.02-12.59.04:393][  0]LogConfig: Setting CVar [[r.SceneColorFormat:4]]
[2025.10.02-12.59.04:393][  0]LogConfig: Setting CVar [[r.DetailMode:2]]
[2025.10.02-12.59.04:393][  0]LogConfig: Setting CVar [[r.TranslucencyVolumeBlur:1]]
[2025.10.02-12.59.04:393][  0]LogConfig: Setting CVar [[r.MaterialQualityLevel:1 ; High quality]]
[2025.10.02-12.59.04:393][  0]LogConfig: Setting CVar [[r.AnisotropicMaterials:1]]
[2025.10.02-12.59.04:393][  0]LogConfig: Setting CVar [[r.SSS.Scale:1]]
[2025.10.02-12.59.04:393][  0]LogConfig: Setting CVar [[r.SSS.SampleSet:2]]
[2025.10.02-12.59.04:393][  0]LogConfig: Setting CVar [[r.SSS.Quality:1]]
[2025.10.02-12.59.04:393][  0]LogConfig: Setting CVar [[r.SSS.HalfRes:0]]
[2025.10.02-12.59.04:393][  0]LogConfig: Setting CVar [[r.SSGI.Quality:3]]
[2025.10.02-12.59.04:393][  0]LogConfig: Setting CVar [[r.EmitterSpawnRateScale:1.0]]
[2025.10.02-12.59.04:393][  0]LogConfig: Setting CVar [[r.ParticleLightQuality:2]]
[2025.10.02-12.59.04:393][  0]LogConfig: Setting CVar [[r.SkyAtmosphere.AerialPerspectiveLUT.FastApplyOnOpaque:1 ; Always have FastSkyLUT 1 in this case to avoid wrong sky]]
[2025.10.02-12.59.04:393][  0]LogConfig: Setting CVar [[r.SkyAtmosphere.AerialPerspectiveLUT.SampleCountMaxPerSlice:4]]
[2025.10.02-12.59.04:393][  0]LogConfig: Setting CVar [[r.SkyAtmosphere.AerialPerspectiveLUT.DepthResolution:16.0]]
[2025.10.02-12.59.04:393][  0]LogConfig: Setting CVar [[r.SkyAtmosphere.FastSkyLUT:1]]
[2025.10.02-12.59.04:393][  0]LogConfig: Setting CVar [[r.SkyAtmosphere.FastSkyLUT.SampleCountMin:4.0]]
[2025.10.02-12.59.04:393][  0]LogConfig: Setting CVar [[r.SkyAtmosphere.FastSkyLUT.SampleCountMax:128.0]]
[2025.10.02-12.59.04:393][  0]LogConfig: Setting CVar [[r.SkyAtmosphere.SampleCountMin:4.0]]
[2025.10.02-12.59.04:393][  0]LogConfig: Setting CVar [[r.SkyAtmosphere.SampleCountMax:128.0]]
[2025.10.02-12.59.04:393][  0]LogConfig: Setting CVar [[r.SkyAtmosphere.TransmittanceLUT.UseSmallFormat:0]]
[2025.10.02-12.59.04:393][  0]LogConfig: Setting CVar [[r.SkyAtmosphere.TransmittanceLUT.SampleCount:10.0]]
[2025.10.02-12.59.04:393][  0]LogConfig: Setting CVar [[r.SkyAtmosphere.MultiScatteringLUT.SampleCount:15.0]]
[2025.10.02-12.59.04:393][  0]LogConfig: Setting CVar [[r.SkyLight.RealTimeReflectionCapture:1]]
[2025.10.02-12.59.04:393][  0]LogConfig: Applying CVar settings from Section [FoliageQuality@3] File [F:/Proyectos UE 4.27/TasteOfMadness/TasteOfMadness/Saved/Config/Windows/Scalability.ini]
[2025.10.02-12.59.04:393][  0]LogConfig: Setting CVar [[foliage.DensityScale:1.0]]
[2025.10.02-12.59.04:393][  0]LogConfig: Setting CVar [[grass.DensityScale:1.0]]
[2025.10.02-12.59.04:393][  0]LogConfig: Applying CVar settings from Section [ShadingQuality@3] File [F:/Proyectos UE 4.27/TasteOfMadness/TasteOfMadness/Saved/Config/Windows/Scalability.ini]
[2025.10.02-12.59.04:393][  0]LogConfig: Setting CVar [[r.HairStrands.SkyLighting.IntegrationType:2]]
[2025.10.02-12.59.04:393][  0]LogConfig: Setting CVar [[r.HairStrands.SkyAO.SampleCount:4]]
[2025.10.02-12.59.04:393][  0]LogConfig: Setting CVar [[r.HairStrands.Visibility.MSAA.SamplePerPixel:4]]
[2025.10.02-12.59.04:393][  0]LogInit: Selected Device Profile: [Windows]
[2025.10.02-12.59.04:393][  0]LogInit: Applying CVar settings loaded from the selected device profile: [Windows]
[2025.10.02-12.59.04:393][  0]LogHAL: Display: Platform has ~ 32 GB [34115739648 / 34359738368 / 32], which maps to Largest [LargestMinGB=32, LargerMinGB=12, DefaultMinGB=8, SmallerMinGB=6, SmallestMinGB=0)
[2025.10.02-12.59.04:393][  0]LogInit: Going up to parent DeviceProfile []
[2025.10.02-12.59.04:393][  0]LogConfig: Applying CVar settings from Section [ViewDistanceQuality@3] File [F:/Proyectos UE 4.27/TasteOfMadness/TasteOfMadness/Saved/Config/Windows/Scalability.ini]
[2025.10.02-12.59.04:393][  0]LogConfig: Setting CVar [[r.SkeletalMeshLODBias:0]]
[2025.10.02-12.59.04:393][  0]LogConfig: Setting CVar [[r.ViewDistanceScale:1.0]]
[2025.10.02-12.59.04:393][  0]LogConfig: Applying CVar settings from Section [AntiAliasingQuality@3] File [F:/Proyectos UE 4.27/TasteOfMadness/TasteOfMadness/Saved/Config/Windows/Scalability.ini]
[2025.10.02-12.59.04:393][  0]LogConfig: Setting CVar [[r.PostProcessAAQuality:4]]
[2025.10.02-12.59.04:393][  0]LogConfig: Applying CVar settings from Section [ShadowQuality@3] File [F:/Proyectos UE 4.27/TasteOfMadness/TasteOfMadness/Saved/Config/Windows/Scalability.ini]
[2025.10.02-12.59.04:393][  0]LogConfig: Setting CVar [[r.LightFunctionQuality:1]]
[2025.10.02-12.59.04:393][  0]LogConfig: Setting CVar [[r.ShadowQuality:5]]
[2025.10.02-12.59.04:393][  0]LogConfig: Setting CVar [[r.Shadow.CSM.MaxCascades:10]]
[2025.10.02-12.59.04:393][  0]LogConfig: Setting CVar [[r.Shadow.MaxResolution:2048]]
[2025.10.02-12.59.04:393][  0]LogConfig: Setting CVar [[r.Shadow.MaxCSMResolution:2048]]
[2025.10.02-12.59.04:393][  0]LogConfig: Setting CVar [[r.Shadow.RadiusThreshold:0.01]]
[2025.10.02-12.59.04:393][  0]LogConfig: Setting CVar [[r.Shadow.DistanceScale:1.0]]
[2025.10.02-12.59.04:393][  0]LogConfig: Setting CVar [[r.Shadow.CSM.TransitionScale:1.0]]
[2025.10.02-12.59.04:393][  0]LogConfig: Setting CVar [[r.Shadow.PreShadowResolutionFactor:1.0]]
[2025.10.02-12.59.04:393][  0]LogConfig: Setting CVar [[r.DistanceFieldShadowing:1]]
[2025.10.02-12.59.04:393][  0]LogConfig: Setting CVar [[r.DistanceFieldAO:1]]
[2025.10.02-12.59.04:393][  0]LogConfig: Setting CVar [[r.AOQuality:2]]
[2025.10.02-12.59.04:393][  0]LogConfig: Setting CVar [[r.VolumetricFog:1]]
[2025.10.02-12.59.04:393][  0]LogConfig: Setting CVar [[r.VolumetricFog.GridPixelSize:8]]
[2025.10.02-12.59.04:393][  0]LogConfig: Setting CVar [[r.VolumetricFog.GridSizeZ:128]]
[2025.10.02-12.59.04:393][  0]LogConfig: Setting CVar [[r.VolumetricFog.HistoryMissSupersampleCount:4]]
[2025.10.02-12.59.04:393][  0]LogConfig: Setting CVar [[r.LightMaxDrawDistanceScale:1]]
[2025.10.02-12.59.04:393][  0]LogConfig: Setting CVar [[r.CapsuleShadows:1]]
[2025.10.02-12.59.04:393][  0]LogConfig: Applying CVar settings from Section [PostProcessQuality@3] File [F:/Proyectos UE 4.27/TasteOfMadness/TasteOfMadness/Saved/Config/Windows/Scalability.ini]
[2025.10.02-12.59.04:393][  0]LogConfig: Setting CVar [[r.MotionBlurQuality:4]]
[2025.10.02-12.59.04:393][  0]LogConfig: Setting CVar [[r.AmbientOcclusionMipLevelFactor:0.4]]
[2025.10.02-12.59.04:393][  0]LogConfig: Setting CVar [[r.AmbientOcclusionMaxQuality:100]]
[2025.10.02-12.59.04:393][  0]LogConfig: Setting CVar [[r.AmbientOcclusionLevels:-1]]
[2025.10.02-12.59.04:393][  0]LogConfig: Setting CVar [[r.AmbientOcclusionRadiusScale:1.0]]
[2025.10.02-12.59.04:393][  0]LogConfig: Setting CVar [[r.DepthOfFieldQuality:2]]
[2025.10.02-12.59.04:393][  0]LogConfig: Setting CVar [[r.RenderTargetPoolMin:400]]
[2025.10.02-12.59.04:393][  0]LogConfig: Setting CVar [[r.LensFlareQuality:2]]
[2025.10.02-12.59.04:393][  0]LogConfig: Setting CVar [[r.SceneColorFringeQuality:1]]
[2025.10.02-12.59.04:393][  0]LogConfig: Setting CVar [[r.EyeAdaptationQuality:2]]
[2025.10.02-12.59.04:393][  0]LogConfig: Setting CVar [[r.BloomQuality:5]]
[2025.10.02-12.59.04:393][  0]LogConfig: Setting CVar [[r.FastBlurThreshold:100]]
[2025.10.02-12.59.04:393][  0]LogConfig: Setting CVar [[r.Upscale.Quality:3]]
[2025.10.02-12.59.04:393][  0]LogConfig: Setting CVar [[r.Tonemapper.GrainQuantization:1]]
[2025.10.02-12.59.04:393][  0]LogConfig: Setting CVar [[r.LightShaftQuality:1]]
[2025.10.02-12.59.04:393][  0]LogConfig: Setting CVar [[r.Filter.SizeScale:1]]
[2025.10.02-12.59.04:393][  0]LogConfig: Setting CVar [[r.Tonemapper.Quality:5]]
[2025.10.02-12.59.04:393][  0]LogConfig: Setting CVar [[r.DOF.Gather.AccumulatorQuality:1        ; higher gathering accumulator quality]]
[2025.10.02-12.59.04:393][  0]LogConfig: Setting CVar [[r.DOF.Gather.PostfilterMethod:1          ; Median3x3 postfilering method]]
[2025.10.02-12.59.04:393][  0]LogConfig: Setting CVar [[r.DOF.Gather.EnableBokehSettings:0       ; no bokeh simulation when gathering]]
[2025.10.02-12.59.04:393][  0]LogConfig: Setting CVar [[r.DOF.Gather.RingCount:4                 ; medium number of samples when gathering]]
[2025.10.02-12.59.04:393][  0]LogConfig: Setting CVar [[r.DOF.Scatter.ForegroundCompositing:1    ; additive foreground scattering]]
[2025.10.02-12.59.04:393][  0]LogConfig: Setting CVar [[r.DOF.Scatter.BackgroundCompositing:2    ; additive background scattering]]
[2025.10.02-12.59.04:393][  0]LogConfig: Setting CVar [[r.DOF.Scatter.EnableBokehSettings:1      ; bokeh simulation when scattering]]
[2025.10.02-12.59.04:393][  0]LogConfig: Setting CVar [[r.DOF.Scatter.MaxSpriteRatio:0.1         ; only a maximum of 10% of scattered bokeh]]
[2025.10.02-12.59.04:393][  0]LogConfig: Setting CVar [[r.DOF.Recombine.Quality:1                ; cheap slight out of focus]]
[2025.10.02-12.59.04:393][  0]LogConfig: Setting CVar [[r.DOF.Recombine.EnableBokehSettings:0    ; no bokeh simulation on slight out of focus]]
[2025.10.02-12.59.04:393][  0]LogConfig: Setting CVar [[r.DOF.TemporalAAQuality:1                ; more stable temporal accumulation]]
[2025.10.02-12.59.04:393][  0]LogConfig: Setting CVar [[r.DOF.Kernel.MaxForegroundRadius:0.025]]
[2025.10.02-12.59.04:393][  0]LogConfig: Setting CVar [[r.DOF.Kernel.MaxBackgroundRadius:0.025]]
[2025.10.02-12.59.04:393][  0]LogConfig: Applying CVar settings from Section [TextureQuality@3] File [F:/Proyectos UE 4.27/TasteOfMadness/TasteOfMadness/Saved/Config/Windows/Scalability.ini]
[2025.10.02-12.59.04:393][  0]LogConfig: Setting CVar [[r.Streaming.MipBias:0]]
[2025.10.02-12.59.04:393][  0]LogConfig: Setting CVar [[r.Streaming.AmortizeCPUToGPUCopy:0]]
[2025.10.02-12.59.04:393][  0]LogConfig: Setting CVar [[r.Streaming.MaxNumTexturesToStreamPerFrame:0]]
[2025.10.02-12.59.04:393][  0]LogConfig: Setting CVar [[r.Streaming.Boost:1]]
[2025.10.02-12.59.04:393][  0]LogConfig: Setting CVar [[r.MaxAnisotropy:8]]
[2025.10.02-12.59.04:393][  0]LogConfig: Setting CVar [[r.VT.MaxAnisotropy:8]]
[2025.10.02-12.59.04:393][  0]LogConfig: Setting CVar [[r.Streaming.LimitPoolSizeToVRAM:0]]
[2025.10.02-12.59.04:393][  0]LogConfig: Setting CVar [[r.Streaming.PoolSize:1000]]
[2025.10.02-12.59.04:393][  0]LogConfig: Setting CVar [[r.Streaming.MaxEffectiveScreenSize:0]]
[2025.10.02-12.59.04:393][  0]LogConfig: Applying CVar settings from Section [EffectsQuality@3] File [F:/Proyectos UE 4.27/TasteOfMadness/TasteOfMadness/Saved/Config/Windows/Scalability.ini]
[2025.10.02-12.59.04:394][  0]LogConfig: Setting CVar [[r.TranslucencyLightingVolumeDim:64]]
[2025.10.02-12.59.04:394][  0]LogConfig: Setting CVar [[r.RefractionQuality:2]]
[2025.10.02-12.59.04:394][  0]LogConfig: Setting CVar [[r.SSR.Quality:3]]
[2025.10.02-12.59.04:394][  0]LogConfig: Setting CVar [[r.SSR.HalfResSceneColor:0]]
[2025.10.02-12.59.04:394][  0]LogConfig: Setting CVar [[r.SceneColorFormat:4]]
[2025.10.02-12.59.04:394][  0]LogConfig: Setting CVar [[r.DetailMode:2]]
[2025.10.02-12.59.04:394][  0]LogConfig: Setting CVar [[r.TranslucencyVolumeBlur:1]]
[2025.10.02-12.59.04:394][  0]LogConfig: Setting CVar [[r.MaterialQualityLevel:1 ; High quality]]
[2025.10.02-12.59.04:394][  0]LogConfig: Setting CVar [[r.AnisotropicMaterials:1]]
[2025.10.02-12.59.04:394][  0]LogConfig: Setting CVar [[r.SSS.Scale:1]]
[2025.10.02-12.59.04:394][  0]LogConfig: Setting CVar [[r.SSS.SampleSet:2]]
[2025.10.02-12.59.04:394][  0]LogConfig: Setting CVar [[r.SSS.Quality:1]]
[2025.10.02-12.59.04:394][  0]LogConfig: Setting CVar [[r.SSS.HalfRes:0]]
[2025.10.02-12.59.04:394][  0]LogConfig: Setting CVar [[r.SSGI.Quality:3]]
[2025.10.02-12.59.04:394][  0]LogConfig: Setting CVar [[r.EmitterSpawnRateScale:1.0]]
[2025.10.02-12.59.04:394][  0]LogConfig: Setting CVar [[r.ParticleLightQuality:2]]
[2025.10.02-12.59.04:394][  0]LogConfig: Setting CVar [[r.SkyAtmosphere.AerialPerspectiveLUT.FastApplyOnOpaque:1 ; Always have FastSkyLUT 1 in this case to avoid wrong sky]]
[2025.10.02-12.59.04:394][  0]LogConfig: Setting CVar [[r.SkyAtmosphere.AerialPerspectiveLUT.SampleCountMaxPerSlice:4]]
[2025.10.02-12.59.04:394][  0]LogConfig: Setting CVar [[r.SkyAtmosphere.AerialPerspectiveLUT.DepthResolution:16.0]]
[2025.10.02-12.59.04:394][  0]LogConfig: Setting CVar [[r.SkyAtmosphere.FastSkyLUT:1]]
[2025.10.02-12.59.04:394][  0]LogConfig: Setting CVar [[r.SkyAtmosphere.FastSkyLUT.SampleCountMin:4.0]]
[2025.10.02-12.59.04:394][  0]LogConfig: Setting CVar [[r.SkyAtmosphere.FastSkyLUT.SampleCountMax:128.0]]
[2025.10.02-12.59.04:394][  0]LogConfig: Setting CVar [[r.SkyAtmosphere.SampleCountMin:4.0]]
[2025.10.02-12.59.04:394][  0]LogConfig: Setting CVar [[r.SkyAtmosphere.SampleCountMax:128.0]]
[2025.10.02-12.59.04:394][  0]LogConfig: Setting CVar [[r.SkyAtmosphere.TransmittanceLUT.UseSmallFormat:0]]
[2025.10.02-12.59.04:394][  0]LogConfig: Setting CVar [[r.SkyAtmosphere.TransmittanceLUT.SampleCount:10.0]]
[2025.10.02-12.59.04:394][  0]LogConfig: Setting CVar [[r.SkyAtmosphere.MultiScatteringLUT.SampleCount:15.0]]
[2025.10.02-12.59.04:394][  0]LogConfig: Setting CVar [[r.SkyLight.RealTimeReflectionCapture:1]]
[2025.10.02-12.59.04:394][  0]LogConfig: Applying CVar settings from Section [FoliageQuality@3] File [F:/Proyectos UE 4.27/TasteOfMadness/TasteOfMadness/Saved/Config/Windows/Scalability.ini]
[2025.10.02-12.59.04:394][  0]LogConfig: Setting CVar [[foliage.DensityScale:1.0]]
[2025.10.02-12.59.04:394][  0]LogConfig: Setting CVar [[grass.DensityScale:1.0]]
[2025.10.02-12.59.04:394][  0]LogConfig: Applying CVar settings from Section [ShadingQuality@3] File [F:/Proyectos UE 4.27/TasteOfMadness/TasteOfMadness/Saved/Config/Windows/Scalability.ini]
[2025.10.02-12.59.04:394][  0]LogConfig: Setting CVar [[r.HairStrands.SkyLighting.IntegrationType:2]]
[2025.10.02-12.59.04:394][  0]LogConfig: Setting CVar [[r.HairStrands.SkyAO.SampleCount:4]]
[2025.10.02-12.59.04:394][  0]LogConfig: Setting CVar [[r.HairStrands.Visibility.MSAA.SamplePerPixel:4]]
[2025.10.02-12.59.04:394][  0]LogConfig: Applying CVar settings from Section [Startup] File [../../../Engine/Config/ConsoleVariables.ini]
[2025.10.02-12.59.04:394][  0]LogConfig: Setting CVar [[net.UseAdaptiveNetUpdateFrequency:0]]
[2025.10.02-12.59.04:394][  0]LogConfig: Setting CVar [[p.chaos.AllowCreatePhysxBodies:1]]
[2025.10.02-12.59.04:394][  0]LogConfig: Setting CVar [[fx.SkipVectorVMBackendOptimizations:1]]
[2025.10.02-12.59.04:394][  0]LogConfig: Applying CVar settings from Section [ConsoleVariables] File [F:/Proyectos UE 4.27/TasteOfMadness/TasteOfMadness/Saved/Config/Windows/Engine.ini]
[2025.10.02-12.59.04:394][  0]LogConfig: Applying CVar settings from Section [ConsoleVariables] File [F:/Proyectos UE 4.27/TasteOfMadness/TasteOfMadness/Saved/Config/Windows/Editor.ini]
[2025.10.02-12.59.04:394][  0]LogInit: Computer: LEGIÓN_G
[2025.10.02-12.59.04:394][  0]LogInit: User: gerar
[2025.10.02-12.59.04:394][  0]LogInit: CPU Page size=4096, Cores=6
[2025.10.02-12.59.04:394][  0]LogInit: High frequency timer resolution =10.000000 MHz
[2025.10.02-12.59.04:394][  0]LogMemory: Memory total: Physical=31.8GB (32GB approx)
[2025.10.02-12.59.04:394][  0]LogMemory: Platform Memory Stats for Windows
[2025.10.02-12.59.04:394][  0]LogMemory: Process Physical Memory: 147.60 MB used, 147.60 MB peak
[2025.10.02-12.59.04:394][  0]LogMemory: Process Virtual Memory: 130.29 MB used, 130.29 MB peak
[2025.10.02-12.59.04:394][  0]LogMemory: Physical Memory: 12495.96 MB used,  20039.34 MB free, 32535.30 MB total
[2025.10.02-12.59.04:394][  0]LogMemory: Virtual Memory: 134196112.00 MB used,  21614.54 MB free, 134217728.00 MB total
[2025.10.02-12.59.04:401][  0]LogWindows: WindowsPlatformFeatures enabled
[2025.10.02-12.59.04:450][  0]LogInit: Physics initialised using underlying interface: PhysX
[2025.10.02-12.59.04:452][  0]LogInit: Overriding language with editor language configuration option (en).
[2025.10.02-12.59.04:452][  0]LogInit: Using OS detected locale (es-MX).
[2025.10.02-12.59.04:638][  0]LogInit: Setting process to per monitor DPI aware
[2025.10.02-12.59.04:665][  0]LogWindowsTextInputMethodSystem: Display: IME system deactivated.
[2025.10.02-12.59.04:685][  0]LogSlate: New Slate User Created.  User Index 0, Is Virtual User: 0
[2025.10.02-12.59.04:685][  0]LogSlate: Slate User Registered.  User Index 0, Is Virtual User: 0
[2025.10.02-12.59.04:945][  0]LogD3D11RHI: Loaded GFSDK_Aftermath_Lib.x64.dll
[2025.10.02-12.59.05:018][  0]LogHMD: Failed to initialize OpenVR with code 110
[2025.10.02-12.59.05:019][  0]LogD3D11RHI: D3D11 min allowed feature level: 11_0
[2025.10.02-12.59.05:019][  0]LogD3D11RHI: D3D11 max allowed feature level: 11_0
[2025.10.02-12.59.05:019][  0]LogD3D11RHI: D3D11 adapters:
[2025.10.02-12.59.05:388][  0]LogD3D11RHI:    0. 'NVIDIA GeForce RTX 3050 Ti Laptop GPU' (Feature Level 11_0)
[2025.10.02-12.59.05:388][  0]LogD3D11RHI:       3962/0/16267 MB DedicatedVideo/DedicatedSystem/SharedSystem, Outputs:1, VendorId:0x10de
[2025.10.02-12.59.05:477][  0]LogD3D11RHI:    1. 'Intel(R) UHD Graphics' (Feature Level 11_0)
[2025.10.02-12.59.05:477][  0]LogD3D11RHI:       128/0/16267 MB DedicatedVideo/DedicatedSystem/SharedSystem, Outputs:0, VendorId:0x8086
[2025.10.02-12.59.05:483][  0]LogD3D11RHI:    2. 'Microsoft Basic Render Driver' (Feature Level 11_0)
[2025.10.02-12.59.05:483][  0]LogD3D11RHI:       0/0/16267 MB DedicatedVideo/DedicatedSystem/SharedSystem, Outputs:0, VendorId:0x1414
[2025.10.02-12.59.05:483][  0]LogD3D11RHI: Chosen D3D11 Adapter:
[2025.10.02-12.59.05:483][  0]LogD3D11RHI:     Description : NVIDIA GeForce RTX 3050 Ti Laptop GPU
[2025.10.02-12.59.05:483][  0]LogD3D11RHI:     VendorId    : 10de
[2025.10.02-12.59.05:483][  0]LogD3D11RHI:     DeviceId    : 25e0
[2025.10.02-12.59.05:483][  0]LogD3D11RHI:     SubSysId    : 3e8b17aa
[2025.10.02-12.59.05:483][  0]LogD3D11RHI:     Revision    : 00a1
[2025.10.02-12.59.05:483][  0]LogD3D11RHI:     DedicatedVideoMemory : 4154458112 bytes
[2025.10.02-12.59.05:483][  0]LogD3D11RHI:     DedicatedSystemMemory : 0 bytes
[2025.10.02-12.59.05:483][  0]LogD3D11RHI:     SharedSystemMemory : 17057869824 bytes
[2025.10.02-12.59.05:483][  0]LogD3D11RHI:     AdapterLuid : 0 90531
[2025.10.02-12.59.05:494][  0]LogD3D11RHI: Creating new Direct3DDevice
[2025.10.02-12.59.05:494][  0]LogD3D11RHI:     GPU DeviceId: 0x25e0 (for the marketing name, search the web for "GPU Device Id")
[2025.10.02-12.59.05:494][  0]LogWindows: EnumDisplayDevices:
[2025.10.02-12.59.05:494][  0]LogWindows:    0. 'Intel(R) UHD Graphics' (P:1 D:1)
[2025.10.02-12.59.05:495][  0]LogWindows:    1. 'Intel(R) UHD Graphics' (P:0 D:0)
[2025.10.02-12.59.05:495][  0]LogWindows:    2. 'Intel(R) UHD Graphics' (P:0 D:0)
[2025.10.02-12.59.05:495][  0]LogWindows:    3. 'Intel(R) UHD Graphics' (P:0 D:0)
[2025.10.02-12.59.05:495][  0]LogWindows:    4. 'NVIDIA GeForce RTX 3050 Ti Laptop GPU' (P:0 D:0)
[2025.10.02-12.59.05:495][  0]LogWindows:    5. 'NVIDIA GeForce RTX 3050 Ti Laptop GPU' (P:0 D:0)
[2025.10.02-12.59.05:496][  0]LogWindows:    6. 'NVIDIA GeForce RTX 3050 Ti Laptop GPU' (P:0 D:0)
[2025.10.02-12.59.05:496][  0]LogWindows:    7. 'NVIDIA GeForce RTX 3050 Ti Laptop GPU' (P:0 D:0)
[2025.10.02-12.59.05:496][  0]LogWindows: DebugString: PrimaryIsNotTheChoosenAdapter PrimaryIsNotTheChoosenAdapter PrimaryIsNotTheChoosenAdapter PrimaryIsNotTheChoosenAdapter FoundDriverCount:4 
[2025.10.02-12.59.05:496][  0]LogD3D11RHI:     Adapter Name: NVIDIA GeForce RTX 3050 Ti Laptop GPU
[2025.10.02-12.59.05:496][  0]LogD3D11RHI:   Driver Version: 577.00 (internal:32.0.15.7700, unified:577.00)
[2025.10.02-12.59.05:496][  0]LogD3D11RHI:      Driver Date: 7-14-2025
[2025.10.02-12.59.05:496][  0]LogRHI: Texture pool is 2773 MB (70% of 3962 MB)
[2025.10.02-12.59.05:496][  0]LogD3D11RHI: Creating D3DDevice using adapter:
[2025.10.02-12.59.05:496][  0]LogD3D11RHI:     Description : NVIDIA GeForce RTX 3050 Ti Laptop GPU
[2025.10.02-12.59.05:496][  0]LogD3D11RHI:     VendorId    : 10de
[2025.10.02-12.59.05:496][  0]LogD3D11RHI:     DeviceId    : 25e0
[2025.10.02-12.59.05:496][  0]LogD3D11RHI:     SubSysId    : 3e8b17aa
[2025.10.02-12.59.05:496][  0]LogD3D11RHI:     Revision    : 00a1
[2025.10.02-12.59.05:496][  0]LogD3D11RHI:     DedicatedVideoMemory : 4154458112 bytes
[2025.10.02-12.59.05:496][  0]LogD3D11RHI:     DedicatedSystemMemory : 0 bytes
[2025.10.02-12.59.05:496][  0]LogD3D11RHI:     SharedSystemMemory : 17057869824 bytes
[2025.10.02-12.59.05:496][  0]LogD3D11RHI:     AdapterLuid : 0 90531
[2025.10.02-12.59.05:754][  0]LogD3D11RHI: RHI has support for 64 bit atomics
[2025.10.02-12.59.05:755][  0]LogD3D11RHI: Async texture creation enabled
[2025.10.02-12.59.05:755][  0]LogD3D11RHI: Array index from any shader is supported
[2025.10.02-12.59.05:774][  0]LogD3D11RHI: GPU Timing Frequency: 1000.000000 (Debug: 2 1)
[2025.10.02-12.59.05:813][  0]LogRHI: GeForceNow SDK initialized: 1
[2025.10.02-12.59.06:205][  0]LogTargetPlatformManager: Display: Loaded TargetPlatform 'AllDesktop'
[2025.10.02-12.59.06:226][  0]LogTargetPlatformManager: Display: Loaded TargetPlatform 'Android'
[2025.10.02-12.59.06:226][  0]LogTargetPlatformManager: Display: Loaded TargetPlatform 'Android_ASTC'
[2025.10.02-12.59.06:226][  0]LogTargetPlatformManager: Display: Loaded TargetPlatform 'Android_DXT'
[2025.10.02-12.59.06:226][  0]LogTargetPlatformManager: Display: Loaded TargetPlatform 'Android_ETC2'
[2025.10.02-12.59.06:227][  0]LogTargetPlatformManager: Display: Loaded TargetPlatform 'AndroidClient'
[2025.10.02-12.59.06:227][  0]LogTargetPlatformManager: Display: Loaded TargetPlatform 'Android_ASTCClient'
[2025.10.02-12.59.06:227][  0]LogTargetPlatformManager: Display: Loaded TargetPlatform 'Android_DXTClient'
[2025.10.02-12.59.06:227][  0]LogTargetPlatformManager: Display: Loaded TargetPlatform 'Android_ETC2Client'
[2025.10.02-12.59.06:227][  0]LogTargetPlatformManager: Display: Loaded TargetPlatform 'Android_Multi'
[2025.10.02-12.59.06:227][  0]LogTargetPlatformManager: Display: Loaded TargetPlatform 'Android_MultiClient'
[2025.10.02-12.59.06:245][  0]LogTargetPlatformManager: Display: Loaded TargetPlatform 'IOSClient'
[2025.10.02-12.59.06:245][  0]LogTargetPlatformManager: Display: Loaded TargetPlatform 'IOS'
[2025.10.02-12.59.06:255][  0]LogTargetPlatformManager: Display: Loaded TargetPlatform 'Linux'
[2025.10.02-12.59.06:260][  0]LogTargetPlatformManager: Display: Loaded TargetPlatform 'LinuxNoEditor'
[2025.10.02-12.59.06:265][  0]LogTargetPlatformManager: Display: Loaded TargetPlatform 'LinuxClient'
[2025.10.02-12.59.06:270][  0]LogTargetPlatformManager: Display: Loaded TargetPlatform 'LinuxServer'
[2025.10.02-12.59.06:278][  0]LogTargetPlatformManager: Display: Loaded TargetPlatform 'LinuxAArch64NoEditor'
[2025.10.02-12.59.06:283][  0]LogTargetPlatformManager: Display: Loaded TargetPlatform 'LinuxAArch64Client'
[2025.10.02-12.59.06:287][  0]LogTargetPlatformManager: Display: Loaded TargetPlatform 'LinuxAArch64Server'
[2025.10.02-12.59.06:308][  0]LogTargetPlatformManager: Display: Loaded TargetPlatform 'Lumin'
[2025.10.02-12.59.06:308][  0]LogTargetPlatformManager: Display: Loaded TargetPlatform 'LuminClient'
[2025.10.02-12.59.06:317][  0]LogTargetPlatformManager: Display: Loaded TargetPlatform 'MacNoEditor'
[2025.10.02-12.59.06:321][  0]LogTargetPlatformManager: Display: Loaded TargetPlatform 'Mac'
[2025.10.02-12.59.06:326][  0]LogTargetPlatformManager: Display: Loaded TargetPlatform 'MacClient'
[2025.10.02-12.59.06:331][  0]LogTargetPlatformManager: Display: Loaded TargetPlatform 'MacServer'
[2025.10.02-12.59.06:341][  0]LogTargetPlatformManager: Display: Loaded TargetPlatform 'TVOSClient'
[2025.10.02-12.59.06:341][  0]LogTargetPlatformManager: Display: Loaded TargetPlatform 'TVOS'
[2025.10.02-12.59.06:350][  0]LogTargetPlatformManager: Display: Loaded TargetPlatform 'WindowsNoEditor'
[2025.10.02-12.59.06:355][  0]LogTargetPlatformManager: Display: Loaded TargetPlatform 'Windows'
[2025.10.02-12.59.06:359][  0]LogTargetPlatformManager: Display: Loaded TargetPlatform 'WindowsClient'
[2025.10.02-12.59.06:366][  0]LogTargetPlatformManager: Display: Loaded TargetPlatform 'WindowsServer'
[2025.10.02-12.59.06:366][  0]LogTargetPlatformManager: Display: Building Assets For Windows
[2025.10.02-12.59.06:377][  0]LogAudioDebug: Display: Lib vorbis DLL was dynamically loaded.
[2025.10.02-12.59.06:414][  0]LogTextureFormatOodle: Display: Oodle Texture 2.9.0 init RDO Off
[2025.10.02-12.59.06:450][  0]LogRendererCore: Ray tracing is disabled. Reason: r.RayTracing=0.
[2025.10.02-12.59.06:450][  0]LogShaderCompilers: Guid format shader working directory is -17 characters bigger than the processId version (../../../../../Proyectos UE 4.27/TasteOfMadness/TasteOfMadness/Intermediate/Shaders/WorkingDirectory/30800/).
[2025.10.02-12.59.06:450][  0]LogShaderCompilers: Cleaned the shader compiler working directory 'C:/Users/gerar/AppData/Local/Temp/UnrealShaderWorkingDir/B158580B407CF845593616B4B26D69E9/'.
[2025.10.02-12.59.06:450][  0]LogXGEController: Cannot use XGE Controller as Incredibuild is not installed on this machine.
[2025.10.02-12.59.06:450][  0]LogShaderCompilers: Cannot use XGE Shader Compiler as Incredibuild is not installed on this machine.
[2025.10.02-12.59.06:450][  0]LogShaderCompilers: Display: Using Local Shader Compiler.
[2025.10.02-12.59.07:243][  0]LogDerivedDataCache: Display: Max Cache Size: 512 MB
[2025.10.02-12.59.07:302][  0]LogDerivedDataCache: Loaded boot cache 0.06s 94MB C:/Users/gerar/AppData/Local/UnrealEngine/4.27/DerivedDataCache/Boot.ddc.
[2025.10.02-12.59.07:302][  0]LogDerivedDataCache: Display: Loaded Boot cache: C:/Users/gerar/AppData/Local/UnrealEngine/4.27/DerivedDataCache/Boot.ddc
[2025.10.02-12.59.07:302][  0]LogDerivedDataCache: FDerivedDataBackendGraph:  Pak pak cache file ../../../../../Proyectos UE 4.27/TasteOfMadness/TasteOfMadness/DerivedDataCache/DDC.ddp not found, will not use a pak cache.
[2025.10.02-12.59.07:302][  0]LogDerivedDataCache: Unable to find inner node Pak for hierarchical cache Hierarchy.
[2025.10.02-12.59.07:302][  0]LogDerivedDataCache: FDerivedDataBackendGraph:  CompressedPak pak cache file ../../../../../Proyectos UE 4.27/TasteOfMadness/TasteOfMadness/DerivedDataCache/Compressed.ddp not found, will not use a pak cache.
[2025.10.02-12.59.07:302][  0]LogDerivedDataCache: Unable to find inner node CompressedPak for hierarchical cache Hierarchy.
[2025.10.02-12.59.07:321][  0]LogDerivedDataCache: Display: Pak cache opened for reading ../../../Engine/DerivedDataCache/Compressed.ddp.
[2025.10.02-12.59.07:321][  0]LogDerivedDataCache: FDerivedDataBackendGraph:  EnterprisePak pak cache file ../../../Enterprise/DerivedDataCache/Compressed.ddp not found, will not use a pak cache.
[2025.10.02-12.59.07:321][  0]LogDerivedDataCache: Unable to find inner node EnterprisePak for hierarchical cache Hierarchy.
[2025.10.02-12.59.07:330][  0]LogDerivedDataCache: Speed tests for C:/Users/gerar/AppData/Local/UnrealEngine/Common/DerivedDataCache took 0.01 seconds
[2025.10.02-12.59.07:330][  0]LogDerivedDataCache: Display: Performance to C:/Users/gerar/AppData/Local/UnrealEngine/Common/DerivedDataCache: Latency=0.07ms. RandomReadSpeed=1104.93MBs, RandomWriteSpeed=137.78MBs. Assigned SpeedClass 'Local'
[2025.10.02-12.59.07:330][  0]LogDerivedDataCache: Using Local data cache path C:/Users/gerar/AppData/Local/UnrealEngine/Common/DerivedDataCache: Writable
[2025.10.02-12.59.07:330][  0]LogDerivedDataCache: Shared data cache path not found in *engine.ini, will not use an Shared cache.
[2025.10.02-12.59.07:330][  0]LogDerivedDataCache: Unable to find inner node Shared for hierarchical cache Hierarchy.
[2025.10.02-12.59.07:382][  0]LogSlate: Using FreeType 2.10.0
[2025.10.02-12.59.07:383][  0]LogSlate: SlateFontServices - WITH_FREETYPE: 1, WITH_HARFBUZZ: 1
[2025.10.02-12.59.07:416][  0]LogAssetRegistry: FAssetRegistry took 0.0028 seconds to start up
[2025.10.02-12.59.07:657][  0]LogInit: Selected Device Profile: [Windows]
[2025.10.02-12.59.07:657][  0]LogInit: Active device profile: [000001E421B0C700][000001E41FEE8980 49] Windows
[2025.10.02-12.59.07:657][  0]LogInit: Profiles: [000001E421B0C700][000001E41FEE8980 49] Windows, [000001E421B03700][000001E41FEECAC0 49] WindowsNoEditor, [000001E421B0F300][000001E416406C40 49] WindowsServer, [000001E421B00F00][000001E41640ADC0 49] WindowsClient, [000001E421B0F500][000001E41640EF40 49] IOS, [000001E421AE7F00][000001E4166A10C0 49] iPadAir, [000001E421B03B00][000001E4166A5240 49] iPadAir2, [000001E421AA4500][000001E4166AD500 49] IPadPro, [000001E421AA4600][000001E4166A9540 49] iPadAir3, [000001E421AE4100][000001E4166B16C0 49] iPadAir4, [000001E421AA6C00][000001E4166B5840 49] iPadMini2, [000001E421AE6500][000001E4166B99C0 49] iPadMini3, [000001E421AA7400][000001E4166BDB40 49] iPadMini4, [000001E421AE4F00][000001E4166C0140 49] iPadMini5, [000001E421A9FE00][000001E4166C8400 49] iPhone6, [000001E421A9FF00][000001E4166C4440 49] iPodTouch6, [000001E421B0F900][000001E4166D0700 49] iPhone7, [000001E421B0E100][000001E4166CC740 49] iPodTouch7, [000001E421A9C400][000001E4166D48C0 49] iPhone5S, [000001E421AA7D00][000001E416402A00 49] iPhone6Plus, [000001E421B0F400][000001E4166D8B40 49] iPhone6S, [000001E421AA6000][000001E4166DCC80 49] iPhone6SPlus, [000001E421B0C900][000001E4166E0DC0 49] iPhone7Plus, [000001E421AA4E00][000001E4166E8F40 49] iPhoneSE, [000001E421B0C200][000001E4166ED0C0 49] iPhone8, [000001E421AA6400][000001E4166F1240 49] iPhone8Plus, [000001E421B0DE00][000001E4166F53C0 49] iPhoneX, [000001E421AA7E00][000001E4166F9540 49] iPhoneXS, [000001E421B0D600][000001E4166FD6C0 49] iPhoneXSMax, [000001E421AA6500][000001E416701840 49] iPhoneXR, [000001E421B0EA00][000001E4167059C0 49] iPhone11, [000001E421AA7A00][000001E416709B40 49] iPhone11Pro, [000001E421B0CF00][000001E41670C140 49] iPhone11ProMax, [000001E421AA6300][000001E416A902C0 49] iPhoneSE2, [000001E421B0E700][000001E416A94440 49] iPhone12Mini, [000001E421AA4700][000001E416A985C0 49] iPhone12, [000001E421B0F100][000001E416A9C740 49] iPhone12Pro, [000001E421AA7500][000001E416AA08C0 49] iPhone12ProMax, [000001E421B0C800][000001E416AA4A40 49] iPadPro105, [000001E421AA5C00][000001E4166E4B80 49] iPadPro129, [000001E421B0C300][000001E416AA8CC0 49] iPadPro97, [000001E421AA5D00][000001E416AACE00 49] iPadPro2_129, [000001E421B0CC00][000001E416AB0F40 49] iPad5, [000001E421AA7000][000001E416AB90C0 49] iPad6, [000001E421B0EC00][000001E416ABD240 49] iPad7, [000001E421AA6E00][000001E416AC13C0 49] iPad8, [000001E421B0D800][000001E416AC5540 49] iPadPro11, [000001E421AA5B00][000001E416AC96C0 49] iPadPro2_11, [000001E421B0D500][000001E416ACD840 49] iPadPro3_129, [000001E421AA6700][000001E416AD19C0 49] iPadPro4_129, [000001E421B0C100][000001E416AD5B40 49] AppleTV, [000001E421AA6B00][000001E416AD8140 49] AppleTV4K, [000001E421B0DB00][000001E416ADC2C0 49] TVOS, [000001E421AA4900][000001E416AE0440 49] Mac, [000001E421B0D700][000001E416AE45C0 49] MacClient, [000001E421AA6F00][000001E416AE8740 49] MacNoEditor, [000001E421B0CD00][000001E416AEC8C0 49] MacServer, [000001E421AA4300][000001E416AF0A40 49] Linux, [000001E421B0EE00][000001E416AF4BC0 49] LinuxAArch64, [000001E421AA5500][000001E416AF8D40 49] LinuxNoEditor, [000001E421B0E400][000001E416AB4E80 49] LinuxAArch64NoEditor, [000001E421AA4200][000001E416AFCFC0 49] LinuxClient, [000001E421B0ED00][000001E416B01100 49] LinuxAArch64Client, [000001E421AA4C00][000001E416B09280 49] LinuxServer, [000001E421B0C400][000001E416B0D400 49] LinuxAArch64Server, [000001E421AA5000][000001E416B11580 49] Android, [000001E421AE7900][000001E416B15700 49] Android_Low, [000001E421A9DB00][000001E416B19880 49] Android_Mid, [000001E421AE7000][000001E416B1DA00 49] Android_High, [000001E421A9E300][000001E41FD71B80 49] Android_Default, [000001E421AE6000][000001E41FD74180 49] Android_Adreno4xx, [000001E421A9C100][000001E41FD78300 49] Android_Adreno5xx_Low, [000001E421AE4B00][000001E41FD7C480 49] Android_Adreno5xx, [000001E421A9D800][000001E41FD80600 49] Android_Adreno6xx, [000001E421AE5100][000001E41FD84780 49] Android_Adreno6xx_Vulkan, [000001E421A9C800][000001E41FD88900 49] Android_Mali_T6xx, [000001E421AE7600][000001E41FD8CA80 49] Android_Mali_T7xx, [000001E421A9CD00][000001E41FD90C00 49] Android_Mali_T8xx, [000001E421AE7C00][000001E41FD94D80 49] Android_Mali_G71, [000001E421A9D500][000001E41FD98F00 49] Android_Mali_G72, [000001E421AE7E00][000001E416B05040 49] Android_Mali_G72_Vulkan, [000001E421A9FD00][000001E41FD9D180 49] Android_Mali_G76, [000001E421AE7A00][000001E41FDA12C0 49] Android_Mali_G76_Vulkan, [000001E421A9F600][000001E41FDA9440 49] Android_Mali_G77, [000001E421AE6200][000001E41FDAD5C0 49] Android_Mali_G77_Vulkan, [000001E421A9D200][000001E41FDB1740 49] Android_Mali_G78, [000001E421AE4A00][000001E41FDB58C0 49] Android_Mali_G78_Vulkan, [000001E421A9F000][000001E41FDB9A40 49] Android_Mali_G710, [000001E421AE5400][000001E41FDBDBC0 49] Android_Mali_G710_Vulkan, [000001E421A9C700][000001E41FDC01C0 49] Android_Vulkan_SM5, [000001E421AE5800][000001E41FDC4340 49] Android_PowerVR_G6xxx, [000001E421A9CE00][000001E41FDC84C0 49] Android_PowerVR_GT7xxx, [000001E421AE4200][000001E41FDCC640 49] Android_PowerVR_GE8xxx, [000001E421A9C600][000001E41FDD07C0 49] Android_PowerVR_GM9xxx, [000001E421AE6600][000001E41FDD4940 49] Android_PowerVR_GM9xxx_Vulkan, [000001E421AA4F00][000001E41FDD8AC0 49] Android_TegraK1, [000001E421AE6A00][000001E41FDDCC40 49] Android_Unknown_Vulkan, [000001E421AA4D00][000001E41FDE0DC0 49] Lumin, [000001E421AE5200][000001E41FDE4F40 49] Lumin_Desktop, [000001E421AA4B00][000001E41FDE90C0 49] HoloLens, 
[2025.10.02-12.59.07:792][  0]LogMeshReduction: Using QuadricMeshReduction for automatic static mesh reduction
[2025.10.02-12.59.07:793][  0]LogMeshReduction: Using SimplygonMeshReduction for automatic skeletal mesh reduction
[2025.10.02-12.59.07:793][  0]LogMeshReduction: Using ProxyLODMeshReduction for automatic mesh merging
[2025.10.02-12.59.07:793][  0]LogMeshReduction: No distributed automatic mesh merging module available
[2025.10.02-12.59.07:793][  0]LogMeshMerging: No distributed automatic mesh merging module available
[2025.10.02-12.59.07:811][  0]LogNetVersion: TasteOfMadness 1.0.0, NetCL: 17155196, EngineNetVer: 17, GameNetVer: 0 (Checksum: 3999798361)
[2025.10.02-12.59.08:239][  0]LogTexture: Default maximum texture size for cubemaps generated from long-lat sources has been changed from 512 to unlimited. In order to preserve old behaiour for '/Engine/MapTemplates/Sky/DaylightAmbientCubemap.DaylightAmbientCubemap', its maximum texture size has been explicitly set to 512.
[2025.10.02-12.59.08:297][  0]LogHMD: PokeAHoleMaterial loaded successfully
[2025.10.02-12.59.08:302][  0]LogUObjectArray: 17178 objects as part of root set at end of initial load.
[2025.10.02-12.59.08:302][  0]LogUObjectAllocator: 4302048 out of 0 bytes used by permanent object pool.
[2025.10.02-12.59.08:302][  0]LogUObjectArray: CloseDisregardForGC: 0/0 objects in disregard for GC pool
[2025.10.02-12.59.08:618][  0]LogNiagaraDebuggerClient: Niagara Debugger Client Initialized | Session: 3FDC4D264FEC0EB2E6BDD098645D671C | Instance: F65AF60F4493057CC26F5E919450DECD (LEGIÓN_G-30800).
[2025.10.02-12.59.08:748][  0]LogPython: Using Python 3.7.7
[2025.10.02-12.59.09:224][  0]LogTcpMessaging: Initializing TcpMessaging bridge
[2025.10.02-12.59.09:231][  0]LogUdpMessaging: Initializing bridge on interface 0.0.0.0:0 to multicast group 230.0.0.1:6666.
[2025.10.02-12.59.09:409][  0]SourceControl: Source control is disabled
[2025.10.02-12.59.09:409][  0]SourceControl: Source control is disabled
[2025.10.02-12.59.09:413][  0]SourceControl: Source control is disabled
[2025.10.02-12.59.09:417][  0]SourceControl: Source control is disabled
[2025.10.02-12.59.09:431][  0]SourceControl: Source control is disabled
[2025.10.02-12.59.09:444][  0]LogUProjectInfo: Found projects:
[2025.10.02-12.59.09:705][  0]LogOpenImageDenoise: OIDN starting up
[2025.10.02-12.59.09:741][  0]LogAndroidPermission: UAndroidPermissionCallbackProxy::GetInstance
[2025.10.02-12.59.09:771][  0]LogAudioCaptureCore: Display: No Audio Capture implementations found. Audio input will be silent.
[2025.10.02-12.59.09:771][  0]LogAudioCaptureCore: Display: No Audio Capture implementations found. Audio input will be silent.
[2025.10.02-12.59.09:916][  0]LogCollectionManager: Loaded 0 collections in 0.000727 seconds
[2025.10.02-12.59.09:944][  0]LogFileCache: Scanning file cache for directory 'F:/Proyectos UE 4.27/TasteOfMadness/TasteOfMadness/Saved/Collections/' took 0.00s
[2025.10.02-12.59.09:944][  0]LogFileCache: Scanning file cache for directory 'F:/Proyectos UE 4.27/TasteOfMadness/TasteOfMadness/Content/Developers/gerar/Collections/' took 0.00s
[2025.10.02-12.59.09:944][  0]LogFileCache: Scanning file cache for directory 'F:/Proyectos UE 4.27/TasteOfMadness/TasteOfMadness/Content/Collections/' took 0.00s
[2025.10.02-12.59.09:944][  0]LogOcInput: OculusInput pre-init called
[2025.10.02-12.59.10:255][  0]LogEngine: Initializing Engine...
[2025.10.02-12.59.10:264][  0]LogHMD: Failed to enumerate extensions. Please check that you have a valid OpenXR runtime installed.
[2025.10.02-12.59.10:264][  0]LogHMD: Failed to initialize OpenVR with code 110
[2025.10.02-12.59.10:264][  0]LogMagicLeap: Warning: VR disabled because ZI is not enabled.  To enable, in the editor, Edit -> Project Settings -> Plugins -> Magic Leap Plugin -> Enable Zero Iteration
[2025.10.02-12.59.10:265][  0]LogStats: UGameplayTagsManager::InitializeManager -  0.000 s
[2025.10.02-12.59.10:381][  0]LogInit: Initializing FReadOnlyCVARCache
[2025.10.02-12.59.10:391][  0]LogAIModule: Creating AISystem for world Untitled
[2025.10.02-12.59.10:393][  0]LogAudio: Display: Initializing Audio Device Manager...
[2025.10.02-12.59.10:398][  0]LogAudio: Display: Loading Default Audio Settings Objects...
[2025.10.02-12.59.10:399][  0]LogAudio: Display: No default SoundConcurrencyObject specified (or failed to load).
[2025.10.02-12.59.10:399][  0]LogAudio: Display: Audio Device Manager Initialized
[2025.10.02-12.59.10:399][  0]LogAudio: Display: Creating Audio Device:                 Id: 1, Scope: Shared, Realtime: True
[2025.10.02-12.59.10:399][  0]LogAudioMixer: Display: Audio Mixer Platform Settings:
[2025.10.02-12.59.10:399][  0]LogAudioMixer: Display: 	Sample Rate:						  48000
[2025.10.02-12.59.10:399][  0]LogAudioMixer: Display: 	Callback Buffer Frame Size Requested: 1024
[2025.10.02-12.59.10:399][  0]LogAudioMixer: Display: 	Callback Buffer Frame Size To Use:	  1024
[2025.10.02-12.59.10:399][  0]LogAudioMixer: Display: 	Number of buffers to queue:			  2
[2025.10.02-12.59.10:399][  0]LogAudioMixer: Display: 	Max Channels (voices):				  32
[2025.10.02-12.59.10:399][  0]LogAudioMixer: Display: 	Number of Async Source Workers:		  0
[2025.10.02-12.59.10:399][  0]LogAudio: Display: AudioDevice MaxSources: 32
[2025.10.02-12.59.10:399][  0]LogAudio: Display: Audio Spatialization Plugin: None (built-in).
[2025.10.02-12.59.10:399][  0]LogAudio: Display: Audio Reverb Plugin: None (built-in).
[2025.10.02-12.59.10:399][  0]LogAudio: Display: Audio Occlusion Plugin: None (built-in).
[2025.10.02-12.59.10:399][  0]LogAudioMixer: Display: Initializing audio mixer.
[2025.10.02-12.59.10:411][  0]LogAudioMixer: Display: 0: FrontLeft
[2025.10.02-12.59.10:411][  0]LogAudioMixer: Display: 1: FrontRight
[2025.10.02-12.59.10:791][  0]LogAudioMixer: Display: Using Audio Device Altavoces (Realtek(R) Audio)
[2025.10.02-12.59.10:793][  0]LogAudioMixer: Display: Initializing Sound Submixes...
[2025.10.02-12.59.10:796][  0]LogAudioMixer: Display: Creating Master Submix 'MasterSubmixDefault'
[2025.10.02-12.59.10:796][  0]LogAudioMixer: Display: Creating Master Submix 'MasterReverbSubmixDefault'
[2025.10.02-12.59.10:797][  0]LogAudioMixer: Display: Creating Master Submix 'MasterEQSubmixDefault'
[2025.10.02-12.59.10:797][  0]LogAudioMixer: FMixerPlatformXAudio2::StartAudioStream() called
[2025.10.02-12.59.10:797][  0]LogAudioMixer: Display: Output buffers initialized: Frames=1024, Channels=2, Samples=2048
[2025.10.02-12.59.10:798][  0]LogAudioMixer: Display: Starting AudioMixerPlatformInterface::RunInternal()
[2025.10.02-12.59.10:798][  0]LogAudioMixer: Display: FMixerPlatformXAudio2::SubmitBuffer() called for the first time
[2025.10.02-12.59.10:798][  0]LogInit: FAudioDevice initialized.
[2025.10.02-12.59.10:798][  0]LogAudio: Display: Audio Device (ID: 1) registered with world 'Untitled'.
[2025.10.02-12.59.10:798][  0]LogNetVersion: Set ProjectVersion to 1.0.0.0. Version Checksum will be recalculated on next use.
[2025.10.02-12.59.10:903][  0]LogDerivedDataCache: Saved boot cache 0.10s 94MB C:/Users/gerar/AppData/Local/UnrealEngine/4.27/DerivedDataCache/Boot.ddc.
[2025.10.02-12.59.10:904][  0]LogInit: Texture streaming: Enabled
[2025.10.02-12.59.10:922][  0]LogAnalytics: Display: [UEEditor.Rocket.Release] APIServer = https://datarouter.ol.epicgames.com/. AppVersion = 4.27.2-18319896+++UE4+Release-4.27
[2025.10.02-12.59.10:927][  0]LogEngineSessionManager: EngineSessionManager initialized
[2025.10.02-12.59.10:927][  0]LogEditorSessionSummary: Verbose: Initializing EditorSessionSummaryWriter for editor session tracking
[2025.10.02-12.59.10:930][  0]LogEditorSessionSummary: EditorSessionSummaryWriter initialized
[2025.10.02-12.59.10:961][  0]LogInit: Transaction tracking system initialized
[2025.10.02-12.59.10:986][  0]BlueprintLog: New page: Editor Load
[2025.10.02-12.59.11:064][  0]LocalizationService: Localization service is disabled
[2025.10.02-12.59.11:092][  0]TimingProfiler: Initialize
[2025.10.02-12.59.11:093][  0]TimingProfiler: OnSessionChanged
[2025.10.02-12.59.11:093][  0]LoadingProfiler: Initialize
[2025.10.02-12.59.11:093][  0]LoadingProfiler: OnSessionChanged
[2025.10.02-12.59.11:093][  0]NetworkingProfiler: Initialize
[2025.10.02-12.59.11:093][  0]NetworkingProfiler: OnSessionChanged
[2025.10.02-12.59.11:093][  0]MemoryProfiler: Initialize
[2025.10.02-12.59.11:093][  0]MemoryProfiler: OnSessionChanged
[2025.10.02-12.59.11:268][  0]LogCook: Display: CookSettings for Memory: MemoryMaxUsedVirtual 0MiB, MemoryMaxUsedPhysical 16384MiB, MemoryMinFreeVirtual 0MiB, MemoryMinFreePhysical 1024MiB
[2025.10.02-12.59.11:268][  0]LogCook: Display: Mobile HDR setting 1
[2025.10.02-12.59.11:545][  0]LogFileCache: Scanning file cache for directory 'F:/Proyectos UE 4.27/TasteOfMadness/TasteOfMadness/Content/' took 0.01s
[2025.10.02-12.59.11:806][  0]LogInit: Display: Engine is initialized. Leaving FEngineLoop::Init()
[2025.10.02-12.59.11:811][  0]SourceControl: Source control is disabled
[2025.10.02-12.59.11:811][  0]LogUnrealEdMisc: Loading editor; pre map load, took 9.153
[2025.10.02-12.59.11:811][  0]Cmd: MAP LOAD FILE="../../../../../Proyectos UE 4.27/TasteOfMadness/TasteOfMadness/Content/ThirdPersonBP/Maps/ThirdPersonExampleMap.umap" TEMPLATE=0 SHOWPROGRESS=1 FEATURELEVEL=3
[2025.10.02-12.59.11:812][  0]LightingResults: New page: Lighting Build
[2025.10.02-12.59.11:814][  0]LogWorld: UWorld::CleanupWorld for Untitled, bSessionEnded=true, bCleanupResources=true
[2025.10.02-12.59.11:814][  0]LogSlate: InvalidateAllWidgets triggered.  All widgets were invalidated
[2025.10.02-12.59.11:816][  0]MapCheck: New page: Map Check
[2025.10.02-12.59.11:816][  0]LightingResults: New page: Lighting Build
[2025.10.02-12.59.11:821][  0]LogAudio: Display: Audio Device unregistered from world 'None'.
[2025.10.02-12.59.11:824][  0]LogUObjectHash: Compacting FUObjectHashTables data took   0.76ms
[2025.10.02-12.59.12:589][  0]LogAudio: Display: Audio Device (ID: 1) registered with world 'ThirdPersonExampleMap'.
[2025.10.02-12.59.12:590][  0]LogAIModule: Creating AISystem for world ThirdPersonExampleMap
[2025.10.02-12.59.12:626][  0]LogEditorServer: Finished looking for orphan Actors (0.000 secs)
[2025.10.02-12.59.12:639][  0]LogUObjectHash: Compacting FUObjectHashTables data took   0.92ms
[2025.10.02-12.59.12:640][  0]Cmd: MAP CHECKDEP NOCLEARLOG
[2025.10.02-12.59.12:640][  0]MapCheck: Map check complete: 0 Error(s), 0 Warning(s), took 0.111ms to complete.
[2025.10.02-12.59.12:641][  0]LogFileHelpers: Loading map 'ThirdPersonExampleMap' took 0.829
[2025.10.02-12.59.12:643][  0]LogUnrealEdMisc: Total Editor Startup Time, took 9.985
[2025.10.02-12.59.12:818][  0]LogSlate: Updating window title bar state: overlay mode, drag disabled, window buttons hidden, title bar hidden
[2025.10.02-12.59.12:827][  0]LogSlate: Updating window title bar state: overlay mode, drag disabled, window buttons hidden, title bar hidden
[2025.10.02-12.59.12:834][  0]LogSlate: Updating window title bar state: overlay mode, drag disabled, window buttons hidden, title bar hidden
[2025.10.02-12.59.12:842][  0]LogSlate: Updating window title bar state: overlay mode, drag disabled, window buttons hidden, title bar hidden
[2025.10.02-12.59.12:885][  0]LogNativeClassHierarchy: Verbose: Native class hierarchy populated in 0.0126 seconds. Added 3822 classes and 928 folders.
[2025.10.02-12.59.12:893][  0]LogNativeClassHierarchy: Verbose: Native class hierarchy updated for 'WidgetCarousel' in 0.0003 seconds. Added 0 classes and 0 folders.
[2025.10.02-12.59.12:899][  0]LogPakFile: PakFile PrimaryIndexSize=187
[2025.10.02-12.59.12:899][  0]LogPakFile: PakFile PathHashIndexSize=101
[2025.10.02-12.59.12:899][  0]LogPakFile: PakFile FullDirectoryIndexSize=148
[2025.10.02-12.59.12:899][  0]LogShaderLibrary: Display: ShaderCodeLibraryPakFileMountedCallback: PakFile 'F:/Games/UE_4.27/FeaturePacks/FP_FirstPerson.upack' (chunk index -1, root 'root:/') mounted
[2025.10.02-12.59.12:899][  0]LogShaderLibrary: Display: ShaderCodeLibraryPakFileMountedCallback: pending pak file info (ChunkID:-1 Root:root:/ File:F:/Games/UE_4.27/FeaturePacks/FP_FirstPerson.upack)
[2025.10.02-12.59.12:899][  0]LogPakFile: OnPakFileMounted2Time == 0.000151
[2025.10.02-12.59.12:902][  0]LogPakFile: PakFile PrimaryIndexSize=189
[2025.10.02-12.59.12:902][  0]LogPakFile: PakFile PathHashIndexSize=101
[2025.10.02-12.59.12:902][  0]LogPakFile: PakFile FullDirectoryIndexSize=152
[2025.10.02-12.59.12:902][  0]LogShaderLibrary: Display: ShaderCodeLibraryPakFileMountedCallback: PakFile 'F:/Games/UE_4.27/FeaturePacks/FP_FirstPersonBP.upack' (chunk index -1, root 'root:/') mounted
[2025.10.02-12.59.12:902][  0]LogShaderLibrary: Display: ShaderCodeLibraryPakFileMountedCallback: pending pak file info (ChunkID:-1 Root:root:/ File:F:/Games/UE_4.27/FeaturePacks/FP_FirstPersonBP.upack)
[2025.10.02-12.59.12:902][  0]LogPakFile: OnPakFileMounted2Time == 0.000047
[2025.10.02-12.59.12:904][  0]LogPakFile: PakFile PrimaryIndexSize=191
[2025.10.02-12.59.12:904][  0]LogPakFile: PakFile PathHashIndexSize=101
[2025.10.02-12.59.12:904][  0]LogPakFile: PakFile FullDirectoryIndexSize=160
[2025.10.02-12.59.12:904][  0]LogShaderLibrary: Display: ShaderCodeLibraryPakFileMountedCallback: PakFile 'F:/Games/UE_4.27/FeaturePacks/MobileStarterContent.upack' (chunk index -1, root 'root:/') mounted
[2025.10.02-12.59.12:904][  0]LogShaderLibrary: Display: ShaderCodeLibraryPakFileMountedCallback: pending pak file info (ChunkID:-1 Root:root:/ File:F:/Games/UE_4.27/FeaturePacks/MobileStarterContent.upack)
[2025.10.02-12.59.12:904][  0]LogPakFile: OnPakFileMounted2Time == 0.000131
[2025.10.02-12.59.12:908][  0]LogPakFile: PakFile PrimaryIndexSize=185
[2025.10.02-12.59.12:908][  0]LogPakFile: PakFile PathHashIndexSize=101
[2025.10.02-12.59.12:908][  0]LogPakFile: PakFile FullDirectoryIndexSize=148
[2025.10.02-12.59.12:908][  0]LogShaderLibrary: Display: ShaderCodeLibraryPakFileMountedCallback: PakFile 'F:/Games/UE_4.27/FeaturePacks/StarterContent.upack' (chunk index -1, root 'root:/') mounted
[2025.10.02-12.59.12:908][  0]LogShaderLibrary: Display: ShaderCodeLibraryPakFileMountedCallback: pending pak file info (ChunkID:-1 Root:root:/ File:F:/Games/UE_4.27/FeaturePacks/StarterContent.upack)
[2025.10.02-12.59.12:908][  0]LogPakFile: OnPakFileMounted2Time == 0.000047
[2025.10.02-12.59.12:910][  0]LogPakFile: PakFile PrimaryIndexSize=190
[2025.10.02-12.59.12:910][  0]LogPakFile: PakFile PathHashIndexSize=101
[2025.10.02-12.59.12:910][  0]LogPakFile: PakFile FullDirectoryIndexSize=154
[2025.10.02-12.59.12:910][  0]LogShaderLibrary: Display: ShaderCodeLibraryPakFileMountedCallback: PakFile 'F:/Games/UE_4.27/FeaturePacks/TP_2DSideScroller.upack' (chunk index -1, root 'root:/') mounted
[2025.10.02-12.59.12:910][  0]LogShaderLibrary: Display: ShaderCodeLibraryPakFileMountedCallback: pending pak file info (ChunkID:-1 Root:root:/ File:F:/Games/UE_4.27/FeaturePacks/TP_2DSideScroller.upack)
[2025.10.02-12.59.12:910][  0]LogPakFile: OnPakFileMounted2Time == 0.000043
[2025.10.02-12.59.12:912][  0]LogPakFile: PakFile PrimaryIndexSize=192
[2025.10.02-12.59.12:913][  0]LogPakFile: PakFile PathHashIndexSize=101
[2025.10.02-12.59.12:913][  0]LogPakFile: PakFile FullDirectoryIndexSize=158
[2025.10.02-12.59.12:913][  0]LogShaderLibrary: Display: ShaderCodeLibraryPakFileMountedCallback: PakFile 'F:/Games/UE_4.27/FeaturePacks/TP_2DSideScrollerBP.upack' (chunk index -1, root 'root:/') mounted
[2025.10.02-12.59.12:913][  0]LogShaderLibrary: Display: ShaderCodeLibraryPakFileMountedCallback: pending pak file info (ChunkID:-1 Root:root:/ File:F:/Games/UE_4.27/FeaturePacks/TP_2DSideScrollerBP.upack)
[2025.10.02-12.59.12:913][  0]LogPakFile: OnPakFileMounted2Time == 0.000045
[2025.10.02-12.59.12:914][  0]LogPakFile: PakFile PrimaryIndexSize=182
[2025.10.02-12.59.12:914][  0]LogPakFile: PakFile PathHashIndexSize=101
[2025.10.02-12.59.12:914][  0]LogPakFile: PakFile FullDirectoryIndexSize=138
[2025.10.02-12.59.12:914][  0]LogShaderLibrary: Display: ShaderCodeLibraryPakFileMountedCallback: PakFile 'F:/Games/UE_4.27/FeaturePacks/TP_Flying.upack' (chunk index -1, root 'root:/') mounted
[2025.10.02-12.59.12:914][  0]LogShaderLibrary: Display: ShaderCodeLibraryPakFileMountedCallback: pending pak file info (ChunkID:-1 Root:root:/ File:F:/Games/UE_4.27/FeaturePacks/TP_Flying.upack)
[2025.10.02-12.59.12:914][  0]LogPakFile: OnPakFileMounted2Time == 0.000037
[2025.10.02-12.59.12:916][  0]LogPakFile: PakFile PrimaryIndexSize=184
[2025.10.02-12.59.12:917][  0]LogPakFile: PakFile PathHashIndexSize=101
[2025.10.02-12.59.12:917][  0]LogPakFile: PakFile FullDirectoryIndexSize=142
[2025.10.02-12.59.12:917][  0]LogShaderLibrary: Display: ShaderCodeLibraryPakFileMountedCallback: PakFile 'F:/Games/UE_4.27/FeaturePacks/TP_FlyingBP.upack' (chunk index -1, root 'root:/') mounted
[2025.10.02-12.59.12:917][  0]LogShaderLibrary: Display: ShaderCodeLibraryPakFileMountedCallback: pending pak file info (ChunkID:-1 Root:root:/ File:F:/Games/UE_4.27/FeaturePacks/TP_FlyingBP.upack)
[2025.10.02-12.59.12:917][  0]LogPakFile: OnPakFileMounted2Time == 0.000043
[2025.10.02-12.59.12:919][  0]LogPakFile: PakFile PrimaryIndexSize=188
[2025.10.02-12.59.12:919][  0]LogPakFile: PakFile PathHashIndexSize=101
[2025.10.02-12.59.12:919][  0]LogPakFile: PakFile FullDirectoryIndexSize=150
[2025.10.02-12.59.12:919][  0]LogShaderLibrary: Display: ShaderCodeLibraryPakFileMountedCallback: PakFile 'F:/Games/UE_4.27/FeaturePacks/TP_HandheldARBP.upack' (chunk index -1, root 'root:/') mounted
[2025.10.02-12.59.12:919][  0]LogShaderLibrary: Display: ShaderCodeLibraryPakFileMountedCallback: pending pak file info (ChunkID:-1 Root:root:/ File:F:/Games/UE_4.27/FeaturePacks/TP_HandheldARBP.upack)
[2025.10.02-12.59.12:919][  0]LogPakFile: OnPakFileMounted2Time == 0.000041
[2025.10.02-12.59.12:932][  0]LogPakFile: PakFile PrimaryIndexSize=182
[2025.10.02-12.59.12:932][  0]LogPakFile: PakFile PathHashIndexSize=101
[2025.10.02-12.59.12:932][  0]LogPakFile: PakFile FullDirectoryIndexSize=138
[2025.10.02-12.59.12:932][  0]LogShaderLibrary: Display: ShaderCodeLibraryPakFileMountedCallback: PakFile 'F:/Games/UE_4.27/FeaturePacks/TP_Puzzle.upack' (chunk index -1, root 'root:/') mounted
[2025.10.02-12.59.12:932][  0]LogShaderLibrary: Display: ShaderCodeLibraryPakFileMountedCallback: pending pak file info (ChunkID:-1 Root:root:/ File:F:/Games/UE_4.27/FeaturePacks/TP_Puzzle.upack)
[2025.10.02-12.59.12:932][  0]LogPakFile: OnPakFileMounted2Time == 0.000040
[2025.10.02-12.59.12:934][  0]LogPakFile: PakFile PrimaryIndexSize=184
[2025.10.02-12.59.12:934][  0]LogPakFile: PakFile PathHashIndexSize=101
[2025.10.02-12.59.12:934][  0]LogPakFile: PakFile FullDirectoryIndexSize=142
[2025.10.02-12.59.12:934][  0]LogShaderLibrary: Display: ShaderCodeLibraryPakFileMountedCallback: PakFile 'F:/Games/UE_4.27/FeaturePacks/TP_PuzzleBP.upack' (chunk index -1, root 'root:/') mounted
[2025.10.02-12.59.12:934][  0]LogShaderLibrary: Display: ShaderCodeLibraryPakFileMountedCallback: pending pak file info (ChunkID:-1 Root:root:/ File:F:/Games/UE_4.27/FeaturePacks/TP_PuzzleBP.upack)
[2025.10.02-12.59.12:934][  0]LogPakFile: OnPakFileMounted2Time == 0.000035
[2025.10.02-12.59.12:935][  0]LogPakFile: PakFile PrimaryIndexSize=183
[2025.10.02-12.59.12:936][  0]LogPakFile: PakFile PathHashIndexSize=101
[2025.10.02-12.59.12:936][  0]LogPakFile: PakFile FullDirectoryIndexSize=140
[2025.10.02-12.59.12:936][  0]LogShaderLibrary: Display: ShaderCodeLibraryPakFileMountedCallback: PakFile 'F:/Games/UE_4.27/FeaturePacks/TP_Rolling.upack' (chunk index -1, root 'root:/') mounted
[2025.10.02-12.59.12:936][  0]LogShaderLibrary: Display: ShaderCodeLibraryPakFileMountedCallback: pending pak file info (ChunkID:-1 Root:root:/ File:F:/Games/UE_4.27/FeaturePacks/TP_Rolling.upack)
[2025.10.02-12.59.12:936][  0]LogPakFile: OnPakFileMounted2Time == 0.000057
[2025.10.02-12.59.12:938][  0]LogPakFile: PakFile PrimaryIndexSize=185
[2025.10.02-12.59.12:938][  0]LogPakFile: PakFile PathHashIndexSize=101
[2025.10.02-12.59.12:938][  0]LogPakFile: PakFile FullDirectoryIndexSize=144
[2025.10.02-12.59.12:939][  0]LogShaderLibrary: Display: ShaderCodeLibraryPakFileMountedCallback: PakFile 'F:/Games/UE_4.27/FeaturePacks/TP_RollingBP.upack' (chunk index -1, root 'root:/') mounted
[2025.10.02-12.59.12:939][  0]LogShaderLibrary: Display: ShaderCodeLibraryPakFileMountedCallback: pending pak file info (ChunkID:-1 Root:root:/ File:F:/Games/UE_4.27/FeaturePacks/TP_RollingBP.upack)
[2025.10.02-12.59.12:939][  0]LogPakFile: OnPakFileMounted2Time == 0.000054
[2025.10.02-12.59.12:940][  0]LogPakFile: PakFile PrimaryIndexSize=188
[2025.10.02-12.59.12:940][  0]LogPakFile: PakFile PathHashIndexSize=101
[2025.10.02-12.59.12:940][  0]LogPakFile: PakFile FullDirectoryIndexSize=150
[2025.10.02-12.59.12:940][  0]LogShaderLibrary: Display: ShaderCodeLibraryPakFileMountedCallback: PakFile 'F:/Games/UE_4.27/FeaturePacks/TP_SideScroller.upack' (chunk index -1, root 'root:/') mounted
[2025.10.02-12.59.12:941][  0]LogShaderLibrary: Display: ShaderCodeLibraryPakFileMountedCallback: pending pak file info (ChunkID:-1 Root:root:/ File:F:/Games/UE_4.27/FeaturePacks/TP_SideScroller.upack)
[2025.10.02-12.59.12:941][  0]LogPakFile: OnPakFileMounted2Time == 0.000160
[2025.10.02-12.59.12:943][  0]LogPakFile: PakFile PrimaryIndexSize=190
[2025.10.02-12.59.12:943][  0]LogPakFile: PakFile PathHashIndexSize=101
[2025.10.02-12.59.12:943][  0]LogPakFile: PakFile FullDirectoryIndexSize=154
[2025.10.02-12.59.12:943][  0]LogShaderLibrary: Display: ShaderCodeLibraryPakFileMountedCallback: PakFile 'F:/Games/UE_4.27/FeaturePacks/TP_SideScrollerBP.upack' (chunk index -1, root 'root:/') mounted
[2025.10.02-12.59.12:943][  0]LogShaderLibrary: Display: ShaderCodeLibraryPakFileMountedCallback: pending pak file info (ChunkID:-1 Root:root:/ File:F:/Games/UE_4.27/FeaturePacks/TP_SideScrollerBP.upack)
[2025.10.02-12.59.12:943][  0]LogPakFile: OnPakFileMounted2Time == 0.000044
[2025.10.02-12.59.12:944][  0]LogPakFile: PakFile PrimaryIndexSize=187
[2025.10.02-12.59.12:944][  0]LogPakFile: PakFile PathHashIndexSize=101
[2025.10.02-12.59.12:944][  0]LogPakFile: PakFile FullDirectoryIndexSize=148
[2025.10.02-12.59.12:944][  0]LogShaderLibrary: Display: ShaderCodeLibraryPakFileMountedCallback: PakFile 'F:/Games/UE_4.27/FeaturePacks/TP_ThirdPerson.upack' (chunk index -1, root 'root:/') mounted
[2025.10.02-12.59.12:944][  0]LogShaderLibrary: Display: ShaderCodeLibraryPakFileMountedCallback: pending pak file info (ChunkID:-1 Root:root:/ File:F:/Games/UE_4.27/FeaturePacks/TP_ThirdPerson.upack)
[2025.10.02-12.59.12:944][  0]LogPakFile: OnPakFileMounted2Time == 0.000030
[2025.10.02-12.59.12:946][  0]LogPakFile: PakFile PrimaryIndexSize=189
[2025.10.02-12.59.12:946][  0]LogPakFile: PakFile PathHashIndexSize=101
[2025.10.02-12.59.12:946][  0]LogPakFile: PakFile FullDirectoryIndexSize=152
[2025.10.02-12.59.12:946][  0]LogShaderLibrary: Display: ShaderCodeLibraryPakFileMountedCallback: PakFile 'F:/Games/UE_4.27/FeaturePacks/TP_ThirdPersonBP.upack' (chunk index -1, root 'root:/') mounted
[2025.10.02-12.59.12:946][  0]LogShaderLibrary: Display: ShaderCodeLibraryPakFileMountedCallback: pending pak file info (ChunkID:-1 Root:root:/ File:F:/Games/UE_4.27/FeaturePacks/TP_ThirdPersonBP.upack)
[2025.10.02-12.59.12:946][  0]LogPakFile: OnPakFileMounted2Time == 0.000053
[2025.10.02-12.59.12:949][  0]LogPakFile: PakFile PrimaryIndexSize=183
[2025.10.02-12.59.12:949][  0]LogPakFile: PakFile PathHashIndexSize=101
[2025.10.02-12.59.12:949][  0]LogPakFile: PakFile FullDirectoryIndexSize=140
[2025.10.02-12.59.12:949][  0]LogShaderLibrary: Display: ShaderCodeLibraryPakFileMountedCallback: PakFile 'F:/Games/UE_4.27/FeaturePacks/TP_TopDown.upack' (chunk index -1, root 'root:/') mounted
[2025.10.02-12.59.12:949][  0]LogShaderLibrary: Display: ShaderCodeLibraryPakFileMountedCallback: pending pak file info (ChunkID:-1 Root:root:/ File:F:/Games/UE_4.27/FeaturePacks/TP_TopDown.upack)
[2025.10.02-12.59.12:949][  0]LogPakFile: OnPakFileMounted2Time == 0.000175
[2025.10.02-12.59.12:951][  0]LogPakFile: PakFile PrimaryIndexSize=185
[2025.10.02-12.59.12:951][  0]LogPakFile: PakFile PathHashIndexSize=101
[2025.10.02-12.59.12:951][  0]LogPakFile: PakFile FullDirectoryIndexSize=144
[2025.10.02-12.59.12:951][  0]LogShaderLibrary: Display: ShaderCodeLibraryPakFileMountedCallback: PakFile 'F:/Games/UE_4.27/FeaturePacks/TP_TopDownBP.upack' (chunk index -1, root 'root:/') mounted
[2025.10.02-12.59.12:951][  0]LogShaderLibrary: Display: ShaderCodeLibraryPakFileMountedCallback: pending pak file info (ChunkID:-1 Root:root:/ File:F:/Games/UE_4.27/FeaturePacks/TP_TopDownBP.upack)
[2025.10.02-12.59.12:951][  0]LogPakFile: OnPakFileMounted2Time == 0.000036
[2025.10.02-12.59.12:952][  0]LogPakFile: PakFile PrimaryIndexSize=185
[2025.10.02-12.59.12:952][  0]LogPakFile: PakFile PathHashIndexSize=101
[2025.10.02-12.59.12:952][  0]LogPakFile: PakFile FullDirectoryIndexSize=144
[2025.10.02-12.59.12:952][  0]LogShaderLibrary: Display: ShaderCodeLibraryPakFileMountedCallback: PakFile 'F:/Games/UE_4.27/FeaturePacks/TP_TwinStick.upack' (chunk index -1, root 'root:/') mounted
[2025.10.02-12.59.12:952][  0]LogShaderLibrary: Display: ShaderCodeLibraryPakFileMountedCallback: pending pak file info (ChunkID:-1 Root:root:/ File:F:/Games/UE_4.27/FeaturePacks/TP_TwinStick.upack)
[2025.10.02-12.59.12:952][  0]LogPakFile: OnPakFileMounted2Time == 0.000038
[2025.10.02-12.59.12:954][  0]LogPakFile: PakFile PrimaryIndexSize=187
[2025.10.02-12.59.12:954][  0]LogPakFile: PakFile PathHashIndexSize=101
[2025.10.02-12.59.12:954][  0]LogPakFile: PakFile FullDirectoryIndexSize=148
[2025.10.02-12.59.12:954][  0]LogShaderLibrary: Display: ShaderCodeLibraryPakFileMountedCallback: PakFile 'F:/Games/UE_4.27/FeaturePacks/TP_TwinStickBP.upack' (chunk index -1, root 'root:/') mounted
[2025.10.02-12.59.12:954][  0]LogShaderLibrary: Display: ShaderCodeLibraryPakFileMountedCallback: pending pak file info (ChunkID:-1 Root:root:/ File:F:/Games/UE_4.27/FeaturePacks/TP_TwinStickBP.upack)
[2025.10.02-12.59.12:954][  0]LogPakFile: OnPakFileMounted2Time == 0.000043
[2025.10.02-12.59.12:956][  0]LogPakFile: PakFile PrimaryIndexSize=183
[2025.10.02-12.59.12:956][  0]LogPakFile: PakFile PathHashIndexSize=101
[2025.10.02-12.59.12:956][  0]LogPakFile: PakFile FullDirectoryIndexSize=140
[2025.10.02-12.59.12:956][  0]LogShaderLibrary: Display: ShaderCodeLibraryPakFileMountedCallback: PakFile 'F:/Games/UE_4.27/FeaturePacks/TP_Vehicle.upack' (chunk index -1, root 'root:/') mounted
[2025.10.02-12.59.12:956][  0]LogShaderLibrary: Display: ShaderCodeLibraryPakFileMountedCallback: pending pak file info (ChunkID:-1 Root:root:/ File:F:/Games/UE_4.27/FeaturePacks/TP_Vehicle.upack)
[2025.10.02-12.59.12:956][  0]LogPakFile: OnPakFileMounted2Time == 0.000150
[2025.10.02-12.59.12:958][  0]LogPakFile: PakFile PrimaryIndexSize=186
[2025.10.02-12.59.12:959][  0]LogPakFile: PakFile PathHashIndexSize=101
[2025.10.02-12.59.12:959][  0]LogPakFile: PakFile FullDirectoryIndexSize=146
[2025.10.02-12.59.12:959][  0]LogShaderLibrary: Display: ShaderCodeLibraryPakFileMountedCallback: PakFile 'F:/Games/UE_4.27/FeaturePacks/TP_VehicleAdv.upack' (chunk index -1, root 'root:/') mounted
[2025.10.02-12.59.12:959][  0]LogShaderLibrary: Display: ShaderCodeLibraryPakFileMountedCallback: pending pak file info (ChunkID:-1 Root:root:/ File:F:/Games/UE_4.27/FeaturePacks/TP_VehicleAdv.upack)
[2025.10.02-12.59.12:959][  0]LogPakFile: OnPakFileMounted2Time == 0.000039
[2025.10.02-12.59.12:963][  0]LogPakFile: PakFile PrimaryIndexSize=188
[2025.10.02-12.59.12:963][  0]LogPakFile: PakFile PathHashIndexSize=101
[2025.10.02-12.59.12:963][  0]LogPakFile: PakFile FullDirectoryIndexSize=150
[2025.10.02-12.59.12:963][  0]LogShaderLibrary: Display: ShaderCodeLibraryPakFileMountedCallback: PakFile 'F:/Games/UE_4.27/FeaturePacks/TP_VehicleAdvBP.upack' (chunk index -1, root 'root:/') mounted
[2025.10.02-12.59.12:963][  0]LogShaderLibrary: Display: ShaderCodeLibraryPakFileMountedCallback: pending pak file info (ChunkID:-1 Root:root:/ File:F:/Games/UE_4.27/FeaturePacks/TP_VehicleAdvBP.upack)
[2025.10.02-12.59.12:963][  0]LogPakFile: OnPakFileMounted2Time == 0.000046
[2025.10.02-12.59.12:964][  0]LogPakFile: PakFile PrimaryIndexSize=185
[2025.10.02-12.59.12:966][  0]LogPakFile: PakFile PathHashIndexSize=101
[2025.10.02-12.59.12:966][  0]LogPakFile: PakFile FullDirectoryIndexSize=144
[2025.10.02-12.59.12:966][  0]LogShaderLibrary: Display: ShaderCodeLibraryPakFileMountedCallback: PakFile 'F:/Games/UE_4.27/FeaturePacks/TP_VehicleBP.upack' (chunk index -1, root 'root:/') mounted
[2025.10.02-12.59.12:966][  0]LogShaderLibrary: Display: ShaderCodeLibraryPakFileMountedCallback: pending pak file info (ChunkID:-1 Root:root:/ File:F:/Games/UE_4.27/FeaturePacks/TP_VehicleBP.upack)
[2025.10.02-12.59.12:966][  0]LogPakFile: OnPakFileMounted2Time == 0.000039
[2025.10.02-12.59.12:968][  0]LogPakFile: PakFile PrimaryIndexSize=192
[2025.10.02-12.59.12:968][  0]LogPakFile: PakFile PathHashIndexSize=101
[2025.10.02-12.59.12:968][  0]LogPakFile: PakFile FullDirectoryIndexSize=158
[2025.10.02-12.59.12:968][  0]LogShaderLibrary: Display: ShaderCodeLibraryPakFileMountedCallback: PakFile 'F:/Games/UE_4.27/FeaturePacks/TP_VirtualRealityBP.upack' (chunk index -1, root 'root:/') mounted
[2025.10.02-12.59.12:968][  0]LogShaderLibrary: Display: ShaderCodeLibraryPakFileMountedCallback: pending pak file info (ChunkID:-1 Root:root:/ File:F:/Games/UE_4.27/FeaturePacks/TP_VirtualRealityBP.upack)
[2025.10.02-12.59.12:968][  0]LogPakFile: OnPakFileMounted2Time == 0.000035
[2025.10.02-12.59.13:138][  0]LogNativeClassHierarchy: Verbose: Native class hierarchy updated for 'AddContentDialog' in 0.0004 seconds. Added 0 classes and 0 folders.
[2025.10.02-12.59.13:147][  0]LogNativeClassHierarchy: Verbose: Native class hierarchy updated for 'SceneOutliner' in 0.0005 seconds. Added 2 classes and 0 folders.
[2025.10.02-12.59.13:287][  0]LogSlate: Took 0.000361 seconds to synchronously load lazily loaded font '../../../Engine/Content/Slate/Fonts/Roboto-Regular.ttf' (155K)
[2025.10.02-12.59.13:290][  0]LogSlate: Took 0.001393 seconds to synchronously load lazily loaded font '../../../Engine/Content/Editor/Slate/Fonts/FontAwesome.ttf' (139K)
[2025.10.02-12.59.13:291][  0]LogSlate: Took 0.000321 seconds to synchronously load lazily loaded font '../../../Engine/Content/Slate/Fonts/Roboto-Bold.ttf' (160K)
[2025.10.02-12.59.13:440][  0]LogRenderer: Reallocating scene render targets to support 940x424 Format 10 NumSamples 1 (Frame:1).
[2025.10.02-12.59.13:567][  0]LogNativeClassHierarchy: Verbose: Native class hierarchy updated for 'HierarchicalLODOutliner' in 0.0006 seconds. Added 0 classes and 0 folders.
[2025.10.02-12.59.13:567][  0]LogLoad: (Engine Initialization) Total time: 10.91 seconds
[2025.10.02-12.59.13:567][  0]LogLoad: (Engine Initialization) Total Blueprint compile time: 0.00 seconds
[2025.10.02-12.59.13:633][  0]LogAssetRegistry: Asset discovery search completed in 6.2177 seconds
[2025.10.02-12.59.13:641][  0]LogCollectionManager: Fixed up redirectors for 0 collections in 0.000004 seconds (updated 0 objects)
[2025.10.02-12.59.13:644][  0]LogContentStreaming: Texture pool size now 1000 MB
[2025.10.02-12.59.13:742][  3]LogSlate: Took 0.000917 seconds to synchronously load lazily loaded font '../../../Engine/Content/Slate/Fonts/Roboto-Light.ttf' (167K)
[2025.10.02-12.59.16:504][168]LogEditorViewport: Clicking on Actor (LMB): StaticMeshActor (Floor)
[2025.10.02-12.59.17:170][201]LogTemp: Repeating last play command: Selected Viewport
[2025.10.02-12.59.17:179][201]LogPlayLevel: PlayLevel: No blueprints needed recompiling
[2025.10.02-12.59.17:181][201]PIE: New page: PIE session: ThirdPersonExampleMap (2 oct. 2025 1:59:17)
[2025.10.02-12.59.17:183][201]LogOnline: OSS: Creating online subsystem instance for: NULL
[2025.10.02-12.59.17:186][201]LogOnline: OSS: TryLoadSubsystemAndSetDefault: Loaded subsystem for module [NULL]
[2025.10.02-12.59.17:186][201]LogPlayLevel: Creating play world package: /Game/ThirdPersonBP/Maps/UEDPIE_0_ThirdPersonExampleMap
[2025.10.02-12.59.17:200][201]LogPlayLevel: PIE: StaticDuplicateObject took: (0.015247s)
[2025.10.02-12.59.17:203][201]LogAIModule: Creating AISystem for world ThirdPersonExampleMap
[2025.10.02-12.59.17:203][201]LogPlayLevel: PIE: World Init took: (0.001677s)
[2025.10.02-12.59.17:203][201]LogPlayLevel: PIE: Created PIE world by copying editor world from /Game/ThirdPersonBP/Maps/ThirdPersonExampleMap.ThirdPersonExampleMap to /Game/ThirdPersonBP/Maps/UEDPIE_0_ThirdPersonExampleMap.ThirdPersonExampleMap (0.017384s)
[2025.10.02-12.59.17:212][201]LogUObjectHash: Compacting FUObjectHashTables data took   0.88ms
[2025.10.02-12.59.17:213][201]LogAudio: Display: Creating Audio Device:                 Id: 2, Scope: Unique, Realtime: True
[2025.10.02-12.59.17:213][201]LogAudioMixer: Display: Audio Mixer Platform Settings:
[2025.10.02-12.59.17:213][201]LogAudioMixer: Display: 	Sample Rate:						  48000
[2025.10.02-12.59.17:213][201]LogAudioMixer: Display: 	Callback Buffer Frame Size Requested: 1024
[2025.10.02-12.59.17:213][201]LogAudioMixer: Display: 	Callback Buffer Frame Size To Use:	  1024
[2025.10.02-12.59.17:213][201]LogAudioMixer: Display: 	Number of buffers to queue:			  2
[2025.10.02-12.59.17:213][201]LogAudioMixer: Display: 	Max Channels (voices):				  32
[2025.10.02-12.59.17:213][201]LogAudioMixer: Display: 	Number of Async Source Workers:		  0
[2025.10.02-12.59.17:213][201]LogAudio: Display: AudioDevice MaxSources: 32
[2025.10.02-12.59.17:213][201]LogAudio: Display: Audio Spatialization Plugin: None (built-in).
[2025.10.02-12.59.17:213][201]LogAudio: Display: Audio Reverb Plugin: None (built-in).
[2025.10.02-12.59.17:213][201]LogAudio: Display: Audio Occlusion Plugin: None (built-in).
[2025.10.02-12.59.17:213][201]LogAudioMixer: Display: Initializing audio mixer.
[2025.10.02-12.59.17:217][201]LogAudioMixer: Display: 0: FrontLeft
[2025.10.02-12.59.17:217][201]LogAudioMixer: Display: 1: FrontRight
[2025.10.02-12.59.17:259][201]LogAudioMixer: Display: Using Audio Device Altavoces (Realtek(R) Audio)
[2025.10.02-12.59.17:259][201]LogAudioMixer: Display: Initializing Sound Submixes...
[2025.10.02-12.59.17:259][201]LogAudioMixer: Display: Creating Master Submix 'MasterSubmixDefault'
[2025.10.02-12.59.17:259][201]LogAudioMixer: Display: Creating Master Submix 'MasterReverbSubmixDefault'
[2025.10.02-12.59.17:260][201]LogAudioMixer: Display: Creating Master Submix 'MasterEQSubmixDefault'
[2025.10.02-12.59.17:260][201]LogAudioMixer: FMixerPlatformXAudio2::StartAudioStream() called
[2025.10.02-12.59.17:260][201]LogAudioMixer: Display: Output buffers initialized: Frames=1024, Channels=2, Samples=2048
[2025.10.02-12.59.17:261][201]LogAudioMixer: Display: Starting AudioMixerPlatformInterface::RunInternal()
[2025.10.02-12.59.17:261][201]LogAudioMixer: Display: FMixerPlatformXAudio2::SubmitBuffer() called for the first time
[2025.10.02-12.59.17:261][201]LogInit: FAudioDevice initialized.
[2025.10.02-12.59.17:261][201]LogAudio: Display: Audio Device (ID: 2) registered with world 'ThirdPersonExampleMap'.
[2025.10.02-12.59.17:273][201]LogLoad: Game class is 'BP_GameMode_C'
[2025.10.02-12.59.17:278][201]LogWorld: Bringing World /Game/ThirdPersonBP/Maps/UEDPIE_0_ThirdPersonExampleMap.ThirdPersonExampleMap up for play (max tick rate 60) at 2025.10.02-06.59.17
[2025.10.02-12.59.17:284][201]LogWorld: Bringing up level for play took: 0.008746
[2025.10.02-12.59.17:284][201]LogOnline: OSS: Creating online subsystem instance for: :Context_3
[2025.10.02-12.59.17:290][201]LogNativeClassHierarchy: Verbose: Native class hierarchy updated for 'MovieSceneCapture' in 0.0003 seconds. Added 20 classes and 0 folders.
[2025.10.02-12.59.17:296][201]LogBlueprintUserMessages: [BP_ClareCharacter_C_0] BP_Sarten
[2025.10.02-12.59.17:298][201]LogBlueprintUserMessages: [BP_ClareCharacter_C_0] BP_Olla
[2025.10.02-12.59.17:300][201]LogBlueprintUserMessages: [BP_ClareCharacter_C_0] BP_LlaveInglesa
[2025.10.02-12.59.17:303][201]LogBlueprintUserMessages: [BP_ClareCharacter_C_0] BP_Escoba
[2025.10.02-12.59.17:305][201]LogBlueprintUserMessages: [BP_ClareCharacter_C_0] BP_Trapeador
[2025.10.02-12.59.17:307][201]LogBlueprintUserMessages: [BP_ClareCharacter_C_0] BP_Extintor
[2025.10.02-12.59.17:309][201]LogBlueprintUserMessages: [BP_ClareCharacter_C_0] BP_Cuchillo
[2025.10.02-12.59.17:311][201]PIE: Server logged in
[2025.10.02-12.59.17:314][201]PIE: Play in editor total start time 0.138 seconds.
[2025.10.02-12.59.21:434][446]LogBlueprintUserMessages: [BP_FrancisIA_2] Se ha encontrado la mesa
[2025.10.02-12.59.23:417][565]LogBlueprintUserMessages: [BP_FrancisIA_2] Pedido:5--Crujiente--Dulce--Verde
[2025.10.02-12.59.23:417][565]LogBlueprintUserMessages: [BP_FrancisIA_2] OnreachedTable Iniciado
[2025.10.02-12.59.27:417][805]LogBlueprintUserMessages: [BP_FrancisIA_2] Paciencia agotada, ENTRANDO EN MODO FURIA
[2025.10.02-12.59.29:417][925]LogBlueprintUserMessages: [BP_FrancisIA_2] EnterFury ejecutado
[2025.10.02-12.59.31:417][ 45]LogBlueprintUserMessages: [BP_FrancisIA_2] IsAttacking ejecutado
[2025.10.02-12.59.33:668][180]LogBlueprintUserMessages: [BP_FrancisIA_2] MOVETOTARGET ejecutado
[2025.10.02-12.59.33:917][195]LogBlueprintUserMessages: [BP_FrancisIA_2] MOVETOTARGET ejecutado
[2025.10.02-12.59.34:167][210]LogBlueprintUserMessages: [BP_FrancisIA_2] MOVETOTARGET ejecutado
[2025.10.02-12.59.34:418][225]LogBlueprintUserMessages: [BP_FrancisIA_2] MOVETOTARGET ejecutado
[2025.10.02-12.59.34:418][225]LogBlueprintUserMessages: [BP_FrancisIA_2] TryAttack ejecutado
[2025.10.02-12.59.34:668][240]LogBlueprintUserMessages: [BP_FrancisIA_2] MOVETOTARGET ejecutado
[2025.10.02-12.59.34:918][255]LogBlueprintUserMessages: [BP_FrancisIA_2] MOVETOTARGET ejecutado
[2025.10.02-12.59.35:167][270]LogBlueprintUserMessages: [BP_FrancisIA_2] MOVETOTARGET ejecutado
[2025.10.02-12.59.35:418][285]LogBlueprintUserMessages: [BP_FrancisIA_2] MOVETOTARGET ejecutado
[2025.10.02-12.59.35:419][285]LogBlueprintUserMessages: [BP_FrancisIA_2] TryAttack ejecutado
[2025.10.02-12.59.35:668][300]LogBlueprintUserMessages: [BP_FrancisIA_2] MOVETOTARGET ejecutado
[2025.10.02-12.59.35:918][315]LogBlueprintUserMessages: [BP_FrancisIA_2] MOVETOTARGET ejecutado
[2025.10.02-12.59.36:168][330]LogBlueprintUserMessages: [BP_FrancisIA_2] MOVETOTARGET ejecutado
[2025.10.02-12.59.36:418][345]LogBlueprintUserMessages: [BP_FrancisIA_2] MOVETOTARGET ejecutado
[2025.10.02-12.59.36:418][345]LogBlueprintUserMessages: [BP_FrancisIA_2] TryAttack ejecutado
[2025.10.02-12.59.36:668][360]LogBlueprintUserMessages: [BP_FrancisIA_2] MOVETOTARGET ejecutado
[2025.10.02-12.59.36:919][375]LogBlueprintUserMessages: [BP_FrancisIA_2] MOVETOTARGET ejecutado
[2025.10.02-12.59.37:168][390]LogBlueprintUserMessages: [BP_FrancisIA_2] MOVETOTARGET ejecutado
[2025.10.02-12.59.37:418][405]LogBlueprintUserMessages: [BP_FrancisIA_2] MOVETOTARGET ejecutado
[2025.10.02-12.59.37:418][405]LogBlueprintUserMessages: [BP_FrancisIA_2] TryAttack ejecutado
[2025.10.02-12.59.37:668][420]LogBlueprintUserMessages: [BP_FrancisIA_2] MOVETOTARGET ejecutado
[2025.10.02-12.59.37:918][435]LogBlueprintUserMessages: [BP_FrancisIA_2] MOVETOTARGET ejecutado
[2025.10.02-12.59.38:169][450]LogBlueprintUserMessages: [BP_FrancisIA_2] MOVETOTARGET ejecutado
[2025.10.02-12.59.38:418][465]LogBlueprintUserMessages: [BP_FrancisIA_2] MOVETOTARGET ejecutado
[2025.10.02-12.59.38:418][465]LogBlueprintUserMessages: [BP_FrancisIA_2] TryAttack ejecutado
[2025.10.02-12.59.38:668][480]LogBlueprintUserMessages: [BP_FrancisIA_2] MOVETOTARGET ejecutado
[2025.10.02-12.59.38:918][495]LogBlueprintUserMessages: [BP_FrancisIA_2] MOVETOTARGET ejecutado
[2025.10.02-12.59.39:169][510]LogBlueprintUserMessages: [BP_FrancisIA_2] MOVETOTARGET ejecutado
[2025.10.02-12.59.39:418][525]LogBlueprintUserMessages: [BP_FrancisIA_2] MOVETOTARGET ejecutado
[2025.10.02-12.59.39:418][525]LogBlueprintUserMessages: [BP_FrancisIA_2] TryAttack ejecutado
[2025.10.02-12.59.39:668][540]LogBlueprintUserMessages: [BP_FrancisIA_2] MOVETOTARGET ejecutado
[2025.10.02-12.59.39:919][555]LogBlueprintUserMessages: [BP_FrancisIA_2] MOVETOTARGET ejecutado
[2025.10.02-12.59.40:169][570]LogBlueprintUserMessages: [BP_FrancisIA_2] MOVETOTARGET ejecutado
[2025.10.02-12.59.40:418][585]LogBlueprintUserMessages: [BP_FrancisIA_2] MOVETOTARGET ejecutado
[2025.10.02-12.59.40:418][585]LogBlueprintUserMessages: [BP_FrancisIA_2] TryAttack ejecutado
[2025.10.02-12.59.40:669][600]LogBlueprintUserMessages: [BP_FrancisIA_2] MOVETOTARGET ejecutado
[2025.10.02-12.59.40:919][615]LogBlueprintUserMessages: [BP_FrancisIA_2] MOVETOTARGET ejecutado
[2025.10.02-12.59.41:169][630]LogBlueprintUserMessages: [BP_FrancisIA_2] MOVETOTARGET ejecutado
[2025.10.02-12.59.41:419][645]LogBlueprintUserMessages: [BP_FrancisIA_2] MOVETOTARGET ejecutado
[2025.10.02-12.59.41:419][645]LogBlueprintUserMessages: [BP_FrancisIA_2] TryAttack ejecutado
[2025.10.02-12.59.41:669][660]LogBlueprintUserMessages: [BP_FrancisIA_2] MOVETOTARGET ejecutado
[2025.10.02-12.59.41:820][667]LogSlate: Updating window title bar state: overlay mode, drag disabled, window buttons hidden, title bar hidden
[2025.10.02-12.59.41:820][667]LogWorld: BeginTearingDown for /Game/ThirdPersonBP/Maps/UEDPIE_0_ThirdPersonExampleMap
[2025.10.02-12.59.41:820][667]LogWorld: UWorld::CleanupWorld for ThirdPersonExampleMap, bSessionEnded=true, bCleanupResources=true
[2025.10.02-12.59.41:821][667]LogSlate: InvalidateAllWidgets triggered.  All widgets were invalidated
[2025.10.02-12.59.41:829][667]LogPlayLevel: Display: Shutting down PIE online subsystems
[2025.10.02-12.59.41:848][667]LogSlate: InvalidateAllWidgets triggered.  All widgets were invalidated
[2025.10.02-12.59.41:856][667]LogAudio: Display: Audio Device unregistered from world 'None'.
[2025.10.02-12.59.41:856][667]LogAudioMixer: FMixerPlatformXAudio2::StopAudioStream() called
[2025.10.02-12.59.41:859][667]LogAudioMixer: FMixerPlatformXAudio2::StopAudioStream() called
[2025.10.02-12.59.41:860][667]LogSlate: Updating window title bar state: overlay mode, drag disabled, window buttons hidden, title bar hidden
[2025.10.02-12.59.41:866][667]LogUObjectHash: Compacting FUObjectHashTables data took   0.81ms
[2025.10.02-12.59.41:896][668]LogPlayLevel: Display: Destroying online subsystem :Context_3
[2025.10.02-12.59.45:467][881]LogUObjectHash: Compacting FUObjectHashTables data took   0.83ms
[2025.10.02-12.59.45:482][881]LogSlate: Window 'TasteOfMadness - Unreal Editor' being destroyed
[2025.10.02-12.59.45:483][881]LogWindowsTextInputMethodSystem: Display: IME system deactivated.
[2025.10.02-12.59.45:600][882]Cmd: QUIT_EDITOR
[2025.10.02-12.59.45:600][882]LogCore: Engine exit requested (reason: UUnrealEdEngine::CloseEditor())
[2025.10.02-12.59.45:604][882]LogCore: Engine exit requested (reason: EngineExit() was called; note: exit was already requested)
[2025.10.02-12.59.46:126][882]LogAudio: Display: Beginning Audio Device Manager Shutdown (Module: AudioMixerXAudio2)...
[2025.10.02-12.59.46:127][882]LogAudio: Display: Destroying 1 Remaining Audio Device(s)...
[2025.10.02-12.59.46:127][882]LogAudio: Display: Audio Device unregistered from world 'ThirdPersonExampleMap'.
[2025.10.02-12.59.46:127][882]LogAudioMixer: FMixerPlatformXAudio2::StopAudioStream() called
[2025.10.02-12.59.46:128][882]LogAudioMixer: FMixerPlatformXAudio2::StopAudioStream() called
[2025.10.02-12.59.46:168][882]LogAudio: Display: Audio Device Manager Shutdown
[2025.10.02-12.59.46:175][882]LogExit: Preparing to exit.
[2025.10.02-12.59.46:265][882]LogUObjectHash: Compacting FUObjectHashTables data took   0.72ms
[2025.10.02-12.59.46:384][882]LogWorld: UWorld::CleanupWorld for World_1, bSessionEnded=true, bCleanupResources=true
[2025.10.02-12.59.46:384][882]LogWorld: UWorld::CleanupWorld for World_0, bSessionEnded=true, bCleanupResources=true
[2025.10.02-12.59.46:409][882]LogDemo: Cleaned up 0 splitscreen connections with owner deletion
[2025.10.02-12.59.46:414][882]LogExit: Editor shut down
[2025.10.02-12.59.46:414][882]LogExit: Transaction tracking system shut down
[2025.10.02-12.59.46:695][882]LogExit: Object subsystem successfully closed.
[2025.10.02-12.59.46:722][882]LogShaderCompilers: Display: === FShaderJobCache stats ===
[2025.10.02-12.59.46:722][882]LogShaderCompilers: Display: Total job queries 0, among them cache hits 0 (0.00%)
[2025.10.02-12.59.46:722][882]LogShaderCompilers: Display: Tracking 0 distinct input hashes that result in 0 distinct outputs (0.00%)
[2025.10.02-12.59.46:722][882]LogShaderCompilers: Display: RAM used: 0.00 MB (0.00 GB) of 1638.40 MB (1.60 GB) budget. Usage: 0.00%
[2025.10.02-12.59.46:722][882]LogShaderCompilers: Display: ================================================
[2025.10.02-12.59.46:730][882]LogShaderCompilers: Display: Shaders left to compile 0
[2025.10.02-12.59.46:739][882]LogModuleManager: Shutting down and abandoning module MovieSceneCapture (874)
[2025.10.02-12.59.46:739][882]LogModuleManager: Shutting down and abandoning module Voice (872)
[2025.10.02-12.59.46:739][882]LogModuleManager: Shutting down and abandoning module HierarchicalLODOutliner (870)
[2025.10.02-12.59.46:739][882]LogModuleManager: Shutting down and abandoning module SceneOutliner (868)
[2025.10.02-12.59.46:739][882]LogModuleManager: Shutting down and abandoning module AddContentDialog (866)
[2025.10.02-12.59.46:739][882]LogModuleManager: Shutting down and abandoning module WidgetCarousel (865)
[2025.10.02-12.59.46:739][882]LogModuleManager: Shutting down and abandoning module EditorWidgets (862)
[2025.10.02-12.59.46:739][882]LogModuleManager: Shutting down and abandoning module StatsViewer (860)
[2025.10.02-12.59.46:739][882]LogModuleManager: Shutting down and abandoning module PIEPreviewDeviceProfileSelector (858)
[2025.10.02-12.59.46:739][882]LogModuleManager: Shutting down and abandoning module SequenceRecorderSections (856)
[2025.10.02-12.59.46:739][882]LogModuleManager: Shutting down and abandoning module AutomationWorker (854)
[2025.10.02-12.59.46:739][882]LogModuleManager: Shutting down and abandoning module SteamVREditor (852)
[2025.10.02-12.59.46:739][882]LogModuleManager: Shutting down and abandoning module OculusMR (850)
[2025.10.02-12.59.46:739][882]LogModuleManager: Shutting down and abandoning module TakeRecorderSources (848)
[2025.10.02-12.59.46:739][882]LogModuleManager: Shutting down and abandoning module TakeRecorder (847)
[2025.10.02-12.59.46:740][882]LogModuleManager: Shutting down and abandoning module TakeTrackRecorders (844)
[2025.10.02-12.59.46:740][882]LogModuleManager: Shutting down and abandoning module TakesCore (842)
[2025.10.02-12.59.46:740][882]LogModuleManager: Shutting down and abandoning module OpenXRInput (840)
[2025.10.02-12.59.46:740][882]LogModuleManager: Shutting down and abandoning module GooglePADEditor (838)
[2025.10.02-12.59.46:740][882]LogModuleManager: Shutting down and abandoning module AudioCaptureEditor (836)
[2025.10.02-12.59.46:740][882]LogModuleManager: Shutting down and abandoning module TemplateSequenceEditor (834)
[2025.10.02-12.59.46:740][882]LogModuleManager: Shutting down and abandoning module MatineeToLevelSequence (832)
[2025.10.02-12.59.46:740][882]LogModuleManager: Shutting down and abandoning module LevelSequenceEditor (830)
[2025.10.02-12.59.46:740][882]LogModuleManager: Shutting down and abandoning module ActorSequenceEditor (828)
[2025.10.02-12.59.46:740][882]LogModuleManager: Shutting down and abandoning module WmfMediaFactory (826)
[2025.10.02-12.59.46:740][882]LogModuleManager: Shutting down and abandoning module WmfMediaEditor (824)
[2025.10.02-12.59.46:740][882]LogModuleManager: Shutting down and abandoning module WebMMediaFactory (822)
[2025.10.02-12.59.46:740][882]LogModuleManager: Shutting down and abandoning module WebMMediaEditor (820)
[2025.10.02-12.59.46:740][882]LogModuleManager: Shutting down and abandoning module WebMMedia (818)
[2025.10.02-12.59.46:740][882]LogModuleManager: Shutting down and abandoning module MediaPlayerEditor (816)
[2025.10.02-12.59.46:740][882]LogModuleManager: Shutting down and abandoning module MediaCompositingEditor (814)
[2025.10.02-12.59.46:740][882]LogModuleManager: Shutting down and abandoning module SequenceRecorder (813)
[2025.10.02-12.59.46:740][882]LogModuleManager: Shutting down and abandoning module OpenExrWrapper (810)
[2025.10.02-12.59.46:740][882]LogModuleManager: Shutting down and abandoning module ImgMediaFactory (808)
[2025.10.02-12.59.46:740][882]LogModuleManager: Shutting down and abandoning module ImgMediaEditor (806)
[2025.10.02-12.59.46:740][882]LogModuleManager: Shutting down and abandoning module AvfMediaFactory (804)
[2025.10.02-12.59.46:740][882]LogModuleManager: Shutting down and abandoning module AvfMediaEditor (802)
[2025.10.02-12.59.46:740][882]LogModuleManager: Shutting down and abandoning module AndroidMediaFactory (800)
[2025.10.02-12.59.46:740][882]LogModuleManager: Shutting down and abandoning module AndroidMediaEditor (798)
[2025.10.02-12.59.46:740][882]LogModuleManager: Shutting down and abandoning module PlanarCut (796)
[2025.10.02-12.59.46:740][882]LogModuleManager: Shutting down and abandoning module CharacterAI (794)
[2025.10.02-12.59.46:740][882]LogModuleManager: Shutting down and abandoning module MagicLeapMediaCodecFactory (792)
[2025.10.02-12.59.46:740][882]LogModuleManager: Shutting down and abandoning module MagicLeapMediaFactory (790)
[2025.10.02-12.59.46:740][882]LogModuleManager: Shutting down and abandoning module MagicLeapMediaEditor (788)
[2025.10.02-12.59.46:740][882]LogModuleManager: Shutting down and abandoning module TextureAlignMode (786)
[2025.10.02-12.59.46:740][882]LogModuleManager: Shutting down and abandoning module BspMode (784)
[2025.10.02-12.59.46:740][882]LogModuleManager: Shutting down and abandoning module GeometryMode (782)
[2025.10.02-12.59.46:740][882]LogModuleManager: Shutting down and abandoning module CameraShakePreviewer (780)
[2025.10.02-12.59.46:740][882]LogModuleManager: Shutting down and abandoning module SmartSnapping (778)
[2025.10.02-12.59.46:740][882]LogModuleManager: Shutting down and abandoning module SessionServices (776)
[2025.10.02-12.59.46:740][882]LogModuleManager: Shutting down and abandoning module MeshPaint (774)
[2025.10.02-12.59.46:740][882]LogModuleManager: Shutting down and abandoning module VirtualTexturingEditor (772)
[2025.10.02-12.59.46:740][882]LogModuleManager: Shutting down and abandoning module FoliageEdit (770)
[2025.10.02-12.59.46:740][882]LogModuleManager: Shutting down and abandoning module LandscapeEditor (768)
[2025.10.02-12.59.46:740][882]LogModuleManager: Shutting down and abandoning module MeshPaintMode (766)
[2025.10.02-12.59.46:740][882]LogModuleManager: Shutting down and abandoning module SceneDepthPickerMode (764)
[2025.10.02-12.59.46:740][882]LogModuleManager: Shutting down and abandoning module ActorPickerMode (762)
[2025.10.02-12.59.46:740][882]LogModuleManager: Shutting down and abandoning module PlacementMode (760)
[2025.10.02-12.59.46:740][882]LogModuleManager: Shutting down and abandoning module ViewportSnapping (758)
[2025.10.02-12.59.46:740][882]LogModuleManager: Shutting down and abandoning module ViewportInteraction (756)
[2025.10.02-12.59.46:740][882]LogModuleManager: Shutting down and abandoning module ClothPainter (754)
[2025.10.02-12.59.46:740][882]LogModuleManager: Shutting down and abandoning module SkeletalMeshEditor (753)
[2025.10.02-12.59.46:740][882]LogModuleManager: Shutting down and abandoning module LogVisualizer (750)
[2025.10.02-12.59.46:740][882]LogModuleManager: Shutting down and abandoning module IntroTutorials (748)
[2025.10.02-12.59.46:740][882]LogModuleManager: Shutting down and abandoning module GameProjectGeneration (747)
[2025.10.02-12.59.46:740][882]LogModuleManager: Shutting down and abandoning module LuminPlatformEditor (744)
[2025.10.02-12.59.46:740][882]LogModuleManager: Shutting down and abandoning module IOSPlatformEditor (742)
[2025.10.02-12.59.46:741][882]LogModuleManager: Shutting down and abandoning module AndroidPlatformEditor (740)
[2025.10.02-12.59.46:741][882]LogModuleManager: Shutting down and abandoning module AndroidDeviceDetection (739)
[2025.10.02-12.59.47:156][882]LogModuleManager: Shutting down and abandoning module WindowsPlatformEditor (736)
[2025.10.02-12.59.47:156][882]LogModuleManager: Shutting down and abandoning module LuminRuntimeSettings (734)
[2025.10.02-12.59.47:156][882]LogModuleManager: Shutting down and abandoning module IOSRuntimeSettings (732)
[2025.10.02-12.59.47:156][882]LogModuleManager: Shutting down and abandoning module AndroidRuntimeSettings (730)
[2025.10.02-12.59.47:156][882]LogModuleManager: Shutting down and abandoning module TraceInsights (728)
[2025.10.02-12.59.47:156][882]MemoryProfiler: Shutdown
[2025.10.02-12.59.47:156][882]NetworkingProfiler: Shutdown
[2025.10.02-12.59.47:156][882]LoadingProfiler: Shutdown
[2025.10.02-12.59.47:156][882]TimingProfiler: Shutdown
[2025.10.02-12.59.47:156][882]LogModuleManager: Shutting down and abandoning module TraceServices (727)
[2025.10.02-12.59.47:156][882]LogModuleManager: Shutting down and abandoning module EditorInteractiveToolsFramework (724)
[2025.10.02-12.59.47:156][882]LogModuleManager: Shutting down and abandoning module TimeManagementEditor (722)
[2025.10.02-12.59.47:156][882]LogModuleManager: Shutting down and abandoning module InputBindingEditor (720)
[2025.10.02-12.59.47:156][882]LogModuleManager: Shutting down and abandoning module MergeActors (718)
[2025.10.02-12.59.47:156][882]LogModuleManager: Shutting down and abandoning module LocalizationDashboard (716)
[2025.10.02-12.59.47:156][882]LogModuleManager: Shutting down and abandoning module LocalizationService (715)
[2025.10.02-12.59.47:156][882]LogModuleManager: Shutting down and abandoning module HardwareTargeting (712)
[2025.10.02-12.59.47:156][882]LogModuleManager: Shutting down and abandoning module DeviceProfileEditor (710)
[2025.10.02-12.59.47:156][882]LogModuleManager: Shutting down and abandoning module UndoHistory (708)
[2025.10.02-12.59.47:156][882]LogModuleManager: Shutting down and abandoning module XmlParser (706)
[2025.10.02-12.59.47:156][882]LogModuleManager: Shutting down and abandoning module Blutility (704)
[2025.10.02-12.59.47:156][882]LogModuleManager: Shutting down and abandoning module ProjectSettingsViewer (702)
[2025.10.02-12.59.47:156][882]LogModuleManager: Shutting down and abandoning module ProjectTargetPlatformEditor (701)
[2025.10.02-12.59.47:156][882]LogModuleManager: Shutting down and abandoning module EditorSettingsViewer (698)
[2025.10.02-12.59.47:156][882]LogModuleManager: Shutting down and abandoning module InternationalizationSettings (697)
[2025.10.02-12.59.47:156][882]LogModuleManager: Shutting down and abandoning module SettingsEditor (694)
[2025.10.02-12.59.47:156][882]LogModuleManager: Shutting down and abandoning module ProjectLauncher (692)
[2025.10.02-12.59.47:156][882]LogModuleManager: Shutting down and abandoning module SessionFrontend (690)
[2025.10.02-12.59.47:156][882]LogModuleManager: Shutting down and abandoning module ProfilerClient (688)
[2025.10.02-12.59.47:156][882]LogModuleManager: Shutting down and abandoning module DeviceManager (686)
[2025.10.02-12.59.47:156][882]LogModuleManager: Shutting down and abandoning module TargetDeviceServices (685)
[2025.10.02-12.59.47:189][882]LogModuleManager: Shutting down and abandoning module AutomationController (682)
[2025.10.02-12.59.47:189][882]LogModuleManager: Shutting down and abandoning module AutomationWindow (680)
[2025.10.02-12.59.47:189][882]LogModuleManager: Shutting down and abandoning module Layers (678)
[2025.10.02-12.59.47:189][882]LogModuleManager: Shutting down and abandoning module ComponentVisualizers (676)
[2025.10.02-12.59.47:189][882]LogModuleManager: Shutting down and abandoning module DetailCustomizations (674)
[2025.10.02-12.59.47:189][882]LogModuleManager: Shutting down and abandoning module PackagesDialog (672)
[2025.10.02-12.59.47:189][882]LogModuleManager: Shutting down and abandoning module AnimationBlueprintEditor (670)
[2025.10.02-12.59.47:189][882]LogModuleManager: Shutting down and abandoning module Persona (668)
[2025.10.02-12.59.47:189][882]LogModuleManager: Shutting down and abandoning module AdvancedPreviewScene (667)
[2025.10.02-12.59.47:189][882]LogModuleManager: Shutting down and abandoning module AnimGraph (665)
[2025.10.02-12.59.47:189][882]LogModuleManager: Shutting down and abandoning module Kismet (662)
[2025.10.02-12.59.47:190][882]LogModuleManager: Shutting down and abandoning module KismetWidgets (661)
[2025.10.02-12.59.47:190][882]LogModuleManager: Shutting down and abandoning module GraphEditor (658)
[2025.10.02-12.59.47:190][882]LogModuleManager: Shutting down and abandoning module StructViewer (656)
[2025.10.02-12.59.47:190][882]LogModuleManager: Shutting down and abandoning module ClassViewer (654)
[2025.10.02-12.59.47:190][882]LogModuleManager: Shutting down and abandoning module Toolbox (652)
[2025.10.02-12.59.47:190][882]LogModuleManager: Shutting down and abandoning module ModuleUI (650)
[2025.10.02-12.59.47:190][882]LogModuleManager: Shutting down and abandoning module OutputLog (648)
[2025.10.02-12.59.47:190][882]LogModuleManager: Shutting down and abandoning module GammaUI (646)
[2025.10.02-12.59.47:190][882]LogModuleManager: Shutting down and abandoning module Documentation (644)
[2025.10.02-12.59.47:190][882]LogModuleManager: Shutting down and abandoning module LiveCoding (642)
[2025.10.02-12.59.47:190][882]LogModuleManager: Shutting down and abandoning module LevelSequence (640)
[2025.10.02-12.59.47:190][882]LogModuleManager: Shutting down and abandoning module MovieSceneTracks (638)
[2025.10.02-12.59.47:190][882]LogModuleManager: Shutting down and abandoning module MovieScene (636)
[2025.10.02-12.59.47:190][882]LogModuleManager: Shutting down and abandoning module StreamingPauseRendering (634)
[2025.10.02-12.59.47:190][882]LogModuleManager: Shutting down and abandoning module LauncherPlatform (632)
[2025.10.02-12.59.47:190][882]LogModuleManager: Shutting down and abandoning module AnalyticsET (630)
[2025.10.02-12.59.47:190][882]LogModuleManager: Shutting down and abandoning module PortalServices (628)
[2025.10.02-12.59.47:190][882]LogModuleManager: Shutting down and abandoning module PortalRpc (626)
[2025.10.02-12.59.47:190][882]LogModuleManager: Shutting down and abandoning module MessagingRpc (624)
[2025.10.02-12.59.47:190][882]LogModuleManager: Shutting down and abandoning module AudioMixerXAudio2 (622)
[2025.10.02-12.59.47:190][882]LogModuleManager: Shutting down and abandoning module AudioMixerCore (621)
[2025.10.02-12.59.47:190][882]LogModuleManager: Shutting down and abandoning module AIModule (618)
[2025.10.02-12.59.47:190][882]LogModuleManager: Shutting down and abandoning module GameplayDebugger (617)
[2025.10.02-12.59.47:190][882]LogModuleManager: Shutting down and abandoning module AITestSuite (615)
[2025.10.02-12.59.47:190][882]LogModuleManager: Shutting down and abandoning module NavigationSystem (613)
[2025.10.02-12.59.47:190][882]LogModuleManager: Shutting down and abandoning module ImageWriteQueue (610)
[2025.10.02-12.59.47:197][882]LogModuleManager: Shutting down and abandoning module ProfilerService (608)
[2025.10.02-12.59.47:292][882]LogModuleManager: Shutting down and abandoning module TaskGraph (606)
[2025.10.02-12.59.47:292][882]LogModuleManager: Shutting down and abandoning module AudioSynesthesiaEditor (604)
[2025.10.02-12.59.47:292][882]LogModuleManager: Shutting down and abandoning module OculusEditor (602)
[2025.10.02-12.59.47:292][882]LogModuleManager: Shutting down and abandoning module OculusInput (600)
[2025.10.02-12.59.47:292][882]LogModuleManager: Shutting down and abandoning module ContentBrowserClassDataSource (598)
[2025.10.02-12.59.47:292][882]LogModuleManager: Shutting down and abandoning module ContentBrowserFileDataSource (596)
[2025.10.02-12.59.47:292][882]LogModuleManager: Shutting down and abandoning module ContentBrowserAssetDataSource (594)
[2025.10.02-12.59.47:292][882]LogModuleManager: Shutting down and abandoning module CollectionManager (593)
[2025.10.02-12.59.47:292][882]LogModuleManager: Shutting down and abandoning module TakeSequencer (590)
[2025.10.02-12.59.47:292][882]LogModuleManager: Shutting down and abandoning module TakeMovieScene (588)
[2025.10.02-12.59.47:292][882]LogModuleManager: Shutting down and abandoning module ScreenshotTools (586)
[2025.10.02-12.59.47:292][882]LogModuleManager: Shutting down and abandoning module SynthesisEditor (584)
[2025.10.02-12.59.47:292][882]LogModuleManager: Shutting down and abandoning module Synthesis (582)
[2025.10.02-12.59.47:292][882]LogModuleManager: Shutting down and abandoning module ProceduralMeshComponentEditor (580)
[2025.10.02-12.59.47:292][882]LogModuleManager: Shutting down and abandoning module ProceduralMeshComponent (578)
[2025.10.02-12.59.47:292][882]LogModuleManager: Shutting down and abandoning module OpenXREditor (576)
[2025.10.02-12.59.47:292][882]LogModuleManager: Shutting down and abandoning module MobilePatchingUtils (574)
[2025.10.02-12.59.47:292][882]LogModuleManager: Shutting down and abandoning module GooglePAD (572)
[2025.10.02-12.59.47:292][882]LogModuleManager: Shutting down and abandoning module EditableMesh (570)
[2025.10.02-12.59.47:292][882]LogModuleManager: Shutting down and abandoning module CustomMeshComponent (568)
[2025.10.02-12.59.47:292][882]LogModuleManager: Shutting down and abandoning module CableComponent (566)
[2025.10.02-12.59.47:292][882]LogModuleManager: Shutting down and abandoning module AudioCapture (564)
[2025.10.02-12.59.47:292][882]LogModuleManager: Shutting down and abandoning module AudioCaptureRtAudio (563)
[2025.10.02-12.59.47:292][882]LogModuleManager: Shutting down and abandoning module AssetTags (560)
[2025.10.02-12.59.47:292][882]LogModuleManager: Shutting down and abandoning module ArchVisCharacter (558)
[2025.10.02-12.59.47:292][882]LogModuleManager: Shutting down and abandoning module AppleImageUtilsBlueprintSupport (556)
[2025.10.02-12.59.47:292][882]LogModuleManager: Shutting down and abandoning module AppleImageUtils (554)
[2025.10.02-12.59.47:294][882]LogModuleManager: Shutting down and abandoning module AndroidPermission (552)
[2025.10.02-12.59.47:294][882]LogModuleManager: Shutting down and abandoning module ActorLayerUtilitiesEditor (550)
[2025.10.02-12.59.47:294][882]LogModuleManager: Shutting down and abandoning module ActorLayerUtilities (548)
[2025.10.02-12.59.47:294][882]LogModuleManager: Shutting down and abandoning module TemplateSequence (546)
[2025.10.02-12.59.47:294][882]LogModuleManager: Shutting down and abandoning module MediaCompositing (544)
[2025.10.02-12.59.47:294][882]LogModuleManager: Shutting down and abandoning module ImgMedia (542)
[2025.10.02-12.59.47:294][882]LogModuleManager: Shutting down and abandoning module OpenImageDenoise (540)
[2025.10.02-12.59.47:294][882]LogOpenImageDenoise: OIDN shutting down
[2025.10.02-12.59.47:294][882]LogModuleManager: Shutting down and abandoning module MotoSynthEditor (538)
[2025.10.02-12.59.47:294][882]LogModuleManager: Shutting down and abandoning module MotoSynth (536)
[2025.10.02-12.59.47:294][882]LogModuleManager: Shutting down and abandoning module MeshConversion (534)
[2025.10.02-12.59.47:294][882]LogModuleManager: Shutting down and abandoning module DynamicMesh (532)
[2025.10.02-12.59.47:294][882]LogModuleManager: Shutting down and abandoning module GeometryAlgorithms (530)
[2025.10.02-12.59.47:294][882]LogModuleManager: Shutting down and abandoning module GeometricObjects (528)
[2025.10.02-12.59.47:294][882]LogModuleManager: Shutting down and abandoning module GeometryCollectionTracks (526)
[2025.10.02-12.59.47:294][882]LogModuleManager: Shutting down and abandoning module GeometryCollectionSequencer (525)
[2025.10.02-12.59.47:294][882]LogModuleManager: Shutting down and abandoning module GeometryCollectionEditor (522)
[2025.10.02-12.59.47:294][882]LogModuleManager: Shutting down and abandoning module GeometryCacheTracks (520)
[2025.10.02-12.59.47:294][882]LogModuleManager: Shutting down and abandoning module GeometryCacheStreamer (518)
[2025.10.02-12.59.47:294][882]LogModuleManager: Shutting down and abandoning module GeometryCacheSequencer (516)
[2025.10.02-12.59.47:294][882]LogModuleManager: Shutting down and abandoning module MagicLeapSharedWorld (514)
[2025.10.02-12.59.47:294][882]LogModuleManager: Shutting down and abandoning module ChaosSolverEditor (512)
[2025.10.02-12.59.47:294][882]LogModuleManager: Shutting down and abandoning module ChaosNiagara (510)
[2025.10.02-12.59.47:294][882]LogModuleManager: Shutting down and abandoning module FractureEditor (508)
[2025.10.02-12.59.47:294][882]LogModuleManager: Shutting down and abandoning module FieldSystemEngine (507)
[2025.10.02-12.59.47:294][882]LogModuleManager: Shutting down and abandoning module ChaosClothEditor (504)
[2025.10.02-12.59.47:294][882]LogModuleManager: Shutting down and abandoning module BackChannel (502)
[2025.10.02-12.59.47:294][882]LogModuleManager: Shutting down and abandoning module MagicLeapLightEstimation (500)
[2025.10.02-12.59.47:294][882]LogModuleManager: Shutting down and abandoning module AutomationUtilsEditor (498)
[2025.10.02-12.59.47:294][882]LogModuleManager: Shutting down and abandoning module AutomationUtils (496)
[2025.10.02-12.59.47:294][882]LogModuleManager: Shutting down and abandoning module VariantManagerContentEditor (494)
[2025.10.02-12.59.47:294][882]LogModuleManager: Shutting down and abandoning module AlembicImporter (492)
[2025.10.02-12.59.47:294][882]LogModuleManager: Shutting down and abandoning module AlembicLibrary (491)
[2025.10.02-12.59.47:294][882]LogModuleManager: Shutting down and abandoning module GeometryCache (490)
[2025.10.02-12.59.47:294][882]LogModuleManager: Shutting down and abandoning module GeometryCacheEd (489)
[2025.10.02-12.59.47:294][882]LogModuleManager: Shutting down and abandoning module MagicLeapHelperVulkan (484)
[2025.10.02-12.59.47:294][882]LogModuleManager: Shutting down and abandoning module MagicLeapHelperOpenGL (482)
[2025.10.02-12.59.47:294][882]LogModuleManager: Shutting down and abandoning module MagicLeapAudio (480)
[2025.10.02-12.59.47:294][882]LogModuleManager: Shutting down and abandoning module NiagaraEditorWidgets (478)
[2025.10.02-12.59.47:294][882]LogModuleManager: Shutting down and abandoning module DatasmithContentEditor (476)
[2025.10.02-12.59.47:294][882]LogModuleManager: Shutting down and abandoning module SpeedTreeImporter (474)
[2025.10.02-12.59.47:294][882]LogModuleManager: Shutting down and abandoning module PluginBrowser (472)
[2025.10.02-12.59.47:294][882]LogModuleManager: Shutting down and abandoning module MobileLauncherProfileWizard (470)
[2025.10.02-12.59.47:294][882]LogModuleManager: Shutting down and abandoning module MaterialAnalyzer (468)
[2025.10.02-12.59.47:294][882]LogModuleManager: Shutting down and abandoning module CurveEditorTools (466)
[2025.10.02-12.59.47:294][882]LogModuleManager: Shutting down and abandoning module CryptoKeysOpenSSL (464)
[2025.10.02-12.59.47:294][882]LogModuleManager: Shutting down and abandoning module CryptoKeys (462)
[2025.10.02-12.59.47:294][882]LogModuleManager: Shutting down and abandoning module VisualStudioSourceCodeAccess (460)
[2025.10.02-12.59.47:294][882]LogModuleManager: Shutting down and abandoning module VisualStudioCodeSourceCodeAccess (458)
[2025.10.02-12.59.47:294][882]LogModuleManager: Shutting down and abandoning module UObjectPlugin (456)
[2025.10.02-12.59.47:294][882]LogModuleManager: Shutting down and abandoning module OodleNetworkHandlerComponent (454)
[2025.10.02-12.59.47:294][882]LogModuleManager: Shutting down and abandoning module SubversionSourceControl (452)
[2025.10.02-12.59.47:294][882]LogModuleManager: Shutting down and abandoning module RiderSourceCodeAccess (450)
[2025.10.02-12.59.47:294][882]LogModuleManager: Shutting down and abandoning module PluginUtils (448)
[2025.10.02-12.59.47:294][882]LogModuleManager: Shutting down and abandoning module PlasticSourceControl (446)
[2025.10.02-12.59.47:294][882]LogModuleManager: Shutting down and abandoning module PerforceSourceControl (444)
[2025.10.02-12.59.47:294][882]LogModuleManager: Shutting down and abandoning module GitSourceControl (442)
[2025.10.02-12.59.47:294][882]LogModuleManager: Shutting down and abandoning module SourceControl (441)
[2025.10.02-12.59.47:294][882]LogModuleManager: Shutting down and abandoning module CLionSourceCodeAccess (438)
[2025.10.02-12.59.47:294][882]LogModuleManager: Shutting down and abandoning module AnimationSharingEd (436)
[2025.10.02-12.59.47:295][882]LogModuleManager: Shutting down and abandoning module LiveLinkSequencer (434)
[2025.10.02-12.59.47:295][882]LogModuleManager: Shutting down and abandoning module LiveLinkMovieScene (432)
[2025.10.02-12.59.47:295][882]LogModuleManager: Shutting down and abandoning module LiveLinkGraphNode (430)
[2025.10.02-12.59.47:295][882]LogModuleManager: Shutting down and abandoning module LiveLinkEditor (428)
[2025.10.02-12.59.47:295][882]LogModuleManager: Shutting down and abandoning module LiveLinkComponents (426)
[2025.10.02-12.59.47:295][882]LogModuleManager: Shutting down and abandoning module LiveLink (424)
[2025.10.02-12.59.47:368][882]LogModuleManager: Shutting down and abandoning module LightPropagationVolumeEditor (422)
[2025.10.02-12.59.47:368][882]LogModuleManager: Shutting down and abandoning module PaperTiledImporter (420)
[2025.10.02-12.59.47:368][882]LogModuleManager: Shutting down and abandoning module PaperSpriteSheetImporter (418)
[2025.10.02-12.59.47:368][882]LogModuleManager: Shutting down and abandoning module Paper2DEditor (416)
[2025.10.02-12.59.47:368][882]LogModuleManager: Shutting down and abandoning module MeshPaintingToolset (414)
[2025.10.02-12.59.47:368][882]LogModuleManager: Shutting down and abandoning module MeshPaintEditorMode (412)
[2025.10.02-12.59.47:368][882]LogModuleManager: Shutting down and abandoning module SoundFields (410)
[2025.10.02-12.59.47:368][882]LogModuleManager: Shutting down and abandoning module SignificanceManager (408)
[2025.10.02-12.59.47:368][882]LogModuleManager: Shutting down and abandoning module RuntimePhysXCooking (406)
[2025.10.02-12.59.47:368][882]LogModuleManager: Shutting down and abandoning module PropertyAccessEditor (404)
[2025.10.02-12.59.47:368][882]LogModuleManager: Shutting down and abandoning module PhysXVehiclesEditor (402)
[2025.10.02-12.59.47:368][882]LogModuleManager: Shutting down and abandoning module LocationServicesBPLibrary (398)
[2025.10.02-12.59.47:368][882]LogModuleManager: Shutting down and abandoning module AudioSynesthesia (396)
[2025.10.02-12.59.47:368][882]LogModuleManager: Shutting down and abandoning module AudioSynesthesiaCore (394)
[2025.10.02-12.59.47:368][882]LogModuleManager: Shutting down and abandoning module ActorSequence (392)
[2025.10.02-12.59.47:368][882]LogModuleManager: Shutting down and abandoning module UdpMessaging (390)
[2025.10.02-12.59.47:469][882]LogModuleManager: Shutting down and abandoning module TcpMessaging (388)
[2025.10.02-12.59.47:569][882]LogModuleManager: Shutting down and abandoning module ImgMediaEngine (386)
[2025.10.02-12.59.47:569][882]LogModuleManager: Shutting down and abandoning module PythonScriptPlugin (384)
[2025.10.02-12.59.47:569][882]LogModuleManager: Shutting down and abandoning module MagicLeapARPin (382)
[2025.10.02-12.59.47:569][882]LogModuleManager: Shutting down and abandoning module MagicLeapHandMeshing (380)
[2025.10.02-12.59.47:569][882]LogModuleManager: Shutting down and abandoning module MagicLeapSecureStorage (378)
[2025.10.02-12.59.47:569][882]LogModuleManager: Shutting down and abandoning module MagicLeapPrivileges (376)
[2025.10.02-12.59.47:569][882]LogModuleManager: Shutting down and abandoning module MagicLeapPlanes (374)
[2025.10.02-12.59.47:569][882]LogMagicLeapPlanes: Planes tracker already destroyed.
[2025.10.02-12.59.47:569][882]LogModuleManager: Shutting down and abandoning module MagicLeapImageTracker (372)
[2025.10.02-12.59.47:569][882]LogModuleManager: Shutting down and abandoning module MagicLeapIdentity (370)
[2025.10.02-12.59.47:569][882]LogModuleManager: Shutting down and abandoning module MagicLeapHandTracking (368)
[2025.10.02-12.59.47:569][882]LogModuleManager: Shutting down and abandoning module MagicLeapEyeTracker (366)
[2025.10.02-12.59.47:569][882]LogModuleManager: Shutting down and abandoning module MagicLeapController (364)
[2025.10.02-12.59.47:569][882]LogModuleManager: Shutting down and abandoning module MagicLeapARPinImpl (362)
[2025.10.02-12.59.47:569][882]LogModuleManager: Shutting down and abandoning module MagicLeapAR (360)
[2025.10.02-12.59.47:569][882]LogModuleManager: Shutting down and abandoning module NiagaraAnimNotifies (358)
[2025.10.02-12.59.47:569][882]LogModuleManager: Shutting down and abandoning module Niagara (356)
[2025.10.02-12.59.47:569][882]LogModuleManager: Shutting down and abandoning module SignalProcessing (355)
[2025.10.02-12.59.47:569][882]LogModuleManager: Shutting down and abandoning module NiagaraEditor (353)
[2025.10.02-12.59.47:569][882]LogModuleManager: Shutting down and abandoning module NiagaraCore (350)
[2025.10.02-12.59.47:569][882]LogModuleManager: Shutting down and abandoning module GameplayTagsEditor (348)
[2025.10.02-12.59.47:569][882]LogModuleManager: Shutting down and abandoning module FacialAnimationEditor (346)
[2025.10.02-12.59.47:569][882]LogModuleManager: Shutting down and abandoning module FacialAnimation (344)
[2025.10.02-12.59.47:569][882]LogModuleManager: Shutting down and abandoning module DataValidation (342)
[2025.10.02-12.59.47:569][882]LogModuleManager: Shutting down and abandoning module AssetManagerEditor (340)
[2025.10.02-12.59.47:569][882]LogModuleManager: Shutting down and abandoning module LevelEditor (339)
[2025.10.02-12.59.47:570][882]LogModuleManager: Shutting down and abandoning module PixelInspectorModule (338)
[2025.10.02-12.59.47:570][882]LogModuleManager: Shutting down and abandoning module CommonMenuExtensions (336)
[2025.10.02-12.59.47:570][882]LogModuleManager: Shutting down and abandoning module MainFrame (334)
[2025.10.02-12.59.47:570][882]LogModuleManager: Shutting down and abandoning module HotReload (333)
[2025.10.02-12.59.47:571][882]LogModuleManager: Shutting down and abandoning module ToolMenus (329)
[2025.10.02-12.59.47:571][882]LogModuleManager: Shutting down and abandoning module ContentBrowser (327)
[2025.10.02-12.59.47:571][882]LogModuleManager: Shutting down and abandoning module ContentBrowserData (326)
[2025.10.02-12.59.47:571][882]LogModuleManager: Shutting down and abandoning module TreeMap (323)
[2025.10.02-12.59.47:571][882]LogModuleManager: Shutting down and abandoning module PropertyAccessNode (320)
[2025.10.02-12.59.47:571][882]LogModuleManager: Shutting down and abandoning module AnimationSharing (318)
[2025.10.02-12.59.47:571][882]LogModuleManager: Shutting down and abandoning module EnvironmentQueryEditor (316)
[2025.10.02-12.59.47:571][882]LogModuleManager: Shutting down and abandoning module GameplayCameras (314)
[2025.10.02-12.59.47:571][882]LogModuleManager: Shutting down and abandoning module LightPropagationVolumeRuntime (312)
[2025.10.02-12.59.47:571][882]LogModuleManager: Shutting down and abandoning module Paper2D (310)
[2025.10.02-12.59.47:571][882]LogModuleManager: Shutting down and abandoning module WindowsMoviePlayer (308)
[2025.10.02-12.59.47:572][882]LogModuleManager: Shutting down and abandoning module WebMMoviePlayer (306)
[2025.10.02-12.59.47:572][882]LogModuleManager: Shutting down and abandoning module NetworkReplayStreaming (304)
[2025.10.02-12.59.47:572][882]LogModuleManager: Shutting down and abandoning module PacketHandler (302)
[2025.10.02-12.59.47:572][882]LogModuleManager: Shutting down and abandoning module ClothingSystemEditor (300)
[2025.10.02-12.59.47:572][882]LogModuleManager: Shutting down and abandoning module ClothingSystemRuntimeNv (298)
[2025.10.02-12.59.47:572][882]LogModuleManager: Shutting down and abandoning module MediaAssets (296)
[2025.10.02-12.59.47:572][882]LogModuleManager: Shutting down and abandoning module Overlay (294)
[2025.10.02-12.59.47:572][882]LogModuleManager: Shutting down and abandoning module OverlayEditor (293)
[2025.10.02-12.59.47:572][882]LogModuleManager: Shutting down and abandoning module VREditor (290)
[2025.10.02-12.59.47:572][882]LogModuleManager: Shutting down and abandoning module StringTableEditor (288)
[2025.10.02-12.59.47:572][882]LogModuleManager: Shutting down and abandoning module GameplayTasksEditor (286)
[2025.10.02-12.59.47:572][882]LogModuleManager: Shutting down and abandoning module BehaviorTreeEditor (284)
[2025.10.02-12.59.47:572][882]LogModuleManager: Shutting down and abandoning module FunctionalTesting (282)
[2025.10.02-12.59.47:572][882]LogModuleManager: Shutting down and abandoning module CollisionAnalyzer (280)
[2025.10.02-12.59.47:572][882]LogModuleManager: Shutting down and abandoning module WorkspaceMenuStructure (279)
[2025.10.02-12.59.47:572][882]LogModuleManager: Shutting down and abandoning module UMG (276)
[2025.10.02-12.59.47:572][882]LogModuleManager: Shutting down and abandoning module UMGEditor (275)
[2025.10.02-12.59.47:572][882]LogModuleManager: Shutting down and abandoning module MessageLog (273)
[2025.10.02-12.59.47:572][882]LogModuleManager: Shutting down and abandoning module SlateReflector (268)
[2025.10.02-12.59.47:572][882]LogModuleManager: Shutting down and abandoning module Slate (266)
[2025.10.02-12.59.47:572][882]LogModuleManager: Shutting down and abandoning module SlateCore (264)
[2025.10.02-12.59.47:573][882]LogModuleManager: Shutting down and abandoning module LandscapeEditorUtilities (262)
[2025.10.02-12.59.47:573][882]LogModuleManager: Shutting down and abandoning module UnrealEd (260)
[2025.10.02-12.59.47:573][882]LogModuleManager: Shutting down and abandoning module MRMesh (258)
[2025.10.02-12.59.47:573][882]LogModuleManager: Shutting down and abandoning module SourceCodeAccess (256)
[2025.10.02-12.59.47:573][882]LogModuleManager: Shutting down and abandoning module HeadMountedDisplay (254)
[2025.10.02-12.59.47:573][882]LogModuleManager: Shutting down and abandoning module XAudio2 (252)
[2025.10.02-12.59.47:573][882]LogModuleManager: Shutting down and abandoning module Networking (250)
[2025.10.02-12.59.47:573][882]LogModuleManager: Shutting down and abandoning module Core (248)
[2025.10.02-12.59.47:573][882]LogModuleManager: Shutting down and abandoning module MaterialEditor (246)
[2025.10.02-12.59.47:573][882]LogModuleManager: Shutting down and abandoning module MovieSceneTools (244)
[2025.10.02-12.59.47:573][882]LogModuleManager: Shutting down and abandoning module CurveEditor (243)
[2025.10.02-12.59.47:573][882]LogModuleManager: Shutting down and abandoning module Sequencer (241)
[2025.10.02-12.59.47:573][882]LogModuleManager: Shutting down and abandoning module EditorStyle (240)
[2025.10.02-12.59.47:574][882]LogModuleManager: Shutting down and abandoning module KismetCompiler (236)
[2025.10.02-12.59.47:574][882]LogModuleManager: Shutting down and abandoning module MeshBuilder (234)
[2025.10.02-12.59.47:574][882]LogModuleManager: Shutting down and abandoning module MeshUtilities (232)
[2025.10.02-12.59.47:574][882]LogModuleManager: Shutting down and abandoning module MeshMergeUtilities (231)
[2025.10.02-12.59.47:574][882]LogModuleManager: Shutting down and abandoning module MeshReductionInterface (230)
[2025.10.02-12.59.47:574][882]LogModuleManager: Shutting down and abandoning module MeshBoneReduction (229)
[2025.10.02-12.59.47:574][882]LogModuleManager: Shutting down and abandoning module SkeletalMeshReduction (227)
[2025.10.02-12.59.47:574][882]LogModuleManager: Shutting down and abandoning module ProxyLODMeshReduction (225)
[2025.10.02-12.59.47:574][882]LogModuleManager: Shutting down and abandoning module QuadricMeshReduction (223)
[2025.10.02-12.59.47:574][882]LogModuleManager: Shutting down and abandoning module MaterialBaking (219)
[2025.10.02-12.59.47:574][882]LogModuleManager: Shutting down and abandoning module NullInstallBundleManager (214)
[2025.10.02-12.59.47:574][882]LogModuleManager: Shutting down and abandoning module DerivedDataCache (212)
[2025.10.02-12.59.47:574][882]LogModuleManager: Shutting down and abandoning module TargetPlatform (210)
[2025.10.02-12.59.47:574][882]LogModuleManager: Shutting down and abandoning module VulkanShaderFormat (209)
[2025.10.02-12.59.47:574][882]LogModuleManager: Shutting down and abandoning module ShaderFormatVectorVM (207)
[2025.10.02-12.59.47:574][882]LogModuleManager: Shutting down and abandoning module ShaderFormatOpenGL (205)
[2025.10.02-12.59.47:574][882]LogModuleManager: Shutting down and abandoning module ShaderFormatD3D (203)
[2025.10.02-12.59.47:574][882]LogModuleManager: Shutting down and abandoning module MetalShaderFormat (201)
[2025.10.02-12.59.47:574][882]LogModuleManager: Shutting down and abandoning module TextureFormatOodle (199)
[2025.10.02-12.59.47:574][882]LogModuleManager: Shutting down and abandoning module TextureFormatUncompressed (197)
[2025.10.02-12.59.47:574][882]LogModuleManager: Shutting down and abandoning module TextureFormatPVR (195)
[2025.10.02-12.59.47:574][882]LogModuleManager: Shutting down and abandoning module TextureFormatETC2 (193)
[2025.10.02-12.59.47:574][882]LogModuleManager: Shutting down and abandoning module TextureFormatDXT (191)
[2025.10.02-12.59.47:574][882]LogModuleManager: Shutting down and abandoning module TextureFormatIntelISPCTexComp (189)
[2025.10.02-12.59.47:574][882]LogModuleManager: Shutting down and abandoning module TextureFormatASTC (187)
[2025.10.02-12.59.47:574][882]LogModuleManager: Shutting down and abandoning module ImageWrapper (186)
[2025.10.02-12.59.47:574][882]LogModuleManager: Shutting down and abandoning module AudioFormatOpus (183)
[2025.10.02-12.59.47:574][882]LogModuleManager: Shutting down and abandoning module AudioFormatOgg (181)
[2025.10.02-12.59.47:574][882]LogModuleManager: Shutting down and abandoning module AudioFormatADPCM (179)
[2025.10.02-12.59.47:574][882]LogModuleManager: Shutting down and abandoning module WindowsServerTargetPlatform (177)
[2025.10.02-12.59.47:574][882]LogModuleManager: Shutting down and abandoning module WindowsClientTargetPlatform (175)
[2025.10.02-12.59.47:574][882]LogModuleManager: Shutting down and abandoning module WindowsTargetPlatform (173)
[2025.10.02-12.59.47:574][882]LogModuleManager: Shutting down and abandoning module WindowsNoEditorTargetPlatform (171)
[2025.10.02-12.59.47:574][882]LogModuleManager: Shutting down and abandoning module TVOSTargetPlatform (169)
[2025.10.02-12.59.47:574][882]LogModuleManager: Shutting down and abandoning module MacServerTargetPlatform (167)
[2025.10.02-12.59.47:574][882]LogModuleManager: Shutting down and abandoning module MacClientTargetPlatform (165)
[2025.10.02-12.59.47:574][882]LogModuleManager: Shutting down and abandoning module MacTargetPlatform (163)
[2025.10.02-12.59.47:574][882]LogModuleManager: Shutting down and abandoning module MacNoEditorTargetPlatform (161)
[2025.10.02-12.59.47:574][882]LogModuleManager: Shutting down and abandoning module LuminTargetPlatform (159)
[2025.10.02-12.59.47:575][882]LogModuleManager: Shutting down and abandoning module LinuxAArch64ServerTargetPlatform (157)
[2025.10.02-12.59.47:575][882]LogModuleManager: Shutting down and abandoning module LinuxAArch64ClientTargetPlatform (155)
[2025.10.02-12.59.47:575][882]LogModuleManager: Shutting down and abandoning module LinuxAArch64NoEditorTargetPlatform (153)
[2025.10.02-12.59.47:575][882]LogModuleManager: Shutting down and abandoning module LinuxServerTargetPlatform (151)
[2025.10.02-12.59.47:575][882]LogModuleManager: Shutting down and abandoning module LinuxClientTargetPlatform (149)
[2025.10.02-12.59.47:575][882]LogModuleManager: Shutting down and abandoning module LinuxNoEditorTargetPlatform (147)
[2025.10.02-12.59.47:575][882]LogModuleManager: Shutting down and abandoning module LinuxTargetPlatform (145)
[2025.10.02-12.59.47:575][882]LogModuleManager: Shutting down and abandoning module Messaging (143)
[2025.10.02-12.59.47:575][882]LogModuleManager: Shutting down and abandoning module IOSTargetPlatform (141)
[2025.10.02-12.59.47:575][882]LogModuleManager: Shutting down and abandoning module AndroidTargetPlatform (139)
[2025.10.02-12.59.47:577][882]LogModuleManager: Shutting down and abandoning module AllDesktopTargetPlatform (137)
[2025.10.02-12.59.47:577][882]LogModuleManager: Shutting down and abandoning module D3D11RHI (134)
[2025.10.02-12.59.47:577][882]LogModuleManager: Shutting down and abandoning module InputCore (132)
[2025.10.02-12.59.47:577][882]LogModuleManager: Shutting down and abandoning module Settings (130)
[2025.10.02-12.59.47:577][882]LogModuleManager: Shutting down and abandoning module DirectoryWatcher (128)
[2025.10.02-12.59.47:578][882]LogModuleManager: Shutting down and abandoning module PhysXCooking (126)
[2025.10.02-12.59.47:578][882]LogModuleManager: Shutting down and abandoning module Chaos (124)
[2025.10.02-12.59.47:578][882]LogModuleManager: Shutting down and abandoning module WindowsPlatformFeatures (122)
[2025.10.02-12.59.47:578][882]LogModuleManager: Shutting down and abandoning module GameplayMediaEncoder (121)
[2025.10.02-12.59.47:578][882]LogModuleManager: Shutting down and abandoning module AVEncoder (120)
[2025.10.02-12.59.47:578][882]LogModuleManager: Shutting down and abandoning module SteamVRInputDevice (116)
[2025.10.02-12.59.47:578][882]LogModuleManager: Shutting down and abandoning module SteamVRInput (114)
[2025.10.02-12.59.47:578][882]LogModuleManager: Shutting down and abandoning module SteamVR (112)
[2025.10.02-12.59.47:578][882]LogHMD: Freeing OpenVRDLLHandle.
[2025.10.02-12.59.47:578][882]LogModuleManager: Shutting down and abandoning module OculusHMD (110)
[2025.10.02-12.59.47:578][882]LogModuleManager: Shutting down and abandoning module OpenXRHandTracking (108)
[2025.10.02-12.59.47:578][882]LogSlate: Slate User Destroyed.  User Index 0, Is Virtual User: 0
[2025.10.02-12.59.47:578][882]LogModuleManager: Shutting down and abandoning module OpenXRAR (106)
[2025.10.02-12.59.47:578][882]LogModuleManager: Shutting down and abandoning module AugmentedReality (105)
[2025.10.02-12.59.47:578][882]LogModuleManager: Shutting down and abandoning module OpenXRHMD (102)
[2025.10.02-12.59.47:578][882]LogModuleManager: Shutting down and abandoning module OpenXREyeTracker (100)
[2025.10.02-12.59.47:578][882]LogModuleManager: Shutting down and abandoning module ExampleDeviceProfileSelector (98)
[2025.10.02-12.59.47:578][882]LogModuleManager: Shutting down and abandoning module ChunkDownloader (96)
[2025.10.02-12.59.47:578][882]LogModuleManager: Shutting down and abandoning module OnlineBlueprintSupport (94)
[2025.10.02-12.59.47:578][882]LogModuleManager: Shutting down and abandoning module LauncherChunkInstaller (90)
[2025.10.02-12.59.47:578][882]LogModuleManager: Shutting down and abandoning module OnlineSubsystem (88)
[2025.10.02-12.59.47:579][882]LogModuleManager: Shutting down and abandoning module XMPP (83)
[2025.10.02-12.59.47:579][882]LogModuleManager: Shutting down and abandoning module WebSockets (82)
[2025.10.02-12.59.47:616][882]LogModuleManager: Shutting down and abandoning module HTTP (79)
[2025.10.02-12.59.47:616][882]LogHttp: Display: Http module shutting down, but needs to wait on 1 outstanding Http requests:
[2025.10.02-12.59.47:616][882]LogHttp: Display: 	verb=[POST] url=[https://datarouter.ol.epicgames.com/datarouter/api/v1/public/data?SessionID=%7BA5A53060-4896-C809-6013-3E80690C9D97%7D&AppID=UEEditor.Rocket.Release&AppVersion=4.27.2-18319896%2B%2B%2BUE4%2BRelease-4.27&UserID=fb2bd5594ab4fc7bd890d9ab08cf5a97%7C80d74a91cbd847fe82e7b6a734b4aa1f%7Cc5fcc5a5-3878-4a70-802f-06231ad30ee2&AppEnvironment=datacollector-binary&UploadType=eteventstream] refs=[1] status=Processing
[2025.10.02-12.59.47:616][882]LogHttp: Display: cleaning up 1 outstanding Http requests.
[2025.10.02-12.59.47:628][882]LogModuleManager: Shutting down and abandoning module SSL (78)
[2025.10.02-12.59.47:629][882]LogModuleManager: Shutting down and abandoning module WmfMedia (74)
[2025.10.02-12.59.47:631][882]LogModuleManager: Shutting down and abandoning module Media (73)
[2025.10.02-12.59.47:632][882]LogModuleManager: Shutting down and abandoning module MediaInfo (72)
[2025.10.02-12.59.47:632][882]LogModuleManager: Shutting down and abandoning module ExrReaderGpu (68)
[2025.10.02-12.59.47:632][882]LogModuleManager: Shutting down and abandoning module MLSDK (66)
[2025.10.02-12.59.47:632][882]LogModuleManager: Shutting down and abandoning module ChaosCloth (64)
[2025.10.02-12.59.47:632][882]LogModuleManager: Shutting down and abandoning module VariantManagerContent (62)
[2025.10.02-12.59.47:632][882]LogModuleManager: Shutting down and abandoning module MagicLeap (60)
[2025.10.02-12.59.47:632][882]LogModuleManager: Shutting down and abandoning module NiagaraVertexFactories (58)
[2025.10.02-12.59.47:632][882]LogModuleManager: Shutting down and abandoning module NiagaraShader (56)
[2025.10.02-12.59.47:632][882]LogModuleManager: Shutting down and abandoning module DatasmithContent (54)
[2025.10.02-12.59.47:633][882]LogModuleManager: Shutting down and abandoning module PixWinPlugin (52)
[2025.10.02-12.59.47:633][882]LogModuleManager: Shutting down and abandoning module AISupportModule (50)
[2025.10.02-12.59.47:633][882]LogModuleManager: Shutting down and abandoning module DesktopPlatform (48)
[2025.10.02-12.59.47:633][882]LogModuleManager: Shutting down and abandoning module PythonScriptPluginPreload (46)
[2025.10.02-12.59.47:633][882]LogModuleManager: Shutting down and abandoning module PlatformCryptoOpenSSL (44)
[2025.10.02-12.59.47:633][882]LogModuleManager: Shutting down and abandoning module PlatformCryptoTypes (42)
[2025.10.02-12.59.47:633][882]LogModuleManager: Shutting down and abandoning module PlatformCrypto (40)
[2025.10.02-12.59.47:633][882]LogModuleManager: Shutting down and abandoning module OodleDataCompressionFormat (38)
[2025.10.02-12.59.47:633][882]LogModuleManager: Shutting down and abandoning module XGEController (36)
[2025.10.02-12.59.47:633][882]LogModuleManager: Shutting down and abandoning module AnimationModifiers (34)
[2025.10.02-12.59.47:633][882]LogModuleManager: Shutting down and abandoning module AudioEditor (32)
[2025.10.02-12.59.47:634][882]LogModuleManager: Shutting down and abandoning module PropertyEditor (31)
[2025.10.02-12.59.47:634][882]LogModuleManager: Shutting down and abandoning module TextureCompressor (28)
[2025.10.02-12.59.47:634][882]LogModuleManager: Shutting down and abandoning module RenderCore (26)
[2025.10.02-12.59.47:634][882]LogModuleManager: Shutting down and abandoning module Landscape (24)
[2025.10.02-12.59.47:634][882]LogModuleManager: Shutting down and abandoning module SlateRHIRenderer (22)
[2025.10.02-12.59.47:635][882]LogModuleManager: Shutting down and abandoning module AnimGraphRuntime (20)
[2025.10.02-12.59.47:635][882]LogModuleManager: Shutting down and abandoning module Renderer (18)
[2025.10.02-12.59.47:635][882]LogModuleManager: Shutting down and abandoning module Engine (16)
[2025.10.02-12.59.47:635][882]LogModuleManager: Shutting down and abandoning module CoreUObject (14)
[2025.10.02-12.59.47:635][882]LogModuleManager: Shutting down and abandoning module NetworkFile (12)
[2025.10.02-12.59.47:635][882]LogModuleManager: Shutting down and abandoning module CookedIterativeFile (10)
[2025.10.02-12.59.47:635][882]LogModuleManager: Shutting down and abandoning module StreamingFile (8)
[2025.10.02-12.59.47:635][882]LogModuleManager: Shutting down and abandoning module SandboxFile (6)
[2025.10.02-12.59.47:635][882]LogModuleManager: Shutting down and abandoning module PakFile (4)
[2025.10.02-12.59.47:635][882]LogModuleManager: Shutting down and abandoning module RSA (3)
[2025.10.02-12.59.47:716][882]LogContentStreaming: Display: There are 1 unreleased StreamingManagers
[2025.10.02-12.59.47:745][882]LogD3D11RHI: Shutdown
[2025.10.02-12.59.47:745][882]LogD3D11RHI: CleanupD3DDevice
[2025.10.02-12.59.47:746][882]LogExit: Exiting.
[2025.10.02-12.59.47:749][882]Log file closed, 10/02/25 06:59:47
