Log file open, 09/30/25 19:14:16
LogWindows: Failed to load 'aqProf.dll' (GetLastError=126)
LogWindows: File 'aqProf.dll' does not exist
LogWindows: Failed to load 'VtuneApi.dll' (GetLastError=126)
LogWindows: File 'VtuneApi.dll' does not exist
LogWindows: Failed to load 'VtuneApi32e.dll' (GetLastError=126)
LogWindows: File 'VtuneApi32e.dll' does not exist
LogConsoleResponse: Display: Failed to find resolution value strings in scalability ini. Falling back to default.
LogConsoleResponse: Display: Failed to find resolution value strings in scalability ini. Falling back to default.
LogInit: Display: Running engine for game: TasteOfMadness
LogPlatformFile: Not using cached read wrapper
LogTaskGraph: Started task graph with 5 named threads and 35 total threads with 3 sets of task threads.
LogStats: Stats thread started at 0.232176
LogICUInternationalization: ICU TimeZone Detection - Raw Offset: -6:00, Platform Override: ''
LogInit: Display: Loading text-based GConfig....
LogPluginManager: Mounting plugin MeshPainting
LogPluginManager: Mounting plugin XGEController
LogPluginManager: Mounting plugin Paper2D
LogPluginManager: Mounting plugin LightPropagationVolume
LogPluginManager: Mounting plugin AISupport
LogPluginManager: Mounting plugin EnvironmentQueryEditor
LogPluginManager: Mounting plugin CameraShakePreviewer
LogPluginManager: Mounting plugin LiveLink
LogPluginManager: Mounting plugin GameplayCameras
LogPluginManager: Mounting plugin AnimationSharing
LogPluginManager: Mounting plugin CLionSourceCodeAccess
LogPluginManager: Mounting plugin GitSourceControl
LogPluginManager: Mounting plugin CodeLiteSourceCodeAccess
LogPluginManager: Mounting plugin KDevelopSourceCodeAccess
LogPluginManager: Mounting plugin NullSourceCodeAccess
LogPluginManager: Mounting plugin PerforceSourceControl
LogPluginManager: Mounting plugin PixWinPlugin
LogPluginManager: Mounting plugin PlasticSourceControl
LogPluginManager: Mounting plugin PluginUtils
LogPluginManager: Mounting plugin PropertyAccessNode
LogPluginManager: Mounting plugin RiderSourceCodeAccess
LogPluginManager: Mounting plugin SubversionSourceControl
LogPluginManager: Mounting plugin TextureFormatOodle
LogPluginManager: Mounting plugin UObjectPlugin
LogPluginManager: Mounting plugin VisualStudioCodeSourceCodeAccess
LogPluginManager: Mounting plugin DatasmithContent
LogPluginManager: Mounting plugin VisualStudioSourceCodeAccess
LogPluginManager: Mounting plugin XCodeSourceCodeAccess
LogPluginManager: Mounting plugin AssetManagerEditor
LogPluginManager: Mounting plugin CryptoKeys
LogPluginManager: Mounting plugin CurveEditorTools
LogPluginManager: Mounting plugin VariantManagerContent
LogPluginManager: Mounting plugin DataValidation
LogPluginManager: Mounting plugin FacialAnimation
LogPluginManager: Mounting plugin GeometryMode
LogPluginManager: Mounting plugin GameplayTagsEditor
LogPluginManager: Mounting plugin MacGraphicsSwitching
LogPluginManager: Mounting plugin OodleData
LogPluginManager: Mounting plugin MaterialAnalyzer
LogPluginManager: Mounting plugin OodleNetwork
LogPluginManager: Mounting plugin MobileLauncherProfileWizard
LogPluginManager: Mounting plugin PluginBrowser
LogPluginManager: Mounting plugin SpeedTreeImporter
LogPluginManager: Mounting plugin AlembicImporter
LogPluginManager: Mounting plugin AutomationUtils
LogPluginManager: Mounting plugin BackChannel
LogPluginManager: Mounting plugin Niagara
LogPluginManager: Mounting plugin ChaosEditor
LogPluginManager: Mounting plugin ChaosClothEditor
LogPluginManager: Mounting plugin ChaosCloth
LogPluginManager: Mounting plugin ChaosNiagara
LogPluginManager: Mounting plugin ChaosSolverPlugin
LogPluginManager: Mounting plugin CharacterAI
LogPluginManager: Mounting plugin GeometryCache
LogPluginManager: Mounting plugin GeometryProcessing
LogPluginManager: Mounting plugin GeometryCollectionPlugin
LogPluginManager: Mounting plugin MotoSynth
LogPluginManager: Mounting plugin OpenImageDenoise
LogPluginManager: Mounting plugin PlanarCut
LogPluginManager: Mounting plugin ProxyLODPlugin
LogPluginManager: Mounting plugin PlatformCrypto
LogPluginManager: Mounting plugin PythonScriptPlugin
LogPluginManager: Mounting plugin SkeletalReduction
LogPluginManager: Mounting plugin LuminPlatformFeatures
LogPluginManager: Mounting plugin AndroidMedia
LogPluginManager: Mounting plugin MagicLeap
LogPluginManager: Mounting plugin AvfMedia
LogPluginManager: Mounting plugin MagicLeapLightEstimation
LogPluginManager: Mounting plugin ImgMedia
LogPluginManager: Mounting plugin MagicLeapMedia
LogPluginManager: Mounting plugin MediaCompositing
LogPluginManager: Mounting plugin TcpMessaging
LogPluginManager: Mounting plugin UdpMessaging
LogPluginManager: Mounting plugin MagicLeapPassableWorld
LogPluginManager: Mounting plugin MLSDK
LogPluginManager: Mounting plugin ActorSequence
LogPluginManager: Mounting plugin MediaPlayerEditor
LogPluginManager: Mounting plugin MatineeToLevelSequence
LogPluginManager: Mounting plugin LevelSequenceEditor
LogPluginManager: Mounting plugin WebMMedia
LogPluginManager: Mounting plugin WmfMedia
LogPluginManager: Mounting plugin TemplateSequence
LogPluginManager: Mounting plugin OnlineSubsystem
LogPluginManager: Mounting plugin OnlineSubsystemNull
LogPluginManager: Mounting plugin LauncherChunkInstaller
LogPluginManager: Mounting plugin ActorLayerUtilities
LogPluginManager: Mounting plugin OnlineSubsystemUtils
LogPluginManager: Mounting plugin AndroidDeviceProfileSelector
LogPluginManager: Mounting plugin AndroidMoviePlayer
LogPluginManager: Mounting plugin AndroidPermission
LogPluginManager: Mounting plugin AppleImageUtils
LogPluginManager: Mounting plugin AppleMoviePlayer
LogPluginManager: Mounting plugin ArchVisCharacter
LogPluginManager: Mounting plugin AssetTags
LogPluginManager: Mounting plugin AudioCapture
LogPluginManager: Mounting plugin AudioSynesthesia
LogPluginManager: Mounting plugin CableComponent
LogPluginManager: Mounting plugin ChunkDownloader
LogPluginManager: Mounting plugin CustomMeshComponent
LogPluginManager: Mounting plugin EditableMesh
LogPluginManager: Mounting plugin ExampleDeviceProfileSelector
LogPluginManager: Mounting plugin GoogleCloudMessaging
LogPluginManager: Mounting plugin GooglePAD
LogPluginManager: Mounting plugin IOSDeviceProfileSelector
LogPluginManager: Mounting plugin LinuxDeviceProfileSelector
LogPluginManager: Mounting plugin LocationServicesBPLibrary
LogPluginManager: Mounting plugin MobilePatchingUtils
LogPluginManager: Mounting plugin OpenXREyeTracker
LogPluginManager: Mounting plugin OpenXR
LogPluginManager: Mounting plugin OpenXRHandTracking
LogPluginManager: Mounting plugin PhysXVehicles
LogPluginManager: Mounting plugin PostSplashScreen
LogPluginManager: Mounting plugin ProceduralMeshComponent
LogPluginManager: Mounting plugin PropertyAccessEditor
LogPluginManager: Mounting plugin RuntimePhysXCooking
LogPluginManager: Mounting plugin SignificanceManager
LogPluginManager: Mounting plugin SoundFields
LogPluginManager: Mounting plugin Synthesis
LogPluginManager: Mounting plugin WebMMoviePlayer
LogPluginManager: Mounting plugin ScreenshotTools
LogPluginManager: Mounting plugin WindowsMoviePlayer
LogPluginManager: Mounting plugin Takes
LogPluginManager: Mounting plugin ContentBrowserAssetDataSource
LogPluginManager: Mounting plugin ContentBrowserClassDataSource
LogPluginManager: Mounting plugin ContentBrowserFileDataSource
LogPluginManager: Mounting plugin OnlineSubsystemGooglePlay
LogPluginManager: Mounting plugin OnlineSubsystemIOS
LogPluginManager: Mounting plugin OculusVR
LogPluginManager: Mounting plugin SteamVR
PixWinPlugin: PIX capture plugin failed to initialize! Check that the process is launched from PIX.
LogInit: Using libcurl 7.55.1-DEV
LogInit:  - built for x86_64-pc-win32
LogInit:  - supports SSL with OpenSSL/1.1.1
LogInit:  - supports HTTP deflate (compression) using libz 1.2.8
LogInit:  - other features:
LogInit:      CURL_VERSION_SSL
LogInit:      CURL_VERSION_LIBZ
LogInit:      CURL_VERSION_IPV6
LogInit:      CURL_VERSION_ASYNCHDNS
LogInit:      CURL_VERSION_LARGEFILE
LogInit:      CURL_VERSION_IDN
LogInit:  CurlRequestOptions (configurable via config and command line):
LogInit:  - bVerifyPeer = true  - Libcurl will verify peer certificate
LogInit:  - bUseHttpProxy = false  - Libcurl will NOT use HTTP proxy
LogInit:  - bDontReuseConnections = false  - Libcurl will reuse connections
LogInit:  - MaxHostConnections = 16  - Libcurl will limit the number of connections to a host
LogInit:  - LocalHostAddr = Default
LogInit:  - BufferSize = 65536
LogOnline: OSS: Creating online subsystem instance for: NULL
LogInit: WinSock: version 1.1 (2.2), MaxSocks=32767, MaxUdp=65467
LogOnline: OSS: TryLoadSubsystemAndSetDefault: Loaded subsystem for module [NULL]
LogOculusPluginWrapper: OculusPlugin initialized successfully
LogHMD: Failed initializing OVRPlugin 1.59.0
LogInit: Build: ++UE4+Release-4.27-CL-18319896
LogInit: Engine Version: 4.27.2-18319896+++UE4+Release-4.27
LogInit: Compatible Engine Version: 4.27.0-17155196+++UE4+Release-4.27
LogInit: Net CL: 17155196
LogInit: OS: Windows 10 (Release 2009) (), CPU: 11th Gen Intel(R) Core(TM) i5-11400H @ 2.70GHz, GPU: Intel(R) UHD Graphics
LogInit: Compiled (64-bit): Nov 30 2021 07:12:08
LogInit: Compiled with Visual C++: 19.24.28315.00
LogInit: Build Configuration: Development
LogInit: Branch Name: ++UE4+Release-4.27
LogInit: Command Line:  -AUTH_LOGIN=unused -AUTH_PASSWORD=1b948a4d64eb4057b85c914cd87a4fbb -AUTH_TYPE=exchangecode -epicapp=UE_4.27 -epicenv=Prod -EpicPortal -epicusername=Geranetor -epicuserid=80d74a91cbd847fe82e7b6a734b4aa1f -epiclocale=en -epicsandboxid=ue
LogInit: Base Directory: F:/Games/UE_4.27/Engine/Binaries/Win64/
LogInit: Allocator: TBB
LogInit: Installed Engine Build: 1
LogDevObjectVersion: Number of dev versions registered: 29
LogDevObjectVersion:   Dev-Blueprints (B0D832E4-1F89-4F0D-ACCF-7EB736FD4AA2): 10
LogDevObjectVersion:   Dev-Build (E1C64328-A22C-4D53-A36C-8E866417BD8C): 0
LogDevObjectVersion:   Dev-Core (375EC13C-06E4-48FB-B500-84F0262A717E): 4
LogDevObjectVersion:   Dev-Editor (E4B068ED-F494-42E9-A231-DA0B2E46BB41): 40
LogDevObjectVersion:   Dev-Framework (CFFC743F-43B0-4480-9391-14DF171D2073): 37
LogDevObjectVersion:   Dev-Mobile (B02B49B5-BB20-44E9-A304-32B752E40360): 3
LogDevObjectVersion:   Dev-Networking (A4E4105C-59A1-49B5-A7C5-40C4547EDFEE): 0
LogDevObjectVersion:   Dev-Online (39C831C9-5AE6-47DC-9A44-9C173E1C8E7C): 0
LogDevObjectVersion:   Dev-Physics (78F01B33-EBEA-4F98-B9B4-84EACCB95AA2): 14
LogDevObjectVersion:   Dev-Platform (6631380F-2D4D-43E0-8009-CF276956A95A): 0
LogDevObjectVersion:   Dev-Rendering (12F88B9F-8875-4AFC-A67C-D90C383ABD29): 45
LogDevObjectVersion:   Dev-Sequencer (7B5AE74C-D270-4C10-A958-57980B212A5A): 13
LogDevObjectVersion:   Dev-VR (D7296918-1DD6-4BDD-9DE2-64A83CC13884): 3
LogDevObjectVersion:   Dev-LoadTimes (C2A15278-BFE7-4AFE-6C17-90FF531DF755): 1
LogDevObjectVersion:   Private-Geometry (6EACA3D4-40EC-4CC1-B786-8BED09428FC5): 3
LogDevObjectVersion:   Dev-AnimPhys (29E575DD-E0A3-4627-9D10-D276232CDCEA): 17
LogDevObjectVersion:   Dev-Anim (AF43A65D-7FD3-4947-9873-3E8ED9C1BB05): 15
LogDevObjectVersion:   Dev-ReflectionCapture (6B266CEC-1EC7-4B8F-A30B-E4D90942FC07): 1
LogDevObjectVersion:   Dev-Automation (0DF73D61-A23F-47EA-B727-89E90C41499A): 1
LogDevObjectVersion:   FortniteMain (601D1886-AC64-4F84-AA16-D3DE0DEAC7D6): 47
LogDevObjectVersion:   FortniteRelease (E7086368-6B23-4C58-8439-1B7016265E91): 1
LogDevObjectVersion:   Dev-Enterprise (9DFFBCD6-494F-0158-E221-12823C92A888): 10
LogDevObjectVersion:   Dev-Niagara (F2AED0AC-9AFE-416F-8664-AA7FFA26D6FC): 1
LogDevObjectVersion:   Dev-Destruction (174F1F0B-B4C6-45A5-B13F-2EE8D0FB917D): 10
LogDevObjectVersion:   Dev-Physics-Ext (35F94A83-E258-406C-A318-09F59610247C): 41
LogDevObjectVersion:   Dev-PhysicsMaterial-Chaos (B68FC16E-8B1B-42E2-B453-215C058844FE): 1
LogDevObjectVersion:   Dev-CineCamera (B2E18506-4273-CFC2-A54E-F4BB758BBA07): 1
LogDevObjectVersion:   Dev-VirtualProduction (64F58936-FD1B-42BA-BA96-7289D5D0FA4E): 1
LogDevObjectVersion:   Dev-MediaFramework (6F0ED827-A609-4895-9C91-998D90180EA4): 2
LogInit: Presizing for max 25165824 objects, including 0 objects not considered by GC, pre-allocating 0 bytes for permanent pool.
LogConfig: Applying CVar settings from Section [/Script/Engine.StreamingSettings] File [F:/Proyectos UE 4.27/TasteOfMadness/TasteOfMadness/Saved/Config/Windows/Engine.ini]
LogConfig: Setting CVar [[s.MinBulkDataSizeForAsyncLoading:131072]]
LogConfig: Setting CVar [[s.AsyncLoadingThreadEnabled:0]]
LogConfig: Setting CVar [[s.EventDrivenLoaderEnabled:1]]
LogConfig: Setting CVar [[s.WarnIfTimeLimitExceeded:0]]
LogConfig: Setting CVar [[s.TimeLimitExceededMultiplier:1.5]]
LogConfig: Setting CVar [[s.TimeLimitExceededMinTime:0.005]]
LogConfig: Setting CVar [[s.UseBackgroundLevelStreaming:1]]
LogConfig: Setting CVar [[s.PriorityAsyncLoadingExtraTime:15.0]]
LogConfig: Setting CVar [[s.LevelStreamingActorsUpdateTimeLimit:5.0]]
LogConfig: Setting CVar [[s.PriorityLevelStreamingActorsUpdateExtraTime:5.0]]
LogConfig: Setting CVar [[s.LevelStreamingComponentsRegistrationGranularity:10]]
LogConfig: Setting CVar [[s.UnregisterComponentsTimeLimit:1.0]]
LogConfig: Setting CVar [[s.LevelStreamingComponentsUnregistrationGranularity:5]]
LogConfig: Setting CVar [[s.FlushStreamingOnExit:1]]
LogInit: Object subsystem initialized
LogConfig: Setting CVar [[con.DebugEarlyDefault:1]]
LogConfig: Setting CVar [[r.setres:1280x720]]
[2025.10.01-01.14.16:554][  0]LogConfig: Setting CVar [[r.VSync:0]]
[2025.10.01-01.14.16:554][  0]LogConfig: Setting CVar [[r.RHICmdBypass:0]]
[2025.10.01-01.14.16:554][  0]LogConfig: Applying CVar settings from Section [/Script/Engine.RendererSettings] File [F:/Proyectos UE 4.27/TasteOfMadness/TasteOfMadness/Saved/Config/Windows/Engine.ini]
[2025.10.01-01.14.16:554][  0]LogConfig: Setting CVar [[r.GPUCrashDebugging:0]]
[2025.10.01-01.14.16:554][  0]LogConfig: Applying CVar settings from Section [/Script/Engine.RendererOverrideSettings] File [F:/Proyectos UE 4.27/TasteOfMadness/TasteOfMadness/Saved/Config/Windows/Engine.ini]
[2025.10.01-01.14.16:554][  0]LogConfig: Applying CVar settings from Section [/Script/Engine.StreamingSettings] File [F:/Proyectos UE 4.27/TasteOfMadness/TasteOfMadness/Saved/Config/Windows/Engine.ini]
[2025.10.01-01.14.16:554][  0]LogConfig: Setting CVar [[s.MinBulkDataSizeForAsyncLoading:131072]]
[2025.10.01-01.14.16:554][  0]LogConfig: Setting CVar [[s.AsyncLoadingThreadEnabled:0]]
[2025.10.01-01.14.16:554][  0]LogConfig: Setting CVar [[s.EventDrivenLoaderEnabled:1]]
[2025.10.01-01.14.16:554][  0]LogConfig: Setting CVar [[s.WarnIfTimeLimitExceeded:0]]
[2025.10.01-01.14.16:554][  0]LogConfig: Setting CVar [[s.TimeLimitExceededMultiplier:1.5]]
[2025.10.01-01.14.16:554][  0]LogConfig: Setting CVar [[s.TimeLimitExceededMinTime:0.005]]
[2025.10.01-01.14.16:554][  0]LogConfig: Setting CVar [[s.UseBackgroundLevelStreaming:1]]
[2025.10.01-01.14.16:554][  0]LogConfig: Setting CVar [[s.PriorityAsyncLoadingExtraTime:15.0]]
[2025.10.01-01.14.16:554][  0]LogConfig: Setting CVar [[s.LevelStreamingActorsUpdateTimeLimit:5.0]]
[2025.10.01-01.14.16:554][  0]LogConfig: Setting CVar [[s.PriorityLevelStreamingActorsUpdateExtraTime:5.0]]
[2025.10.01-01.14.16:554][  0]LogConfig: Setting CVar [[s.LevelStreamingComponentsRegistrationGranularity:10]]
[2025.10.01-01.14.16:554][  0]LogConfig: Setting CVar [[s.UnregisterComponentsTimeLimit:1.0]]
[2025.10.01-01.14.16:554][  0]LogConfig: Setting CVar [[s.LevelStreamingComponentsUnregistrationGranularity:5]]
[2025.10.01-01.14.16:554][  0]LogConfig: Setting CVar [[s.FlushStreamingOnExit:1]]
[2025.10.01-01.14.16:554][  0]LogConfig: Applying CVar settings from Section [/Script/Engine.GarbageCollectionSettings] File [F:/Proyectos UE 4.27/TasteOfMadness/TasteOfMadness/Saved/Config/Windows/Engine.ini]
[2025.10.01-01.14.16:554][  0]LogConfig: Setting CVar [[gc.MaxObjectsNotConsideredByGC:1]]
[2025.10.01-01.14.16:554][  0]LogConfig: Setting CVar [[gc.SizeOfPermanentObjectPool:0]]
[2025.10.01-01.14.16:554][  0]LogConfig: Setting CVar [[gc.FlushStreamingOnGC:0]]
[2025.10.01-01.14.16:554][  0]LogConfig: Setting CVar [[gc.NumRetriesBeforeForcingGC:10]]
[2025.10.01-01.14.16:554][  0]LogConfig: Setting CVar [[gc.AllowParallelGC:1]]
[2025.10.01-01.14.16:554][  0]LogConfig: Setting CVar [[gc.TimeBetweenPurgingPendingKillObjects:61.1]]
[2025.10.01-01.14.16:554][  0]LogConfig: Setting CVar [[gc.MaxObjectsInEditor:25165824]]
[2025.10.01-01.14.16:554][  0]LogConfig: Setting CVar [[gc.IncrementalBeginDestroyEnabled:1]]
[2025.10.01-01.14.16:554][  0]LogConfig: Setting CVar [[gc.CreateGCClusters:1]]
[2025.10.01-01.14.16:554][  0]LogConfig: Setting CVar [[gc.MinGCClusterSize:5]]
[2025.10.01-01.14.16:554][  0]LogConfig: Setting CVar [[gc.ActorClusteringEnabled:0]]
[2025.10.01-01.14.16:554][  0]LogConfig: Setting CVar [[gc.BlueprintClusteringEnabled:0]]
[2025.10.01-01.14.16:554][  0]LogConfig: Setting CVar [[gc.UseDisregardForGCOnDedicatedServers:0]]
[2025.10.01-01.14.16:554][  0]LogConfig: Setting CVar [[gc.MultithreadedDestructionEnabled:1]]
[2025.10.01-01.14.16:554][  0]LogConfig: Applying CVar settings from Section [/Script/Engine.NetworkSettings] File [F:/Proyectos UE 4.27/TasteOfMadness/TasteOfMadness/Saved/Config/Windows/Engine.ini]
[2025.10.01-01.14.16:554][  0]LogConfig: Applying CVar settings from Section [/Script/UnrealEd.CookerSettings] File [F:/Proyectos UE 4.27/TasteOfMadness/TasteOfMadness/Saved/Config/Windows/Engine.ini]
[2025.10.01-01.14.16:559][  0]LogConfig: Applying CVar settings from Section [ViewDistanceQuality@3] File [F:/Proyectos UE 4.27/TasteOfMadness/TasteOfMadness/Saved/Config/Windows/Scalability.ini]
[2025.10.01-01.14.16:559][  0]LogConfig: Setting CVar [[r.SkeletalMeshLODBias:0]]
[2025.10.01-01.14.16:559][  0]LogConfig: Setting CVar [[r.ViewDistanceScale:1.0]]
[2025.10.01-01.14.16:559][  0]LogConfig: Applying CVar settings from Section [AntiAliasingQuality@3] File [F:/Proyectos UE 4.27/TasteOfMadness/TasteOfMadness/Saved/Config/Windows/Scalability.ini]
[2025.10.01-01.14.16:559][  0]LogConfig: Setting CVar [[r.PostProcessAAQuality:4]]
[2025.10.01-01.14.16:559][  0]LogConfig: Applying CVar settings from Section [ShadowQuality@3] File [F:/Proyectos UE 4.27/TasteOfMadness/TasteOfMadness/Saved/Config/Windows/Scalability.ini]
[2025.10.01-01.14.16:559][  0]LogConfig: Setting CVar [[r.LightFunctionQuality:1]]
[2025.10.01-01.14.16:559][  0]LogConfig: Setting CVar [[r.ShadowQuality:5]]
[2025.10.01-01.14.16:559][  0]LogConfig: Setting CVar [[r.Shadow.CSM.MaxCascades:10]]
[2025.10.01-01.14.16:559][  0]LogConfig: Setting CVar [[r.Shadow.MaxResolution:2048]]
[2025.10.01-01.14.16:559][  0]LogConfig: Setting CVar [[r.Shadow.MaxCSMResolution:2048]]
[2025.10.01-01.14.16:559][  0]LogConfig: Setting CVar [[r.Shadow.RadiusThreshold:0.01]]
[2025.10.01-01.14.16:559][  0]LogConfig: Setting CVar [[r.Shadow.DistanceScale:1.0]]
[2025.10.01-01.14.16:559][  0]LogConfig: Setting CVar [[r.Shadow.CSM.TransitionScale:1.0]]
[2025.10.01-01.14.16:559][  0]LogConfig: Setting CVar [[r.Shadow.PreShadowResolutionFactor:1.0]]
[2025.10.01-01.14.16:559][  0]LogConfig: Setting CVar [[r.DistanceFieldShadowing:1]]
[2025.10.01-01.14.16:559][  0]LogConfig: Setting CVar [[r.DistanceFieldAO:1]]
[2025.10.01-01.14.16:559][  0]LogConfig: Setting CVar [[r.AOQuality:2]]
[2025.10.01-01.14.16:559][  0]LogConfig: Setting CVar [[r.VolumetricFog:1]]
[2025.10.01-01.14.16:559][  0]LogConfig: Setting CVar [[r.VolumetricFog.GridPixelSize:8]]
[2025.10.01-01.14.16:559][  0]LogConfig: Setting CVar [[r.VolumetricFog.GridSizeZ:128]]
[2025.10.01-01.14.16:559][  0]LogConfig: Setting CVar [[r.VolumetricFog.HistoryMissSupersampleCount:4]]
[2025.10.01-01.14.16:559][  0]LogConfig: Setting CVar [[r.LightMaxDrawDistanceScale:1]]
[2025.10.01-01.14.16:559][  0]LogConfig: Setting CVar [[r.CapsuleShadows:1]]
[2025.10.01-01.14.16:559][  0]LogConfig: Applying CVar settings from Section [PostProcessQuality@3] File [F:/Proyectos UE 4.27/TasteOfMadness/TasteOfMadness/Saved/Config/Windows/Scalability.ini]
[2025.10.01-01.14.16:559][  0]LogConfig: Setting CVar [[r.MotionBlurQuality:4]]
[2025.10.01-01.14.16:559][  0]LogConfig: Setting CVar [[r.AmbientOcclusionMipLevelFactor:0.4]]
[2025.10.01-01.14.16:559][  0]LogConfig: Setting CVar [[r.AmbientOcclusionMaxQuality:100]]
[2025.10.01-01.14.16:559][  0]LogConfig: Setting CVar [[r.AmbientOcclusionLevels:-1]]
[2025.10.01-01.14.16:559][  0]LogConfig: Setting CVar [[r.AmbientOcclusionRadiusScale:1.0]]
[2025.10.01-01.14.16:559][  0]LogConfig: Setting CVar [[r.DepthOfFieldQuality:2]]
[2025.10.01-01.14.16:559][  0]LogConfig: Setting CVar [[r.RenderTargetPoolMin:400]]
[2025.10.01-01.14.16:559][  0]LogConfig: Setting CVar [[r.LensFlareQuality:2]]
[2025.10.01-01.14.16:559][  0]LogConfig: Setting CVar [[r.SceneColorFringeQuality:1]]
[2025.10.01-01.14.16:559][  0]LogConfig: Setting CVar [[r.EyeAdaptationQuality:2]]
[2025.10.01-01.14.16:559][  0]LogConfig: Setting CVar [[r.BloomQuality:5]]
[2025.10.01-01.14.16:559][  0]LogConfig: Setting CVar [[r.FastBlurThreshold:100]]
[2025.10.01-01.14.16:559][  0]LogConfig: Setting CVar [[r.Upscale.Quality:3]]
[2025.10.01-01.14.16:559][  0]LogConfig: Setting CVar [[r.Tonemapper.GrainQuantization:1]]
[2025.10.01-01.14.16:559][  0]LogConfig: Setting CVar [[r.LightShaftQuality:1]]
[2025.10.01-01.14.16:559][  0]LogConfig: Setting CVar [[r.Filter.SizeScale:1]]
[2025.10.01-01.14.16:559][  0]LogConfig: Setting CVar [[r.Tonemapper.Quality:5]]
[2025.10.01-01.14.16:559][  0]LogConfig: Setting CVar [[r.DOF.Gather.AccumulatorQuality:1        ; higher gathering accumulator quality]]
[2025.10.01-01.14.16:559][  0]LogConfig: Setting CVar [[r.DOF.Gather.PostfilterMethod:1          ; Median3x3 postfilering method]]
[2025.10.01-01.14.16:559][  0]LogConfig: Setting CVar [[r.DOF.Gather.EnableBokehSettings:0       ; no bokeh simulation when gathering]]
[2025.10.01-01.14.16:559][  0]LogConfig: Setting CVar [[r.DOF.Gather.RingCount:4                 ; medium number of samples when gathering]]
[2025.10.01-01.14.16:559][  0]LogConfig: Setting CVar [[r.DOF.Scatter.ForegroundCompositing:1    ; additive foreground scattering]]
[2025.10.01-01.14.16:559][  0]LogConfig: Setting CVar [[r.DOF.Scatter.BackgroundCompositing:2    ; additive background scattering]]
[2025.10.01-01.14.16:559][  0]LogConfig: Setting CVar [[r.DOF.Scatter.EnableBokehSettings:1      ; bokeh simulation when scattering]]
[2025.10.01-01.14.16:559][  0]LogConfig: Setting CVar [[r.DOF.Scatter.MaxSpriteRatio:0.1         ; only a maximum of 10% of scattered bokeh]]
[2025.10.01-01.14.16:559][  0]LogConfig: Setting CVar [[r.DOF.Recombine.Quality:1                ; cheap slight out of focus]]
[2025.10.01-01.14.16:559][  0]LogConfig: Setting CVar [[r.DOF.Recombine.EnableBokehSettings:0    ; no bokeh simulation on slight out of focus]]
[2025.10.01-01.14.16:559][  0]LogConfig: Setting CVar [[r.DOF.TemporalAAQuality:1                ; more stable temporal accumulation]]
[2025.10.01-01.14.16:559][  0]LogConfig: Setting CVar [[r.DOF.Kernel.MaxForegroundRadius:0.025]]
[2025.10.01-01.14.16:559][  0]LogConfig: Setting CVar [[r.DOF.Kernel.MaxBackgroundRadius:0.025]]
[2025.10.01-01.14.16:559][  0]LogConfig: Applying CVar settings from Section [TextureQuality@3] File [F:/Proyectos UE 4.27/TasteOfMadness/TasteOfMadness/Saved/Config/Windows/Scalability.ini]
[2025.10.01-01.14.16:559][  0]LogConfig: Setting CVar [[r.Streaming.MipBias:0]]
[2025.10.01-01.14.16:559][  0]LogConfig: Setting CVar [[r.Streaming.AmortizeCPUToGPUCopy:0]]
[2025.10.01-01.14.16:559][  0]LogConfig: Setting CVar [[r.Streaming.MaxNumTexturesToStreamPerFrame:0]]
[2025.10.01-01.14.16:559][  0]LogConfig: Setting CVar [[r.Streaming.Boost:1]]
[2025.10.01-01.14.16:559][  0]LogConfig: Setting CVar [[r.MaxAnisotropy:8]]
[2025.10.01-01.14.16:559][  0]LogConfig: Setting CVar [[r.VT.MaxAnisotropy:8]]
[2025.10.01-01.14.16:559][  0]LogConfig: Setting CVar [[r.Streaming.LimitPoolSizeToVRAM:0]]
[2025.10.01-01.14.16:559][  0]LogConfig: Setting CVar [[r.Streaming.PoolSize:1000]]
[2025.10.01-01.14.16:559][  0]LogConfig: Setting CVar [[r.Streaming.MaxEffectiveScreenSize:0]]
[2025.10.01-01.14.16:559][  0]LogConfig: Applying CVar settings from Section [EffectsQuality@3] File [F:/Proyectos UE 4.27/TasteOfMadness/TasteOfMadness/Saved/Config/Windows/Scalability.ini]
[2025.10.01-01.14.16:559][  0]LogConfig: Setting CVar [[r.TranslucencyLightingVolumeDim:64]]
[2025.10.01-01.14.16:559][  0]LogConfig: Setting CVar [[r.RefractionQuality:2]]
[2025.10.01-01.14.16:559][  0]LogConfig: Setting CVar [[r.SSR.Quality:3]]
[2025.10.01-01.14.16:559][  0]LogConfig: Setting CVar [[r.SSR.HalfResSceneColor:0]]
[2025.10.01-01.14.16:559][  0]LogConfig: Setting CVar [[r.SceneColorFormat:4]]
[2025.10.01-01.14.16:559][  0]LogConfig: Setting CVar [[r.DetailMode:2]]
[2025.10.01-01.14.16:559][  0]LogConfig: Setting CVar [[r.TranslucencyVolumeBlur:1]]
[2025.10.01-01.14.16:559][  0]LogConfig: Setting CVar [[r.MaterialQualityLevel:1 ; High quality]]
[2025.10.01-01.14.16:559][  0]LogConfig: Setting CVar [[r.AnisotropicMaterials:1]]
[2025.10.01-01.14.16:559][  0]LogConfig: Setting CVar [[r.SSS.Scale:1]]
[2025.10.01-01.14.16:559][  0]LogConfig: Setting CVar [[r.SSS.SampleSet:2]]
[2025.10.01-01.14.16:559][  0]LogConfig: Setting CVar [[r.SSS.Quality:1]]
[2025.10.01-01.14.16:559][  0]LogConfig: Setting CVar [[r.SSS.HalfRes:0]]
[2025.10.01-01.14.16:559][  0]LogConfig: Setting CVar [[r.SSGI.Quality:3]]
[2025.10.01-01.14.16:560][  0]LogConfig: Setting CVar [[r.EmitterSpawnRateScale:1.0]]
[2025.10.01-01.14.16:560][  0]LogConfig: Setting CVar [[r.ParticleLightQuality:2]]
[2025.10.01-01.14.16:560][  0]LogConfig: Setting CVar [[r.SkyAtmosphere.AerialPerspectiveLUT.FastApplyOnOpaque:1 ; Always have FastSkyLUT 1 in this case to avoid wrong sky]]
[2025.10.01-01.14.16:560][  0]LogConfig: Setting CVar [[r.SkyAtmosphere.AerialPerspectiveLUT.SampleCountMaxPerSlice:4]]
[2025.10.01-01.14.16:560][  0]LogConfig: Setting CVar [[r.SkyAtmosphere.AerialPerspectiveLUT.DepthResolution:16.0]]
[2025.10.01-01.14.16:560][  0]LogConfig: Setting CVar [[r.SkyAtmosphere.FastSkyLUT:1]]
[2025.10.01-01.14.16:560][  0]LogConfig: Setting CVar [[r.SkyAtmosphere.FastSkyLUT.SampleCountMin:4.0]]
[2025.10.01-01.14.16:560][  0]LogConfig: Setting CVar [[r.SkyAtmosphere.FastSkyLUT.SampleCountMax:128.0]]
[2025.10.01-01.14.16:560][  0]LogConfig: Setting CVar [[r.SkyAtmosphere.SampleCountMin:4.0]]
[2025.10.01-01.14.16:560][  0]LogConfig: Setting CVar [[r.SkyAtmosphere.SampleCountMax:128.0]]
[2025.10.01-01.14.16:560][  0]LogConfig: Setting CVar [[r.SkyAtmosphere.TransmittanceLUT.UseSmallFormat:0]]
[2025.10.01-01.14.16:560][  0]LogConfig: Setting CVar [[r.SkyAtmosphere.TransmittanceLUT.SampleCount:10.0]]
[2025.10.01-01.14.16:560][  0]LogConfig: Setting CVar [[r.SkyAtmosphere.MultiScatteringLUT.SampleCount:15.0]]
[2025.10.01-01.14.16:560][  0]LogConfig: Setting CVar [[r.SkyLight.RealTimeReflectionCapture:1]]
[2025.10.01-01.14.16:560][  0]LogConfig: Applying CVar settings from Section [FoliageQuality@3] File [F:/Proyectos UE 4.27/TasteOfMadness/TasteOfMadness/Saved/Config/Windows/Scalability.ini]
[2025.10.01-01.14.16:560][  0]LogConfig: Setting CVar [[foliage.DensityScale:1.0]]
[2025.10.01-01.14.16:560][  0]LogConfig: Setting CVar [[grass.DensityScale:1.0]]
[2025.10.01-01.14.16:560][  0]LogConfig: Applying CVar settings from Section [ShadingQuality@3] File [F:/Proyectos UE 4.27/TasteOfMadness/TasteOfMadness/Saved/Config/Windows/Scalability.ini]
[2025.10.01-01.14.16:560][  0]LogConfig: Setting CVar [[r.HairStrands.SkyLighting.IntegrationType:2]]
[2025.10.01-01.14.16:560][  0]LogConfig: Setting CVar [[r.HairStrands.SkyAO.SampleCount:4]]
[2025.10.01-01.14.16:560][  0]LogConfig: Setting CVar [[r.HairStrands.Visibility.MSAA.SamplePerPixel:4]]
[2025.10.01-01.14.16:560][  0]LogInit: Selected Device Profile: [Windows]
[2025.10.01-01.14.16:560][  0]LogInit: Applying CVar settings loaded from the selected device profile: [Windows]
[2025.10.01-01.14.16:560][  0]LogHAL: Display: Platform has ~ 32 GB [34115739648 / 34359738368 / 32], which maps to Largest [LargestMinGB=32, LargerMinGB=12, DefaultMinGB=8, SmallerMinGB=6, SmallestMinGB=0)
[2025.10.01-01.14.16:560][  0]LogInit: Going up to parent DeviceProfile []
[2025.10.01-01.14.16:560][  0]LogConfig: Applying CVar settings from Section [ViewDistanceQuality@3] File [F:/Proyectos UE 4.27/TasteOfMadness/TasteOfMadness/Saved/Config/Windows/Scalability.ini]
[2025.10.01-01.14.16:560][  0]LogConfig: Setting CVar [[r.SkeletalMeshLODBias:0]]
[2025.10.01-01.14.16:560][  0]LogConfig: Setting CVar [[r.ViewDistanceScale:1.0]]
[2025.10.01-01.14.16:560][  0]LogConfig: Applying CVar settings from Section [AntiAliasingQuality@3] File [F:/Proyectos UE 4.27/TasteOfMadness/TasteOfMadness/Saved/Config/Windows/Scalability.ini]
[2025.10.01-01.14.16:560][  0]LogConfig: Setting CVar [[r.PostProcessAAQuality:4]]
[2025.10.01-01.14.16:560][  0]LogConfig: Applying CVar settings from Section [ShadowQuality@3] File [F:/Proyectos UE 4.27/TasteOfMadness/TasteOfMadness/Saved/Config/Windows/Scalability.ini]
[2025.10.01-01.14.16:560][  0]LogConfig: Setting CVar [[r.LightFunctionQuality:1]]
[2025.10.01-01.14.16:560][  0]LogConfig: Setting CVar [[r.ShadowQuality:5]]
[2025.10.01-01.14.16:560][  0]LogConfig: Setting CVar [[r.Shadow.CSM.MaxCascades:10]]
[2025.10.01-01.14.16:560][  0]LogConfig: Setting CVar [[r.Shadow.MaxResolution:2048]]
[2025.10.01-01.14.16:560][  0]LogConfig: Setting CVar [[r.Shadow.MaxCSMResolution:2048]]
[2025.10.01-01.14.16:560][  0]LogConfig: Setting CVar [[r.Shadow.RadiusThreshold:0.01]]
[2025.10.01-01.14.16:560][  0]LogConfig: Setting CVar [[r.Shadow.DistanceScale:1.0]]
[2025.10.01-01.14.16:560][  0]LogConfig: Setting CVar [[r.Shadow.CSM.TransitionScale:1.0]]
[2025.10.01-01.14.16:560][  0]LogConfig: Setting CVar [[r.Shadow.PreShadowResolutionFactor:1.0]]
[2025.10.01-01.14.16:560][  0]LogConfig: Setting CVar [[r.DistanceFieldShadowing:1]]
[2025.10.01-01.14.16:560][  0]LogConfig: Setting CVar [[r.DistanceFieldAO:1]]
[2025.10.01-01.14.16:560][  0]LogConfig: Setting CVar [[r.AOQuality:2]]
[2025.10.01-01.14.16:560][  0]LogConfig: Setting CVar [[r.VolumetricFog:1]]
[2025.10.01-01.14.16:560][  0]LogConfig: Setting CVar [[r.VolumetricFog.GridPixelSize:8]]
[2025.10.01-01.14.16:560][  0]LogConfig: Setting CVar [[r.VolumetricFog.GridSizeZ:128]]
[2025.10.01-01.14.16:560][  0]LogConfig: Setting CVar [[r.VolumetricFog.HistoryMissSupersampleCount:4]]
[2025.10.01-01.14.16:560][  0]LogConfig: Setting CVar [[r.LightMaxDrawDistanceScale:1]]
[2025.10.01-01.14.16:560][  0]LogConfig: Setting CVar [[r.CapsuleShadows:1]]
[2025.10.01-01.14.16:560][  0]LogConfig: Applying CVar settings from Section [PostProcessQuality@3] File [F:/Proyectos UE 4.27/TasteOfMadness/TasteOfMadness/Saved/Config/Windows/Scalability.ini]
[2025.10.01-01.14.16:560][  0]LogConfig: Setting CVar [[r.MotionBlurQuality:4]]
[2025.10.01-01.14.16:560][  0]LogConfig: Setting CVar [[r.AmbientOcclusionMipLevelFactor:0.4]]
[2025.10.01-01.14.16:560][  0]LogConfig: Setting CVar [[r.AmbientOcclusionMaxQuality:100]]
[2025.10.01-01.14.16:560][  0]LogConfig: Setting CVar [[r.AmbientOcclusionLevels:-1]]
[2025.10.01-01.14.16:560][  0]LogConfig: Setting CVar [[r.AmbientOcclusionRadiusScale:1.0]]
[2025.10.01-01.14.16:560][  0]LogConfig: Setting CVar [[r.DepthOfFieldQuality:2]]
[2025.10.01-01.14.16:560][  0]LogConfig: Setting CVar [[r.RenderTargetPoolMin:400]]
[2025.10.01-01.14.16:560][  0]LogConfig: Setting CVar [[r.LensFlareQuality:2]]
[2025.10.01-01.14.16:560][  0]LogConfig: Setting CVar [[r.SceneColorFringeQuality:1]]
[2025.10.01-01.14.16:560][  0]LogConfig: Setting CVar [[r.EyeAdaptationQuality:2]]
[2025.10.01-01.14.16:560][  0]LogConfig: Setting CVar [[r.BloomQuality:5]]
[2025.10.01-01.14.16:560][  0]LogConfig: Setting CVar [[r.FastBlurThreshold:100]]
[2025.10.01-01.14.16:560][  0]LogConfig: Setting CVar [[r.Upscale.Quality:3]]
[2025.10.01-01.14.16:560][  0]LogConfig: Setting CVar [[r.Tonemapper.GrainQuantization:1]]
[2025.10.01-01.14.16:560][  0]LogConfig: Setting CVar [[r.LightShaftQuality:1]]
[2025.10.01-01.14.16:560][  0]LogConfig: Setting CVar [[r.Filter.SizeScale:1]]
[2025.10.01-01.14.16:560][  0]LogConfig: Setting CVar [[r.Tonemapper.Quality:5]]
[2025.10.01-01.14.16:560][  0]LogConfig: Setting CVar [[r.DOF.Gather.AccumulatorQuality:1        ; higher gathering accumulator quality]]
[2025.10.01-01.14.16:560][  0]LogConfig: Setting CVar [[r.DOF.Gather.PostfilterMethod:1          ; Median3x3 postfilering method]]
[2025.10.01-01.14.16:560][  0]LogConfig: Setting CVar [[r.DOF.Gather.EnableBokehSettings:0       ; no bokeh simulation when gathering]]
[2025.10.01-01.14.16:560][  0]LogConfig: Setting CVar [[r.DOF.Gather.RingCount:4                 ; medium number of samples when gathering]]
[2025.10.01-01.14.16:560][  0]LogConfig: Setting CVar [[r.DOF.Scatter.ForegroundCompositing:1    ; additive foreground scattering]]
[2025.10.01-01.14.16:560][  0]LogConfig: Setting CVar [[r.DOF.Scatter.BackgroundCompositing:2    ; additive background scattering]]
[2025.10.01-01.14.16:560][  0]LogConfig: Setting CVar [[r.DOF.Scatter.EnableBokehSettings:1      ; bokeh simulation when scattering]]
[2025.10.01-01.14.16:560][  0]LogConfig: Setting CVar [[r.DOF.Scatter.MaxSpriteRatio:0.1         ; only a maximum of 10% of scattered bokeh]]
[2025.10.01-01.14.16:560][  0]LogConfig: Setting CVar [[r.DOF.Recombine.Quality:1                ; cheap slight out of focus]]
[2025.10.01-01.14.16:560][  0]LogConfig: Setting CVar [[r.DOF.Recombine.EnableBokehSettings:0    ; no bokeh simulation on slight out of focus]]
[2025.10.01-01.14.16:560][  0]LogConfig: Setting CVar [[r.DOF.TemporalAAQuality:1                ; more stable temporal accumulation]]
[2025.10.01-01.14.16:560][  0]LogConfig: Setting CVar [[r.DOF.Kernel.MaxForegroundRadius:0.025]]
[2025.10.01-01.14.16:560][  0]LogConfig: Setting CVar [[r.DOF.Kernel.MaxBackgroundRadius:0.025]]
[2025.10.01-01.14.16:560][  0]LogConfig: Applying CVar settings from Section [TextureQuality@3] File [F:/Proyectos UE 4.27/TasteOfMadness/TasteOfMadness/Saved/Config/Windows/Scalability.ini]
[2025.10.01-01.14.16:560][  0]LogConfig: Setting CVar [[r.Streaming.MipBias:0]]
[2025.10.01-01.14.16:560][  0]LogConfig: Setting CVar [[r.Streaming.AmortizeCPUToGPUCopy:0]]
[2025.10.01-01.14.16:560][  0]LogConfig: Setting CVar [[r.Streaming.MaxNumTexturesToStreamPerFrame:0]]
[2025.10.01-01.14.16:560][  0]LogConfig: Setting CVar [[r.Streaming.Boost:1]]
[2025.10.01-01.14.16:560][  0]LogConfig: Setting CVar [[r.MaxAnisotropy:8]]
[2025.10.01-01.14.16:560][  0]LogConfig: Setting CVar [[r.VT.MaxAnisotropy:8]]
[2025.10.01-01.14.16:560][  0]LogConfig: Setting CVar [[r.Streaming.LimitPoolSizeToVRAM:0]]
[2025.10.01-01.14.16:560][  0]LogConfig: Setting CVar [[r.Streaming.PoolSize:1000]]
[2025.10.01-01.14.16:560][  0]LogConfig: Setting CVar [[r.Streaming.MaxEffectiveScreenSize:0]]
[2025.10.01-01.14.16:560][  0]LogConfig: Applying CVar settings from Section [EffectsQuality@3] File [F:/Proyectos UE 4.27/TasteOfMadness/TasteOfMadness/Saved/Config/Windows/Scalability.ini]
[2025.10.01-01.14.16:560][  0]LogConfig: Setting CVar [[r.TranslucencyLightingVolumeDim:64]]
[2025.10.01-01.14.16:560][  0]LogConfig: Setting CVar [[r.RefractionQuality:2]]
[2025.10.01-01.14.16:560][  0]LogConfig: Setting CVar [[r.SSR.Quality:3]]
[2025.10.01-01.14.16:560][  0]LogConfig: Setting CVar [[r.SSR.HalfResSceneColor:0]]
[2025.10.01-01.14.16:560][  0]LogConfig: Setting CVar [[r.SceneColorFormat:4]]
[2025.10.01-01.14.16:560][  0]LogConfig: Setting CVar [[r.DetailMode:2]]
[2025.10.01-01.14.16:560][  0]LogConfig: Setting CVar [[r.TranslucencyVolumeBlur:1]]
[2025.10.01-01.14.16:560][  0]LogConfig: Setting CVar [[r.MaterialQualityLevel:1 ; High quality]]
[2025.10.01-01.14.16:560][  0]LogConfig: Setting CVar [[r.AnisotropicMaterials:1]]
[2025.10.01-01.14.16:560][  0]LogConfig: Setting CVar [[r.SSS.Scale:1]]
[2025.10.01-01.14.16:560][  0]LogConfig: Setting CVar [[r.SSS.SampleSet:2]]
[2025.10.01-01.14.16:560][  0]LogConfig: Setting CVar [[r.SSS.Quality:1]]
[2025.10.01-01.14.16:560][  0]LogConfig: Setting CVar [[r.SSS.HalfRes:0]]
[2025.10.01-01.14.16:560][  0]LogConfig: Setting CVar [[r.SSGI.Quality:3]]
[2025.10.01-01.14.16:560][  0]LogConfig: Setting CVar [[r.EmitterSpawnRateScale:1.0]]
[2025.10.01-01.14.16:560][  0]LogConfig: Setting CVar [[r.ParticleLightQuality:2]]
[2025.10.01-01.14.16:560][  0]LogConfig: Setting CVar [[r.SkyAtmosphere.AerialPerspectiveLUT.FastApplyOnOpaque:1 ; Always have FastSkyLUT 1 in this case to avoid wrong sky]]
[2025.10.01-01.14.16:560][  0]LogConfig: Setting CVar [[r.SkyAtmosphere.AerialPerspectiveLUT.SampleCountMaxPerSlice:4]]
[2025.10.01-01.14.16:560][  0]LogConfig: Setting CVar [[r.SkyAtmosphere.AerialPerspectiveLUT.DepthResolution:16.0]]
[2025.10.01-01.14.16:560][  0]LogConfig: Setting CVar [[r.SkyAtmosphere.FastSkyLUT:1]]
[2025.10.01-01.14.16:560][  0]LogConfig: Setting CVar [[r.SkyAtmosphere.FastSkyLUT.SampleCountMin:4.0]]
[2025.10.01-01.14.16:560][  0]LogConfig: Setting CVar [[r.SkyAtmosphere.FastSkyLUT.SampleCountMax:128.0]]
[2025.10.01-01.14.16:560][  0]LogConfig: Setting CVar [[r.SkyAtmosphere.SampleCountMin:4.0]]
[2025.10.01-01.14.16:560][  0]LogConfig: Setting CVar [[r.SkyAtmosphere.SampleCountMax:128.0]]
[2025.10.01-01.14.16:560][  0]LogConfig: Setting CVar [[r.SkyAtmosphere.TransmittanceLUT.UseSmallFormat:0]]
[2025.10.01-01.14.16:560][  0]LogConfig: Setting CVar [[r.SkyAtmosphere.TransmittanceLUT.SampleCount:10.0]]
[2025.10.01-01.14.16:561][  0]LogConfig: Setting CVar [[r.SkyAtmosphere.MultiScatteringLUT.SampleCount:15.0]]
[2025.10.01-01.14.16:561][  0]LogConfig: Setting CVar [[r.SkyLight.RealTimeReflectionCapture:1]]
[2025.10.01-01.14.16:561][  0]LogConfig: Applying CVar settings from Section [FoliageQuality@3] File [F:/Proyectos UE 4.27/TasteOfMadness/TasteOfMadness/Saved/Config/Windows/Scalability.ini]
[2025.10.01-01.14.16:561][  0]LogConfig: Setting CVar [[foliage.DensityScale:1.0]]
[2025.10.01-01.14.16:561][  0]LogConfig: Setting CVar [[grass.DensityScale:1.0]]
[2025.10.01-01.14.16:561][  0]LogConfig: Applying CVar settings from Section [ShadingQuality@3] File [F:/Proyectos UE 4.27/TasteOfMadness/TasteOfMadness/Saved/Config/Windows/Scalability.ini]
[2025.10.01-01.14.16:561][  0]LogConfig: Setting CVar [[r.HairStrands.SkyLighting.IntegrationType:2]]
[2025.10.01-01.14.16:561][  0]LogConfig: Setting CVar [[r.HairStrands.SkyAO.SampleCount:4]]
[2025.10.01-01.14.16:561][  0]LogConfig: Setting CVar [[r.HairStrands.Visibility.MSAA.SamplePerPixel:4]]
[2025.10.01-01.14.16:561][  0]LogConfig: Applying CVar settings from Section [Startup] File [../../../Engine/Config/ConsoleVariables.ini]
[2025.10.01-01.14.16:561][  0]LogConfig: Setting CVar [[net.UseAdaptiveNetUpdateFrequency:0]]
[2025.10.01-01.14.16:561][  0]LogConfig: Setting CVar [[p.chaos.AllowCreatePhysxBodies:1]]
[2025.10.01-01.14.16:561][  0]LogConfig: Setting CVar [[fx.SkipVectorVMBackendOptimizations:1]]
[2025.10.01-01.14.16:561][  0]LogConfig: Applying CVar settings from Section [ConsoleVariables] File [F:/Proyectos UE 4.27/TasteOfMadness/TasteOfMadness/Saved/Config/Windows/Engine.ini]
[2025.10.01-01.14.16:561][  0]LogConfig: Applying CVar settings from Section [ConsoleVariables] File [F:/Proyectos UE 4.27/TasteOfMadness/TasteOfMadness/Saved/Config/Windows/Editor.ini]
[2025.10.01-01.14.16:561][  0]LogInit: Computer: LEGIÓN_G
[2025.10.01-01.14.16:561][  0]LogInit: User: gerar
[2025.10.01-01.14.16:561][  0]LogInit: CPU Page size=4096, Cores=6
[2025.10.01-01.14.16:561][  0]LogInit: High frequency timer resolution =10.000000 MHz
[2025.10.01-01.14.16:561][  0]LogMemory: Memory total: Physical=31.8GB (32GB approx)
[2025.10.01-01.14.16:561][  0]LogMemory: Platform Memory Stats for Windows
[2025.10.01-01.14.16:561][  0]LogMemory: Process Physical Memory: 147.81 MB used, 147.81 MB peak
[2025.10.01-01.14.16:561][  0]LogMemory: Process Virtual Memory: 130.25 MB used, 130.25 MB peak
[2025.10.01-01.14.16:561][  0]LogMemory: Physical Memory: 10828.40 MB used,  21706.90 MB free, 32535.30 MB total
[2025.10.01-01.14.16:561][  0]LogMemory: Virtual Memory: 134194144.00 MB used,  23583.11 MB free, 134217728.00 MB total
[2025.10.01-01.14.16:567][  0]LogWindows: WindowsPlatformFeatures enabled
[2025.10.01-01.14.16:605][  0]LogInit: Physics initialised using underlying interface: PhysX
[2025.10.01-01.14.16:606][  0]LogInit: Overriding language with editor language configuration option (en).
[2025.10.01-01.14.16:606][  0]LogInit: Using OS detected locale (es-MX).
[2025.10.01-01.14.16:759][  0]LogInit: Setting process to per monitor DPI aware
[2025.10.01-01.14.16:777][  0]LogWindowsTextInputMethodSystem: Display: IME system deactivated.
[2025.10.01-01.14.16:791][  0]LogSlate: New Slate User Created.  User Index 0, Is Virtual User: 0
[2025.10.01-01.14.16:791][  0]LogSlate: Slate User Registered.  User Index 0, Is Virtual User: 0
[2025.10.01-01.14.16:939][  0]LogD3D11RHI: Loaded GFSDK_Aftermath_Lib.x64.dll
[2025.10.01-01.14.16:987][  0]LogHMD: Failed to initialize OpenVR with code 110
[2025.10.01-01.14.16:987][  0]LogD3D11RHI: D3D11 min allowed feature level: 11_0
[2025.10.01-01.14.16:987][  0]LogD3D11RHI: D3D11 max allowed feature level: 11_0
[2025.10.01-01.14.16:987][  0]LogD3D11RHI: D3D11 adapters:
[2025.10.01-01.14.17:142][  0]LogD3D11RHI:    0. 'NVIDIA GeForce RTX 3050 Ti Laptop GPU' (Feature Level 11_0)
[2025.10.01-01.14.17:142][  0]LogD3D11RHI:       3962/0/16267 MB DedicatedVideo/DedicatedSystem/SharedSystem, Outputs:1, VendorId:0x10de
[2025.10.01-01.14.17:198][  0]LogD3D11RHI:    1. 'Intel(R) UHD Graphics' (Feature Level 11_0)
[2025.10.01-01.14.17:198][  0]LogD3D11RHI:       128/0/16267 MB DedicatedVideo/DedicatedSystem/SharedSystem, Outputs:0, VendorId:0x8086
[2025.10.01-01.14.17:202][  0]LogD3D11RHI:    2. 'Microsoft Basic Render Driver' (Feature Level 11_0)
[2025.10.01-01.14.17:202][  0]LogD3D11RHI:       0/0/16267 MB DedicatedVideo/DedicatedSystem/SharedSystem, Outputs:0, VendorId:0x1414
[2025.10.01-01.14.17:202][  0]LogD3D11RHI: Chosen D3D11 Adapter:
[2025.10.01-01.14.17:202][  0]LogD3D11RHI:     Description : NVIDIA GeForce RTX 3050 Ti Laptop GPU
[2025.10.01-01.14.17:202][  0]LogD3D11RHI:     VendorId    : 10de
[2025.10.01-01.14.17:202][  0]LogD3D11RHI:     DeviceId    : 25e0
[2025.10.01-01.14.17:202][  0]LogD3D11RHI:     SubSysId    : 3e8b17aa
[2025.10.01-01.14.17:202][  0]LogD3D11RHI:     Revision    : 00a1
[2025.10.01-01.14.17:202][  0]LogD3D11RHI:     DedicatedVideoMemory : 4154458112 bytes
[2025.10.01-01.14.17:202][  0]LogD3D11RHI:     DedicatedSystemMemory : 0 bytes
[2025.10.01-01.14.17:202][  0]LogD3D11RHI:     SharedSystemMemory : 17057869824 bytes
[2025.10.01-01.14.17:202][  0]LogD3D11RHI:     AdapterLuid : 0 90531
[2025.10.01-01.14.17:208][  0]LogD3D11RHI: Creating new Direct3DDevice
[2025.10.01-01.14.17:208][  0]LogD3D11RHI:     GPU DeviceId: 0x25e0 (for the marketing name, search the web for "GPU Device Id")
[2025.10.01-01.14.17:208][  0]LogWindows: EnumDisplayDevices:
[2025.10.01-01.14.17:208][  0]LogWindows:    0. 'Intel(R) UHD Graphics' (P:1 D:1)
[2025.10.01-01.14.17:208][  0]LogWindows:    1. 'Intel(R) UHD Graphics' (P:0 D:0)
[2025.10.01-01.14.17:209][  0]LogWindows:    2. 'Intel(R) UHD Graphics' (P:0 D:0)
[2025.10.01-01.14.17:209][  0]LogWindows:    3. 'Intel(R) UHD Graphics' (P:0 D:0)
[2025.10.01-01.14.17:209][  0]LogWindows:    4. 'NVIDIA GeForce RTX 3050 Ti Laptop GPU' (P:0 D:0)
[2025.10.01-01.14.17:209][  0]LogWindows:    5. 'NVIDIA GeForce RTX 3050 Ti Laptop GPU' (P:0 D:0)
[2025.10.01-01.14.17:209][  0]LogWindows:    6. 'NVIDIA GeForce RTX 3050 Ti Laptop GPU' (P:0 D:0)
[2025.10.01-01.14.17:209][  0]LogWindows:    7. 'NVIDIA GeForce RTX 3050 Ti Laptop GPU' (P:0 D:0)
[2025.10.01-01.14.17:209][  0]LogWindows: DebugString: PrimaryIsNotTheChoosenAdapter PrimaryIsNotTheChoosenAdapter PrimaryIsNotTheChoosenAdapter PrimaryIsNotTheChoosenAdapter FoundDriverCount:4 
[2025.10.01-01.14.17:209][  0]LogD3D11RHI:     Adapter Name: NVIDIA GeForce RTX 3050 Ti Laptop GPU
[2025.10.01-01.14.17:209][  0]LogD3D11RHI:   Driver Version: 577.00 (internal:32.0.15.7700, unified:577.00)
[2025.10.01-01.14.17:209][  0]LogD3D11RHI:      Driver Date: 7-14-2025
[2025.10.01-01.14.17:209][  0]LogRHI: Texture pool is 2773 MB (70% of 3962 MB)
[2025.10.01-01.14.17:209][  0]LogD3D11RHI: Creating D3DDevice using adapter:
[2025.10.01-01.14.17:209][  0]LogD3D11RHI:     Description : NVIDIA GeForce RTX 3050 Ti Laptop GPU
[2025.10.01-01.14.17:209][  0]LogD3D11RHI:     VendorId    : 10de
[2025.10.01-01.14.17:209][  0]LogD3D11RHI:     DeviceId    : 25e0
[2025.10.01-01.14.17:209][  0]LogD3D11RHI:     SubSysId    : 3e8b17aa
[2025.10.01-01.14.17:209][  0]LogD3D11RHI:     Revision    : 00a1
[2025.10.01-01.14.17:210][  0]LogD3D11RHI:     DedicatedVideoMemory : 4154458112 bytes
[2025.10.01-01.14.17:210][  0]LogD3D11RHI:     DedicatedSystemMemory : 0 bytes
[2025.10.01-01.14.17:210][  0]LogD3D11RHI:     SharedSystemMemory : 17057869824 bytes
[2025.10.01-01.14.17:210][  0]LogD3D11RHI:     AdapterLuid : 0 90531
[2025.10.01-01.14.17:322][  0]LogD3D11RHI: RHI has support for 64 bit atomics
[2025.10.01-01.14.17:322][  0]LogD3D11RHI: Async texture creation enabled
[2025.10.01-01.14.17:322][  0]LogD3D11RHI: Array index from any shader is supported
[2025.10.01-01.14.17:339][  0]LogD3D11RHI: GPU Timing Frequency: 1000.000000 (Debug: 2 1)
[2025.10.01-01.14.17:370][  0]LogRHI: GeForceNow SDK initialized: 1
[2025.10.01-01.14.17:647][  0]LogTargetPlatformManager: Display: Loaded TargetPlatform 'AllDesktop'
[2025.10.01-01.14.17:664][  0]LogTargetPlatformManager: Display: Loaded TargetPlatform 'Android'
[2025.10.01-01.14.17:664][  0]LogTargetPlatformManager: Display: Loaded TargetPlatform 'Android_ASTC'
[2025.10.01-01.14.17:664][  0]LogTargetPlatformManager: Display: Loaded TargetPlatform 'Android_DXT'
[2025.10.01-01.14.17:664][  0]LogTargetPlatformManager: Display: Loaded TargetPlatform 'Android_ETC2'
[2025.10.01-01.14.17:664][  0]LogTargetPlatformManager: Display: Loaded TargetPlatform 'AndroidClient'
[2025.10.01-01.14.17:664][  0]LogTargetPlatformManager: Display: Loaded TargetPlatform 'Android_ASTCClient'
[2025.10.01-01.14.17:664][  0]LogTargetPlatformManager: Display: Loaded TargetPlatform 'Android_DXTClient'
[2025.10.01-01.14.17:664][  0]LogTargetPlatformManager: Display: Loaded TargetPlatform 'Android_ETC2Client'
[2025.10.01-01.14.17:664][  0]LogTargetPlatformManager: Display: Loaded TargetPlatform 'Android_Multi'
[2025.10.01-01.14.17:664][  0]LogTargetPlatformManager: Display: Loaded TargetPlatform 'Android_MultiClient'
[2025.10.01-01.14.17:680][  0]LogTargetPlatformManager: Display: Loaded TargetPlatform 'IOSClient'
[2025.10.01-01.14.17:680][  0]LogTargetPlatformManager: Display: Loaded TargetPlatform 'IOS'
[2025.10.01-01.14.17:689][  0]LogTargetPlatformManager: Display: Loaded TargetPlatform 'Linux'
[2025.10.01-01.14.17:694][  0]LogTargetPlatformManager: Display: Loaded TargetPlatform 'LinuxNoEditor'
[2025.10.01-01.14.17:698][  0]LogTargetPlatformManager: Display: Loaded TargetPlatform 'LinuxClient'
[2025.10.01-01.14.17:702][  0]LogTargetPlatformManager: Display: Loaded TargetPlatform 'LinuxServer'
[2025.10.01-01.14.17:710][  0]LogTargetPlatformManager: Display: Loaded TargetPlatform 'LinuxAArch64NoEditor'
[2025.10.01-01.14.17:715][  0]LogTargetPlatformManager: Display: Loaded TargetPlatform 'LinuxAArch64Client'
[2025.10.01-01.14.17:720][  0]LogTargetPlatformManager: Display: Loaded TargetPlatform 'LinuxAArch64Server'
[2025.10.01-01.14.17:737][  0]LogTargetPlatformManager: Display: Loaded TargetPlatform 'Lumin'
[2025.10.01-01.14.17:737][  0]LogTargetPlatformManager: Display: Loaded TargetPlatform 'LuminClient'
[2025.10.01-01.14.17:744][  0]LogTargetPlatformManager: Display: Loaded TargetPlatform 'MacNoEditor'
[2025.10.01-01.14.17:748][  0]LogTargetPlatformManager: Display: Loaded TargetPlatform 'Mac'
[2025.10.01-01.14.17:753][  0]LogTargetPlatformManager: Display: Loaded TargetPlatform 'MacClient'
[2025.10.01-01.14.17:756][  0]LogTargetPlatformManager: Display: Loaded TargetPlatform 'MacServer'
[2025.10.01-01.14.17:765][  0]LogTargetPlatformManager: Display: Loaded TargetPlatform 'TVOSClient'
[2025.10.01-01.14.17:765][  0]LogTargetPlatformManager: Display: Loaded TargetPlatform 'TVOS'
[2025.10.01-01.14.17:772][  0]LogTargetPlatformManager: Display: Loaded TargetPlatform 'WindowsNoEditor'
[2025.10.01-01.14.17:777][  0]LogTargetPlatformManager: Display: Loaded TargetPlatform 'Windows'
[2025.10.01-01.14.17:781][  0]LogTargetPlatformManager: Display: Loaded TargetPlatform 'WindowsClient'
[2025.10.01-01.14.17:784][  0]LogTargetPlatformManager: Display: Loaded TargetPlatform 'WindowsServer'
[2025.10.01-01.14.17:784][  0]LogTargetPlatformManager: Display: Building Assets For Windows
[2025.10.01-01.14.17:792][  0]LogAudioDebug: Display: Lib vorbis DLL was dynamically loaded.
[2025.10.01-01.14.17:819][  0]LogTextureFormatOodle: Display: Oodle Texture 2.9.0 init RDO Off
[2025.10.01-01.14.17:854][  0]LogRendererCore: Ray tracing is disabled. Reason: r.RayTracing=0.
[2025.10.01-01.14.17:854][  0]LogShaderCompilers: Guid format shader working directory is -16 characters bigger than the processId version (../../../../../Proyectos UE 4.27/TasteOfMadness/TasteOfMadness/Intermediate/Shaders/WorkingDirectory/8060/).
[2025.10.01-01.14.17:854][  0]LogShaderCompilers: Cleaned the shader compiler working directory 'C:/Users/gerar/AppData/Local/Temp/UnrealShaderWorkingDir/FEA8CDB64ABB610DE91B1CBA51431F31/'.
[2025.10.01-01.14.17:854][  0]LogXGEController: Cannot use XGE Controller as Incredibuild is not installed on this machine.
[2025.10.01-01.14.17:854][  0]LogShaderCompilers: Cannot use XGE Shader Compiler as Incredibuild is not installed on this machine.
[2025.10.01-01.14.17:854][  0]LogShaderCompilers: Display: Using Local Shader Compiler.
[2025.10.01-01.14.18:465][  0]LogDerivedDataCache: Display: Max Cache Size: 512 MB
[2025.10.01-01.14.18:513][  0]LogDerivedDataCache: Loaded boot cache 0.05s 94MB C:/Users/gerar/AppData/Local/UnrealEngine/4.27/DerivedDataCache/Boot.ddc.
[2025.10.01-01.14.18:513][  0]LogDerivedDataCache: Display: Loaded Boot cache: C:/Users/gerar/AppData/Local/UnrealEngine/4.27/DerivedDataCache/Boot.ddc
[2025.10.01-01.14.18:513][  0]LogDerivedDataCache: FDerivedDataBackendGraph:  Pak pak cache file ../../../../../Proyectos UE 4.27/TasteOfMadness/TasteOfMadness/DerivedDataCache/DDC.ddp not found, will not use a pak cache.
[2025.10.01-01.14.18:513][  0]LogDerivedDataCache: Unable to find inner node Pak for hierarchical cache Hierarchy.
[2025.10.01-01.14.18:513][  0]LogDerivedDataCache: FDerivedDataBackendGraph:  CompressedPak pak cache file ../../../../../Proyectos UE 4.27/TasteOfMadness/TasteOfMadness/DerivedDataCache/Compressed.ddp not found, will not use a pak cache.
[2025.10.01-01.14.18:513][  0]LogDerivedDataCache: Unable to find inner node CompressedPak for hierarchical cache Hierarchy.
[2025.10.01-01.14.18:526][  0]LogDerivedDataCache: Display: Pak cache opened for reading ../../../Engine/DerivedDataCache/Compressed.ddp.
[2025.10.01-01.14.18:526][  0]LogDerivedDataCache: FDerivedDataBackendGraph:  EnterprisePak pak cache file ../../../Enterprise/DerivedDataCache/Compressed.ddp not found, will not use a pak cache.
[2025.10.01-01.14.18:526][  0]LogDerivedDataCache: Unable to find inner node EnterprisePak for hierarchical cache Hierarchy.
[2025.10.01-01.14.18:532][  0]LogDerivedDataCache: Speed tests for C:/Users/gerar/AppData/Local/UnrealEngine/Common/DerivedDataCache took 0.01 seconds
[2025.10.01-01.14.18:532][  0]LogDerivedDataCache: Display: Performance to C:/Users/gerar/AppData/Local/UnrealEngine/Common/DerivedDataCache: Latency=0.04ms. RandomReadSpeed=1498.29MBs, RandomWriteSpeed=195.22MBs. Assigned SpeedClass 'Local'
[2025.10.01-01.14.18:532][  0]LogDerivedDataCache: Using Local data cache path C:/Users/gerar/AppData/Local/UnrealEngine/Common/DerivedDataCache: Writable
[2025.10.01-01.14.18:532][  0]LogDerivedDataCache: Shared data cache path not found in *engine.ini, will not use an Shared cache.
[2025.10.01-01.14.18:532][  0]LogDerivedDataCache: Unable to find inner node Shared for hierarchical cache Hierarchy.
[2025.10.01-01.14.18:568][  0]LogSlate: Using FreeType 2.10.0
[2025.10.01-01.14.18:569][  0]LogSlate: SlateFontServices - WITH_FREETYPE: 1, WITH_HARFBUZZ: 1
[2025.10.01-01.14.18:590][  0]LogAssetRegistry: FAssetRegistry took 0.0024 seconds to start up
[2025.10.01-01.14.18:767][  0]LogInit: Selected Device Profile: [Windows]
[2025.10.01-01.14.18:767][  0]LogInit: Active device profile: [000001E524340700][000001E516A6A880 49] Windows
[2025.10.01-01.14.18:767][  0]LogInit: Profiles: [000001E524340700][000001E516A6A880 49] Windows, [000001E524327700][000001E516A6E9C0 49] WindowsNoEditor, [000001E524343300][000001E516A72B00 49] WindowsServer, [000001E524324F00][000001E516A7AC80 49] WindowsClient, [000001E524343500][000001E516A7EE00 49] IOS, [000001E524317F00][000001E516A82F80 49] iPadAir, [000001E524327B00][000001E516A87100 49] iPadAir2, [000001E524280500][000001E51AA213C0 49] IPadPro, [000001E524280600][000001E51AA19400 49] iPadAir3, [000001E524314100][000001E51AA31580 49] iPadAir4, [000001E524282C00][000001E51AA35700 49] iPadMini2, [000001E524316500][000001E524FFD880 49] iPadMini3, [000001E524283400][000001E525019A00 49] iPadMini4, [000001E524314F00][000001E52501DB80 49] iPadMini5, [000001E524273E00][000001E5250242C0 49] iPhone6, [000001E524273F00][000001E525020300 49] iPodTouch6, [000001E524343900][000001E51EC265C0 49] iPhone7, [000001E524342100][000001E51EC22600 49] iPodTouch7, [000001E524270400][000001E51EEE6780 49] iPhone5S, [000001E524283D00][000001E51EF10900 49] iPhone6Plus, [000001E524343400][000001E516A76A40 49] iPhone6S, [000001E524282000][000001E51EF1CB80 49] iPhone6SPlus, [000001E524340900][000001E51EF60CC0 49] iPhone7Plus, [000001E524280E00][000001E51EF72E40 49] iPhoneSE, [000001E524340200][000001E51EF76FC0 49] iPhone8, [000001E524282400][000001E51EF7B140 49] iPhone8Plus, [000001E524341E00][000001E5250B12C0 49] iPhoneX, [000001E524283E00][000001E5250B5440 49] iPhoneXS, [000001E524341600][000001E5250B95C0 49] iPhoneXSMax, [000001E524282500][000001E52542F740 49] iPhoneXR, [000001E524342A00][000001E524FCB8C0 49] iPhone11, [000001E524283A00][000001E51EF19A40 49] iPhone11Pro, [000001E524340F00][000001E525433BC0 49] iPhone11ProMax, [000001E524282300][000001E5254361C0 49] iPhoneSE2, [000001E524342700][000001E52543A340 49] iPhone12Mini, [000001E524280700][000001E51EF824C0 49] iPhone12, [000001E524343100][000001E51EF8E640 49] iPhone12Pro, [000001E524283500][000001E5251FC7C0 49] iPhone12ProMax, [000001E524340800][000001E51EDAC940 49] iPadPro105, [000001E524281C00][000001E51EAA6AC0 49] iPadPro129, [000001E524340300][000001E51EF6EC00 49] iPadPro97, [000001E524281D00][000001E51EAAAD40 49] iPadPro2_129, [000001E524340C00][000001E51EAB2E80 49] iPad5, [000001E524283000][000001E51EAC0FC0 49] iPad6, [000001E524342C00][000001E51EAC9140 49] iPad7, [000001E524282E00][000001E51EACD2C0 49] iPad8, [000001E524341800][000001E51EAD1440 49] iPadPro11, [000001E524281B00][000001E51EAD55C0 49] iPadPro2_11, [000001E524341500][000001E51EAD9740 49] iPadPro3_129, [000001E524282700][000001E51EADD8C0 49] iPadPro4_129, [000001E524340100][000001E51EAF5A40 49] AppleTV, [000001E524282B00][000001E51EB35BC0 49] AppleTV4K, [000001E524341B00][000001E51EB381C0 49] TVOS, [000001E524280900][000001E51EB40340 49] Mac, [000001E524341700][000001E51EB444C0 49] MacClient, [000001E524282F00][000001E51EB48640 49] MacNoEditor, [000001E524340D00][000001E51EB507C0 49] MacServer, [000001E524280300][000001E51EB54940 49] Linux, [000001E524342E00][000001E51EB58AC0 49] LinuxAArch64, [000001E524281500][000001E525044C40 49] LinuxNoEditor, [000001E524342400][000001E51EAC4D80 49] LinuxAArch64NoEditor, [000001E524280200][000001E51ED50EC0 49] LinuxClient, [000001E524342D00][000001E51ED55000 49] LinuxAArch64Client, [000001E524280C00][000001E51ED59140 49] LinuxServer, [000001E524340400][000001E51ED832C0 49] LinuxAArch64Server, [000001E524281000][000001E51ED87440 49] Android, [000001E524317900][000001E5265D55C0 49] Android_Low, [000001E524271B00][000001E5265D9740 49] Android_Mid, [000001E524317000][000001E5253C18C0 49] Android_High, [000001E524272300][000001E5253C5A40 49] Android_Default, [000001E524316000][000001E51EB4DBC0 49] Android_Adreno4xx, [000001E524270100][000001E5250401C0 49] Android_Adreno5xx_Low, [000001E524314B00][000001E5253C8340 49] Android_Adreno5xx, [000001E524271800][000001E51EB3C4C0 49] Android_Adreno6xx, [000001E524315100][000001E51EF92640 49] Android_Adreno6xx_Vulkan, [000001E524270800][000001E51EF147C0 49] Android_Mali_T6xx, [000001E524317600][000001E5253CC940 49] Android_Mali_T7xx, [000001E524270D00][000001E5253D0AC0 49] Android_Mali_T8xx, [000001E524317C00][000001E5253D4C40 49] Android_Mali_G71, [000001E524271500][000001E5253D8DC0 49] Android_Mali_G72, [000001E524317E00][000001E5253DCF40 49] Android_Mali_G72_Vulkan, [000001E524273D00][000001E51ED7F080 49] Android_Mali_G76, [000001E524317A00][000001E5253E11C0 49] Android_Mali_G76_Vulkan, [000001E524273600][000001E5253E5300 49] Android_Mali_G77, [000001E524316200][000001E5253ED480 49] Android_Mali_G77_Vulkan, [000001E524271200][000001E5253F1600 49] Android_Mali_G78, [000001E524314A00][000001E5253F5780 49] Android_Mali_G78_Vulkan, [000001E524273000][000001E5253F9900 49] Android_Mali_G710, [000001E524315400][000001E5253FDA80 49] Android_Mali_G710_Vulkan, [000001E524270700][000001E525401C00 49] Android_Vulkan_SM5, [000001E524315800][000001E525404200 49] Android_PowerVR_G6xxx, [000001E524270E00][000001E525408380 49] Android_PowerVR_GT7xxx, [000001E524314200][000001E52540C500 49] Android_PowerVR_GE8xxx, [000001E524270600][000001E525410680 49] Android_PowerVR_GM9xxx, [000001E524316600][000001E525414800 49] Android_PowerVR_GM9xxx_Vulkan, [000001E524280F00][000001E525418980 49] Android_TegraK1, [000001E524316A00][000001E52541CB00 49] Android_Unknown_Vulkan, [000001E524280D00][000001E525420C80 49] Lumin, [000001E524315200][000001E525424E00 49] Lumin_Desktop, [000001E524280B00][000001E525428F80 49] HoloLens, 
[2025.10.01-01.14.18:873][  0]LogMeshReduction: Using QuadricMeshReduction for automatic static mesh reduction
[2025.10.01-01.14.18:873][  0]LogMeshReduction: Using SimplygonMeshReduction for automatic skeletal mesh reduction
[2025.10.01-01.14.18:873][  0]LogMeshReduction: Using ProxyLODMeshReduction for automatic mesh merging
[2025.10.01-01.14.18:873][  0]LogMeshReduction: No distributed automatic mesh merging module available
[2025.10.01-01.14.18:873][  0]LogMeshMerging: No distributed automatic mesh merging module available
[2025.10.01-01.14.18:887][  0]LogNetVersion: TasteOfMadness 1.0.0, NetCL: 17155196, EngineNetVer: 17, GameNetVer: 0 (Checksum: 3999798361)
[2025.10.01-01.14.19:218][  0]LogTexture: Default maximum texture size for cubemaps generated from long-lat sources has been changed from 512 to unlimited. In order to preserve old behaiour for '/Engine/MapTemplates/Sky/DaylightAmbientCubemap.DaylightAmbientCubemap', its maximum texture size has been explicitly set to 512.
[2025.10.01-01.14.19:262][  0]LogHMD: PokeAHoleMaterial loaded successfully
[2025.10.01-01.14.19:267][  0]LogUObjectArray: 17178 objects as part of root set at end of initial load.
[2025.10.01-01.14.19:267][  0]LogUObjectAllocator: 4302048 out of 0 bytes used by permanent object pool.
[2025.10.01-01.14.19:267][  0]LogUObjectArray: CloseDisregardForGC: 0/0 objects in disregard for GC pool
[2025.10.01-01.14.19:526][  0]LogNiagaraDebuggerClient: Niagara Debugger Client Initialized | Session: 84BF7CB84A10649E200C52BCB8FD265E | Instance: 7704CAAC4652B604A02C08A19079938A (LEGIÓN_G-8060).
[2025.10.01-01.14.19:559][  0]LogPython: Using Python 3.7.7
[2025.10.01-01.14.20:021][  0]LogTcpMessaging: Initializing TcpMessaging bridge
[2025.10.01-01.14.20:026][  0]LogUdpMessaging: Initializing bridge on interface 0.0.0.0:0 to multicast group 230.0.0.1:6666.
[2025.10.01-01.14.20:174][  0]SourceControl: Source control is disabled
[2025.10.01-01.14.20:174][  0]SourceControl: Source control is disabled
[2025.10.01-01.14.20:177][  0]SourceControl: Source control is disabled
[2025.10.01-01.14.20:180][  0]SourceControl: Source control is disabled
[2025.10.01-01.14.20:190][  0]SourceControl: Source control is disabled
[2025.10.01-01.14.20:196][  0]LogUProjectInfo: Found projects:
[2025.10.01-01.14.20:407][  0]LogOpenImageDenoise: OIDN starting up
[2025.10.01-01.14.20:449][  0]LogAndroidPermission: UAndroidPermissionCallbackProxy::GetInstance
[2025.10.01-01.14.20:471][  0]LogAudioCaptureCore: Display: No Audio Capture implementations found. Audio input will be silent.
[2025.10.01-01.14.20:471][  0]LogAudioCaptureCore: Display: No Audio Capture implementations found. Audio input will be silent.
[2025.10.01-01.14.20:580][  0]LogCollectionManager: Loaded 0 collections in 0.000543 seconds
[2025.10.01-01.14.20:602][  0]LogFileCache: Scanning file cache for directory 'F:/Proyectos UE 4.27/TasteOfMadness/TasteOfMadness/Saved/Collections/' took 0.00s
[2025.10.01-01.14.20:603][  0]LogFileCache: Scanning file cache for directory 'F:/Proyectos UE 4.27/TasteOfMadness/TasteOfMadness/Content/Developers/gerar/Collections/' took 0.00s
[2025.10.01-01.14.20:603][  0]LogFileCache: Scanning file cache for directory 'F:/Proyectos UE 4.27/TasteOfMadness/TasteOfMadness/Content/Collections/' took 0.00s
[2025.10.01-01.14.20:603][  0]LogOcInput: OculusInput pre-init called
[2025.10.01-01.14.20:799][  0]LogEngine: Initializing Engine...
[2025.10.01-01.14.20:809][  0]LogHMD: Failed to enumerate extensions. Please check that you have a valid OpenXR runtime installed.
[2025.10.01-01.14.20:810][  0]LogHMD: Failed to initialize OpenVR with code 110
[2025.10.01-01.14.20:810][  0]LogMagicLeap: Warning: VR disabled because ZI is not enabled.  To enable, in the editor, Edit -> Project Settings -> Plugins -> Magic Leap Plugin -> Enable Zero Iteration
[2025.10.01-01.14.20:811][  0]LogStats: UGameplayTagsManager::InitializeManager -  0.000 s
[2025.10.01-01.14.20:906][  0]LogInit: Initializing FReadOnlyCVARCache
[2025.10.01-01.14.20:914][  0]LogAIModule: Creating AISystem for world Untitled
[2025.10.01-01.14.20:914][  0]LogAudio: Display: Initializing Audio Device Manager...
[2025.10.01-01.14.20:917][  0]LogAudio: Display: Loading Default Audio Settings Objects...
[2025.10.01-01.14.20:918][  0]LogAudio: Display: No default SoundConcurrencyObject specified (or failed to load).
[2025.10.01-01.14.20:918][  0]LogAudio: Display: Audio Device Manager Initialized
[2025.10.01-01.14.20:918][  0]LogAudio: Display: Creating Audio Device:                 Id: 1, Scope: Shared, Realtime: True
[2025.10.01-01.14.20:918][  0]LogAudioMixer: Display: Audio Mixer Platform Settings:
[2025.10.01-01.14.20:918][  0]LogAudioMixer: Display: 	Sample Rate:						  48000
[2025.10.01-01.14.20:918][  0]LogAudioMixer: Display: 	Callback Buffer Frame Size Requested: 1024
[2025.10.01-01.14.20:918][  0]LogAudioMixer: Display: 	Callback Buffer Frame Size To Use:	  1024
[2025.10.01-01.14.20:918][  0]LogAudioMixer: Display: 	Number of buffers to queue:			  2
[2025.10.01-01.14.20:918][  0]LogAudioMixer: Display: 	Max Channels (voices):				  32
[2025.10.01-01.14.20:918][  0]LogAudioMixer: Display: 	Number of Async Source Workers:		  0
[2025.10.01-01.14.20:918][  0]LogAudio: Display: AudioDevice MaxSources: 32
[2025.10.01-01.14.20:919][  0]LogAudio: Display: Audio Spatialization Plugin: None (built-in).
[2025.10.01-01.14.20:919][  0]LogAudio: Display: Audio Reverb Plugin: None (built-in).
[2025.10.01-01.14.20:919][  0]LogAudio: Display: Audio Occlusion Plugin: None (built-in).
[2025.10.01-01.14.20:919][  0]LogAudioMixer: Display: Initializing audio mixer.
[2025.10.01-01.14.20:927][  0]LogAudioMixer: Display: 0: FrontLeft
[2025.10.01-01.14.20:927][  0]LogAudioMixer: Display: 1: FrontRight
[2025.10.01-01.14.21:125][  0]LogAudioMixer: Display: Using Audio Device Altavoces (Realtek(R) Audio)
[2025.10.01-01.14.21:126][  0]LogAudioMixer: Display: Initializing Sound Submixes...
[2025.10.01-01.14.21:128][  0]LogAudioMixer: Display: Creating Master Submix 'MasterSubmixDefault'
[2025.10.01-01.14.21:128][  0]LogAudioMixer: Display: Creating Master Submix 'MasterReverbSubmixDefault'
[2025.10.01-01.14.21:129][  0]LogAudioMixer: Display: Creating Master Submix 'MasterEQSubmixDefault'
[2025.10.01-01.14.21:129][  0]LogAudioMixer: FMixerPlatformXAudio2::StartAudioStream() called
[2025.10.01-01.14.21:129][  0]LogAudioMixer: Display: Output buffers initialized: Frames=1024, Channels=2, Samples=2048
[2025.10.01-01.14.21:130][  0]LogAudioMixer: Display: Starting AudioMixerPlatformInterface::RunInternal()
[2025.10.01-01.14.21:130][  0]LogAudioMixer: Display: FMixerPlatformXAudio2::SubmitBuffer() called for the first time
[2025.10.01-01.14.21:130][  0]LogInit: FAudioDevice initialized.
[2025.10.01-01.14.21:130][  0]LogAudio: Display: Audio Device (ID: 1) registered with world 'Untitled'.
[2025.10.01-01.14.21:130][  0]LogNetVersion: Set ProjectVersion to 1.0.0.0. Version Checksum will be recalculated on next use.
[2025.10.01-01.14.21:198][  0]LogDerivedDataCache: Saved boot cache 0.07s 94MB C:/Users/gerar/AppData/Local/UnrealEngine/4.27/DerivedDataCache/Boot.ddc.
[2025.10.01-01.14.21:200][  0]LogInit: Texture streaming: Enabled
[2025.10.01-01.14.21:211][  0]LogAnalytics: Display: [UEEditor.Rocket.Release] APIServer = https://datarouter.ol.epicgames.com/. AppVersion = 4.27.2-18319896+++UE4+Release-4.27
[2025.10.01-01.14.21:215][  0]LogEngineSessionManager: EngineSessionManager initialized
[2025.10.01-01.14.21:215][  0]LogEditorSessionSummary: Verbose: Initializing EditorSessionSummaryWriter for editor session tracking
[2025.10.01-01.14.21:217][  0]LogEditorSessionSummary: EditorSessionSummaryWriter initialized
[2025.10.01-01.14.21:240][  0]LogInit: Transaction tracking system initialized
[2025.10.01-01.14.21:261][  0]BlueprintLog: New page: Editor Load
[2025.10.01-01.14.21:407][  0]LocalizationService: Localization service is disabled
[2025.10.01-01.14.21:429][  0]TimingProfiler: Initialize
[2025.10.01-01.14.21:429][  0]TimingProfiler: OnSessionChanged
[2025.10.01-01.14.21:430][  0]LoadingProfiler: Initialize
[2025.10.01-01.14.21:430][  0]LoadingProfiler: OnSessionChanged
[2025.10.01-01.14.21:430][  0]NetworkingProfiler: Initialize
[2025.10.01-01.14.21:430][  0]NetworkingProfiler: OnSessionChanged
[2025.10.01-01.14.21:430][  0]MemoryProfiler: Initialize
[2025.10.01-01.14.21:430][  0]MemoryProfiler: OnSessionChanged
[2025.10.01-01.14.21:571][  0]LogCook: Display: CookSettings for Memory: MemoryMaxUsedVirtual 0MiB, MemoryMaxUsedPhysical 16384MiB, MemoryMinFreeVirtual 0MiB, MemoryMinFreePhysical 1024MiB
[2025.10.01-01.14.21:572][  0]LogCook: Display: Mobile HDR setting 1
[2025.10.01-01.14.21:618][  0]LogFileCache: Scanning file cache for directory 'F:/Proyectos UE 4.27/TasteOfMadness/TasteOfMadness/Content/' took 0.00s
[2025.10.01-01.14.21:922][  0]LogInit: Display: Engine is initialized. Leaving FEngineLoop::Init()
[2025.10.01-01.14.21:926][  0]SourceControl: Source control is disabled
[2025.10.01-01.14.21:926][  0]LogUnrealEdMisc: Loading editor; pre map load, took 6.611
[2025.10.01-01.14.21:926][  0]Cmd: MAP LOAD FILE="../../../../../Proyectos UE 4.27/TasteOfMadness/TasteOfMadness/Content/ThirdPersonBP/Maps/ThirdPersonExampleMap.umap" TEMPLATE=0 SHOWPROGRESS=1 FEATURELEVEL=3
[2025.10.01-01.14.21:937][  0]LightingResults: New page: Lighting Build
[2025.10.01-01.14.21:939][  0]LogWorld: UWorld::CleanupWorld for Untitled, bSessionEnded=true, bCleanupResources=true
[2025.10.01-01.14.21:939][  0]LogSlate: InvalidateAllWidgets triggered.  All widgets were invalidated
[2025.10.01-01.14.21:939][  0]MapCheck: New page: Map Check
[2025.10.01-01.14.21:939][  0]LightingResults: New page: Lighting Build
[2025.10.01-01.14.21:943][  0]LogAudio: Display: Audio Device unregistered from world 'None'.
[2025.10.01-01.14.21:945][  0]LogUObjectHash: Compacting FUObjectHashTables data took   0.53ms
[2025.10.01-01.14.22:418][  0]LogAudio: Display: Audio Device (ID: 1) registered with world 'ThirdPersonExampleMap'.
[2025.10.01-01.14.22:418][  0]LogAIModule: Creating AISystem for world ThirdPersonExampleMap
[2025.10.01-01.14.22:441][  0]LogEditorServer: Finished looking for orphan Actors (0.000 secs)
[2025.10.01-01.14.22:448][  0]LogUObjectHash: Compacting FUObjectHashTables data took   0.74ms
[2025.10.01-01.14.22:448][  0]Cmd: MAP CHECKDEP NOCLEARLOG
[2025.10.01-01.14.22:449][  0]MapCheck: Map check complete: 0 Error(s), 0 Warning(s), took 0.094ms to complete.
[2025.10.01-01.14.22:449][  0]LogFileHelpers: Loading map 'ThirdPersonExampleMap' took 0.523
[2025.10.01-01.14.22:451][  0]LogUnrealEdMisc: Total Editor Startup Time, took 7.135
[2025.10.01-01.14.22:569][  0]LogSlate: Updating window title bar state: overlay mode, drag disabled, window buttons hidden, title bar hidden
[2025.10.01-01.14.22:574][  0]LogSlate: Updating window title bar state: overlay mode, drag disabled, window buttons hidden, title bar hidden
[2025.10.01-01.14.22:579][  0]LogSlate: Updating window title bar state: overlay mode, drag disabled, window buttons hidden, title bar hidden
[2025.10.01-01.14.22:584][  0]LogSlate: Updating window title bar state: overlay mode, drag disabled, window buttons hidden, title bar hidden
[2025.10.01-01.14.22:616][  0]LogNativeClassHierarchy: Verbose: Native class hierarchy populated in 0.0074 seconds. Added 3822 classes and 928 folders.
[2025.10.01-01.14.22:620][  0]LogNativeClassHierarchy: Verbose: Native class hierarchy updated for 'WidgetCarousel' in 0.0002 seconds. Added 0 classes and 0 folders.
[2025.10.01-01.14.22:625][  0]LogPakFile: PakFile PrimaryIndexSize=187
[2025.10.01-01.14.22:625][  0]LogPakFile: PakFile PathHashIndexSize=101
[2025.10.01-01.14.22:625][  0]LogPakFile: PakFile FullDirectoryIndexSize=148
[2025.10.01-01.14.22:625][  0]LogShaderLibrary: Display: ShaderCodeLibraryPakFileMountedCallback: PakFile 'F:/Games/UE_4.27/FeaturePacks/FP_FirstPerson.upack' (chunk index -1, root 'root:/') mounted
[2025.10.01-01.14.22:625][  0]LogShaderLibrary: Display: ShaderCodeLibraryPakFileMountedCallback: pending pak file info (ChunkID:-1 Root:root:/ File:F:/Games/UE_4.27/FeaturePacks/FP_FirstPerson.upack)
[2025.10.01-01.14.22:625][  0]LogPakFile: OnPakFileMounted2Time == 0.000237
[2025.10.01-01.14.22:627][  0]LogPakFile: PakFile PrimaryIndexSize=189
[2025.10.01-01.14.22:627][  0]LogPakFile: PakFile PathHashIndexSize=101
[2025.10.01-01.14.22:627][  0]LogPakFile: PakFile FullDirectoryIndexSize=152
[2025.10.01-01.14.22:627][  0]LogShaderLibrary: Display: ShaderCodeLibraryPakFileMountedCallback: PakFile 'F:/Games/UE_4.27/FeaturePacks/FP_FirstPersonBP.upack' (chunk index -1, root 'root:/') mounted
[2025.10.01-01.14.22:627][  0]LogShaderLibrary: Display: ShaderCodeLibraryPakFileMountedCallback: pending pak file info (ChunkID:-1 Root:root:/ File:F:/Games/UE_4.27/FeaturePacks/FP_FirstPersonBP.upack)
[2025.10.01-01.14.22:627][  0]LogPakFile: OnPakFileMounted2Time == 0.000030
[2025.10.01-01.14.22:629][  0]LogPakFile: PakFile PrimaryIndexSize=191
[2025.10.01-01.14.22:629][  0]LogPakFile: PakFile PathHashIndexSize=101
[2025.10.01-01.14.22:629][  0]LogPakFile: PakFile FullDirectoryIndexSize=160
[2025.10.01-01.14.22:629][  0]LogShaderLibrary: Display: ShaderCodeLibraryPakFileMountedCallback: PakFile 'F:/Games/UE_4.27/FeaturePacks/MobileStarterContent.upack' (chunk index -1, root 'root:/') mounted
[2025.10.01-01.14.22:629][  0]LogShaderLibrary: Display: ShaderCodeLibraryPakFileMountedCallback: pending pak file info (ChunkID:-1 Root:root:/ File:F:/Games/UE_4.27/FeaturePacks/MobileStarterContent.upack)
[2025.10.01-01.14.22:629][  0]LogPakFile: OnPakFileMounted2Time == 0.000026
[2025.10.01-01.14.22:630][  0]LogPakFile: PakFile PrimaryIndexSize=185
[2025.10.01-01.14.22:630][  0]LogPakFile: PakFile PathHashIndexSize=101
[2025.10.01-01.14.22:630][  0]LogPakFile: PakFile FullDirectoryIndexSize=148
[2025.10.01-01.14.22:630][  0]LogShaderLibrary: Display: ShaderCodeLibraryPakFileMountedCallback: PakFile 'F:/Games/UE_4.27/FeaturePacks/StarterContent.upack' (chunk index -1, root 'root:/') mounted
[2025.10.01-01.14.22:630][  0]LogShaderLibrary: Display: ShaderCodeLibraryPakFileMountedCallback: pending pak file info (ChunkID:-1 Root:root:/ File:F:/Games/UE_4.27/FeaturePacks/StarterContent.upack)
[2025.10.01-01.14.22:630][  0]LogPakFile: OnPakFileMounted2Time == 0.000024
[2025.10.01-01.14.22:631][  0]LogPakFile: PakFile PrimaryIndexSize=190
[2025.10.01-01.14.22:631][  0]LogPakFile: PakFile PathHashIndexSize=101
[2025.10.01-01.14.22:631][  0]LogPakFile: PakFile FullDirectoryIndexSize=154
[2025.10.01-01.14.22:631][  0]LogShaderLibrary: Display: ShaderCodeLibraryPakFileMountedCallback: PakFile 'F:/Games/UE_4.27/FeaturePacks/TP_2DSideScroller.upack' (chunk index -1, root 'root:/') mounted
[2025.10.01-01.14.22:631][  0]LogShaderLibrary: Display: ShaderCodeLibraryPakFileMountedCallback: pending pak file info (ChunkID:-1 Root:root:/ File:F:/Games/UE_4.27/FeaturePacks/TP_2DSideScroller.upack)
[2025.10.01-01.14.22:631][  0]LogPakFile: OnPakFileMounted2Time == 0.000022
[2025.10.01-01.14.22:632][  0]LogPakFile: PakFile PrimaryIndexSize=192
[2025.10.01-01.14.22:632][  0]LogPakFile: PakFile PathHashIndexSize=101
[2025.10.01-01.14.22:632][  0]LogPakFile: PakFile FullDirectoryIndexSize=158
[2025.10.01-01.14.22:632][  0]LogShaderLibrary: Display: ShaderCodeLibraryPakFileMountedCallback: PakFile 'F:/Games/UE_4.27/FeaturePacks/TP_2DSideScrollerBP.upack' (chunk index -1, root 'root:/') mounted
[2025.10.01-01.14.22:632][  0]LogShaderLibrary: Display: ShaderCodeLibraryPakFileMountedCallback: pending pak file info (ChunkID:-1 Root:root:/ File:F:/Games/UE_4.27/FeaturePacks/TP_2DSideScrollerBP.upack)
[2025.10.01-01.14.22:632][  0]LogPakFile: OnPakFileMounted2Time == 0.000024
[2025.10.01-01.14.22:634][  0]LogPakFile: PakFile PrimaryIndexSize=182
[2025.10.01-01.14.22:634][  0]LogPakFile: PakFile PathHashIndexSize=101
[2025.10.01-01.14.22:634][  0]LogPakFile: PakFile FullDirectoryIndexSize=138
[2025.10.01-01.14.22:634][  0]LogShaderLibrary: Display: ShaderCodeLibraryPakFileMountedCallback: PakFile 'F:/Games/UE_4.27/FeaturePacks/TP_Flying.upack' (chunk index -1, root 'root:/') mounted
[2025.10.01-01.14.22:634][  0]LogShaderLibrary: Display: ShaderCodeLibraryPakFileMountedCallback: pending pak file info (ChunkID:-1 Root:root:/ File:F:/Games/UE_4.27/FeaturePacks/TP_Flying.upack)
[2025.10.01-01.14.22:634][  0]LogPakFile: OnPakFileMounted2Time == 0.000023
[2025.10.01-01.14.22:635][  0]LogPakFile: PakFile PrimaryIndexSize=184
[2025.10.01-01.14.22:635][  0]LogPakFile: PakFile PathHashIndexSize=101
[2025.10.01-01.14.22:635][  0]LogPakFile: PakFile FullDirectoryIndexSize=142
[2025.10.01-01.14.22:635][  0]LogShaderLibrary: Display: ShaderCodeLibraryPakFileMountedCallback: PakFile 'F:/Games/UE_4.27/FeaturePacks/TP_FlyingBP.upack' (chunk index -1, root 'root:/') mounted
[2025.10.01-01.14.22:635][  0]LogShaderLibrary: Display: ShaderCodeLibraryPakFileMountedCallback: pending pak file info (ChunkID:-1 Root:root:/ File:F:/Games/UE_4.27/FeaturePacks/TP_FlyingBP.upack)
[2025.10.01-01.14.22:635][  0]LogPakFile: OnPakFileMounted2Time == 0.000022
[2025.10.01-01.14.22:636][  0]LogPakFile: PakFile PrimaryIndexSize=188
[2025.10.01-01.14.22:636][  0]LogPakFile: PakFile PathHashIndexSize=101
[2025.10.01-01.14.22:636][  0]LogPakFile: PakFile FullDirectoryIndexSize=150
[2025.10.01-01.14.22:636][  0]LogShaderLibrary: Display: ShaderCodeLibraryPakFileMountedCallback: PakFile 'F:/Games/UE_4.27/FeaturePacks/TP_HandheldARBP.upack' (chunk index -1, root 'root:/') mounted
[2025.10.01-01.14.22:636][  0]LogShaderLibrary: Display: ShaderCodeLibraryPakFileMountedCallback: pending pak file info (ChunkID:-1 Root:root:/ File:F:/Games/UE_4.27/FeaturePacks/TP_HandheldARBP.upack)
[2025.10.01-01.14.22:636][  0]LogPakFile: OnPakFileMounted2Time == 0.000023
[2025.10.01-01.14.22:639][  0]LogPakFile: PakFile PrimaryIndexSize=182
[2025.10.01-01.14.22:639][  0]LogPakFile: PakFile PathHashIndexSize=101
[2025.10.01-01.14.22:639][  0]LogPakFile: PakFile FullDirectoryIndexSize=138
[2025.10.01-01.14.22:639][  0]LogShaderLibrary: Display: ShaderCodeLibraryPakFileMountedCallback: PakFile 'F:/Games/UE_4.27/FeaturePacks/TP_Puzzle.upack' (chunk index -1, root 'root:/') mounted
[2025.10.01-01.14.22:639][  0]LogShaderLibrary: Display: ShaderCodeLibraryPakFileMountedCallback: pending pak file info (ChunkID:-1 Root:root:/ File:F:/Games/UE_4.27/FeaturePacks/TP_Puzzle.upack)
[2025.10.01-01.14.22:639][  0]LogPakFile: OnPakFileMounted2Time == 0.000022
[2025.10.01-01.14.22:640][  0]LogPakFile: PakFile PrimaryIndexSize=184
[2025.10.01-01.14.22:640][  0]LogPakFile: PakFile PathHashIndexSize=101
[2025.10.01-01.14.22:640][  0]LogPakFile: PakFile FullDirectoryIndexSize=142
[2025.10.01-01.14.22:640][  0]LogShaderLibrary: Display: ShaderCodeLibraryPakFileMountedCallback: PakFile 'F:/Games/UE_4.27/FeaturePacks/TP_PuzzleBP.upack' (chunk index -1, root 'root:/') mounted
[2025.10.01-01.14.22:640][  0]LogShaderLibrary: Display: ShaderCodeLibraryPakFileMountedCallback: pending pak file info (ChunkID:-1 Root:root:/ File:F:/Games/UE_4.27/FeaturePacks/TP_PuzzleBP.upack)
[2025.10.01-01.14.22:640][  0]LogPakFile: OnPakFileMounted2Time == 0.000031
[2025.10.01-01.14.22:642][  0]LogPakFile: PakFile PrimaryIndexSize=183
[2025.10.01-01.14.22:642][  0]LogPakFile: PakFile PathHashIndexSize=101
[2025.10.01-01.14.22:642][  0]LogPakFile: PakFile FullDirectoryIndexSize=140
[2025.10.01-01.14.22:642][  0]LogShaderLibrary: Display: ShaderCodeLibraryPakFileMountedCallback: PakFile 'F:/Games/UE_4.27/FeaturePacks/TP_Rolling.upack' (chunk index -1, root 'root:/') mounted
[2025.10.01-01.14.22:642][  0]LogShaderLibrary: Display: ShaderCodeLibraryPakFileMountedCallback: pending pak file info (ChunkID:-1 Root:root:/ File:F:/Games/UE_4.27/FeaturePacks/TP_Rolling.upack)
[2025.10.01-01.14.22:642][  0]LogPakFile: OnPakFileMounted2Time == 0.000024
[2025.10.01-01.14.22:643][  0]LogPakFile: PakFile PrimaryIndexSize=185
[2025.10.01-01.14.22:643][  0]LogPakFile: PakFile PathHashIndexSize=101
[2025.10.01-01.14.22:643][  0]LogPakFile: PakFile FullDirectoryIndexSize=144
[2025.10.01-01.14.22:643][  0]LogShaderLibrary: Display: ShaderCodeLibraryPakFileMountedCallback: PakFile 'F:/Games/UE_4.27/FeaturePacks/TP_RollingBP.upack' (chunk index -1, root 'root:/') mounted
[2025.10.01-01.14.22:643][  0]LogShaderLibrary: Display: ShaderCodeLibraryPakFileMountedCallback: pending pak file info (ChunkID:-1 Root:root:/ File:F:/Games/UE_4.27/FeaturePacks/TP_RollingBP.upack)
[2025.10.01-01.14.22:643][  0]LogPakFile: OnPakFileMounted2Time == 0.000022
[2025.10.01-01.14.22:645][  0]LogPakFile: PakFile PrimaryIndexSize=188
[2025.10.01-01.14.22:645][  0]LogPakFile: PakFile PathHashIndexSize=101
[2025.10.01-01.14.22:645][  0]LogPakFile: PakFile FullDirectoryIndexSize=150
[2025.10.01-01.14.22:645][  0]LogShaderLibrary: Display: ShaderCodeLibraryPakFileMountedCallback: PakFile 'F:/Games/UE_4.27/FeaturePacks/TP_SideScroller.upack' (chunk index -1, root 'root:/') mounted
[2025.10.01-01.14.22:645][  0]LogShaderLibrary: Display: ShaderCodeLibraryPakFileMountedCallback: pending pak file info (ChunkID:-1 Root:root:/ File:F:/Games/UE_4.27/FeaturePacks/TP_SideScroller.upack)
[2025.10.01-01.14.22:645][  0]LogPakFile: OnPakFileMounted2Time == 0.000023
[2025.10.01-01.14.22:646][  0]LogPakFile: PakFile PrimaryIndexSize=190
[2025.10.01-01.14.22:646][  0]LogPakFile: PakFile PathHashIndexSize=101
[2025.10.01-01.14.22:646][  0]LogPakFile: PakFile FullDirectoryIndexSize=154
[2025.10.01-01.14.22:646][  0]LogShaderLibrary: Display: ShaderCodeLibraryPakFileMountedCallback: PakFile 'F:/Games/UE_4.27/FeaturePacks/TP_SideScrollerBP.upack' (chunk index -1, root 'root:/') mounted
[2025.10.01-01.14.22:646][  0]LogShaderLibrary: Display: ShaderCodeLibraryPakFileMountedCallback: pending pak file info (ChunkID:-1 Root:root:/ File:F:/Games/UE_4.27/FeaturePacks/TP_SideScrollerBP.upack)
[2025.10.01-01.14.22:646][  0]LogPakFile: OnPakFileMounted2Time == 0.000027
[2025.10.01-01.14.22:647][  0]LogPakFile: PakFile PrimaryIndexSize=187
[2025.10.01-01.14.22:647][  0]LogPakFile: PakFile PathHashIndexSize=101
[2025.10.01-01.14.22:647][  0]LogPakFile: PakFile FullDirectoryIndexSize=148
[2025.10.01-01.14.22:647][  0]LogShaderLibrary: Display: ShaderCodeLibraryPakFileMountedCallback: PakFile 'F:/Games/UE_4.27/FeaturePacks/TP_ThirdPerson.upack' (chunk index -1, root 'root:/') mounted
[2025.10.01-01.14.22:647][  0]LogShaderLibrary: Display: ShaderCodeLibraryPakFileMountedCallback: pending pak file info (ChunkID:-1 Root:root:/ File:F:/Games/UE_4.27/FeaturePacks/TP_ThirdPerson.upack)
[2025.10.01-01.14.22:647][  0]LogPakFile: OnPakFileMounted2Time == 0.000023
[2025.10.01-01.14.22:648][  0]LogPakFile: PakFile PrimaryIndexSize=189
[2025.10.01-01.14.22:648][  0]LogPakFile: PakFile PathHashIndexSize=101
[2025.10.01-01.14.22:648][  0]LogPakFile: PakFile FullDirectoryIndexSize=152
[2025.10.01-01.14.22:648][  0]LogShaderLibrary: Display: ShaderCodeLibraryPakFileMountedCallback: PakFile 'F:/Games/UE_4.27/FeaturePacks/TP_ThirdPersonBP.upack' (chunk index -1, root 'root:/') mounted
[2025.10.01-01.14.22:648][  0]LogShaderLibrary: Display: ShaderCodeLibraryPakFileMountedCallback: pending pak file info (ChunkID:-1 Root:root:/ File:F:/Games/UE_4.27/FeaturePacks/TP_ThirdPersonBP.upack)
[2025.10.01-01.14.22:648][  0]LogPakFile: OnPakFileMounted2Time == 0.000022
[2025.10.01-01.14.22:649][  0]LogPakFile: PakFile PrimaryIndexSize=183
[2025.10.01-01.14.22:649][  0]LogPakFile: PakFile PathHashIndexSize=101
[2025.10.01-01.14.22:649][  0]LogPakFile: PakFile FullDirectoryIndexSize=140
[2025.10.01-01.14.22:649][  0]LogShaderLibrary: Display: ShaderCodeLibraryPakFileMountedCallback: PakFile 'F:/Games/UE_4.27/FeaturePacks/TP_TopDown.upack' (chunk index -1, root 'root:/') mounted
[2025.10.01-01.14.22:649][  0]LogShaderLibrary: Display: ShaderCodeLibraryPakFileMountedCallback: pending pak file info (ChunkID:-1 Root:root:/ File:F:/Games/UE_4.27/FeaturePacks/TP_TopDown.upack)
[2025.10.01-01.14.22:649][  0]LogPakFile: OnPakFileMounted2Time == 0.000028
[2025.10.01-01.14.22:650][  0]LogPakFile: PakFile PrimaryIndexSize=185
[2025.10.01-01.14.22:650][  0]LogPakFile: PakFile PathHashIndexSize=101
[2025.10.01-01.14.22:650][  0]LogPakFile: PakFile FullDirectoryIndexSize=144
[2025.10.01-01.14.22:650][  0]LogShaderLibrary: Display: ShaderCodeLibraryPakFileMountedCallback: PakFile 'F:/Games/UE_4.27/FeaturePacks/TP_TopDownBP.upack' (chunk index -1, root 'root:/') mounted
[2025.10.01-01.14.22:650][  0]LogShaderLibrary: Display: ShaderCodeLibraryPakFileMountedCallback: pending pak file info (ChunkID:-1 Root:root:/ File:F:/Games/UE_4.27/FeaturePacks/TP_TopDownBP.upack)
[2025.10.01-01.14.22:650][  0]LogPakFile: OnPakFileMounted2Time == 0.000024
[2025.10.01-01.14.22:652][  0]LogPakFile: PakFile PrimaryIndexSize=185
[2025.10.01-01.14.22:652][  0]LogPakFile: PakFile PathHashIndexSize=101
[2025.10.01-01.14.22:652][  0]LogPakFile: PakFile FullDirectoryIndexSize=144
[2025.10.01-01.14.22:652][  0]LogShaderLibrary: Display: ShaderCodeLibraryPakFileMountedCallback: PakFile 'F:/Games/UE_4.27/FeaturePacks/TP_TwinStick.upack' (chunk index -1, root 'root:/') mounted
[2025.10.01-01.14.22:652][  0]LogShaderLibrary: Display: ShaderCodeLibraryPakFileMountedCallback: pending pak file info (ChunkID:-1 Root:root:/ File:F:/Games/UE_4.27/FeaturePacks/TP_TwinStick.upack)
[2025.10.01-01.14.22:652][  0]LogPakFile: OnPakFileMounted2Time == 0.000026
[2025.10.01-01.14.22:654][  0]LogPakFile: PakFile PrimaryIndexSize=187
[2025.10.01-01.14.22:654][  0]LogPakFile: PakFile PathHashIndexSize=101
[2025.10.01-01.14.22:654][  0]LogPakFile: PakFile FullDirectoryIndexSize=148
[2025.10.01-01.14.22:654][  0]LogShaderLibrary: Display: ShaderCodeLibraryPakFileMountedCallback: PakFile 'F:/Games/UE_4.27/FeaturePacks/TP_TwinStickBP.upack' (chunk index -1, root 'root:/') mounted
[2025.10.01-01.14.22:654][  0]LogShaderLibrary: Display: ShaderCodeLibraryPakFileMountedCallback: pending pak file info (ChunkID:-1 Root:root:/ File:F:/Games/UE_4.27/FeaturePacks/TP_TwinStickBP.upack)
[2025.10.01-01.14.22:654][  0]LogPakFile: OnPakFileMounted2Time == 0.000022
[2025.10.01-01.14.22:655][  0]LogPakFile: PakFile PrimaryIndexSize=183
[2025.10.01-01.14.22:655][  0]LogPakFile: PakFile PathHashIndexSize=101
[2025.10.01-01.14.22:655][  0]LogPakFile: PakFile FullDirectoryIndexSize=140
[2025.10.01-01.14.22:655][  0]LogShaderLibrary: Display: ShaderCodeLibraryPakFileMountedCallback: PakFile 'F:/Games/UE_4.27/FeaturePacks/TP_Vehicle.upack' (chunk index -1, root 'root:/') mounted
[2025.10.01-01.14.22:655][  0]LogShaderLibrary: Display: ShaderCodeLibraryPakFileMountedCallback: pending pak file info (ChunkID:-1 Root:root:/ File:F:/Games/UE_4.27/FeaturePacks/TP_Vehicle.upack)
[2025.10.01-01.14.22:655][  0]LogPakFile: OnPakFileMounted2Time == 0.000022
[2025.10.01-01.14.22:656][  0]LogPakFile: PakFile PrimaryIndexSize=186
[2025.10.01-01.14.22:656][  0]LogPakFile: PakFile PathHashIndexSize=101
[2025.10.01-01.14.22:656][  0]LogPakFile: PakFile FullDirectoryIndexSize=146
[2025.10.01-01.14.22:656][  0]LogShaderLibrary: Display: ShaderCodeLibraryPakFileMountedCallback: PakFile 'F:/Games/UE_4.27/FeaturePacks/TP_VehicleAdv.upack' (chunk index -1, root 'root:/') mounted
[2025.10.01-01.14.22:656][  0]LogShaderLibrary: Display: ShaderCodeLibraryPakFileMountedCallback: pending pak file info (ChunkID:-1 Root:root:/ File:F:/Games/UE_4.27/FeaturePacks/TP_VehicleAdv.upack)
[2025.10.01-01.14.22:656][  0]LogPakFile: OnPakFileMounted2Time == 0.000023
[2025.10.01-01.14.22:658][  0]LogPakFile: PakFile PrimaryIndexSize=188
[2025.10.01-01.14.22:658][  0]LogPakFile: PakFile PathHashIndexSize=101
[2025.10.01-01.14.22:658][  0]LogPakFile: PakFile FullDirectoryIndexSize=150
[2025.10.01-01.14.22:658][  0]LogShaderLibrary: Display: ShaderCodeLibraryPakFileMountedCallback: PakFile 'F:/Games/UE_4.27/FeaturePacks/TP_VehicleAdvBP.upack' (chunk index -1, root 'root:/') mounted
[2025.10.01-01.14.22:658][  0]LogShaderLibrary: Display: ShaderCodeLibraryPakFileMountedCallback: pending pak file info (ChunkID:-1 Root:root:/ File:F:/Games/UE_4.27/FeaturePacks/TP_VehicleAdvBP.upack)
[2025.10.01-01.14.22:658][  0]LogPakFile: OnPakFileMounted2Time == 0.000029
[2025.10.01-01.14.22:659][  0]LogPakFile: PakFile PrimaryIndexSize=185
[2025.10.01-01.14.22:659][  0]LogPakFile: PakFile PathHashIndexSize=101
[2025.10.01-01.14.22:659][  0]LogPakFile: PakFile FullDirectoryIndexSize=144
[2025.10.01-01.14.22:659][  0]LogShaderLibrary: Display: ShaderCodeLibraryPakFileMountedCallback: PakFile 'F:/Games/UE_4.27/FeaturePacks/TP_VehicleBP.upack' (chunk index -1, root 'root:/') mounted
[2025.10.01-01.14.22:659][  0]LogShaderLibrary: Display: ShaderCodeLibraryPakFileMountedCallback: pending pak file info (ChunkID:-1 Root:root:/ File:F:/Games/UE_4.27/FeaturePacks/TP_VehicleBP.upack)
[2025.10.01-01.14.22:659][  0]LogPakFile: OnPakFileMounted2Time == 0.000023
[2025.10.01-01.14.22:660][  0]LogPakFile: PakFile PrimaryIndexSize=192
[2025.10.01-01.14.22:660][  0]LogPakFile: PakFile PathHashIndexSize=101
[2025.10.01-01.14.22:660][  0]LogPakFile: PakFile FullDirectoryIndexSize=158
[2025.10.01-01.14.22:660][  0]LogShaderLibrary: Display: ShaderCodeLibraryPakFileMountedCallback: PakFile 'F:/Games/UE_4.27/FeaturePacks/TP_VirtualRealityBP.upack' (chunk index -1, root 'root:/') mounted
[2025.10.01-01.14.22:660][  0]LogShaderLibrary: Display: ShaderCodeLibraryPakFileMountedCallback: pending pak file info (ChunkID:-1 Root:root:/ File:F:/Games/UE_4.27/FeaturePacks/TP_VirtualRealityBP.upack)
[2025.10.01-01.14.22:660][  0]LogPakFile: OnPakFileMounted2Time == 0.000023
[2025.10.01-01.14.22:759][  0]LogNativeClassHierarchy: Verbose: Native class hierarchy updated for 'AddContentDialog' in 0.0002 seconds. Added 0 classes and 0 folders.
[2025.10.01-01.14.22:767][  0]LogNativeClassHierarchy: Verbose: Native class hierarchy updated for 'SceneOutliner' in 0.0003 seconds. Added 2 classes and 0 folders.
[2025.10.01-01.14.22:858][  0]LogSlate: Took 0.000267 seconds to synchronously load lazily loaded font '../../../Engine/Content/Slate/Fonts/Roboto-Regular.ttf' (155K)
[2025.10.01-01.14.22:863][  0]LogSlate: Took 0.004049 seconds to synchronously load lazily loaded font '../../../Engine/Content/Editor/Slate/Fonts/FontAwesome.ttf' (139K)
[2025.10.01-01.14.22:864][  0]LogSlate: Took 0.000269 seconds to synchronously load lazily loaded font '../../../Engine/Content/Slate/Fonts/Roboto-Bold.ttf' (160K)
[2025.10.01-01.14.22:944][  0]LogRenderer: Reallocating scene render targets to support 940x424 Format 10 NumSamples 1 (Frame:1).
[2025.10.01-01.14.23:261][  0]LogNativeClassHierarchy: Verbose: Native class hierarchy updated for 'HierarchicalLODOutliner' in 0.0003 seconds. Added 0 classes and 0 folders.
[2025.10.01-01.14.23:261][  0]LogLoad: (Engine Initialization) Total time: 7.95 seconds
[2025.10.01-01.14.23:261][  0]LogLoad: (Engine Initialization) Total Blueprint compile time: 0.00 seconds
[2025.10.01-01.14.23:421][  0]LogAssetRegistry: Asset discovery search completed in 4.8324 seconds
[2025.10.01-01.14.23:425][  0]LogCollectionManager: Fixed up redirectors for 0 collections in 0.000003 seconds (updated 0 objects)
[2025.10.01-01.14.23:427][  0]LogContentStreaming: Texture pool size now 1000 MB
[2025.10.01-01.14.23:480][  2]LogSlate: Took 0.000771 seconds to synchronously load lazily loaded font '../../../Engine/Content/Slate/Fonts/Roboto-Light.ttf' (167K)
[2025.10.01-01.14.36:381][764]LogSlate: Took 0.000211 seconds to synchronously load lazily loaded font '../../../Engine/Content/Slate/Fonts/Roboto-Light.ttf' (167K)
[2025.10.01-01.14.36:392][764]LogAssetEditorSubsystem: Opening Asset editor for Blueprint /Game/Characters/Content_Enemies/Rata/BP_EnemyCubeCharacter.BP_EnemyCubeCharacter
[2025.10.01-01.14.36:520][764]LogNativeClassHierarchy: Verbose: Native class hierarchy updated for 'BlueprintGraph' in 0.0005 seconds. Added 126 classes and 0 folders.
[2025.10.01-01.14.38:757][860]LogSlate: Window 'BP_EnemyCubeCharacter' being destroyed
[2025.10.01-01.14.38:766][860]LogWorld: UWorld::CleanupWorld for World_1, bSessionEnded=true, bCleanupResources=true
[2025.10.01-01.14.38:766][860]LogSlate: InvalidateAllWidgets triggered.  All widgets were invalidated
[2025.10.01-01.14.38:814][860]LogAssetEditorSubsystem: Opening Asset editor for Blueprint /Game/Characters/Content_Enemies/Rata/BP_EnemyCubeCharacter.BP_EnemyCubeCharacter
[2025.10.01-01.14.39:161][860]LogSlate: Took 0.000233 seconds to synchronously load lazily loaded font '../../../Engine/Content/Slate/Fonts/Roboto-BoldCondensed.ttf' (158K)
[2025.10.01-01.14.40:754][954]LogRenderer: Reallocating scene render targets to support 940x532 Format 10 NumSamples 1 (Frame:1).
[2025.10.01-01.14.47:547][361]LogSlate: Took 0.001021 seconds to synchronously load lazily loaded font '../../../Engine/Content/Slate/Fonts/Roboto-Italic.ttf' (157K)
[2025.10.01-01.14.48:840][437]LogSlate: Window 'BP_EnemyCubeCharacter' being destroyed
[2025.10.01-01.14.48:849][437]LogWorld: UWorld::CleanupWorld for World_2, bSessionEnded=true, bCleanupResources=true
[2025.10.01-01.14.48:849][437]LogSlate: InvalidateAllWidgets triggered.  All widgets were invalidated
[2025.10.01-01.14.55:793][852]LogEditorViewport: Clicking on Actor (LMB): BP_Table_C (BP_Table)
[2025.10.01-01.30.04:314][ 97]LogUObjectHash: Compacting FUObjectHashTables data took   1.87ms
[2025.10.01-01.30.04:335][ 97]LogSlate: Window 'TasteOfMadness - Unreal Editor' being destroyed
[2025.10.01-01.30.04:423][ 98]Cmd: QUIT_EDITOR
[2025.10.01-01.30.04:423][ 98]LogCore: Engine exit requested (reason: UUnrealEdEngine::CloseEditor())
[2025.10.01-01.30.04:426][ 98]LogCore: Engine exit requested (reason: EngineExit() was called; note: exit was already requested)
[2025.10.01-01.30.04:428][ 98]LogAudio: Display: Beginning Audio Device Manager Shutdown (Module: AudioMixerXAudio2)...
[2025.10.01-01.30.04:429][ 98]LogAudio: Display: Destroying 1 Remaining Audio Device(s)...
[2025.10.01-01.30.04:429][ 98]LogAudio: Display: Audio Device unregistered from world 'ThirdPersonExampleMap'.
[2025.10.01-01.30.04:429][ 98]LogAudioMixer: FMixerPlatformXAudio2::StopAudioStream() called
[2025.10.01-01.30.04:430][ 98]LogAudioMixer: FMixerPlatformXAudio2::StopAudioStream() called
[2025.10.01-01.30.04:433][ 98]LogAudio: Display: Audio Device Manager Shutdown
[2025.10.01-01.30.04:435][ 98]LogExit: Preparing to exit.
[2025.10.01-01.30.04:543][ 98]LogUObjectHash: Compacting FUObjectHashTables data took   1.27ms
[2025.10.01-01.30.04:650][ 98]LogWorld: UWorld::CleanupWorld for World_0, bSessionEnded=true, bCleanupResources=true
[2025.10.01-01.30.04:697][ 98]LogDemo: Cleaned up 0 splitscreen connections with owner deletion
[2025.10.01-01.30.04:702][ 98]LogWorld: UWorld::CleanupWorld for None, bSessionEnded=true, bCleanupResources=true
[2025.10.01-01.30.04:703][ 98]LogExit: Editor shut down
[2025.10.01-01.30.04:703][ 98]LogExit: Transaction tracking system shut down
[2025.10.01-01.30.04:958][ 98]LogExit: Object subsystem successfully closed.
[2025.10.01-01.30.04:976][ 98]LogShaderCompilers: Display: === FShaderJobCache stats ===
[2025.10.01-01.30.04:977][ 98]LogShaderCompilers: Display: Total job queries 0, among them cache hits 0 (0.00%)
[2025.10.01-01.30.04:977][ 98]LogShaderCompilers: Display: Tracking 0 distinct input hashes that result in 0 distinct outputs (0.00%)
[2025.10.01-01.30.04:977][ 98]LogShaderCompilers: Display: RAM used: 0.00 MB (0.00 GB) of 1638.40 MB (1.60 GB) budget. Usage: 0.00%
[2025.10.01-01.30.04:977][ 98]LogShaderCompilers: Display: ================================================
[2025.10.01-01.30.04:992][ 98]LogShaderCompilers: Display: Shaders left to compile 0
[2025.10.01-01.30.05:001][ 98]LogModuleManager: Shutting down and abandoning module BlueprintGraph (872)
[2025.10.01-01.30.05:001][ 98]LogModuleManager: Shutting down and abandoning module HierarchicalLODOutliner (870)
[2025.10.01-01.30.05:001][ 98]LogModuleManager: Shutting down and abandoning module SceneOutliner (868)
[2025.10.01-01.30.05:001][ 98]LogModuleManager: Shutting down and abandoning module AddContentDialog (866)
[2025.10.01-01.30.05:002][ 98]LogModuleManager: Shutting down and abandoning module WidgetCarousel (865)
[2025.10.01-01.30.05:002][ 98]LogModuleManager: Shutting down and abandoning module EditorWidgets (862)
[2025.10.01-01.30.05:002][ 98]LogModuleManager: Shutting down and abandoning module StatsViewer (860)
[2025.10.01-01.30.05:002][ 98]LogModuleManager: Shutting down and abandoning module PIEPreviewDeviceProfileSelector (858)
[2025.10.01-01.30.05:002][ 98]LogModuleManager: Shutting down and abandoning module SequenceRecorderSections (856)
[2025.10.01-01.30.05:002][ 98]LogModuleManager: Shutting down and abandoning module AutomationWorker (854)
[2025.10.01-01.30.05:002][ 98]LogModuleManager: Shutting down and abandoning module SteamVREditor (852)
[2025.10.01-01.30.05:002][ 98]LogModuleManager: Shutting down and abandoning module OculusMR (850)
[2025.10.01-01.30.05:002][ 98]LogModuleManager: Shutting down and abandoning module TakeRecorderSources (848)
[2025.10.01-01.30.05:002][ 98]LogModuleManager: Shutting down and abandoning module TakeRecorder (847)
[2025.10.01-01.30.05:002][ 98]LogModuleManager: Shutting down and abandoning module TakeTrackRecorders (844)
[2025.10.01-01.30.05:002][ 98]LogModuleManager: Shutting down and abandoning module TakesCore (842)
[2025.10.01-01.30.05:002][ 98]LogModuleManager: Shutting down and abandoning module OpenXRInput (840)
[2025.10.01-01.30.05:002][ 98]LogModuleManager: Shutting down and abandoning module GooglePADEditor (838)
[2025.10.01-01.30.05:002][ 98]LogModuleManager: Shutting down and abandoning module AudioCaptureEditor (836)
[2025.10.01-01.30.05:002][ 98]LogModuleManager: Shutting down and abandoning module TemplateSequenceEditor (834)
[2025.10.01-01.30.05:002][ 98]LogModuleManager: Shutting down and abandoning module WmfMediaFactory (832)
[2025.10.01-01.30.05:002][ 98]LogModuleManager: Shutting down and abandoning module WmfMediaEditor (830)
[2025.10.01-01.30.05:002][ 98]LogModuleManager: Shutting down and abandoning module WebMMediaFactory (828)
[2025.10.01-01.30.05:002][ 98]LogModuleManager: Shutting down and abandoning module WebMMediaEditor (826)
[2025.10.01-01.30.05:002][ 98]LogModuleManager: Shutting down and abandoning module WebMMedia (824)
[2025.10.01-01.30.05:002][ 98]LogModuleManager: Shutting down and abandoning module LevelSequenceEditor (822)
[2025.10.01-01.30.05:002][ 98]LogModuleManager: Shutting down and abandoning module MatineeToLevelSequence (820)
[2025.10.01-01.30.05:002][ 98]LogModuleManager: Shutting down and abandoning module MediaPlayerEditor (818)
[2025.10.01-01.30.05:002][ 98]LogModuleManager: Shutting down and abandoning module ActorSequenceEditor (816)
[2025.10.01-01.30.05:002][ 98]LogModuleManager: Shutting down and abandoning module MediaCompositingEditor (814)
[2025.10.01-01.30.05:002][ 98]LogModuleManager: Shutting down and abandoning module SequenceRecorder (813)
[2025.10.01-01.30.05:002][ 98]LogModuleManager: Shutting down and abandoning module MagicLeapMediaCodecFactory (810)
[2025.10.01-01.30.05:002][ 98]LogModuleManager: Shutting down and abandoning module MagicLeapMediaFactory (808)
[2025.10.01-01.30.05:002][ 98]LogModuleManager: Shutting down and abandoning module MagicLeapMediaEditor (806)
[2025.10.01-01.30.05:002][ 98]LogModuleManager: Shutting down and abandoning module OpenExrWrapper (804)
[2025.10.01-01.30.05:002][ 98]LogModuleManager: Shutting down and abandoning module ImgMediaFactory (802)
[2025.10.01-01.30.05:002][ 98]LogModuleManager: Shutting down and abandoning module ImgMediaEditor (800)
[2025.10.01-01.30.05:002][ 98]LogModuleManager: Shutting down and abandoning module AvfMediaFactory (798)
[2025.10.01-01.30.05:002][ 98]LogModuleManager: Shutting down and abandoning module AvfMediaEditor (796)
[2025.10.01-01.30.05:002][ 98]LogModuleManager: Shutting down and abandoning module AndroidMediaFactory (794)
[2025.10.01-01.30.05:002][ 98]LogModuleManager: Shutting down and abandoning module AndroidMediaEditor (792)
[2025.10.01-01.30.05:002][ 98]LogModuleManager: Shutting down and abandoning module PlanarCut (790)
[2025.10.01-01.30.05:002][ 98]LogModuleManager: Shutting down and abandoning module CharacterAI (788)
[2025.10.01-01.30.05:002][ 98]LogModuleManager: Shutting down and abandoning module TextureAlignMode (786)
[2025.10.01-01.30.05:002][ 98]LogModuleManager: Shutting down and abandoning module BspMode (784)
[2025.10.01-01.30.05:002][ 98]LogModuleManager: Shutting down and abandoning module GeometryMode (782)
[2025.10.01-01.30.05:002][ 98]LogModuleManager: Shutting down and abandoning module CameraShakePreviewer (780)
[2025.10.01-01.30.05:002][ 98]LogModuleManager: Shutting down and abandoning module SmartSnapping (778)
[2025.10.01-01.30.05:002][ 98]LogModuleManager: Shutting down and abandoning module SessionServices (776)
[2025.10.01-01.30.05:002][ 98]LogModuleManager: Shutting down and abandoning module MeshPaint (774)
[2025.10.01-01.30.05:002][ 98]LogModuleManager: Shutting down and abandoning module VirtualTexturingEditor (772)
[2025.10.01-01.30.05:003][ 98]LogModuleManager: Shutting down and abandoning module FoliageEdit (770)
[2025.10.01-01.30.05:003][ 98]LogModuleManager: Shutting down and abandoning module LandscapeEditor (768)
[2025.10.01-01.30.05:003][ 98]LogModuleManager: Shutting down and abandoning module MeshPaintMode (766)
[2025.10.01-01.30.05:003][ 98]LogModuleManager: Shutting down and abandoning module SceneDepthPickerMode (764)
[2025.10.01-01.30.05:003][ 98]LogModuleManager: Shutting down and abandoning module ActorPickerMode (762)
[2025.10.01-01.30.05:003][ 98]LogModuleManager: Shutting down and abandoning module PlacementMode (760)
[2025.10.01-01.30.05:003][ 98]LogModuleManager: Shutting down and abandoning module ViewportSnapping (758)
[2025.10.01-01.30.05:003][ 98]LogModuleManager: Shutting down and abandoning module ViewportInteraction (756)
[2025.10.01-01.30.05:003][ 98]LogModuleManager: Shutting down and abandoning module ClothPainter (754)
[2025.10.01-01.30.05:003][ 98]LogModuleManager: Shutting down and abandoning module SkeletalMeshEditor (753)
[2025.10.01-01.30.05:003][ 98]LogModuleManager: Shutting down and abandoning module LogVisualizer (750)
[2025.10.01-01.30.05:003][ 98]LogModuleManager: Shutting down and abandoning module IntroTutorials (748)
[2025.10.01-01.30.05:003][ 98]LogModuleManager: Shutting down and abandoning module GameProjectGeneration (747)
[2025.10.01-01.30.05:003][ 98]LogModuleManager: Shutting down and abandoning module LuminPlatformEditor (744)
[2025.10.01-01.30.05:003][ 98]LogModuleManager: Shutting down and abandoning module IOSPlatformEditor (742)
[2025.10.01-01.30.05:003][ 98]LogModuleManager: Shutting down and abandoning module AndroidPlatformEditor (740)
[2025.10.01-01.30.05:003][ 98]LogModuleManager: Shutting down and abandoning module AndroidDeviceDetection (739)
[2025.10.01-01.30.06:023][ 98]LogModuleManager: Shutting down and abandoning module WindowsPlatformEditor (736)
[2025.10.01-01.30.06:023][ 98]LogModuleManager: Shutting down and abandoning module LuminRuntimeSettings (734)
[2025.10.01-01.30.06:023][ 98]LogModuleManager: Shutting down and abandoning module IOSRuntimeSettings (732)
[2025.10.01-01.30.06:023][ 98]LogModuleManager: Shutting down and abandoning module AndroidRuntimeSettings (730)
[2025.10.01-01.30.06:023][ 98]LogModuleManager: Shutting down and abandoning module TraceInsights (728)
[2025.10.01-01.30.06:023][ 98]MemoryProfiler: Shutdown
[2025.10.01-01.30.06:023][ 98]NetworkingProfiler: Shutdown
[2025.10.01-01.30.06:023][ 98]LoadingProfiler: Shutdown
[2025.10.01-01.30.06:023][ 98]TimingProfiler: Shutdown
[2025.10.01-01.30.06:023][ 98]LogModuleManager: Shutting down and abandoning module TraceServices (727)
[2025.10.01-01.30.06:023][ 98]LogModuleManager: Shutting down and abandoning module EditorInteractiveToolsFramework (724)
[2025.10.01-01.30.06:023][ 98]LogModuleManager: Shutting down and abandoning module TimeManagementEditor (722)
[2025.10.01-01.30.06:023][ 98]LogModuleManager: Shutting down and abandoning module InputBindingEditor (720)
[2025.10.01-01.30.06:023][ 98]LogModuleManager: Shutting down and abandoning module MergeActors (718)
[2025.10.01-01.30.06:023][ 98]LogModuleManager: Shutting down and abandoning module LocalizationDashboard (716)
[2025.10.01-01.30.06:023][ 98]LogModuleManager: Shutting down and abandoning module LocalizationService (715)
[2025.10.01-01.30.06:023][ 98]LogModuleManager: Shutting down and abandoning module HardwareTargeting (712)
[2025.10.01-01.30.06:023][ 98]LogModuleManager: Shutting down and abandoning module DeviceProfileEditor (710)
[2025.10.01-01.30.06:023][ 98]LogModuleManager: Shutting down and abandoning module UndoHistory (708)
[2025.10.01-01.30.06:023][ 98]LogModuleManager: Shutting down and abandoning module XmlParser (706)
[2025.10.01-01.30.06:023][ 98]LogModuleManager: Shutting down and abandoning module Blutility (704)
[2025.10.01-01.30.06:023][ 98]LogModuleManager: Shutting down and abandoning module ProjectSettingsViewer (702)
[2025.10.01-01.30.06:023][ 98]LogModuleManager: Shutting down and abandoning module ProjectTargetPlatformEditor (701)
[2025.10.01-01.30.06:023][ 98]LogModuleManager: Shutting down and abandoning module EditorSettingsViewer (698)
[2025.10.01-01.30.06:023][ 98]LogModuleManager: Shutting down and abandoning module InternationalizationSettings (697)
[2025.10.01-01.30.06:023][ 98]LogModuleManager: Shutting down and abandoning module SettingsEditor (694)
[2025.10.01-01.30.06:023][ 98]LogModuleManager: Shutting down and abandoning module ProjectLauncher (692)
[2025.10.01-01.30.06:023][ 98]LogModuleManager: Shutting down and abandoning module SessionFrontend (690)
[2025.10.01-01.30.06:023][ 98]LogModuleManager: Shutting down and abandoning module ProfilerClient (688)
[2025.10.01-01.30.06:023][ 98]LogModuleManager: Shutting down and abandoning module DeviceManager (686)
[2025.10.01-01.30.06:023][ 98]LogModuleManager: Shutting down and abandoning module TargetDeviceServices (685)
[2025.10.01-01.30.06:054][ 98]LogModuleManager: Shutting down and abandoning module AutomationController (682)
[2025.10.01-01.30.06:054][ 98]LogModuleManager: Shutting down and abandoning module AutomationWindow (680)
[2025.10.01-01.30.06:054][ 98]LogModuleManager: Shutting down and abandoning module Layers (678)
[2025.10.01-01.30.06:054][ 98]LogModuleManager: Shutting down and abandoning module ComponentVisualizers (676)
[2025.10.01-01.30.06:054][ 98]LogModuleManager: Shutting down and abandoning module DetailCustomizations (674)
[2025.10.01-01.30.06:054][ 98]LogModuleManager: Shutting down and abandoning module PackagesDialog (672)
[2025.10.01-01.30.06:054][ 98]LogModuleManager: Shutting down and abandoning module AnimationBlueprintEditor (670)
[2025.10.01-01.30.06:054][ 98]LogModuleManager: Shutting down and abandoning module Persona (668)
[2025.10.01-01.30.06:054][ 98]LogModuleManager: Shutting down and abandoning module AdvancedPreviewScene (667)
[2025.10.01-01.30.06:054][ 98]LogModuleManager: Shutting down and abandoning module AnimGraph (665)
[2025.10.01-01.30.06:054][ 98]LogModuleManager: Shutting down and abandoning module Kismet (662)
[2025.10.01-01.30.06:059][ 98]LogModuleManager: Shutting down and abandoning module KismetWidgets (661)
[2025.10.01-01.30.06:059][ 98]LogModuleManager: Shutting down and abandoning module GraphEditor (658)
[2025.10.01-01.30.06:059][ 98]LogModuleManager: Shutting down and abandoning module StructViewer (656)
[2025.10.01-01.30.06:059][ 98]LogModuleManager: Shutting down and abandoning module ClassViewer (654)
[2025.10.01-01.30.06:059][ 98]LogModuleManager: Shutting down and abandoning module Toolbox (652)
[2025.10.01-01.30.06:059][ 98]LogModuleManager: Shutting down and abandoning module ModuleUI (650)
[2025.10.01-01.30.06:059][ 98]LogModuleManager: Shutting down and abandoning module OutputLog (648)
[2025.10.01-01.30.06:059][ 98]LogModuleManager: Shutting down and abandoning module GammaUI (646)
[2025.10.01-01.30.06:059][ 98]LogModuleManager: Shutting down and abandoning module Documentation (644)
[2025.10.01-01.30.06:059][ 98]LogModuleManager: Shutting down and abandoning module LiveCoding (642)
[2025.10.01-01.30.06:059][ 98]LogModuleManager: Shutting down and abandoning module LevelSequence (640)
[2025.10.01-01.30.06:059][ 98]LogModuleManager: Shutting down and abandoning module MovieSceneTracks (638)
[2025.10.01-01.30.06:059][ 98]LogModuleManager: Shutting down and abandoning module MovieScene (636)
[2025.10.01-01.30.06:059][ 98]LogModuleManager: Shutting down and abandoning module StreamingPauseRendering (634)
[2025.10.01-01.30.06:059][ 98]LogModuleManager: Shutting down and abandoning module LauncherPlatform (632)
[2025.10.01-01.30.06:059][ 98]LogModuleManager: Shutting down and abandoning module AnalyticsET (630)
[2025.10.01-01.30.06:059][ 98]LogModuleManager: Shutting down and abandoning module PortalServices (628)
[2025.10.01-01.30.06:059][ 98]LogModuleManager: Shutting down and abandoning module PortalRpc (626)
[2025.10.01-01.30.06:059][ 98]LogModuleManager: Shutting down and abandoning module MessagingRpc (624)
[2025.10.01-01.30.06:059][ 98]LogModuleManager: Shutting down and abandoning module AudioMixerXAudio2 (622)
[2025.10.01-01.30.06:059][ 98]LogModuleManager: Shutting down and abandoning module AudioMixerCore (621)
[2025.10.01-01.30.06:059][ 98]LogModuleManager: Shutting down and abandoning module AIModule (618)
[2025.10.01-01.30.06:059][ 98]LogModuleManager: Shutting down and abandoning module GameplayDebugger (617)
[2025.10.01-01.30.06:059][ 98]LogModuleManager: Shutting down and abandoning module AITestSuite (615)
[2025.10.01-01.30.06:059][ 98]LogModuleManager: Shutting down and abandoning module NavigationSystem (613)
[2025.10.01-01.30.06:059][ 98]LogModuleManager: Shutting down and abandoning module ImageWriteQueue (610)
[2025.10.01-01.30.06:065][ 98]LogModuleManager: Shutting down and abandoning module ProfilerService (608)
[2025.10.01-01.30.06:213][ 98]LogModuleManager: Shutting down and abandoning module TaskGraph (606)
[2025.10.01-01.30.06:213][ 98]LogModuleManager: Shutting down and abandoning module AudioSynesthesiaEditor (604)
[2025.10.01-01.30.06:213][ 98]LogModuleManager: Shutting down and abandoning module OculusEditor (602)
[2025.10.01-01.30.06:213][ 98]LogModuleManager: Shutting down and abandoning module OculusInput (600)
[2025.10.01-01.30.06:213][ 98]LogModuleManager: Shutting down and abandoning module ContentBrowserFileDataSource (598)
[2025.10.01-01.30.06:213][ 98]LogModuleManager: Shutting down and abandoning module ContentBrowserClassDataSource (596)
[2025.10.01-01.30.06:213][ 98]LogModuleManager: Shutting down and abandoning module ContentBrowserAssetDataSource (594)
[2025.10.01-01.30.06:213][ 98]LogModuleManager: Shutting down and abandoning module CollectionManager (593)
[2025.10.01-01.30.06:213][ 98]LogModuleManager: Shutting down and abandoning module TakeSequencer (590)
[2025.10.01-01.30.06:213][ 98]LogModuleManager: Shutting down and abandoning module TakeMovieScene (588)
[2025.10.01-01.30.06:213][ 98]LogModuleManager: Shutting down and abandoning module ScreenshotTools (586)
[2025.10.01-01.30.06:213][ 98]LogModuleManager: Shutting down and abandoning module SynthesisEditor (584)
[2025.10.01-01.30.06:213][ 98]LogModuleManager: Shutting down and abandoning module Synthesis (582)
[2025.10.01-01.30.06:213][ 98]LogModuleManager: Shutting down and abandoning module ProceduralMeshComponentEditor (580)
[2025.10.01-01.30.06:213][ 98]LogModuleManager: Shutting down and abandoning module ProceduralMeshComponent (578)
[2025.10.01-01.30.06:213][ 98]LogModuleManager: Shutting down and abandoning module OpenXREditor (576)
[2025.10.01-01.30.06:213][ 98]LogModuleManager: Shutting down and abandoning module MobilePatchingUtils (574)
[2025.10.01-01.30.06:213][ 98]LogModuleManager: Shutting down and abandoning module GooglePAD (572)
[2025.10.01-01.30.06:213][ 98]LogModuleManager: Shutting down and abandoning module EditableMesh (570)
[2025.10.01-01.30.06:213][ 98]LogModuleManager: Shutting down and abandoning module CustomMeshComponent (568)
[2025.10.01-01.30.06:213][ 98]LogModuleManager: Shutting down and abandoning module CableComponent (566)
[2025.10.01-01.30.06:213][ 98]LogModuleManager: Shutting down and abandoning module AudioCapture (564)
[2025.10.01-01.30.06:213][ 98]LogModuleManager: Shutting down and abandoning module AudioCaptureRtAudio (563)
[2025.10.01-01.30.06:213][ 98]LogModuleManager: Shutting down and abandoning module AssetTags (560)
[2025.10.01-01.30.06:213][ 98]LogModuleManager: Shutting down and abandoning module ArchVisCharacter (558)
[2025.10.01-01.30.06:213][ 98]LogModuleManager: Shutting down and abandoning module AppleImageUtilsBlueprintSupport (556)
[2025.10.01-01.30.06:213][ 98]LogModuleManager: Shutting down and abandoning module AppleImageUtils (554)
[2025.10.01-01.30.06:213][ 98]LogModuleManager: Shutting down and abandoning module AndroidPermission (552)
[2025.10.01-01.30.06:213][ 98]LogModuleManager: Shutting down and abandoning module ActorLayerUtilitiesEditor (550)
[2025.10.01-01.30.06:213][ 98]LogModuleManager: Shutting down and abandoning module ActorLayerUtilities (548)
[2025.10.01-01.30.06:213][ 98]LogModuleManager: Shutting down and abandoning module TemplateSequence (546)
[2025.10.01-01.30.06:213][ 98]LogModuleManager: Shutting down and abandoning module MagicLeapSharedWorld (544)
[2025.10.01-01.30.06:213][ 98]LogModuleManager: Shutting down and abandoning module MediaCompositing (542)
[2025.10.01-01.30.06:213][ 98]LogModuleManager: Shutting down and abandoning module ImgMedia (540)
[2025.10.01-01.30.06:213][ 98]LogModuleManager: Shutting down and abandoning module MagicLeapLightEstimation (538)
[2025.10.01-01.30.06:213][ 98]LogModuleManager: Shutting down and abandoning module MagicLeapHelperVulkan (536)
[2025.10.01-01.30.06:213][ 98]LogModuleManager: Shutting down and abandoning module MagicLeapHelperOpenGL (534)
[2025.10.01-01.30.06:213][ 98]LogModuleManager: Shutting down and abandoning module MagicLeapAudio (532)
[2025.10.01-01.30.06:213][ 98]LogModuleManager: Shutting down and abandoning module OpenImageDenoise (530)
[2025.10.01-01.30.06:213][ 98]LogOpenImageDenoise: OIDN shutting down
[2025.10.01-01.30.06:213][ 98]LogModuleManager: Shutting down and abandoning module MotoSynthEditor (528)
[2025.10.01-01.30.06:213][ 98]LogModuleManager: Shutting down and abandoning module MotoSynth (526)
[2025.10.01-01.30.06:213][ 98]LogModuleManager: Shutting down and abandoning module GeometryCollectionTracks (524)
[2025.10.01-01.30.06:213][ 98]LogModuleManager: Shutting down and abandoning module GeometryCollectionSequencer (523)
[2025.10.01-01.30.06:213][ 98]LogModuleManager: Shutting down and abandoning module GeometryCollectionEditor (520)
[2025.10.01-01.30.06:213][ 98]LogModuleManager: Shutting down and abandoning module MeshConversion (518)
[2025.10.01-01.30.06:213][ 98]LogModuleManager: Shutting down and abandoning module DynamicMesh (516)
[2025.10.01-01.30.06:213][ 98]LogModuleManager: Shutting down and abandoning module GeometryAlgorithms (514)
[2025.10.01-01.30.06:213][ 98]LogModuleManager: Shutting down and abandoning module GeometricObjects (512)
[2025.10.01-01.30.06:213][ 98]LogModuleManager: Shutting down and abandoning module GeometryCacheTracks (510)
[2025.10.01-01.30.06:214][ 98]LogModuleManager: Shutting down and abandoning module GeometryCacheStreamer (508)
[2025.10.01-01.30.06:214][ 98]LogModuleManager: Shutting down and abandoning module GeometryCacheSequencer (506)
[2025.10.01-01.30.06:214][ 98]LogModuleManager: Shutting down and abandoning module ChaosSolverEditor (504)
[2025.10.01-01.30.06:214][ 98]LogModuleManager: Shutting down and abandoning module ChaosNiagara (502)
[2025.10.01-01.30.06:214][ 98]LogModuleManager: Shutting down and abandoning module ChaosClothEditor (500)
[2025.10.01-01.30.06:214][ 98]LogModuleManager: Shutting down and abandoning module FractureEditor (498)
[2025.10.01-01.30.06:214][ 98]LogModuleManager: Shutting down and abandoning module FieldSystemEngine (497)
[2025.10.01-01.30.06:214][ 98]LogModuleManager: Shutting down and abandoning module NiagaraEditorWidgets (494)
[2025.10.01-01.30.06:214][ 98]LogModuleManager: Shutting down and abandoning module BackChannel (492)
[2025.10.01-01.30.06:214][ 98]LogModuleManager: Shutting down and abandoning module AutomationUtilsEditor (490)
[2025.10.01-01.30.06:214][ 98]LogModuleManager: Shutting down and abandoning module AutomationUtils (488)
[2025.10.01-01.30.06:214][ 98]LogModuleManager: Shutting down and abandoning module AlembicImporter (486)
[2025.10.01-01.30.06:214][ 98]LogModuleManager: Shutting down and abandoning module AlembicLibrary (485)
[2025.10.01-01.30.06:214][ 98]LogModuleManager: Shutting down and abandoning module GeometryCache (484)
[2025.10.01-01.30.06:214][ 98]LogModuleManager: Shutting down and abandoning module GeometryCacheEd (483)
[2025.10.01-01.30.06:214][ 98]LogModuleManager: Shutting down and abandoning module SpeedTreeImporter (478)
[2025.10.01-01.30.06:214][ 98]LogModuleManager: Shutting down and abandoning module PluginBrowser (476)
[2025.10.01-01.30.06:214][ 98]LogModuleManager: Shutting down and abandoning module MobileLauncherProfileWizard (474)
[2025.10.01-01.30.06:214][ 98]LogModuleManager: Shutting down and abandoning module OodleNetworkHandlerComponent (472)
[2025.10.01-01.30.06:214][ 98]LogModuleManager: Shutting down and abandoning module MaterialAnalyzer (470)
[2025.10.01-01.30.06:214][ 98]LogModuleManager: Shutting down and abandoning module VariantManagerContentEditor (468)
[2025.10.01-01.30.06:214][ 98]LogModuleManager: Shutting down and abandoning module CurveEditorTools (466)
[2025.10.01-01.30.06:214][ 98]LogModuleManager: Shutting down and abandoning module CryptoKeysOpenSSL (464)
[2025.10.01-01.30.06:214][ 98]LogModuleManager: Shutting down and abandoning module CryptoKeys (462)
[2025.10.01-01.30.06:214][ 98]LogModuleManager: Shutting down and abandoning module VisualStudioSourceCodeAccess (460)
[2025.10.01-01.30.06:214][ 98]LogModuleManager: Shutting down and abandoning module DatasmithContentEditor (458)
[2025.10.01-01.30.06:214][ 98]LogModuleManager: Shutting down and abandoning module VisualStudioCodeSourceCodeAccess (456)
[2025.10.01-01.30.06:214][ 98]LogModuleManager: Shutting down and abandoning module UObjectPlugin (454)
[2025.10.01-01.30.06:214][ 98]LogModuleManager: Shutting down and abandoning module SubversionSourceControl (452)
[2025.10.01-01.30.06:214][ 98]LogModuleManager: Shutting down and abandoning module RiderSourceCodeAccess (450)
[2025.10.01-01.30.06:214][ 98]LogModuleManager: Shutting down and abandoning module PluginUtils (448)
[2025.10.01-01.30.06:214][ 98]LogModuleManager: Shutting down and abandoning module PlasticSourceControl (446)
[2025.10.01-01.30.06:214][ 98]LogModuleManager: Shutting down and abandoning module PerforceSourceControl (444)
[2025.10.01-01.30.06:214][ 98]LogModuleManager: Shutting down and abandoning module GitSourceControl (442)
[2025.10.01-01.30.06:214][ 98]LogModuleManager: Shutting down and abandoning module SourceControl (441)
[2025.10.01-01.30.06:214][ 98]LogModuleManager: Shutting down and abandoning module CLionSourceCodeAccess (438)
[2025.10.01-01.30.06:214][ 98]LogModuleManager: Shutting down and abandoning module AnimationSharingEd (436)
[2025.10.01-01.30.06:214][ 98]LogModuleManager: Shutting down and abandoning module LiveLinkSequencer (434)
[2025.10.01-01.30.06:214][ 98]LogModuleManager: Shutting down and abandoning module LiveLinkMovieScene (432)
[2025.10.01-01.30.06:214][ 98]LogModuleManager: Shutting down and abandoning module LiveLinkGraphNode (430)
[2025.10.01-01.30.06:214][ 98]LogModuleManager: Shutting down and abandoning module LiveLinkEditor (428)
[2025.10.01-01.30.06:214][ 98]LogModuleManager: Shutting down and abandoning module LiveLinkComponents (426)
[2025.10.01-01.30.06:214][ 98]LogModuleManager: Shutting down and abandoning module LiveLink (424)
[2025.10.01-01.30.06:680][ 98]LogModuleManager: Shutting down and abandoning module LightPropagationVolumeEditor (422)
[2025.10.01-01.30.06:680][ 98]LogModuleManager: Shutting down and abandoning module PaperTiledImporter (420)
[2025.10.01-01.30.06:680][ 98]LogModuleManager: Shutting down and abandoning module PaperSpriteSheetImporter (418)
[2025.10.01-01.30.06:680][ 98]LogModuleManager: Shutting down and abandoning module Paper2DEditor (416)
[2025.10.01-01.30.06:680][ 98]LogModuleManager: Shutting down and abandoning module MeshPaintingToolset (414)
[2025.10.01-01.30.06:680][ 98]LogModuleManager: Shutting down and abandoning module MeshPaintEditorMode (412)
[2025.10.01-01.30.06:680][ 98]LogModuleManager: Shutting down and abandoning module SoundFields (410)
[2025.10.01-01.30.06:680][ 98]LogModuleManager: Shutting down and abandoning module SignificanceManager (408)
[2025.10.01-01.30.06:680][ 98]LogModuleManager: Shutting down and abandoning module RuntimePhysXCooking (406)
[2025.10.01-01.30.06:680][ 98]LogModuleManager: Shutting down and abandoning module PropertyAccessEditor (404)
[2025.10.01-01.30.06:680][ 98]LogModuleManager: Shutting down and abandoning module PhysXVehiclesEditor (402)
[2025.10.01-01.30.06:680][ 98]LogModuleManager: Shutting down and abandoning module LocationServicesBPLibrary (398)
[2025.10.01-01.30.06:680][ 98]LogModuleManager: Shutting down and abandoning module AudioSynesthesia (396)
[2025.10.01-01.30.06:680][ 98]LogModuleManager: Shutting down and abandoning module AudioSynesthesiaCore (394)
[2025.10.01-01.30.06:680][ 98]LogModuleManager: Shutting down and abandoning module ActorSequence (392)
[2025.10.01-01.30.06:680][ 98]LogModuleManager: Shutting down and abandoning module MagicLeapARPin (390)
[2025.10.01-01.30.06:680][ 98]LogModuleManager: Shutting down and abandoning module UdpMessaging (388)
[2025.10.01-01.30.06:782][ 98]LogModuleManager: Shutting down and abandoning module TcpMessaging (386)
