Log file open, 10/13/25 08:08:35
LogWindows: Failed to load 'aqProf.dll' (GetLastError=126)
LogWindows: File 'aqProf.dll' does not exist
LogWindows: Failed to load 'VtuneApi.dll' (GetLastError=126)
LogWindows: File 'VtuneApi.dll' does not exist
LogWindows: Failed to load 'VtuneApi32e.dll' (GetLastError=126)
LogWindows: File 'VtuneApi32e.dll' does not exist
LogConsoleResponse: Display: Failed to find resolution value strings in scalability ini. Falling back to default.
LogConsoleResponse: Display: Failed to find resolution value strings in scalability ini. Falling back to default.
LogInit: Display: Running engine for game: TasteOfMadness
LogPlatformFile: Not using cached read wrapper
LogTaskGraph: Started task graph with 5 named threads and 35 total threads with 3 sets of task threads.
LogStats: Stats thread started at 0.199158
LogICUInternationalization: ICU TimeZone Detection - Raw Offset: -6:00, Platform Override: ''
LogInit: Display: Loading text-based GConfig....
LogPluginManager: Mounting plugin MeshPainting
LogPluginManager: Mounting plugin XGEController
LogPluginManager: Mounting plugin Paper2D
LogPluginManager: Mounting plugin AISupport
LogPluginManager: Mounting plugin LightPropagationVolume
LogPluginManager: Mounting plugin AnimationSharing
LogPluginManager: Mounting plugin EnvironmentQueryEditor
LogPluginManager: Mounting plugin CameraShakePreviewer
LogPluginManager: Mounting plugin LiveLink
LogPluginManager: Mounting plugin GameplayCameras
LogPluginManager: Mounting plugin CodeLiteSourceCodeAccess
LogPluginManager: Mounting plugin KDevelopSourceCodeAccess
LogPluginManager: Mounting plugin NullSourceCodeAccess
LogPluginManager: Mounting plugin PixWinPlugin
LogPluginManager: Mounting plugin CLionSourceCodeAccess
LogPluginManager: Mounting plugin PluginUtils
LogPluginManager: Mounting plugin PlasticSourceControl
LogPluginManager: Mounting plugin PerforceSourceControl
LogPluginManager: Mounting plugin PropertyAccessNode
LogPluginManager: Mounting plugin UObjectPlugin
LogPluginManager: Mounting plugin VisualStudioCodeSourceCodeAccess
LogPluginManager: Mounting plugin VisualStudioSourceCodeAccess
LogPluginManager: Mounting plugin TextureFormatOodle
LogPluginManager: Mounting plugin GitSourceControl
LogPluginManager: Mounting plugin XCodeSourceCodeAccess
LogPluginManager: Mounting plugin OodleNetwork
LogPluginManager: Mounting plugin OodleData
LogPluginManager: Mounting plugin SubversionSourceControl
LogPluginManager: Mounting plugin DatasmithContent
LogPluginManager: Mounting plugin AlembicImporter
LogPluginManager: Mounting plugin VariantManagerContent
LogPluginManager: Mounting plugin AutomationUtils
LogPluginManager: Mounting plugin RiderSourceCodeAccess
LogPluginManager: Mounting plugin BackChannel
LogPluginManager: Mounting plugin ChaosEditor
LogPluginManager: Mounting plugin ChaosCloth
LogPluginManager: Mounting plugin ChaosClothEditor
LogPluginManager: Mounting plugin ChaosNiagara
LogPluginManager: Mounting plugin AssetManagerEditor
LogPluginManager: Mounting plugin ChaosSolverPlugin
LogPluginManager: Mounting plugin CharacterAI
LogPluginManager: Mounting plugin GeometryCache
LogPluginManager: Mounting plugin CryptoKeys
LogPluginManager: Mounting plugin CurveEditorTools
LogPluginManager: Mounting plugin GeometryCollectionPlugin
LogPluginManager: Mounting plugin DataValidation
LogPluginManager: Mounting plugin FacialAnimation
LogPluginManager: Mounting plugin GameplayTagsEditor
LogPluginManager: Mounting plugin GeometryMode
LogPluginManager: Mounting plugin MacGraphicsSwitching
LogPluginManager: Mounting plugin MaterialAnalyzer
LogPluginManager: Mounting plugin MobileLauncherProfileWizard
LogPluginManager: Mounting plugin PluginBrowser
LogPluginManager: Mounting plugin SpeedTreeImporter
LogPluginManager: Mounting plugin MagicLeap
LogPluginManager: Mounting plugin GeometryProcessing
LogPluginManager: Mounting plugin MagicLeapLightEstimation
LogPluginManager: Mounting plugin MagicLeapMedia
LogPluginManager: Mounting plugin MagicLeapPassableWorld
LogPluginManager: Mounting plugin LuminPlatformFeatures
LogPluginManager: Mounting plugin OpenImageDenoise
LogPluginManager: Mounting plugin MotoSynth
LogPluginManager: Mounting plugin AndroidMedia
LogPluginManager: Mounting plugin Niagara
LogPluginManager: Mounting plugin AvfMedia
LogPluginManager: Mounting plugin MLSDK
LogPluginManager: Mounting plugin ImgMedia
LogPluginManager: Mounting plugin MediaCompositing
LogPluginManager: Mounting plugin MediaPlayerEditor
LogPluginManager: Mounting plugin PlanarCut
LogPluginManager: Mounting plugin PlatformCrypto
LogPluginManager: Mounting plugin ProxyLODPlugin
LogPluginManager: Mounting plugin WebMMedia
LogPluginManager: Mounting plugin PythonScriptPlugin
LogPluginManager: Mounting plugin WmfMedia
LogPluginManager: Mounting plugin SkeletalReduction
LogPluginManager: Mounting plugin ActorSequence
LogPluginManager: Mounting plugin LevelSequenceEditor
LogPluginManager: Mounting plugin MatineeToLevelSequence
LogPluginManager: Mounting plugin TemplateSequence
LogPluginManager: Mounting plugin OnlineSubsystem
LogPluginManager: Mounting plugin OnlineSubsystemNull
LogPluginManager: Mounting plugin OnlineSubsystemUtils
LogPluginManager: Mounting plugin LauncherChunkInstaller
LogPluginManager: Mounting plugin TcpMessaging
LogPluginManager: Mounting plugin ActorLayerUtilities
LogPluginManager: Mounting plugin AndroidMoviePlayer
LogPluginManager: Mounting plugin UdpMessaging
LogPluginManager: Mounting plugin AndroidDeviceProfileSelector
LogPluginManager: Mounting plugin AndroidPermission
LogPluginManager: Mounting plugin AppleImageUtils
LogPluginManager: Mounting plugin AppleMoviePlayer
LogPluginManager: Mounting plugin AssetTags
LogPluginManager: Mounting plugin ArchVisCharacter
LogPluginManager: Mounting plugin AudioCapture
LogPluginManager: Mounting plugin AudioSynesthesia
LogPluginManager: Mounting plugin CustomMeshComponent
LogPluginManager: Mounting plugin CableComponent
LogPluginManager: Mounting plugin ChunkDownloader
LogPluginManager: Mounting plugin EditableMesh
LogPluginManager: Mounting plugin ExampleDeviceProfileSelector
LogPluginManager: Mounting plugin GoogleCloudMessaging
LogPluginManager: Mounting plugin GooglePAD
LogPluginManager: Mounting plugin IOSDeviceProfileSelector
LogPluginManager: Mounting plugin LinuxDeviceProfileSelector
LogPluginManager: Mounting plugin MobilePatchingUtils
LogPluginManager: Mounting plugin LocationServicesBPLibrary
LogPluginManager: Mounting plugin OpenXR
LogPluginManager: Mounting plugin OpenXRHandTracking
LogPluginManager: Mounting plugin OpenXREyeTracker
LogPluginManager: Mounting plugin ScreenshotTools
LogPluginManager: Mounting plugin PhysXVehicles
LogPluginManager: Mounting plugin Takes
LogPluginManager: Mounting plugin PostSplashScreen
LogPluginManager: Mounting plugin ProceduralMeshComponent
LogPluginManager: Mounting plugin PropertyAccessEditor
LogPluginManager: Mounting plugin SoundFields
LogPluginManager: Mounting plugin RuntimePhysXCooking
LogPluginManager: Mounting plugin SignificanceManager
LogPluginManager: Mounting plugin Synthesis
LogPluginManager: Mounting plugin WebMMoviePlayer
LogPluginManager: Mounting plugin WindowsMoviePlayer
LogPluginManager: Mounting plugin ContentBrowserAssetDataSource
LogPluginManager: Mounting plugin ContentBrowserFileDataSource
LogPluginManager: Mounting plugin ContentBrowserClassDataSource
LogPluginManager: Mounting plugin OnlineSubsystemIOS
LogPluginManager: Mounting plugin OnlineSubsystemGooglePlay
LogPluginManager: Mounting plugin OculusVR
LogPluginManager: Mounting plugin SteamVR
PixWinPlugin: PIX capture plugin failed to initialize! Check that the process is launched from PIX.
LogInit: Using libcurl 7.55.1-DEV
LogInit:  - built for x86_64-pc-win32
LogInit:  - supports SSL with OpenSSL/1.1.1
LogInit:  - supports HTTP deflate (compression) using libz 1.2.8
LogInit:  - other features:
LogInit:      CURL_VERSION_SSL
LogInit:      CURL_VERSION_LIBZ
LogInit:      CURL_VERSION_IPV6
LogInit:      CURL_VERSION_ASYNCHDNS
LogInit:      CURL_VERSION_LARGEFILE
LogInit:      CURL_VERSION_IDN
LogInit:  CurlRequestOptions (configurable via config and command line):
LogInit:  - bVerifyPeer = true  - Libcurl will verify peer certificate
LogInit:  - bUseHttpProxy = false  - Libcurl will NOT use HTTP proxy
LogInit:  - bDontReuseConnections = false  - Libcurl will reuse connections
LogInit:  - MaxHostConnections = 16  - Libcurl will limit the number of connections to a host
LogInit:  - LocalHostAddr = Default
LogInit:  - BufferSize = 65536
LogOnline: OSS: Creating online subsystem instance for: NULL
LogInit: WinSock: version 1.1 (2.2), MaxSocks=32767, MaxUdp=65467
LogOnline: OSS: TryLoadSubsystemAndSetDefault: Loaded subsystem for module [NULL]
LogOculusPluginWrapper: OculusPlugin initialized successfully
LogHMD: Failed initializing OVRPlugin 1.59.0
LogInit: Build: ++UE4+Release-4.27-CL-18319896
LogInit: Engine Version: 4.27.2-18319896+++UE4+Release-4.27
LogInit: Compatible Engine Version: 4.27.0-17155196+++UE4+Release-4.27
LogInit: Net CL: 17155196
LogInit: OS: Windows 10 (Release 2009) (), CPU: AMD Ryzen 5 5600 6-Core Processor              , GPU: NVIDIA GeForce RTX 3060
LogInit: Compiled (64-bit): Nov 30 2021 07:12:08
LogInit: Compiled with Visual C++: 19.24.28315.00
LogInit: Build Configuration: Development
LogInit: Branch Name: ++UE4+Release-4.27
LogInit: Command Line: 
LogInit: Base Directory: E:/Epic/UE_4.27/Engine/Binaries/Win64/
LogInit: Allocator: TBB
LogInit: Installed Engine Build: 1
LogDevObjectVersion: Number of dev versions registered: 29
LogDevObjectVersion:   Dev-Blueprints (B0D832E4-1F89-4F0D-ACCF-7EB736FD4AA2): 10
LogDevObjectVersion:   Dev-Build (E1C64328-A22C-4D53-A36C-8E866417BD8C): 0
LogDevObjectVersion:   Dev-Core (375EC13C-06E4-48FB-B500-84F0262A717E): 4
LogDevObjectVersion:   Dev-Editor (E4B068ED-F494-42E9-A231-DA0B2E46BB41): 40
LogDevObjectVersion:   Dev-Framework (CFFC743F-43B0-4480-9391-14DF171D2073): 37
LogDevObjectVersion:   Dev-Mobile (B02B49B5-BB20-44E9-A304-32B752E40360): 3
LogDevObjectVersion:   Dev-Networking (A4E4105C-59A1-49B5-A7C5-40C4547EDFEE): 0
LogDevObjectVersion:   Dev-Online (39C831C9-5AE6-47DC-9A44-9C173E1C8E7C): 0
LogDevObjectVersion:   Dev-Physics (78F01B33-EBEA-4F98-B9B4-84EACCB95AA2): 14
LogDevObjectVersion:   Dev-Platform (6631380F-2D4D-43E0-8009-CF276956A95A): 0
LogDevObjectVersion:   Dev-Rendering (12F88B9F-8875-4AFC-A67C-D90C383ABD29): 45
LogDevObjectVersion:   Dev-Sequencer (7B5AE74C-D270-4C10-A958-57980B212A5A): 13
LogDevObjectVersion:   Dev-VR (D7296918-1DD6-4BDD-9DE2-64A83CC13884): 3
LogDevObjectVersion:   Dev-LoadTimes (C2A15278-BFE7-4AFE-6C17-90FF531DF755): 1
LogDevObjectVersion:   Private-Geometry (6EACA3D4-40EC-4CC1-B786-8BED09428FC5): 3
LogDevObjectVersion:   Dev-AnimPhys (29E575DD-E0A3-4627-9D10-D276232CDCEA): 17
LogDevObjectVersion:   Dev-Anim (AF43A65D-7FD3-4947-9873-3E8ED9C1BB05): 15
LogDevObjectVersion:   Dev-ReflectionCapture (6B266CEC-1EC7-4B8F-A30B-E4D90942FC07): 1
LogDevObjectVersion:   Dev-Automation (0DF73D61-A23F-47EA-B727-89E90C41499A): 1
LogDevObjectVersion:   FortniteMain (601D1886-AC64-4F84-AA16-D3DE0DEAC7D6): 47
LogDevObjectVersion:   FortniteRelease (E7086368-6B23-4C58-8439-1B7016265E91): 1
LogDevObjectVersion:   Dev-Enterprise (9DFFBCD6-494F-0158-E221-12823C92A888): 10
LogDevObjectVersion:   Dev-Niagara (F2AED0AC-9AFE-416F-8664-AA7FFA26D6FC): 1
LogDevObjectVersion:   Dev-Destruction (174F1F0B-B4C6-45A5-B13F-2EE8D0FB917D): 10
LogDevObjectVersion:   Dev-Physics-Ext (35F94A83-E258-406C-A318-09F59610247C): 41
LogDevObjectVersion:   Dev-PhysicsMaterial-Chaos (B68FC16E-8B1B-42E2-B453-215C058844FE): 1
LogDevObjectVersion:   Dev-CineCamera (B2E18506-4273-CFC2-A54E-F4BB758BBA07): 1
LogDevObjectVersion:   Dev-VirtualProduction (64F58936-FD1B-42BA-BA96-7289D5D0FA4E): 1
LogDevObjectVersion:   Dev-MediaFramework (6F0ED827-A609-4895-9C91-998D90180EA4): 2
LogInit: Presizing for max 25165824 objects, including 0 objects not considered by GC, pre-allocating 0 bytes for permanent pool.
LogConfig: Applying CVar settings from Section [/Script/Engine.StreamingSettings] File [C:/Users/PC/Documents/GitHub/TasteOfMadness/TasteOfMadness/Saved/Config/Windows/Engine.ini]
LogConfig: Setting CVar [[s.MinBulkDataSizeForAsyncLoading:131072]]
LogConfig: Setting CVar [[s.AsyncLoadingThreadEnabled:0]]
LogConfig: Setting CVar [[s.EventDrivenLoaderEnabled:1]]
LogConfig: Setting CVar [[s.WarnIfTimeLimitExceeded:0]]
LogConfig: Setting CVar [[s.TimeLimitExceededMultiplier:1.5]]
LogConfig: Setting CVar [[s.TimeLimitExceededMinTime:0.005]]
LogConfig: Setting CVar [[s.UseBackgroundLevelStreaming:1]]
LogConfig: Setting CVar [[s.PriorityAsyncLoadingExtraTime:15.0]]
LogConfig: Setting CVar [[s.LevelStreamingActorsUpdateTimeLimit:5.0]]
LogConfig: Setting CVar [[s.PriorityLevelStreamingActorsUpdateExtraTime:5.0]]
LogConfig: Setting CVar [[s.LevelStreamingComponentsRegistrationGranularity:10]]
LogConfig: Setting CVar [[s.UnregisterComponentsTimeLimit:1.0]]
LogConfig: Setting CVar [[s.LevelStreamingComponentsUnregistrationGranularity:5]]
LogConfig: Setting CVar [[s.FlushStreamingOnExit:1]]
LogInit: Object subsystem initialized
LogConfig: Setting CVar [[con.DebugEarlyDefault:1]]
LogConfig: Setting CVar [[r.setres:1280x720]]
[2025.10.13-14.08.35:560][  0]LogConfig: Setting CVar [[r.VSync:0]]
[2025.10.13-14.08.35:560][  0]LogConfig: Setting CVar [[r.RHICmdBypass:0]]
[2025.10.13-14.08.35:560][  0]LogConfig: Applying CVar settings from Section [/Script/Engine.RendererSettings] File [C:/Users/PC/Documents/GitHub/TasteOfMadness/TasteOfMadness/Saved/Config/Windows/Engine.ini]
[2025.10.13-14.08.35:560][  0]LogConfig: Setting CVar [[r.GPUCrashDebugging:0]]
[2025.10.13-14.08.35:560][  0]LogConfig: Applying CVar settings from Section [/Script/Engine.RendererOverrideSettings] File [C:/Users/PC/Documents/GitHub/TasteOfMadness/TasteOfMadness/Saved/Config/Windows/Engine.ini]
[2025.10.13-14.08.35:560][  0]LogConfig: Applying CVar settings from Section [/Script/Engine.StreamingSettings] File [C:/Users/PC/Documents/GitHub/TasteOfMadness/TasteOfMadness/Saved/Config/Windows/Engine.ini]
[2025.10.13-14.08.35:560][  0]LogConfig: Setting CVar [[s.MinBulkDataSizeForAsyncLoading:131072]]
[2025.10.13-14.08.35:560][  0]LogConfig: Setting CVar [[s.AsyncLoadingThreadEnabled:0]]
[2025.10.13-14.08.35:560][  0]LogConfig: Setting CVar [[s.EventDrivenLoaderEnabled:1]]
[2025.10.13-14.08.35:560][  0]LogConfig: Setting CVar [[s.WarnIfTimeLimitExceeded:0]]
[2025.10.13-14.08.35:560][  0]LogConfig: Setting CVar [[s.TimeLimitExceededMultiplier:1.5]]
[2025.10.13-14.08.35:560][  0]LogConfig: Setting CVar [[s.TimeLimitExceededMinTime:0.005]]
[2025.10.13-14.08.35:560][  0]LogConfig: Setting CVar [[s.UseBackgroundLevelStreaming:1]]
[2025.10.13-14.08.35:560][  0]LogConfig: Setting CVar [[s.PriorityAsyncLoadingExtraTime:15.0]]
[2025.10.13-14.08.35:560][  0]LogConfig: Setting CVar [[s.LevelStreamingActorsUpdateTimeLimit:5.0]]
[2025.10.13-14.08.35:560][  0]LogConfig: Setting CVar [[s.PriorityLevelStreamingActorsUpdateExtraTime:5.0]]
[2025.10.13-14.08.35:560][  0]LogConfig: Setting CVar [[s.LevelStreamingComponentsRegistrationGranularity:10]]
[2025.10.13-14.08.35:560][  0]LogConfig: Setting CVar [[s.UnregisterComponentsTimeLimit:1.0]]
[2025.10.13-14.08.35:560][  0]LogConfig: Setting CVar [[s.LevelStreamingComponentsUnregistrationGranularity:5]]
[2025.10.13-14.08.35:560][  0]LogConfig: Setting CVar [[s.FlushStreamingOnExit:1]]
[2025.10.13-14.08.35:560][  0]LogConfig: Applying CVar settings from Section [/Script/Engine.GarbageCollectionSettings] File [C:/Users/PC/Documents/GitHub/TasteOfMadness/TasteOfMadness/Saved/Config/Windows/Engine.ini]
[2025.10.13-14.08.35:560][  0]LogConfig: Setting CVar [[gc.MaxObjectsNotConsideredByGC:1]]
[2025.10.13-14.08.35:560][  0]LogConfig: Setting CVar [[gc.SizeOfPermanentObjectPool:0]]
[2025.10.13-14.08.35:560][  0]LogConfig: Setting CVar [[gc.FlushStreamingOnGC:0]]
[2025.10.13-14.08.35:560][  0]LogConfig: Setting CVar [[gc.NumRetriesBeforeForcingGC:10]]
[2025.10.13-14.08.35:560][  0]LogConfig: Setting CVar [[gc.AllowParallelGC:1]]
[2025.10.13-14.08.35:560][  0]LogConfig: Setting CVar [[gc.TimeBetweenPurgingPendingKillObjects:61.1]]
[2025.10.13-14.08.35:560][  0]LogConfig: Setting CVar [[gc.MaxObjectsInEditor:25165824]]
[2025.10.13-14.08.35:560][  0]LogConfig: Setting CVar [[gc.IncrementalBeginDestroyEnabled:1]]
[2025.10.13-14.08.35:560][  0]LogConfig: Setting CVar [[gc.CreateGCClusters:1]]
[2025.10.13-14.08.35:560][  0]LogConfig: Setting CVar [[gc.MinGCClusterSize:5]]
[2025.10.13-14.08.35:560][  0]LogConfig: Setting CVar [[gc.ActorClusteringEnabled:0]]
[2025.10.13-14.08.35:560][  0]LogConfig: Setting CVar [[gc.BlueprintClusteringEnabled:0]]
[2025.10.13-14.08.35:560][  0]LogConfig: Setting CVar [[gc.UseDisregardForGCOnDedicatedServers:0]]
[2025.10.13-14.08.35:560][  0]LogConfig: Setting CVar [[gc.MultithreadedDestructionEnabled:1]]
[2025.10.13-14.08.35:560][  0]LogConfig: Applying CVar settings from Section [/Script/Engine.NetworkSettings] File [C:/Users/PC/Documents/GitHub/TasteOfMadness/TasteOfMadness/Saved/Config/Windows/Engine.ini]
[2025.10.13-14.08.35:560][  0]LogConfig: Applying CVar settings from Section [/Script/UnrealEd.CookerSettings] File [C:/Users/PC/Documents/GitHub/TasteOfMadness/TasteOfMadness/Saved/Config/Windows/Engine.ini]
[2025.10.13-14.08.35:576][  0]LogConfig: Applying CVar settings from Section [ViewDistanceQuality@3] File [C:/Users/PC/Documents/GitHub/TasteOfMadness/TasteOfMadness/Saved/Config/Windows/Scalability.ini]
[2025.10.13-14.08.35:576][  0]LogConfig: Setting CVar [[r.SkeletalMeshLODBias:0]]
[2025.10.13-14.08.35:576][  0]LogConfig: Setting CVar [[r.ViewDistanceScale:1.0]]
[2025.10.13-14.08.35:576][  0]LogConfig: Applying CVar settings from Section [AntiAliasingQuality@3] File [C:/Users/PC/Documents/GitHub/TasteOfMadness/TasteOfMadness/Saved/Config/Windows/Scalability.ini]
[2025.10.13-14.08.35:576][  0]LogConfig: Setting CVar [[r.PostProcessAAQuality:4]]
[2025.10.13-14.08.35:576][  0]LogConfig: Applying CVar settings from Section [ShadowQuality@3] File [C:/Users/PC/Documents/GitHub/TasteOfMadness/TasteOfMadness/Saved/Config/Windows/Scalability.ini]
[2025.10.13-14.08.35:576][  0]LogConfig: Setting CVar [[r.LightFunctionQuality:1]]
[2025.10.13-14.08.35:576][  0]LogConfig: Setting CVar [[r.ShadowQuality:5]]
[2025.10.13-14.08.35:576][  0]LogConfig: Setting CVar [[r.Shadow.CSM.MaxCascades:10]]
[2025.10.13-14.08.35:576][  0]LogConfig: Setting CVar [[r.Shadow.MaxResolution:2048]]
[2025.10.13-14.08.35:576][  0]LogConfig: Setting CVar [[r.Shadow.MaxCSMResolution:2048]]
[2025.10.13-14.08.35:576][  0]LogConfig: Setting CVar [[r.Shadow.RadiusThreshold:0.01]]
[2025.10.13-14.08.35:576][  0]LogConfig: Setting CVar [[r.Shadow.DistanceScale:1.0]]
[2025.10.13-14.08.35:576][  0]LogConfig: Setting CVar [[r.Shadow.CSM.TransitionScale:1.0]]
[2025.10.13-14.08.35:576][  0]LogConfig: Setting CVar [[r.Shadow.PreShadowResolutionFactor:1.0]]
[2025.10.13-14.08.35:576][  0]LogConfig: Setting CVar [[r.DistanceFieldShadowing:1]]
[2025.10.13-14.08.35:576][  0]LogConfig: Setting CVar [[r.DistanceFieldAO:1]]
[2025.10.13-14.08.35:576][  0]LogConfig: Setting CVar [[r.AOQuality:2]]
[2025.10.13-14.08.35:576][  0]LogConfig: Setting CVar [[r.VolumetricFog:1]]
[2025.10.13-14.08.35:576][  0]LogConfig: Setting CVar [[r.VolumetricFog.GridPixelSize:8]]
[2025.10.13-14.08.35:576][  0]LogConfig: Setting CVar [[r.VolumetricFog.GridSizeZ:128]]
[2025.10.13-14.08.35:576][  0]LogConfig: Setting CVar [[r.VolumetricFog.HistoryMissSupersampleCount:4]]
[2025.10.13-14.08.35:576][  0]LogConfig: Setting CVar [[r.LightMaxDrawDistanceScale:1]]
[2025.10.13-14.08.35:576][  0]LogConfig: Setting CVar [[r.CapsuleShadows:1]]
[2025.10.13-14.08.35:576][  0]LogConfig: Applying CVar settings from Section [PostProcessQuality@3] File [C:/Users/PC/Documents/GitHub/TasteOfMadness/TasteOfMadness/Saved/Config/Windows/Scalability.ini]
[2025.10.13-14.08.35:576][  0]LogConfig: Setting CVar [[r.MotionBlurQuality:4]]
[2025.10.13-14.08.35:576][  0]LogConfig: Setting CVar [[r.AmbientOcclusionMipLevelFactor:0.4]]
[2025.10.13-14.08.35:576][  0]LogConfig: Setting CVar [[r.AmbientOcclusionMaxQuality:100]]
[2025.10.13-14.08.35:576][  0]LogConfig: Setting CVar [[r.AmbientOcclusionLevels:-1]]
[2025.10.13-14.08.35:576][  0]LogConfig: Setting CVar [[r.AmbientOcclusionRadiusScale:1.0]]
[2025.10.13-14.08.35:576][  0]LogConfig: Setting CVar [[r.DepthOfFieldQuality:2]]
[2025.10.13-14.08.35:576][  0]LogConfig: Setting CVar [[r.RenderTargetPoolMin:400]]
[2025.10.13-14.08.35:576][  0]LogConfig: Setting CVar [[r.LensFlareQuality:2]]
[2025.10.13-14.08.35:576][  0]LogConfig: Setting CVar [[r.SceneColorFringeQuality:1]]
[2025.10.13-14.08.35:576][  0]LogConfig: Setting CVar [[r.EyeAdaptationQuality:2]]
[2025.10.13-14.08.35:576][  0]LogConfig: Setting CVar [[r.BloomQuality:5]]
[2025.10.13-14.08.35:576][  0]LogConfig: Setting CVar [[r.FastBlurThreshold:100]]
[2025.10.13-14.08.35:576][  0]LogConfig: Setting CVar [[r.Upscale.Quality:3]]
[2025.10.13-14.08.35:576][  0]LogConfig: Setting CVar [[r.Tonemapper.GrainQuantization:1]]
[2025.10.13-14.08.35:576][  0]LogConfig: Setting CVar [[r.LightShaftQuality:1]]
[2025.10.13-14.08.35:576][  0]LogConfig: Setting CVar [[r.Filter.SizeScale:1]]
[2025.10.13-14.08.35:576][  0]LogConfig: Setting CVar [[r.Tonemapper.Quality:5]]
[2025.10.13-14.08.35:576][  0]LogConfig: Setting CVar [[r.DOF.Gather.AccumulatorQuality:1        ; higher gathering accumulator quality]]
[2025.10.13-14.08.35:576][  0]LogConfig: Setting CVar [[r.DOF.Gather.PostfilterMethod:1          ; Median3x3 postfilering method]]
[2025.10.13-14.08.35:576][  0]LogConfig: Setting CVar [[r.DOF.Gather.EnableBokehSettings:0       ; no bokeh simulation when gathering]]
[2025.10.13-14.08.35:576][  0]LogConfig: Setting CVar [[r.DOF.Gather.RingCount:4                 ; medium number of samples when gathering]]
[2025.10.13-14.08.35:576][  0]LogConfig: Setting CVar [[r.DOF.Scatter.ForegroundCompositing:1    ; additive foreground scattering]]
[2025.10.13-14.08.35:576][  0]LogConfig: Setting CVar [[r.DOF.Scatter.BackgroundCompositing:2    ; additive background scattering]]
[2025.10.13-14.08.35:576][  0]LogConfig: Setting CVar [[r.DOF.Scatter.EnableBokehSettings:1      ; bokeh simulation when scattering]]
[2025.10.13-14.08.35:576][  0]LogConfig: Setting CVar [[r.DOF.Scatter.MaxSpriteRatio:0.1         ; only a maximum of 10% of scattered bokeh]]
[2025.10.13-14.08.35:577][  0]LogConfig: Setting CVar [[r.DOF.Recombine.Quality:1                ; cheap slight out of focus]]
[2025.10.13-14.08.35:577][  0]LogConfig: Setting CVar [[r.DOF.Recombine.EnableBokehSettings:0    ; no bokeh simulation on slight out of focus]]
[2025.10.13-14.08.35:577][  0]LogConfig: Setting CVar [[r.DOF.TemporalAAQuality:1                ; more stable temporal accumulation]]
[2025.10.13-14.08.35:577][  0]LogConfig: Setting CVar [[r.DOF.Kernel.MaxForegroundRadius:0.025]]
[2025.10.13-14.08.35:577][  0]LogConfig: Setting CVar [[r.DOF.Kernel.MaxBackgroundRadius:0.025]]
[2025.10.13-14.08.35:577][  0]LogConfig: Applying CVar settings from Section [TextureQuality@3] File [C:/Users/PC/Documents/GitHub/TasteOfMadness/TasteOfMadness/Saved/Config/Windows/Scalability.ini]
[2025.10.13-14.08.35:577][  0]LogConfig: Setting CVar [[r.Streaming.MipBias:0]]
[2025.10.13-14.08.35:577][  0]LogConfig: Setting CVar [[r.Streaming.AmortizeCPUToGPUCopy:0]]
[2025.10.13-14.08.35:577][  0]LogConfig: Setting CVar [[r.Streaming.MaxNumTexturesToStreamPerFrame:0]]
[2025.10.13-14.08.35:577][  0]LogConfig: Setting CVar [[r.Streaming.Boost:1]]
[2025.10.13-14.08.35:577][  0]LogConfig: Setting CVar [[r.MaxAnisotropy:8]]
[2025.10.13-14.08.35:577][  0]LogConfig: Setting CVar [[r.VT.MaxAnisotropy:8]]
[2025.10.13-14.08.35:577][  0]LogConfig: Setting CVar [[r.Streaming.LimitPoolSizeToVRAM:0]]
[2025.10.13-14.08.35:577][  0]LogConfig: Setting CVar [[r.Streaming.PoolSize:1000]]
[2025.10.13-14.08.35:577][  0]LogConfig: Setting CVar [[r.Streaming.MaxEffectiveScreenSize:0]]
[2025.10.13-14.08.35:577][  0]LogConfig: Applying CVar settings from Section [EffectsQuality@3] File [C:/Users/PC/Documents/GitHub/TasteOfMadness/TasteOfMadness/Saved/Config/Windows/Scalability.ini]
[2025.10.13-14.08.35:577][  0]LogConfig: Setting CVar [[r.TranslucencyLightingVolumeDim:64]]
[2025.10.13-14.08.35:577][  0]LogConfig: Setting CVar [[r.RefractionQuality:2]]
[2025.10.13-14.08.35:577][  0]LogConfig: Setting CVar [[r.SSR.Quality:3]]
[2025.10.13-14.08.35:577][  0]LogConfig: Setting CVar [[r.SSR.HalfResSceneColor:0]]
[2025.10.13-14.08.35:577][  0]LogConfig: Setting CVar [[r.SceneColorFormat:4]]
[2025.10.13-14.08.35:577][  0]LogConfig: Setting CVar [[r.DetailMode:2]]
[2025.10.13-14.08.35:577][  0]LogConfig: Setting CVar [[r.TranslucencyVolumeBlur:1]]
[2025.10.13-14.08.35:577][  0]LogConfig: Setting CVar [[r.MaterialQualityLevel:1 ; High quality]]
[2025.10.13-14.08.35:577][  0]LogConfig: Setting CVar [[r.AnisotropicMaterials:1]]
[2025.10.13-14.08.35:577][  0]LogConfig: Setting CVar [[r.SSS.Scale:1]]
[2025.10.13-14.08.35:577][  0]LogConfig: Setting CVar [[r.SSS.SampleSet:2]]
[2025.10.13-14.08.35:577][  0]LogConfig: Setting CVar [[r.SSS.Quality:1]]
[2025.10.13-14.08.35:577][  0]LogConfig: Setting CVar [[r.SSS.HalfRes:0]]
[2025.10.13-14.08.35:577][  0]LogConfig: Setting CVar [[r.SSGI.Quality:3]]
[2025.10.13-14.08.35:577][  0]LogConfig: Setting CVar [[r.EmitterSpawnRateScale:1.0]]
[2025.10.13-14.08.35:577][  0]LogConfig: Setting CVar [[r.ParticleLightQuality:2]]
[2025.10.13-14.08.35:577][  0]LogConfig: Setting CVar [[r.SkyAtmosphere.AerialPerspectiveLUT.FastApplyOnOpaque:1 ; Always have FastSkyLUT 1 in this case to avoid wrong sky]]
[2025.10.13-14.08.35:577][  0]LogConfig: Setting CVar [[r.SkyAtmosphere.AerialPerspectiveLUT.SampleCountMaxPerSlice:4]]
[2025.10.13-14.08.35:577][  0]LogConfig: Setting CVar [[r.SkyAtmosphere.AerialPerspectiveLUT.DepthResolution:16.0]]
[2025.10.13-14.08.35:577][  0]LogConfig: Setting CVar [[r.SkyAtmosphere.FastSkyLUT:1]]
[2025.10.13-14.08.35:577][  0]LogConfig: Setting CVar [[r.SkyAtmosphere.FastSkyLUT.SampleCountMin:4.0]]
[2025.10.13-14.08.35:577][  0]LogConfig: Setting CVar [[r.SkyAtmosphere.FastSkyLUT.SampleCountMax:128.0]]
[2025.10.13-14.08.35:577][  0]LogConfig: Setting CVar [[r.SkyAtmosphere.SampleCountMin:4.0]]
[2025.10.13-14.08.35:577][  0]LogConfig: Setting CVar [[r.SkyAtmosphere.SampleCountMax:128.0]]
[2025.10.13-14.08.35:577][  0]LogConfig: Setting CVar [[r.SkyAtmosphere.TransmittanceLUT.UseSmallFormat:0]]
[2025.10.13-14.08.35:577][  0]LogConfig: Setting CVar [[r.SkyAtmosphere.TransmittanceLUT.SampleCount:10.0]]
[2025.10.13-14.08.35:577][  0]LogConfig: Setting CVar [[r.SkyAtmosphere.MultiScatteringLUT.SampleCount:15.0]]
[2025.10.13-14.08.35:577][  0]LogConfig: Setting CVar [[r.SkyLight.RealTimeReflectionCapture:1]]
[2025.10.13-14.08.35:577][  0]LogConfig: Applying CVar settings from Section [FoliageQuality@3] File [C:/Users/PC/Documents/GitHub/TasteOfMadness/TasteOfMadness/Saved/Config/Windows/Scalability.ini]
[2025.10.13-14.08.35:577][  0]LogConfig: Setting CVar [[foliage.DensityScale:1.0]]
[2025.10.13-14.08.35:577][  0]LogConfig: Setting CVar [[grass.DensityScale:1.0]]
[2025.10.13-14.08.35:577][  0]LogConfig: Applying CVar settings from Section [ShadingQuality@3] File [C:/Users/PC/Documents/GitHub/TasteOfMadness/TasteOfMadness/Saved/Config/Windows/Scalability.ini]
[2025.10.13-14.08.35:577][  0]LogConfig: Setting CVar [[r.HairStrands.SkyLighting.IntegrationType:2]]
[2025.10.13-14.08.35:577][  0]LogConfig: Setting CVar [[r.HairStrands.SkyAO.SampleCount:4]]
[2025.10.13-14.08.35:577][  0]LogConfig: Setting CVar [[r.HairStrands.Visibility.MSAA.SamplePerPixel:4]]
[2025.10.13-14.08.35:577][  0]LogInit: Selected Device Profile: [Windows]
[2025.10.13-14.08.35:577][  0]LogInit: Applying CVar settings loaded from the selected device profile: [Windows]
[2025.10.13-14.08.35:577][  0]LogHAL: Display: Platform has ~ 24 GB [25689112576 / 34359738368 / 24], which maps to Larger [LargestMinGB=32, LargerMinGB=12, DefaultMinGB=8, SmallerMinGB=6, SmallestMinGB=0)
[2025.10.13-14.08.35:577][  0]LogInit: Going up to parent DeviceProfile []
[2025.10.13-14.08.35:577][  0]LogConfig: Applying CVar settings from Section [ViewDistanceQuality@3] File [C:/Users/PC/Documents/GitHub/TasteOfMadness/TasteOfMadness/Saved/Config/Windows/Scalability.ini]
[2025.10.13-14.08.35:577][  0]LogConfig: Setting CVar [[r.SkeletalMeshLODBias:0]]
[2025.10.13-14.08.35:577][  0]LogConfig: Setting CVar [[r.ViewDistanceScale:1.0]]
[2025.10.13-14.08.35:577][  0]LogConfig: Applying CVar settings from Section [AntiAliasingQuality@3] File [C:/Users/PC/Documents/GitHub/TasteOfMadness/TasteOfMadness/Saved/Config/Windows/Scalability.ini]
[2025.10.13-14.08.35:577][  0]LogConfig: Setting CVar [[r.PostProcessAAQuality:4]]
[2025.10.13-14.08.35:577][  0]LogConfig: Applying CVar settings from Section [ShadowQuality@3] File [C:/Users/PC/Documents/GitHub/TasteOfMadness/TasteOfMadness/Saved/Config/Windows/Scalability.ini]
[2025.10.13-14.08.35:577][  0]LogConfig: Setting CVar [[r.LightFunctionQuality:1]]
[2025.10.13-14.08.35:577][  0]LogConfig: Setting CVar [[r.ShadowQuality:5]]
[2025.10.13-14.08.35:577][  0]LogConfig: Setting CVar [[r.Shadow.CSM.MaxCascades:10]]
[2025.10.13-14.08.35:577][  0]LogConfig: Setting CVar [[r.Shadow.MaxResolution:2048]]
[2025.10.13-14.08.35:577][  0]LogConfig: Setting CVar [[r.Shadow.MaxCSMResolution:2048]]
[2025.10.13-14.08.35:577][  0]LogConfig: Setting CVar [[r.Shadow.RadiusThreshold:0.01]]
[2025.10.13-14.08.35:577][  0]LogConfig: Setting CVar [[r.Shadow.DistanceScale:1.0]]
[2025.10.13-14.08.35:577][  0]LogConfig: Setting CVar [[r.Shadow.CSM.TransitionScale:1.0]]
[2025.10.13-14.08.35:577][  0]LogConfig: Setting CVar [[r.Shadow.PreShadowResolutionFactor:1.0]]
[2025.10.13-14.08.35:577][  0]LogConfig: Setting CVar [[r.DistanceFieldShadowing:1]]
[2025.10.13-14.08.35:577][  0]LogConfig: Setting CVar [[r.DistanceFieldAO:1]]
[2025.10.13-14.08.35:577][  0]LogConfig: Setting CVar [[r.AOQuality:2]]
[2025.10.13-14.08.35:577][  0]LogConfig: Setting CVar [[r.VolumetricFog:1]]
[2025.10.13-14.08.35:577][  0]LogConfig: Setting CVar [[r.VolumetricFog.GridPixelSize:8]]
[2025.10.13-14.08.35:577][  0]LogConfig: Setting CVar [[r.VolumetricFog.GridSizeZ:128]]
[2025.10.13-14.08.35:577][  0]LogConfig: Setting CVar [[r.VolumetricFog.HistoryMissSupersampleCount:4]]
[2025.10.13-14.08.35:577][  0]LogConfig: Setting CVar [[r.LightMaxDrawDistanceScale:1]]
[2025.10.13-14.08.35:577][  0]LogConfig: Setting CVar [[r.CapsuleShadows:1]]
[2025.10.13-14.08.35:577][  0]LogConfig: Applying CVar settings from Section [PostProcessQuality@3] File [C:/Users/PC/Documents/GitHub/TasteOfMadness/TasteOfMadness/Saved/Config/Windows/Scalability.ini]
[2025.10.13-14.08.35:577][  0]LogConfig: Setting CVar [[r.MotionBlurQuality:4]]
[2025.10.13-14.08.35:577][  0]LogConfig: Setting CVar [[r.AmbientOcclusionMipLevelFactor:0.4]]
[2025.10.13-14.08.35:577][  0]LogConfig: Setting CVar [[r.AmbientOcclusionMaxQuality:100]]
[2025.10.13-14.08.35:577][  0]LogConfig: Setting CVar [[r.AmbientOcclusionLevels:-1]]
[2025.10.13-14.08.35:577][  0]LogConfig: Setting CVar [[r.AmbientOcclusionRadiusScale:1.0]]
[2025.10.13-14.08.35:577][  0]LogConfig: Setting CVar [[r.DepthOfFieldQuality:2]]
[2025.10.13-14.08.35:577][  0]LogConfig: Setting CVar [[r.RenderTargetPoolMin:400]]
[2025.10.13-14.08.35:577][  0]LogConfig: Setting CVar [[r.LensFlareQuality:2]]
[2025.10.13-14.08.35:577][  0]LogConfig: Setting CVar [[r.SceneColorFringeQuality:1]]
[2025.10.13-14.08.35:577][  0]LogConfig: Setting CVar [[r.EyeAdaptationQuality:2]]
[2025.10.13-14.08.35:577][  0]LogConfig: Setting CVar [[r.BloomQuality:5]]
[2025.10.13-14.08.35:577][  0]LogConfig: Setting CVar [[r.FastBlurThreshold:100]]
[2025.10.13-14.08.35:577][  0]LogConfig: Setting CVar [[r.Upscale.Quality:3]]
[2025.10.13-14.08.35:577][  0]LogConfig: Setting CVar [[r.Tonemapper.GrainQuantization:1]]
[2025.10.13-14.08.35:577][  0]LogConfig: Setting CVar [[r.LightShaftQuality:1]]
[2025.10.13-14.08.35:577][  0]LogConfig: Setting CVar [[r.Filter.SizeScale:1]]
[2025.10.13-14.08.35:577][  0]LogConfig: Setting CVar [[r.Tonemapper.Quality:5]]
[2025.10.13-14.08.35:577][  0]LogConfig: Setting CVar [[r.DOF.Gather.AccumulatorQuality:1        ; higher gathering accumulator quality]]
[2025.10.13-14.08.35:577][  0]LogConfig: Setting CVar [[r.DOF.Gather.PostfilterMethod:1          ; Median3x3 postfilering method]]
[2025.10.13-14.08.35:577][  0]LogConfig: Setting CVar [[r.DOF.Gather.EnableBokehSettings:0       ; no bokeh simulation when gathering]]
[2025.10.13-14.08.35:577][  0]LogConfig: Setting CVar [[r.DOF.Gather.RingCount:4                 ; medium number of samples when gathering]]
[2025.10.13-14.08.35:577][  0]LogConfig: Setting CVar [[r.DOF.Scatter.ForegroundCompositing:1    ; additive foreground scattering]]
[2025.10.13-14.08.35:577][  0]LogConfig: Setting CVar [[r.DOF.Scatter.BackgroundCompositing:2    ; additive background scattering]]
[2025.10.13-14.08.35:577][  0]LogConfig: Setting CVar [[r.DOF.Scatter.EnableBokehSettings:1      ; bokeh simulation when scattering]]
[2025.10.13-14.08.35:577][  0]LogConfig: Setting CVar [[r.DOF.Scatter.MaxSpriteRatio:0.1         ; only a maximum of 10% of scattered bokeh]]
[2025.10.13-14.08.35:577][  0]LogConfig: Setting CVar [[r.DOF.Recombine.Quality:1                ; cheap slight out of focus]]
[2025.10.13-14.08.35:577][  0]LogConfig: Setting CVar [[r.DOF.Recombine.EnableBokehSettings:0    ; no bokeh simulation on slight out of focus]]
[2025.10.13-14.08.35:577][  0]LogConfig: Setting CVar [[r.DOF.TemporalAAQuality:1                ; more stable temporal accumulation]]
[2025.10.13-14.08.35:577][  0]LogConfig: Setting CVar [[r.DOF.Kernel.MaxForegroundRadius:0.025]]
[2025.10.13-14.08.35:577][  0]LogConfig: Setting CVar [[r.DOF.Kernel.MaxBackgroundRadius:0.025]]
[2025.10.13-14.08.35:577][  0]LogConfig: Applying CVar settings from Section [TextureQuality@3] File [C:/Users/PC/Documents/GitHub/TasteOfMadness/TasteOfMadness/Saved/Config/Windows/Scalability.ini]
[2025.10.13-14.08.35:577][  0]LogConfig: Setting CVar [[r.Streaming.MipBias:0]]
[2025.10.13-14.08.35:577][  0]LogConfig: Setting CVar [[r.Streaming.AmortizeCPUToGPUCopy:0]]
[2025.10.13-14.08.35:577][  0]LogConfig: Setting CVar [[r.Streaming.MaxNumTexturesToStreamPerFrame:0]]
[2025.10.13-14.08.35:577][  0]LogConfig: Setting CVar [[r.Streaming.Boost:1]]
[2025.10.13-14.08.35:578][  0]LogConfig: Setting CVar [[r.MaxAnisotropy:8]]
[2025.10.13-14.08.35:578][  0]LogConfig: Setting CVar [[r.VT.MaxAnisotropy:8]]
[2025.10.13-14.08.35:578][  0]LogConfig: Setting CVar [[r.Streaming.LimitPoolSizeToVRAM:0]]
[2025.10.13-14.08.35:578][  0]LogConfig: Setting CVar [[r.Streaming.PoolSize:1000]]
[2025.10.13-14.08.35:578][  0]LogConfig: Setting CVar [[r.Streaming.MaxEffectiveScreenSize:0]]
[2025.10.13-14.08.35:578][  0]LogConfig: Applying CVar settings from Section [EffectsQuality@3] File [C:/Users/PC/Documents/GitHub/TasteOfMadness/TasteOfMadness/Saved/Config/Windows/Scalability.ini]
[2025.10.13-14.08.35:578][  0]LogConfig: Setting CVar [[r.TranslucencyLightingVolumeDim:64]]
[2025.10.13-14.08.35:578][  0]LogConfig: Setting CVar [[r.RefractionQuality:2]]
[2025.10.13-14.08.35:578][  0]LogConfig: Setting CVar [[r.SSR.Quality:3]]
[2025.10.13-14.08.35:578][  0]LogConfig: Setting CVar [[r.SSR.HalfResSceneColor:0]]
[2025.10.13-14.08.35:578][  0]LogConfig: Setting CVar [[r.SceneColorFormat:4]]
[2025.10.13-14.08.35:578][  0]LogConfig: Setting CVar [[r.DetailMode:2]]
[2025.10.13-14.08.35:578][  0]LogConfig: Setting CVar [[r.TranslucencyVolumeBlur:1]]
[2025.10.13-14.08.35:578][  0]LogConfig: Setting CVar [[r.MaterialQualityLevel:1 ; High quality]]
[2025.10.13-14.08.35:578][  0]LogConfig: Setting CVar [[r.AnisotropicMaterials:1]]
[2025.10.13-14.08.35:578][  0]LogConfig: Setting CVar [[r.SSS.Scale:1]]
[2025.10.13-14.08.35:578][  0]LogConfig: Setting CVar [[r.SSS.SampleSet:2]]
[2025.10.13-14.08.35:578][  0]LogConfig: Setting CVar [[r.SSS.Quality:1]]
[2025.10.13-14.08.35:578][  0]LogConfig: Setting CVar [[r.SSS.HalfRes:0]]
[2025.10.13-14.08.35:578][  0]LogConfig: Setting CVar [[r.SSGI.Quality:3]]
[2025.10.13-14.08.35:578][  0]LogConfig: Setting CVar [[r.EmitterSpawnRateScale:1.0]]
[2025.10.13-14.08.35:578][  0]LogConfig: Setting CVar [[r.ParticleLightQuality:2]]
[2025.10.13-14.08.35:578][  0]LogConfig: Setting CVar [[r.SkyAtmosphere.AerialPerspectiveLUT.FastApplyOnOpaque:1 ; Always have FastSkyLUT 1 in this case to avoid wrong sky]]
[2025.10.13-14.08.35:578][  0]LogConfig: Setting CVar [[r.SkyAtmosphere.AerialPerspectiveLUT.SampleCountMaxPerSlice:4]]
[2025.10.13-14.08.35:578][  0]LogConfig: Setting CVar [[r.SkyAtmosphere.AerialPerspectiveLUT.DepthResolution:16.0]]
[2025.10.13-14.08.35:578][  0]LogConfig: Setting CVar [[r.SkyAtmosphere.FastSkyLUT:1]]
[2025.10.13-14.08.35:578][  0]LogConfig: Setting CVar [[r.SkyAtmosphere.FastSkyLUT.SampleCountMin:4.0]]
[2025.10.13-14.08.35:578][  0]LogConfig: Setting CVar [[r.SkyAtmosphere.FastSkyLUT.SampleCountMax:128.0]]
[2025.10.13-14.08.35:578][  0]LogConfig: Setting CVar [[r.SkyAtmosphere.SampleCountMin:4.0]]
[2025.10.13-14.08.35:578][  0]LogConfig: Setting CVar [[r.SkyAtmosphere.SampleCountMax:128.0]]
[2025.10.13-14.08.35:578][  0]LogConfig: Setting CVar [[r.SkyAtmosphere.TransmittanceLUT.UseSmallFormat:0]]
[2025.10.13-14.08.35:578][  0]LogConfig: Setting CVar [[r.SkyAtmosphere.TransmittanceLUT.SampleCount:10.0]]
[2025.10.13-14.08.35:578][  0]LogConfig: Setting CVar [[r.SkyAtmosphere.MultiScatteringLUT.SampleCount:15.0]]
[2025.10.13-14.08.35:578][  0]LogConfig: Setting CVar [[r.SkyLight.RealTimeReflectionCapture:1]]
[2025.10.13-14.08.35:578][  0]LogConfig: Applying CVar settings from Section [FoliageQuality@3] File [C:/Users/PC/Documents/GitHub/TasteOfMadness/TasteOfMadness/Saved/Config/Windows/Scalability.ini]
[2025.10.13-14.08.35:578][  0]LogConfig: Setting CVar [[foliage.DensityScale:1.0]]
[2025.10.13-14.08.35:578][  0]LogConfig: Setting CVar [[grass.DensityScale:1.0]]
[2025.10.13-14.08.35:578][  0]LogConfig: Applying CVar settings from Section [ShadingQuality@3] File [C:/Users/PC/Documents/GitHub/TasteOfMadness/TasteOfMadness/Saved/Config/Windows/Scalability.ini]
[2025.10.13-14.08.35:578][  0]LogConfig: Setting CVar [[r.HairStrands.SkyLighting.IntegrationType:2]]
[2025.10.13-14.08.35:578][  0]LogConfig: Setting CVar [[r.HairStrands.SkyAO.SampleCount:4]]
[2025.10.13-14.08.35:578][  0]LogConfig: Setting CVar [[r.HairStrands.Visibility.MSAA.SamplePerPixel:4]]
[2025.10.13-14.08.35:578][  0]LogConfig: Applying CVar settings from Section [Startup] File [../../../Engine/Config/ConsoleVariables.ini]
[2025.10.13-14.08.35:578][  0]LogConfig: Setting CVar [[net.UseAdaptiveNetUpdateFrequency:0]]
[2025.10.13-14.08.35:578][  0]LogConfig: Setting CVar [[p.chaos.AllowCreatePhysxBodies:1]]
[2025.10.13-14.08.35:578][  0]LogConfig: Setting CVar [[fx.SkipVectorVMBackendOptimizations:1]]
[2025.10.13-14.08.35:578][  0]LogConfig: Applying CVar settings from Section [ConsoleVariables] File [C:/Users/PC/Documents/GitHub/TasteOfMadness/TasteOfMadness/Saved/Config/Windows/Engine.ini]
[2025.10.13-14.08.35:578][  0]LogConfig: Applying CVar settings from Section [ConsoleVariables] File [C:/Users/PC/Documents/GitHub/TasteOfMadness/TasteOfMadness/Saved/Config/Windows/Editor.ini]
[2025.10.13-14.08.35:578][  0]LogInit: Computer: DESKTOP-QFES4I7
[2025.10.13-14.08.35:578][  0]LogInit: User: PC
[2025.10.13-14.08.35:578][  0]LogInit: CPU Page size=4096, Cores=6
[2025.10.13-14.08.35:578][  0]LogInit: High frequency timer resolution =10.000000 MHz
[2025.10.13-14.08.35:578][  0]LogMemory: Memory total: Physical=23.9GB (24GB approx)
[2025.10.13-14.08.35:578][  0]LogMemory: Platform Memory Stats for Windows
[2025.10.13-14.08.35:578][  0]LogMemory: Process Physical Memory: 148.32 MB used, 148.32 MB peak
[2025.10.13-14.08.35:578][  0]LogMemory: Process Virtual Memory: 124.12 MB used, 124.12 MB peak
[2025.10.13-14.08.35:578][  0]LogMemory: Physical Memory: 9670.90 MB used,  14828.14 MB free, 24499.05 MB total
[2025.10.13-14.08.35:578][  0]LogMemory: Virtual Memory: 134201648.00 MB used,  16080.50 MB free, 134217728.00 MB total
[2025.10.13-14.08.35:582][  0]LogWindows: WindowsPlatformFeatures enabled
[2025.10.13-14.08.35:610][  0]LogInit: Physics initialised using underlying interface: PhysX
[2025.10.13-14.08.35:610][  0]LogInit: Overriding language with editor language configuration option (en).
[2025.10.13-14.08.35:610][  0]LogInit: Overriding language with editor locale configuration option (en).
[2025.10.13-14.08.35:738][  0]LogInit: Setting process to per monitor DPI aware
[2025.10.13-14.08.35:747][  0]LogWindowsTextInputMethodSystem: Display: IME system deactivated.
[2025.10.13-14.08.35:754][  0]LogSlate: New Slate User Created.  User Index 0, Is Virtual User: 0
[2025.10.13-14.08.35:754][  0]LogSlate: Slate User Registered.  User Index 0, Is Virtual User: 0
[2025.10.13-14.08.35:847][  0]LogD3D11RHI: Loaded GFSDK_Aftermath_Lib.x64.dll
[2025.10.13-14.08.35:849][  0]LogHMD: Failed to initialize OpenVR with code 110
[2025.10.13-14.08.35:849][  0]LogD3D11RHI: D3D11 min allowed feature level: 11_0
[2025.10.13-14.08.35:849][  0]LogD3D11RHI: D3D11 max allowed feature level: 11_0
[2025.10.13-14.08.35:849][  0]LogD3D11RHI: D3D11 adapters:
[2025.10.13-14.08.36:048][  0]LogD3D11RHI:    0. 'NVIDIA GeForce RTX 3060' (Feature Level 11_0)
[2025.10.13-14.08.36:048][  0]LogD3D11RHI:       12115/0/12249 MB DedicatedVideo/DedicatedSystem/SharedSystem, Outputs:1, VendorId:0x10de
[2025.10.13-14.08.36:050][  0]LogD3D11RHI:    1. 'Microsoft Basic Render Driver' (Feature Level 11_0)
[2025.10.13-14.08.36:050][  0]LogD3D11RHI:       0/0/12249 MB DedicatedVideo/DedicatedSystem/SharedSystem, Outputs:0, VendorId:0x1414
[2025.10.13-14.08.36:050][  0]LogD3D11RHI: Chosen D3D11 Adapter:
[2025.10.13-14.08.36:050][  0]LogD3D11RHI:     Description : NVIDIA GeForce RTX 3060
[2025.10.13-14.08.36:050][  0]LogD3D11RHI:     VendorId    : 10de
[2025.10.13-14.08.36:050][  0]LogD3D11RHI:     DeviceId    : 2504
[2025.10.13-14.08.36:050][  0]LogD3D11RHI:     SubSysId    : 397d1462
[2025.10.13-14.08.36:050][  0]LogD3D11RHI:     Revision    : 00a1
[2025.10.13-14.08.36:050][  0]LogD3D11RHI:     DedicatedVideoMemory : 12703498240 bytes
[2025.10.13-14.08.36:050][  0]LogD3D11RHI:     DedicatedSystemMemory : 0 bytes
[2025.10.13-14.08.36:050][  0]LogD3D11RHI:     SharedSystemMemory : 12844556288 bytes
[2025.10.13-14.08.36:050][  0]LogD3D11RHI:     AdapterLuid : 0 78913
[2025.10.13-14.08.36:055][  0]LogD3D11RHI: Creating new Direct3DDevice
[2025.10.13-14.08.36:055][  0]LogD3D11RHI:     GPU DeviceId: 0x2504 (for the marketing name, search the web for "GPU Device Id")
[2025.10.13-14.08.36:055][  0]LogWindows: EnumDisplayDevices:
[2025.10.13-14.08.36:055][  0]LogWindows:    0. 'NVIDIA GeForce RTX 3060' (P:1 D:1)
[2025.10.13-14.08.36:055][  0]LogWindows:    1. 'NVIDIA GeForce RTX 3060' (P:0 D:0)
[2025.10.13-14.08.36:056][  0]LogWindows:    2. 'NVIDIA GeForce RTX 3060' (P:0 D:0)
[2025.10.13-14.08.36:056][  0]LogWindows:    3. 'NVIDIA GeForce RTX 3060' (P:0 D:0)
[2025.10.13-14.08.36:056][  0]LogWindows: DebugString: FoundDriverCount:4 
[2025.10.13-14.08.36:056][  0]LogD3D11RHI:     Adapter Name: NVIDIA GeForce RTX 3060
[2025.10.13-14.08.36:056][  0]LogD3D11RHI:   Driver Version: 581.29 (internal:32.0.15.8129, unified:581.29)
[2025.10.13-14.08.36:056][  0]LogD3D11RHI:      Driver Date: 9-5-2025
[2025.10.13-14.08.36:056][  0]LogRHI: Texture pool is 8480 MB (70% of 12115 MB)
[2025.10.13-14.08.36:056][  0]LogD3D11RHI: Creating D3DDevice using adapter:
[2025.10.13-14.08.36:056][  0]LogD3D11RHI:     Description : NVIDIA GeForce RTX 3060
[2025.10.13-14.08.36:056][  0]LogD3D11RHI:     VendorId    : 10de
[2025.10.13-14.08.36:056][  0]LogD3D11RHI:     DeviceId    : 2504
[2025.10.13-14.08.36:056][  0]LogD3D11RHI:     SubSysId    : 397d1462
[2025.10.13-14.08.36:056][  0]LogD3D11RHI:     Revision    : 00a1
[2025.10.13-14.08.36:056][  0]LogD3D11RHI:     DedicatedVideoMemory : 12703498240 bytes
[2025.10.13-14.08.36:056][  0]LogD3D11RHI:     DedicatedSystemMemory : 0 bytes
[2025.10.13-14.08.36:056][  0]LogD3D11RHI:     SharedSystemMemory : 12844556288 bytes
[2025.10.13-14.08.36:056][  0]LogD3D11RHI:     AdapterLuid : 0 78913
[2025.10.13-14.08.36:168][  0]LogD3D11RHI: RHI has support for 64 bit atomics
[2025.10.13-14.08.36:168][  0]LogD3D11RHI: Async texture creation enabled
[2025.10.13-14.08.36:168][  0]LogD3D11RHI: Array index from any shader is supported
[2025.10.13-14.08.36:182][  0]LogD3D11RHI: GPU Timing Frequency: 1000.000000 (Debug: 2 1)
[2025.10.13-14.08.36:201][  0]LogRHI: GeForceNow SDK initialized: 1
[2025.10.13-14.08.36:406][  0]LogTargetPlatformManager: Display: Loaded TargetPlatform 'AllDesktop'
[2025.10.13-14.08.36:422][  0]LogTargetPlatformManager: Display: Loaded TargetPlatform 'Android'
[2025.10.13-14.08.36:422][  0]LogTargetPlatformManager: Display: Loaded TargetPlatform 'Android_ASTC'
[2025.10.13-14.08.36:422][  0]LogTargetPlatformManager: Display: Loaded TargetPlatform 'Android_DXT'
[2025.10.13-14.08.36:422][  0]LogTargetPlatformManager: Display: Loaded TargetPlatform 'Android_ETC2'
[2025.10.13-14.08.36:422][  0]LogTargetPlatformManager: Display: Loaded TargetPlatform 'AndroidClient'
[2025.10.13-14.08.36:422][  0]LogTargetPlatformManager: Display: Loaded TargetPlatform 'Android_ASTCClient'
[2025.10.13-14.08.36:422][  0]LogTargetPlatformManager: Display: Loaded TargetPlatform 'Android_DXTClient'
[2025.10.13-14.08.36:422][  0]LogTargetPlatformManager: Display: Loaded TargetPlatform 'Android_ETC2Client'
[2025.10.13-14.08.36:422][  0]LogTargetPlatformManager: Display: Loaded TargetPlatform 'Android_Multi'
[2025.10.13-14.08.36:422][  0]LogTargetPlatformManager: Display: Loaded TargetPlatform 'Android_MultiClient'
[2025.10.13-14.08.36:435][  0]LogTargetPlatformManager: Display: Loaded TargetPlatform 'IOSClient'
[2025.10.13-14.08.36:435][  0]LogTargetPlatformManager: Display: Loaded TargetPlatform 'IOS'
[2025.10.13-14.08.36:441][  0]LogTargetPlatformManager: Display: Loaded TargetPlatform 'Linux'
[2025.10.13-14.08.36:445][  0]LogTargetPlatformManager: Display: Loaded TargetPlatform 'LinuxNoEditor'
[2025.10.13-14.08.36:448][  0]LogTargetPlatformManager: Display: Loaded TargetPlatform 'LinuxClient'
[2025.10.13-14.08.36:451][  0]LogTargetPlatformManager: Display: Loaded TargetPlatform 'LinuxServer'
[2025.10.13-14.08.36:457][  0]LogTargetPlatformManager: Display: Loaded TargetPlatform 'LinuxAArch64NoEditor'
[2025.10.13-14.08.36:460][  0]LogTargetPlatformManager: Display: Loaded TargetPlatform 'LinuxAArch64Client'
[2025.10.13-14.08.36:463][  0]LogTargetPlatformManager: Display: Loaded TargetPlatform 'LinuxAArch64Server'
[2025.10.13-14.08.36:479][  0]LogTargetPlatformManager: Display: Loaded TargetPlatform 'Lumin'
[2025.10.13-14.08.36:479][  0]LogTargetPlatformManager: Display: Loaded TargetPlatform 'LuminClient'
[2025.10.13-14.08.36:484][  0]LogTargetPlatformManager: Display: Loaded TargetPlatform 'MacNoEditor'
[2025.10.13-14.08.36:489][  0]LogTargetPlatformManager: Display: Loaded TargetPlatform 'Mac'
[2025.10.13-14.08.36:492][  0]LogTargetPlatformManager: Display: Loaded TargetPlatform 'MacClient'
[2025.10.13-14.08.36:494][  0]LogTargetPlatformManager: Display: Loaded TargetPlatform 'MacServer'
[2025.10.13-14.08.36:501][  0]LogTargetPlatformManager: Display: Loaded TargetPlatform 'TVOSClient'
[2025.10.13-14.08.36:501][  0]LogTargetPlatformManager: Display: Loaded TargetPlatform 'TVOS'
[2025.10.13-14.08.36:507][  0]LogTargetPlatformManager: Display: Loaded TargetPlatform 'WindowsNoEditor'
[2025.10.13-14.08.36:510][  0]LogTargetPlatformManager: Display: Loaded TargetPlatform 'Windows'
[2025.10.13-14.08.36:513][  0]LogTargetPlatformManager: Display: Loaded TargetPlatform 'WindowsClient'
[2025.10.13-14.08.36:516][  0]LogTargetPlatformManager: Display: Loaded TargetPlatform 'WindowsServer'
[2025.10.13-14.08.36:516][  0]LogTargetPlatformManager: Display: Building Assets For Windows
[2025.10.13-14.08.36:521][  0]LogAudioDebug: Display: Lib vorbis DLL was dynamically loaded.
[2025.10.13-14.08.36:541][  0]LogTextureFormatOodle: Display: Oodle Texture 2.9.0 init RDO Off
[2025.10.13-14.08.36:561][  0]LogRendererCore: Ray tracing is disabled. Reason: r.RayTracing=0.
[2025.10.13-14.08.36:561][  0]LogShaderCompilers: Guid format shader working directory is -16 characters bigger than the processId version (C:/Users/PC/Documents/GitHub/TasteOfMadness/TasteOfMadness/Intermediate/Shaders/WorkingDirectory/21076/).
[2025.10.13-14.08.36:561][  0]LogShaderCompilers: Cleaned the shader compiler working directory 'C:/Users/PC/AppData/Local/Temp/UnrealShaderWorkingDir/F5E210574481F279E6EA458E60B4307F/'.
[2025.10.13-14.08.36:561][  0]LogXGEController: Cannot use XGE Controller as Incredibuild is not installed on this machine.
[2025.10.13-14.08.36:561][  0]LogShaderCompilers: Cannot use XGE Shader Compiler as Incredibuild is not installed on this machine.
[2025.10.13-14.08.36:561][  0]LogShaderCompilers: Display: Using Local Shader Compiler.
[2025.10.13-14.08.37:109][  0]LogDerivedDataCache: Display: Max Cache Size: 512 MB
[2025.10.13-14.08.37:146][  0]LogDerivedDataCache: Loaded boot cache 0.04s 94MB C:/Users/PC/AppData/Local/UnrealEngine/4.27/DerivedDataCache/Boot.ddc.
[2025.10.13-14.08.37:146][  0]LogDerivedDataCache: Display: Loaded Boot cache: C:/Users/PC/AppData/Local/UnrealEngine/4.27/DerivedDataCache/Boot.ddc
[2025.10.13-14.08.37:146][  0]LogDerivedDataCache: FDerivedDataBackendGraph:  Pak pak cache file C:/Users/PC/Documents/GitHub/TasteOfMadness/TasteOfMadness/DerivedDataCache/DDC.ddp not found, will not use a pak cache.
[2025.10.13-14.08.37:146][  0]LogDerivedDataCache: Unable to find inner node Pak for hierarchical cache Hierarchy.
[2025.10.13-14.08.37:146][  0]LogDerivedDataCache: FDerivedDataBackendGraph:  CompressedPak pak cache file C:/Users/PC/Documents/GitHub/TasteOfMadness/TasteOfMadness/DerivedDataCache/Compressed.ddp not found, will not use a pak cache.
[2025.10.13-14.08.37:146][  0]LogDerivedDataCache: Unable to find inner node CompressedPak for hierarchical cache Hierarchy.
[2025.10.13-14.08.37:161][  0]LogDerivedDataCache: Display: Pak cache opened for reading ../../../Engine/DerivedDataCache/Compressed.ddp.
[2025.10.13-14.08.37:161][  0]LogDerivedDataCache: FDerivedDataBackendGraph:  EnterprisePak pak cache file ../../../Enterprise/DerivedDataCache/Compressed.ddp not found, will not use a pak cache.
[2025.10.13-14.08.37:161][  0]LogDerivedDataCache: Unable to find inner node EnterprisePak for hierarchical cache Hierarchy.
[2025.10.13-14.08.37:167][  0]LogDerivedDataCache: Speed tests for C:/Users/PC/AppData/Local/UnrealEngine/Common/DerivedDataCache took 0.01 seconds
[2025.10.13-14.08.37:167][  0]LogDerivedDataCache: Display: Performance to C:/Users/PC/AppData/Local/UnrealEngine/Common/DerivedDataCache: Latency=0.02ms. RandomReadSpeed=1623.91MBs, RandomWriteSpeed=200.84MBs. Assigned SpeedClass 'Local'
[2025.10.13-14.08.37:168][  0]LogDerivedDataCache: Using Local data cache path C:/Users/PC/AppData/Local/UnrealEngine/Common/DerivedDataCache: Writable
[2025.10.13-14.08.37:168][  0]LogDerivedDataCache: Shared data cache path not found in *engine.ini, will not use an Shared cache.
[2025.10.13-14.08.37:168][  0]LogDerivedDataCache: Unable to find inner node Shared for hierarchical cache Hierarchy.
[2025.10.13-14.08.37:204][  0]LogSlate: Using FreeType 2.10.0
[2025.10.13-14.08.37:204][  0]LogSlate: SlateFontServices - WITH_FREETYPE: 1, WITH_HARFBUZZ: 1
[2025.10.13-14.08.37:223][  0]LogAssetRegistry: FAssetRegistry took 0.0021 seconds to start up
[2025.10.13-14.08.37:395][  0]LogInit: Selected Device Profile: [Windows]
[2025.10.13-14.08.37:395][  0]LogInit: Active device profile: [0000019510078B00][00000195026465C0 49] Windows
[2025.10.13-14.08.37:395][  0]LogInit: Profiles: [0000019510078B00][00000195026465C0 49] Windows, [000001951003E200][000001950DFBC740 49] WindowsNoEditor, [0000019510079900][000001950DFB8880 49] WindowsServer, [000001951003EF00][000001950DFC09C0 49] WindowsClient, [000001951007BC00][000001950DFC4B00 49] IOS, [000001951003CF00][000001950DFCCC80 49] iPadAir, [000001951007BE00][000001950DFD0E00 49] iPadAir2, [000001950FFF0D00][000001950DFD90C0 49] IPadPro, [000001950FFF0E00][000001950DFD5100 49] iPadAir3, [000001951003FC00][000001950DFDD280 49] iPadAir4, [000001950FFF3700][000001950DFE1400 49] iPadMini2, [000001951003F200][000001950DFE5580 49] iPadMini3, [000001950FFF3900][000001950DFE9700 49] iPadMini4, [000001951003F600][000001950DFED880 49] iPadMini5, [000001950FFF8600][000001950DFF5B40 49] iPhone6, [000001950FFF8700][000001950DFF1B80 49] iPodTouch6, [000001951007A600][000001950DFFC2C0 49] iPhone7, [000001951007A800][000001950DFF8300 49] iPodTouch7, [000001950FFF8100][000001950E000480 49] iPhone5S, [000001950FFF0700][000001950E004600 49] iPhone6Plus, [000001950FFFA500][000001950E008780 49] iPhone6S, [000001950FFF1400][000001950E00C900 49] iPhone6SPlus, [000001950FFFBB00][000001950DFC8A40 49] iPhone7Plus, [000001950FFF3600][000001950E010B80 49] iPhoneSE, [000001951007AC00][000001950E014CC0 49] iPhone8, [000001950FFF0600][000001950E01CE40 49] iPhone8Plus, [000001951007A100][000001950E020FC0 49] iPhoneX, [000001950FFF2900][000001950E025140 49] iPhoneXS, [000001951007BD00][000001950E0292C0 49] iPhoneXSMax, [000001950FFF2E00][000001950E02D440 49] iPhoneXR, [000001951007BF00][000001950E0315C0 49] iPhone11, [000001950FFF1F00][000001950E035740 49] iPhone11Pro, [0000019510078600][000001950E0398C0 49] iPhone11ProMax, [000001950FFF2000][000001950E03DA40 49] iPhoneSE2, [000001951007BA00][000001950E041BC0 49] iPhone12Mini, [000001950FFF2700][000001950E0441C0 49] iPhone12, [000001951007AA00][000001950E048340 49] iPhone12Pro, [000001950FFF0500][000001950E04C4C0 49] iPhone12ProMax, [000001951007B900][000001950E050640 49] iPadPro105, [000001950FFF1800][000001950E0547C0 49] iPadPro129, [0000019510078C00][000001950E058940 49] iPadPro97, [000001950FFF2400][000001950E05CAC0 49] iPadPro2_129, [0000019510078800][000001950E018C00 49] iPad5, [000001950FFF0400][000001950E060D40 49] iPad6, [0000019510079B00][000001950E064E80 49] iPad7, [000001950FFF3500][000001950E068FC0 49] iPad8, [0000019510079F00][000001950E071140 49] iPadPro11, [000001950FFF1A00][000001950E0752C0 49] iPadPro2_11, [000001951007A500][000001950E079440 49] iPadPro3_129, [000001950FFF2200][000001950E07D5C0 49] iPadPro4_129, [0000019510079600][0000019510091740 49] AppleTV, [000001950FFF3D00][00000195100958C0 49] AppleTV4K, [0000019510079A00][0000019510099A40 49] TVOS, [000001950FFF0A00][000001951009DBC0 49] Mac, [000001951007A400][00000195100A01C0 49] MacClient, [000001950FFF2C00][00000195100A4340 49] MacNoEditor, [000001951007B500][00000195100A84C0 49] MacServer, [000001950FFF2300][00000195100AC640 49] Linux, [0000019510078300][00000195100B07C0 49] LinuxAArch64, [000001950FFF2100][00000195100B4940 49] LinuxNoEditor, [000001951007A300][00000195100B8AC0 49] LinuxAArch64NoEditor, [000001950FFF3C00][00000195100BCC40 49] LinuxClient, [0000019510078F00][000001950E06CD80 49] LinuxAArch64Client, [000001950FFF1200][00000195100C0EC0 49] LinuxServer, [000001951007B000][00000195100C5000 49] LinuxAArch64Server, [000001950FFF1600][00000195100C9140 49] Android, [0000019510079200][00000195100D12C0 49] Android_Low, [000001950FFF3E00][00000195100D5440 49] Android_Mid, [0000019510078100][00000195100D95C0 49] Android_High, [000001950FFF2A00][00000195100DD740 49] Android_Default, [0000019510079300][00000195100E18C0 49] Android_Adreno4xx, [000001951003E400][00000195100E5A40 49] Android_Adreno5xx_Low, [000001950FFF9C00][00000195100E9BC0 49] Android_Adreno5xx, [000001951003FF00][00000195100EC1C0 49] Android_Adreno6xx, [000001950FFFA700][00000195100F0340 49] Android_Adreno6xx_Vulkan, [000001951003F700][00000195100F44C0 49] Android_Mali_T6xx, [000001950FFF8F00][00000195100F8640 49] Android_Mali_T7xx, [000001951003DC00][00000195100FC7C0 49] Android_Mali_T8xx, [000001950FFF9F00][0000019510100940 49] Android_Mali_G71, [000001951003ED00][0000019510104AC0 49] Android_Mali_G72, [000001950FFFAF00][0000019510108C40 49] Android_Mali_G72_Vulkan, [000001951003E600][000001951010CDC0 49] Android_Mali_G76, [000001950FFFA200][0000019510110F40 49] Android_Mali_G76_Vulkan, [000001951003CE00][00000195100CD080 49] Android_Mali_G77, [000001950FFF9400][00000195101151C0 49] Android_Mali_G77_Vulkan, [000001951003F800][0000019510119300 49] Android_Mali_G78, [000001950FFF9300][0000019510121480 49] Android_Mali_G78_Vulkan, [000001951003D600][0000019510125600 49] Android_Mali_G710, [000001950FFFBD00][0000019510129780 49] Android_Mali_G710_Vulkan, [000001951003C700][000001951012D900 49] Android_Vulkan_SM5, [000001950FFF9B00][0000019510131A80 49] Android_PowerVR_G6xxx, [000001951003CA00][0000019510135C00 49] Android_PowerVR_GT7xxx, [000001950FFF8200][0000019510138200 49] Android_PowerVR_GE8xxx, [000001951003F900][000001951013C380 49] Android_PowerVR_GM9xxx, [000001950FFF8A00][0000019510140500 49] Android_PowerVR_GM9xxx_Vulkan, [000001951003D000][0000019510144680 49] Android_TegraK1, [000001950FFF9700][0000019510178800 49] Android_Unknown_Vulkan, [000001951003D900][000001951017C980 49] Lumin, [000001950FFFBC00][0000019510180B00 49] Lumin_Desktop, [000001951003D700][0000019510184C80 49] HoloLens, 
[2025.10.13-14.08.37:484][  0]LogMeshReduction: Using QuadricMeshReduction for automatic static mesh reduction
[2025.10.13-14.08.37:484][  0]LogMeshReduction: Using SimplygonMeshReduction for automatic skeletal mesh reduction
[2025.10.13-14.08.37:484][  0]LogMeshReduction: Using ProxyLODMeshReduction for automatic mesh merging
[2025.10.13-14.08.37:484][  0]LogMeshReduction: No distributed automatic mesh merging module available
[2025.10.13-14.08.37:484][  0]LogMeshMerging: No distributed automatic mesh merging module available
[2025.10.13-14.08.37:494][  0]LogNetVersion: TasteOfMadness 1.0.0, NetCL: 17155196, EngineNetVer: 17, GameNetVer: 0 (Checksum: 3999798361)
[2025.10.13-14.08.37:750][  0]LogTexture: Default maximum texture size for cubemaps generated from long-lat sources has been changed from 512 to unlimited. In order to preserve old behaiour for '/Engine/MapTemplates/Sky/DaylightAmbientCubemap.DaylightAmbientCubemap', its maximum texture size has been explicitly set to 512.
[2025.10.13-14.08.37:790][  0]LogHMD: PokeAHoleMaterial loaded successfully
[2025.10.13-14.08.37:795][  0]LogUObjectArray: 17178 objects as part of root set at end of initial load.
[2025.10.13-14.08.37:795][  0]LogUObjectAllocator: 4302048 out of 0 bytes used by permanent object pool.
[2025.10.13-14.08.37:795][  0]LogUObjectArray: CloseDisregardForGC: 0/0 objects in disregard for GC pool
[2025.10.13-14.08.38:036][  0]LogNiagaraDebuggerClient: Niagara Debugger Client Initialized | Session: 4E68FEE4459813A12D310A940587CCBD | Instance: 4D60D5264FC4105BCCD38DA1C9F082DB (DESKTOP-QFES4I7-21076).
[2025.10.13-14.08.38:061][  0]LogPython: Using Python 3.7.7
[2025.10.13-14.08.38:430][  0]LogTcpMessaging: Initializing TcpMessaging bridge
[2025.10.13-14.08.38:433][  0]LogUdpMessaging: Initializing bridge on interface 0.0.0.0:0 to multicast group 230.0.0.1:6666.
[2025.10.13-14.08.38:530][  0]SourceControl: Source control is disabled
[2025.10.13-14.08.38:530][  0]SourceControl: Source control is disabled
[2025.10.13-14.08.38:532][  0]SourceControl: Source control is disabled
[2025.10.13-14.08.38:536][  0]LogUProjectInfo: Found projects:
[2025.10.13-14.08.38:543][  0]SourceControl: Source control is disabled
[2025.10.13-14.08.38:547][  0]SourceControl: Source control is disabled
[2025.10.13-14.08.38:678][  0]LogOpenImageDenoise: OIDN starting up
[2025.10.13-14.08.38:706][  0]LogAndroidPermission: UAndroidPermissionCallbackProxy::GetInstance
[2025.10.13-14.08.38:721][  0]LogAudioCaptureCore: Display: No Audio Capture implementations found. Audio input will be silent.
[2025.10.13-14.08.38:721][  0]LogAudioCaptureCore: Display: No Audio Capture implementations found. Audio input will be silent.
[2025.10.13-14.08.38:801][  0]LogCollectionManager: Loaded 0 collections in 0.000503 seconds
[2025.10.13-14.08.38:817][  0]LogFileCache: Scanning file cache for directory 'C:/Users/PC/Documents/GitHub/TasteOfMadness/TasteOfMadness/Saved/Collections/' took 0.00s
[2025.10.13-14.08.38:817][  0]LogFileCache: Scanning file cache for directory 'C:/Users/PC/Documents/GitHub/TasteOfMadness/TasteOfMadness/Content/Developers/PC/Collections/' took 0.00s
[2025.10.13-14.08.38:817][  0]LogFileCache: Scanning file cache for directory 'C:/Users/PC/Documents/GitHub/TasteOfMadness/TasteOfMadness/Content/Collections/' took 0.00s
[2025.10.13-14.08.38:817][  0]LogOcInput: OculusInput pre-init called
[2025.10.13-14.08.38:979][  0]LogEngine: Initializing Engine...
[2025.10.13-14.08.39:097][  0]LogHMD: Failed to enumerate extensions. Please check that you have a valid OpenXR runtime installed.
[2025.10.13-14.08.39:097][  0]LogHMD: Failed to initialize OpenVR with code 110
[2025.10.13-14.08.39:106][  0]LogMagicLeap: Warning: VR disabled because ZI is not enabled.  To enable, in the editor, Edit -> Project Settings -> Plugins -> Magic Leap Plugin -> Enable Zero Iteration
[2025.10.13-14.08.39:107][  0]LogStats: UGameplayTagsManager::InitializeManager -  0.000 s
[2025.10.13-14.08.39:186][  0]LogInit: Initializing FReadOnlyCVARCache
[2025.10.13-14.08.39:192][  0]LogAIModule: Creating AISystem for world Untitled
[2025.10.13-14.08.39:196][  0]LogAudio: Display: Initializing Audio Device Manager...
[2025.10.13-14.08.39:199][  0]LogAudio: Display: Loading Default Audio Settings Objects...
[2025.10.13-14.08.39:199][  0]LogAudio: Display: No default SoundConcurrencyObject specified (or failed to load).
[2025.10.13-14.08.39:200][  0]LogAudio: Display: Audio Device Manager Initialized
[2025.10.13-14.08.39:200][  0]LogAudio: Display: Creating Audio Device:                 Id: 1, Scope: Shared, Realtime: True
[2025.10.13-14.08.39:200][  0]LogAudioMixer: Display: Audio Mixer Platform Settings:
[2025.10.13-14.08.39:200][  0]LogAudioMixer: Display: 	Sample Rate:						  48000
[2025.10.13-14.08.39:200][  0]LogAudioMixer: Display: 	Callback Buffer Frame Size Requested: 1024
[2025.10.13-14.08.39:200][  0]LogAudioMixer: Display: 	Callback Buffer Frame Size To Use:	  1024
[2025.10.13-14.08.39:200][  0]LogAudioMixer: Display: 	Number of buffers to queue:			  2
[2025.10.13-14.08.39:200][  0]LogAudioMixer: Display: 	Max Channels (voices):				  32
[2025.10.13-14.08.39:200][  0]LogAudioMixer: Display: 	Number of Async Source Workers:		  0
[2025.10.13-14.08.39:200][  0]LogAudio: Display: AudioDevice MaxSources: 32
[2025.10.13-14.08.39:200][  0]LogAudio: Display: Audio Spatialization Plugin: None (built-in).
[2025.10.13-14.08.39:200][  0]LogAudio: Display: Audio Reverb Plugin: None (built-in).
[2025.10.13-14.08.39:200][  0]LogAudio: Display: Audio Occlusion Plugin: None (built-in).
[2025.10.13-14.08.39:200][  0]LogAudioMixer: Display: Initializing audio mixer.
[2025.10.13-14.08.39:214][  0]LogAudioMixer: Display: 0: FrontLeft
[2025.10.13-14.08.39:214][  0]LogAudioMixer: Display: 1: FrontRight
[2025.10.13-14.08.39:240][  0]LogAudioMixer: Display: Using Audio Device LC24RG50 (NVIDIA High Definition Audio)
[2025.10.13-14.08.39:240][  0]LogAudioMixer: Display: Initializing Sound Submixes...
[2025.10.13-14.08.39:242][  0]LogAudioMixer: Display: Creating Master Submix 'MasterSubmixDefault'
[2025.10.13-14.08.39:242][  0]LogAudioMixer: Display: Creating Master Submix 'MasterReverbSubmixDefault'
[2025.10.13-14.08.39:242][  0]LogAudioMixer: Display: Creating Master Submix 'MasterEQSubmixDefault'
[2025.10.13-14.08.39:242][  0]LogAudioMixer: FMixerPlatformXAudio2::StartAudioStream() called
[2025.10.13-14.08.39:242][  0]LogAudioMixer: Display: Output buffers initialized: Frames=1024, Channels=2, Samples=2048
[2025.10.13-14.08.39:243][  0]LogAudioMixer: Display: Starting AudioMixerPlatformInterface::RunInternal()
[2025.10.13-14.08.39:243][  0]LogAudioMixer: Display: FMixerPlatformXAudio2::SubmitBuffer() called for the first time
[2025.10.13-14.08.39:243][  0]LogInit: FAudioDevice initialized.
[2025.10.13-14.08.39:243][  0]LogAudio: Display: Audio Device (ID: 1) registered with world 'Untitled'.
[2025.10.13-14.08.39:243][  0]LogNetVersion: Set ProjectVersion to 1.0.0.0. Version Checksum will be recalculated on next use.
[2025.10.13-14.08.39:277][  0]LogDerivedDataCache: Saved boot cache 0.03s 94MB C:/Users/PC/AppData/Local/UnrealEngine/4.27/DerivedDataCache/Boot.ddc.
[2025.10.13-14.08.39:277][  0]LogInit: Texture streaming: Enabled
[2025.10.13-14.08.39:288][  0]LogAnalytics: Display: [UEEditor.Rocket.Release] APIServer = https://datarouter.ol.epicgames.com/. AppVersion = 4.27.2-18319896+++UE4+Release-4.27
[2025.10.13-14.08.39:290][  0]LogEngineSessionManager: EngineSessionManager initialized
[2025.10.13-14.08.39:290][  0]LogEditorSessionSummary: Verbose: Initializing EditorSessionSummaryWriter for editor session tracking
[2025.10.13-14.08.39:291][  0]LogEditorSessionSummary: EditorSessionSummaryWriter initialized
[2025.10.13-14.08.39:313][  0]LogInit: Transaction tracking system initialized
[2025.10.13-14.08.39:327][  0]BlueprintLog: New page: Editor Load
[2025.10.13-14.08.39:366][  0]LocalizationService: Localization service is disabled
[2025.10.13-14.08.39:382][  0]TimingProfiler: Initialize
[2025.10.13-14.08.39:382][  0]TimingProfiler: OnSessionChanged
[2025.10.13-14.08.39:382][  0]LoadingProfiler: Initialize
[2025.10.13-14.08.39:382][  0]LoadingProfiler: OnSessionChanged
[2025.10.13-14.08.39:382][  0]NetworkingProfiler: Initialize
[2025.10.13-14.08.39:382][  0]NetworkingProfiler: OnSessionChanged
[2025.10.13-14.08.39:382][  0]MemoryProfiler: Initialize
[2025.10.13-14.08.39:382][  0]MemoryProfiler: OnSessionChanged
[2025.10.13-14.08.39:508][  0]LogCook: Display: CookSettings for Memory: MemoryMaxUsedVirtual 0MiB, MemoryMaxUsedPhysical 16384MiB, MemoryMinFreeVirtual 0MiB, MemoryMinFreePhysical 1024MiB
[2025.10.13-14.08.39:508][  0]LogCook: Display: Mobile HDR setting 1
[2025.10.13-14.08.39:512][  0]LogFileCache: Scanning file cache for directory 'C:/Users/PC/Documents/GitHub/TasteOfMadness/TasteOfMadness/Content/' took 0.01s
[2025.10.13-14.08.39:512][  0]LogLinker: Warning: Failed to load '/Engine/BasicShapes/Cube': Can't find file.
[2025.10.13-14.08.39:512][  0]LogLinker: Warning: Failed to load '/Engine/BasicShapes/Cube': Can't find file.
[2025.10.13-14.08.39:512][  0]LogUObjectGlobals: Warning: Failed to find object 'StaticMesh /Engine/BasicShapes/Cube.Cube'
[2025.10.13-14.08.39:751][  0]LogInit: Display: Engine is initialized. Leaving FEngineLoop::Init()
[2025.10.13-14.08.39:753][  0]SourceControl: Source control is disabled
[2025.10.13-14.08.39:753][  0]LogUnrealEdMisc: Loading editor; pre map load, took 4.970
[2025.10.13-14.08.39:753][  0]Cmd: MAP LOAD FILE="C:/Users/PC/Documents/GitHub/TasteOfMadness/TasteOfMadness/Content/Maps/MainPersistent.umap" TEMPLATE=0 SHOWPROGRESS=1 FEATURELEVEL=3
[2025.10.13-14.08.39:763][  0]LightingResults: New page: Lighting Build
[2025.10.13-14.08.39:764][  0]LogWorld: UWorld::CleanupWorld for Untitled, bSessionEnded=true, bCleanupResources=true
[2025.10.13-14.08.39:764][  0]LogSlate: InvalidateAllWidgets triggered.  All widgets were invalidated
[2025.10.13-14.08.39:764][  0]MapCheck: New page: Map Check
[2025.10.13-14.08.39:764][  0]LightingResults: New page: Lighting Build
[2025.10.13-14.08.39:772][  0]LogAudio: Display: Audio Device unregistered from world 'None'.
[2025.10.13-14.08.39:774][  0]LogUObjectHash: Compacting FUObjectHashTables data took   0.66ms
[2025.10.13-14.08.41:831][  0]LogAudio: Display: Audio Device (ID: 1) registered with world 'MainPersistent'.
[2025.10.13-14.08.41:832][  0]LogAIModule: Creating AISystem for world MainPersistent
[2025.10.13-14.08.41:863][  0]LogStreaming: Display: ULevelStreaming::RequestLevel(/Game/Maps/FrancisIA) is flushing async loading
[2025.10.13-14.08.41:863][  0]LogStreaming: Display: FlushAsyncLoading: 1 QueuedPackages, 0 AsyncPackages
[2025.10.13-14.08.42:261][  0]LogStreaming: Display: ULevelStreaming::RequestLevel(/Game/Maps/ComidaVivaIA) is flushing async loading
[2025.10.13-14.08.42:591][  0]LogStreaming: Display: ULevelStreaming::RequestLevel(/Game/Maps/PropsSamuel) is flushing async loading
[2025.10.13-14.08.42:602][  0]LogStreaming: Display: ULevelStreaming::RequestLevel(/Game/Maps/PropsMichelle) is flushing async loading
[2025.10.13-14.08.42:611][  0]LogStreaming: Display: ULevelStreaming::RequestLevel(/Game/Maps/PropsDaniela) is flushing async loading
[2025.10.13-14.08.42:621][  0]LogStreaming: Display: ULevelStreaming::RequestLevel(/Game/Maps/PropsChris) is flushing async loading
[2025.10.13-14.08.42:631][  0]LogStreaming: Display: ULevelStreaming::RequestLevel(/Game/Maps/PropsOliver) is flushing async loading
[2025.10.13-14.08.42:640][  0]LogEditorServer: Finished looking for orphan Actors (0.000 secs)
[2025.10.13-14.08.42:654][  0]LogNavigation: Warning: NavData RegistrationFailed_AgentAlreadySupported, specified agent type already has its navmesh implemented.
[2025.10.13-14.08.42:661][  0]LogUObjectHash: Compacting FUObjectHashTables data took   0.83ms
[2025.10.13-14.08.42:661][  0]Cmd: MAP CHECKDEP NOCLEARLOG
[2025.10.13-14.08.42:662][  0]MapCheck: Map check complete: 0 Error(s), 0 Warning(s), took 0.473ms to complete.
[2025.10.13-14.08.42:662][  0]LogFileHelpers: Loading map 'MainPersistent' took 2.908
[2025.10.13-14.08.42:663][  0]LogUnrealEdMisc: Total Editor Startup Time, took 7.879
[2025.10.13-14.08.43:176][  0]LogSlate: Updating window title bar state: overlay mode, drag disabled, window buttons hidden, title bar hidden
[2025.10.13-14.08.43:205][  0]LogSlate: Updating window title bar state: overlay mode, drag disabled, window buttons hidden, title bar hidden
[2025.10.13-14.08.43:209][  0]LogSlate: Updating window title bar state: overlay mode, drag disabled, window buttons hidden, title bar hidden
[2025.10.13-14.08.43:214][  0]LogSlate: Updating window title bar state: overlay mode, drag disabled, window buttons hidden, title bar hidden
[2025.10.13-14.08.43:292][  0]LogNativeClassHierarchy: Verbose: Native class hierarchy populated in 0.0080 seconds. Added 3822 classes and 928 folders.
[2025.10.13-14.08.43:341][  0]LogNativeClassHierarchy: Verbose: Native class hierarchy updated for 'WidgetCarousel' in 0.0003 seconds. Added 0 classes and 0 folders.
[2025.10.13-14.08.43:498][  0]LogPakFile: PakFile PrimaryIndexSize=187
[2025.10.13-14.08.43:498][  0]LogPakFile: PakFile PathHashIndexSize=101
[2025.10.13-14.08.43:498][  0]LogPakFile: PakFile FullDirectoryIndexSize=148
[2025.10.13-14.08.43:498][  0]LogShaderLibrary: Display: ShaderCodeLibraryPakFileMountedCallback: PakFile 'E:/Epic/UE_4.27/FeaturePacks/FP_FirstPerson.upack' (chunk index -1, root 'root:/') mounted
[2025.10.13-14.08.43:498][  0]LogShaderLibrary: Display: ShaderCodeLibraryPakFileMountedCallback: pending pak file info (ChunkID:-1 Root:root:/ File:E:/Epic/UE_4.27/FeaturePacks/FP_FirstPerson.upack)
[2025.10.13-14.08.43:498][  0]LogPakFile: OnPakFileMounted2Time == 0.000054
[2025.10.13-14.08.43:516][  0]LogPakFile: PakFile PrimaryIndexSize=189
[2025.10.13-14.08.43:516][  0]LogPakFile: PakFile PathHashIndexSize=101
[2025.10.13-14.08.43:516][  0]LogPakFile: PakFile FullDirectoryIndexSize=152
[2025.10.13-14.08.43:516][  0]LogShaderLibrary: Display: ShaderCodeLibraryPakFileMountedCallback: PakFile 'E:/Epic/UE_4.27/FeaturePacks/FP_FirstPersonBP.upack' (chunk index -1, root 'root:/') mounted
[2025.10.13-14.08.43:517][  0]LogShaderLibrary: Display: ShaderCodeLibraryPakFileMountedCallback: pending pak file info (ChunkID:-1 Root:root:/ File:E:/Epic/UE_4.27/FeaturePacks/FP_FirstPersonBP.upack)
[2025.10.13-14.08.43:517][  0]LogPakFile: OnPakFileMounted2Time == 0.000039
[2025.10.13-14.08.43:556][  0]LogPakFile: PakFile PrimaryIndexSize=191
[2025.10.13-14.08.43:556][  0]LogPakFile: PakFile PathHashIndexSize=101
[2025.10.13-14.08.43:556][  0]LogPakFile: PakFile FullDirectoryIndexSize=160
[2025.10.13-14.08.43:556][  0]LogShaderLibrary: Display: ShaderCodeLibraryPakFileMountedCallback: PakFile 'E:/Epic/UE_4.27/FeaturePacks/MobileStarterContent.upack' (chunk index -1, root 'root:/') mounted
[2025.10.13-14.08.43:556][  0]LogShaderLibrary: Display: ShaderCodeLibraryPakFileMountedCallback: pending pak file info (ChunkID:-1 Root:root:/ File:E:/Epic/UE_4.27/FeaturePacks/MobileStarterContent.upack)
[2025.10.13-14.08.43:556][  0]LogPakFile: OnPakFileMounted2Time == 0.000032
[2025.10.13-14.08.43:562][  0]LogPakFile: PakFile PrimaryIndexSize=185
[2025.10.13-14.08.43:562][  0]LogPakFile: PakFile PathHashIndexSize=101
[2025.10.13-14.08.43:562][  0]LogPakFile: PakFile FullDirectoryIndexSize=148
[2025.10.13-14.08.43:562][  0]LogShaderLibrary: Display: ShaderCodeLibraryPakFileMountedCallback: PakFile 'E:/Epic/UE_4.27/FeaturePacks/StarterContent.upack' (chunk index -1, root 'root:/') mounted
[2025.10.13-14.08.43:562][  0]LogShaderLibrary: Display: ShaderCodeLibraryPakFileMountedCallback: pending pak file info (ChunkID:-1 Root:root:/ File:E:/Epic/UE_4.27/FeaturePacks/StarterContent.upack)
[2025.10.13-14.08.43:562][  0]LogPakFile: OnPakFileMounted2Time == 0.000033
[2025.10.13-14.08.43:570][  0]LogPakFile: PakFile PrimaryIndexSize=190
[2025.10.13-14.08.43:570][  0]LogPakFile: PakFile PathHashIndexSize=101
[2025.10.13-14.08.43:570][  0]LogPakFile: PakFile FullDirectoryIndexSize=154
[2025.10.13-14.08.43:570][  0]LogShaderLibrary: Display: ShaderCodeLibraryPakFileMountedCallback: PakFile 'E:/Epic/UE_4.27/FeaturePacks/TP_2DSideScroller.upack' (chunk index -1, root 'root:/') mounted
[2025.10.13-14.08.43:570][  0]LogShaderLibrary: Display: ShaderCodeLibraryPakFileMountedCallback: pending pak file info (ChunkID:-1 Root:root:/ File:E:/Epic/UE_4.27/FeaturePacks/TP_2DSideScroller.upack)
[2025.10.13-14.08.43:570][  0]LogPakFile: OnPakFileMounted2Time == 0.000030
[2025.10.13-14.08.43:581][  0]LogPakFile: PakFile PrimaryIndexSize=192
[2025.10.13-14.08.43:581][  0]LogPakFile: PakFile PathHashIndexSize=101
[2025.10.13-14.08.43:581][  0]LogPakFile: PakFile FullDirectoryIndexSize=158
[2025.10.13-14.08.43:581][  0]LogShaderLibrary: Display: ShaderCodeLibraryPakFileMountedCallback: PakFile 'E:/Epic/UE_4.27/FeaturePacks/TP_2DSideScrollerBP.upack' (chunk index -1, root 'root:/') mounted
[2025.10.13-14.08.43:581][  0]LogShaderLibrary: Display: ShaderCodeLibraryPakFileMountedCallback: pending pak file info (ChunkID:-1 Root:root:/ File:E:/Epic/UE_4.27/FeaturePacks/TP_2DSideScrollerBP.upack)
[2025.10.13-14.08.43:581][  0]LogPakFile: OnPakFileMounted2Time == 0.000031
[2025.10.13-14.08.43:595][  0]LogPakFile: PakFile PrimaryIndexSize=182
[2025.10.13-14.08.43:595][  0]LogPakFile: PakFile PathHashIndexSize=101
[2025.10.13-14.08.43:595][  0]LogPakFile: PakFile FullDirectoryIndexSize=138
[2025.10.13-14.08.43:595][  0]LogShaderLibrary: Display: ShaderCodeLibraryPakFileMountedCallback: PakFile 'E:/Epic/UE_4.27/FeaturePacks/TP_Flying.upack' (chunk index -1, root 'root:/') mounted
[2025.10.13-14.08.43:595][  0]LogShaderLibrary: Display: ShaderCodeLibraryPakFileMountedCallback: pending pak file info (ChunkID:-1 Root:root:/ File:E:/Epic/UE_4.27/FeaturePacks/TP_Flying.upack)
[2025.10.13-14.08.43:595][  0]LogPakFile: OnPakFileMounted2Time == 0.000031
[2025.10.13-14.08.43:619][  0]LogPakFile: PakFile PrimaryIndexSize=184
[2025.10.13-14.08.43:619][  0]LogPakFile: PakFile PathHashIndexSize=101
[2025.10.13-14.08.43:619][  0]LogPakFile: PakFile FullDirectoryIndexSize=142
[2025.10.13-14.08.43:619][  0]LogShaderLibrary: Display: ShaderCodeLibraryPakFileMountedCallback: PakFile 'E:/Epic/UE_4.27/FeaturePacks/TP_FlyingBP.upack' (chunk index -1, root 'root:/') mounted
[2025.10.13-14.08.43:619][  0]LogShaderLibrary: Display: ShaderCodeLibraryPakFileMountedCallback: pending pak file info (ChunkID:-1 Root:root:/ File:E:/Epic/UE_4.27/FeaturePacks/TP_FlyingBP.upack)
[2025.10.13-14.08.43:619][  0]LogPakFile: OnPakFileMounted2Time == 0.000030
[2025.10.13-14.08.43:650][  0]LogPakFile: PakFile PrimaryIndexSize=188
[2025.10.13-14.08.43:650][  0]LogPakFile: PakFile PathHashIndexSize=101
[2025.10.13-14.08.43:650][  0]LogPakFile: PakFile FullDirectoryIndexSize=150
[2025.10.13-14.08.43:650][  0]LogShaderLibrary: Display: ShaderCodeLibraryPakFileMountedCallback: PakFile 'E:/Epic/UE_4.27/FeaturePacks/TP_HandheldARBP.upack' (chunk index -1, root 'root:/') mounted
[2025.10.13-14.08.43:650][  0]LogShaderLibrary: Display: ShaderCodeLibraryPakFileMountedCallback: pending pak file info (ChunkID:-1 Root:root:/ File:E:/Epic/UE_4.27/FeaturePacks/TP_HandheldARBP.upack)
[2025.10.13-14.08.43:650][  0]LogPakFile: OnPakFileMounted2Time == 0.000030
[2025.10.13-14.08.43:679][  0]LogPakFile: PakFile PrimaryIndexSize=182
[2025.10.13-14.08.43:679][  0]LogPakFile: PakFile PathHashIndexSize=101
[2025.10.13-14.08.43:679][  0]LogPakFile: PakFile FullDirectoryIndexSize=138
[2025.10.13-14.08.43:679][  0]LogShaderLibrary: Display: ShaderCodeLibraryPakFileMountedCallback: PakFile 'E:/Epic/UE_4.27/FeaturePacks/TP_Puzzle.upack' (chunk index -1, root 'root:/') mounted
[2025.10.13-14.08.43:679][  0]LogShaderLibrary: Display: ShaderCodeLibraryPakFileMountedCallback: pending pak file info (ChunkID:-1 Root:root:/ File:E:/Epic/UE_4.27/FeaturePacks/TP_Puzzle.upack)
[2025.10.13-14.08.43:679][  0]LogPakFile: OnPakFileMounted2Time == 0.000034
[2025.10.13-14.08.43:683][  0]LogPakFile: PakFile PrimaryIndexSize=184
[2025.10.13-14.08.43:683][  0]LogPakFile: PakFile PathHashIndexSize=101
[2025.10.13-14.08.43:683][  0]LogPakFile: PakFile FullDirectoryIndexSize=142
[2025.10.13-14.08.43:683][  0]LogShaderLibrary: Display: ShaderCodeLibraryPakFileMountedCallback: PakFile 'E:/Epic/UE_4.27/FeaturePacks/TP_PuzzleBP.upack' (chunk index -1, root 'root:/') mounted
[2025.10.13-14.08.43:683][  0]LogShaderLibrary: Display: ShaderCodeLibraryPakFileMountedCallback: pending pak file info (ChunkID:-1 Root:root:/ File:E:/Epic/UE_4.27/FeaturePacks/TP_PuzzleBP.upack)
[2025.10.13-14.08.43:683][  0]LogPakFile: OnPakFileMounted2Time == 0.000031
[2025.10.13-14.08.43:689][  0]LogPakFile: PakFile PrimaryIndexSize=183
[2025.10.13-14.08.43:689][  0]LogPakFile: PakFile PathHashIndexSize=101
[2025.10.13-14.08.43:689][  0]LogPakFile: PakFile FullDirectoryIndexSize=140
[2025.10.13-14.08.43:689][  0]LogShaderLibrary: Display: ShaderCodeLibraryPakFileMountedCallback: PakFile 'E:/Epic/UE_4.27/FeaturePacks/TP_Rolling.upack' (chunk index -1, root 'root:/') mounted
[2025.10.13-14.08.43:689][  0]LogShaderLibrary: Display: ShaderCodeLibraryPakFileMountedCallback: pending pak file info (ChunkID:-1 Root:root:/ File:E:/Epic/UE_4.27/FeaturePacks/TP_Rolling.upack)
[2025.10.13-14.08.43:689][  0]LogPakFile: OnPakFileMounted2Time == 0.000029
[2025.10.13-14.08.43:694][  0]LogPakFile: PakFile PrimaryIndexSize=185
[2025.10.13-14.08.43:694][  0]LogPakFile: PakFile PathHashIndexSize=101
[2025.10.13-14.08.43:694][  0]LogPakFile: PakFile FullDirectoryIndexSize=144
[2025.10.13-14.08.43:694][  0]LogShaderLibrary: Display: ShaderCodeLibraryPakFileMountedCallback: PakFile 'E:/Epic/UE_4.27/FeaturePacks/TP_RollingBP.upack' (chunk index -1, root 'root:/') mounted
[2025.10.13-14.08.43:694][  0]LogShaderLibrary: Display: ShaderCodeLibraryPakFileMountedCallback: pending pak file info (ChunkID:-1 Root:root:/ File:E:/Epic/UE_4.27/FeaturePacks/TP_RollingBP.upack)
[2025.10.13-14.08.43:694][  0]LogPakFile: OnPakFileMounted2Time == 0.000030
[2025.10.13-14.08.43:700][  0]LogPakFile: PakFile PrimaryIndexSize=188
[2025.10.13-14.08.43:700][  0]LogPakFile: PakFile PathHashIndexSize=101
[2025.10.13-14.08.43:700][  0]LogPakFile: PakFile FullDirectoryIndexSize=150
[2025.10.13-14.08.43:700][  0]LogShaderLibrary: Display: ShaderCodeLibraryPakFileMountedCallback: PakFile 'E:/Epic/UE_4.27/FeaturePacks/TP_SideScroller.upack' (chunk index -1, root 'root:/') mounted
[2025.10.13-14.08.43:700][  0]LogShaderLibrary: Display: ShaderCodeLibraryPakFileMountedCallback: pending pak file info (ChunkID:-1 Root:root:/ File:E:/Epic/UE_4.27/FeaturePacks/TP_SideScroller.upack)
[2025.10.13-14.08.43:700][  0]LogPakFile: OnPakFileMounted2Time == 0.000033
[2025.10.13-14.08.43:705][  0]LogPakFile: PakFile PrimaryIndexSize=190
[2025.10.13-14.08.43:705][  0]LogPakFile: PakFile PathHashIndexSize=101
[2025.10.13-14.08.43:705][  0]LogPakFile: PakFile FullDirectoryIndexSize=154
[2025.10.13-14.08.43:705][  0]LogShaderLibrary: Display: ShaderCodeLibraryPakFileMountedCallback: PakFile 'E:/Epic/UE_4.27/FeaturePacks/TP_SideScrollerBP.upack' (chunk index -1, root 'root:/') mounted
[2025.10.13-14.08.43:705][  0]LogShaderLibrary: Display: ShaderCodeLibraryPakFileMountedCallback: pending pak file info (ChunkID:-1 Root:root:/ File:E:/Epic/UE_4.27/FeaturePacks/TP_SideScrollerBP.upack)
[2025.10.13-14.08.43:705][  0]LogPakFile: OnPakFileMounted2Time == 0.000030
[2025.10.13-14.08.43:710][  0]LogPakFile: PakFile PrimaryIndexSize=187
[2025.10.13-14.08.43:710][  0]LogPakFile: PakFile PathHashIndexSize=101
[2025.10.13-14.08.43:710][  0]LogPakFile: PakFile FullDirectoryIndexSize=148
[2025.10.13-14.08.43:710][  0]LogShaderLibrary: Display: ShaderCodeLibraryPakFileMountedCallback: PakFile 'E:/Epic/UE_4.27/FeaturePacks/TP_ThirdPerson.upack' (chunk index -1, root 'root:/') mounted
[2025.10.13-14.08.43:710][  0]LogShaderLibrary: Display: ShaderCodeLibraryPakFileMountedCallback: pending pak file info (ChunkID:-1 Root:root:/ File:E:/Epic/UE_4.27/FeaturePacks/TP_ThirdPerson.upack)
[2025.10.13-14.08.43:710][  0]LogPakFile: OnPakFileMounted2Time == 0.000032
[2025.10.13-14.08.43:737][  0]LogPakFile: PakFile PrimaryIndexSize=189
[2025.10.13-14.08.43:737][  0]LogPakFile: PakFile PathHashIndexSize=101
[2025.10.13-14.08.43:737][  0]LogPakFile: PakFile FullDirectoryIndexSize=152
[2025.10.13-14.08.43:737][  0]LogShaderLibrary: Display: ShaderCodeLibraryPakFileMountedCallback: PakFile 'E:/Epic/UE_4.27/FeaturePacks/TP_ThirdPersonBP.upack' (chunk index -1, root 'root:/') mounted
[2025.10.13-14.08.43:737][  0]LogShaderLibrary: Display: ShaderCodeLibraryPakFileMountedCallback: pending pak file info (ChunkID:-1 Root:root:/ File:E:/Epic/UE_4.27/FeaturePacks/TP_ThirdPersonBP.upack)
[2025.10.13-14.08.43:737][  0]LogPakFile: OnPakFileMounted2Time == 0.000030
[2025.10.13-14.08.43:742][  0]LogPakFile: PakFile PrimaryIndexSize=183
[2025.10.13-14.08.43:742][  0]LogPakFile: PakFile PathHashIndexSize=101
[2025.10.13-14.08.43:742][  0]LogPakFile: PakFile FullDirectoryIndexSize=140
[2025.10.13-14.08.43:742][  0]LogShaderLibrary: Display: ShaderCodeLibraryPakFileMountedCallback: PakFile 'E:/Epic/UE_4.27/FeaturePacks/TP_TopDown.upack' (chunk index -1, root 'root:/') mounted
[2025.10.13-14.08.43:742][  0]LogShaderLibrary: Display: ShaderCodeLibraryPakFileMountedCallback: pending pak file info (ChunkID:-1 Root:root:/ File:E:/Epic/UE_4.27/FeaturePacks/TP_TopDown.upack)
[2025.10.13-14.08.43:742][  0]LogPakFile: OnPakFileMounted2Time == 0.000035
[2025.10.13-14.08.43:747][  0]LogPakFile: PakFile PrimaryIndexSize=185
[2025.10.13-14.08.43:747][  0]LogPakFile: PakFile PathHashIndexSize=101
[2025.10.13-14.08.43:747][  0]LogPakFile: PakFile FullDirectoryIndexSize=144
[2025.10.13-14.08.43:747][  0]LogShaderLibrary: Display: ShaderCodeLibraryPakFileMountedCallback: PakFile 'E:/Epic/UE_4.27/FeaturePacks/TP_TopDownBP.upack' (chunk index -1, root 'root:/') mounted
[2025.10.13-14.08.43:747][  0]LogShaderLibrary: Display: ShaderCodeLibraryPakFileMountedCallback: pending pak file info (ChunkID:-1 Root:root:/ File:E:/Epic/UE_4.27/FeaturePacks/TP_TopDownBP.upack)
[2025.10.13-14.08.43:747][  0]LogPakFile: OnPakFileMounted2Time == 0.000029
[2025.10.13-14.08.43:756][  0]LogPakFile: PakFile PrimaryIndexSize=185
[2025.10.13-14.08.43:756][  0]LogPakFile: PakFile PathHashIndexSize=101
[2025.10.13-14.08.43:756][  0]LogPakFile: PakFile FullDirectoryIndexSize=144
[2025.10.13-14.08.43:756][  0]LogShaderLibrary: Display: ShaderCodeLibraryPakFileMountedCallback: PakFile 'E:/Epic/UE_4.27/FeaturePacks/TP_TwinStick.upack' (chunk index -1, root 'root:/') mounted
[2025.10.13-14.08.43:756][  0]LogShaderLibrary: Display: ShaderCodeLibraryPakFileMountedCallback: pending pak file info (ChunkID:-1 Root:root:/ File:E:/Epic/UE_4.27/FeaturePacks/TP_TwinStick.upack)
[2025.10.13-14.08.43:756][  0]LogPakFile: OnPakFileMounted2Time == 0.000033
[2025.10.13-14.08.43:761][  0]LogPakFile: PakFile PrimaryIndexSize=187
[2025.10.13-14.08.43:761][  0]LogPakFile: PakFile PathHashIndexSize=101
[2025.10.13-14.08.43:761][  0]LogPakFile: PakFile FullDirectoryIndexSize=148
[2025.10.13-14.08.43:761][  0]LogShaderLibrary: Display: ShaderCodeLibraryPakFileMountedCallback: PakFile 'E:/Epic/UE_4.27/FeaturePacks/TP_TwinStickBP.upack' (chunk index -1, root 'root:/') mounted
[2025.10.13-14.08.43:761][  0]LogShaderLibrary: Display: ShaderCodeLibraryPakFileMountedCallback: pending pak file info (ChunkID:-1 Root:root:/ File:E:/Epic/UE_4.27/FeaturePacks/TP_TwinStickBP.upack)
[2025.10.13-14.08.43:761][  0]LogPakFile: OnPakFileMounted2Time == 0.000031
[2025.10.13-14.08.43:767][  0]LogPakFile: PakFile PrimaryIndexSize=183
[2025.10.13-14.08.43:767][  0]LogPakFile: PakFile PathHashIndexSize=101
[2025.10.13-14.08.43:767][  0]LogPakFile: PakFile FullDirectoryIndexSize=140
[2025.10.13-14.08.43:767][  0]LogShaderLibrary: Display: ShaderCodeLibraryPakFileMountedCallback: PakFile 'E:/Epic/UE_4.27/FeaturePacks/TP_Vehicle.upack' (chunk index -1, root 'root:/') mounted
[2025.10.13-14.08.43:767][  0]LogShaderLibrary: Display: ShaderCodeLibraryPakFileMountedCallback: pending pak file info (ChunkID:-1 Root:root:/ File:E:/Epic/UE_4.27/FeaturePacks/TP_Vehicle.upack)
[2025.10.13-14.08.43:767][  0]LogPakFile: OnPakFileMounted2Time == 0.000030
[2025.10.13-14.08.43:773][  0]LogPakFile: PakFile PrimaryIndexSize=186
[2025.10.13-14.08.43:773][  0]LogPakFile: PakFile PathHashIndexSize=101
[2025.10.13-14.08.43:773][  0]LogPakFile: PakFile FullDirectoryIndexSize=146
[2025.10.13-14.08.43:773][  0]LogShaderLibrary: Display: ShaderCodeLibraryPakFileMountedCallback: PakFile 'E:/Epic/UE_4.27/FeaturePacks/TP_VehicleAdv.upack' (chunk index -1, root 'root:/') mounted
[2025.10.13-14.08.43:773][  0]LogShaderLibrary: Display: ShaderCodeLibraryPakFileMountedCallback: pending pak file info (ChunkID:-1 Root:root:/ File:E:/Epic/UE_4.27/FeaturePacks/TP_VehicleAdv.upack)
[2025.10.13-14.08.43:773][  0]LogPakFile: OnPakFileMounted2Time == 0.000031
[2025.10.13-14.08.43:784][  0]LogPakFile: PakFile PrimaryIndexSize=188
[2025.10.13-14.08.43:784][  0]LogPakFile: PakFile PathHashIndexSize=101
[2025.10.13-14.08.43:784][  0]LogPakFile: PakFile FullDirectoryIndexSize=150
[2025.10.13-14.08.43:784][  0]LogShaderLibrary: Display: ShaderCodeLibraryPakFileMountedCallback: PakFile 'E:/Epic/UE_4.27/FeaturePacks/TP_VehicleAdvBP.upack' (chunk index -1, root 'root:/') mounted
[2025.10.13-14.08.43:784][  0]LogShaderLibrary: Display: ShaderCodeLibraryPakFileMountedCallback: pending pak file info (ChunkID:-1 Root:root:/ File:E:/Epic/UE_4.27/FeaturePacks/TP_VehicleAdvBP.upack)
[2025.10.13-14.08.43:784][  0]LogPakFile: OnPakFileMounted2Time == 0.000026
[2025.10.13-14.08.43:792][  0]LogPakFile: PakFile PrimaryIndexSize=185
[2025.10.13-14.08.43:792][  0]LogPakFile: PakFile PathHashIndexSize=101
[2025.10.13-14.08.43:793][  0]LogPakFile: PakFile FullDirectoryIndexSize=144
[2025.10.13-14.08.43:793][  0]LogShaderLibrary: Display: ShaderCodeLibraryPakFileMountedCallback: PakFile 'E:/Epic/UE_4.27/FeaturePacks/TP_VehicleBP.upack' (chunk index -1, root 'root:/') mounted
[2025.10.13-14.08.43:793][  0]LogShaderLibrary: Display: ShaderCodeLibraryPakFileMountedCallback: pending pak file info (ChunkID:-1 Root:root:/ File:E:/Epic/UE_4.27/FeaturePacks/TP_VehicleBP.upack)
[2025.10.13-14.08.43:793][  0]LogPakFile: OnPakFileMounted2Time == 0.000030
[2025.10.13-14.08.43:799][  0]LogPakFile: PakFile PrimaryIndexSize=192
[2025.10.13-14.08.43:799][  0]LogPakFile: PakFile PathHashIndexSize=101
[2025.10.13-14.08.43:799][  0]LogPakFile: PakFile FullDirectoryIndexSize=158
[2025.10.13-14.08.43:799][  0]LogShaderLibrary: Display: ShaderCodeLibraryPakFileMountedCallback: PakFile 'E:/Epic/UE_4.27/FeaturePacks/TP_VirtualRealityBP.upack' (chunk index -1, root 'root:/') mounted
[2025.10.13-14.08.43:799][  0]LogShaderLibrary: Display: ShaderCodeLibraryPakFileMountedCallback: pending pak file info (ChunkID:-1 Root:root:/ File:E:/Epic/UE_4.27/FeaturePacks/TP_VirtualRealityBP.upack)
[2025.10.13-14.08.43:799][  0]LogPakFile: OnPakFileMounted2Time == 0.000030
[2025.10.13-14.08.44:438][  0]LogNativeClassHierarchy: Verbose: Native class hierarchy updated for 'AddContentDialog' in 0.0003 seconds. Added 0 classes and 0 folders.
[2025.10.13-14.08.44:466][  0]LogNativeClassHierarchy: Verbose: Native class hierarchy updated for 'SceneOutliner' in 0.0002 seconds. Added 2 classes and 0 folders.
[2025.10.13-14.08.44:922][  0]LogSlate: Took 0.000099 seconds to synchronously load lazily loaded font '../../../Engine/Content/Slate/Fonts/Roboto-Regular.ttf' (155K)
[2025.10.13-14.08.44:940][  0]LogSlate: Took 0.016575 seconds to synchronously load lazily loaded font '../../../Engine/Content/Editor/Slate/Fonts/FontAwesome.ttf' (139K)
[2025.10.13-14.08.44:955][  0]LogSlate: Took 0.000093 seconds to synchronously load lazily loaded font '../../../Engine/Content/Slate/Fonts/Roboto-Bold.ttf' (160K)
[2025.10.13-14.08.45:253][  0]LogRenderer: Reallocating scene render targets to support 1164x652 Format 10 NumSamples 1 (Frame:1).
[2025.10.13-14.08.45:613][  0]LogNativeClassHierarchy: Verbose: Native class hierarchy updated for 'HierarchicalLODOutliner' in 0.0003 seconds. Added 0 classes and 0 folders.
[2025.10.13-14.08.45:613][  0]LogLoad: (Engine Initialization) Total time: 10.83 seconds
[2025.10.13-14.08.45:613][  0]LogLoad: (Engine Initialization) Total Blueprint compile time: 0.00 seconds
[2025.10.13-14.08.45:626][  0]LogLinker: Warning: Failed to load '/Engine/BasicShapes/Cube': Can't find file.
[2025.10.13-14.08.45:626][  0]LogLinker: Warning: Failed to load '/Engine/BasicShapes/Cube': Can't find file.
[2025.10.13-14.08.45:626][  0]LogUObjectGlobals: Warning: Failed to find object 'StaticMesh /Engine/BasicShapes/Cube.Cube'
[2025.10.13-14.08.45:651][  0]LogAssetRegistry: Asset discovery search completed in 8.4292 seconds
[2025.10.13-14.08.45:655][  0]LogCollectionManager: Fixed up redirectors for 0 collections in 0.000003 seconds (updated 0 objects)
[2025.10.13-14.08.45:670][  0]LogContentStreaming: Texture pool size now 1000 MB
[2025.10.13-14.08.49:067][350]LogUObjectHash: Compacting FUObjectHashTables data took   0.67ms
[2025.10.13-14.08.49:098][350]LogSlate: Took 0.021312 seconds to synchronously load lazily loaded font '../../../Engine/Content/Slate/Fonts/Roboto-Light.ttf' (167K)
[2025.10.13-14.08.49:111][350]LogAssetEditorSubsystem: Opening Asset editor for World /Game/Maps/ComidaVivaIA.ComidaVivaIA
[2025.10.13-14.08.49:111][350]Cmd: MAP LOAD FILE="C:/Users/PC/Documents/GitHub/TasteOfMadness/TasteOfMadness/Content/Maps/ComidaVivaIA.umap" TEMPLATE=0 SHOWPROGRESS=1 FEATURELEVEL=3
[2025.10.13-14.08.49:111][350]LightingResults: New page: Lighting Build
[2025.10.13-14.08.49:111][350]LoadErrors: New page: Loading map: ComidaVivaIA.umap
[2025.10.13-14.08.49:141][350]LogWorld: UWorld::CleanupWorld for MainPersistent, bSessionEnded=true, bCleanupResources=true
[2025.10.13-14.08.49:141][350]LogSlate: InvalidateAllWidgets triggered.  All widgets were invalidated
[2025.10.13-14.08.49:141][350]LogWorld: UWorld::CleanupWorld for FrancisIA, bSessionEnded=true, bCleanupResources=true
[2025.10.13-14.08.49:141][350]LogSlate: InvalidateAllWidgets triggered.  All widgets were invalidated
[2025.10.13-14.08.49:141][350]LogWorld: UWorld::CleanupWorld for ComidaVivaIA, bSessionEnded=true, bCleanupResources=true
[2025.10.13-14.08.49:141][350]LogSlate: InvalidateAllWidgets triggered.  All widgets were invalidated
[2025.10.13-14.08.49:141][350]LogWorld: UWorld::CleanupWorld for PropsSamuel, bSessionEnded=true, bCleanupResources=true
[2025.10.13-14.08.49:142][350]LogSlate: InvalidateAllWidgets triggered.  All widgets were invalidated
[2025.10.13-14.08.49:142][350]LogWorld: UWorld::CleanupWorld for PropsMichelle, bSessionEnded=true, bCleanupResources=true
[2025.10.13-14.08.49:142][350]LogSlate: InvalidateAllWidgets triggered.  All widgets were invalidated
[2025.10.13-14.08.49:142][350]LogWorld: UWorld::CleanupWorld for PropsDaniela, bSessionEnded=true, bCleanupResources=true
[2025.10.13-14.08.49:142][350]LogSlate: InvalidateAllWidgets triggered.  All widgets were invalidated
[2025.10.13-14.08.49:142][350]LogWorld: UWorld::CleanupWorld for PropsChris, bSessionEnded=true, bCleanupResources=true
[2025.10.13-14.08.49:142][350]LogSlate: InvalidateAllWidgets triggered.  All widgets were invalidated
[2025.10.13-14.08.49:142][350]LogWorld: UWorld::CleanupWorld for PropsOliver, bSessionEnded=true, bCleanupResources=true
[2025.10.13-14.08.49:142][350]LogSlate: InvalidateAllWidgets triggered.  All widgets were invalidated
[2025.10.13-14.08.49:142][350]MapCheck: New page: Map Check
[2025.10.13-14.08.49:142][350]LightingResults: New page: Lighting Build
[2025.10.13-14.08.49:145][350]LogAudio: Display: Audio Device unregistered from world 'None'.
[2025.10.13-14.08.49:148][350]LogUObjectHash: Compacting FUObjectHashTables data took   0.76ms
[2025.10.13-14.08.49:148][350]LogAudio: Display: Audio Device (ID: 1) registered with world 'ComidaVivaIA'.
[2025.10.13-14.08.49:148][350]LogAIModule: Creating AISystem for world ComidaVivaIA
[2025.10.13-14.08.49:214][350]LogEditorServer: Finished looking for orphan Actors (0.000 secs)
[2025.10.13-14.08.49:220][350]LogUObjectHash: Compacting FUObjectHashTables data took   0.59ms
[2025.10.13-14.08.49:233][350]Cmd: MAP CHECKDEP NOCLEARLOG
[2025.10.13-14.08.49:233][350]MapCheck: Map check complete: 0 Error(s), 0 Warning(s), took 0.092ms to complete.
[2025.10.13-14.08.49:233][350]LogFileHelpers: Loading map 'ComidaVivaIA' took 0.123
[2025.10.13-14.08.49:298][350]LogUObjectHash: Compacting FUObjectHashTables data took   0.26ms
[2025.10.13-14.08.52:232][693]LogTemp: Repeating last play command: Selected Viewport
[2025.10.13-14.08.52:256][693]LogPlayLevel: PlayLevel: No blueprints needed recompiling
[2025.10.13-14.08.52:257][693]PIE: New page: PIE session: ComidaVivaIA (Oct 13, 2025, 3:08:52 AM)
[2025.10.13-14.08.52:271][693]LogOnline: OSS: Creating online subsystem instance for: NULL
[2025.10.13-14.08.52:272][693]LogOnline: OSS: TryLoadSubsystemAndSetDefault: Loaded subsystem for module [NULL]
[2025.10.13-14.08.52:273][693]LogPlayLevel: Creating play world package: /Game/Maps/UEDPIE_0_ComidaVivaIA
[2025.10.13-14.08.52:276][693]LogPlayLevel: PIE: StaticDuplicateObject took: (0.003027s)
[2025.10.13-14.08.52:276][693]LogAIModule: Creating AISystem for world ComidaVivaIA
[2025.10.13-14.08.52:277][693]LogPlayLevel: PIE: World Init took: (0.000810s)
[2025.10.13-14.08.52:277][693]LogPlayLevel: PIE: Created PIE world by copying editor world from /Game/Maps/ComidaVivaIA.ComidaVivaIA to /Game/Maps/UEDPIE_0_ComidaVivaIA.ComidaVivaIA (0.003950s)
[2025.10.13-14.08.52:281][693]LogUObjectHash: Compacting FUObjectHashTables data took   0.74ms
[2025.10.13-14.08.52:281][693]LogAudio: Display: Creating Audio Device:                 Id: 2, Scope: Unique, Realtime: True
[2025.10.13-14.08.52:281][693]LogAudioMixer: Display: Audio Mixer Platform Settings:
[2025.10.13-14.08.52:281][693]LogAudioMixer: Display: 	Sample Rate:						  48000
[2025.10.13-14.08.52:281][693]LogAudioMixer: Display: 	Callback Buffer Frame Size Requested: 1024
[2025.10.13-14.08.52:281][693]LogAudioMixer: Display: 	Callback Buffer Frame Size To Use:	  1024
[2025.10.13-14.08.52:281][693]LogAudioMixer: Display: 	Number of buffers to queue:			  2
[2025.10.13-14.08.52:281][693]LogAudioMixer: Display: 	Max Channels (voices):				  32
[2025.10.13-14.08.52:281][693]LogAudioMixer: Display: 	Number of Async Source Workers:		  0
[2025.10.13-14.08.52:281][693]LogAudio: Display: AudioDevice MaxSources: 32
[2025.10.13-14.08.52:281][693]LogAudio: Display: Audio Spatialization Plugin: None (built-in).
[2025.10.13-14.08.52:281][693]LogAudio: Display: Audio Reverb Plugin: None (built-in).
[2025.10.13-14.08.52:281][693]LogAudio: Display: Audio Occlusion Plugin: None (built-in).
[2025.10.13-14.08.52:281][693]LogAudioMixer: Display: Initializing audio mixer.
[2025.10.13-14.08.52:284][693]LogAudioMixer: Display: 0: FrontLeft
[2025.10.13-14.08.52:284][693]LogAudioMixer: Display: 1: FrontRight
[2025.10.13-14.08.52:290][693]LogAudioMixer: Display: Using Audio Device LC24RG50 (NVIDIA High Definition Audio)
[2025.10.13-14.08.52:290][693]LogAudioMixer: Display: Initializing Sound Submixes...
[2025.10.13-14.08.52:290][693]LogAudioMixer: Display: Creating Master Submix 'MasterSubmixDefault'
[2025.10.13-14.08.52:290][693]LogAudioMixer: Display: Creating Master Submix 'MasterReverbSubmixDefault'
[2025.10.13-14.08.52:291][693]LogAudioMixer: Display: Creating Master Submix 'MasterEQSubmixDefault'
[2025.10.13-14.08.52:291][693]LogAudioMixer: FMixerPlatformXAudio2::StartAudioStream() called
[2025.10.13-14.08.52:291][693]LogAudioMixer: Display: Output buffers initialized: Frames=1024, Channels=2, Samples=2048
[2025.10.13-14.08.52:292][693]LogAudioMixer: Display: Starting AudioMixerPlatformInterface::RunInternal()
[2025.10.13-14.08.52:292][693]LogAudioMixer: Display: FMixerPlatformXAudio2::SubmitBuffer() called for the first time
[2025.10.13-14.08.52:292][693]LogInit: FAudioDevice initialized.
[2025.10.13-14.08.52:292][693]LogAudio: Display: Audio Device (ID: 2) registered with world 'ComidaVivaIA'.
[2025.10.13-14.08.52:326][693]LogLoad: Game class is 'BP_GameMode_C'
[2025.10.13-14.08.52:350][693]LogWorld: Bringing World /Game/Maps/UEDPIE_0_ComidaVivaIA.ComidaVivaIA up for play (max tick rate 0) at 2025.10.13-08.08.52
[2025.10.13-14.08.52:361][693]LogWorld: Bringing up level for play took: 0.024206
[2025.10.13-14.08.52:362][693]LogOnline: OSS: Creating online subsystem instance for: :Context_1
[2025.10.13-14.08.52:387][693]LogNativeClassHierarchy: Verbose: Native class hierarchy updated for 'MovieSceneCapture' in 0.0003 seconds. Added 20 classes and 0 folders.
[2025.10.13-14.08.52:450][693]LogBlueprintUserMessages: [BP_ClareCharacter_C_0] BP_Sarten
[2025.10.13-14.08.52:452][693]LogBlueprintUserMessages: [BP_ClareCharacter_C_0] BP_Olla
[2025.10.13-14.08.52:453][693]LogBlueprintUserMessages: [BP_ClareCharacter_C_0] BP_LlaveInglesa
[2025.10.13-14.08.52:455][693]LogBlueprintUserMessages: [BP_ClareCharacter_C_0] BP_Escoba
[2025.10.13-14.08.52:456][693]LogBlueprintUserMessages: [BP_ClareCharacter_C_0] BP_Trapeador
[2025.10.13-14.08.52:458][693]LogBlueprintUserMessages: [BP_ClareCharacter_C_0] BP_Extintor
[2025.10.13-14.08.52:459][693]LogBlueprintUserMessages: [BP_ClareCharacter_C_0] BP_Cuchillo
[2025.10.13-14.08.52:460][693]PIE: Server logged in
[2025.10.13-14.08.52:476][693]PIE: Play in editor total start time 0.24 seconds.
[2025.10.13-14.08.52:632][706]LogBlueprintUserMessages: [BP_SwarmEnemy_2] "Përsiguiendo"
[2025.10.13-14.08.52:759][719]LogBlueprintUserMessages: [BP_SwarmEnemy_2] Trail creado
[2025.10.13-14.08.53:138][765]LogBlueprintUserMessages: [BP_SwarmEnemy_2] "Përsiguiendo"
[2025.10.13-14.08.53:238][777]LogBlueprintUserMessages: [BP_SwarmEnemy_2] Trail creado
[2025.10.13-14.08.53:637][825]LogBlueprintUserMessages: [BP_SwarmEnemy_2] "Përsiguiendo"
[2025.10.13-14.08.53:737][837]LogBlueprintUserMessages: [BP_SwarmEnemy_2] Trail creado
[2025.10.13-14.08.54:137][885]LogBlueprintUserMessages: [BP_SwarmEnemy_2] "Përsiguiendo"
[2025.10.13-14.08.54:239][897]LogBlueprintUserMessages: [BP_SwarmEnemy_2] Trail creado
[2025.10.13-14.08.54:638][945]LogBlueprintUserMessages: [BP_SwarmEnemy_2] "Përsiguiendo"
[2025.10.13-14.08.54:739][957]LogBlueprintUserMessages: [BP_SwarmEnemy_2] Trail creado
[2025.10.13-14.08.55:138][  5]LogBlueprintUserMessages: [BP_SwarmEnemy_2] "Përsiguiendo"
[2025.10.13-14.08.55:238][ 17]LogBlueprintUserMessages: [BP_SwarmEnemy_2] Trail creado
[2025.10.13-14.08.55:347][ 30]LogBlueprintUserMessages: [BP_ClareCharacter_C_0] Vida45.0
[2025.10.13-14.08.55:347][ 30]LogBlueprintUserMessages: [BP_ClareCharacter_C_0] Vida40.0
[2025.10.13-14.08.55:347][ 30]LogBlueprintUserMessages: [BP_ClareCharacter_C_0] Vida35.0
[2025.10.13-14.08.55:347][ 30]LogBlueprintUserMessages: [BP_ClareCharacter_C_0] Vida30.0
[2025.10.13-14.08.55:347][ 30]LogBlueprintUserMessages: [BP_ClareCharacter_C_0] Vida25.0
[2025.10.13-14.08.55:733][ 76]LogBlueprintUserMessages: [BP_SwarmEnemy_2] Trail creado
[2025.10.13-14.08.55:849][ 90]LogBlueprintUserMessages: [BP_ClareCharacter_C_0] Vida20.0
[2025.10.13-14.08.55:849][ 90]LogBlueprintUserMessages: [BP_ClareCharacter_C_0] Vida15.0
[2025.10.13-14.08.55:849][ 90]LogBlueprintUserMessages: [BP_ClareCharacter_C_0] Vida10.0
[2025.10.13-14.08.55:849][ 90]LogBlueprintUserMessages: [BP_ClareCharacter_C_0] Vida5.0
[2025.10.13-14.08.55:849][ 90]LogBlueprintUserMessages: [BP_ClareCharacter_C_0] Vida0.0
[2025.10.13-14.08.55:849][ 90]LogBlueprintUserMessages: [BP_ClareCharacter_C_0] CLARE A MUERTO
[2025.10.13-14.08.55:849][ 90]LogBlueprintUserMessages: [BP_ClareCharacter_C_0] Vida0.0
[2025.10.13-14.08.55:849][ 90]LogBlueprintUserMessages: [BP_ClareCharacter_C_0] CLARE A MUERTO
[2025.10.13-14.08.56:233][136]LogBlueprintUserMessages: [BP_ClareCharacter_C_0] Vida0.0
[2025.10.13-14.08.56:233][136]LogBlueprintUserMessages: [BP_ClareCharacter_C_0] CLARE A MUERTO
[2025.10.13-14.08.56:233][136]LogBlueprintUserMessages: [BP_SwarmEnemy_2] Trail creado
[2025.10.13-14.08.56:733][196]LogBlueprintUserMessages: [BP_ClareCharacter_C_0] Vida0.0
[2025.10.13-14.08.56:733][196]LogBlueprintUserMessages: [BP_ClareCharacter_C_0] CLARE A MUERTO
[2025.10.13-14.08.56:733][196]LogBlueprintUserMessages: [BP_SwarmEnemy_2] Trail creado
[2025.10.13-14.08.57:224][255]LogBlueprintUserMessages: [BP_TrailDamage_2] Destruido
[2025.10.13-14.08.57:233][256]LogBlueprintUserMessages: [BP_ClareCharacter_C_0] Vida0.0
[2025.10.13-14.08.57:233][256]LogBlueprintUserMessages: [BP_ClareCharacter_C_0] CLARE A MUERTO
[2025.10.13-14.08.57:233][256]LogBlueprintUserMessages: [BP_SwarmEnemy_2] Trail creado
[2025.10.13-14.08.57:734][316]LogBlueprintUserMessages: [BP_ClareCharacter_C_0] Vida0.0
[2025.10.13-14.08.57:734][316]LogBlueprintUserMessages: [BP_ClareCharacter_C_0] CLARE A MUERTO
[2025.10.13-14.08.57:734][316]LogBlueprintUserMessages: [BP_SwarmEnemy_2] Trail creado
[2025.10.13-14.08.57:742][317]LogBlueprintUserMessages: [BP_TrailDamage_C_0] Destruido
[2025.10.13-14.08.58:234][376]LogBlueprintUserMessages: [BP_ClareCharacter_C_0] Vida0.0
[2025.10.13-14.08.58:234][376]LogBlueprintUserMessages: [BP_ClareCharacter_C_0] CLARE A MUERTO
[2025.10.13-14.08.58:234][376]LogBlueprintUserMessages: [BP_SwarmEnemy_2] Trail creado
[2025.10.13-14.08.58:242][377]LogBlueprintUserMessages: [BP_TrailDamage_C_1] Destruido
[2025.10.13-14.08.58:733][436]LogBlueprintUserMessages: [BP_ClareCharacter_C_0] Vida0.0
[2025.10.13-14.08.58:733][436]LogBlueprintUserMessages: [BP_ClareCharacter_C_0] CLARE A MUERTO
[2025.10.13-14.08.58:733][436]LogBlueprintUserMessages: [BP_SwarmEnemy_2] Trail creado
[2025.10.13-14.08.58:741][437]LogBlueprintUserMessages: [BP_TrailDamage_C_2] Destruido
[2025.10.13-14.08.58:889][452]LogSlate: Updating window title bar state: overlay mode, drag disabled, window buttons hidden, title bar hidden
[2025.10.13-14.08.58:889][452]LogWorld: BeginTearingDown for /Game/Maps/UEDPIE_0_ComidaVivaIA
[2025.10.13-14.08.58:889][452]LogWorld: UWorld::CleanupWorld for ComidaVivaIA, bSessionEnded=true, bCleanupResources=true
[2025.10.13-14.08.58:890][452]LogSlate: InvalidateAllWidgets triggered.  All widgets were invalidated
[2025.10.13-14.08.58:899][452]LogPlayLevel: Display: Shutting down PIE online subsystems
[2025.10.13-14.08.58:901][452]LogSlate: InvalidateAllWidgets triggered.  All widgets were invalidated
[2025.10.13-14.08.58:904][452]LogAudio: Display: Audio Device unregistered from world 'None'.
[2025.10.13-14.08.58:905][452]LogAudioMixer: FMixerPlatformXAudio2::StopAudioStream() called
[2025.10.13-14.08.58:905][452]LogAudioMixer: FMixerPlatformXAudio2::StopAudioStream() called
[2025.10.13-14.08.58:907][452]LogSlate: Updating window title bar state: overlay mode, drag disabled, window buttons hidden, title bar hidden
[2025.10.13-14.08.58:910][452]LogUObjectHash: Compacting FUObjectHashTables data took   0.64ms
[2025.10.13-14.08.58:967][456]LogPlayLevel: Display: Destroying online subsystem :Context_1
[2025.10.13-14.09.00:115][591]LogTemp: Repeating last play command: Selected Viewport
[2025.10.13-14.09.00:120][591]LogPlayLevel: PlayLevel: No blueprints needed recompiling
[2025.10.13-14.09.00:120][591]PIE: New page: PIE session: ComidaVivaIA (Oct 13, 2025, 3:09:00 AM)
[2025.10.13-14.09.00:147][591]LogPlayLevel: Creating play world package: /Game/Maps/UEDPIE_0_ComidaVivaIA
[2025.10.13-14.09.00:150][591]LogPlayLevel: PIE: StaticDuplicateObject took: (0.002451s)
[2025.10.13-14.09.00:150][591]LogAIModule: Creating AISystem for world ComidaVivaIA
[2025.10.13-14.09.00:151][591]LogPlayLevel: PIE: World Init took: (0.000758s)
[2025.10.13-14.09.00:151][591]LogPlayLevel: PIE: Created PIE world by copying editor world from /Game/Maps/ComidaVivaIA.ComidaVivaIA to /Game/Maps/UEDPIE_0_ComidaVivaIA.ComidaVivaIA (0.003313s)
[2025.10.13-14.09.00:155][591]LogUObjectHash: Compacting FUObjectHashTables data took   0.68ms
[2025.10.13-14.09.00:155][591]LogAudio: Display: Creating Audio Device:                 Id: 3, Scope: Unique, Realtime: True
[2025.10.13-14.09.00:155][591]LogAudioMixer: Display: Audio Mixer Platform Settings:
[2025.10.13-14.09.00:155][591]LogAudioMixer: Display: 	Sample Rate:						  48000
[2025.10.13-14.09.00:155][591]LogAudioMixer: Display: 	Callback Buffer Frame Size Requested: 1024
[2025.10.13-14.09.00:155][591]LogAudioMixer: Display: 	Callback Buffer Frame Size To Use:	  1024
[2025.10.13-14.09.00:155][591]LogAudioMixer: Display: 	Number of buffers to queue:			  2
[2025.10.13-14.09.00:155][591]LogAudioMixer: Display: 	Max Channels (voices):				  32
[2025.10.13-14.09.00:155][591]LogAudioMixer: Display: 	Number of Async Source Workers:		  0
[2025.10.13-14.09.00:155][591]LogAudio: Display: AudioDevice MaxSources: 32
[2025.10.13-14.09.00:155][591]LogAudio: Display: Audio Spatialization Plugin: None (built-in).
[2025.10.13-14.09.00:155][591]LogAudio: Display: Audio Reverb Plugin: None (built-in).
[2025.10.13-14.09.00:155][591]LogAudio: Display: Audio Occlusion Plugin: None (built-in).
[2025.10.13-14.09.00:155][591]LogAudioMixer: Display: Initializing audio mixer.
[2025.10.13-14.09.00:158][591]LogAudioMixer: Display: 0: FrontLeft
[2025.10.13-14.09.00:158][591]LogAudioMixer: Display: 1: FrontRight
[2025.10.13-14.09.00:164][591]LogAudioMixer: Display: Using Audio Device LC24RG50 (NVIDIA High Definition Audio)
[2025.10.13-14.09.00:164][591]LogAudioMixer: Display: Initializing Sound Submixes...
[2025.10.13-14.09.00:165][591]LogAudioMixer: Display: Creating Master Submix 'MasterSubmixDefault'
[2025.10.13-14.09.00:165][591]LogAudioMixer: Display: Creating Master Submix 'MasterReverbSubmixDefault'
[2025.10.13-14.09.00:165][591]LogAudioMixer: Display: Creating Master Submix 'MasterEQSubmixDefault'
[2025.10.13-14.09.00:165][591]LogAudioMixer: FMixerPlatformXAudio2::StartAudioStream() called
[2025.10.13-14.09.00:165][591]LogAudioMixer: Display: Output buffers initialized: Frames=1024, Channels=2, Samples=2048
[2025.10.13-14.09.00:166][591]LogAudioMixer: Display: Starting AudioMixerPlatformInterface::RunInternal()
[2025.10.13-14.09.00:166][591]LogAudioMixer: Display: FMixerPlatformXAudio2::SubmitBuffer() called for the first time
[2025.10.13-14.09.00:166][591]LogInit: FAudioDevice initialized.
[2025.10.13-14.09.00:166][591]LogAudio: Display: Audio Device (ID: 3) registered with world 'ComidaVivaIA'.
[2025.10.13-14.09.00:172][591]LogLoad: Game class is 'BP_GameMode_C'
[2025.10.13-14.09.00:174][591]LogWorld: Bringing World /Game/Maps/UEDPIE_0_ComidaVivaIA.ComidaVivaIA up for play (max tick rate 0) at 2025.10.13-08.09.00
[2025.10.13-14.09.00:174][591]LogWorld: Bringing up level for play took: 0.001116
[2025.10.13-14.09.00:174][591]LogOnline: OSS: Creating online subsystem instance for: :Context_2
[2025.10.13-14.09.00:176][591]LogBlueprintUserMessages: [BP_ClareCharacter_C_0] BP_Sarten
[2025.10.13-14.09.00:178][591]LogBlueprintUserMessages: [BP_ClareCharacter_C_0] BP_Olla
[2025.10.13-14.09.00:179][591]LogBlueprintUserMessages: [BP_ClareCharacter_C_0] BP_LlaveInglesa
[2025.10.13-14.09.00:181][591]LogBlueprintUserMessages: [BP_ClareCharacter_C_0] BP_Escoba
[2025.10.13-14.09.00:182][591]LogBlueprintUserMessages: [BP_ClareCharacter_C_0] BP_Trapeador
[2025.10.13-14.09.00:184][591]LogBlueprintUserMessages: [BP_ClareCharacter_C_0] BP_Extintor
[2025.10.13-14.09.00:185][591]LogBlueprintUserMessages: [BP_ClareCharacter_C_0] BP_Cuchillo
[2025.10.13-14.09.00:187][591]PIE: Server logged in
[2025.10.13-14.09.00:187][591]PIE: Play in editor total start time 0.067 seconds.
[2025.10.13-14.09.00:601][640]LogBlueprintUserMessages: [BP_SwarmEnemy_2] "Përsiguiendo"
[2025.10.13-14.09.00:618][642]LogBlueprintUserMessages: [BP_SwarmEnemy_2] Trail creado
[2025.10.13-14.09.01:101][700]LogBlueprintUserMessages: [BP_SwarmEnemy_2] "Përsiguiendo"
[2025.10.13-14.09.01:119][702]LogBlueprintUserMessages: [BP_ClareCharacter_C_0] Vida45.0
[2025.10.13-14.09.01:119][702]LogBlueprintUserMessages: [BP_SwarmEnemy_2] Trail creado
[2025.10.13-14.09.01:618][762]LogBlueprintUserMessages: [BP_SwarmEnemy_2] Trail creado
[2025.10.13-14.09.02:118][822]LogBlueprintUserMessages: [BP_SwarmEnemy_2] Trail creado
[2025.10.13-14.09.02:618][882]LogBlueprintUserMessages: [BP_SwarmEnemy_2] Trail creado
[2025.10.13-14.09.03:119][942]LogBlueprintUserMessages: [BP_SwarmEnemy_2] Trail creado
[2025.10.13-14.09.03:619][  2]LogBlueprintUserMessages: [BP_SwarmEnemy_2] Trail creado
[2025.10.13-14.09.04:119][ 62]LogBlueprintUserMessages: [BP_SwarmEnemy_2] Trail creado
[2025.10.13-14.09.04:619][122]LogBlueprintUserMessages: [BP_SwarmEnemy_2] Trail creado
[2025.10.13-14.09.05:110][181]LogBlueprintUserMessages: [BP_TrailDamage_2] Destruido
[2025.10.13-14.09.05:119][182]LogBlueprintUserMessages: [BP_SwarmEnemy_2] Trail creado
[2025.10.13-14.09.05:618][242]LogBlueprintUserMessages: [BP_TrailDamage_C_0] Destruido
[2025.10.13-14.09.05:618][242]LogBlueprintUserMessages: [BP_SwarmEnemy_2] Trail creado
[2025.10.13-14.09.06:118][302]LogBlueprintUserMessages: [BP_TrailDamage_C_1] Destruido
[2025.10.13-14.09.06:119][302]LogBlueprintUserMessages: [BP_SwarmEnemy_2] Trail creado
[2025.10.13-14.09.06:618][362]LogBlueprintUserMessages: [BP_TrailDamage_C_2] Destruido
[2025.10.13-14.09.06:619][362]LogBlueprintUserMessages: [BP_SwarmEnemy_2] Trail creado
[2025.10.13-14.09.07:118][422]LogBlueprintUserMessages: [BP_TrailDamage_C_3] Destruido
[2025.10.13-14.09.07:119][422]LogBlueprintUserMessages: [BP_SwarmEnemy_2] Trail creado
[2025.10.13-14.09.07:618][482]LogBlueprintUserMessages: [BP_TrailDamage_C_4] Destruido
[2025.10.13-14.09.07:619][482]LogBlueprintUserMessages: [BP_SwarmEnemy_2] Trail creado
[2025.10.13-14.09.08:118][542]LogBlueprintUserMessages: [BP_TrailDamage_C_5] Destruido
[2025.10.13-14.09.08:119][542]LogBlueprintUserMessages: [BP_SwarmEnemy_2] Trail creado
[2025.10.13-14.09.08:618][602]LogBlueprintUserMessages: [BP_TrailDamage_C_6] Destruido
[2025.10.13-14.09.08:619][602]LogBlueprintUserMessages: [BP_SwarmEnemy_2] Trail creado
[2025.10.13-14.09.09:118][662]LogBlueprintUserMessages: [BP_TrailDamage_C_7] Destruido
[2025.10.13-14.09.09:119][662]LogBlueprintUserMessages: [BP_SwarmEnemy_2] Trail creado
[2025.10.13-14.09.09:618][722]LogBlueprintUserMessages: [BP_TrailDamage_C_8] Destruido
[2025.10.13-14.09.09:619][722]LogBlueprintUserMessages: [BP_SwarmEnemy_2] Trail creado
[2025.10.13-14.09.10:118][782]LogBlueprintUserMessages: [BP_TrailDamage_C_9] Destruido
[2025.10.13-14.09.10:119][782]LogBlueprintUserMessages: [BP_SwarmEnemy_2] Trail creado
[2025.10.13-14.09.10:618][842]LogBlueprintUserMessages: [BP_TrailDamage_C_10] Destruido
[2025.10.13-14.09.10:619][842]LogBlueprintUserMessages: [BP_SwarmEnemy_2] Trail creado
[2025.10.13-14.09.11:119][902]LogBlueprintUserMessages: [BP_TrailDamage_C_11] Destruido
[2025.10.13-14.09.11:119][902]LogBlueprintUserMessages: [BP_SwarmEnemy_2] Trail creado
[2025.10.13-14.09.11:618][962]LogBlueprintUserMessages: [BP_TrailDamage_C_12] Destruido
[2025.10.13-14.09.11:618][962]LogBlueprintUserMessages: [BP_SwarmEnemy_2] Trail creado
[2025.10.13-14.09.12:118][ 22]LogBlueprintUserMessages: [BP_TrailDamage_C_13] Destruido
[2025.10.13-14.09.12:119][ 22]LogBlueprintUserMessages: [BP_SwarmEnemy_2] Trail creado
[2025.10.13-14.09.12:618][ 82]LogBlueprintUserMessages: [BP_TrailDamage_C_14] Destruido
[2025.10.13-14.09.12:618][ 82]LogBlueprintUserMessages: [BP_SwarmEnemy_2] Trail creado
[2025.10.13-14.09.13:119][142]LogBlueprintUserMessages: [BP_TrailDamage_C_15] Destruido
[2025.10.13-14.09.13:119][142]LogBlueprintUserMessages: [BP_SwarmEnemy_2] Trail creado
[2025.10.13-14.09.13:618][202]LogBlueprintUserMessages: [BP_TrailDamage_C_16] Destruido
[2025.10.13-14.09.13:618][202]LogBlueprintUserMessages: [BP_SwarmEnemy_2] Trail creado
[2025.10.13-14.09.14:118][262]LogBlueprintUserMessages: [BP_TrailDamage_C_17] Destruido
[2025.10.13-14.09.14:118][262]LogBlueprintUserMessages: [BP_SwarmEnemy_2] Trail creado
[2025.10.13-14.09.14:618][322]LogBlueprintUserMessages: [BP_TrailDamage_C_18] Destruido
[2025.10.13-14.09.14:618][322]LogBlueprintUserMessages: [BP_SwarmEnemy_2] Trail creado
[2025.10.13-14.09.15:101][380]LogBlueprintUserMessages: [BP_SwarmEnemy_2] "Përsiguiendo"
[2025.10.13-14.09.15:118][382]LogBlueprintUserMessages: [BP_TrailDamage_C_19] Destruido
[2025.10.13-14.09.15:118][382]LogBlueprintUserMessages: [BP_SwarmEnemy_2] Trail creado
[2025.10.13-14.09.15:368][412]LogBlueprintUserMessages: [BP_ClareCharacter_C_0] Vida40.0
[2025.10.13-14.09.15:368][412]LogBlueprintUserMessages: [BP_ClareCharacter_C_0] Vida35.0
[2025.10.13-14.09.15:368][412]LogBlueprintUserMessages: [BP_ClareCharacter_C_0] Vida30.0
[2025.10.13-14.09.15:368][412]LogBlueprintUserMessages: [BP_ClareCharacter_C_0] Vida25.0
[2025.10.13-14.09.15:368][412]LogBlueprintUserMessages: [BP_ClareCharacter_C_0] Vida20.0
[2025.10.13-14.09.15:368][412]LogBlueprintUserMessages: [BP_ClareCharacter_C_0] Vida15.0
[2025.10.13-14.09.15:368][412]LogBlueprintUserMessages: [BP_ClareCharacter_C_0] Vida10.0
[2025.10.13-14.09.15:368][412]LogBlueprintUserMessages: [BP_ClareCharacter_C_0] Vida5.0
[2025.10.13-14.09.15:368][412]LogBlueprintUserMessages: [BP_ClareCharacter_C_0] Vida0.0
[2025.10.13-14.09.15:368][412]LogBlueprintUserMessages: [BP_ClareCharacter_C_0] CLARE A MUERTO
[2025.10.13-14.09.15:368][412]LogBlueprintUserMessages: [BP_ClareCharacter_C_0] Vida0.0
[2025.10.13-14.09.15:368][412]LogBlueprintUserMessages: [BP_ClareCharacter_C_0] CLARE A MUERTO
[2025.10.13-14.09.15:602][440]LogBlueprintUserMessages: [BP_SwarmEnemy_2] "Përsiguiendo"
[2025.10.13-14.09.15:618][442]LogBlueprintUserMessages: [BP_TrailDamage_C_20] Destruido
[2025.10.13-14.09.15:619][442]LogBlueprintUserMessages: [BP_ClareCharacter_C_0] Vida0.0
[2025.10.13-14.09.15:619][442]LogBlueprintUserMessages: [BP_ClareCharacter_C_0] CLARE A MUERTO
[2025.10.13-14.09.15:619][442]LogBlueprintUserMessages: [BP_SwarmEnemy_2] Trail creado
[2025.10.13-14.09.16:101][500]LogBlueprintUserMessages: [BP_SwarmEnemy_2] "Përsiguiendo"
[2025.10.13-14.09.16:118][502]LogBlueprintUserMessages: [BP_TrailDamage_C_21] Destruido
[2025.10.13-14.09.16:118][502]LogBlueprintUserMessages: [BP_ClareCharacter_C_0] Vida0.0
[2025.10.13-14.09.16:118][502]LogBlueprintUserMessages: [BP_ClareCharacter_C_0] CLARE A MUERTO
[2025.10.13-14.09.16:118][502]LogBlueprintUserMessages: [BP_SwarmEnemy_2] Trail creado
[2025.10.13-14.09.16:601][560]LogBlueprintUserMessages: [BP_SwarmEnemy_2] "Përsiguiendo"
[2025.10.13-14.09.16:618][562]LogBlueprintUserMessages: [BP_TrailDamage_C_22] Destruido
[2025.10.13-14.09.16:618][562]LogBlueprintUserMessages: [BP_ClareCharacter_C_0] Vida0.0
[2025.10.13-14.09.16:618][562]LogBlueprintUserMessages: [BP_ClareCharacter_C_0] CLARE A MUERTO
[2025.10.13-14.09.16:618][562]LogBlueprintUserMessages: [BP_SwarmEnemy_2] Trail creado
[2025.10.13-14.09.17:101][620]LogBlueprintUserMessages: [BP_SwarmEnemy_2] "Përsiguiendo"
[2025.10.13-14.09.17:118][622]LogBlueprintUserMessages: [BP_TrailDamage_C_23] Destruido
[2025.10.13-14.09.17:118][622]LogBlueprintUserMessages: [BP_ClareCharacter_C_0] Vida0.0
[2025.10.13-14.09.17:118][622]LogBlueprintUserMessages: [BP_ClareCharacter_C_0] CLARE A MUERTO
[2025.10.13-14.09.17:118][622]LogBlueprintUserMessages: [BP_SwarmEnemy_2] Trail creado
[2025.10.13-14.09.17:602][680]LogBlueprintUserMessages: [BP_SwarmEnemy_2] "Përsiguiendo"
[2025.10.13-14.09.17:618][682]LogBlueprintUserMessages: [BP_TrailDamage_C_24] Destruido
[2025.10.13-14.09.17:619][682]LogBlueprintUserMessages: [BP_ClareCharacter_C_0] Vida0.0
[2025.10.13-14.09.17:619][682]LogBlueprintUserMessages: [BP_ClareCharacter_C_0] CLARE A MUERTO
[2025.10.13-14.09.17:619][682]LogBlueprintUserMessages: [BP_SwarmEnemy_2] Trail creado
[2025.10.13-14.09.18:102][740]LogBlueprintUserMessages: [BP_SwarmEnemy_2] "Përsiguiendo"
[2025.10.13-14.09.18:118][742]LogBlueprintUserMessages: [BP_TrailDamage_C_25] Destruido
[2025.10.13-14.09.18:119][742]LogBlueprintUserMessages: [BP_ClareCharacter_C_0] Vida0.0
[2025.10.13-14.09.18:119][742]LogBlueprintUserMessages: [BP_ClareCharacter_C_0] CLARE A MUERTO
[2025.10.13-14.09.18:119][742]LogBlueprintUserMessages: [BP_SwarmEnemy_2] Trail creado
[2025.10.13-14.09.18:601][800]LogBlueprintUserMessages: [BP_SwarmEnemy_2] "Përsiguiendo"
[2025.10.13-14.09.18:618][802]LogBlueprintUserMessages: [BP_TrailDamage_C_26] Destruido
[2025.10.13-14.09.18:619][802]LogBlueprintUserMessages: [BP_ClareCharacter_C_0] Vida0.0
[2025.10.13-14.09.18:619][802]LogBlueprintUserMessages: [BP_ClareCharacter_C_0] CLARE A MUERTO
[2025.10.13-14.09.18:619][802]LogBlueprintUserMessages: [BP_SwarmEnemy_2] Trail creado
[2025.10.13-14.09.19:101][860]LogBlueprintUserMessages: [BP_SwarmEnemy_2] "Përsiguiendo"
[2025.10.13-14.09.19:118][862]LogBlueprintUserMessages: [BP_TrailDamage_C_27] Destruido
[2025.10.13-14.09.19:118][862]LogBlueprintUserMessages: [BP_ClareCharacter_C_0] Vida0.0
[2025.10.13-14.09.19:118][862]LogBlueprintUserMessages: [BP_ClareCharacter_C_0] CLARE A MUERTO
[2025.10.13-14.09.19:119][862]LogBlueprintUserMessages: [BP_SwarmEnemy_2] Trail creado
[2025.10.13-14.09.19:601][920]LogBlueprintUserMessages: [BP_SwarmEnemy_2] "Përsiguiendo"
[2025.10.13-14.09.19:618][922]LogBlueprintUserMessages: [BP_TrailDamage_C_28] Destruido
[2025.10.13-14.09.19:618][922]LogBlueprintUserMessages: [BP_ClareCharacter_C_0] Vida0.0
[2025.10.13-14.09.19:618][922]LogBlueprintUserMessages: [BP_ClareCharacter_C_0] CLARE A MUERTO
[2025.10.13-14.09.19:619][922]LogBlueprintUserMessages: [BP_SwarmEnemy_2] Trail creado
[2025.10.13-14.09.20:048][970]LogSlate: Updating window title bar state: overlay mode, drag disabled, window buttons hidden, title bar hidden
[2025.10.13-14.09.20:048][970]LogWorld: BeginTearingDown for /Game/Maps/UEDPIE_0_ComidaVivaIA
[2025.10.13-14.09.20:048][970]LogWorld: UWorld::CleanupWorld for ComidaVivaIA, bSessionEnded=true, bCleanupResources=true
[2025.10.13-14.09.20:049][970]LogSlate: InvalidateAllWidgets triggered.  All widgets were invalidated
[2025.10.13-14.09.20:054][970]LogPlayLevel: Display: Shutting down PIE online subsystems
[2025.10.13-14.09.20:056][970]LogSlate: InvalidateAllWidgets triggered.  All widgets were invalidated
[2025.10.13-14.09.20:060][970]LogSlate: Updating window title bar state: overlay mode, drag disabled, window buttons hidden, title bar hidden
[2025.10.13-14.09.20:061][970]LogAudioMixer: FMixerPlatformXAudio2::StopAudioStream() called
[2025.10.13-14.09.20:061][970]LogAudioMixer: FMixerPlatformXAudio2::StopAudioStream() called
[2025.10.13-14.09.20:066][970]LogUObjectHash: Compacting FUObjectHashTables data took   0.60ms
[2025.10.13-14.09.20:120][974]LogPlayLevel: Display: Destroying online subsystem :Context_2
[2025.10.13-14.11.54:731][436]LogScript: Warning: Accessed None trying to read property CallFunc_TryGetPawnOwner_ReturnValue
	ABP_Swarm_C /Engine/Transient.World_2:PersistentLevel.SkeletalMeshActor_0.SkeletalMeshComponent0.ABP_Swarm_C_0
	Function /Game/Characters/Content_Enemies/BP_Rata/ABP_Swarm.ABP_Swarm_C:ExecuteUbergraph_ABP_Swarm:00D8
[2025.10.13-14.12.02:506][732]LogAssetEditorSubsystem: Opening Asset editor for Blueprint /Game/Characters/Content_Enemies/BP_Rata/BP_SwarmEnemy.BP_SwarmEnemy
[2025.10.13-14.12.03:480][732]LogNativeClassHierarchy: Verbose: Native class hierarchy updated for 'BlueprintGraph' in 0.0005 seconds. Added 126 classes and 0 folders.
[2025.10.13-14.12.04:608][732]LogSlate: Took 0.000120 seconds to synchronously load lazily loaded font '../../../Engine/Content/Slate/Fonts/Roboto-BoldCondensed.ttf' (158K)
[2025.10.13-14.12.04:880][733]LogSlate: Took 0.024678 seconds to synchronously load lazily loaded font '../../../Engine/Content/Slate/Fonts/Roboto-Italic.ttf' (157K)
[2025.10.13-14.12.45:034][910]BlueprintLog: New page: Compile BP_SwarmEnemy
[2025.10.13-14.12.45:093][910]LogUObjectHash: Compacting FUObjectHashTables data took   2.06ms
[2025.10.13-14.12.45:188][910]LogSlate: Took 0.021675 seconds to synchronously load lazily loaded font '../../../Engine/Content/Slate/Fonts/DroidSansMono.ttf' (77K)
[2025.10.13-14.12.45:825][967]LogSavePackage: Moving 'C:/Users/PC/Documents/GitHub/TasteOfMadness/TasteOfMadness/Saved/BP_SwarmEnemy38C9F7C446B8DFAE441C96A4FC936D39.tmp' to 'C:/Users/PC/Documents/GitHub/TasteOfMadness/TasteOfMadness/Content/Characters/Content_Enemies/BP_Rata/BP_SwarmEnemy.uasset'
[2025.10.13-14.12.45:855][967]AssetCheck: New page: Asset Save: BP_SwarmEnemy
[2025.10.13-14.12.45:855][967]LogContentValidation: Display: Validating Blueprint /Game/Characters/Content_Enemies/BP_Rata/BP_SwarmEnemy.BP_SwarmEnemy
[2025.10.13-14.13.47:340][559]LogSlate: Took 0.020207 seconds to synchronously load lazily loaded font '../../../Engine/Content/Slate/Fonts/Roboto-BoldCondensedItalic.ttf' (160K)
[2025.10.13-14.13.53:587][265]BlueprintLog: New page: Compile BP_SwarmEnemy
[2025.10.13-14.13.53:594][265]LogClass: Warning: Type mismatch in DañoAtaque of BP_SwarmEnemy_C - Previous (StructProperty) Current(FloatProperty) for package:  FObjectReader
[2025.10.13-14.13.53:595][265]LogBlueprint: Warning: [AssetLog] C:\Users\PC\Documents\GitHub\TasteOfMadness\TasteOfMadness\Content\Characters\Content_Enemies\BP_Rata\BP_SwarmEnemy.uasset: [Compiler] Can't parse default value '0.000000,0.000000,0.000000' for  . Property: DañoAtaque.
[2025.10.13-14.13.53:630][265]LogUObjectHash: Compacting FUObjectHashTables data took   2.02ms
[2025.10.13-14.13.54:107][305]LogSavePackage: Moving 'C:/Users/PC/Documents/GitHub/TasteOfMadness/TasteOfMadness/Saved/BP_SwarmEnemy6B886C4B49F53A1DD88502B13B40E5E4.tmp' to 'C:/Users/PC/Documents/GitHub/TasteOfMadness/TasteOfMadness/Content/Characters/Content_Enemies/BP_Rata/BP_SwarmEnemy.uasset'
[2025.10.13-14.13.54:121][305]AssetCheck: New page: Asset Save: BP_SwarmEnemy
[2025.10.13-14.13.54:121][305]LogContentValidation: Display: Validating Blueprint /Game/Characters/Content_Enemies/BP_Rata/BP_SwarmEnemy.BP_SwarmEnemy
[2025.10.13-14.14.06:935][546]BlueprintLog: New page: Compile BP_SwarmEnemy
[2025.10.13-14.14.06:975][546]LogUObjectHash: Compacting FUObjectHashTables data took   1.99ms
[2025.10.13-14.14.07:717][616]LogSavePackage: Moving 'C:/Users/PC/Documents/GitHub/TasteOfMadness/TasteOfMadness/Saved/BP_SwarmEnemy3149F12E441682D4143D2094436E8EC0.tmp' to 'C:/Users/PC/Documents/GitHub/TasteOfMadness/TasteOfMadness/Content/Characters/Content_Enemies/BP_Rata/BP_SwarmEnemy.uasset'
[2025.10.13-14.14.07:731][616]AssetCheck: New page: Asset Save: BP_SwarmEnemy
[2025.10.13-14.14.07:731][616]LogContentValidation: Display: Validating Blueprint /Game/Characters/Content_Enemies/BP_Rata/BP_SwarmEnemy.BP_SwarmEnemy
[2025.10.13-14.19.53:155][463]BlueprintLog: New page: Compile BP_SwarmEnemy
[2025.10.13-14.19.53:199][463]LogUObjectHash: Compacting FUObjectHashTables data took   2.23ms
[2025.10.13-14.19.53:773][512]LogSavePackage: Moving 'C:/Users/PC/Documents/GitHub/TasteOfMadness/TasteOfMadness/Saved/BP_SwarmEnemy10E44DC84C58660FA66E09B734160ED7.tmp' to 'C:/Users/PC/Documents/GitHub/TasteOfMadness/TasteOfMadness/Content/Characters/Content_Enemies/BP_Rata/BP_SwarmEnemy.uasset'
[2025.10.13-14.19.53:787][512]AssetCheck: New page: Asset Save: BP_SwarmEnemy
[2025.10.13-14.19.53:787][512]LogContentValidation: Display: Validating Blueprint /Game/Characters/Content_Enemies/BP_Rata/BP_SwarmEnemy.BP_SwarmEnemy
[2025.10.13-14.19.54:379][580]LogRenderer: Reallocating scene render targets to support 1248x708 Format 10 NumSamples 1 (Frame:1).
[2025.10.13-14.20.15:077][ 26]BlueprintLog: New page: Compile BP_SwarmEnemy
[2025.10.13-14.20.15:119][ 26]LogUObjectHash: Compacting FUObjectHashTables data took   2.03ms
[2025.10.13-14.20.15:814][ 96]LogSavePackage: Moving 'C:/Users/PC/Documents/GitHub/TasteOfMadness/TasteOfMadness/Saved/BP_SwarmEnemyFAAF211D45E5A6524926AEAC502DCD92.tmp' to 'C:/Users/PC/Documents/GitHub/TasteOfMadness/TasteOfMadness/Content/Characters/Content_Enemies/BP_Rata/BP_SwarmEnemy.uasset'
[2025.10.13-14.20.15:827][ 96]AssetCheck: New page: Asset Save: BP_SwarmEnemy
[2025.10.13-14.20.15:827][ 96]LogContentValidation: Display: Validating Blueprint /Game/Characters/Content_Enemies/BP_Rata/BP_SwarmEnemy.BP_SwarmEnemy
[2025.10.13-14.20.18:858][459]BlueprintLog: New page: Compile BP_SwarmEnemy
[2025.10.13-14.20.18:899][459]LogUObjectHash: Compacting FUObjectHashTables data took   2.36ms
[2025.10.13-14.20.20:156][605]BlueprintLog: New page: Compile BP_SwarmEnemy
[2025.10.13-14.20.20:197][605]LogUObjectHash: Compacting FUObjectHashTables data took   2.01ms
[2025.10.13-14.20.21:534][761]BlueprintLog: New page: Compile BP_SwarmEnemy
[2025.10.13-14.20.21:576][761]LogUObjectHash: Compacting FUObjectHashTables data took   2.23ms
[2025.10.13-14.22.15:090][645]LogRenderer: Reallocating scene render targets to support 1516x708 Format 10 NumSamples 1 (Frame:9910).
[2025.10.13-14.26.09:255][496]LogSlate: Window 'Color Picker' being destroyed
[2025.10.13-14.26.44:867][621]BlueprintLog: New page: Compile BP_SwarmEnemy
[2025.10.13-14.26.44:945][621]LogUObjectHash: Compacting FUObjectHashTables data took   2.24ms
[2025.10.13-14.26.45:407][662]LogSavePackage: Moving 'C:/Users/PC/Documents/GitHub/TasteOfMadness/TasteOfMadness/Saved/BP_SwarmEnemyA1C127E14D0AD9660F5DD4B3EE076D5C.tmp' to 'C:/Users/PC/Documents/GitHub/TasteOfMadness/TasteOfMadness/Content/Characters/Content_Enemies/BP_Rata/BP_SwarmEnemy.uasset'
[2025.10.13-14.26.45:421][662]AssetCheck: New page: Asset Save: BP_SwarmEnemy
[2025.10.13-14.26.45:421][662]LogContentValidation: Display: Validating Blueprint /Game/Characters/Content_Enemies/BP_Rata/BP_SwarmEnemy.BP_SwarmEnemy
[2025.10.13-14.28.06:287][128]LogSavePackage: Moving 'C:/Users/PC/Documents/GitHub/TasteOfMadness/TasteOfMadness/Saved/BP_SwarmEnemyDC91F2CE4F9DDCB9145079A1559518C2.tmp' to 'C:/Users/PC/Documents/GitHub/TasteOfMadness/TasteOfMadness/Content/Characters/Content_Enemies/BP_Rata/BP_SwarmEnemy.uasset'
[2025.10.13-14.28.06:302][128]AssetCheck: New page: Asset Save: BP_SwarmEnemy
[2025.10.13-14.28.06:302][128]LogContentValidation: Display: Validating Blueprint /Game/Characters/Content_Enemies/BP_Rata/BP_SwarmEnemy.BP_SwarmEnemy
[2025.10.13-14.29.58:062][987]LogUObjectHash: Compacting FUObjectHashTables data took   2.60ms
[2025.10.13-14.29.58:104][987]LogSavePackage: Moving 'C:/Users/PC/Documents/GitHub/TasteOfMadness/TasteOfMadness/Saved/ComidaVivaIA_Auto105F68D1E4C0509FE5C4CB08F4083D235.tmp' to 'C:/Users/PC/Documents/GitHub/TasteOfMadness/TasteOfMadness/Saved/Autosaves/Game/Maps/ComidaVivaIA_Auto1.umap'
[2025.10.13-14.29.58:105][987]LogFileHelpers: Editor autosave (incl. external actors) for '/Game/Maps/ComidaVivaIA' took 0.061
[2025.10.13-14.29.58:105][987]LogFileHelpers: Editor autosave (incl. sublevels & external actors) for all levels took 0.061
[2025.10.13-14.29.58:108][987]OBJ SavePackage: Generating thumbnails for [0] asset(s) in package [/Game/Characters/Content_Enemies/BP_Rata/BP_SwarmEnemy] ([2] browsable assets)...
[2025.10.13-14.29.58:108][987]OBJ SavePackage: Finished generating thumbnails for package [/Game/Characters/Content_Enemies/BP_Rata/BP_SwarmEnemy]
[2025.10.13-14.29.58:134][987]LogSavePackage: Moving 'C:/Users/PC/Documents/GitHub/TasteOfMadness/TasteOfMadness/Saved/BP_SwarmEnemy_Auto1CDEE024A4DB87415363F3D8D13C8BC9A.tmp' to 'C:/Users/PC/Documents/GitHub/TasteOfMadness/TasteOfMadness/Saved/Autosaves/Game/Characters/Content_Enemies/BP_Rata/BP_SwarmEnemy_Auto1.uasset'
[2025.10.13-14.29.58:135][987]LogFileHelpers: Auto-saving content packages took 0.030
[2025.10.13-14.37.12:086][875]LogSavePackage: Moving 'C:/Users/PC/Documents/GitHub/TasteOfMadness/TasteOfMadness/Saved/BP_SwarmEnemyCB1555504BDA94F793E696A821E0301A.tmp' to 'C:/Users/PC/Documents/GitHub/TasteOfMadness/TasteOfMadness/Content/Characters/Content_Enemies/BP_Rata/BP_SwarmEnemy.uasset'
[2025.10.13-14.37.12:103][875]AssetCheck: New page: Asset Save: BP_SwarmEnemy
[2025.10.13-14.37.12:103][875]LogContentValidation: Display: Validating Blueprint /Game/Characters/Content_Enemies/BP_Rata/BP_SwarmEnemy.BP_SwarmEnemy
[2025.10.13-14.37.15:104][219]Cmd: OBJ SAVEPACKAGE PACKAGE="/Game/Maps/ComidaVivaIA" FILE="C:/Users/PC/Documents/GitHub/TasteOfMadness/TasteOfMadness/Content/Maps/ComidaVivaIA.umap" SILENT=true AUTOSAVING=false KEEPDIRTY=false
[2025.10.13-14.37.15:120][219]LogUObjectHash: Compacting FUObjectHashTables data took   0.65ms
[2025.10.13-14.37.15:129][219]LogSavePackage: Moving 'C:/Users/PC/Documents/GitHub/TasteOfMadness/TasteOfMadness/Saved/ComidaVivaIAC4596DB74DD1AC699C037C9E9EEC43EC.tmp' to 'C:/Users/PC/Documents/GitHub/TasteOfMadness/TasteOfMadness/Content/Maps/ComidaVivaIA.umap'
[2025.10.13-14.37.15:162][219]AssetCheck: New page: Asset Save: ComidaVivaIA
[2025.10.13-14.37.15:162][219]LogContentValidation: Display: Validating World /Game/Maps/ComidaVivaIA.ComidaVivaIA
[2025.10.13-15.20.43:246][450]Cmd: OBJ SAVEPACKAGE PACKAGE="/Game/Maps/ComidaVivaIA" FILE="C:/Users/PC/Documents/GitHub/TasteOfMadness/TasteOfMadness/Content/Maps/ComidaVivaIA.umap" SILENT=true AUTOSAVING=false KEEPDIRTY=false
[2025.10.13-15.20.43:275][450]LogUObjectHash: Compacting FUObjectHashTables data took   3.44ms
[2025.10.13-15.20.43:286][450]LogSavePackage: Moving 'C:/Users/PC/Documents/GitHub/TasteOfMadness/TasteOfMadness/Saved/ComidaVivaIA7F20B13C4AEE64BE15A34E8AD23B4543.tmp' to 'C:/Users/PC/Documents/GitHub/TasteOfMadness/TasteOfMadness/Content/Maps/ComidaVivaIA.umap'
[2025.10.13-15.20.43:313][450]AssetCheck: New page: Asset Save: ComidaVivaIA
[2025.10.13-15.20.43:313][450]LogContentValidation: Display: Validating World /Game/Maps/ComidaVivaIA.ComidaVivaIA
[2025.10.13-15.20.44:357][558]LogSavePackage: Moving 'C:/Users/PC/Documents/GitHub/TasteOfMadness/TasteOfMadness/Saved/BP_SwarmEnemy121DBDA04EEA21E0182371B3D4913F5C.tmp' to 'C:/Users/PC/Documents/GitHub/TasteOfMadness/TasteOfMadness/Content/Characters/Content_Enemies/BP_Rata/BP_SwarmEnemy.uasset'
[2025.10.13-15.20.44:372][558]AssetCheck: New page: Asset Save: BP_SwarmEnemy
[2025.10.13-15.20.44:372][558]LogContentValidation: Display: Validating Blueprint /Game/Characters/Content_Enemies/BP_Rata/BP_SwarmEnemy.BP_SwarmEnemy
[2025.10.13-15.20.45:583][698]LogUObjectHash: Compacting FUObjectHashTables data took   0.52ms
[2025.10.13-15.20.45:607][698]LogWorld: UWorld::CleanupWorld for World_3, bSessionEnded=true, bCleanupResources=true
[2025.10.13-15.20.45:607][698]LogSlate: InvalidateAllWidgets triggered.  All widgets were invalidated
[2025.10.13-15.20.45:705][698]LogSlate: Window 'TasteOfMadness - Unreal Editor' being destroyed
[2025.10.13-15.20.45:846][699]Cmd: QUIT_EDITOR
[2025.10.13-15.20.45:846][699]LogCore: Engine exit requested (reason: UUnrealEdEngine::CloseEditor())
[2025.10.13-15.20.45:848][699]LogCore: Engine exit requested (reason: EngineExit() was called; note: exit was already requested)
[2025.10.13-15.20.46:592][699]LogAudio: Display: Beginning Audio Device Manager Shutdown (Module: AudioMixerXAudio2)...
[2025.10.13-15.20.46:592][699]LogAudio: Display: Destroying 1 Remaining Audio Device(s)...
[2025.10.13-15.20.46:592][699]LogAudio: Display: Audio Device unregistered from world 'ComidaVivaIA'.
[2025.10.13-15.20.46:592][699]LogAudioMixer: FMixerPlatformXAudio2::StopAudioStream() called
[2025.10.13-15.20.46:593][699]LogAudioMixer: FMixerPlatformXAudio2::StopAudioStream() called
[2025.10.13-15.20.46:596][699]LogAudio: Display: Audio Device Manager Shutdown
[2025.10.13-15.20.46:596][699]LogWindowsTextInputMethodSystem: Display: IME system deactivated.
[2025.10.13-15.20.46:601][699]LogExit: Preparing to exit.
[2025.10.13-15.20.47:614][699]LogUObjectHash: Compacting FUObjectHashTables data took   1.89ms
[2025.10.13-15.20.47:810][699]LogWorld: UWorld::CleanupWorld for World_4, bSessionEnded=true, bCleanupResources=true
[2025.10.13-15.20.47:812][699]LogWorld: UWorld::CleanupWorld for World_1, bSessionEnded=true, bCleanupResources=true
[2025.10.13-15.20.47:814][699]LogWorld: UWorld::CleanupWorld for World_0, bSessionEnded=true, bCleanupResources=true
[2025.10.13-15.20.47:815][699]LogWorld: UWorld::CleanupWorld for World_2, bSessionEnded=true, bCleanupResources=true
[2025.10.13-15.20.47:856][699]LogDemo: Cleaned up 0 splitscreen connections with owner deletion
[2025.10.13-15.20.47:862][699]LogWorld: UWorld::CleanupWorld for None, bSessionEnded=true, bCleanupResources=true
[2025.10.13-15.20.47:862][699]LogExit: Editor shut down
[2025.10.13-15.20.47:863][699]LogExit: Transaction tracking system shut down
[2025.10.13-15.20.48:089][699]LogExit: Object subsystem successfully closed.
[2025.10.13-15.20.48:104][699]LogShaderCompilers: Display: === FShaderJobCache stats ===
[2025.10.13-15.20.48:104][699]LogShaderCompilers: Display: Total job queries 0, among them cache hits 0 (0.00%)
[2025.10.13-15.20.48:104][699]LogShaderCompilers: Display: Tracking 0 distinct input hashes that result in 0 distinct outputs (0.00%)
[2025.10.13-15.20.48:104][699]LogShaderCompilers: Display: RAM used: 0.00 MB (0.00 GB) of 1228.80 MB (1.20 GB) budget. Usage: 0.00%
[2025.10.13-15.20.48:104][699]LogShaderCompilers: Display: ================================================
[2025.10.13-15.20.48:111][699]LogShaderCompilers: Display: Shaders left to compile 0
[2025.10.13-15.20.48:122][699]LogModuleManager: Shutting down and abandoning module BlueprintGraph (876)
[2025.10.13-15.20.48:122][699]LogModuleManager: Shutting down and abandoning module MovieSceneCapture (874)
[2025.10.13-15.20.48:122][699]LogModuleManager: Shutting down and abandoning module Voice (872)
[2025.10.13-15.20.48:122][699]LogModuleManager: Shutting down and abandoning module HierarchicalLODOutliner (870)
[2025.10.13-15.20.48:122][699]LogModuleManager: Shutting down and abandoning module SceneOutliner (868)
[2025.10.13-15.20.48:122][699]LogModuleManager: Shutting down and abandoning module AddContentDialog (866)
[2025.10.13-15.20.48:122][699]LogModuleManager: Shutting down and abandoning module WidgetCarousel (865)
[2025.10.13-15.20.48:122][699]LogModuleManager: Shutting down and abandoning module EditorWidgets (862)
[2025.10.13-15.20.48:122][699]LogModuleManager: Shutting down and abandoning module StatsViewer (860)
[2025.10.13-15.20.48:122][699]LogModuleManager: Shutting down and abandoning module PIEPreviewDeviceProfileSelector (858)
[2025.10.13-15.20.48:122][699]LogModuleManager: Shutting down and abandoning module SequenceRecorderSections (856)
[2025.10.13-15.20.48:122][699]LogModuleManager: Shutting down and abandoning module AutomationWorker (854)
[2025.10.13-15.20.48:122][699]LogModuleManager: Shutting down and abandoning module SteamVREditor (852)
[2025.10.13-15.20.48:122][699]LogModuleManager: Shutting down and abandoning module OculusMR (850)
[2025.10.13-15.20.48:122][699]LogModuleManager: Shutting down and abandoning module TakeRecorderSources (848)
[2025.10.13-15.20.48:122][699]LogModuleManager: Shutting down and abandoning module TakeRecorder (847)
[2025.10.13-15.20.48:122][699]LogModuleManager: Shutting down and abandoning module TakeTrackRecorders (844)
[2025.10.13-15.20.48:122][699]LogModuleManager: Shutting down and abandoning module TakesCore (842)
[2025.10.13-15.20.48:122][699]LogModuleManager: Shutting down and abandoning module OpenXRInput (840)
[2025.10.13-15.20.48:122][699]LogModuleManager: Shutting down and abandoning module GooglePADEditor (838)
[2025.10.13-15.20.48:122][699]LogModuleManager: Shutting down and abandoning module AudioCaptureEditor (836)
[2025.10.13-15.20.48:122][699]LogModuleManager: Shutting down and abandoning module TemplateSequenceEditor (834)
[2025.10.13-15.20.48:122][699]LogModuleManager: Shutting down and abandoning module MatineeToLevelSequence (832)
[2025.10.13-15.20.48:122][699]LogModuleManager: Shutting down and abandoning module LevelSequenceEditor (830)
[2025.10.13-15.20.48:123][699]LogModuleManager: Shutting down and abandoning module ActorSequenceEditor (828)
[2025.10.13-15.20.48:123][699]LogModuleManager: Shutting down and abandoning module WmfMediaFactory (826)
[2025.10.13-15.20.48:123][699]LogModuleManager: Shutting down and abandoning module WmfMediaEditor (824)
[2025.10.13-15.20.48:123][699]LogModuleManager: Shutting down and abandoning module WebMMediaFactory (822)
[2025.10.13-15.20.48:123][699]LogModuleManager: Shutting down and abandoning module WebMMediaEditor (820)
[2025.10.13-15.20.48:123][699]LogModuleManager: Shutting down and abandoning module WebMMedia (818)
[2025.10.13-15.20.48:123][699]LogModuleManager: Shutting down and abandoning module PlanarCut (816)
[2025.10.13-15.20.48:123][699]LogModuleManager: Shutting down and abandoning module MediaPlayerEditor (814)
[2025.10.13-15.20.48:123][699]LogModuleManager: Shutting down and abandoning module MediaCompositingEditor (812)
[2025.10.13-15.20.48:123][699]LogModuleManager: Shutting down and abandoning module SequenceRecorder (811)
[2025.10.13-15.20.48:123][699]LogModuleManager: Shutting down and abandoning module OpenExrWrapper (808)
[2025.10.13-15.20.48:123][699]LogModuleManager: Shutting down and abandoning module ImgMediaFactory (806)
[2025.10.13-15.20.48:123][699]LogModuleManager: Shutting down and abandoning module ImgMediaEditor (804)
[2025.10.13-15.20.48:123][699]LogModuleManager: Shutting down and abandoning module AvfMediaFactory (802)
[2025.10.13-15.20.48:123][699]LogModuleManager: Shutting down and abandoning module AvfMediaEditor (800)
[2025.10.13-15.20.48:123][699]LogModuleManager: Shutting down and abandoning module AndroidMediaFactory (798)
[2025.10.13-15.20.48:123][699]LogModuleManager: Shutting down and abandoning module AndroidMediaEditor (796)
[2025.10.13-15.20.48:123][699]LogModuleManager: Shutting down and abandoning module MagicLeapMediaCodecFactory (794)
[2025.10.13-15.20.48:123][699]LogModuleManager: Shutting down and abandoning module MagicLeapMediaFactory (792)
[2025.10.13-15.20.48:123][699]LogModuleManager: Shutting down and abandoning module MagicLeapMediaEditor (790)
[2025.10.13-15.20.48:123][699]LogModuleManager: Shutting down and abandoning module TextureAlignMode (788)
[2025.10.13-15.20.48:123][699]LogModuleManager: Shutting down and abandoning module BspMode (786)
[2025.10.13-15.20.48:123][699]LogModuleManager: Shutting down and abandoning module GeometryMode (784)
[2025.10.13-15.20.48:123][699]LogModuleManager: Shutting down and abandoning module CharacterAI (782)
[2025.10.13-15.20.48:123][699]LogModuleManager: Shutting down and abandoning module CameraShakePreviewer (780)
[2025.10.13-15.20.48:123][699]LogModuleManager: Shutting down and abandoning module SmartSnapping (778)
[2025.10.13-15.20.48:123][699]LogModuleManager: Shutting down and abandoning module SessionServices (776)
[2025.10.13-15.20.48:123][699]LogModuleManager: Shutting down and abandoning module MeshPaint (774)
[2025.10.13-15.20.48:123][699]LogModuleManager: Shutting down and abandoning module VirtualTexturingEditor (772)
[2025.10.13-15.20.48:123][699]LogModuleManager: Shutting down and abandoning module FoliageEdit (770)
[2025.10.13-15.20.48:123][699]LogModuleManager: Shutting down and abandoning module LandscapeEditor (768)
[2025.10.13-15.20.48:123][699]LogModuleManager: Shutting down and abandoning module MeshPaintMode (766)
[2025.10.13-15.20.48:123][699]LogModuleManager: Shutting down and abandoning module SceneDepthPickerMode (764)
[2025.10.13-15.20.48:123][699]LogModuleManager: Shutting down and abandoning module ActorPickerMode (762)
[2025.10.13-15.20.48:123][699]LogModuleManager: Shutting down and abandoning module PlacementMode (760)
[2025.10.13-15.20.48:123][699]LogModuleManager: Shutting down and abandoning module ViewportSnapping (758)
[2025.10.13-15.20.48:123][699]LogModuleManager: Shutting down and abandoning module ViewportInteraction (756)
[2025.10.13-15.20.48:123][699]LogModuleManager: Shutting down and abandoning module ClothPainter (754)
[2025.10.13-15.20.48:123][699]LogModuleManager: Shutting down and abandoning module SkeletalMeshEditor (753)
[2025.10.13-15.20.48:123][699]LogModuleManager: Shutting down and abandoning module LogVisualizer (750)
[2025.10.13-15.20.48:123][699]LogModuleManager: Shutting down and abandoning module IntroTutorials (748)
[2025.10.13-15.20.48:123][699]LogModuleManager: Shutting down and abandoning module GameProjectGeneration (747)
[2025.10.13-15.20.48:123][699]LogModuleManager: Shutting down and abandoning module LuminPlatformEditor (744)
[2025.10.13-15.20.48:123][699]LogModuleManager: Shutting down and abandoning module IOSPlatformEditor (742)
[2025.10.13-15.20.48:123][699]LogModuleManager: Shutting down and abandoning module AndroidPlatformEditor (740)
[2025.10.13-15.20.48:124][699]LogModuleManager: Shutting down and abandoning module AndroidDeviceDetection (739)
[2025.10.13-15.20.49:685][699]LogModuleManager: Shutting down and abandoning module WindowsPlatformEditor (736)
[2025.10.13-15.20.49:685][699]LogModuleManager: Shutting down and abandoning module LuminRuntimeSettings (734)
[2025.10.13-15.20.49:685][699]LogModuleManager: Shutting down and abandoning module IOSRuntimeSettings (732)
[2025.10.13-15.20.49:685][699]LogModuleManager: Shutting down and abandoning module AndroidRuntimeSettings (730)
[2025.10.13-15.20.49:685][699]LogModuleManager: Shutting down and abandoning module TraceInsights (728)
[2025.10.13-15.20.49:685][699]MemoryProfiler: Shutdown
[2025.10.13-15.20.49:685][699]NetworkingProfiler: Shutdown
[2025.10.13-15.20.49:685][699]LoadingProfiler: Shutdown
[2025.10.13-15.20.49:685][699]TimingProfiler: Shutdown
[2025.10.13-15.20.49:685][699]LogModuleManager: Shutting down and abandoning module TraceServices (727)
[2025.10.13-15.20.49:685][699]LogModuleManager: Shutting down and abandoning module EditorInteractiveToolsFramework (724)
[2025.10.13-15.20.49:685][699]LogModuleManager: Shutting down and abandoning module TimeManagementEditor (722)
[2025.10.13-15.20.49:685][699]LogModuleManager: Shutting down and abandoning module InputBindingEditor (720)
[2025.10.13-15.20.49:685][699]LogModuleManager: Shutting down and abandoning module MergeActors (718)
[2025.10.13-15.20.49:685][699]LogModuleManager: Shutting down and abandoning module LocalizationDashboard (716)
[2025.10.13-15.20.49:685][699]LogModuleManager: Shutting down and abandoning module LocalizationService (715)
[2025.10.13-15.20.49:685][699]LogModuleManager: Shutting down and abandoning module HardwareTargeting (712)
[2025.10.13-15.20.49:685][699]LogModuleManager: Shutting down and abandoning module DeviceProfileEditor (710)
[2025.10.13-15.20.49:685][699]LogModuleManager: Shutting down and abandoning module UndoHistory (708)
[2025.10.13-15.20.49:685][699]LogModuleManager: Shutting down and abandoning module XmlParser (706)
[2025.10.13-15.20.49:685][699]LogModuleManager: Shutting down and abandoning module Blutility (704)
[2025.10.13-15.20.49:685][699]LogModuleManager: Shutting down and abandoning module ProjectSettingsViewer (702)
[2025.10.13-15.20.49:685][699]LogModuleManager: Shutting down and abandoning module ProjectTargetPlatformEditor (701)
[2025.10.13-15.20.49:685][699]LogModuleManager: Shutting down and abandoning module EditorSettingsViewer (698)
[2025.10.13-15.20.49:685][699]LogModuleManager: Shutting down and abandoning module InternationalizationSettings (697)
[2025.10.13-15.20.49:685][699]LogModuleManager: Shutting down and abandoning module SettingsEditor (694)
[2025.10.13-15.20.49:685][699]LogModuleManager: Shutting down and abandoning module ProjectLauncher (692)
[2025.10.13-15.20.49:685][699]LogModuleManager: Shutting down and abandoning module SessionFrontend (690)
[2025.10.13-15.20.49:685][699]LogModuleManager: Shutting down and abandoning module ProfilerClient (688)
[2025.10.13-15.20.49:685][699]LogModuleManager: Shutting down and abandoning module DeviceManager (686)
[2025.10.13-15.20.49:685][699]LogModuleManager: Shutting down and abandoning module TargetDeviceServices (685)
[2025.10.13-15.20.49:719][699]LogModuleManager: Shutting down and abandoning module AutomationController (682)
[2025.10.13-15.20.49:719][699]LogModuleManager: Shutting down and abandoning module AutomationWindow (680)
[2025.10.13-15.20.49:719][699]LogModuleManager: Shutting down and abandoning module Layers (678)
[2025.10.13-15.20.49:719][699]LogModuleManager: Shutting down and abandoning module ComponentVisualizers (676)
[2025.10.13-15.20.49:719][699]LogModuleManager: Shutting down and abandoning module DetailCustomizations (674)
[2025.10.13-15.20.49:719][699]LogModuleManager: Shutting down and abandoning module PackagesDialog (672)
[2025.10.13-15.20.49:719][699]LogModuleManager: Shutting down and abandoning module AnimationBlueprintEditor (670)
[2025.10.13-15.20.49:719][699]LogModuleManager: Shutting down and abandoning module Persona (668)
[2025.10.13-15.20.49:719][699]LogModuleManager: Shutting down and abandoning module AdvancedPreviewScene (667)
[2025.10.13-15.20.49:719][699]LogModuleManager: Shutting down and abandoning module AnimGraph (665)
[2025.10.13-15.20.49:719][699]LogModuleManager: Shutting down and abandoning module Kismet (662)
[2025.10.13-15.20.49:725][699]LogModuleManager: Shutting down and abandoning module KismetWidgets (661)
[2025.10.13-15.20.49:725][699]LogModuleManager: Shutting down and abandoning module GraphEditor (658)
[2025.10.13-15.20.49:725][699]LogModuleManager: Shutting down and abandoning module StructViewer (656)
[2025.10.13-15.20.49:725][699]LogModuleManager: Shutting down and abandoning module ClassViewer (654)
[2025.10.13-15.20.49:725][699]LogModuleManager: Shutting down and abandoning module Toolbox (652)
[2025.10.13-15.20.49:725][699]LogModuleManager: Shutting down and abandoning module ModuleUI (650)
[2025.10.13-15.20.49:725][699]LogModuleManager: Shutting down and abandoning module OutputLog (648)
[2025.10.13-15.20.49:725][699]LogModuleManager: Shutting down and abandoning module GammaUI (646)
[2025.10.13-15.20.49:725][699]LogModuleManager: Shutting down and abandoning module Documentation (644)
[2025.10.13-15.20.49:725][699]LogModuleManager: Shutting down and abandoning module LiveCoding (642)
[2025.10.13-15.20.49:725][699]LogModuleManager: Shutting down and abandoning module LevelSequence (640)
[2025.10.13-15.20.49:725][699]LogModuleManager: Shutting down and abandoning module MovieSceneTracks (638)
[2025.10.13-15.20.49:725][699]LogModuleManager: Shutting down and abandoning module MovieScene (636)
[2025.10.13-15.20.49:725][699]LogModuleManager: Shutting down and abandoning module StreamingPauseRendering (634)
[2025.10.13-15.20.49:725][699]LogModuleManager: Shutting down and abandoning module LauncherPlatform (632)
[2025.10.13-15.20.49:725][699]LogModuleManager: Shutting down and abandoning module AnalyticsET (630)
[2025.10.13-15.20.49:725][699]LogModuleManager: Shutting down and abandoning module PortalServices (628)
[2025.10.13-15.20.49:725][699]LogModuleManager: Shutting down and abandoning module PortalRpc (626)
[2025.10.13-15.20.49:725][699]LogModuleManager: Shutting down and abandoning module MessagingRpc (624)
[2025.10.13-15.20.49:725][699]LogModuleManager: Shutting down and abandoning module AudioMixerXAudio2 (622)
[2025.10.13-15.20.49:725][699]LogModuleManager: Shutting down and abandoning module AudioMixerCore (621)
[2025.10.13-15.20.49:725][699]LogModuleManager: Shutting down and abandoning module AIModule (618)
[2025.10.13-15.20.49:725][699]LogModuleManager: Shutting down and abandoning module GameplayDebugger (617)
[2025.10.13-15.20.49:725][699]LogModuleManager: Shutting down and abandoning module AITestSuite (615)
[2025.10.13-15.20.49:725][699]LogModuleManager: Shutting down and abandoning module NavigationSystem (613)
[2025.10.13-15.20.49:725][699]LogModuleManager: Shutting down and abandoning module ImageWriteQueue (610)
[2025.10.13-15.20.49:730][699]LogModuleManager: Shutting down and abandoning module ProfilerService (608)
[2025.10.13-15.20.49:741][699]LogModuleManager: Shutting down and abandoning module TaskGraph (606)
[2025.10.13-15.20.49:741][699]LogModuleManager: Shutting down and abandoning module AudioSynesthesiaEditor (604)
[2025.10.13-15.20.49:741][699]LogModuleManager: Shutting down and abandoning module OculusEditor (602)
[2025.10.13-15.20.49:741][699]LogModuleManager: Shutting down and abandoning module OculusInput (600)
[2025.10.13-15.20.49:741][699]LogModuleManager: Shutting down and abandoning module ContentBrowserClassDataSource (598)
[2025.10.13-15.20.49:741][699]LogModuleManager: Shutting down and abandoning module ContentBrowserFileDataSource (596)
[2025.10.13-15.20.49:741][699]LogModuleManager: Shutting down and abandoning module ContentBrowserAssetDataSource (594)
[2025.10.13-15.20.49:741][699]LogModuleManager: Shutting down and abandoning module CollectionManager (593)
[2025.10.13-15.20.49:742][699]LogModuleManager: Shutting down and abandoning module SynthesisEditor (590)
[2025.10.13-15.20.49:742][699]LogModuleManager: Shutting down and abandoning module Synthesis (588)
[2025.10.13-15.20.49:742][699]LogModuleManager: Shutting down and abandoning module ProceduralMeshComponentEditor (586)
[2025.10.13-15.20.49:742][699]LogModuleManager: Shutting down and abandoning module ProceduralMeshComponent (584)
[2025.10.13-15.20.49:742][699]LogModuleManager: Shutting down and abandoning module TakeSequencer (582)
[2025.10.13-15.20.49:742][699]LogModuleManager: Shutting down and abandoning module TakeMovieScene (580)
[2025.10.13-15.20.49:742][699]LogModuleManager: Shutting down and abandoning module ScreenshotTools (578)
[2025.10.13-15.20.49:742][699]LogModuleManager: Shutting down and abandoning module OpenXREditor (576)
[2025.10.13-15.20.49:742][699]LogModuleManager: Shutting down and abandoning module MobilePatchingUtils (574)
[2025.10.13-15.20.49:742][699]LogModuleManager: Shutting down and abandoning module GooglePAD (572)
[2025.10.13-15.20.49:742][699]LogModuleManager: Shutting down and abandoning module EditableMesh (570)
[2025.10.13-15.20.49:742][699]LogModuleManager: Shutting down and abandoning module CableComponent (568)
[2025.10.13-15.20.49:742][699]LogModuleManager: Shutting down and abandoning module CustomMeshComponent (566)
[2025.10.13-15.20.49:742][699]LogModuleManager: Shutting down and abandoning module AudioCapture (564)
[2025.10.13-15.20.49:742][699]LogModuleManager: Shutting down and abandoning module AudioCaptureRtAudio (563)
[2025.10.13-15.20.49:742][699]LogModuleManager: Shutting down and abandoning module ArchVisCharacter (560)
[2025.10.13-15.20.49:742][699]LogModuleManager: Shutting down and abandoning module AssetTags (558)
[2025.10.13-15.20.49:742][699]LogModuleManager: Shutting down and abandoning module AppleImageUtilsBlueprintSupport (556)
[2025.10.13-15.20.49:742][699]LogModuleManager: Shutting down and abandoning module AppleImageUtils (554)
[2025.10.13-15.20.49:742][699]LogModuleManager: Shutting down and abandoning module AndroidPermission (552)
[2025.10.13-15.20.49:742][699]LogModuleManager: Shutting down and abandoning module ActorLayerUtilitiesEditor (550)
[2025.10.13-15.20.49:742][699]LogModuleManager: Shutting down and abandoning module ActorLayerUtilities (548)
[2025.10.13-15.20.49:742][699]LogModuleManager: Shutting down and abandoning module TemplateSequence (546)
[2025.10.13-15.20.49:742][699]LogModuleManager: Shutting down and abandoning module MediaCompositing (544)
[2025.10.13-15.20.49:742][699]LogModuleManager: Shutting down and abandoning module ImgMedia (542)
[2025.10.13-15.20.49:742][699]LogModuleManager: Shutting down and abandoning module NiagaraEditorWidgets (540)
[2025.10.13-15.20.49:742][699]LogModuleManager: Shutting down and abandoning module MotoSynthEditor (538)
[2025.10.13-15.20.49:742][699]LogModuleManager: Shutting down and abandoning module MotoSynth (536)
[2025.10.13-15.20.49:742][699]LogModuleManager: Shutting down and abandoning module OpenImageDenoise (534)
[2025.10.13-15.20.49:742][699]LogOpenImageDenoise: OIDN shutting down
[2025.10.13-15.20.49:742][699]LogModuleManager: Shutting down and abandoning module MagicLeapSharedWorld (532)
[2025.10.13-15.20.49:742][699]LogModuleManager: Shutting down and abandoning module MagicLeapLightEstimation (530)
[2025.10.13-15.20.49:742][699]LogModuleManager: Shutting down and abandoning module MeshConversion (528)
[2025.10.13-15.20.49:742][699]LogModuleManager: Shutting down and abandoning module DynamicMesh (526)
[2025.10.13-15.20.49:742][699]LogModuleManager: Shutting down and abandoning module GeometryAlgorithms (524)
[2025.10.13-15.20.49:742][699]LogModuleManager: Shutting down and abandoning module GeometricObjects (522)
[2025.10.13-15.20.49:742][699]LogModuleManager: Shutting down and abandoning module MagicLeapHelperVulkan (520)
[2025.10.13-15.20.49:742][699]LogModuleManager: Shutting down and abandoning module MagicLeapHelperOpenGL (518)
[2025.10.13-15.20.49:742][699]LogModuleManager: Shutting down and abandoning module MagicLeapAudio (516)
[2025.10.13-15.20.49:742][699]LogModuleManager: Shutting down and abandoning module SpeedTreeImporter (514)
[2025.10.13-15.20.49:742][699]LogModuleManager: Shutting down and abandoning module PluginBrowser (512)
[2025.10.13-15.20.49:742][699]LogModuleManager: Shutting down and abandoning module MobileLauncherProfileWizard (510)
[2025.10.13-15.20.49:742][699]LogModuleManager: Shutting down and abandoning module MaterialAnalyzer (508)
[2025.10.13-15.20.49:742][699]LogModuleManager: Shutting down and abandoning module GeometryCollectionTracks (506)
[2025.10.13-15.20.49:742][699]LogModuleManager: Shutting down and abandoning module GeometryCollectionSequencer (505)
[2025.10.13-15.20.49:742][699]LogModuleManager: Shutting down and abandoning module GeometryCollectionEditor (502)
[2025.10.13-15.20.49:742][699]LogModuleManager: Shutting down and abandoning module CurveEditorTools (500)
[2025.10.13-15.20.49:742][699]LogModuleManager: Shutting down and abandoning module CryptoKeysOpenSSL (498)
[2025.10.13-15.20.49:742][699]LogModuleManager: Shutting down and abandoning module CryptoKeys (496)
[2025.10.13-15.20.49:742][699]LogModuleManager: Shutting down and abandoning module GeometryCacheTracks (494)
[2025.10.13-15.20.49:742][699]LogModuleManager: Shutting down and abandoning module GeometryCacheStreamer (492)
[2025.10.13-15.20.49:742][699]LogModuleManager: Shutting down and abandoning module GeometryCacheSequencer (490)
[2025.10.13-15.20.49:742][699]LogModuleManager: Shutting down and abandoning module ChaosSolverEditor (488)
[2025.10.13-15.20.49:742][699]LogModuleManager: Shutting down and abandoning module ChaosNiagara (486)
[2025.10.13-15.20.49:742][699]LogModuleManager: Shutting down and abandoning module ChaosClothEditor (484)
[2025.10.13-15.20.49:742][699]LogModuleManager: Shutting down and abandoning module FractureEditor (482)
[2025.10.13-15.20.49:742][699]LogModuleManager: Shutting down and abandoning module FieldSystemEngine (481)
[2025.10.13-15.20.49:742][699]LogModuleManager: Shutting down and abandoning module BackChannel (478)
[2025.10.13-15.20.49:742][699]LogModuleManager: Shutting down and abandoning module RiderSourceCodeAccess (476)
[2025.10.13-15.20.49:742][699]LogModuleManager: Shutting down and abandoning module AutomationUtilsEditor (474)
[2025.10.13-15.20.49:742][699]LogModuleManager: Shutting down and abandoning module AutomationUtils (472)
[2025.10.13-15.20.49:742][699]LogModuleManager: Shutting down and abandoning module VariantManagerContentEditor (470)
[2025.10.13-15.20.49:742][699]LogModuleManager: Shutting down and abandoning module AlembicImporter (468)
[2025.10.13-15.20.49:743][699]LogModuleManager: Shutting down and abandoning module AlembicLibrary (467)
[2025.10.13-15.20.49:743][699]LogModuleManager: Shutting down and abandoning module GeometryCache (466)
[2025.10.13-15.20.49:743][699]LogModuleManager: Shutting down and abandoning module GeometryCacheEd (465)
[2025.10.13-15.20.49:743][699]LogModuleManager: Shutting down and abandoning module DatasmithContentEditor (460)
[2025.10.13-15.20.49:743][699]LogModuleManager: Shutting down and abandoning module SubversionSourceControl (458)
[2025.10.13-15.20.49:743][699]LogModuleManager: Shutting down and abandoning module OodleNetworkHandlerComponent (456)
[2025.10.13-15.20.49:743][699]LogModuleManager: Shutting down and abandoning module GitSourceControl (454)
[2025.10.13-15.20.49:743][699]LogModuleManager: Shutting down and abandoning module VisualStudioSourceCodeAccess (452)
[2025.10.13-15.20.49:743][699]LogModuleManager: Shutting down and abandoning module VisualStudioCodeSourceCodeAccess (450)
[2025.10.13-15.20.49:743][699]LogModuleManager: Shutting down and abandoning module UObjectPlugin (448)
[2025.10.13-15.20.49:743][699]LogModuleManager: Shutting down and abandoning module PerforceSourceControl (446)
[2025.10.13-15.20.49:743][699]LogModuleManager: Shutting down and abandoning module PlasticSourceControl (444)
[2025.10.13-15.20.49:743][699]LogModuleManager: Shutting down and abandoning module SourceControl (443)
[2025.10.13-15.20.49:743][699]LogModuleManager: Shutting down and abandoning module PluginUtils (440)
[2025.10.13-15.20.49:743][699]LogModuleManager: Shutting down and abandoning module CLionSourceCodeAccess (438)
[2025.10.13-15.20.49:743][699]LogModuleManager: Shutting down and abandoning module LiveLinkSequencer (436)
[2025.10.13-15.20.49:743][699]LogModuleManager: Shutting down and abandoning module LiveLinkMovieScene (434)
[2025.10.13-15.20.49:743][699]LogModuleManager: Shutting down and abandoning module LiveLinkGraphNode (432)
[2025.10.13-15.20.49:743][699]LogModuleManager: Shutting down and abandoning module LiveLinkEditor (430)
[2025.10.13-15.20.49:743][699]LogModuleManager: Shutting down and abandoning module LiveLinkComponents (428)
[2025.10.13-15.20.49:743][699]LogModuleManager: Shutting down and abandoning module LiveLink (426)
[2025.10.13-15.20.49:746][699]LogModuleManager: Shutting down and abandoning module AnimationSharingEd (424)
[2025.10.13-15.20.49:746][699]LogModuleManager: Shutting down and abandoning module LightPropagationVolumeEditor (422)
[2025.10.13-15.20.49:746][699]LogModuleManager: Shutting down and abandoning module PaperTiledImporter (420)
[2025.10.13-15.20.49:746][699]LogModuleManager: Shutting down and abandoning module PaperSpriteSheetImporter (418)
[2025.10.13-15.20.49:746][699]LogModuleManager: Shutting down and abandoning module Paper2DEditor (416)
[2025.10.13-15.20.49:746][699]LogModuleManager: Shutting down and abandoning module MeshPaintingToolset (414)
[2025.10.13-15.20.49:746][699]LogModuleManager: Shutting down and abandoning module MeshPaintEditorMode (412)
[2025.10.13-15.20.49:746][699]LogModuleManager: Shutting down and abandoning module SignificanceManager (410)
[2025.10.13-15.20.49:746][699]LogModuleManager: Shutting down and abandoning module RuntimePhysXCooking (408)
[2025.10.13-15.20.49:746][699]LogModuleManager: Shutting down and abandoning module SoundFields (406)
[2025.10.13-15.20.49:746][699]LogModuleManager: Shutting down and abandoning module PropertyAccessEditor (404)
[2025.10.13-15.20.49:746][699]LogModuleManager: Shutting down and abandoning module PhysXVehiclesEditor (402)
[2025.10.13-15.20.49:746][699]LogModuleManager: Shutting down and abandoning module LocationServicesBPLibrary (398)
[2025.10.13-15.20.49:746][699]LogModuleManager: Shutting down and abandoning module AudioSynesthesia (396)
[2025.10.13-15.20.49:746][699]LogModuleManager: Shutting down and abandoning module AudioSynesthesiaCore (394)
[2025.10.13-15.20.49:746][699]LogModuleManager: Shutting down and abandoning module UdpMessaging (392)
[2025.10.13-15.20.49:847][699]LogModuleManager: Shutting down and abandoning module TcpMessaging (390)
[2025.10.13-15.20.49:948][699]LogModuleManager: Shutting down and abandoning module ActorSequence (388)
[2025.10.13-15.20.49:948][699]LogModuleManager: Shutting down and abandoning module PythonScriptPlugin (386)
[2025.10.13-15.20.49:948][699]LogModuleManager: Shutting down and abandoning module ImgMediaEngine (384)
[2025.10.13-15.20.49:948][699]LogModuleManager: Shutting down and abandoning module NiagaraAnimNotifies (382)
[2025.10.13-15.20.49:948][699]LogModuleManager: Shutting down and abandoning module Niagara (380)
[2025.10.13-15.20.49:948][699]LogModuleManager: Shutting down and abandoning module SignalProcessing (379)
[2025.10.13-15.20.49:948][699]LogModuleManager: Shutting down and abandoning module NiagaraEditor (377)
[2025.10.13-15.20.49:948][699]LogModuleManager: Shutting down and abandoning module NiagaraCore (374)
[2025.10.13-15.20.49:948][699]LogModuleManager: Shutting down and abandoning module MagicLeapARPin (372)
[2025.10.13-15.20.49:948][699]LogModuleManager: Shutting down and abandoning module MagicLeapHandMeshing (370)
[2025.10.13-15.20.49:948][699]LogModuleManager: Shutting down and abandoning module MagicLeapSecureStorage (368)
[2025.10.13-15.20.49:948][699]LogModuleManager: Shutting down and abandoning module MagicLeapPrivileges (366)
[2025.10.13-15.20.49:948][699]LogModuleManager: Shutting down and abandoning module MagicLeapPlanes (364)
[2025.10.13-15.20.49:948][699]LogMagicLeapPlanes: Planes tracker already destroyed.
[2025.10.13-15.20.49:948][699]LogModuleManager: Shutting down and abandoning module MagicLeapImageTracker (362)
[2025.10.13-15.20.49:948][699]LogModuleManager: Shutting down and abandoning module MagicLeapIdentity (360)
[2025.10.13-15.20.49:948][699]LogModuleManager: Shutting down and abandoning module MagicLeapHandTracking (358)
[2025.10.13-15.20.49:948][699]LogModuleManager: Shutting down and abandoning module MagicLeapEyeTracker (356)
[2025.10.13-15.20.49:948][699]LogModuleManager: Shutting down and abandoning module MagicLeapController (354)
[2025.10.13-15.20.49:948][699]LogModuleManager: Shutting down and abandoning module MagicLeapARPinImpl (352)
[2025.10.13-15.20.49:948][699]LogModuleManager: Shutting down and abandoning module MagicLeapAR (350)
[2025.10.13-15.20.49:948][699]LogModuleManager: Shutting down and abandoning module GameplayTagsEditor (348)
[2025.10.13-15.20.49:948][699]LogModuleManager: Shutting down and abandoning module FacialAnimationEditor (346)
[2025.10.13-15.20.49:948][699]LogModuleManager: Shutting down and abandoning module FacialAnimation (344)
[2025.10.13-15.20.49:948][699]LogModuleManager: Shutting down and abandoning module DataValidation (342)
[2025.10.13-15.20.49:948][699]LogModuleManager: Shutting down and abandoning module AssetManagerEditor (340)
[2025.10.13-15.20.49:948][699]LogModuleManager: Shutting down and abandoning module LevelEditor (339)
[2025.10.13-15.20.49:950][699]LogModuleManager: Shutting down and abandoning module PixelInspectorModule (338)
[2025.10.13-15.20.49:950][699]LogModuleManager: Shutting down and abandoning module CommonMenuExtensions (336)
[2025.10.13-15.20.49:950][699]LogModuleManager: Shutting down and abandoning module MainFrame (334)
[2025.10.13-15.20.49:950][699]LogModuleManager: Shutting down and abandoning module HotReload (333)
[2025.10.13-15.20.49:950][699]LogModuleManager: Shutting down and abandoning module ToolMenus (329)
[2025.10.13-15.20.49:950][699]LogModuleManager: Shutting down and abandoning module ContentBrowser (327)
[2025.10.13-15.20.49:950][699]LogModuleManager: Shutting down and abandoning module ContentBrowserData (326)
[2025.10.13-15.20.49:950][699]LogModuleManager: Shutting down and abandoning module TreeMap (323)
[2025.10.13-15.20.49:950][699]LogModuleManager: Shutting down and abandoning module PropertyAccessNode (320)
[2025.10.13-15.20.49:950][699]LogModuleManager: Shutting down and abandoning module GameplayCameras (318)
[2025.10.13-15.20.49:950][699]LogModuleManager: Shutting down and abandoning module EnvironmentQueryEditor (316)
[2025.10.13-15.20.49:950][699]LogModuleManager: Shutting down and abandoning module AnimationSharing (314)
[2025.10.13-15.20.49:950][699]LogModuleManager: Shutting down and abandoning module LightPropagationVolumeRuntime (312)
[2025.10.13-15.20.49:950][699]LogModuleManager: Shutting down and abandoning module Paper2D (310)
[2025.10.13-15.20.49:950][699]LogModuleManager: Shutting down and abandoning module WindowsMoviePlayer (308)
[2025.10.13-15.20.49:953][699]LogModuleManager: Shutting down and abandoning module WebMMoviePlayer (306)
[2025.10.13-15.20.49:953][699]LogModuleManager: Shutting down and abandoning module NetworkReplayStreaming (304)
[2025.10.13-15.20.49:953][699]LogModuleManager: Shutting down and abandoning module PacketHandler (302)
[2025.10.13-15.20.49:953][699]LogModuleManager: Shutting down and abandoning module ClothingSystemEditor (300)
[2025.10.13-15.20.49:954][699]LogModuleManager: Shutting down and abandoning module ClothingSystemRuntimeNv (298)
[2025.10.13-15.20.49:954][699]LogModuleManager: Shutting down and abandoning module MediaAssets (296)
[2025.10.13-15.20.49:954][699]LogModuleManager: Shutting down and abandoning module Overlay (294)
[2025.10.13-15.20.49:954][699]LogModuleManager: Shutting down and abandoning module OverlayEditor (293)
[2025.10.13-15.20.49:954][699]LogModuleManager: Shutting down and abandoning module VREditor (290)
[2025.10.13-15.20.49:954][699]LogModuleManager: Shutting down and abandoning module StringTableEditor (288)
[2025.10.13-15.20.49:954][699]LogModuleManager: Shutting down and abandoning module GameplayTasksEditor (286)
[2025.10.13-15.20.49:954][699]LogModuleManager: Shutting down and abandoning module BehaviorTreeEditor (284)
[2025.10.13-15.20.49:954][699]LogModuleManager: Shutting down and abandoning module FunctionalTesting (282)
[2025.10.13-15.20.49:954][699]LogModuleManager: Shutting down and abandoning module CollisionAnalyzer (280)
[2025.10.13-15.20.49:954][699]LogModuleManager: Shutting down and abandoning module WorkspaceMenuStructure (279)
[2025.10.13-15.20.49:954][699]LogModuleManager: Shutting down and abandoning module UMG (276)
[2025.10.13-15.20.49:954][699]LogModuleManager: Shutting down and abandoning module UMGEditor (275)
[2025.10.13-15.20.49:954][699]LogModuleManager: Shutting down and abandoning module MessageLog (273)
[2025.10.13-15.20.49:954][699]LogModuleManager: Shutting down and abandoning module SlateReflector (268)
[2025.10.13-15.20.49:954][699]LogModuleManager: Shutting down and abandoning module Slate (266)
[2025.10.13-15.20.49:954][699]LogModuleManager: Shutting down and abandoning module SlateCore (264)
[2025.10.13-15.20.49:954][699]LogModuleManager: Shutting down and abandoning module LandscapeEditorUtilities (262)
[2025.10.13-15.20.49:954][699]LogModuleManager: Shutting down and abandoning module UnrealEd (260)
[2025.10.13-15.20.49:954][699]LogModuleManager: Shutting down and abandoning module MRMesh (258)
[2025.10.13-15.20.49:954][699]LogModuleManager: Shutting down and abandoning module SourceCodeAccess (256)
[2025.10.13-15.20.49:954][699]LogModuleManager: Shutting down and abandoning module HeadMountedDisplay (254)
[2025.10.13-15.20.49:954][699]LogModuleManager: Shutting down and abandoning module XAudio2 (252)
[2025.10.13-15.20.49:954][699]LogModuleManager: Shutting down and abandoning module Networking (250)
[2025.10.13-15.20.49:954][699]LogModuleManager: Shutting down and abandoning module Core (248)
[2025.10.13-15.20.49:955][699]LogModuleManager: Shutting down and abandoning module MaterialEditor (246)
[2025.10.13-15.20.49:955][699]LogModuleManager: Shutting down and abandoning module MovieSceneTools (244)
[2025.10.13-15.20.49:955][699]LogModuleManager: Shutting down and abandoning module CurveEditor (243)
[2025.10.13-15.20.49:955][699]LogModuleManager: Shutting down and abandoning module Sequencer (241)
[2025.10.13-15.20.49:955][699]LogModuleManager: Shutting down and abandoning module EditorStyle (240)
[2025.10.13-15.20.49:956][699]LogModuleManager: Shutting down and abandoning module KismetCompiler (236)
[2025.10.13-15.20.49:956][699]LogModuleManager: Shutting down and abandoning module MeshBuilder (234)
[2025.10.13-15.20.49:956][699]LogModuleManager: Shutting down and abandoning module MeshUtilities (232)
[2025.10.13-15.20.49:956][699]LogModuleManager: Shutting down and abandoning module MeshMergeUtilities (231)
[2025.10.13-15.20.49:956][699]LogModuleManager: Shutting down and abandoning module MeshReductionInterface (230)
[2025.10.13-15.20.49:956][699]LogModuleManager: Shutting down and abandoning module MeshBoneReduction (229)
[2025.10.13-15.20.49:956][699]LogModuleManager: Shutting down and abandoning module SkeletalMeshReduction (227)
[2025.10.13-15.20.49:956][699]LogModuleManager: Shutting down and abandoning module ProxyLODMeshReduction (225)
[2025.10.13-15.20.49:956][699]LogModuleManager: Shutting down and abandoning module QuadricMeshReduction (223)
[2025.10.13-15.20.49:956][699]LogModuleManager: Shutting down and abandoning module MaterialBaking (219)
[2025.10.13-15.20.49:956][699]LogModuleManager: Shutting down and abandoning module NullInstallBundleManager (214)
[2025.10.13-15.20.49:956][699]LogModuleManager: Shutting down and abandoning module DerivedDataCache (212)
[2025.10.13-15.20.49:956][699]LogModuleManager: Shutting down and abandoning module TargetPlatform (210)
[2025.10.13-15.20.49:956][699]LogModuleManager: Shutting down and abandoning module VulkanShaderFormat (209)
[2025.10.13-15.20.49:956][699]LogModuleManager: Shutting down and abandoning module ShaderFormatVectorVM (207)
[2025.10.13-15.20.49:956][699]LogModuleManager: Shutting down and abandoning module ShaderFormatOpenGL (205)
[2025.10.13-15.20.49:956][699]LogModuleManager: Shutting down and abandoning module ShaderFormatD3D (203)
[2025.10.13-15.20.49:956][699]LogModuleManager: Shutting down and abandoning module MetalShaderFormat (201)
[2025.10.13-15.20.49:956][699]LogModuleManager: Shutting down and abandoning module TextureFormatOodle (199)
[2025.10.13-15.20.49:956][699]LogModuleManager: Shutting down and abandoning module TextureFormatUncompressed (197)
[2025.10.13-15.20.49:956][699]LogModuleManager: Shutting down and abandoning module TextureFormatPVR (195)
[2025.10.13-15.20.49:956][699]LogModuleManager: Shutting down and abandoning module TextureFormatETC2 (193)
[2025.10.13-15.20.49:956][699]LogModuleManager: Shutting down and abandoning module TextureFormatDXT (191)
[2025.10.13-15.20.49:956][699]LogModuleManager: Shutting down and abandoning module TextureFormatIntelISPCTexComp (189)
[2025.10.13-15.20.49:956][699]LogModuleManager: Shutting down and abandoning module TextureFormatASTC (187)
[2025.10.13-15.20.49:956][699]LogModuleManager: Shutting down and abandoning module ImageWrapper (186)
[2025.10.13-15.20.49:956][699]LogModuleManager: Shutting down and abandoning module AudioFormatOpus (183)
[2025.10.13-15.20.49:956][699]LogModuleManager: Shutting down and abandoning module AudioFormatOgg (181)
[2025.10.13-15.20.49:956][699]LogModuleManager: Shutting down and abandoning module AudioFormatADPCM (179)
[2025.10.13-15.20.49:956][699]LogModuleManager: Shutting down and abandoning module WindowsServerTargetPlatform (177)
[2025.10.13-15.20.49:956][699]LogModuleManager: Shutting down and abandoning module WindowsClientTargetPlatform (175)
[2025.10.13-15.20.49:956][699]LogModuleManager: Shutting down and abandoning module WindowsTargetPlatform (173)
[2025.10.13-15.20.49:956][699]LogModuleManager: Shutting down and abandoning module WindowsNoEditorTargetPlatform (171)
[2025.10.13-15.20.49:957][699]LogModuleManager: Shutting down and abandoning module TVOSTargetPlatform (169)
[2025.10.13-15.20.49:958][699]LogModuleManager: Shutting down and abandoning module MacServerTargetPlatform (167)
[2025.10.13-15.20.49:958][699]LogModuleManager: Shutting down and abandoning module MacClientTargetPlatform (165)
[2025.10.13-15.20.49:958][699]LogModuleManager: Shutting down and abandoning module MacTargetPlatform (163)
[2025.10.13-15.20.49:958][699]LogModuleManager: Shutting down and abandoning module MacNoEditorTargetPlatform (161)
[2025.10.13-15.20.49:958][699]LogModuleManager: Shutting down and abandoning module LuminTargetPlatform (159)
[2025.10.13-15.20.49:960][699]LogModuleManager: Shutting down and abandoning module LinuxAArch64ServerTargetPlatform (157)
[2025.10.13-15.20.49:960][699]LogModuleManager: Shutting down and abandoning module LinuxAArch64ClientTargetPlatform (155)
[2025.10.13-15.20.49:960][699]LogModuleManager: Shutting down and abandoning module LinuxAArch64NoEditorTargetPlatform (153)
[2025.10.13-15.20.49:960][699]LogModuleManager: Shutting down and abandoning module LinuxServerTargetPlatform (151)
[2025.10.13-15.20.49:960][699]LogModuleManager: Shutting down and abandoning module LinuxClientTargetPlatform (149)
[2025.10.13-15.20.49:960][699]LogModuleManager: Shutting down and abandoning module LinuxNoEditorTargetPlatform (147)
[2025.10.13-15.20.49:960][699]LogModuleManager: Shutting down and abandoning module LinuxTargetPlatform (145)
[2025.10.13-15.20.49:960][699]LogModuleManager: Shutting down and abandoning module Messaging (143)
[2025.10.13-15.20.49:960][699]LogModuleManager: Shutting down and abandoning module IOSTargetPlatform (141)
[2025.10.13-15.20.49:962][699]LogModuleManager: Shutting down and abandoning module AndroidTargetPlatform (139)
[2025.10.13-15.20.49:970][699]LogModuleManager: Shutting down and abandoning module AllDesktopTargetPlatform (137)
[2025.10.13-15.20.49:970][699]LogModuleManager: Shutting down and abandoning module D3D11RHI (134)
[2025.10.13-15.20.49:970][699]LogModuleManager: Shutting down and abandoning module InputCore (132)
[2025.10.13-15.20.49:970][699]LogModuleManager: Shutting down and abandoning module Settings (130)
[2025.10.13-15.20.49:970][699]LogModuleManager: Shutting down and abandoning module DirectoryWatcher (128)
[2025.10.13-15.20.49:971][699]LogModuleManager: Shutting down and abandoning module PhysXCooking (126)
[2025.10.13-15.20.49:971][699]LogModuleManager: Shutting down and abandoning module Chaos (124)
[2025.10.13-15.20.49:971][699]LogModuleManager: Shutting down and abandoning module WindowsPlatformFeatures (122)
[2025.10.13-15.20.49:971][699]LogModuleManager: Shutting down and abandoning module GameplayMediaEncoder (121)
[2025.10.13-15.20.49:971][699]LogModuleManager: Shutting down and abandoning module AVEncoder (120)
[2025.10.13-15.20.49:971][699]LogModuleManager: Shutting down and abandoning module SteamVRInputDevice (116)
[2025.10.13-15.20.49:971][699]LogModuleManager: Shutting down and abandoning module SteamVRInput (114)
[2025.10.13-15.20.49:971][699]LogModuleManager: Shutting down and abandoning module SteamVR (112)
[2025.10.13-15.20.49:971][699]LogHMD: Freeing OpenVRDLLHandle.
[2025.10.13-15.20.49:971][699]LogModuleManager: Shutting down and abandoning module OculusHMD (110)
[2025.10.13-15.20.49:971][699]LogModuleManager: Shutting down and abandoning module OpenXREyeTracker (108)
[2025.10.13-15.20.49:971][699]LogModuleManager: Shutting down and abandoning module OpenXRHandTracking (106)
[2025.10.13-15.20.49:971][699]LogSlate: Slate User Destroyed.  User Index 0, Is Virtual User: 0
[2025.10.13-15.20.49:971][699]LogModuleManager: Shutting down and abandoning module OpenXRAR (104)
[2025.10.13-15.20.49:971][699]LogModuleManager: Shutting down and abandoning module AugmentedReality (103)
[2025.10.13-15.20.49:971][699]LogModuleManager: Shutting down and abandoning module OpenXRHMD (100)
[2025.10.13-15.20.49:972][699]LogModuleManager: Shutting down and abandoning module ExampleDeviceProfileSelector (98)
[2025.10.13-15.20.49:972][699]LogModuleManager: Shutting down and abandoning module ChunkDownloader (96)
[2025.10.13-15.20.49:972][699]LogModuleManager: Shutting down and abandoning module LauncherChunkInstaller (94)
[2025.10.13-15.20.49:972][699]LogModuleManager: Shutting down and abandoning module OnlineBlueprintSupport (92)
[2025.10.13-15.20.49:972][699]LogModuleManager: Shutting down and abandoning module OnlineSubsystem (88)
[2025.10.13-15.20.49:973][699]LogModuleManager: Shutting down and abandoning module XMPP (83)
[2025.10.13-15.20.49:973][699]LogModuleManager: Shutting down and abandoning module WebSockets (82)
[2025.10.13-15.20.50:005][699]LogModuleManager: Shutting down and abandoning module HTTP (79)
[2025.10.13-15.20.50:005][699]LogHttp: Display: Http module shutting down, but needs to wait on 1 outstanding Http requests:
[2025.10.13-15.20.50:005][699]LogHttp: Display: 	verb=[POST] url=[https://datarouter.ol.epicgames.com/datarouter/api/v1/public/data?SessionID=%7BD39F911F-4F5F-09E7-1113-CE82C48C0445%7D&AppID=UEEditor.Rocket.Release&AppVersion=4.27.2-18319896%2B%2B%2BUE4%2BRelease-4.27&UserID=ff613de04445e87a751d3d88f719c9ab%7C92b915b8b6964a98a670edb4ad65aabd%7C0d465c27-dae1-41ae-b75e-4ea01e26faf1&AppEnvironment=datacollector-binary&UploadType=eteventstream] refs=[1] status=Processing
[2025.10.13-15.20.50:005][699]LogHttp: Display: cleaning up 1 outstanding Http requests.
[2025.10.13-15.20.50:018][699]LogModuleManager: Shutting down and abandoning module SSL (78)
[2025.10.13-15.20.50:019][699]LogModuleManager: Shutting down and abandoning module WmfMedia (74)
[2025.10.13-15.20.50:020][699]LogModuleManager: Shutting down and abandoning module Media (73)
[2025.10.13-15.20.50:021][699]LogModuleManager: Shutting down and abandoning module MediaInfo (72)
[2025.10.13-15.20.50:021][699]LogModuleManager: Shutting down and abandoning module ExrReaderGpu (68)
[2025.10.13-15.20.50:021][699]LogModuleManager: Shutting down and abandoning module MLSDK (66)
[2025.10.13-15.20.50:021][699]LogModuleManager: Shutting down and abandoning module NiagaraVertexFactories (64)
[2025.10.13-15.20.50:021][699]LogModuleManager: Shutting down and abandoning module NiagaraShader (62)
[2025.10.13-15.20.50:021][699]LogModuleManager: Shutting down and abandoning module MagicLeap (60)
[2025.10.13-15.20.50:021][699]LogModuleManager: Shutting down and abandoning module ChaosCloth (58)
[2025.10.13-15.20.50:021][699]LogModuleManager: Shutting down and abandoning module VariantManagerContent (56)
[2025.10.13-15.20.50:021][699]LogModuleManager: Shutting down and abandoning module DatasmithContent (54)
[2025.10.13-15.20.50:023][699]LogModuleManager: Shutting down and abandoning module PixWinPlugin (52)
[2025.10.13-15.20.50:023][699]LogModuleManager: Shutting down and abandoning module AISupportModule (50)
[2025.10.13-15.20.50:023][699]LogModuleManager: Shutting down and abandoning module DesktopPlatform (48)
[2025.10.13-15.20.50:023][699]LogModuleManager: Shutting down and abandoning module PythonScriptPluginPreload (46)
[2025.10.13-15.20.50:023][699]LogModuleManager: Shutting down and abandoning module PlatformCryptoOpenSSL (44)
[2025.10.13-15.20.50:023][699]LogModuleManager: Shutting down and abandoning module PlatformCryptoTypes (42)
[2025.10.13-15.20.50:023][699]LogModuleManager: Shutting down and abandoning module PlatformCrypto (40)
[2025.10.13-15.20.50:023][699]LogModuleManager: Shutting down and abandoning module OodleDataCompressionFormat (38)
[2025.10.13-15.20.50:023][699]LogModuleManager: Shutting down and abandoning module XGEController (36)
[2025.10.13-15.20.50:023][699]LogModuleManager: Shutting down and abandoning module AnimationModifiers (34)
[2025.10.13-15.20.50:024][699]LogModuleManager: Shutting down and abandoning module AudioEditor (32)
[2025.10.13-15.20.50:024][699]LogModuleManager: Shutting down and abandoning module PropertyEditor (31)
[2025.10.13-15.20.50:024][699]LogModuleManager: Shutting down and abandoning module TextureCompressor (28)
[2025.10.13-15.20.50:024][699]LogModuleManager: Shutting down and abandoning module RenderCore (26)
[2025.10.13-15.20.50:024][699]LogModuleManager: Shutting down and abandoning module Landscape (24)
[2025.10.13-15.20.50:024][699]LogModuleManager: Shutting down and abandoning module SlateRHIRenderer (22)
[2025.10.13-15.20.50:026][699]LogModuleManager: Shutting down and abandoning module AnimGraphRuntime (20)
[2025.10.13-15.20.50:026][699]LogModuleManager: Shutting down and abandoning module Renderer (18)
[2025.10.13-15.20.50:026][699]LogModuleManager: Shutting down and abandoning module Engine (16)
[2025.10.13-15.20.50:026][699]LogModuleManager: Shutting down and abandoning module CoreUObject (14)
[2025.10.13-15.20.50:026][699]LogModuleManager: Shutting down and abandoning module NetworkFile (12)
[2025.10.13-15.20.50:026][699]LogModuleManager: Shutting down and abandoning module CookedIterativeFile (10)
[2025.10.13-15.20.50:026][699]LogModuleManager: Shutting down and abandoning module StreamingFile (8)
[2025.10.13-15.20.50:026][699]LogModuleManager: Shutting down and abandoning module SandboxFile (6)
[2025.10.13-15.20.50:026][699]LogModuleManager: Shutting down and abandoning module PakFile (4)
[2025.10.13-15.20.50:026][699]LogModuleManager: Shutting down and abandoning module RSA (3)
[2025.10.13-15.20.50:026][699]LogContentStreaming: Display: There are 1 unreleased StreamingManagers
[2025.10.13-15.20.50:043][699]LogD3D11RHI: Shutdown
[2025.10.13-15.20.50:043][699]LogD3D11RHI: CleanupD3DDevice
[2025.10.13-15.20.50:059][699]LogExit: Exiting.
[2025.10.13-15.20.50:069][699]Log file closed, 10/13/25 09:20:50
