Log file open, 10/12/25 15:32:07
LogWindows: Failed to load 'aqProf.dll' (GetLastError=126)
LogWindows: File 'aqProf.dll' does not exist
LogWindows: Failed to load 'VtuneApi.dll' (GetLastError=126)
LogWindows: File 'VtuneApi.dll' does not exist
LogWindows: Failed to load 'VtuneApi32e.dll' (GetLastError=126)
LogWindows: File 'VtuneApi32e.dll' does not exist
LogConsoleResponse: Display: Failed to find resolution value strings in scalability ini. Falling back to default.
LogConsoleResponse: Display: Failed to find resolution value strings in scalability ini. Falling back to default.
LogInit: Display: Running engine for game: TasteOfMadness
LogPlatformFile: Not using cached read wrapper
LogTaskGraph: Started task graph with 5 named threads and 35 total threads with 3 sets of task threads.
LogStats: Stats thread started at 0.183988
LogICUInternationalization: ICU TimeZone Detection - Raw Offset: -6:00, Platform Override: ''
LogInit: Display: Loading text-based GConfig....
LogPluginManager: Mounting plugin MeshPainting
LogPluginManager: Mounting plugin XGEController
LogPluginManager: Mounting plugin Paper2D
LogPluginManager: Mounting plugin AISupport
LogPluginManager: Mounting plugin EnvironmentQueryEditor
LogPluginManager: Mounting plugin LiveLink
LogPluginManager: Mounting plugin LightPropagationVolume
LogPluginManager: Mounting plugin OodleData
LogPluginManager: Mounting plugin GameplayCameras
LogPluginManager: Mounting plugin CameraShakePreviewer
LogPluginManager: Mounting plugin AssetManagerEditor
LogPluginManager: Mounting plugin CurveEditorTools
LogPluginManager: Mounting plugin CryptoKeys
LogPluginManager: Mounting plugin OodleNetwork
LogPluginManager: Mounting plugin DataValidation
LogPluginManager: Mounting plugin GeometryMode
LogPluginManager: Mounting plugin GameplayTagsEditor
LogPluginManager: Mounting plugin FacialAnimation
LogPluginManager: Mounting plugin MacGraphicsSwitching
LogPluginManager: Mounting plugin MobileLauncherProfileWizard
LogPluginManager: Mounting plugin PluginBrowser
LogPluginManager: Mounting plugin MaterialAnalyzer
LogPluginManager: Mounting plugin SpeedTreeImporter
LogPluginManager: Mounting plugin DatasmithContent
LogPluginManager: Mounting plugin VariantManagerContent
LogPluginManager: Mounting plugin AnimationSharing
LogPluginManager: Mounting plugin CLionSourceCodeAccess
LogPluginManager: Mounting plugin CodeLiteSourceCodeAccess
LogPluginManager: Mounting plugin KDevelopSourceCodeAccess
LogPluginManager: Mounting plugin GitSourceControl
LogPluginManager: Mounting plugin NullSourceCodeAccess
LogPluginManager: Mounting plugin PerforceSourceControl
LogPluginManager: Mounting plugin PluginUtils
LogPluginManager: Mounting plugin PropertyAccessNode
LogPluginManager: Mounting plugin PlasticSourceControl
LogPluginManager: Mounting plugin PixWinPlugin
LogPluginManager: Mounting plugin TextureFormatOodle
LogPluginManager: Mounting plugin RiderSourceCodeAccess
LogPluginManager: Mounting plugin SubversionSourceControl
LogPluginManager: Mounting plugin VisualStudioSourceCodeAccess
LogPluginManager: Mounting plugin UObjectPlugin
LogPluginManager: Mounting plugin VisualStudioCodeSourceCodeAccess
LogPluginManager: Mounting plugin XCodeSourceCodeAccess
LogPluginManager: Mounting plugin Niagara
LogPluginManager: Mounting plugin TcpMessaging
LogPluginManager: Mounting plugin LuminPlatformFeatures
LogPluginManager: Mounting plugin UdpMessaging
LogPluginManager: Mounting plugin MagicLeap
LogPluginManager: Mounting plugin MagicLeapLightEstimation
LogPluginManager: Mounting plugin AlembicImporter
LogPluginManager: Mounting plugin MagicLeapMedia
LogPluginManager: Mounting plugin BackChannel
LogPluginManager: Mounting plugin AutomationUtils
LogPluginManager: Mounting plugin MagicLeapPassableWorld
LogPluginManager: Mounting plugin ChaosEditor
LogPluginManager: Mounting plugin ChaosCloth
LogPluginManager: Mounting plugin MLSDK
LogPluginManager: Mounting plugin ChaosClothEditor
LogPluginManager: Mounting plugin ChaosSolverPlugin
LogPluginManager: Mounting plugin ChaosNiagara
LogPluginManager: Mounting plugin AndroidMedia
LogPluginManager: Mounting plugin AvfMedia
LogPluginManager: Mounting plugin CharacterAI
LogPluginManager: Mounting plugin ImgMedia
LogPluginManager: Mounting plugin GeometryCache
LogPluginManager: Mounting plugin MediaCompositing
LogPluginManager: Mounting plugin GeometryCollectionPlugin
LogPluginManager: Mounting plugin MediaPlayerEditor
LogPluginManager: Mounting plugin WebMMedia
LogPluginManager: Mounting plugin WmfMedia
LogPluginManager: Mounting plugin ActorSequence
LogPluginManager: Mounting plugin LevelSequenceEditor
LogPluginManager: Mounting plugin MatineeToLevelSequence
LogPluginManager: Mounting plugin GeometryProcessing
LogPluginManager: Mounting plugin TemplateSequence
LogPluginManager: Mounting plugin MotoSynth
LogPluginManager: Mounting plugin OpenImageDenoise
LogPluginManager: Mounting plugin ProxyLODPlugin
LogPluginManager: Mounting plugin PythonScriptPlugin
LogPluginManager: Mounting plugin PlatformCrypto
LogPluginManager: Mounting plugin PlanarCut
LogPluginManager: Mounting plugin SkeletalReduction
LogPluginManager: Mounting plugin LauncherChunkInstaller
LogPluginManager: Mounting plugin OnlineSubsystem
LogPluginManager: Mounting plugin OnlineSubsystemNull
LogPluginManager: Mounting plugin OnlineSubsystemUtils
LogPluginManager: Mounting plugin ActorLayerUtilities
LogPluginManager: Mounting plugin AndroidPermission
LogPluginManager: Mounting plugin AndroidMoviePlayer
LogPluginManager: Mounting plugin AndroidDeviceProfileSelector
LogPluginManager: Mounting plugin AppleMoviePlayer
LogPluginManager: Mounting plugin AppleImageUtils
LogPluginManager: Mounting plugin AudioSynesthesia
LogPluginManager: Mounting plugin ArchVisCharacter
LogPluginManager: Mounting plugin AssetTags
LogPluginManager: Mounting plugin AudioCapture
LogPluginManager: Mounting plugin CableComponent
LogPluginManager: Mounting plugin ChunkDownloader
LogPluginManager: Mounting plugin CustomMeshComponent
LogPluginManager: Mounting plugin ExampleDeviceProfileSelector
LogPluginManager: Mounting plugin GooglePAD
LogPluginManager: Mounting plugin EditableMesh
LogPluginManager: Mounting plugin GoogleCloudMessaging
LogPluginManager: Mounting plugin IOSDeviceProfileSelector
LogPluginManager: Mounting plugin LinuxDeviceProfileSelector
LogPluginManager: Mounting plugin LocationServicesBPLibrary
LogPluginManager: Mounting plugin MobilePatchingUtils
LogPluginManager: Mounting plugin OpenXR
LogPluginManager: Mounting plugin OpenXREyeTracker
LogPluginManager: Mounting plugin OpenXRHandTracking
LogPluginManager: Mounting plugin PostSplashScreen
LogPluginManager: Mounting plugin PhysXVehicles
LogPluginManager: Mounting plugin ProceduralMeshComponent
LogPluginManager: Mounting plugin PropertyAccessEditor
LogPluginManager: Mounting plugin SignificanceManager
LogPluginManager: Mounting plugin RuntimePhysXCooking
LogPluginManager: Mounting plugin SoundFields
LogPluginManager: Mounting plugin Synthesis
LogPluginManager: Mounting plugin WebMMoviePlayer
LogPluginManager: Mounting plugin WindowsMoviePlayer
LogPluginManager: Mounting plugin ScreenshotTools
LogPluginManager: Mounting plugin Takes
LogPluginManager: Mounting plugin ContentBrowserAssetDataSource
LogPluginManager: Mounting plugin ContentBrowserClassDataSource
LogPluginManager: Mounting plugin ContentBrowserFileDataSource
LogPluginManager: Mounting plugin OnlineSubsystemGooglePlay
LogPluginManager: Mounting plugin OnlineSubsystemIOS
LogPluginManager: Mounting plugin OculusVR
LogPluginManager: Mounting plugin SteamVR
PixWinPlugin: PIX capture plugin failed to initialize! Check that the process is launched from PIX.
LogInit: Using libcurl 7.55.1-DEV
LogInit:  - built for x86_64-pc-win32
LogInit:  - supports SSL with OpenSSL/1.1.1
LogInit:  - supports HTTP deflate (compression) using libz 1.2.8
LogInit:  - other features:
LogInit:      CURL_VERSION_SSL
LogInit:      CURL_VERSION_LIBZ
LogInit:      CURL_VERSION_IPV6
LogInit:      CURL_VERSION_ASYNCHDNS
LogInit:      CURL_VERSION_LARGEFILE
LogInit:      CURL_VERSION_IDN
LogInit:  CurlRequestOptions (configurable via config and command line):
LogInit:  - bVerifyPeer = true  - Libcurl will verify peer certificate
LogInit:  - bUseHttpProxy = false  - Libcurl will NOT use HTTP proxy
LogInit:  - bDontReuseConnections = false  - Libcurl will reuse connections
LogInit:  - MaxHostConnections = 16  - Libcurl will limit the number of connections to a host
LogInit:  - LocalHostAddr = Default
LogInit:  - BufferSize = 65536
LogOnline: OSS: Creating online subsystem instance for: NULL
LogInit: WinSock: version 1.1 (2.2), MaxSocks=32767, MaxUdp=65467
LogOnline: OSS: TryLoadSubsystemAndSetDefault: Loaded subsystem for module [NULL]
LogOculusPluginWrapper: OculusPlugin initialized successfully
LogHMD: Failed initializing OVRPlugin 1.59.0
LogInit: Build: ++UE4+Release-4.27-CL-18319896
LogInit: Engine Version: 4.27.2-18319896+++UE4+Release-4.27
LogInit: Compatible Engine Version: 4.27.0-17155196+++UE4+Release-4.27
LogInit: Net CL: 17155196
LogInit: OS: Windows 10 (Release 2009) (), CPU: AMD Ryzen 5 5600 6-Core Processor              , GPU: NVIDIA GeForce RTX 3060
LogInit: Compiled (64-bit): Nov 30 2021 07:12:08
LogInit: Compiled with Visual C++: 19.24.28315.00
LogInit: Build Configuration: Development
LogInit: Branch Name: ++UE4+Release-4.27
LogInit: Command Line: 
LogInit: Base Directory: E:/Epic/UE_4.27/Engine/Binaries/Win64/
LogInit: Allocator: TBB
LogInit: Installed Engine Build: 1
LogDevObjectVersion: Number of dev versions registered: 29
LogDevObjectVersion:   Dev-Blueprints (B0D832E4-1F89-4F0D-ACCF-7EB736FD4AA2): 10
LogDevObjectVersion:   Dev-Build (E1C64328-A22C-4D53-A36C-8E866417BD8C): 0
LogDevObjectVersion:   Dev-Core (375EC13C-06E4-48FB-B500-84F0262A717E): 4
LogDevObjectVersion:   Dev-Editor (E4B068ED-F494-42E9-A231-DA0B2E46BB41): 40
LogDevObjectVersion:   Dev-Framework (CFFC743F-43B0-4480-9391-14DF171D2073): 37
LogDevObjectVersion:   Dev-Mobile (B02B49B5-BB20-44E9-A304-32B752E40360): 3
LogDevObjectVersion:   Dev-Networking (A4E4105C-59A1-49B5-A7C5-40C4547EDFEE): 0
LogDevObjectVersion:   Dev-Online (39C831C9-5AE6-47DC-9A44-9C173E1C8E7C): 0
LogDevObjectVersion:   Dev-Physics (78F01B33-EBEA-4F98-B9B4-84EACCB95AA2): 14
LogDevObjectVersion:   Dev-Platform (6631380F-2D4D-43E0-8009-CF276956A95A): 0
LogDevObjectVersion:   Dev-Rendering (12F88B9F-8875-4AFC-A67C-D90C383ABD29): 45
LogDevObjectVersion:   Dev-Sequencer (7B5AE74C-D270-4C10-A958-57980B212A5A): 13
LogDevObjectVersion:   Dev-VR (D7296918-1DD6-4BDD-9DE2-64A83CC13884): 3
LogDevObjectVersion:   Dev-LoadTimes (C2A15278-BFE7-4AFE-6C17-90FF531DF755): 1
LogDevObjectVersion:   Private-Geometry (6EACA3D4-40EC-4CC1-B786-8BED09428FC5): 3
LogDevObjectVersion:   Dev-AnimPhys (29E575DD-E0A3-4627-9D10-D276232CDCEA): 17
LogDevObjectVersion:   Dev-Anim (AF43A65D-7FD3-4947-9873-3E8ED9C1BB05): 15
LogDevObjectVersion:   Dev-ReflectionCapture (6B266CEC-1EC7-4B8F-A30B-E4D90942FC07): 1
LogDevObjectVersion:   Dev-Automation (0DF73D61-A23F-47EA-B727-89E90C41499A): 1
LogDevObjectVersion:   FortniteMain (601D1886-AC64-4F84-AA16-D3DE0DEAC7D6): 47
LogDevObjectVersion:   FortniteRelease (E7086368-6B23-4C58-8439-1B7016265E91): 1
LogDevObjectVersion:   Dev-Enterprise (9DFFBCD6-494F-0158-E221-12823C92A888): 10
LogDevObjectVersion:   Dev-Niagara (F2AED0AC-9AFE-416F-8664-AA7FFA26D6FC): 1
LogDevObjectVersion:   Dev-Destruction (174F1F0B-B4C6-45A5-B13F-2EE8D0FB917D): 10
LogDevObjectVersion:   Dev-Physics-Ext (35F94A83-E258-406C-A318-09F59610247C): 41
LogDevObjectVersion:   Dev-PhysicsMaterial-Chaos (B68FC16E-8B1B-42E2-B453-215C058844FE): 1
LogDevObjectVersion:   Dev-CineCamera (B2E18506-4273-CFC2-A54E-F4BB758BBA07): 1
LogDevObjectVersion:   Dev-VirtualProduction (64F58936-FD1B-42BA-BA96-7289D5D0FA4E): 1
LogDevObjectVersion:   Dev-MediaFramework (6F0ED827-A609-4895-9C91-998D90180EA4): 2
LogInit: Presizing for max 25165824 objects, including 0 objects not considered by GC, pre-allocating 0 bytes for permanent pool.
LogConfig: Applying CVar settings from Section [/Script/Engine.StreamingSettings] File [C:/Users/PC/Documents/GitHub/TasteOfMadness/TasteOfMadness/Saved/Config/Windows/Engine.ini]
LogConfig: Setting CVar [[s.MinBulkDataSizeForAsyncLoading:131072]]
LogConfig: Setting CVar [[s.AsyncLoadingThreadEnabled:0]]
LogConfig: Setting CVar [[s.EventDrivenLoaderEnabled:1]]
LogConfig: Setting CVar [[s.WarnIfTimeLimitExceeded:0]]
LogConfig: Setting CVar [[s.TimeLimitExceededMultiplier:1.5]]
LogConfig: Setting CVar [[s.TimeLimitExceededMinTime:0.005]]
LogConfig: Setting CVar [[s.UseBackgroundLevelStreaming:1]]
LogConfig: Setting CVar [[s.PriorityAsyncLoadingExtraTime:15.0]]
LogConfig: Setting CVar [[s.LevelStreamingActorsUpdateTimeLimit:5.0]]
LogConfig: Setting CVar [[s.PriorityLevelStreamingActorsUpdateExtraTime:5.0]]
LogConfig: Setting CVar [[s.LevelStreamingComponentsRegistrationGranularity:10]]
LogConfig: Setting CVar [[s.UnregisterComponentsTimeLimit:1.0]]
LogConfig: Setting CVar [[s.LevelStreamingComponentsUnregistrationGranularity:5]]
LogConfig: Setting CVar [[s.FlushStreamingOnExit:1]]
LogInit: Object subsystem initialized
LogConfig: Setting CVar [[con.DebugEarlyDefault:1]]
LogConfig: Setting CVar [[r.setres:1280x720]]
[2025.10.12-21.32.08:216][  0]LogConfig: Setting CVar [[r.VSync:0]]
[2025.10.12-21.32.08:216][  0]LogConfig: Setting CVar [[r.RHICmdBypass:0]]
[2025.10.12-21.32.08:216][  0]LogConfig: Applying CVar settings from Section [/Script/Engine.RendererSettings] File [C:/Users/PC/Documents/GitHub/TasteOfMadness/TasteOfMadness/Saved/Config/Windows/Engine.ini]
[2025.10.12-21.32.08:216][  0]LogConfig: Setting CVar [[r.GPUCrashDebugging:0]]
[2025.10.12-21.32.08:216][  0]LogConfig: Applying CVar settings from Section [/Script/Engine.RendererOverrideSettings] File [C:/Users/PC/Documents/GitHub/TasteOfMadness/TasteOfMadness/Saved/Config/Windows/Engine.ini]
[2025.10.12-21.32.08:216][  0]LogConfig: Applying CVar settings from Section [/Script/Engine.StreamingSettings] File [C:/Users/PC/Documents/GitHub/TasteOfMadness/TasteOfMadness/Saved/Config/Windows/Engine.ini]
[2025.10.12-21.32.08:216][  0]LogConfig: Setting CVar [[s.MinBulkDataSizeForAsyncLoading:131072]]
[2025.10.12-21.32.08:216][  0]LogConfig: Setting CVar [[s.AsyncLoadingThreadEnabled:0]]
[2025.10.12-21.32.08:216][  0]LogConfig: Setting CVar [[s.EventDrivenLoaderEnabled:1]]
[2025.10.12-21.32.08:216][  0]LogConfig: Setting CVar [[s.WarnIfTimeLimitExceeded:0]]
[2025.10.12-21.32.08:216][  0]LogConfig: Setting CVar [[s.TimeLimitExceededMultiplier:1.5]]
[2025.10.12-21.32.08:216][  0]LogConfig: Setting CVar [[s.TimeLimitExceededMinTime:0.005]]
[2025.10.12-21.32.08:216][  0]LogConfig: Setting CVar [[s.UseBackgroundLevelStreaming:1]]
[2025.10.12-21.32.08:216][  0]LogConfig: Setting CVar [[s.PriorityAsyncLoadingExtraTime:15.0]]
[2025.10.12-21.32.08:216][  0]LogConfig: Setting CVar [[s.LevelStreamingActorsUpdateTimeLimit:5.0]]
[2025.10.12-21.32.08:216][  0]LogConfig: Setting CVar [[s.PriorityLevelStreamingActorsUpdateExtraTime:5.0]]
[2025.10.12-21.32.08:216][  0]LogConfig: Setting CVar [[s.LevelStreamingComponentsRegistrationGranularity:10]]
[2025.10.12-21.32.08:216][  0]LogConfig: Setting CVar [[s.UnregisterComponentsTimeLimit:1.0]]
[2025.10.12-21.32.08:216][  0]LogConfig: Setting CVar [[s.LevelStreamingComponentsUnregistrationGranularity:5]]
[2025.10.12-21.32.08:216][  0]LogConfig: Setting CVar [[s.FlushStreamingOnExit:1]]
[2025.10.12-21.32.08:216][  0]LogConfig: Applying CVar settings from Section [/Script/Engine.GarbageCollectionSettings] File [C:/Users/PC/Documents/GitHub/TasteOfMadness/TasteOfMadness/Saved/Config/Windows/Engine.ini]
[2025.10.12-21.32.08:216][  0]LogConfig: Setting CVar [[gc.MaxObjectsNotConsideredByGC:1]]
[2025.10.12-21.32.08:216][  0]LogConfig: Setting CVar [[gc.SizeOfPermanentObjectPool:0]]
[2025.10.12-21.32.08:216][  0]LogConfig: Setting CVar [[gc.FlushStreamingOnGC:0]]
[2025.10.12-21.32.08:216][  0]LogConfig: Setting CVar [[gc.NumRetriesBeforeForcingGC:10]]
[2025.10.12-21.32.08:216][  0]LogConfig: Setting CVar [[gc.AllowParallelGC:1]]
[2025.10.12-21.32.08:216][  0]LogConfig: Setting CVar [[gc.TimeBetweenPurgingPendingKillObjects:61.1]]
[2025.10.12-21.32.08:216][  0]LogConfig: Setting CVar [[gc.MaxObjectsInEditor:25165824]]
[2025.10.12-21.32.08:216][  0]LogConfig: Setting CVar [[gc.IncrementalBeginDestroyEnabled:1]]
[2025.10.12-21.32.08:216][  0]LogConfig: Setting CVar [[gc.CreateGCClusters:1]]
[2025.10.12-21.32.08:216][  0]LogConfig: Setting CVar [[gc.MinGCClusterSize:5]]
[2025.10.12-21.32.08:216][  0]LogConfig: Setting CVar [[gc.ActorClusteringEnabled:0]]
[2025.10.12-21.32.08:216][  0]LogConfig: Setting CVar [[gc.BlueprintClusteringEnabled:0]]
[2025.10.12-21.32.08:216][  0]LogConfig: Setting CVar [[gc.UseDisregardForGCOnDedicatedServers:0]]
[2025.10.12-21.32.08:216][  0]LogConfig: Setting CVar [[gc.MultithreadedDestructionEnabled:1]]
[2025.10.12-21.32.08:216][  0]LogConfig: Applying CVar settings from Section [/Script/Engine.NetworkSettings] File [C:/Users/PC/Documents/GitHub/TasteOfMadness/TasteOfMadness/Saved/Config/Windows/Engine.ini]
[2025.10.12-21.32.08:216][  0]LogConfig: Applying CVar settings from Section [/Script/UnrealEd.CookerSettings] File [C:/Users/PC/Documents/GitHub/TasteOfMadness/TasteOfMadness/Saved/Config/Windows/Engine.ini]
[2025.10.12-21.32.08:232][  0]LogConfig: Applying CVar settings from Section [ViewDistanceQuality@3] File [C:/Users/PC/Documents/GitHub/TasteOfMadness/TasteOfMadness/Saved/Config/Windows/Scalability.ini]
[2025.10.12-21.32.08:232][  0]LogConfig: Setting CVar [[r.SkeletalMeshLODBias:0]]
[2025.10.12-21.32.08:232][  0]LogConfig: Setting CVar [[r.ViewDistanceScale:1.0]]
[2025.10.12-21.32.08:232][  0]LogConfig: Applying CVar settings from Section [AntiAliasingQuality@3] File [C:/Users/PC/Documents/GitHub/TasteOfMadness/TasteOfMadness/Saved/Config/Windows/Scalability.ini]
[2025.10.12-21.32.08:232][  0]LogConfig: Setting CVar [[r.PostProcessAAQuality:4]]
[2025.10.12-21.32.08:232][  0]LogConfig: Applying CVar settings from Section [ShadowQuality@3] File [C:/Users/PC/Documents/GitHub/TasteOfMadness/TasteOfMadness/Saved/Config/Windows/Scalability.ini]
[2025.10.12-21.32.08:232][  0]LogConfig: Setting CVar [[r.LightFunctionQuality:1]]
[2025.10.12-21.32.08:232][  0]LogConfig: Setting CVar [[r.ShadowQuality:5]]
[2025.10.12-21.32.08:232][  0]LogConfig: Setting CVar [[r.Shadow.CSM.MaxCascades:10]]
[2025.10.12-21.32.08:232][  0]LogConfig: Setting CVar [[r.Shadow.MaxResolution:2048]]
[2025.10.12-21.32.08:233][  0]LogConfig: Setting CVar [[r.Shadow.MaxCSMResolution:2048]]
[2025.10.12-21.32.08:233][  0]LogConfig: Setting CVar [[r.Shadow.RadiusThreshold:0.01]]
[2025.10.12-21.32.08:233][  0]LogConfig: Setting CVar [[r.Shadow.DistanceScale:1.0]]
[2025.10.12-21.32.08:233][  0]LogConfig: Setting CVar [[r.Shadow.CSM.TransitionScale:1.0]]
[2025.10.12-21.32.08:233][  0]LogConfig: Setting CVar [[r.Shadow.PreShadowResolutionFactor:1.0]]
[2025.10.12-21.32.08:233][  0]LogConfig: Setting CVar [[r.DistanceFieldShadowing:1]]
[2025.10.12-21.32.08:233][  0]LogConfig: Setting CVar [[r.DistanceFieldAO:1]]
[2025.10.12-21.32.08:233][  0]LogConfig: Setting CVar [[r.AOQuality:2]]
[2025.10.12-21.32.08:233][  0]LogConfig: Setting CVar [[r.VolumetricFog:1]]
[2025.10.12-21.32.08:233][  0]LogConfig: Setting CVar [[r.VolumetricFog.GridPixelSize:8]]
[2025.10.12-21.32.08:233][  0]LogConfig: Setting CVar [[r.VolumetricFog.GridSizeZ:128]]
[2025.10.12-21.32.08:233][  0]LogConfig: Setting CVar [[r.VolumetricFog.HistoryMissSupersampleCount:4]]
[2025.10.12-21.32.08:233][  0]LogConfig: Setting CVar [[r.LightMaxDrawDistanceScale:1]]
[2025.10.12-21.32.08:233][  0]LogConfig: Setting CVar [[r.CapsuleShadows:1]]
[2025.10.12-21.32.08:233][  0]LogConfig: Applying CVar settings from Section [PostProcessQuality@3] File [C:/Users/PC/Documents/GitHub/TasteOfMadness/TasteOfMadness/Saved/Config/Windows/Scalability.ini]
[2025.10.12-21.32.08:233][  0]LogConfig: Setting CVar [[r.MotionBlurQuality:4]]
[2025.10.12-21.32.08:233][  0]LogConfig: Setting CVar [[r.AmbientOcclusionMipLevelFactor:0.4]]
[2025.10.12-21.32.08:233][  0]LogConfig: Setting CVar [[r.AmbientOcclusionMaxQuality:100]]
[2025.10.12-21.32.08:233][  0]LogConfig: Setting CVar [[r.AmbientOcclusionLevels:-1]]
[2025.10.12-21.32.08:233][  0]LogConfig: Setting CVar [[r.AmbientOcclusionRadiusScale:1.0]]
[2025.10.12-21.32.08:233][  0]LogConfig: Setting CVar [[r.DepthOfFieldQuality:2]]
[2025.10.12-21.32.08:233][  0]LogConfig: Setting CVar [[r.RenderTargetPoolMin:400]]
[2025.10.12-21.32.08:233][  0]LogConfig: Setting CVar [[r.LensFlareQuality:2]]
[2025.10.12-21.32.08:233][  0]LogConfig: Setting CVar [[r.SceneColorFringeQuality:1]]
[2025.10.12-21.32.08:233][  0]LogConfig: Setting CVar [[r.EyeAdaptationQuality:2]]
[2025.10.12-21.32.08:233][  0]LogConfig: Setting CVar [[r.BloomQuality:5]]
[2025.10.12-21.32.08:233][  0]LogConfig: Setting CVar [[r.FastBlurThreshold:100]]
[2025.10.12-21.32.08:233][  0]LogConfig: Setting CVar [[r.Upscale.Quality:3]]
[2025.10.12-21.32.08:233][  0]LogConfig: Setting CVar [[r.Tonemapper.GrainQuantization:1]]
[2025.10.12-21.32.08:233][  0]LogConfig: Setting CVar [[r.LightShaftQuality:1]]
[2025.10.12-21.32.08:233][  0]LogConfig: Setting CVar [[r.Filter.SizeScale:1]]
[2025.10.12-21.32.08:233][  0]LogConfig: Setting CVar [[r.Tonemapper.Quality:5]]
[2025.10.12-21.32.08:233][  0]LogConfig: Setting CVar [[r.DOF.Gather.AccumulatorQuality:1        ; higher gathering accumulator quality]]
[2025.10.12-21.32.08:233][  0]LogConfig: Setting CVar [[r.DOF.Gather.PostfilterMethod:1          ; Median3x3 postfilering method]]
[2025.10.12-21.32.08:233][  0]LogConfig: Setting CVar [[r.DOF.Gather.EnableBokehSettings:0       ; no bokeh simulation when gathering]]
[2025.10.12-21.32.08:233][  0]LogConfig: Setting CVar [[r.DOF.Gather.RingCount:4                 ; medium number of samples when gathering]]
[2025.10.12-21.32.08:233][  0]LogConfig: Setting CVar [[r.DOF.Scatter.ForegroundCompositing:1    ; additive foreground scattering]]
[2025.10.12-21.32.08:233][  0]LogConfig: Setting CVar [[r.DOF.Scatter.BackgroundCompositing:2    ; additive background scattering]]
[2025.10.12-21.32.08:233][  0]LogConfig: Setting CVar [[r.DOF.Scatter.EnableBokehSettings:1      ; bokeh simulation when scattering]]
[2025.10.12-21.32.08:233][  0]LogConfig: Setting CVar [[r.DOF.Scatter.MaxSpriteRatio:0.1         ; only a maximum of 10% of scattered bokeh]]
[2025.10.12-21.32.08:233][  0]LogConfig: Setting CVar [[r.DOF.Recombine.Quality:1                ; cheap slight out of focus]]
[2025.10.12-21.32.08:233][  0]LogConfig: Setting CVar [[r.DOF.Recombine.EnableBokehSettings:0    ; no bokeh simulation on slight out of focus]]
[2025.10.12-21.32.08:233][  0]LogConfig: Setting CVar [[r.DOF.TemporalAAQuality:1                ; more stable temporal accumulation]]
[2025.10.12-21.32.08:233][  0]LogConfig: Setting CVar [[r.DOF.Kernel.MaxForegroundRadius:0.025]]
[2025.10.12-21.32.08:233][  0]LogConfig: Setting CVar [[r.DOF.Kernel.MaxBackgroundRadius:0.025]]
[2025.10.12-21.32.08:233][  0]LogConfig: Applying CVar settings from Section [TextureQuality@3] File [C:/Users/PC/Documents/GitHub/TasteOfMadness/TasteOfMadness/Saved/Config/Windows/Scalability.ini]
[2025.10.12-21.32.08:233][  0]LogConfig: Setting CVar [[r.Streaming.MipBias:0]]
[2025.10.12-21.32.08:233][  0]LogConfig: Setting CVar [[r.Streaming.AmortizeCPUToGPUCopy:0]]
[2025.10.12-21.32.08:233][  0]LogConfig: Setting CVar [[r.Streaming.MaxNumTexturesToStreamPerFrame:0]]
[2025.10.12-21.32.08:233][  0]LogConfig: Setting CVar [[r.Streaming.Boost:1]]
[2025.10.12-21.32.08:233][  0]LogConfig: Setting CVar [[r.MaxAnisotropy:8]]
[2025.10.12-21.32.08:233][  0]LogConfig: Setting CVar [[r.VT.MaxAnisotropy:8]]
[2025.10.12-21.32.08:233][  0]LogConfig: Setting CVar [[r.Streaming.LimitPoolSizeToVRAM:0]]
[2025.10.12-21.32.08:233][  0]LogConfig: Setting CVar [[r.Streaming.PoolSize:1000]]
[2025.10.12-21.32.08:233][  0]LogConfig: Setting CVar [[r.Streaming.MaxEffectiveScreenSize:0]]
[2025.10.12-21.32.08:233][  0]LogConfig: Applying CVar settings from Section [EffectsQuality@3] File [C:/Users/PC/Documents/GitHub/TasteOfMadness/TasteOfMadness/Saved/Config/Windows/Scalability.ini]
[2025.10.12-21.32.08:233][  0]LogConfig: Setting CVar [[r.TranslucencyLightingVolumeDim:64]]
[2025.10.12-21.32.08:233][  0]LogConfig: Setting CVar [[r.RefractionQuality:2]]
[2025.10.12-21.32.08:233][  0]LogConfig: Setting CVar [[r.SSR.Quality:3]]
[2025.10.12-21.32.08:233][  0]LogConfig: Setting CVar [[r.SSR.HalfResSceneColor:0]]
[2025.10.12-21.32.08:233][  0]LogConfig: Setting CVar [[r.SceneColorFormat:4]]
[2025.10.12-21.32.08:233][  0]LogConfig: Setting CVar [[r.DetailMode:2]]
[2025.10.12-21.32.08:233][  0]LogConfig: Setting CVar [[r.TranslucencyVolumeBlur:1]]
[2025.10.12-21.32.08:233][  0]LogConfig: Setting CVar [[r.MaterialQualityLevel:1 ; High quality]]
[2025.10.12-21.32.08:233][  0]LogConfig: Setting CVar [[r.AnisotropicMaterials:1]]
[2025.10.12-21.32.08:233][  0]LogConfig: Setting CVar [[r.SSS.Scale:1]]
[2025.10.12-21.32.08:233][  0]LogConfig: Setting CVar [[r.SSS.SampleSet:2]]
[2025.10.12-21.32.08:233][  0]LogConfig: Setting CVar [[r.SSS.Quality:1]]
[2025.10.12-21.32.08:233][  0]LogConfig: Setting CVar [[r.SSS.HalfRes:0]]
[2025.10.12-21.32.08:233][  0]LogConfig: Setting CVar [[r.SSGI.Quality:3]]
[2025.10.12-21.32.08:233][  0]LogConfig: Setting CVar [[r.EmitterSpawnRateScale:1.0]]
[2025.10.12-21.32.08:233][  0]LogConfig: Setting CVar [[r.ParticleLightQuality:2]]
[2025.10.12-21.32.08:233][  0]LogConfig: Setting CVar [[r.SkyAtmosphere.AerialPerspectiveLUT.FastApplyOnOpaque:1 ; Always have FastSkyLUT 1 in this case to avoid wrong sky]]
[2025.10.12-21.32.08:233][  0]LogConfig: Setting CVar [[r.SkyAtmosphere.AerialPerspectiveLUT.SampleCountMaxPerSlice:4]]
[2025.10.12-21.32.08:233][  0]LogConfig: Setting CVar [[r.SkyAtmosphere.AerialPerspectiveLUT.DepthResolution:16.0]]
[2025.10.12-21.32.08:233][  0]LogConfig: Setting CVar [[r.SkyAtmosphere.FastSkyLUT:1]]
[2025.10.12-21.32.08:233][  0]LogConfig: Setting CVar [[r.SkyAtmosphere.FastSkyLUT.SampleCountMin:4.0]]
[2025.10.12-21.32.08:233][  0]LogConfig: Setting CVar [[r.SkyAtmosphere.FastSkyLUT.SampleCountMax:128.0]]
[2025.10.12-21.32.08:233][  0]LogConfig: Setting CVar [[r.SkyAtmosphere.SampleCountMin:4.0]]
[2025.10.12-21.32.08:233][  0]LogConfig: Setting CVar [[r.SkyAtmosphere.SampleCountMax:128.0]]
[2025.10.12-21.32.08:233][  0]LogConfig: Setting CVar [[r.SkyAtmosphere.TransmittanceLUT.UseSmallFormat:0]]
[2025.10.12-21.32.08:233][  0]LogConfig: Setting CVar [[r.SkyAtmosphere.TransmittanceLUT.SampleCount:10.0]]
[2025.10.12-21.32.08:233][  0]LogConfig: Setting CVar [[r.SkyAtmosphere.MultiScatteringLUT.SampleCount:15.0]]
[2025.10.12-21.32.08:233][  0]LogConfig: Setting CVar [[r.SkyLight.RealTimeReflectionCapture:1]]
[2025.10.12-21.32.08:233][  0]LogConfig: Applying CVar settings from Section [FoliageQuality@3] File [C:/Users/PC/Documents/GitHub/TasteOfMadness/TasteOfMadness/Saved/Config/Windows/Scalability.ini]
[2025.10.12-21.32.08:233][  0]LogConfig: Setting CVar [[foliage.DensityScale:1.0]]
[2025.10.12-21.32.08:233][  0]LogConfig: Setting CVar [[grass.DensityScale:1.0]]
[2025.10.12-21.32.08:233][  0]LogConfig: Applying CVar settings from Section [ShadingQuality@3] File [C:/Users/PC/Documents/GitHub/TasteOfMadness/TasteOfMadness/Saved/Config/Windows/Scalability.ini]
[2025.10.12-21.32.08:233][  0]LogConfig: Setting CVar [[r.HairStrands.SkyLighting.IntegrationType:2]]
[2025.10.12-21.32.08:233][  0]LogConfig: Setting CVar [[r.HairStrands.SkyAO.SampleCount:4]]
[2025.10.12-21.32.08:233][  0]LogConfig: Setting CVar [[r.HairStrands.Visibility.MSAA.SamplePerPixel:4]]
[2025.10.12-21.32.08:233][  0]LogInit: Selected Device Profile: [Windows]
[2025.10.12-21.32.08:233][  0]LogInit: Applying CVar settings loaded from the selected device profile: [Windows]
[2025.10.12-21.32.08:233][  0]LogHAL: Display: Platform has ~ 24 GB [25689112576 / 34359738368 / 24], which maps to Larger [LargestMinGB=32, LargerMinGB=12, DefaultMinGB=8, SmallerMinGB=6, SmallestMinGB=0)
[2025.10.12-21.32.08:233][  0]LogInit: Going up to parent DeviceProfile []
[2025.10.12-21.32.08:233][  0]LogConfig: Applying CVar settings from Section [ViewDistanceQuality@3] File [C:/Users/PC/Documents/GitHub/TasteOfMadness/TasteOfMadness/Saved/Config/Windows/Scalability.ini]
[2025.10.12-21.32.08:233][  0]LogConfig: Setting CVar [[r.SkeletalMeshLODBias:0]]
[2025.10.12-21.32.08:233][  0]LogConfig: Setting CVar [[r.ViewDistanceScale:1.0]]
[2025.10.12-21.32.08:233][  0]LogConfig: Applying CVar settings from Section [AntiAliasingQuality@3] File [C:/Users/PC/Documents/GitHub/TasteOfMadness/TasteOfMadness/Saved/Config/Windows/Scalability.ini]
[2025.10.12-21.32.08:233][  0]LogConfig: Setting CVar [[r.PostProcessAAQuality:4]]
[2025.10.12-21.32.08:233][  0]LogConfig: Applying CVar settings from Section [ShadowQuality@3] File [C:/Users/PC/Documents/GitHub/TasteOfMadness/TasteOfMadness/Saved/Config/Windows/Scalability.ini]
[2025.10.12-21.32.08:233][  0]LogConfig: Setting CVar [[r.LightFunctionQuality:1]]
[2025.10.12-21.32.08:233][  0]LogConfig: Setting CVar [[r.ShadowQuality:5]]
[2025.10.12-21.32.08:233][  0]LogConfig: Setting CVar [[r.Shadow.CSM.MaxCascades:10]]
[2025.10.12-21.32.08:233][  0]LogConfig: Setting CVar [[r.Shadow.MaxResolution:2048]]
[2025.10.12-21.32.08:233][  0]LogConfig: Setting CVar [[r.Shadow.MaxCSMResolution:2048]]
[2025.10.12-21.32.08:233][  0]LogConfig: Setting CVar [[r.Shadow.RadiusThreshold:0.01]]
[2025.10.12-21.32.08:233][  0]LogConfig: Setting CVar [[r.Shadow.DistanceScale:1.0]]
[2025.10.12-21.32.08:233][  0]LogConfig: Setting CVar [[r.Shadow.CSM.TransitionScale:1.0]]
[2025.10.12-21.32.08:233][  0]LogConfig: Setting CVar [[r.Shadow.PreShadowResolutionFactor:1.0]]
[2025.10.12-21.32.08:233][  0]LogConfig: Setting CVar [[r.DistanceFieldShadowing:1]]
[2025.10.12-21.32.08:233][  0]LogConfig: Setting CVar [[r.DistanceFieldAO:1]]
[2025.10.12-21.32.08:234][  0]LogConfig: Setting CVar [[r.AOQuality:2]]
[2025.10.12-21.32.08:234][  0]LogConfig: Setting CVar [[r.VolumetricFog:1]]
[2025.10.12-21.32.08:234][  0]LogConfig: Setting CVar [[r.VolumetricFog.GridPixelSize:8]]
[2025.10.12-21.32.08:234][  0]LogConfig: Setting CVar [[r.VolumetricFog.GridSizeZ:128]]
[2025.10.12-21.32.08:234][  0]LogConfig: Setting CVar [[r.VolumetricFog.HistoryMissSupersampleCount:4]]
[2025.10.12-21.32.08:234][  0]LogConfig: Setting CVar [[r.LightMaxDrawDistanceScale:1]]
[2025.10.12-21.32.08:234][  0]LogConfig: Setting CVar [[r.CapsuleShadows:1]]
[2025.10.12-21.32.08:234][  0]LogConfig: Applying CVar settings from Section [PostProcessQuality@3] File [C:/Users/PC/Documents/GitHub/TasteOfMadness/TasteOfMadness/Saved/Config/Windows/Scalability.ini]
[2025.10.12-21.32.08:234][  0]LogConfig: Setting CVar [[r.MotionBlurQuality:4]]
[2025.10.12-21.32.08:234][  0]LogConfig: Setting CVar [[r.AmbientOcclusionMipLevelFactor:0.4]]
[2025.10.12-21.32.08:234][  0]LogConfig: Setting CVar [[r.AmbientOcclusionMaxQuality:100]]
[2025.10.12-21.32.08:234][  0]LogConfig: Setting CVar [[r.AmbientOcclusionLevels:-1]]
[2025.10.12-21.32.08:234][  0]LogConfig: Setting CVar [[r.AmbientOcclusionRadiusScale:1.0]]
[2025.10.12-21.32.08:234][  0]LogConfig: Setting CVar [[r.DepthOfFieldQuality:2]]
[2025.10.12-21.32.08:234][  0]LogConfig: Setting CVar [[r.RenderTargetPoolMin:400]]
[2025.10.12-21.32.08:234][  0]LogConfig: Setting CVar [[r.LensFlareQuality:2]]
[2025.10.12-21.32.08:234][  0]LogConfig: Setting CVar [[r.SceneColorFringeQuality:1]]
[2025.10.12-21.32.08:234][  0]LogConfig: Setting CVar [[r.EyeAdaptationQuality:2]]
[2025.10.12-21.32.08:234][  0]LogConfig: Setting CVar [[r.BloomQuality:5]]
[2025.10.12-21.32.08:234][  0]LogConfig: Setting CVar [[r.FastBlurThreshold:100]]
[2025.10.12-21.32.08:234][  0]LogConfig: Setting CVar [[r.Upscale.Quality:3]]
[2025.10.12-21.32.08:234][  0]LogConfig: Setting CVar [[r.Tonemapper.GrainQuantization:1]]
[2025.10.12-21.32.08:234][  0]LogConfig: Setting CVar [[r.LightShaftQuality:1]]
[2025.10.12-21.32.08:234][  0]LogConfig: Setting CVar [[r.Filter.SizeScale:1]]
[2025.10.12-21.32.08:234][  0]LogConfig: Setting CVar [[r.Tonemapper.Quality:5]]
[2025.10.12-21.32.08:234][  0]LogConfig: Setting CVar [[r.DOF.Gather.AccumulatorQuality:1        ; higher gathering accumulator quality]]
[2025.10.12-21.32.08:234][  0]LogConfig: Setting CVar [[r.DOF.Gather.PostfilterMethod:1          ; Median3x3 postfilering method]]
[2025.10.12-21.32.08:234][  0]LogConfig: Setting CVar [[r.DOF.Gather.EnableBokehSettings:0       ; no bokeh simulation when gathering]]
[2025.10.12-21.32.08:234][  0]LogConfig: Setting CVar [[r.DOF.Gather.RingCount:4                 ; medium number of samples when gathering]]
[2025.10.12-21.32.08:234][  0]LogConfig: Setting CVar [[r.DOF.Scatter.ForegroundCompositing:1    ; additive foreground scattering]]
[2025.10.12-21.32.08:234][  0]LogConfig: Setting CVar [[r.DOF.Scatter.BackgroundCompositing:2    ; additive background scattering]]
[2025.10.12-21.32.08:234][  0]LogConfig: Setting CVar [[r.DOF.Scatter.EnableBokehSettings:1      ; bokeh simulation when scattering]]
[2025.10.12-21.32.08:234][  0]LogConfig: Setting CVar [[r.DOF.Scatter.MaxSpriteRatio:0.1         ; only a maximum of 10% of scattered bokeh]]
[2025.10.12-21.32.08:234][  0]LogConfig: Setting CVar [[r.DOF.Recombine.Quality:1                ; cheap slight out of focus]]
[2025.10.12-21.32.08:234][  0]LogConfig: Setting CVar [[r.DOF.Recombine.EnableBokehSettings:0    ; no bokeh simulation on slight out of focus]]
[2025.10.12-21.32.08:234][  0]LogConfig: Setting CVar [[r.DOF.TemporalAAQuality:1                ; more stable temporal accumulation]]
[2025.10.12-21.32.08:234][  0]LogConfig: Setting CVar [[r.DOF.Kernel.MaxForegroundRadius:0.025]]
[2025.10.12-21.32.08:234][  0]LogConfig: Setting CVar [[r.DOF.Kernel.MaxBackgroundRadius:0.025]]
[2025.10.12-21.32.08:234][  0]LogConfig: Applying CVar settings from Section [TextureQuality@3] File [C:/Users/PC/Documents/GitHub/TasteOfMadness/TasteOfMadness/Saved/Config/Windows/Scalability.ini]
[2025.10.12-21.32.08:234][  0]LogConfig: Setting CVar [[r.Streaming.MipBias:0]]
[2025.10.12-21.32.08:234][  0]LogConfig: Setting CVar [[r.Streaming.AmortizeCPUToGPUCopy:0]]
[2025.10.12-21.32.08:234][  0]LogConfig: Setting CVar [[r.Streaming.MaxNumTexturesToStreamPerFrame:0]]
[2025.10.12-21.32.08:234][  0]LogConfig: Setting CVar [[r.Streaming.Boost:1]]
[2025.10.12-21.32.08:234][  0]LogConfig: Setting CVar [[r.MaxAnisotropy:8]]
[2025.10.12-21.32.08:234][  0]LogConfig: Setting CVar [[r.VT.MaxAnisotropy:8]]
[2025.10.12-21.32.08:234][  0]LogConfig: Setting CVar [[r.Streaming.LimitPoolSizeToVRAM:0]]
[2025.10.12-21.32.08:234][  0]LogConfig: Setting CVar [[r.Streaming.PoolSize:1000]]
[2025.10.12-21.32.08:234][  0]LogConfig: Setting CVar [[r.Streaming.MaxEffectiveScreenSize:0]]
[2025.10.12-21.32.08:234][  0]LogConfig: Applying CVar settings from Section [EffectsQuality@3] File [C:/Users/PC/Documents/GitHub/TasteOfMadness/TasteOfMadness/Saved/Config/Windows/Scalability.ini]
[2025.10.12-21.32.08:234][  0]LogConfig: Setting CVar [[r.TranslucencyLightingVolumeDim:64]]
[2025.10.12-21.32.08:234][  0]LogConfig: Setting CVar [[r.RefractionQuality:2]]
[2025.10.12-21.32.08:234][  0]LogConfig: Setting CVar [[r.SSR.Quality:3]]
[2025.10.12-21.32.08:234][  0]LogConfig: Setting CVar [[r.SSR.HalfResSceneColor:0]]
[2025.10.12-21.32.08:234][  0]LogConfig: Setting CVar [[r.SceneColorFormat:4]]
[2025.10.12-21.32.08:234][  0]LogConfig: Setting CVar [[r.DetailMode:2]]
[2025.10.12-21.32.08:234][  0]LogConfig: Setting CVar [[r.TranslucencyVolumeBlur:1]]
[2025.10.12-21.32.08:234][  0]LogConfig: Setting CVar [[r.MaterialQualityLevel:1 ; High quality]]
[2025.10.12-21.32.08:234][  0]LogConfig: Setting CVar [[r.AnisotropicMaterials:1]]
[2025.10.12-21.32.08:234][  0]LogConfig: Setting CVar [[r.SSS.Scale:1]]
[2025.10.12-21.32.08:234][  0]LogConfig: Setting CVar [[r.SSS.SampleSet:2]]
[2025.10.12-21.32.08:234][  0]LogConfig: Setting CVar [[r.SSS.Quality:1]]
[2025.10.12-21.32.08:234][  0]LogConfig: Setting CVar [[r.SSS.HalfRes:0]]
[2025.10.12-21.32.08:234][  0]LogConfig: Setting CVar [[r.SSGI.Quality:3]]
[2025.10.12-21.32.08:234][  0]LogConfig: Setting CVar [[r.EmitterSpawnRateScale:1.0]]
[2025.10.12-21.32.08:234][  0]LogConfig: Setting CVar [[r.ParticleLightQuality:2]]
[2025.10.12-21.32.08:234][  0]LogConfig: Setting CVar [[r.SkyAtmosphere.AerialPerspectiveLUT.FastApplyOnOpaque:1 ; Always have FastSkyLUT 1 in this case to avoid wrong sky]]
[2025.10.12-21.32.08:234][  0]LogConfig: Setting CVar [[r.SkyAtmosphere.AerialPerspectiveLUT.SampleCountMaxPerSlice:4]]
[2025.10.12-21.32.08:234][  0]LogConfig: Setting CVar [[r.SkyAtmosphere.AerialPerspectiveLUT.DepthResolution:16.0]]
[2025.10.12-21.32.08:234][  0]LogConfig: Setting CVar [[r.SkyAtmosphere.FastSkyLUT:1]]
[2025.10.12-21.32.08:234][  0]LogConfig: Setting CVar [[r.SkyAtmosphere.FastSkyLUT.SampleCountMin:4.0]]
[2025.10.12-21.32.08:234][  0]LogConfig: Setting CVar [[r.SkyAtmosphere.FastSkyLUT.SampleCountMax:128.0]]
[2025.10.12-21.32.08:234][  0]LogConfig: Setting CVar [[r.SkyAtmosphere.SampleCountMin:4.0]]
[2025.10.12-21.32.08:234][  0]LogConfig: Setting CVar [[r.SkyAtmosphere.SampleCountMax:128.0]]
[2025.10.12-21.32.08:234][  0]LogConfig: Setting CVar [[r.SkyAtmosphere.TransmittanceLUT.UseSmallFormat:0]]
[2025.10.12-21.32.08:234][  0]LogConfig: Setting CVar [[r.SkyAtmosphere.TransmittanceLUT.SampleCount:10.0]]
[2025.10.12-21.32.08:234][  0]LogConfig: Setting CVar [[r.SkyAtmosphere.MultiScatteringLUT.SampleCount:15.0]]
[2025.10.12-21.32.08:234][  0]LogConfig: Setting CVar [[r.SkyLight.RealTimeReflectionCapture:1]]
[2025.10.12-21.32.08:234][  0]LogConfig: Applying CVar settings from Section [FoliageQuality@3] File [C:/Users/PC/Documents/GitHub/TasteOfMadness/TasteOfMadness/Saved/Config/Windows/Scalability.ini]
[2025.10.12-21.32.08:234][  0]LogConfig: Setting CVar [[foliage.DensityScale:1.0]]
[2025.10.12-21.32.08:234][  0]LogConfig: Setting CVar [[grass.DensityScale:1.0]]
[2025.10.12-21.32.08:234][  0]LogConfig: Applying CVar settings from Section [ShadingQuality@3] File [C:/Users/PC/Documents/GitHub/TasteOfMadness/TasteOfMadness/Saved/Config/Windows/Scalability.ini]
[2025.10.12-21.32.08:234][  0]LogConfig: Setting CVar [[r.HairStrands.SkyLighting.IntegrationType:2]]
[2025.10.12-21.32.08:234][  0]LogConfig: Setting CVar [[r.HairStrands.SkyAO.SampleCount:4]]
[2025.10.12-21.32.08:234][  0]LogConfig: Setting CVar [[r.HairStrands.Visibility.MSAA.SamplePerPixel:4]]
[2025.10.12-21.32.08:234][  0]LogConfig: Applying CVar settings from Section [Startup] File [../../../Engine/Config/ConsoleVariables.ini]
[2025.10.12-21.32.08:234][  0]LogConfig: Setting CVar [[net.UseAdaptiveNetUpdateFrequency:0]]
[2025.10.12-21.32.08:234][  0]LogConfig: Setting CVar [[p.chaos.AllowCreatePhysxBodies:1]]
[2025.10.12-21.32.08:234][  0]LogConfig: Setting CVar [[fx.SkipVectorVMBackendOptimizations:1]]
[2025.10.12-21.32.08:234][  0]LogConfig: Applying CVar settings from Section [ConsoleVariables] File [C:/Users/PC/Documents/GitHub/TasteOfMadness/TasteOfMadness/Saved/Config/Windows/Engine.ini]
[2025.10.12-21.32.08:234][  0]LogConfig: Applying CVar settings from Section [ConsoleVariables] File [C:/Users/PC/Documents/GitHub/TasteOfMadness/TasteOfMadness/Saved/Config/Windows/Editor.ini]
[2025.10.12-21.32.08:234][  0]LogInit: Computer: DESKTOP-QFES4I7
[2025.10.12-21.32.08:234][  0]LogInit: User: PC
[2025.10.12-21.32.08:234][  0]LogInit: CPU Page size=4096, Cores=6
[2025.10.12-21.32.08:234][  0]LogInit: High frequency timer resolution =10.000000 MHz
[2025.10.12-21.32.08:234][  0]LogMemory: Memory total: Physical=23.9GB (24GB approx)
[2025.10.12-21.32.08:234][  0]LogMemory: Platform Memory Stats for Windows
[2025.10.12-21.32.08:235][  0]LogMemory: Process Physical Memory: 145.55 MB used, 145.55 MB peak
[2025.10.12-21.32.08:235][  0]LogMemory: Process Virtual Memory: 129.68 MB used, 129.68 MB peak
[2025.10.12-21.32.08:235][  0]LogMemory: Physical Memory: 10675.04 MB used,  13824.01 MB free, 24499.05 MB total
[2025.10.12-21.32.08:235][  0]LogMemory: Virtual Memory: 134203080.00 MB used,  14650.08 MB free, 134217728.00 MB total
[2025.10.12-21.32.08:239][  0]LogWindows: WindowsPlatformFeatures enabled
[2025.10.12-21.32.08:268][  0]LogInit: Physics initialised using underlying interface: PhysX
[2025.10.12-21.32.08:268][  0]LogInit: Overriding language with editor language configuration option (en).
[2025.10.12-21.32.08:268][  0]LogInit: Overriding language with editor locale configuration option (en).
[2025.10.12-21.32.08:394][  0]LogInit: Setting process to per monitor DPI aware
[2025.10.12-21.32.08:404][  0]LogWindowsTextInputMethodSystem: Display: IME system deactivated.
[2025.10.12-21.32.08:415][  0]LogSlate: New Slate User Created.  User Index 0, Is Virtual User: 0
[2025.10.12-21.32.08:415][  0]LogSlate: Slate User Registered.  User Index 0, Is Virtual User: 0
[2025.10.12-21.32.08:506][  0]LogD3D11RHI: Loaded GFSDK_Aftermath_Lib.x64.dll
[2025.10.12-21.32.08:509][  0]LogHMD: Failed to initialize OpenVR with code 110
[2025.10.12-21.32.08:509][  0]LogD3D11RHI: D3D11 min allowed feature level: 11_0
[2025.10.12-21.32.08:509][  0]LogD3D11RHI: D3D11 max allowed feature level: 11_0
[2025.10.12-21.32.08:509][  0]LogD3D11RHI: D3D11 adapters:
[2025.10.12-21.32.08:659][  0]LogD3D11RHI:    0. 'NVIDIA GeForce RTX 3060' (Feature Level 11_0)
[2025.10.12-21.32.08:659][  0]LogD3D11RHI:       12115/0/12249 MB DedicatedVideo/DedicatedSystem/SharedSystem, Outputs:1, VendorId:0x10de
[2025.10.12-21.32.08:660][  0]LogD3D11RHI:    1. 'Microsoft Basic Render Driver' (Feature Level 11_0)
[2025.10.12-21.32.08:660][  0]LogD3D11RHI:       0/0/12249 MB DedicatedVideo/DedicatedSystem/SharedSystem, Outputs:0, VendorId:0x1414
[2025.10.12-21.32.08:660][  0]LogD3D11RHI: Chosen D3D11 Adapter:
[2025.10.12-21.32.08:660][  0]LogD3D11RHI:     Description : NVIDIA GeForce RTX 3060
[2025.10.12-21.32.08:660][  0]LogD3D11RHI:     VendorId    : 10de
[2025.10.12-21.32.08:660][  0]LogD3D11RHI:     DeviceId    : 2504
[2025.10.12-21.32.08:660][  0]LogD3D11RHI:     SubSysId    : 397d1462
[2025.10.12-21.32.08:660][  0]LogD3D11RHI:     Revision    : 00a1
[2025.10.12-21.32.08:660][  0]LogD3D11RHI:     DedicatedVideoMemory : 12703498240 bytes
[2025.10.12-21.32.08:660][  0]LogD3D11RHI:     DedicatedSystemMemory : 0 bytes
[2025.10.12-21.32.08:660][  0]LogD3D11RHI:     SharedSystemMemory : 12844556288 bytes
[2025.10.12-21.32.08:660][  0]LogD3D11RHI:     AdapterLuid : 0 78811
[2025.10.12-21.32.08:666][  0]LogD3D11RHI: Creating new Direct3DDevice
[2025.10.12-21.32.08:666][  0]LogD3D11RHI:     GPU DeviceId: 0x2504 (for the marketing name, search the web for "GPU Device Id")
[2025.10.12-21.32.08:666][  0]LogWindows: EnumDisplayDevices:
[2025.10.12-21.32.08:667][  0]LogWindows:    0. 'NVIDIA GeForce RTX 3060' (P:1 D:1)
[2025.10.12-21.32.08:667][  0]LogWindows:    1. 'NVIDIA GeForce RTX 3060' (P:0 D:0)
[2025.10.12-21.32.08:667][  0]LogWindows:    2. 'NVIDIA GeForce RTX 3060' (P:0 D:0)
[2025.10.12-21.32.08:667][  0]LogWindows:    3. 'NVIDIA GeForce RTX 3060' (P:0 D:0)
[2025.10.12-21.32.08:667][  0]LogWindows: DebugString: FoundDriverCount:4 
[2025.10.12-21.32.08:667][  0]LogD3D11RHI:     Adapter Name: NVIDIA GeForce RTX 3060
[2025.10.12-21.32.08:667][  0]LogD3D11RHI:   Driver Version: 581.29 (internal:32.0.15.8129, unified:581.29)
[2025.10.12-21.32.08:667][  0]LogD3D11RHI:      Driver Date: 9-5-2025
[2025.10.12-21.32.08:667][  0]LogRHI: Texture pool is 8480 MB (70% of 12115 MB)
[2025.10.12-21.32.08:667][  0]LogD3D11RHI: Creating D3DDevice using adapter:
[2025.10.12-21.32.08:667][  0]LogD3D11RHI:     Description : NVIDIA GeForce RTX 3060
[2025.10.12-21.32.08:667][  0]LogD3D11RHI:     VendorId    : 10de
[2025.10.12-21.32.08:667][  0]LogD3D11RHI:     DeviceId    : 2504
[2025.10.12-21.32.08:667][  0]LogD3D11RHI:     SubSysId    : 397d1462
[2025.10.12-21.32.08:667][  0]LogD3D11RHI:     Revision    : 00a1
[2025.10.12-21.32.08:667][  0]LogD3D11RHI:     DedicatedVideoMemory : 12703498240 bytes
[2025.10.12-21.32.08:667][  0]LogD3D11RHI:     DedicatedSystemMemory : 0 bytes
[2025.10.12-21.32.08:667][  0]LogD3D11RHI:     SharedSystemMemory : 12844556288 bytes
[2025.10.12-21.32.08:667][  0]LogD3D11RHI:     AdapterLuid : 0 78811
[2025.10.12-21.32.08:781][  0]LogD3D11RHI: RHI has support for 64 bit atomics
[2025.10.12-21.32.08:781][  0]LogD3D11RHI: Async texture creation enabled
[2025.10.12-21.32.08:781][  0]LogD3D11RHI: Array index from any shader is supported
[2025.10.12-21.32.08:795][  0]LogD3D11RHI: GPU Timing Frequency: 1000.000000 (Debug: 2 1)
[2025.10.12-21.32.08:818][  0]LogRHI: GeForceNow SDK initialized: 1
[2025.10.12-21.32.09:023][  0]LogTargetPlatformManager: Display: Loaded TargetPlatform 'AllDesktop'
[2025.10.12-21.32.09:039][  0]LogTargetPlatformManager: Display: Loaded TargetPlatform 'Android'
[2025.10.12-21.32.09:039][  0]LogTargetPlatformManager: Display: Loaded TargetPlatform 'Android_ASTC'
[2025.10.12-21.32.09:039][  0]LogTargetPlatformManager: Display: Loaded TargetPlatform 'Android_DXT'
[2025.10.12-21.32.09:039][  0]LogTargetPlatformManager: Display: Loaded TargetPlatform 'Android_ETC2'
[2025.10.12-21.32.09:039][  0]LogTargetPlatformManager: Display: Loaded TargetPlatform 'AndroidClient'
[2025.10.12-21.32.09:039][  0]LogTargetPlatformManager: Display: Loaded TargetPlatform 'Android_ASTCClient'
[2025.10.12-21.32.09:039][  0]LogTargetPlatformManager: Display: Loaded TargetPlatform 'Android_DXTClient'
[2025.10.12-21.32.09:039][  0]LogTargetPlatformManager: Display: Loaded TargetPlatform 'Android_ETC2Client'
[2025.10.12-21.32.09:039][  0]LogTargetPlatformManager: Display: Loaded TargetPlatform 'Android_Multi'
[2025.10.12-21.32.09:039][  0]LogTargetPlatformManager: Display: Loaded TargetPlatform 'Android_MultiClient'
[2025.10.12-21.32.09:052][  0]LogTargetPlatformManager: Display: Loaded TargetPlatform 'IOSClient'
[2025.10.12-21.32.09:052][  0]LogTargetPlatformManager: Display: Loaded TargetPlatform 'IOS'
[2025.10.12-21.32.09:058][  0]LogTargetPlatformManager: Display: Loaded TargetPlatform 'Linux'
[2025.10.12-21.32.09:061][  0]LogTargetPlatformManager: Display: Loaded TargetPlatform 'LinuxNoEditor'
[2025.10.12-21.32.09:064][  0]LogTargetPlatformManager: Display: Loaded TargetPlatform 'LinuxClient'
[2025.10.12-21.32.09:067][  0]LogTargetPlatformManager: Display: Loaded TargetPlatform 'LinuxServer'
[2025.10.12-21.32.09:074][  0]LogTargetPlatformManager: Display: Loaded TargetPlatform 'LinuxAArch64NoEditor'
[2025.10.12-21.32.09:077][  0]LogTargetPlatformManager: Display: Loaded TargetPlatform 'LinuxAArch64Client'
[2025.10.12-21.32.09:080][  0]LogTargetPlatformManager: Display: Loaded TargetPlatform 'LinuxAArch64Server'
[2025.10.12-21.32.09:096][  0]LogTargetPlatformManager: Display: Loaded TargetPlatform 'Lumin'
[2025.10.12-21.32.09:096][  0]LogTargetPlatformManager: Display: Loaded TargetPlatform 'LuminClient'
[2025.10.12-21.32.09:101][  0]LogTargetPlatformManager: Display: Loaded TargetPlatform 'MacNoEditor'
[2025.10.12-21.32.09:104][  0]LogTargetPlatformManager: Display: Loaded TargetPlatform 'Mac'
[2025.10.12-21.32.09:107][  0]LogTargetPlatformManager: Display: Loaded TargetPlatform 'MacClient'
[2025.10.12-21.32.09:111][  0]LogTargetPlatformManager: Display: Loaded TargetPlatform 'MacServer'
[2025.10.12-21.32.09:117][  0]LogTargetPlatformManager: Display: Loaded TargetPlatform 'TVOSClient'
[2025.10.12-21.32.09:117][  0]LogTargetPlatformManager: Display: Loaded TargetPlatform 'TVOS'
[2025.10.12-21.32.09:123][  0]LogTargetPlatformManager: Display: Loaded TargetPlatform 'WindowsNoEditor'
[2025.10.12-21.32.09:127][  0]LogTargetPlatformManager: Display: Loaded TargetPlatform 'Windows'
[2025.10.12-21.32.09:130][  0]LogTargetPlatformManager: Display: Loaded TargetPlatform 'WindowsClient'
[2025.10.12-21.32.09:133][  0]LogTargetPlatformManager: Display: Loaded TargetPlatform 'WindowsServer'
[2025.10.12-21.32.09:133][  0]LogTargetPlatformManager: Display: Building Assets For Windows
[2025.10.12-21.32.09:137][  0]LogAudioDebug: Display: Lib vorbis DLL was dynamically loaded.
[2025.10.12-21.32.09:158][  0]LogTextureFormatOodle: Display: Oodle Texture 2.9.0 init RDO Off
[2025.10.12-21.32.09:179][  0]LogRendererCore: Ray tracing is disabled. Reason: r.RayTracing=0.
[2025.10.12-21.32.09:179][  0]LogShaderCompilers: Guid format shader working directory is -15 characters bigger than the processId version (C:/Users/PC/Documents/GitHub/TasteOfMadness/TasteOfMadness/Intermediate/Shaders/WorkingDirectory/7704/).
[2025.10.12-21.32.09:179][  0]LogShaderCompilers: Cleaned the shader compiler working directory 'C:/Users/PC/AppData/Local/Temp/UnrealShaderWorkingDir/68195A48465D2F6E8F01C7A58659F192/'.
[2025.10.12-21.32.09:179][  0]LogXGEController: Cannot use XGE Controller as Incredibuild is not installed on this machine.
[2025.10.12-21.32.09:179][  0]LogShaderCompilers: Cannot use XGE Shader Compiler as Incredibuild is not installed on this machine.
[2025.10.12-21.32.09:179][  0]LogShaderCompilers: Display: Using Local Shader Compiler.
[2025.10.12-21.32.09:726][  0]LogDerivedDataCache: Display: Max Cache Size: 512 MB
[2025.10.12-21.32.09:766][  0]LogDerivedDataCache: Loaded boot cache 0.04s 94MB C:/Users/PC/AppData/Local/UnrealEngine/4.27/DerivedDataCache/Boot.ddc.
[2025.10.12-21.32.09:766][  0]LogDerivedDataCache: Display: Loaded Boot cache: C:/Users/PC/AppData/Local/UnrealEngine/4.27/DerivedDataCache/Boot.ddc
[2025.10.12-21.32.09:766][  0]LogDerivedDataCache: FDerivedDataBackendGraph:  Pak pak cache file C:/Users/PC/Documents/GitHub/TasteOfMadness/TasteOfMadness/DerivedDataCache/DDC.ddp not found, will not use a pak cache.
[2025.10.12-21.32.09:766][  0]LogDerivedDataCache: Unable to find inner node Pak for hierarchical cache Hierarchy.
[2025.10.12-21.32.09:766][  0]LogDerivedDataCache: FDerivedDataBackendGraph:  CompressedPak pak cache file C:/Users/PC/Documents/GitHub/TasteOfMadness/TasteOfMadness/DerivedDataCache/Compressed.ddp not found, will not use a pak cache.
[2025.10.12-21.32.09:766][  0]LogDerivedDataCache: Unable to find inner node CompressedPak for hierarchical cache Hierarchy.
[2025.10.12-21.32.09:781][  0]LogDerivedDataCache: Display: Pak cache opened for reading ../../../Engine/DerivedDataCache/Compressed.ddp.
[2025.10.12-21.32.09:781][  0]LogDerivedDataCache: FDerivedDataBackendGraph:  EnterprisePak pak cache file ../../../Enterprise/DerivedDataCache/Compressed.ddp not found, will not use a pak cache.
[2025.10.12-21.32.09:781][  0]LogDerivedDataCache: Unable to find inner node EnterprisePak for hierarchical cache Hierarchy.
[2025.10.12-21.32.09:787][  0]LogDerivedDataCache: Speed tests for C:/Users/PC/AppData/Local/UnrealEngine/Common/DerivedDataCache took 0.01 seconds
[2025.10.12-21.32.09:787][  0]LogDerivedDataCache: Display: Performance to C:/Users/PC/AppData/Local/UnrealEngine/Common/DerivedDataCache: Latency=0.02ms. RandomReadSpeed=1523.83MBs, RandomWriteSpeed=187.04MBs. Assigned SpeedClass 'Local'
[2025.10.12-21.32.09:788][  0]LogDerivedDataCache: Using Local data cache path C:/Users/PC/AppData/Local/UnrealEngine/Common/DerivedDataCache: Writable
[2025.10.12-21.32.09:788][  0]LogDerivedDataCache: Shared data cache path not found in *engine.ini, will not use an Shared cache.
[2025.10.12-21.32.09:788][  0]LogDerivedDataCache: Unable to find inner node Shared for hierarchical cache Hierarchy.
[2025.10.12-21.32.09:826][  0]LogSlate: Using FreeType 2.10.0
[2025.10.12-21.32.09:826][  0]LogSlate: SlateFontServices - WITH_FREETYPE: 1, WITH_HARFBUZZ: 1
[2025.10.12-21.32.09:849][  0]LogAssetRegistry: FAssetRegistry took 0.0026 seconds to start up
[2025.10.12-21.32.10:046][  0]LogInit: Selected Device Profile: [Windows]
[2025.10.12-21.32.10:046][  0]LogInit: Active device profile: [000001FB54B44B00][000001FB52810B40 49] Windows
[2025.10.12-21.32.10:046][  0]LogInit: Profiles: [000001FB54B44B00][000001FB52810B40 49] Windows, [000001FB54B06200][000001FB52896CC0 49] WindowsNoEditor, [000001FB54B45900][000001FB5289AE40 49] WindowsServer, [000001FB54B06F00][000001FB5289EFC0 49] WindowsClient, [000001FB54B47C00][000001FB528A3140 49] IOS, [000001FB54B04F00][000001FB528A72C0 49] iPadAir, [000001FB54B47E00][000001FB519CF440 49] iPadAir2, [000001FB54A90D00][000001FB519D3700 49] IPadPro, [000001FB54A90E00][000001FB520AB740 49] iPadAir3, [000001FB54B07C00][000001FB519D78C0 49] iPadAir4, [000001FB54A93700][000001FB48DDFA40 49] iPadMini2, [000001FB54B07200][000001FB494E9BC0 49] iPadMini3, [000001FB54A93900][000001FB494F01C0 49] iPadMini4, [000001FB54B07600][000001FB494F4340 49] iPadMini5, [000001FB54AB0600][000001FB494FC600 49] iPhone6, [000001FB54AB0700][000001FB494F8640 49] iPodTouch6, [000001FB54B46600][000001FB52148900 49] iPhone7, [000001FB54B46800][000001FB49504940 49] iPodTouch7, [000001FB54AB0100][000001FB52892A80 49] iPhone5S, [000001FB54A90700][000001FB5287ABC0 49] iPhone6Plus, [000001FB54AB2500][000001FB5288AD00 49] iPhone6S, [000001FB54A91400][000001FB52274E80 49] iPhone6SPlus, [000001FB54AB3B00][000001FB52279000 49] iPhone7Plus, [000001FB54A93600][000001FB522ED180 49] iPhoneSE, [000001FB54B46C00][000001FB522F1300 49] iPhone8, [000001FB54A90600][000001FB522F5480 49] iPhone8Plus, [000001FB54B46100][000001FB522F9600 49] iPhoneX, [000001FB54A92900][000001FB522FD780 49] iPhoneXS, [000001FB54B47D00][000001FB52301900 49] iPhoneXSMax, [000001FB54A92E00][000001FB52305A80 49] iPhoneXR, [000001FB54B47F00][000001FB52309C00 49] iPhone11, [000001FB54A91F00][000001FB52320200 49] iPhone11Pro, [000001FB54B44600][000001FB52358380 49] iPhone11ProMax, [000001FB54A92000][000001FB52398500 49] iPhoneSE2, [000001FB54B47A00][000001FB5239C680 49] iPhone12Mini, [000001FB54A92700][000001FB523A0800 49] iPhone12, [000001FB54B46A00][000001FB523A4980 49] iPhone12Pro, [000001FB54A90500][000001FB523ACB00 49] iPhone12ProMax, [000001FB54B47900][000001FB5288EC40 49] iPadPro105, [000001FB54A91800][000001FB523B0D80 49] iPadPro129, [000001FB54B44C00][000001FB523B4EC0 49] iPadPro97, [000001FB54A92400][000001FB52033040 49] iPadPro2_129, [000001FB54B44800][000001FB520371C0 49] iPad5, [000001FB54A90400][000001FB5203B340 49] iPad6, [000001FB54B45B00][000001FB523A94C0 49] iPad7, [000001FB54A93500][000001FB5203F640 49] iPad8, [000001FB54B45F00][000001FB520437C0 49] iPadPro11, [000001FB54A91A00][000001FB52047940 49] iPadPro2_11, [000001FB54B46500][000001FB5204BAC0 49] iPadPro3_129, [000001FB54A92200][000001FB523C40C0 49] iPadPro4_129, [000001FB54B45600][000001FB523C8240 49] AppleTV, [000001FB54A93D00][000001FB523CC3C0 49] AppleTV4K, [000001FB54B45A00][000001FB523D0540 49] TVOS, [000001FB54A90A00][000001FB523D46C0 49] Mac, [000001FB54B46400][000001FB523D8840 49] MacClient, [000001FB54A92C00][000001FB519AA9C0 49] MacNoEditor, [000001FB54B47500][000001FB519AEB40 49] MacServer, [000001FB54A92300][000001FB527ACCC0 49] Linux, [000001FB54B44300][000001FB5202EE00 49] LinuxAArch64, [000001FB54A92100][000001FB48DE2F40 49] LinuxNoEditor, [000001FB54B46300][000001FB527A9080 49] LinuxAArch64NoEditor, [000001FB54A93C00][000001FB495011C0 49] LinuxClient, [000001FB54B44F00][000001FB519B7340 49] LinuxAArch64Client, [000001FB54A91200][000001FB519BB4C0 49] LinuxServer, [000001FB54B47000][000001FB519BF640 49] LinuxAArch64Server, [000001FB54A91600][000001FB519C37C0 49] Android, [000001FB54B45200][000001FB519C7940 49] Android_Low, [000001FB54A93E00][000001FB519CBAC0 49] Android_Mid, [000001FB54B44100][000001FB527B80C0 49] Android_High, [000001FB54A92A00][000001FB527BC240 49] Android_Default, [000001FB54B45300][000001FB527C03C0 49] Android_Adreno4xx, [000001FB54B06400][000001FB527C4540 49] Android_Adreno5xx_Low, [000001FB54AB1C00][000001FB527C86C0 49] Android_Adreno5xx, [000001FB54B07F00][000001FB527CC840 49] Android_Adreno6xx, [000001FB54AB2700][000001FB527D09C0 49] Android_Adreno6xx_Vulkan, [000001FB54B07700][000001FB527D4B40 49] Android_Mali_T6xx, [000001FB54AB0F00][000001FB527D8CC0 49] Android_Mali_T7xx, [000001FB54B05C00][000001FB527DCE40 49] Android_Mali_T8xx, [000001FB54AB1F00][000001FB519B2F80 49] Android_Mali_G71, [000001FB54B06D00][000001FB494AF0C0 49] Android_Mali_G72, [000001FB54AB2F00][000001FB494B3200 49] Android_Mali_G72_Vulkan, [000001FB54B06600][000001FB494B7340 49] Android_Mali_G76, [000001FB54AB2200][000001FB494BF4C0 49] Android_Mali_G76_Vulkan, [000001FB54B04E00][000001FB494C3640 49] Android_Mali_G77, [000001FB54AB1400][000001FB494C77C0 49] Android_Mali_G77_Vulkan, [000001FB54B07800][000001FB494CB940 49] Android_Mali_G78, [000001FB54AB1300][000001FB494CFAC0 49] Android_Mali_G78_Vulkan, [000001FB54B05600][000001FB494D20C0 49] Android_Mali_G710, [000001FB54AB3D00][000001FB494D6240 49] Android_Mali_G710_Vulkan, [000001FB54B04700][000001FB494DA3C0 49] Android_Vulkan_SM5, [000001FB54AB1B00][000001FB494DE540 49] Android_PowerVR_G6xxx, [000001FB54B04A00][000001FB494E26C0 49] Android_PowerVR_GT7xxx, [000001FB54AB0200][000001FB5227C840 49] Android_PowerVR_GE8xxx, [000001FB54B07900][000001FB522809C0 49] Android_PowerVR_GM9xxx, [000001FB54AB0A00][000001FB52284B40 49] Android_PowerVR_GM9xxx_Vulkan, [000001FB54B05000][000001FB52288CC0 49] Android_TegraK1, [000001FB54AB1700][000001FB5228CE40 49] Android_Unknown_Vulkan, [000001FB54B05900][000001FB52290FC0 49] Lumin, [000001FB54AB3C00][000001FB52295140 49] Lumin_Desktop, [000001FB54B05700][000001FB494BB280 49] HoloLens, 
[2025.10.12-21.32.10:136][  0]LogMeshReduction: Using QuadricMeshReduction for automatic static mesh reduction
[2025.10.12-21.32.10:136][  0]LogMeshReduction: Using SimplygonMeshReduction for automatic skeletal mesh reduction
[2025.10.12-21.32.10:136][  0]LogMeshReduction: Using ProxyLODMeshReduction for automatic mesh merging
[2025.10.12-21.32.10:136][  0]LogMeshReduction: No distributed automatic mesh merging module available
[2025.10.12-21.32.10:136][  0]LogMeshMerging: No distributed automatic mesh merging module available
[2025.10.12-21.32.10:146][  0]LogNetVersion: TasteOfMadness 1.0.0, NetCL: 17155196, EngineNetVer: 17, GameNetVer: 0 (Checksum: 3999798361)
[2025.10.12-21.32.10:406][  0]LogTexture: Default maximum texture size for cubemaps generated from long-lat sources has been changed from 512 to unlimited. In order to preserve old behaiour for '/Engine/MapTemplates/Sky/DaylightAmbientCubemap.DaylightAmbientCubemap', its maximum texture size has been explicitly set to 512.
[2025.10.12-21.32.10:448][  0]LogHMD: PokeAHoleMaterial loaded successfully
[2025.10.12-21.32.10:453][  0]LogUObjectArray: 17178 objects as part of root set at end of initial load.
[2025.10.12-21.32.10:453][  0]LogUObjectAllocator: 4302048 out of 0 bytes used by permanent object pool.
[2025.10.12-21.32.10:453][  0]LogUObjectArray: CloseDisregardForGC: 0/0 objects in disregard for GC pool
[2025.10.12-21.32.10:647][  0]LogNiagaraDebuggerClient: Niagara Debugger Client Initialized | Session: 98AD78744C4633B8BAEE5DA462016139 | Instance: 91BD62BD4D52EF31C2CA12946F7B5F2A (DESKTOP-QFES4I7-7704).
[2025.10.12-21.32.10:672][  0]LogTcpMessaging: Initializing TcpMessaging bridge
[2025.10.12-21.32.10:675][  0]LogUdpMessaging: Initializing bridge on interface 0.0.0.0:0 to multicast group 230.0.0.1:6666.
[2025.10.12-21.32.10:744][  0]LogPython: Using Python 3.7.7
[2025.10.12-21.32.11:299][  0]SourceControl: Source control is disabled
[2025.10.12-21.32.11:299][  0]SourceControl: Source control is disabled
[2025.10.12-21.32.11:301][  0]SourceControl: Source control is disabled
[2025.10.12-21.32.11:303][  0]SourceControl: Source control is disabled
[2025.10.12-21.32.11:308][  0]SourceControl: Source control is disabled
[2025.10.12-21.32.11:309][  0]LogUProjectInfo: Found projects:
[2025.10.12-21.32.11:424][  0]LogOpenImageDenoise: OIDN starting up
[2025.10.12-21.32.11:432][  0]LogAndroidPermission: UAndroidPermissionCallbackProxy::GetInstance
[2025.10.12-21.32.11:447][  0]LogAudioCaptureCore: Display: No Audio Capture implementations found. Audio input will be silent.
[2025.10.12-21.32.11:447][  0]LogAudioCaptureCore: Display: No Audio Capture implementations found. Audio input will be silent.
[2025.10.12-21.32.11:527][  0]LogCollectionManager: Loaded 0 collections in 0.000505 seconds
[2025.10.12-21.32.11:544][  0]LogFileCache: Scanning file cache for directory 'C:/Users/PC/Documents/GitHub/TasteOfMadness/TasteOfMadness/Saved/Collections/' took 0.00s
[2025.10.12-21.32.11:544][  0]LogFileCache: Scanning file cache for directory 'C:/Users/PC/Documents/GitHub/TasteOfMadness/TasteOfMadness/Content/Developers/PC/Collections/' took 0.00s
[2025.10.12-21.32.11:544][  0]LogFileCache: Scanning file cache for directory 'C:/Users/PC/Documents/GitHub/TasteOfMadness/TasteOfMadness/Content/Collections/' took 0.00s
[2025.10.12-21.32.11:544][  0]LogOcInput: OculusInput pre-init called
[2025.10.12-21.32.11:703][  0]LogEngine: Initializing Engine...
[2025.10.12-21.32.11:705][  0]LogHMD: Failed to enumerate extensions. Please check that you have a valid OpenXR runtime installed.
[2025.10.12-21.32.11:705][  0]LogHMD: Failed to initialize OpenVR with code 110
[2025.10.12-21.32.11:705][  0]LogMagicLeap: Warning: VR disabled because ZI is not enabled.  To enable, in the editor, Edit -> Project Settings -> Plugins -> Magic Leap Plugin -> Enable Zero Iteration
[2025.10.12-21.32.11:706][  0]LogStats: UGameplayTagsManager::InitializeManager -  0.000 s
[2025.10.12-21.32.11:820][  0]LogInit: Initializing FReadOnlyCVARCache
[2025.10.12-21.32.11:825][  0]LogAIModule: Creating AISystem for world Untitled
[2025.10.12-21.32.11:826][  0]LogAudio: Display: Initializing Audio Device Manager...
[2025.10.12-21.32.11:828][  0]LogAudio: Display: Loading Default Audio Settings Objects...
[2025.10.12-21.32.11:828][  0]LogAudio: Display: No default SoundConcurrencyObject specified (or failed to load).
[2025.10.12-21.32.11:829][  0]LogAudio: Display: Audio Device Manager Initialized
[2025.10.12-21.32.11:829][  0]LogAudio: Display: Creating Audio Device:                 Id: 1, Scope: Shared, Realtime: True
[2025.10.12-21.32.11:829][  0]LogAudioMixer: Display: Audio Mixer Platform Settings:
[2025.10.12-21.32.11:829][  0]LogAudioMixer: Display: 	Sample Rate:						  48000
[2025.10.12-21.32.11:829][  0]LogAudioMixer: Display: 	Callback Buffer Frame Size Requested: 1024
[2025.10.12-21.32.11:829][  0]LogAudioMixer: Display: 	Callback Buffer Frame Size To Use:	  1024
[2025.10.12-21.32.11:829][  0]LogAudioMixer: Display: 	Number of buffers to queue:			  2
[2025.10.12-21.32.11:829][  0]LogAudioMixer: Display: 	Max Channels (voices):				  32
[2025.10.12-21.32.11:829][  0]LogAudioMixer: Display: 	Number of Async Source Workers:		  0
[2025.10.12-21.32.11:829][  0]LogAudio: Display: AudioDevice MaxSources: 32
[2025.10.12-21.32.11:829][  0]LogAudio: Display: Audio Spatialization Plugin: None (built-in).
[2025.10.12-21.32.11:829][  0]LogAudio: Display: Audio Reverb Plugin: None (built-in).
[2025.10.12-21.32.11:829][  0]LogAudio: Display: Audio Occlusion Plugin: None (built-in).
[2025.10.12-21.32.11:829][  0]LogAudioMixer: Display: Initializing audio mixer.
[2025.10.12-21.32.11:844][  0]LogAudioMixer: Display: 0: FrontLeft
[2025.10.12-21.32.11:844][  0]LogAudioMixer: Display: 1: FrontRight
[2025.10.12-21.32.11:871][  0]LogAudioMixer: Display: Using Audio Device LC24RG50 (NVIDIA High Definition Audio)
[2025.10.12-21.32.11:871][  0]LogAudioMixer: Display: Initializing Sound Submixes...
[2025.10.12-21.32.11:873][  0]LogAudioMixer: Display: Creating Master Submix 'MasterSubmixDefault'
[2025.10.12-21.32.11:873][  0]LogAudioMixer: Display: Creating Master Submix 'MasterReverbSubmixDefault'
[2025.10.12-21.32.11:873][  0]LogAudioMixer: Display: Creating Master Submix 'MasterEQSubmixDefault'
[2025.10.12-21.32.11:873][  0]LogAudioMixer: FMixerPlatformXAudio2::StartAudioStream() called
[2025.10.12-21.32.11:873][  0]LogAudioMixer: Display: Output buffers initialized: Frames=1024, Channels=2, Samples=2048
[2025.10.12-21.32.11:874][  0]LogAudioMixer: Display: Starting AudioMixerPlatformInterface::RunInternal()
[2025.10.12-21.32.11:874][  0]LogAudioMixer: Display: FMixerPlatformXAudio2::SubmitBuffer() called for the first time
[2025.10.12-21.32.11:874][  0]LogInit: FAudioDevice initialized.
[2025.10.12-21.32.11:874][  0]LogAudio: Display: Audio Device (ID: 1) registered with world 'Untitled'.
[2025.10.12-21.32.11:874][  0]LogNetVersion: Set ProjectVersion to 1.0.0.0. Version Checksum will be recalculated on next use.
[2025.10.12-21.32.11:914][  0]LogDerivedDataCache: Saved boot cache 0.04s 94MB C:/Users/PC/AppData/Local/UnrealEngine/4.27/DerivedDataCache/Boot.ddc.
[2025.10.12-21.32.11:914][  0]LogInit: Texture streaming: Enabled
[2025.10.12-21.32.11:924][  0]LogAnalytics: Display: [UEEditor.Rocket.Release] APIServer = https://datarouter.ol.epicgames.com/. AppVersion = 4.27.2-18319896+++UE4+Release-4.27
[2025.10.12-21.32.11:926][  0]LogEngineSessionManager: EngineSessionManager initialized
[2025.10.12-21.32.11:926][  0]LogEditorSessionSummary: Verbose: Initializing EditorSessionSummaryWriter for editor session tracking
[2025.10.12-21.32.11:927][  0]LogEditorSessionSummary: EditorSessionSummaryWriter initialized
[2025.10.12-21.32.11:949][  0]LogInit: Transaction tracking system initialized
[2025.10.12-21.32.11:964][  0]BlueprintLog: New page: Editor Load
[2025.10.12-21.32.12:004][  0]LocalizationService: Localization service is disabled
[2025.10.12-21.32.12:019][  0]TimingProfiler: Initialize
[2025.10.12-21.32.12:019][  0]TimingProfiler: OnSessionChanged
[2025.10.12-21.32.12:019][  0]LoadingProfiler: Initialize
[2025.10.12-21.32.12:019][  0]LoadingProfiler: OnSessionChanged
[2025.10.12-21.32.12:019][  0]NetworkingProfiler: Initialize
[2025.10.12-21.32.12:020][  0]NetworkingProfiler: OnSessionChanged
[2025.10.12-21.32.12:020][  0]MemoryProfiler: Initialize
[2025.10.12-21.32.12:020][  0]MemoryProfiler: OnSessionChanged
[2025.10.12-21.32.12:110][  0]LogCook: Display: CookSettings for Memory: MemoryMaxUsedVirtual 0MiB, MemoryMaxUsedPhysical 16384MiB, MemoryMinFreeVirtual 0MiB, MemoryMinFreePhysical 1024MiB
[2025.10.12-21.32.12:110][  0]LogCook: Display: Mobile HDR setting 1
[2025.10.12-21.32.12:114][  0]LogLinker: Warning: Failed to load '/Engine/BasicShapes/Cube': Can't find file.
[2025.10.12-21.32.12:114][  0]LogFileCache: Scanning file cache for directory 'C:/Users/PC/Documents/GitHub/TasteOfMadness/TasteOfMadness/Content/' took 0.01s
[2025.10.12-21.32.12:114][  0]LogLinker: Warning: Failed to load '/Engine/BasicShapes/Cube': Can't find file.
[2025.10.12-21.32.12:114][  0]LogUObjectGlobals: Warning: Failed to find object 'StaticMesh /Engine/BasicShapes/Cube.Cube'
[2025.10.12-21.32.12:353][  0]LogInit: Display: Engine is initialized. Leaving FEngineLoop::Init()
[2025.10.12-21.32.12:355][  0]SourceControl: Source control is disabled
[2025.10.12-21.32.12:355][  0]LogUnrealEdMisc: Loading editor; pre map load, took 4.817
[2025.10.12-21.32.12:355][  0]Cmd: MAP LOAD FILE="C:/Users/PC/Documents/GitHub/TasteOfMadness/TasteOfMadness/Content/Maps/MainPersistent.umap" TEMPLATE=0 SHOWPROGRESS=1 FEATURELEVEL=3
[2025.10.12-21.32.12:356][  0]LightingResults: New page: Lighting Build
[2025.10.12-21.32.12:357][  0]LogWorld: UWorld::CleanupWorld for Untitled, bSessionEnded=true, bCleanupResources=true
[2025.10.12-21.32.12:357][  0]LogSlate: InvalidateAllWidgets triggered.  All widgets were invalidated
[2025.10.12-21.32.12:357][  0]MapCheck: New page: Map Check
[2025.10.12-21.32.12:357][  0]LightingResults: New page: Lighting Build
[2025.10.12-21.32.12:360][  0]LogAudio: Display: Audio Device unregistered from world 'None'.
[2025.10.12-21.32.12:363][  0]LogUObjectHash: Compacting FUObjectHashTables data took   0.66ms
[2025.10.12-21.32.12:442][  0]LogLinker: Warning: [AssetLog] C:\Users\PC\Documents\GitHub\TasteOfMadness\TasteOfMadness\Content\Maps\MainPersistent.umap: Failed to load '/Game/Maps/MainPersistent_BuiltData': Can't find file.
[2025.10.12-21.32.12:442][  0]LogLinker: Warning: [AssetLog] C:\Users\PC\Documents\GitHub\TasteOfMadness\TasteOfMadness\Content\Maps\MainPersistent.umap: Failed to load '/Game/Maps/MainPersistent_BuiltData': Can't find file.
[2025.10.12-21.32.12:443][  0]LogLinker: Warning: [AssetLog] C:\Users\PC\Documents\GitHub\TasteOfMadness\TasteOfMadness\Content\Maps\MainPersistent.umap: Failed to load '/Game/Maps/MainPersistent_BuiltData': Can't find file.
[2025.10.12-21.32.12:446][  0]LogLinker: Warning: Failed to load '/Game/Maps/MainPersistent_BuiltData': Can't find file.
[2025.10.12-21.32.12:446][  0]LogLinker: Warning: Failed to load '/Game/Maps/MainPersistent_BuiltData': Can't find file.
[2025.10.12-21.32.12:447][  0]LogLinker: Warning: [AssetLog] C:\Users\PC\Documents\GitHub\TasteOfMadness\TasteOfMadness\Content\Maps\MainPersistent.umap: Failed to load '/Game/Maps/MainPersistent_BuiltData': Can't find file.
[2025.10.12-21.32.12:447][  0]LoadErrors: Failed to load /Game/Maps/MainPersistent_BuiltData.MainPersistent_BuiltData Referenced by PersistentLevel
[2025.10.12-21.32.12:532][  0]LogAudio: Display: Audio Device (ID: 1) registered with world 'MainPersistent'.
[2025.10.12-21.32.12:533][  0]LogAIModule: Creating AISystem for world MainPersistent
[2025.10.12-21.32.12:536][  0]LogStreaming: Display: ULevelStreaming::RequestLevel(/Game/Maps/FrancisIA) is flushing async loading
[2025.10.12-21.32.12:536][  0]LogStreaming: Display: FlushAsyncLoading: 1 QueuedPackages, 0 AsyncPackages
[2025.10.12-21.32.12:537][  0]LogStreaming: Error: Couldn't find file for package /Game/Maps/FrancisIA_BuiltData requested by async loading code. NameToLoad: /Game/Maps/FrancisIA_BuiltData
[2025.10.12-21.32.12:683][  0]LogStreaming: Display: ULevelStreaming::RequestLevel(/Game/Maps/ComidaVivaIA) is flushing async loading
[2025.10.12-21.32.12:737][  0]LogStreaming: Display: ULevelStreaming::RequestLevel(/Game/Maps/PropsSamuel) is flushing async loading
[2025.10.12-21.32.12:741][  0]LogStreaming: Display: ULevelStreaming::RequestLevel(/Game/Maps/PropsMichelle) is flushing async loading
[2025.10.12-21.32.12:744][  0]LogStreaming: Display: ULevelStreaming::RequestLevel(/Game/Maps/PropsDaniela) is flushing async loading
[2025.10.12-21.32.12:747][  0]LogStreaming: Display: ULevelStreaming::RequestLevel(/Game/Maps/PropsChris) is flushing async loading
[2025.10.12-21.32.12:751][  0]LogStreaming: Display: ULevelStreaming::RequestLevel(/Game/Maps/PropsOliver) is flushing async loading
[2025.10.12-21.32.12:754][  0]LogEditorServer: Finished looking for orphan Actors (0.000 secs)
[2025.10.12-21.32.12:761][  0]LogUObjectHash: Compacting FUObjectHashTables data took   0.79ms
[2025.10.12-21.32.12:761][  0]Cmd: MAP CHECKDEP NOCLEARLOG
[2025.10.12-21.32.12:761][  0]MapCheck: Map check complete: 0 Error(s), 0 Warning(s), took 0.378ms to complete.
[2025.10.12-21.32.12:761][  0]LogFileHelpers: Loading map 'MainPersistent' took 0.406
[2025.10.12-21.32.12:763][  0]LogUnrealEdMisc: Total Editor Startup Time, took 5.225
[2025.10.12-21.32.12:847][  0]LogSlate: Updating window title bar state: overlay mode, drag disabled, window buttons hidden, title bar hidden
[2025.10.12-21.32.12:852][  0]LogSlate: Updating window title bar state: overlay mode, drag disabled, window buttons hidden, title bar hidden
[2025.10.12-21.32.12:856][  0]LogSlate: Updating window title bar state: overlay mode, drag disabled, window buttons hidden, title bar hidden
[2025.10.12-21.32.12:860][  0]LogSlate: Updating window title bar state: overlay mode, drag disabled, window buttons hidden, title bar hidden
[2025.10.12-21.32.12:871][  0]LogNativeClassHierarchy: Verbose: Native class hierarchy populated in 0.0078 seconds. Added 3822 classes and 928 folders.
[2025.10.12-21.32.12:872][  0]LogNativeClassHierarchy: Verbose: Native class hierarchy updated for 'WidgetCarousel' in 0.0002 seconds. Added 0 classes and 0 folders.
[2025.10.12-21.32.12:873][  0]LogPakFile: PakFile PrimaryIndexSize=187
[2025.10.12-21.32.12:873][  0]LogPakFile: PakFile PathHashIndexSize=101
[2025.10.12-21.32.12:873][  0]LogPakFile: PakFile FullDirectoryIndexSize=148
[2025.10.12-21.32.12:873][  0]LogShaderLibrary: Display: ShaderCodeLibraryPakFileMountedCallback: PakFile 'E:/Epic/UE_4.27/FeaturePacks/FP_FirstPerson.upack' (chunk index -1, root 'root:/') mounted
[2025.10.12-21.32.12:873][  0]LogShaderLibrary: Display: ShaderCodeLibraryPakFileMountedCallback: pending pak file info (ChunkID:-1 Root:root:/ File:E:/Epic/UE_4.27/FeaturePacks/FP_FirstPerson.upack)
[2025.10.12-21.32.12:873][  0]LogPakFile: OnPakFileMounted2Time == 0.000041
[2025.10.12-21.32.12:874][  0]LogPakFile: PakFile PrimaryIndexSize=189
[2025.10.12-21.32.12:874][  0]LogPakFile: PakFile PathHashIndexSize=101
[2025.10.12-21.32.12:874][  0]LogPakFile: PakFile FullDirectoryIndexSize=152
[2025.10.12-21.32.12:874][  0]LogShaderLibrary: Display: ShaderCodeLibraryPakFileMountedCallback: PakFile 'E:/Epic/UE_4.27/FeaturePacks/FP_FirstPersonBP.upack' (chunk index -1, root 'root:/') mounted
[2025.10.12-21.32.12:874][  0]LogShaderLibrary: Display: ShaderCodeLibraryPakFileMountedCallback: pending pak file info (ChunkID:-1 Root:root:/ File:E:/Epic/UE_4.27/FeaturePacks/FP_FirstPersonBP.upack)
[2025.10.12-21.32.12:874][  0]LogPakFile: OnPakFileMounted2Time == 0.000025
[2025.10.12-21.32.12:874][  0]LogPakFile: PakFile PrimaryIndexSize=191
[2025.10.12-21.32.12:874][  0]LogPakFile: PakFile PathHashIndexSize=101
[2025.10.12-21.32.12:874][  0]LogPakFile: PakFile FullDirectoryIndexSize=160
[2025.10.12-21.32.12:874][  0]LogShaderLibrary: Display: ShaderCodeLibraryPakFileMountedCallback: PakFile 'E:/Epic/UE_4.27/FeaturePacks/MobileStarterContent.upack' (chunk index -1, root 'root:/') mounted
[2025.10.12-21.32.12:874][  0]LogShaderLibrary: Display: ShaderCodeLibraryPakFileMountedCallback: pending pak file info (ChunkID:-1 Root:root:/ File:E:/Epic/UE_4.27/FeaturePacks/MobileStarterContent.upack)
[2025.10.12-21.32.12:874][  0]LogPakFile: OnPakFileMounted2Time == 0.000022
[2025.10.12-21.32.12:874][  0]LogPakFile: PakFile PrimaryIndexSize=185
[2025.10.12-21.32.12:874][  0]LogPakFile: PakFile PathHashIndexSize=101
[2025.10.12-21.32.12:874][  0]LogPakFile: PakFile FullDirectoryIndexSize=148
[2025.10.12-21.32.12:874][  0]LogShaderLibrary: Display: ShaderCodeLibraryPakFileMountedCallback: PakFile 'E:/Epic/UE_4.27/FeaturePacks/StarterContent.upack' (chunk index -1, root 'root:/') mounted
[2025.10.12-21.32.12:874][  0]LogShaderLibrary: Display: ShaderCodeLibraryPakFileMountedCallback: pending pak file info (ChunkID:-1 Root:root:/ File:E:/Epic/UE_4.27/FeaturePacks/StarterContent.upack)
[2025.10.12-21.32.12:874][  0]LogPakFile: OnPakFileMounted2Time == 0.000024
[2025.10.12-21.32.12:875][  0]LogPakFile: PakFile PrimaryIndexSize=190
[2025.10.12-21.32.12:875][  0]LogPakFile: PakFile PathHashIndexSize=101
[2025.10.12-21.32.12:875][  0]LogPakFile: PakFile FullDirectoryIndexSize=154
[2025.10.12-21.32.12:875][  0]LogShaderLibrary: Display: ShaderCodeLibraryPakFileMountedCallback: PakFile 'E:/Epic/UE_4.27/FeaturePacks/TP_2DSideScroller.upack' (chunk index -1, root 'root:/') mounted
[2025.10.12-21.32.12:875][  0]LogShaderLibrary: Display: ShaderCodeLibraryPakFileMountedCallback: pending pak file info (ChunkID:-1 Root:root:/ File:E:/Epic/UE_4.27/FeaturePacks/TP_2DSideScroller.upack)
[2025.10.12-21.32.12:875][  0]LogPakFile: OnPakFileMounted2Time == 0.000022
[2025.10.12-21.32.12:875][  0]LogPakFile: PakFile PrimaryIndexSize=192
[2025.10.12-21.32.12:875][  0]LogPakFile: PakFile PathHashIndexSize=101
[2025.10.12-21.32.12:875][  0]LogPakFile: PakFile FullDirectoryIndexSize=158
[2025.10.12-21.32.12:875][  0]LogShaderLibrary: Display: ShaderCodeLibraryPakFileMountedCallback: PakFile 'E:/Epic/UE_4.27/FeaturePacks/TP_2DSideScrollerBP.upack' (chunk index -1, root 'root:/') mounted
[2025.10.12-21.32.12:875][  0]LogShaderLibrary: Display: ShaderCodeLibraryPakFileMountedCallback: pending pak file info (ChunkID:-1 Root:root:/ File:E:/Epic/UE_4.27/FeaturePacks/TP_2DSideScrollerBP.upack)
[2025.10.12-21.32.12:875][  0]LogPakFile: OnPakFileMounted2Time == 0.000024
[2025.10.12-21.32.12:875][  0]LogPakFile: PakFile PrimaryIndexSize=182
[2025.10.12-21.32.12:875][  0]LogPakFile: PakFile PathHashIndexSize=101
[2025.10.12-21.32.12:875][  0]LogPakFile: PakFile FullDirectoryIndexSize=138
[2025.10.12-21.32.12:875][  0]LogShaderLibrary: Display: ShaderCodeLibraryPakFileMountedCallback: PakFile 'E:/Epic/UE_4.27/FeaturePacks/TP_Flying.upack' (chunk index -1, root 'root:/') mounted
[2025.10.12-21.32.12:875][  0]LogShaderLibrary: Display: ShaderCodeLibraryPakFileMountedCallback: pending pak file info (ChunkID:-1 Root:root:/ File:E:/Epic/UE_4.27/FeaturePacks/TP_Flying.upack)
[2025.10.12-21.32.12:875][  0]LogPakFile: OnPakFileMounted2Time == 0.000022
[2025.10.12-21.32.12:876][  0]LogPakFile: PakFile PrimaryIndexSize=184
[2025.10.12-21.32.12:876][  0]LogPakFile: PakFile PathHashIndexSize=101
[2025.10.12-21.32.12:876][  0]LogPakFile: PakFile FullDirectoryIndexSize=142
[2025.10.12-21.32.12:876][  0]LogShaderLibrary: Display: ShaderCodeLibraryPakFileMountedCallback: PakFile 'E:/Epic/UE_4.27/FeaturePacks/TP_FlyingBP.upack' (chunk index -1, root 'root:/') mounted
[2025.10.12-21.32.12:876][  0]LogShaderLibrary: Display: ShaderCodeLibraryPakFileMountedCallback: pending pak file info (ChunkID:-1 Root:root:/ File:E:/Epic/UE_4.27/FeaturePacks/TP_FlyingBP.upack)
[2025.10.12-21.32.12:876][  0]LogPakFile: OnPakFileMounted2Time == 0.000047
[2025.10.12-21.32.12:876][  0]LogPakFile: PakFile PrimaryIndexSize=188
[2025.10.12-21.32.12:876][  0]LogPakFile: PakFile PathHashIndexSize=101
[2025.10.12-21.32.12:876][  0]LogPakFile: PakFile FullDirectoryIndexSize=150
[2025.10.12-21.32.12:876][  0]LogShaderLibrary: Display: ShaderCodeLibraryPakFileMountedCallback: PakFile 'E:/Epic/UE_4.27/FeaturePacks/TP_HandheldARBP.upack' (chunk index -1, root 'root:/') mounted
[2025.10.12-21.32.12:876][  0]LogShaderLibrary: Display: ShaderCodeLibraryPakFileMountedCallback: pending pak file info (ChunkID:-1 Root:root:/ File:E:/Epic/UE_4.27/FeaturePacks/TP_HandheldARBP.upack)
[2025.10.12-21.32.12:876][  0]LogPakFile: OnPakFileMounted2Time == 0.000023
[2025.10.12-21.32.12:877][  0]LogPakFile: PakFile PrimaryIndexSize=182
[2025.10.12-21.32.12:877][  0]LogPakFile: PakFile PathHashIndexSize=101
[2025.10.12-21.32.12:877][  0]LogPakFile: PakFile FullDirectoryIndexSize=138
[2025.10.12-21.32.12:877][  0]LogShaderLibrary: Display: ShaderCodeLibraryPakFileMountedCallback: PakFile 'E:/Epic/UE_4.27/FeaturePacks/TP_Puzzle.upack' (chunk index -1, root 'root:/') mounted
[2025.10.12-21.32.12:877][  0]LogShaderLibrary: Display: ShaderCodeLibraryPakFileMountedCallback: pending pak file info (ChunkID:-1 Root:root:/ File:E:/Epic/UE_4.27/FeaturePacks/TP_Puzzle.upack)
[2025.10.12-21.32.12:877][  0]LogPakFile: OnPakFileMounted2Time == 0.000022
[2025.10.12-21.32.12:877][  0]LogPakFile: PakFile PrimaryIndexSize=184
[2025.10.12-21.32.12:877][  0]LogPakFile: PakFile PathHashIndexSize=101
[2025.10.12-21.32.12:877][  0]LogPakFile: PakFile FullDirectoryIndexSize=142
[2025.10.12-21.32.12:877][  0]LogShaderLibrary: Display: ShaderCodeLibraryPakFileMountedCallback: PakFile 'E:/Epic/UE_4.27/FeaturePacks/TP_PuzzleBP.upack' (chunk index -1, root 'root:/') mounted
[2025.10.12-21.32.12:877][  0]LogShaderLibrary: Display: ShaderCodeLibraryPakFileMountedCallback: pending pak file info (ChunkID:-1 Root:root:/ File:E:/Epic/UE_4.27/FeaturePacks/TP_PuzzleBP.upack)
[2025.10.12-21.32.12:877][  0]LogPakFile: OnPakFileMounted2Time == 0.000022
[2025.10.12-21.32.12:877][  0]LogPakFile: PakFile PrimaryIndexSize=183
[2025.10.12-21.32.12:877][  0]LogPakFile: PakFile PathHashIndexSize=101
[2025.10.12-21.32.12:877][  0]LogPakFile: PakFile FullDirectoryIndexSize=140
[2025.10.12-21.32.12:877][  0]LogShaderLibrary: Display: ShaderCodeLibraryPakFileMountedCallback: PakFile 'E:/Epic/UE_4.27/FeaturePacks/TP_Rolling.upack' (chunk index -1, root 'root:/') mounted
[2025.10.12-21.32.12:877][  0]LogShaderLibrary: Display: ShaderCodeLibraryPakFileMountedCallback: pending pak file info (ChunkID:-1 Root:root:/ File:E:/Epic/UE_4.27/FeaturePacks/TP_Rolling.upack)
[2025.10.12-21.32.12:878][  0]LogPakFile: OnPakFileMounted2Time == 0.000022
[2025.10.12-21.32.12:878][  0]LogPakFile: PakFile PrimaryIndexSize=185
[2025.10.12-21.32.12:878][  0]LogPakFile: PakFile PathHashIndexSize=101
[2025.10.12-21.32.12:878][  0]LogPakFile: PakFile FullDirectoryIndexSize=144
[2025.10.12-21.32.12:878][  0]LogShaderLibrary: Display: ShaderCodeLibraryPakFileMountedCallback: PakFile 'E:/Epic/UE_4.27/FeaturePacks/TP_RollingBP.upack' (chunk index -1, root 'root:/') mounted
[2025.10.12-21.32.12:878][  0]LogShaderLibrary: Display: ShaderCodeLibraryPakFileMountedCallback: pending pak file info (ChunkID:-1 Root:root:/ File:E:/Epic/UE_4.27/FeaturePacks/TP_RollingBP.upack)
[2025.10.12-21.32.12:878][  0]LogPakFile: OnPakFileMounted2Time == 0.000022
[2025.10.12-21.32.12:878][  0]LogPakFile: PakFile PrimaryIndexSize=188
[2025.10.12-21.32.12:878][  0]LogPakFile: PakFile PathHashIndexSize=101
[2025.10.12-21.32.12:878][  0]LogPakFile: PakFile FullDirectoryIndexSize=150
[2025.10.12-21.32.12:878][  0]LogShaderLibrary: Display: ShaderCodeLibraryPakFileMountedCallback: PakFile 'E:/Epic/UE_4.27/FeaturePacks/TP_SideScroller.upack' (chunk index -1, root 'root:/') mounted
[2025.10.12-21.32.12:878][  0]LogShaderLibrary: Display: ShaderCodeLibraryPakFileMountedCallback: pending pak file info (ChunkID:-1 Root:root:/ File:E:/Epic/UE_4.27/FeaturePacks/TP_SideScroller.upack)
[2025.10.12-21.32.12:878][  0]LogPakFile: OnPakFileMounted2Time == 0.000022
[2025.10.12-21.32.12:879][  0]LogPakFile: PakFile PrimaryIndexSize=190
[2025.10.12-21.32.12:879][  0]LogPakFile: PakFile PathHashIndexSize=101
[2025.10.12-21.32.12:879][  0]LogPakFile: PakFile FullDirectoryIndexSize=154
[2025.10.12-21.32.12:879][  0]LogShaderLibrary: Display: ShaderCodeLibraryPakFileMountedCallback: PakFile 'E:/Epic/UE_4.27/FeaturePacks/TP_SideScrollerBP.upack' (chunk index -1, root 'root:/') mounted
[2025.10.12-21.32.12:879][  0]LogShaderLibrary: Display: ShaderCodeLibraryPakFileMountedCallback: pending pak file info (ChunkID:-1 Root:root:/ File:E:/Epic/UE_4.27/FeaturePacks/TP_SideScrollerBP.upack)
[2025.10.12-21.32.12:879][  0]LogPakFile: OnPakFileMounted2Time == 0.000022
[2025.10.12-21.32.12:879][  0]LogPakFile: PakFile PrimaryIndexSize=187
[2025.10.12-21.32.12:879][  0]LogPakFile: PakFile PathHashIndexSize=101
[2025.10.12-21.32.12:879][  0]LogPakFile: PakFile FullDirectoryIndexSize=148
[2025.10.12-21.32.12:879][  0]LogShaderLibrary: Display: ShaderCodeLibraryPakFileMountedCallback: PakFile 'E:/Epic/UE_4.27/FeaturePacks/TP_ThirdPerson.upack' (chunk index -1, root 'root:/') mounted
[2025.10.12-21.32.12:879][  0]LogShaderLibrary: Display: ShaderCodeLibraryPakFileMountedCallback: pending pak file info (ChunkID:-1 Root:root:/ File:E:/Epic/UE_4.27/FeaturePacks/TP_ThirdPerson.upack)
[2025.10.12-21.32.12:879][  0]LogPakFile: OnPakFileMounted2Time == 0.000022
[2025.10.12-21.32.12:879][  0]LogPakFile: PakFile PrimaryIndexSize=189
[2025.10.12-21.32.12:879][  0]LogPakFile: PakFile PathHashIndexSize=101
[2025.10.12-21.32.12:879][  0]LogPakFile: PakFile FullDirectoryIndexSize=152
[2025.10.12-21.32.12:879][  0]LogShaderLibrary: Display: ShaderCodeLibraryPakFileMountedCallback: PakFile 'E:/Epic/UE_4.27/FeaturePacks/TP_ThirdPersonBP.upack' (chunk index -1, root 'root:/') mounted
[2025.10.12-21.32.12:879][  0]LogShaderLibrary: Display: ShaderCodeLibraryPakFileMountedCallback: pending pak file info (ChunkID:-1 Root:root:/ File:E:/Epic/UE_4.27/FeaturePacks/TP_ThirdPersonBP.upack)
[2025.10.12-21.32.12:879][  0]LogPakFile: OnPakFileMounted2Time == 0.000022
[2025.10.12-21.32.12:880][  0]LogPakFile: PakFile PrimaryIndexSize=183
[2025.10.12-21.32.12:880][  0]LogPakFile: PakFile PathHashIndexSize=101
[2025.10.12-21.32.12:880][  0]LogPakFile: PakFile FullDirectoryIndexSize=140
[2025.10.12-21.32.12:880][  0]LogShaderLibrary: Display: ShaderCodeLibraryPakFileMountedCallback: PakFile 'E:/Epic/UE_4.27/FeaturePacks/TP_TopDown.upack' (chunk index -1, root 'root:/') mounted
[2025.10.12-21.32.12:880][  0]LogShaderLibrary: Display: ShaderCodeLibraryPakFileMountedCallback: pending pak file info (ChunkID:-1 Root:root:/ File:E:/Epic/UE_4.27/FeaturePacks/TP_TopDown.upack)
[2025.10.12-21.32.12:880][  0]LogPakFile: OnPakFileMounted2Time == 0.000026
[2025.10.12-21.32.12:880][  0]LogPakFile: PakFile PrimaryIndexSize=185
[2025.10.12-21.32.12:880][  0]LogPakFile: PakFile PathHashIndexSize=101
[2025.10.12-21.32.12:880][  0]LogPakFile: PakFile FullDirectoryIndexSize=144
[2025.10.12-21.32.12:880][  0]LogShaderLibrary: Display: ShaderCodeLibraryPakFileMountedCallback: PakFile 'E:/Epic/UE_4.27/FeaturePacks/TP_TopDownBP.upack' (chunk index -1, root 'root:/') mounted
[2025.10.12-21.32.12:880][  0]LogShaderLibrary: Display: ShaderCodeLibraryPakFileMountedCallback: pending pak file info (ChunkID:-1 Root:root:/ File:E:/Epic/UE_4.27/FeaturePacks/TP_TopDownBP.upack)
[2025.10.12-21.32.12:880][  0]LogPakFile: OnPakFileMounted2Time == 0.000022
[2025.10.12-21.32.12:880][  0]LogPakFile: PakFile PrimaryIndexSize=185
[2025.10.12-21.32.12:880][  0]LogPakFile: PakFile PathHashIndexSize=101
[2025.10.12-21.32.12:880][  0]LogPakFile: PakFile FullDirectoryIndexSize=144
[2025.10.12-21.32.12:880][  0]LogShaderLibrary: Display: ShaderCodeLibraryPakFileMountedCallback: PakFile 'E:/Epic/UE_4.27/FeaturePacks/TP_TwinStick.upack' (chunk index -1, root 'root:/') mounted
[2025.10.12-21.32.12:880][  0]LogShaderLibrary: Display: ShaderCodeLibraryPakFileMountedCallback: pending pak file info (ChunkID:-1 Root:root:/ File:E:/Epic/UE_4.27/FeaturePacks/TP_TwinStick.upack)
[2025.10.12-21.32.12:880][  0]LogPakFile: OnPakFileMounted2Time == 0.000021
[2025.10.12-21.32.12:881][  0]LogPakFile: PakFile PrimaryIndexSize=187
[2025.10.12-21.32.12:881][  0]LogPakFile: PakFile PathHashIndexSize=101
[2025.10.12-21.32.12:881][  0]LogPakFile: PakFile FullDirectoryIndexSize=148
[2025.10.12-21.32.12:881][  0]LogShaderLibrary: Display: ShaderCodeLibraryPakFileMountedCallback: PakFile 'E:/Epic/UE_4.27/FeaturePacks/TP_TwinStickBP.upack' (chunk index -1, root 'root:/') mounted
[2025.10.12-21.32.12:881][  0]LogShaderLibrary: Display: ShaderCodeLibraryPakFileMountedCallback: pending pak file info (ChunkID:-1 Root:root:/ File:E:/Epic/UE_4.27/FeaturePacks/TP_TwinStickBP.upack)
[2025.10.12-21.32.12:881][  0]LogPakFile: OnPakFileMounted2Time == 0.000025
[2025.10.12-21.32.12:881][  0]LogPakFile: PakFile PrimaryIndexSize=183
[2025.10.12-21.32.12:881][  0]LogPakFile: PakFile PathHashIndexSize=101
[2025.10.12-21.32.12:881][  0]LogPakFile: PakFile FullDirectoryIndexSize=140
[2025.10.12-21.32.12:881][  0]LogShaderLibrary: Display: ShaderCodeLibraryPakFileMountedCallback: PakFile 'E:/Epic/UE_4.27/FeaturePacks/TP_Vehicle.upack' (chunk index -1, root 'root:/') mounted
[2025.10.12-21.32.12:881][  0]LogShaderLibrary: Display: ShaderCodeLibraryPakFileMountedCallback: pending pak file info (ChunkID:-1 Root:root:/ File:E:/Epic/UE_4.27/FeaturePacks/TP_Vehicle.upack)
[2025.10.12-21.32.12:881][  0]LogPakFile: OnPakFileMounted2Time == 0.000022
[2025.10.12-21.32.12:881][  0]LogPakFile: PakFile PrimaryIndexSize=186
[2025.10.12-21.32.12:881][  0]LogPakFile: PakFile PathHashIndexSize=101
[2025.10.12-21.32.12:881][  0]LogPakFile: PakFile FullDirectoryIndexSize=146
[2025.10.12-21.32.12:881][  0]LogShaderLibrary: Display: ShaderCodeLibraryPakFileMountedCallback: PakFile 'E:/Epic/UE_4.27/FeaturePacks/TP_VehicleAdv.upack' (chunk index -1, root 'root:/') mounted
[2025.10.12-21.32.12:881][  0]LogShaderLibrary: Display: ShaderCodeLibraryPakFileMountedCallback: pending pak file info (ChunkID:-1 Root:root:/ File:E:/Epic/UE_4.27/FeaturePacks/TP_VehicleAdv.upack)
[2025.10.12-21.32.12:881][  0]LogPakFile: OnPakFileMounted2Time == 0.000022
[2025.10.12-21.32.12:882][  0]LogPakFile: PakFile PrimaryIndexSize=188
[2025.10.12-21.32.12:882][  0]LogPakFile: PakFile PathHashIndexSize=101
[2025.10.12-21.32.12:882][  0]LogPakFile: PakFile FullDirectoryIndexSize=150
[2025.10.12-21.32.12:882][  0]LogShaderLibrary: Display: ShaderCodeLibraryPakFileMountedCallback: PakFile 'E:/Epic/UE_4.27/FeaturePacks/TP_VehicleAdvBP.upack' (chunk index -1, root 'root:/') mounted
[2025.10.12-21.32.12:882][  0]LogShaderLibrary: Display: ShaderCodeLibraryPakFileMountedCallback: pending pak file info (ChunkID:-1 Root:root:/ File:E:/Epic/UE_4.27/FeaturePacks/TP_VehicleAdvBP.upack)
[2025.10.12-21.32.12:882][  0]LogPakFile: OnPakFileMounted2Time == 0.000022
[2025.10.12-21.32.12:882][  0]LogPakFile: PakFile PrimaryIndexSize=185
[2025.10.12-21.32.12:882][  0]LogPakFile: PakFile PathHashIndexSize=101
[2025.10.12-21.32.12:882][  0]LogPakFile: PakFile FullDirectoryIndexSize=144
[2025.10.12-21.32.12:882][  0]LogShaderLibrary: Display: ShaderCodeLibraryPakFileMountedCallback: PakFile 'E:/Epic/UE_4.27/FeaturePacks/TP_VehicleBP.upack' (chunk index -1, root 'root:/') mounted
[2025.10.12-21.32.12:882][  0]LogShaderLibrary: Display: ShaderCodeLibraryPakFileMountedCallback: pending pak file info (ChunkID:-1 Root:root:/ File:E:/Epic/UE_4.27/FeaturePacks/TP_VehicleBP.upack)
[2025.10.12-21.32.12:882][  0]LogPakFile: OnPakFileMounted2Time == 0.000022
[2025.10.12-21.32.12:882][  0]LogPakFile: PakFile PrimaryIndexSize=192
[2025.10.12-21.32.12:882][  0]LogPakFile: PakFile PathHashIndexSize=101
[2025.10.12-21.32.12:882][  0]LogPakFile: PakFile FullDirectoryIndexSize=158
[2025.10.12-21.32.12:882][  0]LogShaderLibrary: Display: ShaderCodeLibraryPakFileMountedCallback: PakFile 'E:/Epic/UE_4.27/FeaturePacks/TP_VirtualRealityBP.upack' (chunk index -1, root 'root:/') mounted
[2025.10.12-21.32.12:883][  0]LogShaderLibrary: Display: ShaderCodeLibraryPakFileMountedCallback: pending pak file info (ChunkID:-1 Root:root:/ File:E:/Epic/UE_4.27/FeaturePacks/TP_VirtualRealityBP.upack)
[2025.10.12-21.32.12:883][  0]LogPakFile: OnPakFileMounted2Time == 0.000023
[2025.10.12-21.32.12:908][  0]LogNativeClassHierarchy: Verbose: Native class hierarchy updated for 'AddContentDialog' in 0.0002 seconds. Added 0 classes and 0 folders.
[2025.10.12-21.32.12:909][  0]LogNativeClassHierarchy: Verbose: Native class hierarchy updated for 'SceneOutliner' in 0.0002 seconds. Added 2 classes and 0 folders.
[2025.10.12-21.32.12:952][  0]LogSlate: Took 0.000116 seconds to synchronously load lazily loaded font '../../../Engine/Content/Slate/Fonts/Roboto-Regular.ttf' (155K)
[2025.10.12-21.32.12:953][  0]LogSlate: Took 0.000086 seconds to synchronously load lazily loaded font '../../../Engine/Content/Editor/Slate/Fonts/FontAwesome.ttf' (139K)
[2025.10.12-21.32.12:954][  0]LogSlate: Took 0.000091 seconds to synchronously load lazily loaded font '../../../Engine/Content/Slate/Fonts/Roboto-Bold.ttf' (160K)
[2025.10.12-21.32.13:012][  0]LogRenderer: Reallocating scene render targets to support 1164x652 Format 10 NumSamples 1 (Frame:1).
[2025.10.12-21.32.13:130][  0]LogNativeClassHierarchy: Verbose: Native class hierarchy updated for 'HierarchicalLODOutliner' in 0.0003 seconds. Added 0 classes and 0 folders.
[2025.10.12-21.32.13:130][  0]LogLoad: (Engine Initialization) Total time: 5.59 seconds
[2025.10.12-21.32.13:130][  0]LogLoad: (Engine Initialization) Total Blueprint compile time: 0.00 seconds
[2025.10.12-21.32.13:144][  0]LogLinker: Warning: Failed to load '/Engine/BasicShapes/Cube': Can't find file.
[2025.10.12-21.32.13:144][  0]LogLinker: Warning: Failed to load '/Engine/BasicShapes/Cube': Can't find file.
[2025.10.12-21.32.13:144][  0]LogUObjectGlobals: Warning: Failed to find object 'StaticMesh /Engine/BasicShapes/Cube.Cube'
[2025.10.12-21.32.13:171][  0]LogAssetRegistry: Asset discovery search completed in 3.3241 seconds
[2025.10.12-21.32.13:175][  0]LogCollectionManager: Fixed up redirectors for 0 collections in 0.000003 seconds (updated 0 objects)
[2025.10.12-21.32.13:177][  0]LogContentStreaming: Texture pool size now 1000 MB
[2025.10.12-21.32.13:235][  0]LogSlate: Took 0.000082 seconds to synchronously load lazily loaded font '../../../Engine/Content/Slate/Fonts/DroidSansMono.ttf' (77K)
[2025.10.12-21.32.14:150][ 97]LogSlate: Took 0.000148 seconds to synchronously load lazily loaded font '../../../Engine/Content/Slate/Fonts/Roboto-Light.ttf' (167K)
[2025.10.12-21.32.14:428][117]LogSlate: Window 'Message Log' being destroyed
[2025.10.12-21.32.14:432][117]LogSlate: Window 'Message Log' being destroyed
[2025.10.12-21.32.24:993][355]LogUObjectHash: Compacting FUObjectHashTables data took   0.68ms
[2025.10.12-21.32.25:008][355]LogAssetEditorSubsystem: Opening Asset editor for World /Game/Maps/MainPersistent.MainPersistent
[2025.10.12-21.32.25:009][355]Cmd: MAP LOAD FILE="C:/Users/PC/Documents/GitHub/TasteOfMadness/TasteOfMadness/Content/Maps/MainPersistent.umap" TEMPLATE=0 SHOWPROGRESS=1 FEATURELEVEL=3
[2025.10.12-21.32.25:009][355]LightingResults: New page: Lighting Build
[2025.10.12-21.32.25:009][355]LoadErrors: New page: Loading map: MainPersistent.umap
[2025.10.12-21.32.25:041][355]LogWorld: UWorld::CleanupWorld for MainPersistent, bSessionEnded=true, bCleanupResources=true
[2025.10.12-21.32.25:041][355]LogSlate: InvalidateAllWidgets triggered.  All widgets were invalidated
[2025.10.12-21.32.25:041][355]LogWorld: UWorld::CleanupWorld for FrancisIA, bSessionEnded=true, bCleanupResources=true
[2025.10.12-21.32.25:041][355]LogSlate: InvalidateAllWidgets triggered.  All widgets were invalidated
[2025.10.12-21.32.25:041][355]LogWorld: UWorld::CleanupWorld for ComidaVivaIA, bSessionEnded=true, bCleanupResources=true
[2025.10.12-21.32.25:041][355]LogSlate: InvalidateAllWidgets triggered.  All widgets were invalidated
[2025.10.12-21.32.25:041][355]LogWorld: UWorld::CleanupWorld for PropsSamuel, bSessionEnded=true, bCleanupResources=true
[2025.10.12-21.32.25:041][355]LogSlate: InvalidateAllWidgets triggered.  All widgets were invalidated
[2025.10.12-21.32.25:041][355]LogWorld: UWorld::CleanupWorld for PropsMichelle, bSessionEnded=true, bCleanupResources=true
[2025.10.12-21.32.25:041][355]LogSlate: InvalidateAllWidgets triggered.  All widgets were invalidated
[2025.10.12-21.32.25:041][355]LogWorld: UWorld::CleanupWorld for PropsDaniela, bSessionEnded=true, bCleanupResources=true
[2025.10.12-21.32.25:041][355]LogSlate: InvalidateAllWidgets triggered.  All widgets were invalidated
[2025.10.12-21.32.25:041][355]LogWorld: UWorld::CleanupWorld for PropsChris, bSessionEnded=true, bCleanupResources=true
[2025.10.12-21.32.25:041][355]LogSlate: InvalidateAllWidgets triggered.  All widgets were invalidated
[2025.10.12-21.32.25:041][355]LogWorld: UWorld::CleanupWorld for PropsOliver, bSessionEnded=true, bCleanupResources=true
[2025.10.12-21.32.25:041][355]LogSlate: InvalidateAllWidgets triggered.  All widgets were invalidated
[2025.10.12-21.32.25:041][355]MapCheck: New page: Map Check
[2025.10.12-21.32.25:041][355]LightingResults: New page: Lighting Build
[2025.10.12-21.32.25:045][355]LogAudio: Display: Audio Device unregistered from world 'None'.
[2025.10.12-21.32.25:048][355]LogUObjectHash: Compacting FUObjectHashTables data took   0.65ms
[2025.10.12-21.32.25:049][355]LogLinker: Warning: [AssetLog] C:\Users\PC\Documents\GitHub\TasteOfMadness\TasteOfMadness\Content\Maps\MainPersistent.umap: Failed to load '/Game/Maps/MainPersistent_BuiltData': Can't find file.
[2025.10.12-21.32.25:049][355]LogLinker: Warning: [AssetLog] C:\Users\PC\Documents\GitHub\TasteOfMadness\TasteOfMadness\Content\Maps\MainPersistent.umap: Failed to load '/Game/Maps/MainPersistent_BuiltData': Can't find file.
[2025.10.12-21.32.25:049][355]LogLinker: Warning: [AssetLog] C:\Users\PC\Documents\GitHub\TasteOfMadness\TasteOfMadness\Content\Maps\MainPersistent.umap: Failed to load '/Game/Maps/MainPersistent_BuiltData': Can't find file.
[2025.10.12-21.32.25:050][355]LogLinker: Warning: Failed to load '/Game/Maps/MainPersistent_BuiltData': Can't find file.
[2025.10.12-21.32.25:050][355]LogLinker: Warning: Failed to load '/Game/Maps/MainPersistent_BuiltData': Can't find file.
[2025.10.12-21.32.25:051][355]LogLinker: Warning: [AssetLog] C:\Users\PC\Documents\GitHub\TasteOfMadness\TasteOfMadness\Content\Maps\MainPersistent.umap: Failed to load '/Game/Maps/MainPersistent_BuiltData': Can't find file.
[2025.10.12-21.32.25:051][355]LoadErrors: Failed to load /Game/Maps/MainPersistent_BuiltData.MainPersistent_BuiltData Referenced by PersistentLevel
[2025.10.12-21.32.25:055][355]LogAudio: Display: Audio Device (ID: 1) registered with world 'MainPersistent'.
[2025.10.12-21.32.25:056][355]LogAIModule: Creating AISystem for world MainPersistent
[2025.10.12-21.32.25:068][355]LogStreaming: Display: ULevelStreaming::RequestLevel(/Game/Maps/PropsOliver) is flushing async loading
[2025.10.12-21.32.25:068][355]LogStreaming: Display: FlushAsyncLoading: 1 QueuedPackages, 0 AsyncPackages
[2025.10.12-21.32.25:071][355]LogStreaming: Display: ULevelStreaming::RequestLevel(/Game/Maps/PropsSamuel) is flushing async loading
[2025.10.12-21.32.25:075][355]LogStreaming: Display: ULevelStreaming::RequestLevel(/Game/Maps/ComidaVivaIA) is flushing async loading
[2025.10.12-21.32.25:079][355]LogStreaming: Display: ULevelStreaming::RequestLevel(/Game/Maps/PropsMichelle) is flushing async loading
[2025.10.12-21.32.25:082][355]LogStreaming: Display: ULevelStreaming::RequestLevel(/Game/Maps/FrancisIA) is flushing async loading
[2025.10.12-21.32.25:083][355]LogStreaming: Error: Couldn't find file for package /Game/Maps/FrancisIA_BuiltData requested by async loading code. NameToLoad: /Game/Maps/FrancisIA_BuiltData
[2025.10.12-21.32.25:089][355]LogStreaming: Display: ULevelStreaming::RequestLevel(/Game/Maps/PropsChris) is flushing async loading
[2025.10.12-21.32.25:092][355]LogStreaming: Display: ULevelStreaming::RequestLevel(/Game/Maps/PropsDaniela) is flushing async loading
[2025.10.12-21.32.25:113][355]LogEditorServer: Finished looking for orphan Actors (0.000 secs)
[2025.10.12-21.32.25:145][355]LogUObjectHash: Compacting FUObjectHashTables data took   0.72ms
[2025.10.12-21.32.25:160][355]Cmd: MAP CHECKDEP NOCLEARLOG
[2025.10.12-21.32.25:160][355]MapCheck: Map check complete: 0 Error(s), 0 Warning(s), took 0.48ms to complete.
[2025.10.12-21.32.25:160][355]LogFileHelpers: Loading map 'MainPersistent' took 0.152
[2025.10.12-21.32.25:189][355]LogUObjectHash: Compacting FUObjectHashTables data took   0.26ms
[2025.10.12-21.32.26:950][555]LogSlate: Window 'Message Log' being destroyed
[2025.10.12-21.32.26:953][555]LogSlate: Window 'Message Log' being destroyed
[2025.10.12-21.32.30:261][940]LogNativeClassHierarchy: Verbose: Native class hierarchy updated for 'WorldBrowser' in 0.0003 seconds. Added 2 classes and 3 folders.
[2025.10.12-21.32.32:464][198]LogNavigation: Warning: NavData RegistrationFailed_AgentAlreadySupported, specified agent type already has its navmesh implemented.
[2025.10.12-21.32.51:854][477]LogSlate: Window 'Levels' being destroyed
[2025.10.12-21.32.51:859][477]LogSlate: Window 'Levels' being destroyed
[2025.10.12-21.33.02:956][793]Cmd: OBJ SAVEPACKAGE PACKAGE="/Game/Maps/ComidaVivaIA" FILE="C:/Users/PC/Documents/GitHub/TasteOfMadness/TasteOfMadness/Content/Maps/ComidaVivaIA.umap" SILENT=true AUTOSAVING=false KEEPDIRTY=false
[2025.10.12-21.33.02:960][793]LogUObjectHash: Compacting FUObjectHashTables data took   0.73ms
[2025.10.12-21.33.02:968][793]LogSavePackage: Moving 'C:/Users/PC/Documents/GitHub/TasteOfMadness/TasteOfMadness/Saved/ComidaVivaIA74D545C1474E9019E9B225B836CD8ABF.tmp' to 'C:/Users/PC/Documents/GitHub/TasteOfMadness/TasteOfMadness/Content/Maps/ComidaVivaIA.umap'
[2025.10.12-21.33.02:980][793]AssetCheck: New page: Asset Save: ComidaVivaIA
[2025.10.12-21.33.02:980][793]LogContentValidation: Display: Validating World /Game/Maps/ComidaVivaIA.ComidaVivaIA
[2025.10.12-21.33.07:265][307]LogUObjectHash: Compacting FUObjectHashTables data took   0.58ms
[2025.10.12-21.33.10:233][307]LogSlate: Window 'Save Content' being destroyed
[2025.10.12-21.33.10:249][307]Cmd: OBJ SAVEPACKAGE PACKAGE="/Game/Maps/FrancisIA" FILE="C:/Users/PC/Documents/GitHub/TasteOfMadness/TasteOfMadness/Content/Maps/FrancisIA.umap" SILENT=true AUTOSAVING=false KEEPDIRTY=false
[2025.10.12-21.33.10:252][307]LogUObjectHash: Compacting FUObjectHashTables data took   0.27ms
[2025.10.12-21.33.10:261][307]LogSavePackage: Moving 'C:/Users/PC/Documents/GitHub/TasteOfMadness/TasteOfMadness/Saved/FrancisIACD423B204A3870A2CCD690AB1295E7FD.tmp' to 'C:/Users/PC/Documents/GitHub/TasteOfMadness/TasteOfMadness/Content/Maps/FrancisIA.umap'
[2025.10.12-21.33.10:262][307]LogFileHelpers: Saving map 'FrancisIA' took 0.014
[2025.10.12-21.33.10:262][307]Cmd: OBJ SAVEPACKAGE PACKAGE="/Game/Maps/MainPersistent" FILE="C:/Users/PC/Documents/GitHub/TasteOfMadness/TasteOfMadness/Content/Maps/MainPersistent.umap" SILENT=true AUTOSAVING=false KEEPDIRTY=false
[2025.10.12-21.33.10:267][307]LogUObjectHash: Compacting FUObjectHashTables data took   0.70ms
[2025.10.12-21.33.10:278][307]LogSavePackage: Moving 'C:/Users/PC/Documents/GitHub/TasteOfMadness/TasteOfMadness/Saved/MainPersistentCA0F95CC402640F7DBDD77813645C4A2.tmp' to 'C:/Users/PC/Documents/GitHub/TasteOfMadness/TasteOfMadness/Content/Maps/MainPersistent.umap'
[2025.10.12-21.33.10:291][307]LogFileHelpers: Saving map 'MainPersistent' took 0.029
[2025.10.12-21.33.10:310][307]LogAssetEditorSubsystem: Opening Asset editor for World /Game/Maps/ComidaVivaIA.ComidaVivaIA
[2025.10.12-21.33.10:310][307]Cmd: MAP LOAD FILE="C:/Users/PC/Documents/GitHub/TasteOfMadness/TasteOfMadness/Content/Maps/ComidaVivaIA.umap" TEMPLATE=0 SHOWPROGRESS=1 FEATURELEVEL=3
[2025.10.12-21.33.10:310][307]LightingResults: New page: Lighting Build
[2025.10.12-21.33.10:310][307]LoadErrors: New page: Loading map: ComidaVivaIA.umap
[2025.10.12-21.33.10:349][307]LogWorld: UWorld::CleanupWorld for MainPersistent, bSessionEnded=true, bCleanupResources=true
[2025.10.12-21.33.10:349][307]LogSlate: InvalidateAllWidgets triggered.  All widgets were invalidated
[2025.10.12-21.33.10:349][307]LogWorld: UWorld::CleanupWorld for PropsOliver, bSessionEnded=true, bCleanupResources=true
[2025.10.12-21.33.10:349][307]LogSlate: InvalidateAllWidgets triggered.  All widgets were invalidated
[2025.10.12-21.33.10:349][307]LogWorld: UWorld::CleanupWorld for PropsSamuel, bSessionEnded=true, bCleanupResources=true
[2025.10.12-21.33.10:349][307]LogSlate: InvalidateAllWidgets triggered.  All widgets were invalidated
[2025.10.12-21.33.10:349][307]LogWorld: UWorld::CleanupWorld for ComidaVivaIA, bSessionEnded=true, bCleanupResources=true
[2025.10.12-21.33.10:349][307]LogSlate: InvalidateAllWidgets triggered.  All widgets were invalidated
[2025.10.12-21.33.10:349][307]LogWorld: UWorld::CleanupWorld for PropsMichelle, bSessionEnded=true, bCleanupResources=true
[2025.10.12-21.33.10:349][307]LogSlate: InvalidateAllWidgets triggered.  All widgets were invalidated
[2025.10.12-21.33.10:349][307]LogWorld: UWorld::CleanupWorld for FrancisIA, bSessionEnded=true, bCleanupResources=true
[2025.10.12-21.33.10:349][307]LogSlate: InvalidateAllWidgets triggered.  All widgets were invalidated
[2025.10.12-21.33.10:349][307]LogWorld: UWorld::CleanupWorld for PropsChris, bSessionEnded=true, bCleanupResources=true
[2025.10.12-21.33.10:349][307]LogSlate: InvalidateAllWidgets triggered.  All widgets were invalidated
[2025.10.12-21.33.10:349][307]LogWorld: UWorld::CleanupWorld for PropsDaniela, bSessionEnded=true, bCleanupResources=true
[2025.10.12-21.33.10:349][307]LogSlate: InvalidateAllWidgets triggered.  All widgets were invalidated
[2025.10.12-21.33.10:349][307]MapCheck: New page: Map Check
[2025.10.12-21.33.10:349][307]LightingResults: New page: Lighting Build
[2025.10.12-21.33.10:353][307]LogAudio: Display: Audio Device unregistered from world 'None'.
[2025.10.12-21.33.10:355][307]LogUObjectHash: Compacting FUObjectHashTables data took   0.65ms
[2025.10.12-21.33.10:355][307]LogAudio: Display: Audio Device (ID: 1) registered with world 'ComidaVivaIA'.
[2025.10.12-21.33.10:356][307]LogAIModule: Creating AISystem for world ComidaVivaIA
[2025.10.12-21.33.10:374][307]LogEditorServer: Finished looking for orphan Actors (0.000 secs)
[2025.10.12-21.33.10:379][307]LogUObjectHash: Compacting FUObjectHashTables data took   0.73ms
[2025.10.12-21.33.10:393][307]Cmd: MAP CHECKDEP NOCLEARLOG
[2025.10.12-21.33.10:393][307]MapCheck: Map check complete: 0 Error(s), 0 Warning(s), took 0.105ms to complete.
[2025.10.12-21.33.10:393][307]LogFileHelpers: Loading map 'ComidaVivaIA' took 0.083
[2025.10.12-21.33.10:413][307]AssetCheck: New page: Asset Save: multiple assets
[2025.10.12-21.33.10:413][307]LogContentValidation: Display: Validating World /Game/Maps/FrancisIA.FrancisIA
[2025.10.12-21.33.10:418][307]LogContentValidation: Display: Validating World /Game/Maps/MainPersistent.MainPersistent
[2025.10.12-21.33.10:444][307]LogUObjectHash: Compacting FUObjectHashTables data took   0.70ms
[2025.10.12-21.33.19:634][395]LogTemp: Repeating last play command: Selected Viewport
[2025.10.12-21.33.19:641][395]LogPlayLevel: PlayLevel: No blueprints needed recompiling
[2025.10.12-21.33.19:641][395]PIE: New page: PIE session: ComidaVivaIA (Oct 12, 2025, 10:33:19 AM)
[2025.10.12-21.33.19:642][395]LogOnline: OSS: Creating online subsystem instance for: NULL
[2025.10.12-21.33.19:643][395]LogOnline: OSS: TryLoadSubsystemAndSetDefault: Loaded subsystem for module [NULL]
[2025.10.12-21.33.19:643][395]LogPlayLevel: Creating play world package: /Game/Maps/UEDPIE_0_ComidaVivaIA
[2025.10.12-21.33.19:646][395]LogPlayLevel: PIE: StaticDuplicateObject took: (0.002659s)
[2025.10.12-21.33.19:646][395]LogAIModule: Creating AISystem for world ComidaVivaIA
[2025.10.12-21.33.19:647][395]LogPlayLevel: PIE: World Init took: (0.000899s)
[2025.10.12-21.33.19:647][395]LogPlayLevel: PIE: Created PIE world by copying editor world from /Game/Maps/ComidaVivaIA.ComidaVivaIA to /Game/Maps/UEDPIE_0_ComidaVivaIA.ComidaVivaIA (0.003652s)
[2025.10.12-21.33.19:651][395]LogUObjectHash: Compacting FUObjectHashTables data took   0.57ms
[2025.10.12-21.33.19:651][395]LogAudio: Display: Creating Audio Device:                 Id: 2, Scope: Unique, Realtime: True
[2025.10.12-21.33.19:651][395]LogAudioMixer: Display: Audio Mixer Platform Settings:
[2025.10.12-21.33.19:651][395]LogAudioMixer: Display: 	Sample Rate:						  48000
[2025.10.12-21.33.19:651][395]LogAudioMixer: Display: 	Callback Buffer Frame Size Requested: 1024
[2025.10.12-21.33.19:651][395]LogAudioMixer: Display: 	Callback Buffer Frame Size To Use:	  1024
[2025.10.12-21.33.19:651][395]LogAudioMixer: Display: 	Number of buffers to queue:			  2
[2025.10.12-21.33.19:651][395]LogAudioMixer: Display: 	Max Channels (voices):				  32
[2025.10.12-21.33.19:651][395]LogAudioMixer: Display: 	Number of Async Source Workers:		  0
[2025.10.12-21.33.19:651][395]LogAudio: Display: AudioDevice MaxSources: 32
[2025.10.12-21.33.19:652][395]LogAudio: Display: Audio Spatialization Plugin: None (built-in).
[2025.10.12-21.33.19:652][395]LogAudio: Display: Audio Reverb Plugin: None (built-in).
[2025.10.12-21.33.19:652][395]LogAudio: Display: Audio Occlusion Plugin: None (built-in).
[2025.10.12-21.33.19:652][395]LogAudioMixer: Display: Initializing audio mixer.
[2025.10.12-21.33.19:654][395]LogAudioMixer: Display: 0: FrontLeft
[2025.10.12-21.33.19:654][395]LogAudioMixer: Display: 1: FrontRight
[2025.10.12-21.33.19:660][395]LogAudioMixer: Display: Using Audio Device LC24RG50 (NVIDIA High Definition Audio)
[2025.10.12-21.33.19:660][395]LogAudioMixer: Display: Initializing Sound Submixes...
[2025.10.12-21.33.19:660][395]LogAudioMixer: Display: Creating Master Submix 'MasterSubmixDefault'
[2025.10.12-21.33.19:660][395]LogAudioMixer: Display: Creating Master Submix 'MasterReverbSubmixDefault'
[2025.10.12-21.33.19:661][395]LogAudioMixer: Display: Creating Master Submix 'MasterEQSubmixDefault'
[2025.10.12-21.33.19:661][395]LogAudioMixer: FMixerPlatformXAudio2::StartAudioStream() called
[2025.10.12-21.33.19:661][395]LogAudioMixer: Display: Output buffers initialized: Frames=1024, Channels=2, Samples=2048
[2025.10.12-21.33.19:662][395]LogAudioMixer: Display: Starting AudioMixerPlatformInterface::RunInternal()
[2025.10.12-21.33.19:662][395]LogAudioMixer: Display: FMixerPlatformXAudio2::SubmitBuffer() called for the first time
[2025.10.12-21.33.19:662][395]LogInit: FAudioDevice initialized.
[2025.10.12-21.33.19:662][395]LogAudio: Display: Audio Device (ID: 2) registered with world 'ComidaVivaIA'.
[2025.10.12-21.33.19:670][395]LogLoad: Game class is 'BP_GameMode_C'
[2025.10.12-21.33.19:672][395]LogWorld: Bringing World /Game/Maps/UEDPIE_0_ComidaVivaIA.ComidaVivaIA up for play (max tick rate 0) at 2025.10.12-15.33.19
[2025.10.12-21.33.19:672][395]LogWorld: Bringing up level for play took: 0.001194
[2025.10.12-21.33.19:672][395]LogOnline: OSS: Creating online subsystem instance for: :Context_1
[2025.10.12-21.33.19:674][395]LogNativeClassHierarchy: Verbose: Native class hierarchy updated for 'MovieSceneCapture' in 0.0003 seconds. Added 20 classes and 0 folders.
[2025.10.12-21.33.19:676][395]LogBlueprintUserMessages: [BP_ClareCharacter_C_0] BP_Sarten
[2025.10.12-21.33.19:677][395]LogBlueprintUserMessages: [BP_ClareCharacter_C_0] BP_Olla
[2025.10.12-21.33.19:679][395]LogBlueprintUserMessages: [BP_ClareCharacter_C_0] BP_LlaveInglesa
[2025.10.12-21.33.19:681][395]LogBlueprintUserMessages: [BP_ClareCharacter_C_0] BP_Escoba
[2025.10.12-21.33.19:682][395]LogBlueprintUserMessages: [BP_ClareCharacter_C_0] BP_Trapeador
[2025.10.12-21.33.19:684][395]LogBlueprintUserMessages: [BP_ClareCharacter_C_0] BP_Extintor
[2025.10.12-21.33.19:685][395]LogBlueprintUserMessages: [BP_ClareCharacter_C_0] BP_Cuchillo
[2025.10.12-21.33.19:686][395]PIE: Server logged in
[2025.10.12-21.33.19:688][395]PIE: Play in editor total start time 0.049 seconds.
[2025.10.12-21.33.20:031][434]LogBlueprintUserMessages: [BP_SwarmEnemy_2] "Përsiguiendo"
[2025.10.12-21.33.20:531][494]LogBlueprintUserMessages: [BP_SwarmEnemy_2] "Përsiguiendo"
[2025.10.12-21.33.23:731][878]LogBlueprintUserMessages: [BP_ClareCharacter_C_0] Vida45.0
[2025.10.12-21.33.24:631][986]LogBlueprintUserMessages: [BP_TrailDamage_2] Destruido
[2025.10.12-21.33.24:640][987]LogBlueprintUserMessages: [BP_SwarmEnemy_2] Trail creado
[2025.10.12-21.33.26:580][220]LogBlueprintUserMessages: [BP_ClareCharacter_C_0] Vida40.0
[2025.10.12-21.33.27:989][389]LogBlueprintUserMessages: [BP_ClareCharacter_C_0] Vida35.0
[2025.10.12-21.33.29:639][587]LogBlueprintUserMessages: [BP_TrailDamage_C_0] Destruido
[2025.10.12-21.33.29:640][587]LogBlueprintUserMessages: [BP_SwarmEnemy_2] Trail creado
[2025.10.12-21.33.31:031][754]LogBlueprintUserMessages: [BP_SwarmEnemy_2] "Përsiguiendo"
[2025.10.12-21.33.31:531][814]LogBlueprintUserMessages: [BP_SwarmEnemy_2] "Përsiguiendo"
[2025.10.12-21.33.32:031][874]LogBlueprintUserMessages: [BP_SwarmEnemy_2] "Përsiguiendo"
[2025.10.12-21.33.32:531][934]LogBlueprintUserMessages: [BP_SwarmEnemy_2] "Përsiguiendo"
[2025.10.12-21.33.33:032][994]LogBlueprintUserMessages: [BP_SwarmEnemy_2] "Përsiguiendo"
[2025.10.12-21.33.33:531][ 54]LogBlueprintUserMessages: [BP_SwarmEnemy_2] "Përsiguiendo"
[2025.10.12-21.33.34:031][114]LogBlueprintUserMessages: [BP_SwarmEnemy_2] "Përsiguiendo"
[2025.10.12-21.33.34:531][174]LogBlueprintUserMessages: [BP_SwarmEnemy_2] "Përsiguiendo"
[2025.10.12-21.33.34:639][187]LogBlueprintUserMessages: [BP_TrailDamage_C_1] Destruido
[2025.10.12-21.33.34:640][187]LogBlueprintUserMessages: [BP_SwarmEnemy_2] Trail creado
[2025.10.12-21.33.35:032][234]LogBlueprintUserMessages: [BP_SwarmEnemy_2] "Përsiguiendo"
[2025.10.12-21.33.35:531][294]LogBlueprintUserMessages: [BP_SwarmEnemy_2] "Përsiguiendo"
[2025.10.12-21.33.37:896][575]LogSlate: Updating window title bar state: overlay mode, drag disabled, window buttons hidden, title bar hidden
[2025.10.12-21.33.37:896][575]LogWorld: BeginTearingDown for /Game/Maps/UEDPIE_0_ComidaVivaIA
[2025.10.12-21.33.37:896][575]LogWorld: UWorld::CleanupWorld for ComidaVivaIA, bSessionEnded=true, bCleanupResources=true
[2025.10.12-21.33.37:896][575]LogSlate: InvalidateAllWidgets triggered.  All widgets were invalidated
[2025.10.12-21.33.37:906][575]LogPlayLevel: Display: Shutting down PIE online subsystems
[2025.10.12-21.33.37:908][575]LogSlate: InvalidateAllWidgets triggered.  All widgets were invalidated
[2025.10.12-21.33.37:912][575]LogSlate: Updating window title bar state: overlay mode, drag disabled, window buttons hidden, title bar hidden
[2025.10.12-21.33.37:913][575]LogAudioMixer: FMixerPlatformXAudio2::StopAudioStream() called
[2025.10.12-21.33.37:913][575]LogAudioMixer: FMixerPlatformXAudio2::StopAudioStream() called
[2025.10.12-21.33.37:919][575]LogUObjectHash: Compacting FUObjectHashTables data took   0.77ms
[2025.10.12-21.33.37:973][579]LogPlayLevel: Display: Destroying online subsystem :Context_1
[2025.10.12-21.33.39:567][767]LogTemp: Repeating last play command: Selected Viewport
[2025.10.12-21.33.39:572][767]LogPlayLevel: PlayLevel: No blueprints needed recompiling
[2025.10.12-21.33.39:572][767]PIE: New page: PIE session: ComidaVivaIA (Oct 12, 2025, 10:33:39 AM)
[2025.10.12-21.33.39:595][767]LogPlayLevel: Creating play world package: /Game/Maps/UEDPIE_0_ComidaVivaIA
[2025.10.12-21.33.39:597][767]LogPlayLevel: PIE: StaticDuplicateObject took: (0.002620s)
[2025.10.12-21.33.39:598][767]LogAIModule: Creating AISystem for world ComidaVivaIA
[2025.10.12-21.33.39:598][767]LogPlayLevel: PIE: World Init took: (0.000928s)
[2025.10.12-21.33.39:598][767]LogPlayLevel: PIE: Created PIE world by copying editor world from /Game/Maps/ComidaVivaIA.ComidaVivaIA to /Game/Maps/UEDPIE_0_ComidaVivaIA.ComidaVivaIA (0.003649s)
[2025.10.12-21.33.39:602][767]LogUObjectHash: Compacting FUObjectHashTables data took   0.57ms
[2025.10.12-21.33.39:603][767]LogAudio: Display: Creating Audio Device:                 Id: 3, Scope: Unique, Realtime: True
[2025.10.12-21.33.39:603][767]LogAudioMixer: Display: Audio Mixer Platform Settings:
[2025.10.12-21.33.39:603][767]LogAudioMixer: Display: 	Sample Rate:						  48000
[2025.10.12-21.33.39:603][767]LogAudioMixer: Display: 	Callback Buffer Frame Size Requested: 1024
[2025.10.12-21.33.39:603][767]LogAudioMixer: Display: 	Callback Buffer Frame Size To Use:	  1024
[2025.10.12-21.33.39:603][767]LogAudioMixer: Display: 	Number of buffers to queue:			  2
[2025.10.12-21.33.39:603][767]LogAudioMixer: Display: 	Max Channels (voices):				  32
[2025.10.12-21.33.39:603][767]LogAudioMixer: Display: 	Number of Async Source Workers:		  0
[2025.10.12-21.33.39:603][767]LogAudio: Display: AudioDevice MaxSources: 32
[2025.10.12-21.33.39:603][767]LogAudio: Display: Audio Spatialization Plugin: None (built-in).
[2025.10.12-21.33.39:603][767]LogAudio: Display: Audio Reverb Plugin: None (built-in).
[2025.10.12-21.33.39:603][767]LogAudio: Display: Audio Occlusion Plugin: None (built-in).
[2025.10.12-21.33.39:603][767]LogAudioMixer: Display: Initializing audio mixer.
[2025.10.12-21.33.39:606][767]LogAudioMixer: Display: 0: FrontLeft
[2025.10.12-21.33.39:606][767]LogAudioMixer: Display: 1: FrontRight
[2025.10.12-21.33.39:612][767]LogAudioMixer: Display: Using Audio Device LC24RG50 (NVIDIA High Definition Audio)
[2025.10.12-21.33.39:612][767]LogAudioMixer: Display: Initializing Sound Submixes...
[2025.10.12-21.33.39:612][767]LogAudioMixer: Display: Creating Master Submix 'MasterSubmixDefault'
[2025.10.12-21.33.39:612][767]LogAudioMixer: Display: Creating Master Submix 'MasterReverbSubmixDefault'
[2025.10.12-21.33.39:613][767]LogAudioMixer: Display: Creating Master Submix 'MasterEQSubmixDefault'
[2025.10.12-21.33.39:613][767]LogAudioMixer: FMixerPlatformXAudio2::StartAudioStream() called
[2025.10.12-21.33.39:613][767]LogAudioMixer: Display: Output buffers initialized: Frames=1024, Channels=2, Samples=2048
[2025.10.12-21.33.39:614][767]LogAudioMixer: Display: Starting AudioMixerPlatformInterface::RunInternal()
[2025.10.12-21.33.39:614][767]LogAudioMixer: Display: FMixerPlatformXAudio2::SubmitBuffer() called for the first time
[2025.10.12-21.33.39:614][767]LogInit: FAudioDevice initialized.
[2025.10.12-21.33.39:614][767]LogAudio: Display: Audio Device (ID: 3) registered with world 'ComidaVivaIA'.
[2025.10.12-21.33.39:619][767]LogLoad: Game class is 'BP_GameMode_C'
[2025.10.12-21.33.39:621][767]LogWorld: Bringing World /Game/Maps/UEDPIE_0_ComidaVivaIA.ComidaVivaIA up for play (max tick rate 0) at 2025.10.12-15.33.39
[2025.10.12-21.33.39:621][767]LogWorld: Bringing up level for play took: 0.001102
[2025.10.12-21.33.39:621][767]LogOnline: OSS: Creating online subsystem instance for: :Context_2
[2025.10.12-21.33.39:623][767]LogBlueprintUserMessages: [BP_ClareCharacter_C_0] BP_Sarten
[2025.10.12-21.33.39:625][767]LogBlueprintUserMessages: [BP_ClareCharacter_C_0] BP_Olla
[2025.10.12-21.33.39:627][767]LogBlueprintUserMessages: [BP_ClareCharacter_C_0] BP_LlaveInglesa
[2025.10.12-21.33.39:628][767]LogBlueprintUserMessages: [BP_ClareCharacter_C_0] BP_Escoba
[2025.10.12-21.33.39:630][767]LogBlueprintUserMessages: [BP_ClareCharacter_C_0] BP_Trapeador
[2025.10.12-21.33.39:631][767]LogBlueprintUserMessages: [BP_ClareCharacter_C_0] BP_Extintor
[2025.10.12-21.33.39:632][767]LogBlueprintUserMessages: [BP_ClareCharacter_C_0] BP_Cuchillo
[2025.10.12-21.33.39:634][767]PIE: Server logged in
[2025.10.12-21.33.39:635][767]PIE: Play in editor total start time 0.063 seconds.
[2025.10.12-21.33.40:049][816]LogBlueprintUserMessages: [BP_SwarmEnemy_2] "Përsiguiendo"
[2025.10.12-21.33.40:549][876]LogBlueprintUserMessages: [BP_SwarmEnemy_2] "Përsiguiendo"
[2025.10.12-21.33.41:049][936]LogBlueprintUserMessages: [BP_SwarmEnemy_2] "Përsiguiendo"
[2025.10.12-21.33.41:550][996]LogBlueprintUserMessages: [BP_SwarmEnemy_2] "Përsiguiendo"
[2025.10.12-21.33.42:050][ 56]LogBlueprintUserMessages: [BP_SwarmEnemy_2] "Përsiguiendo"
[2025.10.12-21.33.42:549][116]LogBlueprintUserMessages: [BP_SwarmEnemy_2] "Përsiguiendo"
[2025.10.12-21.33.43:050][176]LogBlueprintUserMessages: [BP_SwarmEnemy_2] "Përsiguiendo"
[2025.10.12-21.33.43:550][236]LogBlueprintUserMessages: [BP_SwarmEnemy_2] "Përsiguiendo"
[2025.10.12-21.33.44:050][296]LogBlueprintUserMessages: [BP_SwarmEnemy_2] "Përsiguiendo"
[2025.10.12-21.33.44:550][356]LogBlueprintUserMessages: [BP_SwarmEnemy_2] "Përsiguiendo"
[2025.10.12-21.33.44:567][358]LogBlueprintUserMessages: [BP_TrailDamage_2] Destruido
[2025.10.12-21.33.44:575][359]LogBlueprintUserMessages: [BP_SwarmEnemy_2] Trail creado
[2025.10.12-21.33.44:783][384]LogBlueprintUserMessages: [BP_ClareCharacter_C_0] Vida45.0
[2025.10.12-21.33.49:574][959]LogBlueprintUserMessages: [BP_TrailDamage_C_0] Destruido
[2025.10.12-21.33.49:575][959]LogBlueprintUserMessages: [BP_SwarmEnemy_2] Trail creado
[2025.10.12-21.33.54:575][559]LogBlueprintUserMessages: [BP_TrailDamage_C_1] Destruido
[2025.10.12-21.33.54:575][559]LogBlueprintUserMessages: [BP_SwarmEnemy_2] Trail creado
[2025.10.12-21.33.59:574][159]LogBlueprintUserMessages: [BP_TrailDamage_C_2] Destruido
[2025.10.12-21.33.59:575][159]LogBlueprintUserMessages: [BP_SwarmEnemy_2] Trail creado
[2025.10.12-21.34.04:575][759]LogBlueprintUserMessages: [BP_TrailDamage_C_3] Destruido
[2025.10.12-21.34.04:575][759]LogBlueprintUserMessages: [BP_SwarmEnemy_2] Trail creado
[2025.10.12-21.34.08:816][268]LogBlueprintUserMessages: [BP_ClareCharacter_C_0] Vida40.0
[2025.10.12-21.34.09:050][296]LogBlueprintUserMessages: [BP_SwarmEnemy_2] "Përsiguiendo"
[2025.10.12-21.34.09:575][359]LogBlueprintUserMessages: [BP_TrailDamage_C_4] Destruido
[2025.10.12-21.34.09:576][359]LogBlueprintUserMessages: [BP_SwarmEnemy_2] Trail creado
[2025.10.12-21.34.11:974][642]LogSlate: Updating window title bar state: overlay mode, drag disabled, window buttons hidden, title bar hidden
[2025.10.12-21.34.11:974][642]LogWorld: BeginTearingDown for /Game/Maps/UEDPIE_0_ComidaVivaIA
[2025.10.12-21.34.11:974][642]LogWorld: UWorld::CleanupWorld for ComidaVivaIA, bSessionEnded=true, bCleanupResources=true
[2025.10.12-21.34.11:975][642]LogSlate: InvalidateAllWidgets triggered.  All widgets were invalidated
[2025.10.12-21.34.11:984][642]LogPlayLevel: Display: Shutting down PIE online subsystems
[2025.10.12-21.34.11:986][642]LogSlate: InvalidateAllWidgets triggered.  All widgets were invalidated
[2025.10.12-21.34.11:991][642]LogSlate: Updating window title bar state: overlay mode, drag disabled, window buttons hidden, title bar hidden
[2025.10.12-21.34.11:991][642]LogAudioMixer: FMixerPlatformXAudio2::StopAudioStream() called
[2025.10.12-21.34.11:992][642]LogAudioMixer: FMixerPlatformXAudio2::StopAudioStream() called
[2025.10.12-21.34.11:996][642]LogUObjectHash: Compacting FUObjectHashTables data took   0.67ms
[2025.10.12-21.34.12:034][644]LogPlayLevel: Display: Destroying online subsystem :Context_2
[2025.10.12-21.37.37:657][144]LogScript: Warning: Accessed None trying to read property CallFunc_TryGetPawnOwner_ReturnValue
	ABP_Swarm_C /Engine/Transient.World_2:PersistentLevel.SkeletalMeshActor_0.SkeletalMeshComponent0.ABP_Swarm_C_0
	Function /Game/Characters/Content_Enemies/BP_Rata/ABP_Swarm.ABP_Swarm_C:ExecuteUbergraph_ABP_Swarm:00D8
[2025.10.12-21.37.40:168][439]LogAssetEditorSubsystem: Opening Asset editor for Blueprint /Game/Characters/Content_Enemies/BP_Rata/BP_TrailDamage.BP_TrailDamage
[2025.10.12-21.37.40:271][439]LogNativeClassHierarchy: Verbose: Native class hierarchy updated for 'BlueprintGraph' in 0.0004 seconds. Added 126 classes and 0 folders.
[2025.10.12-21.37.40:909][439]LogSlate: Took 0.000133 seconds to synchronously load lazily loaded font '../../../Engine/Content/Slate/Fonts/Roboto-BoldCondensed.ttf' (158K)
[2025.10.12-21.37.40:932][440]LogSlate: Took 0.000137 seconds to synchronously load lazily loaded font '../../../Engine/Content/Slate/Fonts/Roboto-Italic.ttf' (157K)
[2025.10.12-21.38.21:937][530]BlueprintLog: New page: Compile BP_TrailDamage
[2025.10.12-21.38.21:964][530]LogUObjectHash: Compacting FUObjectHashTables data took   1.84ms
[2025.10.12-21.38.22:470][584]LogSavePackage: Moving 'C:/Users/PC/Documents/GitHub/TasteOfMadness/TasteOfMadness/Saved/BP_TrailDamage4D843EB441DD2DB31B71ED82EE68D249.tmp' to 'C:/Users/PC/Documents/GitHub/TasteOfMadness/TasteOfMadness/Content/Characters/Content_Enemies/BP_Rata/BP_TrailDamage.uasset'
[2025.10.12-21.38.22:483][584]AssetCheck: New page: Asset Save: BP_TrailDamage
[2025.10.12-21.38.22:483][584]LogContentValidation: Display: Validating Blueprint /Game/Characters/Content_Enemies/BP_Rata/BP_TrailDamage.BP_TrailDamage
[2025.10.12-21.38.41:220][319]BlueprintLog: New page: Compile BP_TrailDamage
[2025.10.12-21.38.41:247][319]LogUObjectHash: Compacting FUObjectHashTables data took   1.97ms
[2025.10.12-21.38.41:887][388]LogSavePackage: Moving 'C:/Users/PC/Documents/GitHub/TasteOfMadness/TasteOfMadness/Saved/BP_TrailDamageC9976B2344F5A0DAD4E8F2A332AB8AB9.tmp' to 'C:/Users/PC/Documents/GitHub/TasteOfMadness/TasteOfMadness/Content/Characters/Content_Enemies/BP_Rata/BP_TrailDamage.uasset'
[2025.10.12-21.38.41:900][388]AssetCheck: New page: Asset Save: BP_TrailDamage
[2025.10.12-21.38.41:900][388]LogContentValidation: Display: Validating Blueprint /Game/Characters/Content_Enemies/BP_Rata/BP_TrailDamage.BP_TrailDamage
[2025.10.12-21.38.43:263][542]Cmd: OBJ SAVEPACKAGE PACKAGE="/Game/Maps/ComidaVivaIA" FILE="C:/Users/PC/Documents/GitHub/TasteOfMadness/TasteOfMadness/Content/Maps/ComidaVivaIA.umap" SILENT=true AUTOSAVING=false KEEPDIRTY=false
[2025.10.12-21.38.43:279][542]LogUObjectHash: Compacting FUObjectHashTables data took   1.87ms
[2025.10.12-21.38.43:286][542]LogSavePackage: Moving 'C:/Users/PC/Documents/GitHub/TasteOfMadness/TasteOfMadness/Saved/ComidaVivaIABB6CC2054634DDA979D4FBA21A9D7D95.tmp' to 'C:/Users/PC/Documents/GitHub/TasteOfMadness/TasteOfMadness/Content/Maps/ComidaVivaIA.umap'
[2025.10.12-21.38.43:314][542]AssetCheck: New page: Asset Save: ComidaVivaIA
[2025.10.12-21.38.43:314][542]LogContentValidation: Display: Validating World /Game/Maps/ComidaVivaIA.ComidaVivaIA
[2025.10.12-21.38.45:018][746]LogTemp: Repeating last play command: Selected Viewport
[2025.10.12-21.38.45:025][746]LogPlayLevel: PlayLevel: No blueprints needed recompiling
[2025.10.12-21.38.45:025][746]PIE: New page: PIE session: ComidaVivaIA (Oct 12, 2025, 10:38:45 AM)
[2025.10.12-21.38.45:053][746]LogPlayLevel: Creating play world package: /Game/Maps/UEDPIE_0_ComidaVivaIA
[2025.10.12-21.38.45:055][746]LogPlayLevel: PIE: StaticDuplicateObject took: (0.002547s)
[2025.10.12-21.38.45:056][746]LogAIModule: Creating AISystem for world ComidaVivaIA
[2025.10.12-21.38.45:056][746]LogPlayLevel: PIE: World Init took: (0.000942s)
[2025.10.12-21.38.45:056][746]LogPlayLevel: PIE: Created PIE world by copying editor world from /Game/Maps/ComidaVivaIA.ComidaVivaIA to /Game/Maps/UEDPIE_0_ComidaVivaIA.ComidaVivaIA (0.003591s)
[2025.10.12-21.38.45:072][746]LogUObjectHash: Compacting FUObjectHashTables data took   1.86ms
[2025.10.12-21.38.45:072][746]LogAudio: Display: Creating Audio Device:                 Id: 4, Scope: Unique, Realtime: True
[2025.10.12-21.38.45:072][746]LogAudioMixer: Display: Audio Mixer Platform Settings:
[2025.10.12-21.38.45:072][746]LogAudioMixer: Display: 	Sample Rate:						  48000
[2025.10.12-21.38.45:072][746]LogAudioMixer: Display: 	Callback Buffer Frame Size Requested: 1024
[2025.10.12-21.38.45:072][746]LogAudioMixer: Display: 	Callback Buffer Frame Size To Use:	  1024
[2025.10.12-21.38.45:072][746]LogAudioMixer: Display: 	Number of buffers to queue:			  2
[2025.10.12-21.38.45:072][746]LogAudioMixer: Display: 	Max Channels (voices):				  32
[2025.10.12-21.38.45:072][746]LogAudioMixer: Display: 	Number of Async Source Workers:		  0
[2025.10.12-21.38.45:072][746]LogAudio: Display: AudioDevice MaxSources: 32
[2025.10.12-21.38.45:073][746]LogAudio: Display: Audio Spatialization Plugin: None (built-in).
[2025.10.12-21.38.45:073][746]LogAudio: Display: Audio Reverb Plugin: None (built-in).
[2025.10.12-21.38.45:073][746]LogAudio: Display: Audio Occlusion Plugin: None (built-in).
[2025.10.12-21.38.45:073][746]LogAudioMixer: Display: Initializing audio mixer.
[2025.10.12-21.38.45:075][746]LogAudioMixer: Display: 0: FrontLeft
[2025.10.12-21.38.45:075][746]LogAudioMixer: Display: 1: FrontRight
[2025.10.12-21.38.45:082][746]LogAudioMixer: Display: Using Audio Device LC24RG50 (NVIDIA High Definition Audio)
[2025.10.12-21.38.45:082][746]LogAudioMixer: Display: Initializing Sound Submixes...
[2025.10.12-21.38.45:082][746]LogAudioMixer: Display: Creating Master Submix 'MasterSubmixDefault'
[2025.10.12-21.38.45:082][746]LogAudioMixer: Display: Creating Master Submix 'MasterReverbSubmixDefault'
[2025.10.12-21.38.45:082][746]LogAudioMixer: Display: Creating Master Submix 'MasterEQSubmixDefault'
[2025.10.12-21.38.45:082][746]LogAudioMixer: FMixerPlatformXAudio2::StartAudioStream() called
[2025.10.12-21.38.45:082][746]LogAudioMixer: Display: Output buffers initialized: Frames=1024, Channels=2, Samples=2048
[2025.10.12-21.38.45:083][746]LogAudioMixer: Display: Starting AudioMixerPlatformInterface::RunInternal()
[2025.10.12-21.38.45:083][746]LogAudioMixer: Display: FMixerPlatformXAudio2::SubmitBuffer() called for the first time
[2025.10.12-21.38.45:083][746]LogInit: FAudioDevice initialized.
[2025.10.12-21.38.45:083][746]LogAudio: Display: Audio Device (ID: 4) registered with world 'ComidaVivaIA'.
[2025.10.12-21.38.45:090][746]LogLoad: Game class is 'BP_GameMode_C'
[2025.10.12-21.38.45:092][746]LogWorld: Bringing World /Game/Maps/UEDPIE_0_ComidaVivaIA.ComidaVivaIA up for play (max tick rate 0) at 2025.10.12-15.38.45
[2025.10.12-21.38.45:092][746]LogWorld: Bringing up level for play took: 0.001060
[2025.10.12-21.38.45:092][746]LogOnline: OSS: Creating online subsystem instance for: :Context_7
[2025.10.12-21.38.45:094][746]LogBlueprintUserMessages: [BP_ClareCharacter_C_0] BP_Sarten
[2025.10.12-21.38.45:096][746]LogBlueprintUserMessages: [BP_ClareCharacter_C_0] BP_Olla
[2025.10.12-21.38.45:098][746]LogBlueprintUserMessages: [BP_ClareCharacter_C_0] BP_LlaveInglesa
[2025.10.12-21.38.45:099][746]LogBlueprintUserMessages: [BP_ClareCharacter_C_0] BP_Escoba
[2025.10.12-21.38.45:101][746]LogBlueprintUserMessages: [BP_ClareCharacter_C_0] BP_Trapeador
[2025.10.12-21.38.45:102][746]LogBlueprintUserMessages: [BP_ClareCharacter_C_0] BP_Extintor
[2025.10.12-21.38.45:104][746]LogBlueprintUserMessages: [BP_ClareCharacter_C_0] BP_Cuchillo
[2025.10.12-21.38.45:105][746]PIE: Server logged in
[2025.10.12-21.38.45:106][746]PIE: Play in editor total start time 0.083 seconds.
[2025.10.12-21.38.45:480][790]LogBlueprintUserMessages: [BP_SwarmEnemy_2] "Përsiguiendo"
[2025.10.12-21.38.45:979][850]LogBlueprintUserMessages: [BP_SwarmEnemy_2] "Përsiguiendo"
[2025.10.12-21.38.48:979][210]LogBlueprintUserMessages: [BP_SwarmEnemy_2] "Përsiguiendo"
[2025.10.12-21.38.49:479][270]LogBlueprintUserMessages: [BP_SwarmEnemy_2] "Përsiguiendo"
[2025.10.12-21.38.49:979][330]LogBlueprintUserMessages: [BP_SwarmEnemy_2] "Përsiguiendo"
[2025.10.12-21.38.50:012][334]LogBlueprintUserMessages: [BP_TrailDamage_2] Destruido
[2025.10.12-21.38.50:021][335]LogBlueprintUserMessages: [BP_SwarmEnemy_2] Trail creado
[2025.10.12-21.38.50:479][390]LogBlueprintUserMessages: [BP_SwarmEnemy_2] "Përsiguiendo"
[2025.10.12-21.38.50:979][450]LogBlueprintUserMessages: [BP_SwarmEnemy_2] "Përsiguiendo"
[2025.10.12-21.38.51:479][510]LogBlueprintUserMessages: [BP_SwarmEnemy_2] "Përsiguiendo"
[2025.10.12-21.38.51:979][570]LogBlueprintUserMessages: [BP_SwarmEnemy_2] "Përsiguiendo"
[2025.10.12-21.38.52:479][630]LogBlueprintUserMessages: [BP_SwarmEnemy_2] "Përsiguiendo"
[2025.10.12-21.38.52:980][690]LogBlueprintUserMessages: [BP_SwarmEnemy_2] "Përsiguiendo"
[2025.10.12-21.38.53:480][750]LogBlueprintUserMessages: [BP_SwarmEnemy_2] "Përsiguiendo"
[2025.10.12-21.38.53:980][810]LogBlueprintUserMessages: [BP_SwarmEnemy_2] "Përsiguiendo"
[2025.10.12-21.38.54:480][870]LogBlueprintUserMessages: [BP_SwarmEnemy_2] "Përsiguiendo"
[2025.10.12-21.38.54:979][930]LogBlueprintUserMessages: [BP_SwarmEnemy_2] "Përsiguiendo"
[2025.10.12-21.38.55:021][935]LogBlueprintUserMessages: [BP_TrailDamage_C_0] Destruido
[2025.10.12-21.38.55:021][935]LogBlueprintUserMessages: [BP_SwarmEnemy_2] Trail creado
[2025.10.12-21.38.55:479][990]LogBlueprintUserMessages: [BP_SwarmEnemy_2] "Përsiguiendo"
[2025.10.12-21.38.55:988][ 49]LogBlueprintUserMessages: [BP_SwarmEnemy_2] "Përsiguiendo"
[2025.10.12-21.38.56:488][109]LogBlueprintUserMessages: [BP_SwarmEnemy_2] "Përsiguiendo"
[2025.10.12-21.38.56:987][169]LogBlueprintUserMessages: [BP_SwarmEnemy_2] "Përsiguiendo"
[2025.10.12-21.38.57:487][229]LogBlueprintUserMessages: [BP_SwarmEnemy_2] "Përsiguiendo"
[2025.10.12-21.38.58:988][409]LogBlueprintUserMessages: [BP_SwarmEnemy_2] "Përsiguiendo"
[2025.10.12-21.39.00:022][533]LogBlueprintUserMessages: [BP_SwarmEnemy_2] Trail creado
[2025.10.12-21.39.00:030][534]LogBlueprintUserMessages: [BP_TrailDamage_C_1] Destruido
[2025.10.12-21.39.00:488][589]LogBlueprintUserMessages: [BP_SwarmEnemy_2] "Përsiguiendo"
[2025.10.12-21.39.00:987][649]LogBlueprintUserMessages: [BP_SwarmEnemy_2] "Përsiguiendo"
[2025.10.12-21.39.01:488][709]LogBlueprintUserMessages: [BP_SwarmEnemy_2] "Përsiguiendo"
[2025.10.12-21.39.01:988][769]LogBlueprintUserMessages: [BP_SwarmEnemy_2] "Përsiguiendo"
[2025.10.12-21.39.02:487][829]LogBlueprintUserMessages: [BP_SwarmEnemy_2] "Përsiguiendo"
[2025.10.12-21.39.02:987][889]LogBlueprintUserMessages: [BP_SwarmEnemy_2] "Përsiguiendo"
[2025.10.12-21.39.03:488][949]LogBlueprintUserMessages: [BP_SwarmEnemy_2] "Përsiguiendo"
[2025.10.12-21.39.03:988][  9]LogBlueprintUserMessages: [BP_SwarmEnemy_2] "Përsiguiendo"
[2025.10.12-21.39.04:487][ 69]LogBlueprintUserMessages: [BP_SwarmEnemy_2] "Përsiguiendo"
[2025.10.12-21.39.04:988][129]LogBlueprintUserMessages: [BP_SwarmEnemy_2] "Përsiguiendo"
[2025.10.12-21.39.05:021][133]LogBlueprintUserMessages: [BP_TrailDamage_C_2] Destruido
[2025.10.12-21.39.05:021][133]LogBlueprintUserMessages: [BP_SwarmEnemy_2] Trail creado
[2025.10.12-21.39.05:487][189]LogBlueprintUserMessages: [BP_SwarmEnemy_2] "Përsiguiendo"
[2025.10.12-21.39.05:987][249]LogBlueprintUserMessages: [BP_SwarmEnemy_2] "Përsiguiendo"
[2025.10.12-21.39.06:487][309]LogBlueprintUserMessages: [BP_SwarmEnemy_2] "Përsiguiendo"
[2025.10.12-21.39.06:988][369]LogBlueprintUserMessages: [BP_SwarmEnemy_2] "Përsiguiendo"
[2025.10.12-21.39.07:487][429]LogBlueprintUserMessages: [BP_SwarmEnemy_2] "Përsiguiendo"
[2025.10.12-21.39.07:988][489]LogBlueprintUserMessages: [BP_SwarmEnemy_2] "Përsiguiendo"
[2025.10.12-21.39.08:488][549]LogBlueprintUserMessages: [BP_SwarmEnemy_2] "Përsiguiendo"
[2025.10.12-21.39.08:988][609]LogBlueprintUserMessages: [BP_SwarmEnemy_2] "Përsiguiendo"
[2025.10.12-21.39.09:055][617]LogBlueprintUserMessages: [BP_ClareCharacter_C_0] Vida45.0
[2025.10.12-21.39.09:488][669]LogBlueprintUserMessages: [BP_SwarmEnemy_2] "Përsiguiendo"
[2025.10.12-21.39.09:988][729]LogBlueprintUserMessages: [BP_SwarmEnemy_2] "Përsiguiendo"
[2025.10.12-21.39.10:022][733]LogBlueprintUserMessages: [BP_TrailDamage_C_3] Destruido
[2025.10.12-21.39.10:022][733]LogBlueprintUserMessages: [BP_SwarmEnemy_2] Trail creado
[2025.10.12-21.39.10:488][789]LogBlueprintUserMessages: [BP_SwarmEnemy_2] "Përsiguiendo"
[2025.10.12-21.39.10:733][815]LogSlate: Updating window title bar state: overlay mode, drag disabled, window buttons hidden, title bar hidden
[2025.10.12-21.39.10:733][815]LogWorld: BeginTearingDown for /Game/Maps/UEDPIE_0_ComidaVivaIA
[2025.10.12-21.39.10:733][815]LogWorld: UWorld::CleanupWorld for ComidaVivaIA, bSessionEnded=true, bCleanupResources=true
[2025.10.12-21.39.10:734][815]LogSlate: InvalidateAllWidgets triggered.  All widgets were invalidated
[2025.10.12-21.39.10:740][815]LogPlayLevel: Display: Shutting down PIE online subsystems
[2025.10.12-21.39.10:743][815]LogSlate: InvalidateAllWidgets triggered.  All widgets were invalidated
[2025.10.12-21.39.10:756][815]LogAudio: Display: Audio Device unregistered from world 'None'.
[2025.10.12-21.39.10:757][815]LogAudioMixer: FMixerPlatformXAudio2::StopAudioStream() called
[2025.10.12-21.39.10:757][815]LogAudioMixer: FMixerPlatformXAudio2::StopAudioStream() called
[2025.10.12-21.39.10:759][815]LogSlate: Updating window title bar state: overlay mode, drag disabled, window buttons hidden, title bar hidden
[2025.10.12-21.39.10:762][815]LogUObjectHash: Compacting FUObjectHashTables data took   1.53ms
[2025.10.12-21.39.10:810][818]LogPlayLevel: Display: Destroying online subsystem :Context_7
[2025.10.12-21.39.10:901][829]Cmd: SELECT NONE
[2025.10.12-21.39.13:320][116]LogTemp: Repeating last play command: Selected Viewport
[2025.10.12-21.39.13:325][116]LogPlayLevel: PlayLevel: No blueprints needed recompiling
[2025.10.12-21.39.13:325][116]PIE: New page: PIE session: ComidaVivaIA (Oct 12, 2025, 10:39:13 AM)
[2025.10.12-21.39.13:362][116]LogPlayLevel: Creating play world package: /Game/Maps/UEDPIE_0_ComidaVivaIA
[2025.10.12-21.39.13:364][116]LogPlayLevel: PIE: StaticDuplicateObject took: (0.002441s)
[2025.10.12-21.39.13:365][116]LogAIModule: Creating AISystem for world ComidaVivaIA
[2025.10.12-21.39.13:365][116]LogPlayLevel: PIE: World Init took: (0.000903s)
[2025.10.12-21.39.13:365][116]LogPlayLevel: PIE: Created PIE world by copying editor world from /Game/Maps/ComidaVivaIA.ComidaVivaIA to /Game/Maps/UEDPIE_0_ComidaVivaIA.ComidaVivaIA (0.003469s)
[2025.10.12-21.39.13:380][116]LogUObjectHash: Compacting FUObjectHashTables data took   1.53ms
[2025.10.12-21.39.13:381][116]LogAudio: Display: Creating Audio Device:                 Id: 5, Scope: Unique, Realtime: True
[2025.10.12-21.39.13:381][116]LogAudioMixer: Display: Audio Mixer Platform Settings:
[2025.10.12-21.39.13:381][116]LogAudioMixer: Display: 	Sample Rate:						  48000
[2025.10.12-21.39.13:381][116]LogAudioMixer: Display: 	Callback Buffer Frame Size Requested: 1024
[2025.10.12-21.39.13:381][116]LogAudioMixer: Display: 	Callback Buffer Frame Size To Use:	  1024
[2025.10.12-21.39.13:381][116]LogAudioMixer: Display: 	Number of buffers to queue:			  2
[2025.10.12-21.39.13:381][116]LogAudioMixer: Display: 	Max Channels (voices):				  32
[2025.10.12-21.39.13:381][116]LogAudioMixer: Display: 	Number of Async Source Workers:		  0
[2025.10.12-21.39.13:381][116]LogAudio: Display: AudioDevice MaxSources: 32
[2025.10.12-21.39.13:381][116]LogAudio: Display: Audio Spatialization Plugin: None (built-in).
[2025.10.12-21.39.13:381][116]LogAudio: Display: Audio Reverb Plugin: None (built-in).
[2025.10.12-21.39.13:381][116]LogAudio: Display: Audio Occlusion Plugin: None (built-in).
[2025.10.12-21.39.13:381][116]LogAudioMixer: Display: Initializing audio mixer.
[2025.10.12-21.39.13:384][116]LogAudioMixer: Display: 0: FrontLeft
[2025.10.12-21.39.13:384][116]LogAudioMixer: Display: 1: FrontRight
[2025.10.12-21.39.13:390][116]LogAudioMixer: Display: Using Audio Device LC24RG50 (NVIDIA High Definition Audio)
[2025.10.12-21.39.13:390][116]LogAudioMixer: Display: Initializing Sound Submixes...
[2025.10.12-21.39.13:390][116]LogAudioMixer: Display: Creating Master Submix 'MasterSubmixDefault'
[2025.10.12-21.39.13:390][116]LogAudioMixer: Display: Creating Master Submix 'MasterReverbSubmixDefault'
[2025.10.12-21.39.13:391][116]LogAudioMixer: Display: Creating Master Submix 'MasterEQSubmixDefault'
[2025.10.12-21.39.13:391][116]LogAudioMixer: FMixerPlatformXAudio2::StartAudioStream() called
[2025.10.12-21.39.13:391][116]LogAudioMixer: Display: Output buffers initialized: Frames=1024, Channels=2, Samples=2048
[2025.10.12-21.39.13:392][116]LogAudioMixer: Display: Starting AudioMixerPlatformInterface::RunInternal()
[2025.10.12-21.39.13:392][116]LogAudioMixer: Display: FMixerPlatformXAudio2::SubmitBuffer() called for the first time
[2025.10.12-21.39.13:392][116]LogInit: FAudioDevice initialized.
[2025.10.12-21.39.13:392][116]LogAudio: Display: Audio Device (ID: 5) registered with world 'ComidaVivaIA'.
[2025.10.12-21.39.13:402][116]LogLoad: Game class is 'BP_GameMode_C'
[2025.10.12-21.39.13:404][116]LogWorld: Bringing World /Game/Maps/UEDPIE_0_ComidaVivaIA.ComidaVivaIA up for play (max tick rate 0) at 2025.10.12-15.39.13
[2025.10.12-21.39.13:404][116]LogWorld: Bringing up level for play took: 0.001022
[2025.10.12-21.39.13:404][116]LogOnline: OSS: Creating online subsystem instance for: :Context_8
[2025.10.12-21.39.13:406][116]LogBlueprintUserMessages: [BP_ClareCharacter_C_0] BP_Sarten
[2025.10.12-21.39.13:408][116]LogBlueprintUserMessages: [BP_ClareCharacter_C_0] BP_Olla
[2025.10.12-21.39.13:409][116]LogBlueprintUserMessages: [BP_ClareCharacter_C_0] BP_LlaveInglesa
[2025.10.12-21.39.13:411][116]LogBlueprintUserMessages: [BP_ClareCharacter_C_0] BP_Escoba
[2025.10.12-21.39.13:412][116]LogBlueprintUserMessages: [BP_ClareCharacter_C_0] BP_Trapeador
[2025.10.12-21.39.13:414][116]LogBlueprintUserMessages: [BP_ClareCharacter_C_0] BP_Extintor
[2025.10.12-21.39.13:415][116]LogBlueprintUserMessages: [BP_ClareCharacter_C_0] BP_Cuchillo
[2025.10.12-21.39.13:417][116]PIE: Server logged in
[2025.10.12-21.39.13:417][116]PIE: Play in editor total start time 0.093 seconds.
[2025.10.12-21.39.13:432][117]LogBlueprintUserMessages: [BP_SwarmEnemy_2] "Përsiguiendo"
[2025.10.12-21.39.13:932][177]LogBlueprintUserMessages: [BP_SwarmEnemy_2] "Përsiguiendo"
[2025.10.12-21.39.14:931][297]LogBlueprintUserMessages: [BP_SwarmEnemy_2] "Përsiguiendo"
[2025.10.12-21.39.15:432][357]LogBlueprintUserMessages: [BP_SwarmEnemy_2] "Përsiguiendo"
[2025.10.12-21.39.15:932][417]LogBlueprintUserMessages: [BP_SwarmEnemy_2] "Përsiguiendo"
[2025.10.12-21.39.16:432][477]LogBlueprintUserMessages: [BP_SwarmEnemy_2] "Përsiguiendo"
[2025.10.12-21.39.16:931][537]LogBlueprintUserMessages: [BP_SwarmEnemy_2] "Përsiguiendo"
[2025.10.12-21.39.17:432][597]LogBlueprintUserMessages: [BP_SwarmEnemy_2] "Përsiguiendo"
[2025.10.12-21.39.17:932][657]LogBlueprintUserMessages: [BP_SwarmEnemy_2] "Përsiguiendo"
[2025.10.12-21.39.18:298][701]LogBlueprintUserMessages: [BP_ClareCharacter_C_0] Vida45.0
[2025.10.12-21.39.18:315][703]LogBlueprintUserMessages: [BP_TrailDamage_2] Destruido
[2025.10.12-21.39.18:324][704]LogBlueprintUserMessages: [BP_SwarmEnemy_2] Trail creado
[2025.10.12-21.39.19:932][897]LogBlueprintUserMessages: [BP_SwarmEnemy_2] "Përsiguiendo"
[2025.10.12-21.39.20:432][957]LogBlueprintUserMessages: [BP_SwarmEnemy_2] "Përsiguiendo"
[2025.10.12-21.39.20:932][ 17]LogBlueprintUserMessages: [BP_SwarmEnemy_2] "Përsiguiendo"
[2025.10.12-21.39.23:323][304]LogBlueprintUserMessages: [BP_TrailDamage_C_0] Destruido
[2025.10.12-21.39.23:324][304]LogBlueprintUserMessages: [BP_SwarmEnemy_2] Trail creado
[2025.10.12-21.39.28:323][904]LogBlueprintUserMessages: [BP_TrailDamage_C_1] Destruido
[2025.10.12-21.39.28:324][904]LogBlueprintUserMessages: [BP_SwarmEnemy_2] Trail creado
[2025.10.12-21.39.33:324][504]LogBlueprintUserMessages: [BP_TrailDamage_C_2] Destruido
[2025.10.12-21.39.33:324][504]LogBlueprintUserMessages: [BP_SwarmEnemy_2] Trail creado
[2025.10.12-21.39.38:324][104]LogBlueprintUserMessages: [BP_TrailDamage_C_3] Destruido
[2025.10.12-21.39.38:324][104]LogBlueprintUserMessages: [BP_SwarmEnemy_2] Trail creado
[2025.10.12-21.39.41:612][494]LogSlate: Updating window title bar state: overlay mode, drag disabled, window buttons hidden, title bar hidden
[2025.10.12-21.39.41:612][494]LogWorld: BeginTearingDown for /Game/Maps/UEDPIE_0_ComidaVivaIA
[2025.10.12-21.39.41:612][494]LogWorld: UWorld::CleanupWorld for ComidaVivaIA, bSessionEnded=true, bCleanupResources=true
[2025.10.12-21.39.41:612][494]LogSlate: InvalidateAllWidgets triggered.  All widgets were invalidated
[2025.10.12-21.39.41:616][494]LogPlayLevel: Display: Shutting down PIE online subsystems
[2025.10.12-21.39.41:620][494]LogSlate: InvalidateAllWidgets triggered.  All widgets were invalidated
[2025.10.12-21.39.41:634][494]LogSlate: Updating window title bar state: overlay mode, drag disabled, window buttons hidden, title bar hidden
[2025.10.12-21.39.41:635][494]LogAudioMixer: FMixerPlatformXAudio2::StopAudioStream() called
[2025.10.12-21.39.41:635][494]LogAudioMixer: FMixerPlatformXAudio2::StopAudioStream() called
[2025.10.12-21.39.41:641][494]LogUObjectHash: Compacting FUObjectHashTables data took   1.66ms
[2025.10.12-21.39.41:683][496]LogPlayLevel: Display: Destroying online subsystem :Context_8
[2025.10.12-21.40.09:314][ 67]LogAssetEditorSubsystem: Opening Asset editor for Blueprint /Game/Characters/Content_Enemies/BP_Rata/BP_SwarmEnemy.BP_SwarmEnemy
[2025.10.12-21.40.52:772][116]BlueprintLog: New page: Compile BP_SwarmEnemy
[2025.10.12-21.40.52:811][116]LogUObjectHash: Compacting FUObjectHashTables data took   2.06ms
[2025.10.12-21.40.53:455][181]LogSavePackage: Moving 'C:/Users/PC/Documents/GitHub/TasteOfMadness/TasteOfMadness/Saved/BP_SwarmEnemy4DDC3478494729E8D336CEAC5E26698E.tmp' to 'C:/Users/PC/Documents/GitHub/TasteOfMadness/TasteOfMadness/Content/Characters/Content_Enemies/BP_Rata/BP_SwarmEnemy.uasset'
[2025.10.12-21.40.53:468][181]AssetCheck: New page: Asset Save: BP_SwarmEnemy
[2025.10.12-21.40.53:468][181]LogContentValidation: Display: Validating Blueprint /Game/Characters/Content_Enemies/BP_Rata/BP_SwarmEnemy.BP_SwarmEnemy
[2025.10.12-21.40.56:711][559]LogTemp: Repeating last play command: Selected Viewport
[2025.10.12-21.40.56:718][559]LogPlayLevel: PlayLevel: No blueprints needed recompiling
[2025.10.12-21.40.56:718][559]PIE: New page: PIE session: ComidaVivaIA (Oct 12, 2025, 10:40:56 AM)
[2025.10.12-21.40.56:738][559]LogPlayLevel: Creating play world package: /Game/Maps/UEDPIE_0_ComidaVivaIA
[2025.10.12-21.40.56:740][559]LogPlayLevel: PIE: StaticDuplicateObject took: (0.002601s)
[2025.10.12-21.40.56:741][559]LogAIModule: Creating AISystem for world ComidaVivaIA
[2025.10.12-21.40.56:741][559]LogPlayLevel: PIE: World Init took: (0.000904s)
[2025.10.12-21.40.56:741][559]LogPlayLevel: PIE: Created PIE world by copying editor world from /Game/Maps/ComidaVivaIA.ComidaVivaIA to /Game/Maps/UEDPIE_0_ComidaVivaIA.ComidaVivaIA (0.003604s)
[2025.10.12-21.40.56:760][559]LogUObjectHash: Compacting FUObjectHashTables data took   2.09ms
[2025.10.12-21.40.56:760][559]LogAudio: Display: Creating Audio Device:                 Id: 6, Scope: Unique, Realtime: True
[2025.10.12-21.40.56:760][559]LogAudioMixer: Display: Audio Mixer Platform Settings:
[2025.10.12-21.40.56:760][559]LogAudioMixer: Display: 	Sample Rate:						  48000
[2025.10.12-21.40.56:760][559]LogAudioMixer: Display: 	Callback Buffer Frame Size Requested: 1024
[2025.10.12-21.40.56:760][559]LogAudioMixer: Display: 	Callback Buffer Frame Size To Use:	  1024
[2025.10.12-21.40.56:760][559]LogAudioMixer: Display: 	Number of buffers to queue:			  2
[2025.10.12-21.40.56:760][559]LogAudioMixer: Display: 	Max Channels (voices):				  32
[2025.10.12-21.40.56:760][559]LogAudioMixer: Display: 	Number of Async Source Workers:		  0
[2025.10.12-21.40.56:760][559]LogAudio: Display: AudioDevice MaxSources: 32
[2025.10.12-21.40.56:761][559]LogAudio: Display: Audio Spatialization Plugin: None (built-in).
[2025.10.12-21.40.56:761][559]LogAudio: Display: Audio Reverb Plugin: None (built-in).
[2025.10.12-21.40.56:761][559]LogAudio: Display: Audio Occlusion Plugin: None (built-in).
[2025.10.12-21.40.56:761][559]LogAudioMixer: Display: Initializing audio mixer.
[2025.10.12-21.40.56:763][559]LogAudioMixer: Display: 0: FrontLeft
[2025.10.12-21.40.56:763][559]LogAudioMixer: Display: 1: FrontRight
[2025.10.12-21.40.56:770][559]LogAudioMixer: Display: Using Audio Device LC24RG50 (NVIDIA High Definition Audio)
[2025.10.12-21.40.56:770][559]LogAudioMixer: Display: Initializing Sound Submixes...
[2025.10.12-21.40.56:770][559]LogAudioMixer: Display: Creating Master Submix 'MasterSubmixDefault'
[2025.10.12-21.40.56:770][559]LogAudioMixer: Display: Creating Master Submix 'MasterReverbSubmixDefault'
[2025.10.12-21.40.56:770][559]LogAudioMixer: Display: Creating Master Submix 'MasterEQSubmixDefault'
[2025.10.12-21.40.56:770][559]LogAudioMixer: FMixerPlatformXAudio2::StartAudioStream() called
[2025.10.12-21.40.56:770][559]LogAudioMixer: Display: Output buffers initialized: Frames=1024, Channels=2, Samples=2048
[2025.10.12-21.40.56:771][559]LogAudioMixer: Display: Starting AudioMixerPlatformInterface::RunInternal()
[2025.10.12-21.40.56:771][559]LogAudioMixer: Display: FMixerPlatformXAudio2::SubmitBuffer() called for the first time
[2025.10.12-21.40.56:771][559]LogInit: FAudioDevice initialized.
[2025.10.12-21.40.56:771][559]LogAudio: Display: Audio Device (ID: 6) registered with world 'ComidaVivaIA'.
[2025.10.12-21.40.56:777][559]LogLoad: Game class is 'BP_GameMode_C'
[2025.10.12-21.40.56:778][559]LogWorld: Bringing World /Game/Maps/UEDPIE_0_ComidaVivaIA.ComidaVivaIA up for play (max tick rate 0) at 2025.10.12-15.40.56
[2025.10.12-21.40.56:779][559]LogWorld: Bringing up level for play took: 0.001196
[2025.10.12-21.40.56:779][559]LogOnline: OSS: Creating online subsystem instance for: :Context_11
[2025.10.12-21.40.56:781][559]LogBlueprintUserMessages: [BP_ClareCharacter_C_0] BP_Sarten
[2025.10.12-21.40.56:783][559]LogBlueprintUserMessages: [BP_ClareCharacter_C_0] BP_Olla
[2025.10.12-21.40.56:784][559]LogBlueprintUserMessages: [BP_ClareCharacter_C_0] BP_LlaveInglesa
[2025.10.12-21.40.56:786][559]LogBlueprintUserMessages: [BP_ClareCharacter_C_0] BP_Escoba
[2025.10.12-21.40.56:787][559]LogBlueprintUserMessages: [BP_ClareCharacter_C_0] BP_Trapeador
[2025.10.12-21.40.56:789][559]LogBlueprintUserMessages: [BP_ClareCharacter_C_0] BP_Extintor
[2025.10.12-21.40.56:790][559]LogBlueprintUserMessages: [BP_ClareCharacter_C_0] BP_Cuchillo
[2025.10.12-21.40.56:792][559]PIE: Server logged in
[2025.10.12-21.40.56:793][559]PIE: Play in editor total start time 0.078 seconds.
[2025.10.12-21.40.56:857][566]LogBlueprintUserMessages: [BP_SwarmEnemy_2] "Përsiguiendo"
[2025.10.12-21.40.57:357][626]LogBlueprintUserMessages: [BP_SwarmEnemy_2] "Përsiguiendo"
[2025.10.12-21.40.59:982][941]LogBlueprintUserMessages: [BP_ClareCharacter_C_0] Vida45.0
[2025.10.12-21.41.01:707][148]LogBlueprintUserMessages: [BP_TrailDamage_2] Destruido
[2025.10.12-21.41.01:715][149]LogBlueprintUserMessages: [BP_SwarmEnemy_2] Trail creado
[2025.10.12-21.41.02:357][226]LogBlueprintUserMessages: [BP_SwarmEnemy_2] "Përsiguiendo"
[2025.10.12-21.41.02:858][286]LogBlueprintUserMessages: [BP_SwarmEnemy_2] "Përsiguiendo"
[2025.10.12-21.41.03:357][346]LogBlueprintUserMessages: [BP_SwarmEnemy_2] "Përsiguiendo"
[2025.10.12-21.41.03:858][406]LogBlueprintUserMessages: [BP_SwarmEnemy_2] "Përsiguiendo"
[2025.10.12-21.41.04:357][466]LogBlueprintUserMessages: [BP_SwarmEnemy_2] "Përsiguiendo"
[2025.10.12-21.41.04:857][526]LogBlueprintUserMessages: [BP_SwarmEnemy_2] "Përsiguiendo"
[2025.10.12-21.41.05:357][586]LogBlueprintUserMessages: [BP_SwarmEnemy_2] "Përsiguiendo"
[2025.10.12-21.41.05:858][646]LogBlueprintUserMessages: [BP_SwarmEnemy_2] "Përsiguiendo"
[2025.10.12-21.41.06:358][706]LogBlueprintUserMessages: [BP_SwarmEnemy_2] "Përsiguiendo"
[2025.10.12-21.41.06:716][749]LogBlueprintUserMessages: [BP_TrailDamage_C_0] Destruido
[2025.10.12-21.41.06:716][749]LogBlueprintUserMessages: [BP_SwarmEnemy_2] Trail creado
[2025.10.12-21.41.06:858][766]LogBlueprintUserMessages: [BP_SwarmEnemy_2] "Përsiguiendo"
[2025.10.12-21.41.07:357][826]LogBlueprintUserMessages: [BP_SwarmEnemy_2] "Përsiguiendo"
[2025.10.12-21.41.07:857][886]LogBlueprintUserMessages: [BP_SwarmEnemy_2] "Përsiguiendo"
[2025.10.12-21.41.08:357][946]LogBlueprintUserMessages: [BP_SwarmEnemy_2] "Përsiguiendo"
[2025.10.12-21.41.08:858][  6]LogBlueprintUserMessages: [BP_SwarmEnemy_2] "Përsiguiendo"
[2025.10.12-21.41.09:357][ 66]LogBlueprintUserMessages: [BP_SwarmEnemy_2] "Përsiguiendo"
[2025.10.12-21.41.09:858][126]LogBlueprintUserMessages: [BP_SwarmEnemy_2] "Përsiguiendo"
[2025.10.12-21.41.10:358][186]LogBlueprintUserMessages: [BP_SwarmEnemy_2] "Përsiguiendo"
[2025.10.12-21.41.10:858][246]LogBlueprintUserMessages: [BP_SwarmEnemy_2] "Përsiguiendo"
[2025.10.12-21.41.11:716][349]LogBlueprintUserMessages: [BP_TrailDamage_C_1] Destruido
[2025.10.12-21.41.11:716][349]LogBlueprintUserMessages: [BP_SwarmEnemy_2] Trail creado
[2025.10.12-21.41.16:638][932]LogSlate: Updating window title bar state: overlay mode, drag disabled, window buttons hidden, title bar hidden
[2025.10.12-21.41.16:638][932]LogWorld: BeginTearingDown for /Game/Maps/UEDPIE_0_ComidaVivaIA
[2025.10.12-21.41.16:639][932]LogWorld: UWorld::CleanupWorld for ComidaVivaIA, bSessionEnded=true, bCleanupResources=true
[2025.10.12-21.41.16:639][932]LogSlate: InvalidateAllWidgets triggered.  All widgets were invalidated
[2025.10.12-21.41.16:650][932]LogPlayLevel: Display: Shutting down PIE online subsystems
[2025.10.12-21.41.16:652][932]LogSlate: InvalidateAllWidgets triggered.  All widgets were invalidated
[2025.10.12-21.41.16:668][932]LogAudio: Display: Audio Device unregistered from world 'None'.
[2025.10.12-21.41.16:668][932]LogAudioMixer: FMixerPlatformXAudio2::StopAudioStream() called
[2025.10.12-21.41.16:669][932]LogAudioMixer: FMixerPlatformXAudio2::StopAudioStream() called
[2025.10.12-21.41.16:671][932]LogSlate: Updating window title bar state: overlay mode, drag disabled, window buttons hidden, title bar hidden
[2025.10.12-21.41.16:673][932]LogUObjectHash: Compacting FUObjectHashTables data took   1.78ms
[2025.10.12-21.41.16:714][934]LogPlayLevel: Display: Destroying online subsystem :Context_11
[2025.10.12-21.41.28:766][361]LogRenderer: Reallocating scene render targets to support 1248x708 Format 10 NumSamples 1 (Frame:1).
[2025.10.12-21.41.35:572][173]BlueprintLog: New page: Compile BP_TrailDamage
[2025.10.12-21.41.35:602][173]LogUObjectHash: Compacting FUObjectHashTables data took   1.66ms
[2025.10.12-21.41.36:160][226]LogSavePackage: Moving 'C:/Users/PC/Documents/GitHub/TasteOfMadness/TasteOfMadness/Saved/BP_TrailDamageF6BE9D084D19C5477A282B871DE0BAB1.tmp' to 'C:/Users/PC/Documents/GitHub/TasteOfMadness/TasteOfMadness/Content/Characters/Content_Enemies/BP_Rata/BP_TrailDamage.uasset'
[2025.10.12-21.41.36:173][226]AssetCheck: New page: Asset Save: BP_TrailDamage
[2025.10.12-21.41.36:173][226]LogContentValidation: Display: Validating Blueprint /Game/Characters/Content_Enemies/BP_Rata/BP_TrailDamage.BP_TrailDamage
[2025.10.12-21.41.38:282][460]Cmd: OBJ SAVEPACKAGE PACKAGE="/Game/Maps/ComidaVivaIA" FILE="C:/Users/PC/Documents/GitHub/TasteOfMadness/TasteOfMadness/Content/Maps/ComidaVivaIA.umap" SILENT=true AUTOSAVING=false KEEPDIRTY=false
[2025.10.12-21.41.38:303][460]LogUObjectHash: Compacting FUObjectHashTables data took   2.43ms
[2025.10.12-21.41.38:312][460]LogSavePackage: Moving 'C:/Users/PC/Documents/GitHub/TasteOfMadness/TasteOfMadness/Saved/ComidaVivaIA0F2882B14A8AFADD5E67F1BA9AFB7F34.tmp' to 'C:/Users/PC/Documents/GitHub/TasteOfMadness/TasteOfMadness/Content/Maps/ComidaVivaIA.umap'
[2025.10.12-21.41.38:340][460]AssetCheck: New page: Asset Save: ComidaVivaIA
[2025.10.12-21.41.38:340][460]LogContentValidation: Display: Validating World /Game/Maps/ComidaVivaIA.ComidaVivaIA
[2025.10.12-21.41.39:009][537]LogTemp: Repeating last play command: Selected Viewport
[2025.10.12-21.41.39:016][537]LogPlayLevel: PlayLevel: No blueprints needed recompiling
[2025.10.12-21.41.39:016][537]PIE: New page: PIE session: ComidaVivaIA (Oct 12, 2025, 10:41:39 AM)
[2025.10.12-21.41.39:036][537]LogPlayLevel: Creating play world package: /Game/Maps/UEDPIE_0_ComidaVivaIA
[2025.10.12-21.41.39:039][537]LogPlayLevel: PIE: StaticDuplicateObject took: (0.002528s)
[2025.10.12-21.41.39:040][537]LogAIModule: Creating AISystem for world ComidaVivaIA
[2025.10.12-21.41.39:040][537]LogPlayLevel: PIE: World Init took: (0.000917s)
[2025.10.12-21.41.39:040][537]LogPlayLevel: PIE: Created PIE world by copying editor world from /Game/Maps/ComidaVivaIA.ComidaVivaIA to /Game/Maps/UEDPIE_0_ComidaVivaIA.ComidaVivaIA (0.003550s)
[2025.10.12-21.41.39:057][537]LogUObjectHash: Compacting FUObjectHashTables data took   1.58ms
[2025.10.12-21.41.39:057][537]LogAudio: Display: Creating Audio Device:                 Id: 7, Scope: Unique, Realtime: True
[2025.10.12-21.41.39:057][537]LogAudioMixer: Display: Audio Mixer Platform Settings:
[2025.10.12-21.41.39:057][537]LogAudioMixer: Display: 	Sample Rate:						  48000
[2025.10.12-21.41.39:057][537]LogAudioMixer: Display: 	Callback Buffer Frame Size Requested: 1024
[2025.10.12-21.41.39:057][537]LogAudioMixer: Display: 	Callback Buffer Frame Size To Use:	  1024
[2025.10.12-21.41.39:057][537]LogAudioMixer: Display: 	Number of buffers to queue:			  2
[2025.10.12-21.41.39:057][537]LogAudioMixer: Display: 	Max Channels (voices):				  32
[2025.10.12-21.41.39:057][537]LogAudioMixer: Display: 	Number of Async Source Workers:		  0
[2025.10.12-21.41.39:057][537]LogAudio: Display: AudioDevice MaxSources: 32
[2025.10.12-21.41.39:057][537]LogAudio: Display: Audio Spatialization Plugin: None (built-in).
[2025.10.12-21.41.39:057][537]LogAudio: Display: Audio Reverb Plugin: None (built-in).
[2025.10.12-21.41.39:057][537]LogAudio: Display: Audio Occlusion Plugin: None (built-in).
[2025.10.12-21.41.39:057][537]LogAudioMixer: Display: Initializing audio mixer.
[2025.10.12-21.41.39:060][537]LogAudioMixer: Display: 0: FrontLeft
[2025.10.12-21.41.39:060][537]LogAudioMixer: Display: 1: FrontRight
[2025.10.12-21.41.39:066][537]LogAudioMixer: Display: Using Audio Device LC24RG50 (NVIDIA High Definition Audio)
[2025.10.12-21.41.39:066][537]LogAudioMixer: Display: Initializing Sound Submixes...
[2025.10.12-21.41.39:066][537]LogAudioMixer: Display: Creating Master Submix 'MasterSubmixDefault'
[2025.10.12-21.41.39:066][537]LogAudioMixer: Display: Creating Master Submix 'MasterReverbSubmixDefault'
[2025.10.12-21.41.39:067][537]LogAudioMixer: Display: Creating Master Submix 'MasterEQSubmixDefault'
[2025.10.12-21.41.39:067][537]LogAudioMixer: FMixerPlatformXAudio2::StartAudioStream() called
[2025.10.12-21.41.39:067][537]LogAudioMixer: Display: Output buffers initialized: Frames=1024, Channels=2, Samples=2048
[2025.10.12-21.41.39:068][537]LogAudioMixer: Display: Starting AudioMixerPlatformInterface::RunInternal()
[2025.10.12-21.41.39:068][537]LogAudioMixer: Display: FMixerPlatformXAudio2::SubmitBuffer() called for the first time
[2025.10.12-21.41.39:068][537]LogInit: FAudioDevice initialized.
[2025.10.12-21.41.39:068][537]LogAudio: Display: Audio Device (ID: 7) registered with world 'ComidaVivaIA'.
[2025.10.12-21.41.39:072][537]LogLoad: Game class is 'BP_GameMode_C'
[2025.10.12-21.41.39:073][537]LogWorld: Bringing World /Game/Maps/UEDPIE_0_ComidaVivaIA.ComidaVivaIA up for play (max tick rate 0) at 2025.10.12-15.41.39
[2025.10.12-21.41.39:074][537]LogWorld: Bringing up level for play took: 0.001022
[2025.10.12-21.41.39:074][537]LogOnline: OSS: Creating online subsystem instance for: :Context_12
[2025.10.12-21.41.39:076][537]LogBlueprintUserMessages: [BP_ClareCharacter_C_0] BP_Sarten
[2025.10.12-21.41.39:078][537]LogBlueprintUserMessages: [BP_ClareCharacter_C_0] BP_Olla
[2025.10.12-21.41.39:079][537]LogBlueprintUserMessages: [BP_ClareCharacter_C_0] BP_LlaveInglesa
[2025.10.12-21.41.39:081][537]LogBlueprintUserMessages: [BP_ClareCharacter_C_0] BP_Escoba
[2025.10.12-21.41.39:082][537]LogBlueprintUserMessages: [BP_ClareCharacter_C_0] BP_Trapeador
[2025.10.12-21.41.39:084][537]LogBlueprintUserMessages: [BP_ClareCharacter_C_0] BP_Extintor
[2025.10.12-21.41.39:085][537]LogBlueprintUserMessages: [BP_ClareCharacter_C_0] BP_Cuchillo
[2025.10.12-21.41.39:086][537]PIE: Server logged in
[2025.10.12-21.41.39:087][537]PIE: Play in editor total start time 0.073 seconds.
[2025.10.12-21.41.39:295][561]LogBlueprintUserMessages: [BP_SwarmEnemy_2] "Përsiguiendo"
[2025.10.12-21.41.39:795][621]LogBlueprintUserMessages: [BP_SwarmEnemy_2] "Përsiguiendo"
[2025.10.12-21.41.40:295][681]LogBlueprintUserMessages: [BP_SwarmEnemy_2] "Përsiguiendo"
[2025.10.12-21.41.40:795][741]LogBlueprintUserMessages: [BP_SwarmEnemy_2] "Përsiguiendo"
[2025.10.12-21.41.41:295][801]LogBlueprintUserMessages: [BP_SwarmEnemy_2] "Përsiguiendo"
[2025.10.12-21.41.41:795][861]LogBlueprintUserMessages: [BP_SwarmEnemy_2] "Përsiguiendo"
[2025.10.12-21.41.42:295][921]LogBlueprintUserMessages: [BP_SwarmEnemy_2] "Përsiguiendo"
[2025.10.12-21.41.44:004][126]LogBlueprintUserMessages: [BP_TrailDamage_2] Destruido
[2025.10.12-21.41.44:012][127]LogBlueprintUserMessages: [BP_SwarmEnemy_2] Trail creado
[2025.10.12-21.41.46:295][401]LogBlueprintUserMessages: [BP_SwarmEnemy_2] "Përsiguiendo"
[2025.10.12-21.41.49:012][727]LogBlueprintUserMessages: [BP_TrailDamage_C_0] Destruido
[2025.10.12-21.41.49:012][727]LogBlueprintUserMessages: [BP_SwarmEnemy_2] Trail creado
[2025.10.12-21.41.49:795][821]LogBlueprintUserMessages: [BP_SwarmEnemy_2] "Përsiguiendo"
[2025.10.12-21.41.50:295][881]LogBlueprintUserMessages: [BP_SwarmEnemy_2] "Përsiguiendo"
[2025.10.12-21.41.50:795][941]LogBlueprintUserMessages: [BP_SwarmEnemy_2] "Përsiguiendo"
[2025.10.12-21.41.51:295][  1]LogBlueprintUserMessages: [BP_SwarmEnemy_2] "Përsiguiendo"
[2025.10.12-21.41.51:795][ 61]LogBlueprintUserMessages: [BP_SwarmEnemy_2] "Përsiguiendo"
[2025.10.12-21.41.52:296][121]LogBlueprintUserMessages: [BP_SwarmEnemy_2] "Përsiguiendo"
[2025.10.12-21.41.52:795][181]LogBlueprintUserMessages: [BP_SwarmEnemy_2] "Përsiguiendo"
[2025.10.12-21.41.53:296][241]LogBlueprintUserMessages: [BP_SwarmEnemy_2] "Përsiguiendo"
[2025.10.12-21.41.53:795][301]LogBlueprintUserMessages: [BP_SwarmEnemy_2] "Përsiguiendo"
[2025.10.12-21.41.54:012][327]LogBlueprintUserMessages: [BP_TrailDamage_C_1] Destruido
[2025.10.12-21.41.54:013][327]LogBlueprintUserMessages: [BP_SwarmEnemy_2] Trail creado
[2025.10.12-21.41.54:862][429]LogBlueprintUserMessages: [BP_ClareCharacter_C_0] Vida45.0
[2025.10.12-21.41.59:012][927]LogBlueprintUserMessages: [BP_TrailDamage_C_2] Destruido
[2025.10.12-21.41.59:012][927]LogBlueprintUserMessages: [BP_ClareCharacter_C_0] Vida40.0
[2025.10.12-21.41.59:012][927]LogBlueprintUserMessages: [BP_SwarmEnemy_2] Trail creado
[2025.10.12-21.42.01:836][261]LogSlate: Updating window title bar state: overlay mode, drag disabled, window buttons hidden, title bar hidden
[2025.10.12-21.42.01:836][261]LogWorld: BeginTearingDown for /Game/Maps/UEDPIE_0_ComidaVivaIA
[2025.10.12-21.42.01:837][261]LogWorld: UWorld::CleanupWorld for ComidaVivaIA, bSessionEnded=true, bCleanupResources=true
[2025.10.12-21.42.01:837][261]LogSlate: InvalidateAllWidgets triggered.  All widgets were invalidated
[2025.10.12-21.42.01:841][261]LogPlayLevel: Display: Shutting down PIE online subsystems
[2025.10.12-21.42.01:845][261]LogSlate: InvalidateAllWidgets triggered.  All widgets were invalidated
[2025.10.12-21.42.01:862][261]LogSlate: Updating window title bar state: overlay mode, drag disabled, window buttons hidden, title bar hidden
[2025.10.12-21.42.01:862][261]LogAudioMixer: FMixerPlatformXAudio2::StopAudioStream() called
[2025.10.12-21.42.01:863][261]LogAudioMixer: FMixerPlatformXAudio2::StopAudioStream() called
[2025.10.12-21.42.01:869][261]LogUObjectHash: Compacting FUObjectHashTables data took   1.52ms
[2025.10.12-21.42.01:909][263]LogPlayLevel: Display: Destroying online subsystem :Context_12
[2025.10.12-21.42.10:974][302]LogEditorViewport: Clicking on Actor (LMB): StaticMeshActor (Floor)
[2025.10.12-21.42.47:016][597]Cmd: OBJ SAVEPACKAGE PACKAGE="/Game/Maps/ComidaVivaIA" FILE="C:/Users/PC/Documents/GitHub/TasteOfMadness/TasteOfMadness/Content/Maps/ComidaVivaIA.umap" SILENT=true AUTOSAVING=false KEEPDIRTY=false
[2025.10.12-21.42.47:035][597]LogUObjectHash: Compacting FUObjectHashTables data took   1.49ms
[2025.10.12-21.42.47:043][597]LogSavePackage: Moving 'C:/Users/PC/Documents/GitHub/TasteOfMadness/TasteOfMadness/Saved/ComidaVivaIA5AB733324C1F05CB6A9D048637EADFFD.tmp' to 'C:/Users/PC/Documents/GitHub/TasteOfMadness/TasteOfMadness/Content/Maps/ComidaVivaIA.umap'
[2025.10.12-21.42.47:067][597]AssetCheck: New page: Asset Save: ComidaVivaIA
[2025.10.12-21.42.47:067][597]LogContentValidation: Display: Validating World /Game/Maps/ComidaVivaIA.ComidaVivaIA
[2025.10.12-21.42.48:200][726]LogTemp: Repeating last play command: Selected Viewport
[2025.10.12-21.42.48:207][726]LogPlayLevel: PlayLevel: No blueprints needed recompiling
[2025.10.12-21.42.48:207][726]PIE: New page: PIE session: ComidaVivaIA (Oct 12, 2025, 10:42:48 AM)
[2025.10.12-21.42.48:207][726]LogPlayLevel: Creating play world package: /Game/Maps/UEDPIE_0_ComidaVivaIA
[2025.10.12-21.42.48:210][726]LogPlayLevel: PIE: StaticDuplicateObject took: (0.002496s)
[2025.10.12-21.42.48:211][726]LogAIModule: Creating AISystem for world ComidaVivaIA
[2025.10.12-21.42.48:211][726]LogPlayLevel: PIE: World Init took: (0.000781s)
[2025.10.12-21.42.48:211][726]LogPlayLevel: PIE: Created PIE world by copying editor world from /Game/Maps/ComidaVivaIA.ComidaVivaIA to /Game/Maps/UEDPIE_0_ComidaVivaIA.ComidaVivaIA (0.003362s)
[2025.10.12-21.42.48:227][726]LogUObjectHash: Compacting FUObjectHashTables data took   1.53ms
[2025.10.12-21.42.48:228][726]LogAudio: Display: Creating Audio Device:                 Id: 8, Scope: Unique, Realtime: True
[2025.10.12-21.42.48:228][726]LogAudioMixer: Display: Audio Mixer Platform Settings:
[2025.10.12-21.42.48:228][726]LogAudioMixer: Display: 	Sample Rate:						  48000
[2025.10.12-21.42.48:228][726]LogAudioMixer: Display: 	Callback Buffer Frame Size Requested: 1024
[2025.10.12-21.42.48:228][726]LogAudioMixer: Display: 	Callback Buffer Frame Size To Use:	  1024
[2025.10.12-21.42.48:228][726]LogAudioMixer: Display: 	Number of buffers to queue:			  2
[2025.10.12-21.42.48:228][726]LogAudioMixer: Display: 	Max Channels (voices):				  32
[2025.10.12-21.42.48:228][726]LogAudioMixer: Display: 	Number of Async Source Workers:		  0
[2025.10.12-21.42.48:228][726]LogAudio: Display: AudioDevice MaxSources: 32
[2025.10.12-21.42.48:228][726]LogAudio: Display: Audio Spatialization Plugin: None (built-in).
[2025.10.12-21.42.48:228][726]LogAudio: Display: Audio Reverb Plugin: None (built-in).
[2025.10.12-21.42.48:228][726]LogAudio: Display: Audio Occlusion Plugin: None (built-in).
[2025.10.12-21.42.48:228][726]LogAudioMixer: Display: Initializing audio mixer.
[2025.10.12-21.42.48:231][726]LogAudioMixer: Display: 0: FrontLeft
[2025.10.12-21.42.48:231][726]LogAudioMixer: Display: 1: FrontRight
[2025.10.12-21.42.48:237][726]LogAudioMixer: Display: Using Audio Device LC24RG50 (NVIDIA High Definition Audio)
[2025.10.12-21.42.48:237][726]LogAudioMixer: Display: Initializing Sound Submixes...
[2025.10.12-21.42.48:237][726]LogAudioMixer: Display: Creating Master Submix 'MasterSubmixDefault'
[2025.10.12-21.42.48:237][726]LogAudioMixer: Display: Creating Master Submix 'MasterReverbSubmixDefault'
[2025.10.12-21.42.48:238][726]LogAudioMixer: Display: Creating Master Submix 'MasterEQSubmixDefault'
[2025.10.12-21.42.48:238][726]LogAudioMixer: FMixerPlatformXAudio2::StartAudioStream() called
[2025.10.12-21.42.48:238][726]LogAudioMixer: Display: Output buffers initialized: Frames=1024, Channels=2, Samples=2048
[2025.10.12-21.42.48:239][726]LogAudioMixer: Display: Starting AudioMixerPlatformInterface::RunInternal()
[2025.10.12-21.42.48:239][726]LogAudioMixer: Display: FMixerPlatformXAudio2::SubmitBuffer() called for the first time
[2025.10.12-21.42.48:239][726]LogInit: FAudioDevice initialized.
[2025.10.12-21.42.48:239][726]LogAudio: Display: Audio Device (ID: 8) registered with world 'ComidaVivaIA'.
[2025.10.12-21.42.48:247][726]LogLoad: Game class is 'BP_GameMode_C'
[2025.10.12-21.42.48:248][726]LogWorld: Bringing World /Game/Maps/UEDPIE_0_ComidaVivaIA.ComidaVivaIA up for play (max tick rate 0) at 2025.10.12-15.42.48
[2025.10.12-21.42.48:248][726]LogWorld: Bringing up level for play took: 0.001037
[2025.10.12-21.42.48:248][726]LogOnline: OSS: Creating online subsystem instance for: :Context_14
[2025.10.12-21.42.48:251][726]LogBlueprintUserMessages: [BP_ClareCharacter_C_0] BP_Sarten
[2025.10.12-21.42.48:252][726]LogBlueprintUserMessages: [BP_ClareCharacter_C_0] BP_Olla
[2025.10.12-21.42.48:254][726]LogBlueprintUserMessages: [BP_ClareCharacter_C_0] BP_LlaveInglesa
[2025.10.12-21.42.48:255][726]LogBlueprintUserMessages: [BP_ClareCharacter_C_0] BP_Escoba
[2025.10.12-21.42.48:256][726]LogBlueprintUserMessages: [BP_ClareCharacter_C_0] BP_Trapeador
[2025.10.12-21.42.48:258][726]LogBlueprintUserMessages: [BP_ClareCharacter_C_0] BP_Extintor
[2025.10.12-21.42.48:259][726]LogBlueprintUserMessages: [BP_ClareCharacter_C_0] BP_Cuchillo
[2025.10.12-21.42.48:261][726]PIE: Server logged in
[2025.10.12-21.42.48:262][726]PIE: Play in editor total start time 0.057 seconds.
[2025.10.12-21.42.48:643][771]LogBlueprintUserMessages: [BP_SwarmEnemy_2] "Përsiguiendo"
[2025.10.12-21.42.49:143][831]LogBlueprintUserMessages: [BP_SwarmEnemy_2] "Përsiguiendo"
[2025.10.12-21.42.49:642][891]LogBlueprintUserMessages: [BP_SwarmEnemy_2] "Përsiguiendo"
[2025.10.12-21.42.50:142][951]LogBlueprintUserMessages: [BP_SwarmEnemy_2] "Përsiguiendo"
[2025.10.12-21.42.53:193][317]LogBlueprintUserMessages: [BP_TrailDamage_2] Destruido
[2025.10.12-21.42.53:201][318]LogBlueprintUserMessages: [BP_SwarmEnemy_2] Trail creado
[2025.10.12-21.42.56:734][738]LogSlate: Updating window title bar state: overlay mode, drag disabled, window buttons hidden, title bar hidden
[2025.10.12-21.42.56:734][738]LogWorld: BeginTearingDown for /Game/Maps/UEDPIE_0_ComidaVivaIA
[2025.10.12-21.42.56:735][738]LogWorld: UWorld::CleanupWorld for ComidaVivaIA, bSessionEnded=true, bCleanupResources=true
[2025.10.12-21.42.56:735][738]LogSlate: InvalidateAllWidgets triggered.  All widgets were invalidated
[2025.10.12-21.42.56:740][738]LogPlayLevel: Display: Shutting down PIE online subsystems
[2025.10.12-21.42.56:748][738]LogSlate: InvalidateAllWidgets triggered.  All widgets were invalidated
[2025.10.12-21.42.56:765][738]LogSlate: Updating window title bar state: overlay mode, drag disabled, window buttons hidden, title bar hidden
[2025.10.12-21.42.56:765][738]LogAudioMixer: FMixerPlatformXAudio2::StopAudioStream() called
[2025.10.12-21.42.56:766][738]LogAudioMixer: FMixerPlatformXAudio2::StopAudioStream() called
[2025.10.12-21.42.56:772][738]LogUObjectHash: Compacting FUObjectHashTables data took   1.48ms
[2025.10.12-21.42.56:820][740]LogPlayLevel: Display: Destroying online subsystem :Context_14
[2025.10.12-21.43.17:642][ 48]LogAssetEditorSubsystem: Opening Asset editor for Material /Game/Characters/Content_Enemies/BP_Rata/M_TrailDamage.M_TrailDamage
[2025.10.12-21.43.17:643][ 48]LogMaterial: Display: Missing cached shadermap for M_TrailDamage in PCD3D_SM5, Default, SM5 (DDC key hash: C631F57D5F70E10C19BD0C61C6909EE6E7E7160B), compiling. 
[2025.10.12-21.43.17:684][ 48]LogShaderCompilers: Display: Submitted 25 shader compile jobs with 'Normal' priority
[2025.10.12-21.43.17:688][ 48]LogTexture: Default maximum texture size for cubemaps generated from long-lat sources has been changed from 512 to unlimited. In order to preserve old behaiour for '/Engine/EditorMaterials/AssetViewer/EpicQuadPanorama_CC+EV1.EpicQuadPanorama_CC+EV1', its maximum texture size has been explicitly set to 512.
[2025.10.12-21.43.17:742][ 48]LogTexture: Default maximum texture size for cubemaps generated from long-lat sources has been changed from 512 to unlimited. In order to preserve old behaiour for '/Engine/MapTemplates/Sky/SunsetAmbientCubemap.SunsetAmbientCubemap', its maximum texture size has been explicitly set to 512.
[2025.10.12-21.43.17:846][ 48]LogMaterial: Display: Missing cached shadermap for M_TrailDamage in PCD3D_SM5, Default, SM5 (DDC key hash: 137471A652B944604CC7C82B460ABDC560C58A75), compiling. 
[2025.10.12-21.43.17:848][ 48]LogMaterial: Display: Missing cached shadermap for M_TrailDamage in PCD3D_SM5, Default, SM5 (DDC key hash: C464774C1437D2B829EDDF58B24856064680AE14), compiling. 
[2025.10.12-21.43.17:849][ 48]LogMaterial: Display: Missing cached shadermap for FMatExpressionPreview MaterialExpressionVectorParameter_0 in PCD3D_SM5, Default, SM5 (DDC key hash: 14EC532F7C686613D49DA9021C3FB1185FC3AA96), compiling. 
[2025.10.12-21.43.17:850][ 48]LogMaterial: Display: Missing cached shadermap for FMatExpressionPreview MaterialExpressionScalarParameter_0 in PCD3D_SM5, Default, SM5 (DDC key hash: 45BED3443DF3D0FD96B8702831A4636CCDDFEE39), compiling. 
[2025.10.12-21.43.17:867][ 48]MaterialEditorStats: Texture samplers: 0/16
[2025.10.12-21.43.17:907][ 49]LogShaderCompilers: Display: Submitted 25 shader compile jobs with 'Normal' priority
[2025.10.12-21.43.17:921][ 50]LogShaderCompilers: Display: Worker (1/9): shaders left to compile 2
[2025.10.12-21.43.17:922][ 50]LogShaderCompilers: Display: Worker (2/9): shaders left to compile 1
[2025.10.12-21.43.17:922][ 50]LogShaderCompilers: Display: Worker (3/9): shaders left to compile 23
[2025.10.12-21.43.17:922][ 50]LogShaderCompilers: Display: Worker (4/9): shaders left to compile 20
[2025.10.12-21.43.17:922][ 50]LogShaderCompilers: Display: Worker (5/9): shaders left to compile 17
[2025.10.12-21.43.17:922][ 50]LogShaderCompilers: Display: Worker (6/9): shaders left to compile 14
[2025.10.12-21.43.17:922][ 50]LogShaderCompilers: Display: Worker (7/9): shaders left to compile 11
[2025.10.12-21.43.17:922][ 50]LogShaderCompilers: Display: Worker (8/9): shaders left to compile 8
[2025.10.12-21.43.17:922][ 50]LogShaderCompilers: Display: Started 18 'Local' shader compile jobs with 'Normal' priority
[2025.10.12-21.43.17:922][ 50]LogShaderCompilers: Display: Started 2 'Local' shader compile jobs with 'ForceLocal' priority
[2025.10.12-21.43.17:962][ 55]LogShaderCompilers: Display: Submitted 2 shader compile jobs with 'ForceLocal' priority
[2025.10.12-21.43.17:962][ 55]LogShaderCompilers: Display: Submitted 2 shader compile jobs with 'ForceLocal' priority
[2025.10.12-21.43.18:277][ 88]LogShaderCompilers: Display: Worker (1/9): shaders left to compile 4
[2025.10.12-21.43.18:277][ 88]LogShaderCompilers: Display: Started 1 'Local' shader compile jobs with 'ForceLocal' priority
[2025.10.12-21.43.18:281][ 88]LogShaderCompilers: Display: === FShaderJobCache stats ===
[2025.10.12-21.43.18:281][ 88]LogShaderCompilers: Display: Total job queries 54, among them cache hits 0 (0.00%)
[2025.10.12-21.43.18:281][ 88]LogShaderCompilers: Display: Tracking 1 distinct input hashes that result in 1 distinct outputs (100.00%)
[2025.10.12-21.43.18:281][ 88]LogShaderCompilers: Display: RAM used: 0.00 MB (0.00 GB) of 1228.80 MB (1.20 GB) budget. Usage: 0.00%
[2025.10.12-21.43.18:281][ 88]LogShaderCompilers: Display: ================================================
[2025.10.12-21.43.18:402][101]LogShaderCompilers: Display: Worker (2/9): shaders left to compile 3
[2025.10.12-21.43.18:402][101]LogShaderCompilers: Display: Started 1 'Local' shader compile jobs with 'ForceLocal' priority
[2025.10.12-21.43.18:621][126]LogShaderCompilers: Display: Worker (1/9): shaders left to compile 2
[2025.10.12-21.43.18:621][126]LogShaderCompilers: Display: Started 1 'Local' shader compile jobs with 'ForceLocal' priority
[2025.10.12-21.43.18:719][137]LogShaderCompilers: Display: Worker (2/9): shaders left to compile 1
[2025.10.12-21.43.18:719][137]LogShaderCompilers: Display: Started 1 'Local' shader compile jobs with 'ForceLocal' priority
[2025.10.12-21.43.19:032][170]LogShaderCompilers: Display: Worker (1/9): shaders left to compile 5
[2025.10.12-21.43.19:032][170]LogShaderCompilers: Display: Started 1 'Local' shader compile jobs with 'Normal' priority
[2025.10.12-21.43.19:090][177]LogShaderCompilers: Display: Worker (2/9): shaders left to compile 4
[2025.10.12-21.43.19:090][177]LogShaderCompilers: Display: Started 1 'Local' shader compile jobs with 'Normal' priority
[2025.10.12-21.43.19:125][181]LogShaderCompilers: Display: Worker (8/9): shaders left to compile 3
[2025.10.12-21.43.19:125][181]LogShaderCompilers: Display: Started 1 'Local' shader compile jobs with 'Normal' priority
[2025.10.12-21.43.19:136][182]MaterialEditorStats: Texture samplers: 1/16
[2025.10.12-21.43.19:187][188]LogShaderCompilers: Display: Worker (7/9): shaders left to compile 2
[2025.10.12-21.43.19:187][188]LogShaderCompilers: Display: Started 1 'Local' shader compile jobs with 'Normal' priority
[2025.10.12-21.43.19:199][189]MaterialEditorStats: Texture samplers: 2/16
[2025.10.12-21.43.19:208][190]LogShaderCompilers: Display: Worker (4/9): shaders left to compile 1
[2025.10.12-21.43.19:208][190]LogShaderCompilers: Display: Started 1 'Local' shader compile jobs with 'Normal' priority
[2025.10.12-21.43.19:323][201]MaterialEditorStats: Texture samplers: 4/16
[2025.10.12-21.43.19:706][246]MaterialEditorStats: Base pass shader: 79 instructions
[2025.10.12-21.43.19:706][246]MaterialEditorStats: Base pass shader with Volumetric Lightmap: 106 instructions
[2025.10.12-21.43.19:706][246]MaterialEditorStats: Base pass vertex shader: 193 instructions
[2025.10.12-21.43.19:706][246]MaterialEditorStats: Texture samplers: 4/16
[2025.10.12-21.43.35:682][157]LogMaterial: Display: Missing cached shadermap for M_TrailDamage in PCD3D_SM5, Default, SM5 (DDC key hash: 587A54BB6C2C2CB7808617A4A08DBAACA3B3C42B), compiling. 
[2025.10.12-21.43.35:683][157]MaterialEditorStats: Texture samplers: 0/16
[2025.10.12-21.43.35:713][160]MaterialEditorStats: Base pass shader: 79 instructions
[2025.10.12-21.43.35:713][160]MaterialEditorStats: Base pass shader with Volumetric Lightmap: 106 instructions
[2025.10.12-21.43.35:713][160]MaterialEditorStats: Base pass vertex shader: 193 instructions
[2025.10.12-21.43.35:713][160]MaterialEditorStats: Texture samplers: 4/16
[2025.10.12-21.43.36:251][216]LogMaterial: Display: Missing cached shadermap for M_TrailDamage in PCD3D_SM5, Default, SM5 (DDC key hash: 43776E3A6B0222ED2C19772CD78FD99994980B16), compiling. 
[2025.10.12-21.43.36:252][216]MaterialEditorStats: Texture samplers: 0/16
[2025.10.12-21.43.36:283][219]MaterialEditorStats: Base pass shader: 79 instructions
[2025.10.12-21.43.36:283][219]MaterialEditorStats: Base pass shader with Volumetric Lightmap: 106 instructions
[2025.10.12-21.43.36:283][219]MaterialEditorStats: Base pass vertex shader: 193 instructions
[2025.10.12-21.43.36:283][219]MaterialEditorStats: Texture samplers: 4/16
[2025.10.12-21.43.39:454][590]LogMaterial: Display: Missing cached shadermap for M_TrailDamage in PCD3D_SM5, Default, SM5 (DDC key hash: 43C19DF8FDEB13D646D6720E439B762F686FBBA8), compiling. 
[2025.10.12-21.43.39:455][590]MaterialEditorStats: Texture samplers: 0/16
[2025.10.12-21.43.39:487][593]MaterialEditorStats: Base pass shader: 79 instructions
[2025.10.12-21.43.39:488][593]MaterialEditorStats: Base pass shader with Volumetric Lightmap: 106 instructions
[2025.10.12-21.43.39:488][593]MaterialEditorStats: Base pass vertex shader: 193 instructions
[2025.10.12-21.43.39:488][593]MaterialEditorStats: Texture samplers: 4/16
[2025.10.12-21.43.40:295][687]LogMaterial: Display: Missing cached shadermap for M_TrailDamage in PCD3D_SM5, Default, SM5 (DDC key hash: 09C611127E1A65A1941A81F54BC584AD91FDFFFD), compiling. 
[2025.10.12-21.43.40:296][687]MaterialEditorStats: Texture samplers: 0/16
[2025.10.12-21.43.40:325][690]MaterialEditorStats: Base pass shader: 79 instructions
[2025.10.12-21.43.40:325][690]MaterialEditorStats: Base pass shader with Volumetric Lightmap: 106 instructions
[2025.10.12-21.43.40:325][690]MaterialEditorStats: Base pass vertex shader: 193 instructions
[2025.10.12-21.43.40:325][690]MaterialEditorStats: Texture samplers: 4/16
[2025.10.12-21.44.01:724][203]LogMaterial: Display: Missing cached shadermap for M_TrailDamage in PCD3D_SM5, Default, SM5 (DDC key hash: 80ABA16BC4785B6484A5F6B7952A86149C0D2BDB), compiling. 
[2025.10.12-21.44.01:730][203]MaterialEditorStats: Texture samplers: 0/16
[2025.10.12-21.44.01:764][206]MaterialEditorStats: Base pass shader: 79 instructions
[2025.10.12-21.44.01:764][206]MaterialEditorStats: Base pass shader with Volumetric Lightmap: 106 instructions
[2025.10.12-21.44.01:764][206]MaterialEditorStats: Base pass vertex shader: 193 instructions
[2025.10.12-21.44.01:764][206]MaterialEditorStats: Texture samplers: 4/16
[2025.10.12-21.44.05:138][607]LogMaterial: Display: Missing cached shadermap for M_TrailDamage in PCD3D_SM5, Default, SM5 (DDC key hash: 27A7AA80F5E1262973D7BBC14435802A65EC596D), compiling. 
[2025.10.12-21.44.05:144][607]MaterialEditorStats: Texture samplers: 0/16
[2025.10.12-21.44.05:183][610]MaterialEditorStats: Base pass shader: 79 instructions
[2025.10.12-21.44.05:183][610]MaterialEditorStats: Base pass shader with Volumetric Lightmap: 106 instructions
[2025.10.12-21.44.05:183][610]MaterialEditorStats: Base pass vertex shader: 193 instructions
[2025.10.12-21.44.05:183][610]MaterialEditorStats: Texture samplers: 4/16
[2025.10.12-21.44.09:809][162]LogMaterial: Display: Missing cached shadermap for M_TrailDamage in PCD3D_SM5, Default, SM5 (DDC key hash: 087BB2B0034DD86555857C339B4EB19E9F0CE25B), compiling. 
[2025.10.12-21.44.09:815][162]MaterialEditorStats: Texture samplers: 0/16
[2025.10.12-21.44.09:857][165]MaterialEditorStats: Base pass shader: 79 instructions
[2025.10.12-21.44.09:857][165]MaterialEditorStats: Base pass shader with Volumetric Lightmap: 106 instructions
[2025.10.12-21.44.09:857][165]MaterialEditorStats: Base pass vertex shader: 193 instructions
[2025.10.12-21.44.09:857][165]MaterialEditorStats: Texture samplers: 4/16
[2025.10.12-21.44.18:489][159]LogMaterial: Display: Missing cached shadermap for M_TrailDamage in PCD3D_SM5, Default, SM5 (DDC key hash: 0C3781028C5D0E333C0A25F6CEAB2D63408F84ED), compiling. 
[2025.10.12-21.44.18:494][159]MaterialEditorStats: Texture samplers: 0/16
[2025.10.12-21.44.18:530][162]MaterialEditorStats: Base pass shader: 79 instructions
[2025.10.12-21.44.18:530][162]MaterialEditorStats: Base pass shader with Volumetric Lightmap: 106 instructions
[2025.10.12-21.44.18:530][162]MaterialEditorStats: Base pass vertex shader: 193 instructions
[2025.10.12-21.44.18:530][162]MaterialEditorStats: Texture samplers: 4/16
[2025.10.12-21.44.47:691][553]LogMaterial: Display: Missing cached shadermap for M_TrailDamage in PCD3D_SM5, Default, SM5 (DDC key hash: E7123C1F69479311FEBC390C59F9D88AE15C5A19), compiling. 
[2025.10.12-21.44.47:692][553]LogMaterial: Display: Missing cached shadermap for FMatExpressionPreview MaterialExpressionScalarParameter_0 in PCD3D_SM5, Default, SM5 (DDC key hash: A22A72ADF08FA190071A44E1C31D481097AFA962), compiling. 
[2025.10.12-21.44.47:695][553]LogMaterial: Display: Missing cached shadermap for M_TrailDamage in PCD3D_SM5, Default, SM5 (DDC key hash: 29DF285F273E1711F1D688678BB394391300E041), compiling. 
[2025.10.12-21.44.47:696][553]MaterialEditorStats: Texture samplers: 0/16
[2025.10.12-21.44.47:731][556]MaterialEditorStats: Base pass shader: 79 instructions
[2025.10.12-21.44.47:731][556]MaterialEditorStats: Base pass shader with Volumetric Lightmap: 106 instructions
[2025.10.12-21.44.47:731][556]MaterialEditorStats: Base pass vertex shader: 193 instructions
[2025.10.12-21.44.47:731][556]MaterialEditorStats: Texture samplers: 4/16
[2025.10.12-21.44.47:780][562]LogMaterialEditor: Saving and Compiling material M_TrailDamage
[2025.10.12-21.44.48:010][562]LogMaterial: Display: Missing cached shadermap for M_TrailDamage in PCD3D_SM5, Default, SM5 (DDC key hash: AC732CC9D48C8F27EEB6A2E43D00DCF0EE1E02C1), compiling. 
[2025.10.12-21.44.48:034][562]LogMaterial: Display: Missing cached shadermap for M_TrailDamage in PCD3D_SM5, Default, SM5 (DDC key hash: A11D79BD37D7310332D33186043188A9F6886967), compiling. 
[2025.10.12-21.44.48:082][562]LogUObjectHash: Compacting FUObjectHashTables data took   1.46ms
[2025.10.12-21.44.48:085][562]LogShaderCompilers: Display: Submitted 1 shader compile jobs with 'ForceLocal' priority
[2025.10.12-21.44.48:312][562]LogShaderCompilers: Display: Worker (1/9): shaders left to compile 1
[2025.10.12-21.44.48:312][562]LogShaderCompilers: Display: Started 1 'Local' shader compile jobs with 'ForceLocal' priority
[2025.10.12-21.44.48:312][562]LogUObjectHash: Compacting FUObjectHashTables data took   0.44ms
[2025.10.12-21.44.48:359][562]LogShaderCompilers: Display: Submitted 9 shader compile jobs with 'Normal' priority
[2025.10.12-21.44.48:366][562]LogShaderCompilers: Display: Worker (1/9): shaders left to compile 9
[2025.10.12-21.44.48:366][562]LogShaderCompilers: Display: Worker (2/9): shaders left to compile 7
[2025.10.12-21.44.48:366][562]LogShaderCompilers: Display: Worker (3/9): shaders left to compile 5
[2025.10.12-21.44.48:366][562]LogShaderCompilers: Display: Worker (4/9): shaders left to compile 3
[2025.10.12-21.44.48:366][562]LogShaderCompilers: Display: Worker (5/9): shaders left to compile 1
[2025.10.12-21.44.48:366][562]LogShaderCompilers: Display: Started 9 'Local' shader compile jobs with 'Normal' priority
[2025.10.12-21.44.48:382][562]LogSavePackage: Moving 'C:/Users/PC/Documents/GitHub/TasteOfMadness/TasteOfMadness/Saved/M_TrailDamage6A23504C4EF24907D46EE296C5C69081.tmp' to 'C:/Users/PC/Documents/GitHub/TasteOfMadness/TasteOfMadness/Content/Characters/Content_Enemies/BP_Rata/M_TrailDamage.uasset'
[2025.10.12-21.44.48:399][562]AssetCheck: New page: Asset Save: M_TrailDamage
[2025.10.12-21.44.48:399][562]LogContentValidation: Display: Validating Material /Game/Characters/Content_Enemies/BP_Rata/M_TrailDamage.M_TrailDamage
[2025.10.12-21.44.48:410][562]MaterialEditorStats: Texture samplers: 4/16
[2025.10.12-21.44.49:201][656]MaterialEditorStats: Base pass shader: 79 instructions
[2025.10.12-21.44.49:201][656]MaterialEditorStats: Base pass shader with Volumetric Lightmap: 106 instructions
[2025.10.12-21.44.49:201][656]MaterialEditorStats: Base pass vertex shader: 193 instructions
[2025.10.12-21.44.49:201][656]MaterialEditorStats: Texture samplers: 4/16
[2025.10.12-21.45.00:032][953]LogMaterial: Display: Missing cached shadermap for M_TrailDamage in PCD3D_SM5, Default, SM5 (DDC key hash: EA3CC225328A3C053465281957DD4778979D1259), compiling. 
[2025.10.12-21.45.00:033][953]LogMaterial: Display: Missing cached shadermap for FMatExpressionPreview MaterialExpressionScalarParameter_0 in PCD3D_SM5, Default, SM5 (DDC key hash: 53D89A67BCF14C5A838F56233344D0AC8C1C472F), compiling. 
[2025.10.12-21.45.00:036][953]LogMaterial: Display: Missing cached shadermap for M_TrailDamage in PCD3D_SM5, Default, SM5 (DDC key hash: ECC79A0E3A5B63E956E27EE8E67AD655CA9244A6), compiling. 
[2025.10.12-21.45.00:037][953]MaterialEditorStats: Texture samplers: 0/16
[2025.10.12-21.45.00:069][956]MaterialEditorStats: Base pass shader: 79 instructions
[2025.10.12-21.45.00:069][956]MaterialEditorStats: Base pass shader with Volumetric Lightmap: 106 instructions
[2025.10.12-21.45.00:069][956]MaterialEditorStats: Base pass vertex shader: 193 instructions
[2025.10.12-21.45.00:069][956]MaterialEditorStats: Texture samplers: 4/16
[2025.10.12-21.45.01:553][134]LogMaterial: Display: Missing cached shadermap for M_TrailDamage in PCD3D_SM5, Default, SM5 (DDC key hash: 67D2FA7C5E26E2C6A4F98B7ABC9A385DC9F15B78), compiling. 
[2025.10.12-21.45.01:555][134]LogMaterial: Display: Missing cached shadermap for FMatExpressionPreview MaterialExpressionScalarParameter_0 in PCD3D_SM5, Default, SM5 (DDC key hash: 6A3F8F794E68287F30B15493EB5DCC5B4651E4B9), compiling. 
[2025.10.12-21.45.01:557][134]LogMaterial: Display: Missing cached shadermap for M_TrailDamage in PCD3D_SM5, Default, SM5 (DDC key hash: A592A0851EF29F9B17D2EFCB7291E3CDCAF23DB5), compiling. 
[2025.10.12-21.45.01:558][134]MaterialEditorStats: Texture samplers: 0/16
[2025.10.12-21.45.01:593][137]MaterialEditorStats: Base pass shader: 79 instructions
[2025.10.12-21.45.01:593][137]MaterialEditorStats: Base pass shader with Volumetric Lightmap: 106 instructions
[2025.10.12-21.45.01:593][137]MaterialEditorStats: Base pass vertex shader: 193 instructions
[2025.10.12-21.45.01:593][137]MaterialEditorStats: Texture samplers: 4/16
[2025.10.12-21.45.06:084][676]LogMaterial: Display: Missing cached shadermap for M_TrailDamage in PCD3D_SM5, Default, SM5 (DDC key hash: 50ABDD4C1B45C6A52909D630D344D4933579A683), compiling. 
[2025.10.12-21.45.06:086][676]LogMaterial: Display: Missing cached shadermap for FMatExpressionPreview MaterialExpressionScalarParameter_0 in PCD3D_SM5, Default, SM5 (DDC key hash: 45576DE2ACB658CBF11A4766A9CA665BC5CA2D32), compiling. 
[2025.10.12-21.45.06:088][676]LogMaterial: Display: Missing cached shadermap for M_TrailDamage in PCD3D_SM5, Default, SM5 (DDC key hash: 31243BCB0134F2D43E8E5C4B1C6EE90B07A0CECF), compiling. 
[2025.10.12-21.45.06:091][676]MaterialEditorStats: Texture samplers: 0/16
[2025.10.12-21.45.06:123][679]MaterialEditorStats: Base pass shader: 79 instructions
[2025.10.12-21.45.06:123][679]MaterialEditorStats: Base pass shader with Volumetric Lightmap: 106 instructions
[2025.10.12-21.45.06:123][679]MaterialEditorStats: Base pass vertex shader: 193 instructions
[2025.10.12-21.45.06:123][679]MaterialEditorStats: Texture samplers: 4/16
[2025.10.12-21.45.09:053][ 27]LogMaterialEditor: Saving and Compiling material M_TrailDamage
[2025.10.12-21.45.09:285][ 27]LogMaterial: Display: Missing cached shadermap for M_TrailDamage in PCD3D_SM5, Default, SM5 (DDC key hash: 0E98B0444D5655913C6EF68DBB435C65CD5684D2), compiling. 
[2025.10.12-21.45.09:307][ 27]LogMaterial: Display: Missing cached shadermap for M_TrailDamage in PCD3D_SM5, Default, SM5 (DDC key hash: D0FF80F8E3395632A8729A0178B3B942E18C0F7A), compiling. 
[2025.10.12-21.45.09:327][ 27]LogUObjectHash: Compacting FUObjectHashTables data took   1.25ms
[2025.10.12-21.45.09:459][ 27]LogUObjectHash: Compacting FUObjectHashTables data took   0.45ms
[2025.10.12-21.45.09:517][ 27]LogSavePackage: Moving 'C:/Users/PC/Documents/GitHub/TasteOfMadness/TasteOfMadness/Saved/M_TrailDamage68C87B36432EF982881B7899192D9A51.tmp' to 'C:/Users/PC/Documents/GitHub/TasteOfMadness/TasteOfMadness/Content/Characters/Content_Enemies/BP_Rata/M_TrailDamage.uasset'
[2025.10.12-21.45.09:530][ 27]AssetCheck: New page: Asset Save: M_TrailDamage
[2025.10.12-21.45.09:530][ 27]LogContentValidation: Display: Validating Material /Game/Characters/Content_Enemies/BP_Rata/M_TrailDamage.M_TrailDamage
[2025.10.12-21.45.11:620][268]LogMaterial: Display: Missing cached shadermap for M_TrailDamage in PCD3D_SM5, Default, SM5 (DDC key hash: 74D2B671ED580BF66EF0775D81D1518AB82CD119), compiling. 
[2025.10.12-21.45.11:622][268]LogMaterial: Display: Missing cached shadermap for FMatExpressionPreview MaterialExpressionScalarParameter_0 in PCD3D_SM5, Default, SM5 (DDC key hash: 759B516B3C757E8FFEF2C8030A2A8354EC8C32F2), compiling. 
[2025.10.12-21.45.11:624][268]LogMaterial: Display: Missing cached shadermap for M_TrailDamage in PCD3D_SM5, Default, SM5 (DDC key hash: C23D9E61ED4560239FF6BB1B7D4A30E983DA60DE), compiling. 
[2025.10.12-21.45.11:625][268]MaterialEditorStats: Texture samplers: 0/16
[2025.10.12-21.45.11:642][270]LogShaderCompilers: Display: Submitted 25 shader compile jobs with 'Normal' priority
[2025.10.12-21.45.11:643][270]LogShaderCompilers: Display: Worker (1/9): shaders left to compile 2
[2025.10.12-21.45.11:643][270]LogShaderCompilers: Display: Worker (2/9): shaders left to compile 1
[2025.10.12-21.45.11:643][270]LogShaderCompilers: Display: Worker (3/9): shaders left to compile 23
[2025.10.12-21.45.11:643][270]LogShaderCompilers: Display: Worker (4/9): shaders left to compile 20
[2025.10.12-21.45.11:643][270]LogShaderCompilers: Display: Worker (5/9): shaders left to compile 17
[2025.10.12-21.45.11:643][270]LogShaderCompilers: Display: Worker (6/9): shaders left to compile 14
[2025.10.12-21.45.11:643][270]LogShaderCompilers: Display: Worker (7/9): shaders left to compile 11
[2025.10.12-21.45.11:643][270]LogShaderCompilers: Display: Worker (8/9): shaders left to compile 8
[2025.10.12-21.45.11:643][270]LogShaderCompilers: Display: Started 18 'Local' shader compile jobs with 'Normal' priority
[2025.10.12-21.45.11:643][270]LogShaderCompilers: Display: Started 2 'Local' shader compile jobs with 'ForceLocal' priority
[2025.10.12-21.45.11:644][270]LogShaderCompilers: Display: Submitted 2 shader compile jobs with 'ForceLocal' priority
[2025.10.12-21.45.11:995][308]LogShaderCompilers: Display: Worker (1/9): shaders left to compile 2
[2025.10.12-21.45.11:995][308]LogShaderCompilers: Display: Started 1 'Local' shader compile jobs with 'ForceLocal' priority
[2025.10.12-21.45.12:102][320]LogShaderCompilers: Display: Worker (2/9): shaders left to compile 1
[2025.10.12-21.45.12:102][320]LogShaderCompilers: Display: Started 1 'Local' shader compile jobs with 'ForceLocal' priority
[2025.10.12-21.45.12:370][352]LogShaderCompilers: Display: Worker (1/9): shaders left to compile 5
[2025.10.12-21.45.12:371][352]LogShaderCompilers: Display: Started 1 'Local' shader compile jobs with 'Normal' priority
[2025.10.12-21.45.12:431][359]LogShaderCompilers: Display: Worker (2/9): shaders left to compile 4
[2025.10.12-21.45.12:431][359]LogShaderCompilers: Display: Started 1 'Local' shader compile jobs with 'Normal' priority
[2025.10.12-21.45.12:829][401]LogShaderCompilers: Display: Worker (1/9): shaders left to compile 3
[2025.10.12-21.45.12:829][401]LogShaderCompilers: Display: Started 1 'Local' shader compile jobs with 'Normal' priority
[2025.10.12-21.45.12:830][401]MaterialEditorStats: Texture samplers: 2/16
[2025.10.12-21.45.12:909][410]LogShaderCompilers: Display: Worker (8/9): shaders left to compile 2
[2025.10.12-21.45.12:909][410]LogShaderCompilers: Display: Started 1 'Local' shader compile jobs with 'Normal' priority
[2025.10.12-21.45.12:944][414]LogShaderCompilers: Display: Worker (2/9): shaders left to compile 1
[2025.10.12-21.45.12:944][414]LogShaderCompilers: Display: Started 1 'Local' shader compile jobs with 'Normal' priority
[2025.10.12-21.45.13:034][424]MaterialEditorStats: Texture samplers: 4/16
[2025.10.12-21.45.13:407][467]MaterialEditorStats: Base pass shader: 81 instructions
[2025.10.12-21.45.13:407][467]MaterialEditorStats: Base pass shader with Volumetric Lightmap: 108 instructions
[2025.10.12-21.45.13:407][467]MaterialEditorStats: Base pass vertex shader: 193 instructions
[2025.10.12-21.45.13:407][467]MaterialEditorStats: Texture samplers: 4/16
[2025.10.12-21.45.13:650][496]LogMaterial: Display: Missing cached shadermap for M_TrailDamage in PCD3D_SM5, Default, SM5 (DDC key hash: 93D9F8D08A7BE4B88A1FE8A2C46C205F88D10249), compiling. 
[2025.10.12-21.45.13:651][496]LogMaterial: Display: Missing cached shadermap for FMatExpressionPreview MaterialExpressionScalarParameter_0 in PCD3D_SM5, Default, SM5 (DDC key hash: CE05210DF399EBE4DC07ECE3809618E03C7352E2), compiling. 
[2025.10.12-21.45.13:653][496]LogMaterial: Display: Missing cached shadermap for M_TrailDamage in PCD3D_SM5, Default, SM5 (DDC key hash: 5885B7CD9CC3789F79256A1E50235A031FADE63E), compiling. 
[2025.10.12-21.45.13:655][496]MaterialEditorStats: Texture samplers: 0/16
[2025.10.12-21.45.13:687][499]MaterialEditorStats: Base pass shader: 79 instructions
[2025.10.12-21.45.13:687][499]MaterialEditorStats: Base pass shader with Volumetric Lightmap: 106 instructions
[2025.10.12-21.45.13:687][499]MaterialEditorStats: Base pass vertex shader: 193 instructions
[2025.10.12-21.45.13:687][499]MaterialEditorStats: Texture samplers: 4/16
[2025.10.12-21.45.35:077][263]LogMaterialEditor: Applying material M_TrailDamage
[2025.10.12-21.45.35:309][263]LogMaterial: Display: Missing cached shadermap for M_TrailDamage in PCD3D_SM5, Default, SM5 (DDC key hash: 245420B4A9BD3822092831262C91ED9656016100), compiling. 
[2025.10.12-21.45.35:329][263]LogMaterial: Display: Missing cached shadermap for M_TrailDamage in PCD3D_SM5, Default, SM5 (DDC key hash: 6996CC6CB4007D5109AF65678679F53FD05EC97C), compiling. 
[2025.10.12-21.45.35:347][263]LogUObjectHash: Compacting FUObjectHashTables data took   1.49ms
[2025.10.12-21.45.35:476][263]LogUObjectHash: Compacting FUObjectHashTables data took   0.44ms
[2025.10.12-21.45.35:482][263]MaterialEditorStats: Texture samplers: 0/16
[2025.10.12-21.45.35:548][265]MaterialEditorStats: Base pass shader: 79 instructions
[2025.10.12-21.45.35:548][265]MaterialEditorStats: Base pass shader with Volumetric Lightmap: 106 instructions
[2025.10.12-21.45.35:548][265]MaterialEditorStats: Base pass vertex shader: 193 instructions
[2025.10.12-21.45.35:548][265]MaterialEditorStats: Texture samplers: 4/16
[2025.10.12-21.45.36:508][374]LogMaterialEditor: Saving and Compiling material M_TrailDamage
[2025.10.12-21.45.36:534][374]LogSavePackage: Moving 'C:/Users/PC/Documents/GitHub/TasteOfMadness/TasteOfMadness/Saved/M_TrailDamage3E8EE7304F56A7011349799F7AC6926A.tmp' to 'C:/Users/PC/Documents/GitHub/TasteOfMadness/TasteOfMadness/Content/Characters/Content_Enemies/BP_Rata/M_TrailDamage.uasset'
[2025.10.12-21.45.36:547][374]AssetCheck: New page: Asset Save: M_TrailDamage
[2025.10.12-21.45.36:547][374]LogContentValidation: Display: Validating Material /Game/Characters/Content_Enemies/BP_Rata/M_TrailDamage.M_TrailDamage
[2025.10.12-21.45.45:476][438]LogTemp: Repeating last play command: Selected Viewport
[2025.10.12-21.45.45:481][438]LogPlayLevel: PlayLevel: No blueprints needed recompiling
[2025.10.12-21.45.45:481][438]PIE: New page: PIE session: ComidaVivaIA (Oct 12, 2025, 10:45:45 AM)
[2025.10.12-21.45.45:518][438]LogPlayLevel: Creating play world package: /Game/Maps/UEDPIE_0_ComidaVivaIA
[2025.10.12-21.45.45:520][438]LogPlayLevel: PIE: StaticDuplicateObject took: (0.002594s)
[2025.10.12-21.45.45:521][438]LogAIModule: Creating AISystem for world ComidaVivaIA
[2025.10.12-21.45.45:521][438]LogPlayLevel: PIE: World Init took: (0.000942s)
[2025.10.12-21.45.45:521][438]LogPlayLevel: PIE: Created PIE world by copying editor world from /Game/Maps/ComidaVivaIA.ComidaVivaIA to /Game/Maps/UEDPIE_0_ComidaVivaIA.ComidaVivaIA (0.003655s)
[2025.10.12-21.45.45:538][438]LogUObjectHash: Compacting FUObjectHashTables data took   1.75ms
[2025.10.12-21.45.45:539][438]LogAudio: Display: Creating Audio Device:                 Id: 9, Scope: Unique, Realtime: True
[2025.10.12-21.45.45:539][438]LogAudioMixer: Display: Audio Mixer Platform Settings:
[2025.10.12-21.45.45:539][438]LogAudioMixer: Display: 	Sample Rate:						  48000
[2025.10.12-21.45.45:539][438]LogAudioMixer: Display: 	Callback Buffer Frame Size Requested: 1024
[2025.10.12-21.45.45:539][438]LogAudioMixer: Display: 	Callback Buffer Frame Size To Use:	  1024
[2025.10.12-21.45.45:539][438]LogAudioMixer: Display: 	Number of buffers to queue:			  2
[2025.10.12-21.45.45:539][438]LogAudioMixer: Display: 	Max Channels (voices):				  32
[2025.10.12-21.45.45:539][438]LogAudioMixer: Display: 	Number of Async Source Workers:		  0
[2025.10.12-21.45.45:539][438]LogAudio: Display: AudioDevice MaxSources: 32
[2025.10.12-21.45.45:540][438]LogAudio: Display: Audio Spatialization Plugin: None (built-in).
[2025.10.12-21.45.45:540][438]LogAudio: Display: Audio Reverb Plugin: None (built-in).
[2025.10.12-21.45.45:540][438]LogAudio: Display: Audio Occlusion Plugin: None (built-in).
[2025.10.12-21.45.45:540][438]LogAudioMixer: Display: Initializing audio mixer.
[2025.10.12-21.45.45:542][438]LogAudioMixer: Display: 0: FrontLeft
[2025.10.12-21.45.45:542][438]LogAudioMixer: Display: 1: FrontRight
[2025.10.12-21.45.45:549][438]LogAudioMixer: Display: Using Audio Device LC24RG50 (NVIDIA High Definition Audio)
[2025.10.12-21.45.45:549][438]LogAudioMixer: Display: Initializing Sound Submixes...
[2025.10.12-21.45.45:549][438]LogAudioMixer: Display: Creating Master Submix 'MasterSubmixDefault'
[2025.10.12-21.45.45:549][438]LogAudioMixer: Display: Creating Master Submix 'MasterReverbSubmixDefault'
[2025.10.12-21.45.45:550][438]LogAudioMixer: Display: Creating Master Submix 'MasterEQSubmixDefault'
[2025.10.12-21.45.45:550][438]LogAudioMixer: FMixerPlatformXAudio2::StartAudioStream() called
[2025.10.12-21.45.45:550][438]LogAudioMixer: Display: Output buffers initialized: Frames=1024, Channels=2, Samples=2048
[2025.10.12-21.45.45:551][438]LogAudioMixer: Display: Starting AudioMixerPlatformInterface::RunInternal()
[2025.10.12-21.45.45:551][438]LogAudioMixer: Display: FMixerPlatformXAudio2::SubmitBuffer() called for the first time
[2025.10.12-21.45.45:551][438]LogInit: FAudioDevice initialized.
[2025.10.12-21.45.45:551][438]LogAudio: Display: Audio Device (ID: 9) registered with world 'ComidaVivaIA'.
[2025.10.12-21.45.45:559][438]LogLoad: Game class is 'BP_GameMode_C'
[2025.10.12-21.45.45:560][438]LogWorld: Bringing World /Game/Maps/UEDPIE_0_ComidaVivaIA.ComidaVivaIA up for play (max tick rate 0) at 2025.10.12-15.45.45
[2025.10.12-21.45.45:561][438]LogWorld: Bringing up level for play took: 0.001104
[2025.10.12-21.45.45:561][438]LogOnline: OSS: Creating online subsystem instance for: :Context_16
[2025.10.12-21.45.45:563][438]LogBlueprintUserMessages: [BP_ClareCharacter_C_0] BP_Sarten
[2025.10.12-21.45.45:565][438]LogBlueprintUserMessages: [BP_ClareCharacter_C_0] BP_Olla
[2025.10.12-21.45.45:566][438]LogBlueprintUserMessages: [BP_ClareCharacter_C_0] BP_LlaveInglesa
[2025.10.12-21.45.45:568][438]LogBlueprintUserMessages: [BP_ClareCharacter_C_0] BP_Escoba
[2025.10.12-21.45.45:570][438]LogBlueprintUserMessages: [BP_ClareCharacter_C_0] BP_Trapeador
[2025.10.12-21.45.45:571][438]LogBlueprintUserMessages: [BP_ClareCharacter_C_0] BP_Extintor
[2025.10.12-21.45.45:573][438]LogBlueprintUserMessages: [BP_ClareCharacter_C_0] BP_Cuchillo
[2025.10.12-21.45.45:575][438]PIE: Server logged in
[2025.10.12-21.45.45:575][438]PIE: Play in editor total start time 0.095 seconds.
[2025.10.12-21.45.45:925][479]LogBlueprintUserMessages: [BP_SwarmEnemy_2] "Përsiguiendo"
[2025.10.12-21.45.46:424][539]LogBlueprintUserMessages: [BP_SwarmEnemy_2] "Përsiguiendo"
[2025.10.12-21.45.46:925][599]LogBlueprintUserMessages: [BP_SwarmEnemy_2] "Përsiguiendo"
[2025.10.12-21.45.47:425][659]LogBlueprintUserMessages: [BP_SwarmEnemy_2] "Përsiguiendo"
[2025.10.12-21.45.47:925][719]LogBlueprintUserMessages: [BP_SwarmEnemy_2] "Përsiguiendo"
[2025.10.12-21.45.48:424][779]LogBlueprintUserMessages: [BP_SwarmEnemy_2] "Përsiguiendo"
[2025.10.12-21.45.48:924][839]LogBlueprintUserMessages: [BP_SwarmEnemy_2] "Përsiguiendo"
[2025.10.12-21.45.49:424][899]LogBlueprintUserMessages: [BP_SwarmEnemy_2] "Përsiguiendo"
[2025.10.12-21.45.50:474][ 25]LogBlueprintUserMessages: [BP_TrailDamage_2] Destruido
[2025.10.12-21.45.50:483][ 26]LogBlueprintUserMessages: [BP_SwarmEnemy_2] Trail creado
[2025.10.12-21.45.52:659][284]LogSlate: Updating window title bar state: overlay mode, drag disabled, window buttons hidden, title bar hidden
[2025.10.12-21.45.52:659][284]LogWorld: BeginTearingDown for /Game/Maps/UEDPIE_0_ComidaVivaIA
[2025.10.12-21.45.52:659][284]LogWorld: UWorld::CleanupWorld for ComidaVivaIA, bSessionEnded=true, bCleanupResources=true
[2025.10.12-21.45.52:659][284]LogSlate: InvalidateAllWidgets triggered.  All widgets were invalidated
[2025.10.12-21.45.52:667][284]LogPlayLevel: Display: Shutting down PIE online subsystems
[2025.10.12-21.45.52:675][284]LogSlate: InvalidateAllWidgets triggered.  All widgets were invalidated
[2025.10.12-21.45.52:692][284]LogSlate: Updating window title bar state: overlay mode, drag disabled, window buttons hidden, title bar hidden
[2025.10.12-21.45.52:692][284]LogAudioMixer: FMixerPlatformXAudio2::StopAudioStream() called
[2025.10.12-21.45.52:693][284]LogAudioMixer: FMixerPlatformXAudio2::StopAudioStream() called
[2025.10.12-21.45.52:699][284]LogUObjectHash: Compacting FUObjectHashTables data took   1.50ms
[2025.10.12-21.45.52:745][286]LogPlayLevel: Display: Destroying online subsystem :Context_16
[2025.10.12-21.46.14:592][894]LogMaterial: Display: Missing cached shadermap for M_TrailDamage in PCD3D_SM5, Default, SM5 (DDC key hash: 23268A1DCC2DB5074AFEAA6E4E76A7BE957B562C), compiling. 
[2025.10.12-21.46.14:593][894]LogMaterial: Display: Missing cached shadermap for FMatExpressionPreview MaterialExpressionScalarParameter_0 in PCD3D_SM5, Default, SM5 (DDC key hash: 4DD60ABA62708BB0C15DFE2DF6076B4B39297820), compiling. 
[2025.10.12-21.46.14:596][894]LogMaterial: Display: Missing cached shadermap for M_TrailDamage in PCD3D_SM5, Default, SM5 (DDC key hash: D8CA71156AFE93535DC642933CEF0F7AF0955FB5), compiling. 
[2025.10.12-21.46.14:597][894]MaterialEditorStats: Texture samplers: 0/16
[2025.10.12-21.46.14:630][897]MaterialEditorStats: Base pass shader: 79 instructions
[2025.10.12-21.46.14:630][897]MaterialEditorStats: Base pass shader with Volumetric Lightmap: 106 instructions
[2025.10.12-21.46.14:630][897]MaterialEditorStats: Base pass vertex shader: 193 instructions
[2025.10.12-21.46.14:630][897]MaterialEditorStats: Texture samplers: 4/16
[2025.10.12-21.46.16:137][ 75]LogMaterialEditor: Applying material M_TrailDamage
[2025.10.12-21.46.16:368][ 75]LogMaterial: Display: Missing cached shadermap for M_TrailDamage in PCD3D_SM5, Default, SM5 (DDC key hash: 874BA0D007FDEA339707851844F7C6E66C7BF665), compiling. 
[2025.10.12-21.46.16:389][ 75]LogMaterial: Display: Missing cached shadermap for M_TrailDamage in PCD3D_SM5, Default, SM5 (DDC key hash: 471544708D19A926074958B6F304CF87CEBEEFBB), compiling. 
[2025.10.12-21.46.16:436][ 75]LogUObjectHash: Compacting FUObjectHashTables data took   1.52ms
[2025.10.12-21.46.16:565][ 75]LogUObjectHash: Compacting FUObjectHashTables data took   0.45ms
[2025.10.12-21.46.16:570][ 75]MaterialEditorStats: Texture samplers: 0/16
[2025.10.12-21.46.16:616][ 77]MaterialEditorStats: Base pass shader: 79 instructions
[2025.10.12-21.46.16:616][ 77]MaterialEditorStats: Base pass shader with Volumetric Lightmap: 106 instructions
[2025.10.12-21.46.16:617][ 77]MaterialEditorStats: Base pass vertex shader: 193 instructions
[2025.10.12-21.46.16:617][ 77]MaterialEditorStats: Texture samplers: 4/16
[2025.10.12-21.46.16:728][ 90]LogMaterialEditor: Saving and Compiling material M_TrailDamage
[2025.10.12-21.46.16:757][ 90]LogSavePackage: Moving 'C:/Users/PC/Documents/GitHub/TasteOfMadness/TasteOfMadness/Saved/M_TrailDamageEA9C3ED4403F994544E53C8477759C34.tmp' to 'C:/Users/PC/Documents/GitHub/TasteOfMadness/TasteOfMadness/Content/Characters/Content_Enemies/BP_Rata/M_TrailDamage.uasset'
[2025.10.12-21.46.16:769][ 90]AssetCheck: New page: Asset Save: M_TrailDamage
[2025.10.12-21.46.16:769][ 90]LogContentValidation: Display: Validating Material /Game/Characters/Content_Enemies/BP_Rata/M_TrailDamage.M_TrailDamage
[2025.10.12-21.46.29:430][609]LogMaterial: Display: Missing cached shadermap for M_TrailDamage in PCD3D_SM5, Default, SM5 (DDC key hash: 45B44C6E76A82A3030761B8FC0476D66ED613E09), compiling. 
[2025.10.12-21.46.29:431][609]LogMaterial: Display: Missing cached shadermap for FMatExpressionPreview MaterialExpressionVectorParameter_0 in PCD3D_SM5, Default, SM5 (DDC key hash: 5AD6131E0631FBA758C7F749715A96247F2F8920), compiling. 
[2025.10.12-21.46.29:432][609]LogMaterial: Display: Missing cached shadermap for FMatExpressionPreview MaterialExpressionScalarParameter_0 in PCD3D_SM5, Default, SM5 (DDC key hash: FC16EFBCA86E2DD0A9F695273CEBD42E92DE442E), compiling. 
[2025.10.12-21.46.29:464][611]LogShaderCompilers: Display: === FShaderJobCache stats ===
[2025.10.12-21.46.29:464][611]LogShaderCompilers: Display: Total job queries 718, among them cache hits 627 (87.33%)
[2025.10.12-21.46.29:464][611]LogShaderCompilers: Display: Tracking 66 distinct input hashes that result in 42 distinct outputs (63.64%)
[2025.10.12-21.46.29:464][611]LogShaderCompilers: Display: RAM used: 0.17 MB (0.00 GB) of 1228.80 MB (1.20 GB) budget. Usage: 0.01%
[2025.10.12-21.46.29:464][611]LogShaderCompilers: Display: ================================================
[2025.10.12-21.46.31:802][891]LogMaterialEditor: Applying material M_TrailDamage
[2025.10.12-21.46.32:034][891]LogMaterial: Display: Missing cached shadermap for M_TrailDamage in PCD3D_SM5, Default, SM5 (DDC key hash: 9B03E92413445914094F04EF34A1BDD7EAF68AB3), compiling. 
[2025.10.12-21.46.32:057][891]LogMaterial: Display: Missing cached shadermap for M_TrailDamage in PCD3D_SM5, Default, SM5 (DDC key hash: 5A0B63B7A05EE926C2025ABB58E08681FD486AF8), compiling. 
[2025.10.12-21.46.32:076][891]LogUObjectHash: Compacting FUObjectHashTables data took   0.53ms
[2025.10.12-21.46.32:205][891]LogUObjectHash: Compacting FUObjectHashTables data took   0.45ms
[2025.10.12-21.46.32:213][891]MaterialEditorStats: Texture samplers: 0/16
[2025.10.12-21.46.32:257][894]MaterialEditorStats: Base pass shader: 79 instructions
[2025.10.12-21.46.32:257][894]MaterialEditorStats: Base pass shader with Volumetric Lightmap: 106 instructions
[2025.10.12-21.46.32:257][894]MaterialEditorStats: Base pass vertex shader: 193 instructions
[2025.10.12-21.46.32:257][894]MaterialEditorStats: Texture samplers: 4/16
[2025.10.12-21.46.32:358][906]LogMaterialEditor: Saving and Compiling material M_TrailDamage
[2025.10.12-21.46.32:382][906]LogSavePackage: Moving 'C:/Users/PC/Documents/GitHub/TasteOfMadness/TasteOfMadness/Saved/M_TrailDamageBAE931604D9F5092C27B0D95288257CC.tmp' to 'C:/Users/PC/Documents/GitHub/TasteOfMadness/TasteOfMadness/Content/Characters/Content_Enemies/BP_Rata/M_TrailDamage.uasset'
[2025.10.12-21.46.32:394][906]AssetCheck: New page: Asset Save: M_TrailDamage
[2025.10.12-21.46.32:394][906]LogContentValidation: Display: Validating Material /Game/Characters/Content_Enemies/BP_Rata/M_TrailDamage.M_TrailDamage
[2025.10.12-21.46.36:067][315]LogWorld: UWorld::CleanupWorld for World_3, bSessionEnded=true, bCleanupResources=true
[2025.10.12-21.46.36:067][315]LogSlate: InvalidateAllWidgets triggered.  All widgets were invalidated
[2025.10.12-21.46.36:566][362]LogActorComponent: UnregisterComponent: (/Engine/Transient.EditorFloorComp) Not registered. Aborting.
[2025.10.12-21.46.36:566][362]LogWorld: UWorld::CleanupWorld for World_4, bSessionEnded=true, bCleanupResources=true
[2025.10.12-21.46.36:566][362]LogSlate: InvalidateAllWidgets triggered.  All widgets were invalidated
[2025.10.12-21.46.38:474][581]Cmd: OBJ SAVEPACKAGE PACKAGE="/Game/Maps/ComidaVivaIA" FILE="C:/Users/PC/Documents/GitHub/TasteOfMadness/TasteOfMadness/Content/Maps/ComidaVivaIA.umap" SILENT=true AUTOSAVING=false KEEPDIRTY=false
[2025.10.12-21.46.38:491][581]LogUObjectHash: Compacting FUObjectHashTables data took   1.84ms
[2025.10.12-21.46.38:500][581]LogSavePackage: Moving 'C:/Users/PC/Documents/GitHub/TasteOfMadness/TasteOfMadness/Saved/ComidaVivaIADF24F00F4869CC845A39AD9B9FDB6DCE.tmp' to 'C:/Users/PC/Documents/GitHub/TasteOfMadness/TasteOfMadness/Content/Maps/ComidaVivaIA.umap'
[2025.10.12-21.46.38:526][581]AssetCheck: New page: Asset Save: ComidaVivaIA
[2025.10.12-21.46.38:526][581]LogContentValidation: Display: Validating World /Game/Maps/ComidaVivaIA.ComidaVivaIA
[2025.10.12-21.46.40:305][792]LogTemp: Repeating last play command: Selected Viewport
[2025.10.12-21.46.40:310][792]LogPlayLevel: PlayLevel: No blueprints needed recompiling
[2025.10.12-21.46.40:310][792]PIE: New page: PIE session: ComidaVivaIA (Oct 12, 2025, 10:46:40 AM)
[2025.10.12-21.46.40:345][792]LogPlayLevel: Creating play world package: /Game/Maps/UEDPIE_0_ComidaVivaIA
[2025.10.12-21.46.40:348][792]LogPlayLevel: PIE: StaticDuplicateObject took: (0.002500s)
[2025.10.12-21.46.40:349][792]LogAIModule: Creating AISystem for world ComidaVivaIA
[2025.10.12-21.46.40:349][792]LogPlayLevel: PIE: World Init took: (0.000920s)
[2025.10.12-21.46.40:349][792]LogPlayLevel: PIE: Created PIE world by copying editor world from /Game/Maps/ComidaVivaIA.ComidaVivaIA to /Game/Maps/UEDPIE_0_ComidaVivaIA.ComidaVivaIA (0.003536s)
[2025.10.12-21.46.40:362][792]LogUObjectHash: Compacting FUObjectHashTables data took   1.53ms
[2025.10.12-21.46.40:364][792]LogAudio: Display: Creating Audio Device:                 Id: 10, Scope: Unique, Realtime: True
[2025.10.12-21.46.40:364][792]LogAudioMixer: Display: Audio Mixer Platform Settings:
[2025.10.12-21.46.40:364][792]LogAudioMixer: Display: 	Sample Rate:						  48000
[2025.10.12-21.46.40:364][792]LogAudioMixer: Display: 	Callback Buffer Frame Size Requested: 1024
[2025.10.12-21.46.40:364][792]LogAudioMixer: Display: 	Callback Buffer Frame Size To Use:	  1024
[2025.10.12-21.46.40:364][792]LogAudioMixer: Display: 	Number of buffers to queue:			  2
[2025.10.12-21.46.40:364][792]LogAudioMixer: Display: 	Max Channels (voices):				  32
[2025.10.12-21.46.40:364][792]LogAudioMixer: Display: 	Number of Async Source Workers:		  0
[2025.10.12-21.46.40:364][792]LogAudio: Display: AudioDevice MaxSources: 32
[2025.10.12-21.46.40:364][792]LogAudio: Display: Audio Spatialization Plugin: None (built-in).
[2025.10.12-21.46.40:364][792]LogAudio: Display: Audio Reverb Plugin: None (built-in).
[2025.10.12-21.46.40:364][792]LogAudio: Display: Audio Occlusion Plugin: None (built-in).
[2025.10.12-21.46.40:364][792]LogAudioMixer: Display: Initializing audio mixer.
[2025.10.12-21.46.40:367][792]LogAudioMixer: Display: 0: FrontLeft
[2025.10.12-21.46.40:367][792]LogAudioMixer: Display: 1: FrontRight
[2025.10.12-21.46.40:373][792]LogAudioMixer: Display: Using Audio Device LC24RG50 (NVIDIA High Definition Audio)
[2025.10.12-21.46.40:373][792]LogAudioMixer: Display: Initializing Sound Submixes...
[2025.10.12-21.46.40:373][792]LogAudioMixer: Display: Creating Master Submix 'MasterSubmixDefault'
[2025.10.12-21.46.40:373][792]LogAudioMixer: Display: Creating Master Submix 'MasterReverbSubmixDefault'
[2025.10.12-21.46.40:373][792]LogAudioMixer: Display: Creating Master Submix 'MasterEQSubmixDefault'
[2025.10.12-21.46.40:373][792]LogAudioMixer: FMixerPlatformXAudio2::StartAudioStream() called
[2025.10.12-21.46.40:373][792]LogAudioMixer: Display: Output buffers initialized: Frames=1024, Channels=2, Samples=2048
[2025.10.12-21.46.40:374][792]LogAudioMixer: Display: Starting AudioMixerPlatformInterface::RunInternal()
[2025.10.12-21.46.40:374][792]LogAudioMixer: Display: FMixerPlatformXAudio2::SubmitBuffer() called for the first time
[2025.10.12-21.46.40:374][792]LogInit: FAudioDevice initialized.
[2025.10.12-21.46.40:374][792]LogAudio: Display: Audio Device (ID: 10) registered with world 'ComidaVivaIA'.
[2025.10.12-21.46.40:384][792]LogLoad: Game class is 'BP_GameMode_C'
[2025.10.12-21.46.40:386][792]LogWorld: Bringing World /Game/Maps/UEDPIE_0_ComidaVivaIA.ComidaVivaIA up for play (max tick rate 0) at 2025.10.12-15.46.40
[2025.10.12-21.46.40:386][792]LogWorld: Bringing up level for play took: 0.001042
[2025.10.12-21.46.40:386][792]LogOnline: OSS: Creating online subsystem instance for: :Context_17
[2025.10.12-21.46.40:388][792]LogBlueprintUserMessages: [BP_ClareCharacter_C_0] BP_Sarten
[2025.10.12-21.46.40:390][792]LogBlueprintUserMessages: [BP_ClareCharacter_C_0] BP_Olla
[2025.10.12-21.46.40:391][792]LogBlueprintUserMessages: [BP_ClareCharacter_C_0] BP_LlaveInglesa
[2025.10.12-21.46.40:393][792]LogBlueprintUserMessages: [BP_ClareCharacter_C_0] BP_Escoba
[2025.10.12-21.46.40:394][792]LogBlueprintUserMessages: [BP_ClareCharacter_C_0] BP_Trapeador
[2025.10.12-21.46.40:396][792]LogBlueprintUserMessages: [BP_ClareCharacter_C_0] BP_Extintor
[2025.10.12-21.46.40:397][792]LogBlueprintUserMessages: [BP_ClareCharacter_C_0] BP_Cuchillo
[2025.10.12-21.46.40:399][792]PIE: Server logged in
[2025.10.12-21.46.40:399][792]PIE: Play in editor total start time 0.09 seconds.
[2025.10.12-21.46.40:532][807]LogBlueprintUserMessages: [BP_SwarmEnemy_2] "Përsiguiendo"
[2025.10.12-21.46.41:032][867]LogBlueprintUserMessages: [BP_SwarmEnemy_2] "Përsiguiendo"
[2025.10.12-21.46.44:031][227]LogBlueprintUserMessages: [BP_SwarmEnemy_2] "Përsiguiendo"
[2025.10.12-21.46.44:531][287]LogBlueprintUserMessages: [BP_SwarmEnemy_2] "Përsiguiendo"
[2025.10.12-21.46.45:031][347]LogBlueprintUserMessages: [BP_SwarmEnemy_2] "Përsiguiendo"
[2025.10.12-21.46.45:298][379]LogBlueprintUserMessages: [BP_TrailDamage_2] Destruido
[2025.10.12-21.46.45:306][380]LogBlueprintUserMessages: [BP_SwarmEnemy_2] Trail creado
[2025.10.12-21.46.45:532][407]LogBlueprintUserMessages: [BP_SwarmEnemy_2] "Përsiguiendo"
[2025.10.12-21.46.46:031][467]LogBlueprintUserMessages: [BP_SwarmEnemy_2] "Përsiguiendo"
[2025.10.12-21.46.46:532][527]LogBlueprintUserMessages: [BP_SwarmEnemy_2] "Përsiguiendo"
[2025.10.12-21.46.47:031][587]LogBlueprintUserMessages: [BP_SwarmEnemy_2] "Përsiguiendo"
[2025.10.12-21.46.47:531][647]LogBlueprintUserMessages: [BP_SwarmEnemy_2] "Përsiguiendo"
[2025.10.12-21.46.48:032][707]LogBlueprintUserMessages: [BP_SwarmEnemy_2] "Përsiguiendo"
[2025.10.12-21.46.49:823][922]LogBlueprintUserMessages: [BP_ClareCharacter_C_0] Vida45.0
[2025.10.12-21.46.50:306][980]LogBlueprintUserMessages: [BP_TrailDamage_C_0] Destruido
[2025.10.12-21.46.50:306][980]LogBlueprintUserMessages: [BP_SwarmEnemy_2] Trail creado
[2025.10.12-21.46.55:306][580]LogBlueprintUserMessages: [BP_TrailDamage_C_1] Destruido
[2025.10.12-21.46.55:307][580]LogBlueprintUserMessages: [BP_SwarmEnemy_2] Trail creado
[2025.10.12-21.47.00:281][177]LogBlueprintUserMessages: [BP_ClareCharacter_C_0] Vida40.0
[2025.10.12-21.47.00:306][180]LogBlueprintUserMessages: [BP_TrailDamage_C_2] Destruido
[2025.10.12-21.47.00:307][180]LogBlueprintUserMessages: [BP_ClareCharacter_C_0] Vida35.0
[2025.10.12-21.47.00:307][180]LogBlueprintUserMessages: [BP_SwarmEnemy_2] Trail creado
[2025.10.12-21.47.01:964][377]LogBlueprintUserMessages: [BP_ClareCharacter_C_0] Vida30.0
[2025.10.12-21.47.02:322][420]LogBlueprintUserMessages: [BP_ClareCharacter_C_0] Vida25.0
[2025.10.12-21.47.02:539][446]LogBlueprintUserMessages: [BP_SwarmEnemy_2] "Përsiguiendo"
[2025.10.12-21.47.03:697][585]LogBlueprintUserMessages: [BP_ClareCharacter_C_0] Vida20.0
[2025.10.12-21.47.05:314][779]LogBlueprintUserMessages: [BP_TrailDamage_C_3] Destruido
[2025.10.12-21.47.05:315][779]LogBlueprintUserMessages: [BP_SwarmEnemy_2] Trail creado
[2025.10.12-21.47.06:226][884]LogSlate: Updating window title bar state: overlay mode, drag disabled, window buttons hidden, title bar hidden
[2025.10.12-21.47.06:226][884]LogWorld: BeginTearingDown for /Game/Maps/UEDPIE_0_ComidaVivaIA
[2025.10.12-21.47.06:226][884]LogWorld: UWorld::CleanupWorld for ComidaVivaIA, bSessionEnded=true, bCleanupResources=true
[2025.10.12-21.47.06:226][884]LogSlate: InvalidateAllWidgets triggered.  All widgets were invalidated
[2025.10.12-21.47.06:230][884]LogPlayLevel: Display: Shutting down PIE online subsystems
[2025.10.12-21.47.06:237][884]LogSlate: InvalidateAllWidgets triggered.  All widgets were invalidated
[2025.10.12-21.47.06:249][884]LogSlate: Updating window title bar state: overlay mode, drag disabled, window buttons hidden, title bar hidden
[2025.10.12-21.47.06:249][884]LogAudioMixer: FMixerPlatformXAudio2::StopAudioStream() called
[2025.10.12-21.47.06:250][884]LogAudioMixer: FMixerPlatformXAudio2::StopAudioStream() called
[2025.10.12-21.47.06:254][884]LogUObjectHash: Compacting FUObjectHashTables data took   1.53ms
[2025.10.12-21.47.06:302][886]LogPlayLevel: Display: Destroying online subsystem :Context_17
[2025.10.12-21.47.34:659][388]LogAssetEditorSubsystem: Opening Asset editor for Blueprint /Game/Characters/Content_Enemies/BP_Rata/BP_TrailDamage.BP_TrailDamage
[2025.10.12-21.47.36:745][604]LogWorld: UWorld::CleanupWorld for World_7, bSessionEnded=true, bCleanupResources=true
[2025.10.12-21.47.36:745][604]LogSlate: InvalidateAllWidgets triggered.  All widgets were invalidated
[2025.10.12-21.48.07:582][280]BlueprintLog: New page: Compile BP_TrailDamage
[2025.10.12-21.48.07:625][280]LogUObjectHash: Compacting FUObjectHashTables data took   1.75ms
[2025.10.12-21.48.08:120][334]LogSavePackage: Moving 'C:/Users/PC/Documents/GitHub/TasteOfMadness/TasteOfMadness/Saved/BP_TrailDamage8BED08394585FB06CCF347959345C196.tmp' to 'C:/Users/PC/Documents/GitHub/TasteOfMadness/TasteOfMadness/Content/Characters/Content_Enemies/BP_Rata/BP_TrailDamage.uasset'
[2025.10.12-21.48.08:133][334]AssetCheck: New page: Asset Save: BP_TrailDamage
[2025.10.12-21.48.08:133][334]LogContentValidation: Display: Validating Blueprint /Game/Characters/Content_Enemies/BP_Rata/BP_TrailDamage.BP_TrailDamage
[2025.10.12-21.48.20:077][736]LogEditorClassViewer: Warning: Class /Engine/Tutorial/InWorldBlueprintEditing/TutorialAssets/IWBE_Blutility.IWBE_Blutility_C has parent /Script/Blutility.PlacedEditorUtilityBase, but this parent is not found. The Class will not be shown in ClassViewer.
[2025.10.12-21.49.09:660][621]LogSavePackage: Moving 'C:/Users/PC/Documents/GitHub/TasteOfMadness/TasteOfMadness/Saved/BP_TrailDamage66CCD60F485014255B46AB9B0C771EDE.tmp' to 'C:/Users/PC/Documents/GitHub/TasteOfMadness/TasteOfMadness/Content/Characters/Content_Enemies/BP_Rata/BP_TrailDamage.uasset'
[2025.10.12-21.49.09:673][621]AssetCheck: New page: Asset Save: BP_TrailDamage
[2025.10.12-21.49.09:673][621]LogContentValidation: Display: Validating Blueprint /Game/Characters/Content_Enemies/BP_Rata/BP_TrailDamage.BP_TrailDamage
[2025.10.12-21.49.34:185][554]BlueprintLog: New page: Compile BP_TrailDamage
[2025.10.12-21.49.34:225][554]LogUObjectHash: Compacting FUObjectHashTables data took   2.13ms
[2025.10.12-21.49.34:773][614]LogSavePackage: Moving 'C:/Users/PC/Documents/GitHub/TasteOfMadness/TasteOfMadness/Saved/BP_TrailDamage17053012407D538BE090D7A9A6A5A6A8.tmp' to 'C:/Users/PC/Documents/GitHub/TasteOfMadness/TasteOfMadness/Content/Characters/Content_Enemies/BP_Rata/BP_TrailDamage.uasset'
[2025.10.12-21.49.34:786][614]AssetCheck: New page: Asset Save: BP_TrailDamage
[2025.10.12-21.49.34:786][614]LogContentValidation: Display: Validating Blueprint /Game/Characters/Content_Enemies/BP_Rata/BP_TrailDamage.BP_TrailDamage
[2025.10.12-21.50.22:300][266]BlueprintLog: New page: Compile BP_TrailDamage
[2025.10.12-21.50.22:337][266]LogUObjectHash: Compacting FUObjectHashTables data took   1.96ms
[2025.10.12-21.50.22:945][331]LogSavePackage: Moving 'C:/Users/PC/Documents/GitHub/TasteOfMadness/TasteOfMadness/Saved/BP_TrailDamage4EDF1F9849AB1A429FAB928C49179AFD.tmp' to 'C:/Users/PC/Documents/GitHub/TasteOfMadness/TasteOfMadness/Content/Characters/Content_Enemies/BP_Rata/BP_TrailDamage.uasset'
[2025.10.12-21.50.22:958][331]AssetCheck: New page: Asset Save: BP_TrailDamage
[2025.10.12-21.50.22:958][331]LogContentValidation: Display: Validating Blueprint /Game/Characters/Content_Enemies/BP_Rata/BP_TrailDamage.BP_TrailDamage
[2025.10.12-21.50.47:998][320]BlueprintLog: New page: Compile BP_TrailDamage
[2025.10.12-21.50.48:041][320]LogUObjectHash: Compacting FUObjectHashTables data took   2.01ms
[2025.10.12-21.50.48:503][370]LogSavePackage: Moving 'C:/Users/PC/Documents/GitHub/TasteOfMadness/TasteOfMadness/Saved/BP_TrailDamage06F6F1544C4895E6CF1B9BAAB97C34B4.tmp' to 'C:/Users/PC/Documents/GitHub/TasteOfMadness/TasteOfMadness/Content/Characters/Content_Enemies/BP_Rata/BP_TrailDamage.uasset'
[2025.10.12-21.50.48:515][370]AssetCheck: New page: Asset Save: BP_TrailDamage
[2025.10.12-21.50.48:516][370]LogContentValidation: Display: Validating Blueprint /Game/Characters/Content_Enemies/BP_Rata/BP_TrailDamage.BP_TrailDamage
[2025.10.12-21.50.58:753][581]LogSavePackage: Moving 'C:/Users/PC/Documents/GitHub/TasteOfMadness/TasteOfMadness/Saved/BP_TrailDamage5A7FF7EB4753FB3277F7B88C05E11A12.tmp' to 'C:/Users/PC/Documents/GitHub/TasteOfMadness/TasteOfMadness/Content/Characters/Content_Enemies/BP_Rata/BP_TrailDamage.uasset'
[2025.10.12-21.50.58:766][581]AssetCheck: New page: Asset Save: BP_TrailDamage
[2025.10.12-21.50.58:766][581]LogContentValidation: Display: Validating Blueprint /Game/Characters/Content_Enemies/BP_Rata/BP_TrailDamage.BP_TrailDamage
[2025.10.12-21.50.59:797][701]Cmd: OBJ SAVEPACKAGE PACKAGE="/Game/Maps/ComidaVivaIA" FILE="C:/Users/PC/Documents/GitHub/TasteOfMadness/TasteOfMadness/Content/Maps/ComidaVivaIA.umap" SILENT=true AUTOSAVING=false KEEPDIRTY=false
[2025.10.12-21.50.59:813][701]LogUObjectHash: Compacting FUObjectHashTables data took   1.82ms
[2025.10.12-21.50.59:822][701]LogSavePackage: Moving 'C:/Users/PC/Documents/GitHub/TasteOfMadness/TasteOfMadness/Saved/ComidaVivaIA94B7E17E4D5042F4B7345FB567505705.tmp' to 'C:/Users/PC/Documents/GitHub/TasteOfMadness/TasteOfMadness/Content/Maps/ComidaVivaIA.umap'
[2025.10.12-21.50.59:849][701]AssetCheck: New page: Asset Save: ComidaVivaIA
[2025.10.12-21.50.59:849][701]LogContentValidation: Display: Validating World /Game/Maps/ComidaVivaIA.ComidaVivaIA
[2025.10.12-21.51.00:998][838]LogTemp: Repeating last play command: Selected Viewport
[2025.10.12-21.51.01:004][838]LogPlayLevel: PlayLevel: No blueprints needed recompiling
[2025.10.12-21.51.01:004][838]PIE: New page: PIE session: ComidaVivaIA (Oct 12, 2025, 10:51:01 AM)
[2025.10.12-21.51.01:026][838]LogPlayLevel: Creating play world package: /Game/Maps/UEDPIE_0_ComidaVivaIA
[2025.10.12-21.51.01:029][838]LogPlayLevel: PIE: StaticDuplicateObject took: (0.003204s)
[2025.10.12-21.51.01:030][838]LogAIModule: Creating AISystem for world ComidaVivaIA
[2025.10.12-21.51.01:030][838]LogPlayLevel: PIE: World Init took: (0.000792s)
[2025.10.12-21.51.01:030][838]LogPlayLevel: PIE: Created PIE world by copying editor world from /Game/Maps/ComidaVivaIA.ComidaVivaIA to /Game/Maps/UEDPIE_0_ComidaVivaIA.ComidaVivaIA (0.004095s)
[2025.10.12-21.51.01:045][838]LogUObjectHash: Compacting FUObjectHashTables data took   1.75ms
[2025.10.12-21.51.01:045][838]LogAudio: Display: Creating Audio Device:                 Id: 11, Scope: Unique, Realtime: True
[2025.10.12-21.51.01:045][838]LogAudioMixer: Display: Audio Mixer Platform Settings:
[2025.10.12-21.51.01:045][838]LogAudioMixer: Display: 	Sample Rate:						  48000
[2025.10.12-21.51.01:045][838]LogAudioMixer: Display: 	Callback Buffer Frame Size Requested: 1024
[2025.10.12-21.51.01:045][838]LogAudioMixer: Display: 	Callback Buffer Frame Size To Use:	  1024
[2025.10.12-21.51.01:045][838]LogAudioMixer: Display: 	Number of buffers to queue:			  2
[2025.10.12-21.51.01:045][838]LogAudioMixer: Display: 	Max Channels (voices):				  32
[2025.10.12-21.51.01:045][838]LogAudioMixer: Display: 	Number of Async Source Workers:		  0
[2025.10.12-21.51.01:045][838]LogAudio: Display: AudioDevice MaxSources: 32
[2025.10.12-21.51.01:046][838]LogAudio: Display: Audio Spatialization Plugin: None (built-in).
[2025.10.12-21.51.01:046][838]LogAudio: Display: Audio Reverb Plugin: None (built-in).
[2025.10.12-21.51.01:046][838]LogAudio: Display: Audio Occlusion Plugin: None (built-in).
[2025.10.12-21.51.01:046][838]LogAudioMixer: Display: Initializing audio mixer.
[2025.10.12-21.51.01:089][838]LogAudioMixer: Display: 0: FrontLeft
[2025.10.12-21.51.01:089][838]LogAudioMixer: Display: 1: FrontRight
[2025.10.12-21.51.01:096][838]LogAudioMixer: Display: Using Audio Device LC24RG50 (NVIDIA High Definition Audio)
[2025.10.12-21.51.01:096][838]LogAudioMixer: Display: Initializing Sound Submixes...
[2025.10.12-21.51.01:096][838]LogAudioMixer: Display: Creating Master Submix 'MasterSubmixDefault'
[2025.10.12-21.51.01:096][838]LogAudioMixer: Display: Creating Master Submix 'MasterReverbSubmixDefault'
[2025.10.12-21.51.01:097][838]LogAudioMixer: Display: Creating Master Submix 'MasterEQSubmixDefault'
[2025.10.12-21.51.01:097][838]LogAudioMixer: FMixerPlatformXAudio2::StartAudioStream() called
[2025.10.12-21.51.01:097][838]LogAudioMixer: Display: Output buffers initialized: Frames=1024, Channels=2, Samples=2048
[2025.10.12-21.51.01:098][838]LogAudioMixer: Display: Starting AudioMixerPlatformInterface::RunInternal()
[2025.10.12-21.51.01:098][838]LogAudioMixer: Display: FMixerPlatformXAudio2::SubmitBuffer() called for the first time
[2025.10.12-21.51.01:098][838]LogInit: FAudioDevice initialized.
[2025.10.12-21.51.01:098][838]LogAudio: Display: Audio Device (ID: 11) registered with world 'ComidaVivaIA'.
[2025.10.12-21.51.01:109][838]LogLoad: Game class is 'BP_GameMode_C'
[2025.10.12-21.51.01:110][838]LogWorld: Bringing World /Game/Maps/UEDPIE_0_ComidaVivaIA.ComidaVivaIA up for play (max tick rate 0) at 2025.10.12-15.51.01
[2025.10.12-21.51.01:111][838]LogWorld: Bringing up level for play took: 0.001106
[2025.10.12-21.51.01:111][838]LogOnline: OSS: Creating online subsystem instance for: :Context_19
[2025.10.12-21.51.01:113][838]LogBlueprintUserMessages: [BP_ClareCharacter_C_0] BP_Sarten
[2025.10.12-21.51.01:115][838]LogBlueprintUserMessages: [BP_ClareCharacter_C_0] BP_Olla
[2025.10.12-21.51.01:116][838]LogBlueprintUserMessages: [BP_ClareCharacter_C_0] BP_LlaveInglesa
[2025.10.12-21.51.01:118][838]LogBlueprintUserMessages: [BP_ClareCharacter_C_0] BP_Escoba
[2025.10.12-21.51.01:119][838]LogBlueprintUserMessages: [BP_ClareCharacter_C_0] BP_Trapeador
[2025.10.12-21.51.01:121][838]LogBlueprintUserMessages: [BP_ClareCharacter_C_0] BP_Extintor
[2025.10.12-21.51.01:122][838]LogBlueprintUserMessages: [BP_ClareCharacter_C_0] BP_Cuchillo
[2025.10.12-21.51.01:123][838]PIE: Server logged in
[2025.10.12-21.51.01:124][838]PIE: Play in editor total start time 0.122 seconds.
[2025.10.12-21.51.01:318][859]LogBlueprintUserMessages: [BP_SwarmEnemy_2] "Përsiguiendo"
[2025.10.12-21.51.01:817][919]LogBlueprintUserMessages: [BP_SwarmEnemy_2] "Përsiguiendo"
[2025.10.12-21.51.02:317][979]LogBlueprintUserMessages: [BP_SwarmEnemy_2] "Përsiguiendo"
[2025.10.12-21.51.02:817][ 39]LogBlueprintUserMessages: [BP_SwarmEnemy_2] "Përsiguiendo"
[2025.10.12-21.51.03:317][ 99]LogBlueprintUserMessages: [BP_SwarmEnemy_2] "Përsiguiendo"
[2025.10.12-21.51.03:817][159]LogBlueprintUserMessages: [BP_SwarmEnemy_2] "Përsiguiendo"
[2025.10.12-21.51.04:317][219]LogBlueprintUserMessages: [BP_SwarmEnemy_2] "Përsiguiendo"
[2025.10.12-21.51.04:817][279]LogBlueprintUserMessages: [BP_SwarmEnemy_2] "Përsiguiendo"
[2025.10.12-21.51.05:992][420]LogBlueprintUserMessages: [BP_TrailDamage_2] Destruido
[2025.10.12-21.51.06:001][421]LogBlueprintUserMessages: [BP_SwarmEnemy_2] Trail creado
[2025.10.12-21.51.11:001][ 21]LogBlueprintUserMessages: [BP_TrailDamage_C_0] Destruido
[2025.10.12-21.51.11:001][ 21]LogBlueprintUserMessages: [BP_SwarmEnemy_2] Trail creado
[2025.10.12-21.51.11:147][ 34]LogSlate: Updating window title bar state: overlay mode, drag disabled, window buttons hidden, title bar hidden
[2025.10.12-21.51.11:147][ 34]LogWorld: BeginTearingDown for /Game/Maps/UEDPIE_0_ComidaVivaIA
[2025.10.12-21.51.11:147][ 34]LogWorld: UWorld::CleanupWorld for ComidaVivaIA, bSessionEnded=true, bCleanupResources=true
[2025.10.12-21.51.11:147][ 34]LogSlate: InvalidateAllWidgets triggered.  All widgets were invalidated
[2025.10.12-21.51.11:158][ 34]LogPlayLevel: Display: Shutting down PIE online subsystems
[2025.10.12-21.51.11:166][ 34]LogSlate: InvalidateAllWidgets triggered.  All widgets were invalidated
[2025.10.12-21.51.11:180][ 34]LogSlate: Updating window title bar state: overlay mode, drag disabled, window buttons hidden, title bar hidden
[2025.10.12-21.51.11:180][ 34]LogAudioMixer: FMixerPlatformXAudio2::StopAudioStream() called
[2025.10.12-21.51.11:182][ 34]LogAudioMixer: FMixerPlatformXAudio2::StopAudioStream() called
[2025.10.12-21.51.11:187][ 34]LogUObjectHash: Compacting FUObjectHashTables data took   1.52ms
[2025.10.12-21.51.11:231][ 36]LogPlayLevel: Display: Destroying online subsystem :Context_19
[2025.10.12-21.51.11:989][127]LogEditorViewport: Clicking on Actor (context menu): BP_Sky_Sphere_C (Sky Sphere)
[2025.10.12-21.51.12:930][229]LogTemp: Repeating last play command: Selected Viewport
[2025.10.12-21.51.12:935][229]LogPlayLevel: PlayLevel: No blueprints needed recompiling
[2025.10.12-21.51.12:935][229]PIE: New page: PIE session: ComidaVivaIA (Oct 12, 2025, 10:51:12 AM)
[2025.10.12-21.51.12:976][229]LogPlayLevel: Creating play world package: /Game/Maps/UEDPIE_0_ComidaVivaIA
[2025.10.12-21.51.12:978][229]LogPlayLevel: PIE: StaticDuplicateObject took: (0.002525s)
[2025.10.12-21.51.12:979][229]LogAIModule: Creating AISystem for world ComidaVivaIA
[2025.10.12-21.51.12:979][229]LogPlayLevel: PIE: World Init took: (0.000781s)
[2025.10.12-21.51.12:979][229]LogPlayLevel: PIE: Created PIE world by copying editor world from /Game/Maps/ComidaVivaIA.ComidaVivaIA to /Game/Maps/UEDPIE_0_ComidaVivaIA.ComidaVivaIA (0.003405s)
[2025.10.12-21.51.12:994][229]LogUObjectHash: Compacting FUObjectHashTables data took   1.65ms
[2025.10.12-21.51.12:995][229]LogAudio: Display: Creating Audio Device:                 Id: 12, Scope: Unique, Realtime: True
[2025.10.12-21.51.12:995][229]LogAudioMixer: Display: Audio Mixer Platform Settings:
[2025.10.12-21.51.12:995][229]LogAudioMixer: Display: 	Sample Rate:						  48000
[2025.10.12-21.51.12:995][229]LogAudioMixer: Display: 	Callback Buffer Frame Size Requested: 1024
[2025.10.12-21.51.12:995][229]LogAudioMixer: Display: 	Callback Buffer Frame Size To Use:	  1024
[2025.10.12-21.51.12:995][229]LogAudioMixer: Display: 	Number of buffers to queue:			  2
[2025.10.12-21.51.12:995][229]LogAudioMixer: Display: 	Max Channels (voices):				  32
[2025.10.12-21.51.12:995][229]LogAudioMixer: Display: 	Number of Async Source Workers:		  0
[2025.10.12-21.51.12:995][229]LogAudio: Display: AudioDevice MaxSources: 32
[2025.10.12-21.51.12:996][229]LogAudio: Display: Audio Spatialization Plugin: None (built-in).
[2025.10.12-21.51.12:996][229]LogAudio: Display: Audio Reverb Plugin: None (built-in).
[2025.10.12-21.51.12:996][229]LogAudio: Display: Audio Occlusion Plugin: None (built-in).
[2025.10.12-21.51.12:996][229]LogAudioMixer: Display: Initializing audio mixer.
[2025.10.12-21.51.12:998][229]LogAudioMixer: Display: 0: FrontLeft
[2025.10.12-21.51.12:998][229]LogAudioMixer: Display: 1: FrontRight
[2025.10.12-21.51.13:004][229]LogAudioMixer: Display: Using Audio Device LC24RG50 (NVIDIA High Definition Audio)
[2025.10.12-21.51.13:004][229]LogAudioMixer: Display: Initializing Sound Submixes...
[2025.10.12-21.51.13:004][229]LogAudioMixer: Display: Creating Master Submix 'MasterSubmixDefault'
[2025.10.12-21.51.13:005][229]LogAudioMixer: Display: Creating Master Submix 'MasterReverbSubmixDefault'
[2025.10.12-21.51.13:005][229]LogAudioMixer: Display: Creating Master Submix 'MasterEQSubmixDefault'
[2025.10.12-21.51.13:005][229]LogAudioMixer: FMixerPlatformXAudio2::StartAudioStream() called
[2025.10.12-21.51.13:005][229]LogAudioMixer: Display: Output buffers initialized: Frames=1024, Channels=2, Samples=2048
[2025.10.12-21.51.13:006][229]LogAudioMixer: Display: Starting AudioMixerPlatformInterface::RunInternal()
[2025.10.12-21.51.13:006][229]LogAudioMixer: Display: FMixerPlatformXAudio2::SubmitBuffer() called for the first time
[2025.10.12-21.51.13:006][229]LogInit: FAudioDevice initialized.
[2025.10.12-21.51.13:006][229]LogAudio: Display: Audio Device (ID: 12) registered with world 'ComidaVivaIA'.
[2025.10.12-21.51.13:011][229]LogLoad: Game class is 'BP_GameMode_C'
[2025.10.12-21.51.13:013][229]LogWorld: Bringing World /Game/Maps/UEDPIE_0_ComidaVivaIA.ComidaVivaIA up for play (max tick rate 0) at 2025.10.12-15.51.13
[2025.10.12-21.51.13:013][229]LogWorld: Bringing up level for play took: 0.001034
[2025.10.12-21.51.13:013][229]LogOnline: OSS: Creating online subsystem instance for: :Context_20
[2025.10.12-21.51.13:015][229]LogBlueprintUserMessages: [BP_ClareCharacter_C_0] BP_Sarten
[2025.10.12-21.51.13:017][229]LogBlueprintUserMessages: [BP_ClareCharacter_C_0] BP_Olla
[2025.10.12-21.51.13:018][229]LogBlueprintUserMessages: [BP_ClareCharacter_C_0] BP_LlaveInglesa
[2025.10.12-21.51.13:020][229]LogBlueprintUserMessages: [BP_ClareCharacter_C_0] BP_Escoba
[2025.10.12-21.51.13:021][229]LogBlueprintUserMessages: [BP_ClareCharacter_C_0] BP_Trapeador
[2025.10.12-21.51.13:023][229]LogBlueprintUserMessages: [BP_ClareCharacter_C_0] BP_Extintor
[2025.10.12-21.51.13:024][229]LogBlueprintUserMessages: [BP_ClareCharacter_C_0] BP_Cuchillo
[2025.10.12-21.51.13:026][229]PIE: Server logged in
[2025.10.12-21.51.13:026][229]PIE: Play in editor total start time 0.091 seconds.
[2025.10.12-21.51.13:285][259]LogBlueprintUserMessages: [BP_SwarmEnemy_2] "Përsiguiendo"
[2025.10.12-21.51.13:785][319]LogBlueprintUserMessages: [BP_SwarmEnemy_2] "Përsiguiendo"
[2025.10.12-21.51.14:285][379]LogBlueprintUserMessages: [BP_SwarmEnemy_2] "Përsiguiendo"
[2025.10.12-21.51.14:785][439]LogBlueprintUserMessages: [BP_SwarmEnemy_2] "Përsiguiendo"
[2025.10.12-21.51.15:285][499]LogBlueprintUserMessages: [BP_SwarmEnemy_2] "Përsiguiendo"
[2025.10.12-21.51.17:927][816]LogBlueprintUserMessages: [BP_TrailDamage_2] Destruido
[2025.10.12-21.51.17:936][817]LogBlueprintUserMessages: [BP_SwarmEnemy_2] Trail creado
[2025.10.12-21.51.22:566][368]LogSlate: Updating window title bar state: overlay mode, drag disabled, window buttons hidden, title bar hidden
[2025.10.12-21.51.22:566][368]LogWorld: BeginTearingDown for /Game/Maps/UEDPIE_0_ComidaVivaIA
[2025.10.12-21.51.22:566][368]LogWorld: UWorld::CleanupWorld for ComidaVivaIA, bSessionEnded=true, bCleanupResources=true
[2025.10.12-21.51.22:567][368]LogSlate: InvalidateAllWidgets triggered.  All widgets were invalidated
[2025.10.12-21.51.22:572][368]LogPlayLevel: Display: Shutting down PIE online subsystems
[2025.10.12-21.51.22:580][368]LogSlate: InvalidateAllWidgets triggered.  All widgets were invalidated
[2025.10.12-21.51.22:595][368]LogAudio: Display: Audio Device unregistered from world 'None'.
[2025.10.12-21.51.22:595][368]LogAudioMixer: FMixerPlatformXAudio2::StopAudioStream() called
[2025.10.12-21.51.22:596][368]LogAudioMixer: FMixerPlatformXAudio2::StopAudioStream() called
[2025.10.12-21.51.22:598][368]LogSlate: Updating window title bar state: overlay mode, drag disabled, window buttons hidden, title bar hidden
[2025.10.12-21.51.22:601][368]LogUObjectHash: Compacting FUObjectHashTables data took   1.48ms
[2025.10.12-21.51.22:653][370]LogPlayLevel: Display: Destroying online subsystem :Context_20
[2025.10.12-21.51.36:228][980]LogEditorViewport: Clicking on Actor (LMB): StaticMeshActor (Floor)
[2025.10.12-21.51.46:607][208]LogTemp: Repeating last play command: Selected Viewport
[2025.10.12-21.51.46:612][208]LogPlayLevel: PlayLevel: No blueprints needed recompiling
[2025.10.12-21.51.46:612][208]PIE: New page: PIE session: ComidaVivaIA (Oct 12, 2025, 10:51:46 AM)
[2025.10.12-21.51.46:634][208]LogPlayLevel: Creating play world package: /Game/Maps/UEDPIE_0_ComidaVivaIA
[2025.10.12-21.51.46:637][208]LogPlayLevel: PIE: StaticDuplicateObject took: (0.002668s)
[2025.10.12-21.51.46:638][208]LogAIModule: Creating AISystem for world ComidaVivaIA
[2025.10.12-21.51.46:638][208]LogPlayLevel: PIE: World Init took: (0.000725s)
[2025.10.12-21.51.46:638][208]LogPlayLevel: PIE: Created PIE world by copying editor world from /Game/Maps/ComidaVivaIA.ComidaVivaIA to /Game/Maps/UEDPIE_0_ComidaVivaIA.ComidaVivaIA (0.003490s)
[2025.10.12-21.51.46:654][208]LogUObjectHash: Compacting FUObjectHashTables data took   1.52ms
[2025.10.12-21.51.46:656][208]LogAudio: Display: Creating Audio Device:                 Id: 13, Scope: Unique, Realtime: True
[2025.10.12-21.51.46:656][208]LogAudioMixer: Display: Audio Mixer Platform Settings:
[2025.10.12-21.51.46:656][208]LogAudioMixer: Display: 	Sample Rate:						  48000
[2025.10.12-21.51.46:656][208]LogAudioMixer: Display: 	Callback Buffer Frame Size Requested: 1024
[2025.10.12-21.51.46:656][208]LogAudioMixer: Display: 	Callback Buffer Frame Size To Use:	  1024
[2025.10.12-21.51.46:656][208]LogAudioMixer: Display: 	Number of buffers to queue:			  2
[2025.10.12-21.51.46:656][208]LogAudioMixer: Display: 	Max Channels (voices):				  32
[2025.10.12-21.51.46:656][208]LogAudioMixer: Display: 	Number of Async Source Workers:		  0
[2025.10.12-21.51.46:656][208]LogAudio: Display: AudioDevice MaxSources: 32
[2025.10.12-21.51.46:656][208]LogAudio: Display: Audio Spatialization Plugin: None (built-in).
[2025.10.12-21.51.46:656][208]LogAudio: Display: Audio Reverb Plugin: None (built-in).
[2025.10.12-21.51.46:656][208]LogAudio: Display: Audio Occlusion Plugin: None (built-in).
[2025.10.12-21.51.46:656][208]LogAudioMixer: Display: Initializing audio mixer.
[2025.10.12-21.51.46:659][208]LogAudioMixer: Display: 0: FrontLeft
[2025.10.12-21.51.46:659][208]LogAudioMixer: Display: 1: FrontRight
[2025.10.12-21.51.46:665][208]LogAudioMixer: Display: Using Audio Device LC24RG50 (NVIDIA High Definition Audio)
[2025.10.12-21.51.46:665][208]LogAudioMixer: Display: Initializing Sound Submixes...
[2025.10.12-21.51.46:665][208]LogAudioMixer: Display: Creating Master Submix 'MasterSubmixDefault'
[2025.10.12-21.51.46:665][208]LogAudioMixer: Display: Creating Master Submix 'MasterReverbSubmixDefault'
[2025.10.12-21.51.46:666][208]LogAudioMixer: Display: Creating Master Submix 'MasterEQSubmixDefault'
[2025.10.12-21.51.46:666][208]LogAudioMixer: FMixerPlatformXAudio2::StartAudioStream() called
[2025.10.12-21.51.46:666][208]LogAudioMixer: Display: Output buffers initialized: Frames=1024, Channels=2, Samples=2048
[2025.10.12-21.51.46:667][208]LogAudioMixer: Display: Starting AudioMixerPlatformInterface::RunInternal()
[2025.10.12-21.51.46:667][208]LogAudioMixer: Display: FMixerPlatformXAudio2::SubmitBuffer() called for the first time
[2025.10.12-21.51.46:667][208]LogInit: FAudioDevice initialized.
[2025.10.12-21.51.46:667][208]LogAudio: Display: Audio Device (ID: 13) registered with world 'ComidaVivaIA'.
[2025.10.12-21.51.46:676][208]LogLoad: Game class is 'BP_GameMode_C'
[2025.10.12-21.51.46:677][208]LogWorld: Bringing World /Game/Maps/UEDPIE_0_ComidaVivaIA.ComidaVivaIA up for play (max tick rate 0) at 2025.10.12-15.51.46
[2025.10.12-21.51.46:677][208]LogWorld: Bringing up level for play took: 0.001208
[2025.10.12-21.51.46:678][208]LogOnline: OSS: Creating online subsystem instance for: :Context_22
[2025.10.12-21.51.46:680][208]LogBlueprintUserMessages: [BP_ClareCharacter_C_0] BP_Sarten
[2025.10.12-21.51.46:682][208]LogBlueprintUserMessages: [BP_ClareCharacter_C_0] BP_Olla
[2025.10.12-21.51.46:683][208]LogBlueprintUserMessages: [BP_ClareCharacter_C_0] BP_LlaveInglesa
[2025.10.12-21.51.46:685][208]LogBlueprintUserMessages: [BP_ClareCharacter_C_0] BP_Escoba
[2025.10.12-21.51.46:686][208]LogBlueprintUserMessages: [BP_ClareCharacter_C_0] BP_Trapeador
[2025.10.12-21.51.46:688][208]LogBlueprintUserMessages: [BP_ClareCharacter_C_0] BP_Extintor
[2025.10.12-21.51.46:689][208]LogBlueprintUserMessages: [BP_ClareCharacter_C_0] BP_Cuchillo
[2025.10.12-21.51.46:691][208]PIE: Server logged in
[2025.10.12-21.51.46:691][208]PIE: Play in editor total start time 0.08 seconds.
[2025.10.12-21.51.46:755][215]LogBlueprintUserMessages: [BP_SwarmEnemy_2] "Përsiguiendo"
[2025.10.12-21.51.47:255][275]LogBlueprintUserMessages: [BP_SwarmEnemy_2] "Përsiguiendo"
[2025.10.12-21.51.51:347][766]LogBlueprintUserMessages: [BP_ClareCharacter_C_0] Vida45.0
[2025.10.12-21.51.51:605][797]LogBlueprintUserMessages: [BP_TrailDamage_2] Destruido
[2025.10.12-21.51.51:613][798]LogBlueprintUserMessages: [BP_SwarmEnemy_2] Trail creado
[2025.10.12-21.51.54:255][115]LogBlueprintUserMessages: [BP_SwarmEnemy_2] "Përsiguiendo"
[2025.10.12-21.51.56:613][398]LogBlueprintUserMessages: [BP_TrailDamage_C_0] Destruido
[2025.10.12-21.51.56:614][398]LogBlueprintUserMessages: [BP_SwarmEnemy_2] Trail creado
[2025.10.12-21.52.01:613][998]LogBlueprintUserMessages: [BP_TrailDamage_C_1] Destruido
[2025.10.12-21.52.01:614][998]LogBlueprintUserMessages: [BP_SwarmEnemy_2] Trail creado
[2025.10.12-21.52.02:924][152]LogSlate: Updating window title bar state: overlay mode, drag disabled, window buttons hidden, title bar hidden
[2025.10.12-21.52.02:924][152]LogWorld: BeginTearingDown for /Game/Maps/UEDPIE_0_ComidaVivaIA
[2025.10.12-21.52.02:924][152]LogWorld: UWorld::CleanupWorld for ComidaVivaIA, bSessionEnded=true, bCleanupResources=true
[2025.10.12-21.52.02:925][152]LogSlate: InvalidateAllWidgets triggered.  All widgets were invalidated
[2025.10.12-21.52.02:933][152]LogPlayLevel: Display: Shutting down PIE online subsystems
[2025.10.12-21.52.02:941][152]LogSlate: InvalidateAllWidgets triggered.  All widgets were invalidated
[2025.10.12-21.52.02:956][152]LogAudio: Display: Audio Device unregistered from world 'None'.
[2025.10.12-21.52.02:956][152]LogAudioMixer: FMixerPlatformXAudio2::StopAudioStream() called
[2025.10.12-21.52.02:957][152]LogAudioMixer: FMixerPlatformXAudio2::StopAudioStream() called
[2025.10.12-21.52.02:959][152]LogSlate: Updating window title bar state: overlay mode, drag disabled, window buttons hidden, title bar hidden
[2025.10.12-21.52.02:962][152]LogUObjectHash: Compacting FUObjectHashTables data took   1.49ms
[2025.10.12-21.52.03:011][154]LogPlayLevel: Display: Destroying online subsystem :Context_22
[2025.10.12-21.52.11:275][143]Cmd: OBJ SAVEPACKAGE PACKAGE="/Game/Maps/ComidaVivaIA" FILE="C:/Users/PC/Documents/GitHub/TasteOfMadness/TasteOfMadness/Content/Maps/ComidaVivaIA.umap" SILENT=true AUTOSAVING=false KEEPDIRTY=false
[2025.10.12-21.52.11:291][143]LogUObjectHash: Compacting FUObjectHashTables data took   1.42ms
[2025.10.12-21.52.11:299][143]LogSavePackage: Moving 'C:/Users/PC/Documents/GitHub/TasteOfMadness/TasteOfMadness/Saved/ComidaVivaIA821A29F849235A24FDD470BBE8DB2DA3.tmp' to 'C:/Users/PC/Documents/GitHub/TasteOfMadness/TasteOfMadness/Content/Maps/ComidaVivaIA.umap'
[2025.10.12-21.52.11:324][143]AssetCheck: New page: Asset Save: ComidaVivaIA
[2025.10.12-21.52.11:324][143]LogContentValidation: Display: Validating World /Game/Maps/ComidaVivaIA.ComidaVivaIA
[2025.10.12-21.52.12:293][253]LogTemp: Repeating last play command: Selected Viewport
[2025.10.12-21.52.12:298][253]LogPlayLevel: PlayLevel: No blueprints needed recompiling
[2025.10.12-21.52.12:299][253]PIE: New page: PIE session: ComidaVivaIA (Oct 12, 2025, 10:52:12 AM)
[2025.10.12-21.52.12:343][253]LogPlayLevel: Creating play world package: /Game/Maps/UEDPIE_0_ComidaVivaIA
[2025.10.12-21.52.12:345][253]LogPlayLevel: PIE: StaticDuplicateObject took: (0.002601s)
[2025.10.12-21.52.12:346][253]LogAIModule: Creating AISystem for world ComidaVivaIA
[2025.10.12-21.52.12:346][253]LogPlayLevel: PIE: World Init took: (0.000949s)
[2025.10.12-21.52.12:346][253]LogPlayLevel: PIE: Created PIE world by copying editor world from /Game/Maps/ComidaVivaIA.ComidaVivaIA to /Game/Maps/UEDPIE_0_ComidaVivaIA.ComidaVivaIA (0.003669s)
[2025.10.12-21.52.12:361][253]LogUObjectHash: Compacting FUObjectHashTables data took   1.44ms
[2025.10.12-21.52.12:362][253]LogAudio: Display: Creating Audio Device:                 Id: 14, Scope: Unique, Realtime: True
[2025.10.12-21.52.12:362][253]LogAudioMixer: Display: Audio Mixer Platform Settings:
[2025.10.12-21.52.12:362][253]LogAudioMixer: Display: 	Sample Rate:						  48000
[2025.10.12-21.52.12:362][253]LogAudioMixer: Display: 	Callback Buffer Frame Size Requested: 1024
[2025.10.12-21.52.12:362][253]LogAudioMixer: Display: 	Callback Buffer Frame Size To Use:	  1024
[2025.10.12-21.52.12:362][253]LogAudioMixer: Display: 	Number of buffers to queue:			  2
[2025.10.12-21.52.12:362][253]LogAudioMixer: Display: 	Max Channels (voices):				  32
[2025.10.12-21.52.12:362][253]LogAudioMixer: Display: 	Number of Async Source Workers:		  0
[2025.10.12-21.52.12:362][253]LogAudio: Display: AudioDevice MaxSources: 32
[2025.10.12-21.52.12:362][253]LogAudio: Display: Audio Spatialization Plugin: None (built-in).
[2025.10.12-21.52.12:362][253]LogAudio: Display: Audio Reverb Plugin: None (built-in).
[2025.10.12-21.52.12:362][253]LogAudio: Display: Audio Occlusion Plugin: None (built-in).
[2025.10.12-21.52.12:362][253]LogAudioMixer: Display: Initializing audio mixer.
[2025.10.12-21.52.12:365][253]LogAudioMixer: Display: 0: FrontLeft
[2025.10.12-21.52.12:365][253]LogAudioMixer: Display: 1: FrontRight
[2025.10.12-21.52.12:371][253]LogAudioMixer: Display: Using Audio Device LC24RG50 (NVIDIA High Definition Audio)
[2025.10.12-21.52.12:371][253]LogAudioMixer: Display: Initializing Sound Submixes...
[2025.10.12-21.52.12:371][253]LogAudioMixer: Display: Creating Master Submix 'MasterSubmixDefault'
[2025.10.12-21.52.12:371][253]LogAudioMixer: Display: Creating Master Submix 'MasterReverbSubmixDefault'
[2025.10.12-21.52.12:371][253]LogAudioMixer: Display: Creating Master Submix 'MasterEQSubmixDefault'
[2025.10.12-21.52.12:371][253]LogAudioMixer: FMixerPlatformXAudio2::StartAudioStream() called
[2025.10.12-21.52.12:371][253]LogAudioMixer: Display: Output buffers initialized: Frames=1024, Channels=2, Samples=2048
[2025.10.12-21.52.12:372][253]LogAudioMixer: Display: Starting AudioMixerPlatformInterface::RunInternal()
[2025.10.12-21.52.12:372][253]LogAudioMixer: Display: FMixerPlatformXAudio2::SubmitBuffer() called for the first time
[2025.10.12-21.52.12:372][253]LogInit: FAudioDevice initialized.
[2025.10.12-21.52.12:372][253]LogAudio: Display: Audio Device (ID: 14) registered with world 'ComidaVivaIA'.
[2025.10.12-21.52.12:380][253]LogLoad: Game class is 'BP_GameMode_C'
[2025.10.12-21.52.12:381][253]LogWorld: Bringing World /Game/Maps/UEDPIE_0_ComidaVivaIA.ComidaVivaIA up for play (max tick rate 0) at 2025.10.12-15.52.12
[2025.10.12-21.52.12:381][253]LogWorld: Bringing up level for play took: 0.001034
[2025.10.12-21.52.12:381][253]LogOnline: OSS: Creating online subsystem instance for: :Context_23
[2025.10.12-21.52.12:384][253]LogBlueprintUserMessages: [BP_ClareCharacter_C_0] BP_Sarten
[2025.10.12-21.52.12:385][253]LogBlueprintUserMessages: [BP_ClareCharacter_C_0] BP_Olla
[2025.10.12-21.52.12:387][253]LogBlueprintUserMessages: [BP_ClareCharacter_C_0] BP_LlaveInglesa
[2025.10.12-21.52.12:388][253]LogBlueprintUserMessages: [BP_ClareCharacter_C_0] BP_Escoba
[2025.10.12-21.52.12:390][253]LogBlueprintUserMessages: [BP_ClareCharacter_C_0] BP_Trapeador
[2025.10.12-21.52.12:391][253]LogBlueprintUserMessages: [BP_ClareCharacter_C_0] BP_Extintor
[2025.10.12-21.52.12:393][253]LogBlueprintUserMessages: [BP_ClareCharacter_C_0] BP_Cuchillo
[2025.10.12-21.52.12:394][253]PIE: Server logged in
[2025.10.12-21.52.12:395][253]PIE: Play in editor total start time 0.098 seconds.
[2025.10.12-21.52.12:776][298]LogBlueprintUserMessages: [BP_SwarmEnemy_2] "Përsiguiendo"
[2025.10.12-21.52.13:276][358]LogBlueprintUserMessages: [BP_SwarmEnemy_2] "Përsiguiendo"
[2025.10.12-21.52.14:876][550]LogBlueprintUserMessages: [BP_ClareCharacter_C_0] Vida45.0
[2025.10.12-21.52.16:843][786]LogBlueprintUserMessages: [BP_ClareCharacter_C_0] Vida40.0
[2025.10.12-21.52.17:243][834]LogBlueprintUserMessages: [BP_ClareCharacter_C_0] Vida35.0
[2025.10.12-21.52.17:285][839]LogBlueprintUserMessages: [BP_TrailDamage_2] Destruido
[2025.10.12-21.52.17:294][840]LogBlueprintUserMessages: [BP_SwarmEnemy_2] Trail creado
[2025.10.12-21.52.22:293][440]LogBlueprintUserMessages: [BP_TrailDamage_C_0] Destruido
[2025.10.12-21.52.22:294][440]LogBlueprintUserMessages: [BP_SwarmEnemy_2] Trail creado
[2025.10.12-21.52.24:277][678]LogBlueprintUserMessages: [BP_SwarmEnemy_2] "Përsiguiendo"
[2025.10.12-21.52.25:633][837]LogSlate: Updating window title bar state: overlay mode, drag disabled, window buttons hidden, title bar hidden
[2025.10.12-21.52.25:633][837]LogWorld: BeginTearingDown for /Game/Maps/UEDPIE_0_ComidaVivaIA
[2025.10.12-21.52.25:633][837]LogWorld: UWorld::CleanupWorld for ComidaVivaIA, bSessionEnded=true, bCleanupResources=true
[2025.10.12-21.52.25:634][837]LogSlate: InvalidateAllWidgets triggered.  All widgets were invalidated
[2025.10.12-21.52.25:644][837]LogPlayLevel: Display: Shutting down PIE online subsystems
[2025.10.12-21.52.25:652][837]LogSlate: InvalidateAllWidgets triggered.  All widgets were invalidated
[2025.10.12-21.52.25:667][837]LogSlate: Updating window title bar state: overlay mode, drag disabled, window buttons hidden, title bar hidden
[2025.10.12-21.52.25:667][837]LogAudioMixer: FMixerPlatformXAudio2::StopAudioStream() called
[2025.10.12-21.52.25:668][837]LogAudioMixer: FMixerPlatformXAudio2::StopAudioStream() called
[2025.10.12-21.52.25:674][837]LogUObjectHash: Compacting FUObjectHashTables data took   1.54ms
[2025.10.12-21.52.25:722][839]LogPlayLevel: Display: Destroying online subsystem :Context_23
[2025.10.12-21.52.38:819][398]BlueprintLog: New page: Compile BP_TrailDamage
[2025.10.12-21.52.38:854][398]LogUObjectHash: Compacting FUObjectHashTables data took   1.78ms
[2025.10.12-21.52.39:382][456]LogSavePackage: Moving 'C:/Users/PC/Documents/GitHub/TasteOfMadness/TasteOfMadness/Saved/BP_TrailDamage812DD71B471205AC0EE440B681742BD6.tmp' to 'C:/Users/PC/Documents/GitHub/TasteOfMadness/TasteOfMadness/Content/Characters/Content_Enemies/BP_Rata/BP_TrailDamage.uasset'
[2025.10.12-21.52.39:395][456]AssetCheck: New page: Asset Save: BP_TrailDamage
[2025.10.12-21.52.39:395][456]LogContentValidation: Display: Validating Blueprint /Game/Characters/Content_Enemies/BP_Rata/BP_TrailDamage.BP_TrailDamage
[2025.10.12-21.52.47:550][425]BlueprintLog: New page: Compile BP_TrailDamage
[2025.10.12-21.52.47:588][425]LogUObjectHash: Compacting FUObjectHashTables data took   2.00ms
[2025.10.12-21.52.48:083][479]LogSavePackage: Moving 'C:/Users/PC/Documents/GitHub/TasteOfMadness/TasteOfMadness/Saved/BP_TrailDamage1011191846A8B21BC0D904ACFF2581A4.tmp' to 'C:/Users/PC/Documents/GitHub/TasteOfMadness/TasteOfMadness/Content/Characters/Content_Enemies/BP_Rata/BP_TrailDamage.uasset'
[2025.10.12-21.52.48:095][479]AssetCheck: New page: Asset Save: BP_TrailDamage
[2025.10.12-21.52.48:095][479]LogContentValidation: Display: Validating Blueprint /Game/Characters/Content_Enemies/BP_Rata/BP_TrailDamage.BP_TrailDamage
[2025.10.12-21.52.51:794][912]LogTemp: Repeating last play command: Selected Viewport
[2025.10.12-21.52.51:801][912]LogPlayLevel: PlayLevel: No blueprints needed recompiling
[2025.10.12-21.52.51:801][912]PIE: New page: PIE session: ComidaVivaIA (Oct 12, 2025, 10:52:51 AM)
[2025.10.12-21.52.51:822][912]LogPlayLevel: Creating play world package: /Game/Maps/UEDPIE_0_ComidaVivaIA
[2025.10.12-21.52.51:824][912]LogPlayLevel: PIE: StaticDuplicateObject took: (0.002482s)
[2025.10.12-21.52.51:825][912]LogAIModule: Creating AISystem for world ComidaVivaIA
[2025.10.12-21.52.51:825][912]LogPlayLevel: PIE: World Init took: (0.000911s)
[2025.10.12-21.52.51:825][912]LogPlayLevel: PIE: Created PIE world by copying editor world from /Game/Maps/ComidaVivaIA.ComidaVivaIA to /Game/Maps/UEDPIE_0_ComidaVivaIA.ComidaVivaIA (0.003496s)
[2025.10.12-21.52.51:841][912]LogUObjectHash: Compacting FUObjectHashTables data took   1.84ms
[2025.10.12-21.52.51:842][912]LogAudio: Display: Creating Audio Device:                 Id: 15, Scope: Unique, Realtime: True
[2025.10.12-21.52.51:842][912]LogAudioMixer: Display: Audio Mixer Platform Settings:
[2025.10.12-21.52.51:842][912]LogAudioMixer: Display: 	Sample Rate:						  48000
[2025.10.12-21.52.51:842][912]LogAudioMixer: Display: 	Callback Buffer Frame Size Requested: 1024
[2025.10.12-21.52.51:842][912]LogAudioMixer: Display: 	Callback Buffer Frame Size To Use:	  1024
[2025.10.12-21.52.51:842][912]LogAudioMixer: Display: 	Number of buffers to queue:			  2
[2025.10.12-21.52.51:842][912]LogAudioMixer: Display: 	Max Channels (voices):				  32
[2025.10.12-21.52.51:842][912]LogAudioMixer: Display: 	Number of Async Source Workers:		  0
[2025.10.12-21.52.51:842][912]LogAudio: Display: AudioDevice MaxSources: 32
[2025.10.12-21.52.51:842][912]LogAudio: Display: Audio Spatialization Plugin: None (built-in).
[2025.10.12-21.52.51:842][912]LogAudio: Display: Audio Reverb Plugin: None (built-in).
[2025.10.12-21.52.51:842][912]LogAudio: Display: Audio Occlusion Plugin: None (built-in).
[2025.10.12-21.52.51:842][912]LogAudioMixer: Display: Initializing audio mixer.
[2025.10.12-21.52.51:845][912]LogAudioMixer: Display: 0: FrontLeft
[2025.10.12-21.52.51:845][912]LogAudioMixer: Display: 1: FrontRight
[2025.10.12-21.52.51:851][912]LogAudioMixer: Display: Using Audio Device LC24RG50 (NVIDIA High Definition Audio)
[2025.10.12-21.52.51:851][912]LogAudioMixer: Display: Initializing Sound Submixes...
[2025.10.12-21.52.51:851][912]LogAudioMixer: Display: Creating Master Submix 'MasterSubmixDefault'
[2025.10.12-21.52.51:851][912]LogAudioMixer: Display: Creating Master Submix 'MasterReverbSubmixDefault'
[2025.10.12-21.52.51:852][912]LogAudioMixer: Display: Creating Master Submix 'MasterEQSubmixDefault'
[2025.10.12-21.52.51:852][912]LogAudioMixer: FMixerPlatformXAudio2::StartAudioStream() called
[2025.10.12-21.52.51:852][912]LogAudioMixer: Display: Output buffers initialized: Frames=1024, Channels=2, Samples=2048
[2025.10.12-21.52.51:853][912]LogAudioMixer: Display: Starting AudioMixerPlatformInterface::RunInternal()
[2025.10.12-21.52.51:853][912]LogAudioMixer: Display: FMixerPlatformXAudio2::SubmitBuffer() called for the first time
[2025.10.12-21.52.51:853][912]LogInit: FAudioDevice initialized.
[2025.10.12-21.52.51:853][912]LogAudio: Display: Audio Device (ID: 15) registered with world 'ComidaVivaIA'.
[2025.10.12-21.52.51:859][912]LogLoad: Game class is 'BP_GameMode_C'
[2025.10.12-21.52.51:860][912]LogWorld: Bringing World /Game/Maps/UEDPIE_0_ComidaVivaIA.ComidaVivaIA up for play (max tick rate 0) at 2025.10.12-15.52.51
[2025.10.12-21.52.51:860][912]LogWorld: Bringing up level for play took: 0.001092
[2025.10.12-21.52.51:860][912]LogOnline: OSS: Creating online subsystem instance for: :Context_24
[2025.10.12-21.52.51:863][912]LogBlueprintUserMessages: [BP_ClareCharacter_C_0] BP_Sarten
[2025.10.12-21.52.51:864][912]LogBlueprintUserMessages: [BP_ClareCharacter_C_0] BP_Olla
[2025.10.12-21.52.51:866][912]LogBlueprintUserMessages: [BP_ClareCharacter_C_0] BP_LlaveInglesa
[2025.10.12-21.52.51:867][912]LogBlueprintUserMessages: [BP_ClareCharacter_C_0] BP_Escoba
[2025.10.12-21.52.51:869][912]LogBlueprintUserMessages: [BP_ClareCharacter_C_0] BP_Trapeador
[2025.10.12-21.52.51:870][912]LogBlueprintUserMessages: [BP_ClareCharacter_C_0] BP_Extintor
[2025.10.12-21.52.51:872][912]LogBlueprintUserMessages: [BP_ClareCharacter_C_0] BP_Cuchillo
[2025.10.12-21.52.51:873][912]PIE: Server logged in
[2025.10.12-21.52.51:874][912]PIE: Play in editor total start time 0.075 seconds.
[2025.10.12-21.52.51:889][913]LogBlueprintUserMessages: [BP_SwarmEnemy_2] "Përsiguiendo"
[2025.10.12-21.52.52:388][973]LogBlueprintUserMessages: [BP_SwarmEnemy_2] "Përsiguiendo"
[2025.10.12-21.52.53:546][112]LogBlueprintUserMessages: [BP_ClareCharacter_C_0] Vida45.0
[2025.10.12-21.52.56:788][501]LogBlueprintUserMessages: [BP_TrailDamage_2] Destruido
[2025.10.12-21.52.56:797][502]LogBlueprintUserMessages: [BP_SwarmEnemy_2] Trail creado
[2025.10.12-21.53.01:796][100]LogBlueprintUserMessages: [BP_SwarmEnemy_2] Trail creado
[2025.10.12-21.53.01:804][101]LogBlueprintUserMessages: [BP_TrailDamage_C_0] Destruido
[2025.10.12-21.53.01:896][112]LogBlueprintUserMessages: [BP_SwarmEnemy_2] "Përsiguiendo"
[2025.10.12-21.53.02:396][172]LogBlueprintUserMessages: [BP_SwarmEnemy_2] "Përsiguiendo"
[2025.10.12-21.53.06:796][700]LogBlueprintUserMessages: [BP_TrailDamage_C_1] Destruido
[2025.10.12-21.53.06:796][700]LogBlueprintUserMessages: [BP_SwarmEnemy_2] Trail creado
[2025.10.12-21.53.10:396][132]LogBlueprintUserMessages: [BP_SwarmEnemy_2] "Përsiguiendo"
[2025.10.12-21.53.10:896][192]LogBlueprintUserMessages: [BP_SwarmEnemy_2] "Përsiguiendo"
[2025.10.12-21.53.11:396][252]LogBlueprintUserMessages: [BP_SwarmEnemy_2] "Përsiguiendo"
[2025.10.12-21.53.11:796][300]LogBlueprintUserMessages: [BP_TrailDamage_C_2] Destruido
[2025.10.12-21.53.11:797][300]LogBlueprintUserMessages: [BP_SwarmEnemy_2] Trail creado
[2025.10.12-21.53.11:896][312]LogBlueprintUserMessages: [BP_SwarmEnemy_2] "Përsiguiendo"
[2025.10.12-21.53.14:396][612]LogBlueprintUserMessages: [BP_SwarmEnemy_2] "Përsiguiendo"
[2025.10.12-21.53.14:896][672]LogBlueprintUserMessages: [BP_SwarmEnemy_2] "Përsiguiendo"
[2025.10.12-21.53.15:396][732]LogBlueprintUserMessages: [BP_SwarmEnemy_2] "Përsiguiendo"
[2025.10.12-21.53.15:896][792]LogBlueprintUserMessages: [BP_SwarmEnemy_2] "Përsiguiendo"
[2025.10.12-21.53.16:396][852]LogBlueprintUserMessages: [BP_SwarmEnemy_2] "Përsiguiendo"
[2025.10.12-21.53.16:797][900]LogBlueprintUserMessages: [BP_TrailDamage_C_3] Destruido
[2025.10.12-21.53.16:797][900]LogBlueprintUserMessages: [BP_SwarmEnemy_2] Trail creado
[2025.10.12-21.53.16:897][912]LogBlueprintUserMessages: [BP_SwarmEnemy_2] "Përsiguiendo"
[2025.10.12-21.53.21:796][500]LogBlueprintUserMessages: [BP_TrailDamage_C_4] Destruido
[2025.10.12-21.53.21:797][500]LogBlueprintUserMessages: [BP_SwarmEnemy_2] Trail creado
[2025.10.12-21.53.26:796][100]LogBlueprintUserMessages: [BP_TrailDamage_C_5] Destruido
[2025.10.12-21.53.26:797][100]LogBlueprintUserMessages: [BP_SwarmEnemy_2] Trail creado
[2025.10.12-21.53.27:396][172]LogBlueprintUserMessages: [BP_SwarmEnemy_2] "Përsiguiendo"
[2025.10.12-21.53.27:896][232]LogBlueprintUserMessages: [BP_SwarmEnemy_2] "Përsiguiendo"
[2025.10.12-21.53.28:361][284]LogSlate: Updating window title bar state: overlay mode, drag disabled, window buttons hidden, title bar hidden
[2025.10.12-21.53.28:362][284]LogWorld: BeginTearingDown for /Game/Maps/UEDPIE_0_ComidaVivaIA
[2025.10.12-21.53.28:362][284]LogWorld: UWorld::CleanupWorld for ComidaVivaIA, bSessionEnded=true, bCleanupResources=true
[2025.10.12-21.53.28:362][284]LogSlate: InvalidateAllWidgets triggered.  All widgets were invalidated
[2025.10.12-21.53.28:372][284]LogPlayLevel: Display: Shutting down PIE online subsystems
[2025.10.12-21.53.28:379][284]LogSlate: InvalidateAllWidgets triggered.  All widgets were invalidated
[2025.10.12-21.53.28:393][284]LogAudio: Display: Audio Device unregistered from world 'None'.
[2025.10.12-21.53.28:393][284]LogAudioMixer: FMixerPlatformXAudio2::StopAudioStream() called
[2025.10.12-21.53.28:394][284]LogAudioMixer: FMixerPlatformXAudio2::StopAudioStream() called
[2025.10.12-21.53.28:396][284]LogSlate: Updating window title bar state: overlay mode, drag disabled, window buttons hidden, title bar hidden
[2025.10.12-21.53.28:398][284]LogUObjectHash: Compacting FUObjectHashTables data took   1.60ms
[2025.10.12-21.53.28:447][286]LogPlayLevel: Display: Destroying online subsystem :Context_24
[2025.10.12-21.53.39:159][569]Cmd: OBJ SAVEPACKAGE PACKAGE="/Game/Maps/ComidaVivaIA" FILE="C:/Users/PC/Documents/GitHub/TasteOfMadness/TasteOfMadness/Content/Maps/ComidaVivaIA.umap" SILENT=true AUTOSAVING=false KEEPDIRTY=false
[2025.10.12-21.53.39:173][569]LogUObjectHash: Compacting FUObjectHashTables data took   1.45ms
[2025.10.12-21.53.39:182][569]LogSavePackage: Moving 'C:/Users/PC/Documents/GitHub/TasteOfMadness/TasteOfMadness/Saved/ComidaVivaIAB3E63CFA4B5086DDBCB4539F8C4BC30B.tmp' to 'C:/Users/PC/Documents/GitHub/TasteOfMadness/TasteOfMadness/Content/Maps/ComidaVivaIA.umap'
[2025.10.12-21.53.39:207][569]AssetCheck: New page: Asset Save: ComidaVivaIA
[2025.10.12-21.53.39:207][569]LogContentValidation: Display: Validating World /Game/Maps/ComidaVivaIA.ComidaVivaIA
[2025.10.12-21.53.40:693][744]LogTemp: Repeating last play command: Selected Viewport
[2025.10.12-21.53.40:698][744]LogPlayLevel: PlayLevel: No blueprints needed recompiling
[2025.10.12-21.53.40:699][744]PIE: New page: PIE session: ComidaVivaIA (Oct 12, 2025, 10:53:40 AM)
[2025.10.12-21.53.40:720][744]LogPlayLevel: Creating play world package: /Game/Maps/UEDPIE_0_ComidaVivaIA
[2025.10.12-21.53.40:722][744]LogPlayLevel: PIE: StaticDuplicateObject took: (0.002501s)
[2025.10.12-21.53.40:723][744]LogAIModule: Creating AISystem for world ComidaVivaIA
[2025.10.12-21.53.40:723][744]LogPlayLevel: PIE: World Init took: (0.000860s)
[2025.10.12-21.53.40:723][744]LogPlayLevel: PIE: Created PIE world by copying editor world from /Game/Maps/ComidaVivaIA.ComidaVivaIA to /Game/Maps/UEDPIE_0_ComidaVivaIA.ComidaVivaIA (0.003474s)
[2025.10.12-21.53.40:739][744]LogUObjectHash: Compacting FUObjectHashTables data took   1.71ms
[2025.10.12-21.53.40:740][744]LogAudio: Display: Creating Audio Device:                 Id: 16, Scope: Unique, Realtime: True
[2025.10.12-21.53.40:740][744]LogAudioMixer: Display: Audio Mixer Platform Settings:
[2025.10.12-21.53.40:740][744]LogAudioMixer: Display: 	Sample Rate:						  48000
[2025.10.12-21.53.40:740][744]LogAudioMixer: Display: 	Callback Buffer Frame Size Requested: 1024
[2025.10.12-21.53.40:740][744]LogAudioMixer: Display: 	Callback Buffer Frame Size To Use:	  1024
[2025.10.12-21.53.40:740][744]LogAudioMixer: Display: 	Number of buffers to queue:			  2
[2025.10.12-21.53.40:740][744]LogAudioMixer: Display: 	Max Channels (voices):				  32
[2025.10.12-21.53.40:740][744]LogAudioMixer: Display: 	Number of Async Source Workers:		  0
[2025.10.12-21.53.40:740][744]LogAudio: Display: AudioDevice MaxSources: 32
[2025.10.12-21.53.40:740][744]LogAudio: Display: Audio Spatialization Plugin: None (built-in).
[2025.10.12-21.53.40:740][744]LogAudio: Display: Audio Reverb Plugin: None (built-in).
[2025.10.12-21.53.40:740][744]LogAudio: Display: Audio Occlusion Plugin: None (built-in).
[2025.10.12-21.53.40:740][744]LogAudioMixer: Display: Initializing audio mixer.
[2025.10.12-21.53.40:743][744]LogAudioMixer: Display: 0: FrontLeft
[2025.10.12-21.53.40:743][744]LogAudioMixer: Display: 1: FrontRight
[2025.10.12-21.53.40:749][744]LogAudioMixer: Display: Using Audio Device LC24RG50 (NVIDIA High Definition Audio)
[2025.10.12-21.53.40:750][744]LogAudioMixer: Display: Initializing Sound Submixes...
[2025.10.12-21.53.40:750][744]LogAudioMixer: Display: Creating Master Submix 'MasterSubmixDefault'
[2025.10.12-21.53.40:750][744]LogAudioMixer: Display: Creating Master Submix 'MasterReverbSubmixDefault'
[2025.10.12-21.53.40:750][744]LogAudioMixer: Display: Creating Master Submix 'MasterEQSubmixDefault'
[2025.10.12-21.53.40:750][744]LogAudioMixer: FMixerPlatformXAudio2::StartAudioStream() called
[2025.10.12-21.53.40:750][744]LogAudioMixer: Display: Output buffers initialized: Frames=1024, Channels=2, Samples=2048
[2025.10.12-21.53.40:751][744]LogAudioMixer: Display: Starting AudioMixerPlatformInterface::RunInternal()
[2025.10.12-21.53.40:751][744]LogAudioMixer: Display: FMixerPlatformXAudio2::SubmitBuffer() called for the first time
[2025.10.12-21.53.40:751][744]LogInit: FAudioDevice initialized.
[2025.10.12-21.53.40:751][744]LogAudio: Display: Audio Device (ID: 16) registered with world 'ComidaVivaIA'.
[2025.10.12-21.53.40:757][744]LogLoad: Game class is 'BP_GameMode_C'
[2025.10.12-21.53.40:759][744]LogWorld: Bringing World /Game/Maps/UEDPIE_0_ComidaVivaIA.ComidaVivaIA up for play (max tick rate 0) at 2025.10.12-15.53.40
[2025.10.12-21.53.40:759][744]LogWorld: Bringing up level for play took: 0.001086
[2025.10.12-21.53.40:759][744]LogOnline: OSS: Creating online subsystem instance for: :Context_25
[2025.10.12-21.53.40:762][744]LogBlueprintUserMessages: [BP_ClareCharacter_C_0] BP_Sarten
[2025.10.12-21.53.40:763][744]LogBlueprintUserMessages: [BP_ClareCharacter_C_0] BP_Olla
[2025.10.12-21.53.40:765][744]LogBlueprintUserMessages: [BP_ClareCharacter_C_0] BP_LlaveInglesa
[2025.10.12-21.53.40:766][744]LogBlueprintUserMessages: [BP_ClareCharacter_C_0] BP_Escoba
[2025.10.12-21.53.40:768][744]LogBlueprintUserMessages: [BP_ClareCharacter_C_0] BP_Trapeador
[2025.10.12-21.53.40:769][744]LogBlueprintUserMessages: [BP_ClareCharacter_C_0] BP_Extintor
[2025.10.12-21.53.40:771][744]LogBlueprintUserMessages: [BP_ClareCharacter_C_0] BP_Cuchillo
[2025.10.12-21.53.40:772][744]PIE: Server logged in
[2025.10.12-21.53.40:773][744]PIE: Play in editor total start time 0.075 seconds.
[2025.10.12-21.53.41:144][788]LogBlueprintUserMessages: [BP_SwarmEnemy_2] "Përsiguiendo"
[2025.10.12-21.53.41:644][848]LogBlueprintUserMessages: [BP_SwarmEnemy_2] "Përsiguiendo"
[2025.10.12-21.53.42:469][947]LogBlueprintUserMessages: [BP_ClareCharacter_C_0] Vida45.0
[2025.10.12-21.53.43:677][ 92]LogBlueprintUserMessages: [BP_ClareCharacter_C_0] Vida40.0
[2025.10.12-21.53.44:444][184]LogBlueprintUserMessages: [BP_ClareCharacter_C_0] Vida35.0
[2025.10.12-21.53.45:394][298]LogBlueprintUserMessages: [BP_ClareCharacter_C_0] Vida30.0
[2025.10.12-21.53.45:686][333]LogBlueprintUserMessages: [BP_TrailDamage_2] Destruido
[2025.10.12-21.53.45:694][334]LogBlueprintUserMessages: [BP_SwarmEnemy_2] Trail creado
[2025.10.12-21.53.47:645][568]LogBlueprintUserMessages: [BP_SwarmEnemy_2] "Përsiguiendo"
[2025.10.12-21.53.48:144][628]LogBlueprintUserMessages: [BP_SwarmEnemy_2] "Përsiguiendo"
[2025.10.12-21.53.48:644][688]LogBlueprintUserMessages: [BP_SwarmEnemy_2] "Përsiguiendo"
[2025.10.12-21.53.49:145][748]LogBlueprintUserMessages: [BP_SwarmEnemy_2] "Përsiguiendo"
[2025.10.12-21.53.49:644][808]LogBlueprintUserMessages: [BP_SwarmEnemy_2] "Përsiguiendo"
[2025.10.12-21.53.50:144][868]LogBlueprintUserMessages: [BP_SwarmEnemy_2] "Përsiguiendo"
[2025.10.12-21.53.50:644][928]LogBlueprintUserMessages: [BP_SwarmEnemy_2] "Përsiguiendo"
[2025.10.12-21.53.50:694][934]LogBlueprintUserMessages: [BP_TrailDamage_C_0] Destruido
[2025.10.12-21.53.50:694][934]LogBlueprintUserMessages: [BP_SwarmEnemy_2] Trail creado
[2025.10.12-21.53.51:145][988]LogBlueprintUserMessages: [BP_SwarmEnemy_2] "Përsiguiendo"
[2025.10.12-21.53.51:645][ 48]LogBlueprintUserMessages: [BP_SwarmEnemy_2] "Përsiguiendo"
[2025.10.12-21.53.52:145][108]LogBlueprintUserMessages: [BP_SwarmEnemy_2] "Përsiguiendo"
[2025.10.12-21.53.55:695][534]LogBlueprintUserMessages: [BP_TrailDamage_C_1] Destruido
[2025.10.12-21.53.55:695][534]LogBlueprintUserMessages: [BP_SwarmEnemy_2] Trail creado
[2025.10.12-21.54.00:695][134]LogBlueprintUserMessages: [BP_TrailDamage_C_2] Destruido
[2025.10.12-21.54.00:695][134]LogBlueprintUserMessages: [BP_SwarmEnemy_2] Trail creado
[2025.10.12-21.54.01:145][188]LogBlueprintUserMessages: [BP_SwarmEnemy_2] "Përsiguiendo"
[2025.10.12-21.54.01:644][248]LogBlueprintUserMessages: [BP_SwarmEnemy_2] "Përsiguiendo"
[2025.10.12-21.54.02:144][308]LogBlueprintUserMessages: [BP_SwarmEnemy_2] "Përsiguiendo"
[2025.10.12-21.54.02:644][368]LogBlueprintUserMessages: [BP_SwarmEnemy_2] "Përsiguiendo"
[2025.10.12-21.54.03:144][428]LogBlueprintUserMessages: [BP_SwarmEnemy_2] "Përsiguiendo"
[2025.10.12-21.54.03:644][488]LogBlueprintUserMessages: [BP_SwarmEnemy_2] "Përsiguiendo"
[2025.10.12-21.54.04:144][548]LogBlueprintUserMessages: [BP_SwarmEnemy_2] "Përsiguiendo"
[2025.10.12-21.54.04:644][608]LogBlueprintUserMessages: [BP_SwarmEnemy_2] "Përsiguiendo"
[2025.10.12-21.54.05:144][668]LogBlueprintUserMessages: [BP_SwarmEnemy_2] "Përsiguiendo"
[2025.10.12-21.54.05:644][728]LogBlueprintUserMessages: [BP_SwarmEnemy_2] "Përsiguiendo"
[2025.10.12-21.54.05:694][734]LogBlueprintUserMessages: [BP_TrailDamage_C_3] Destruido
[2025.10.12-21.54.05:695][734]LogBlueprintUserMessages: [BP_SwarmEnemy_2] Trail creado
[2025.10.12-21.54.10:695][334]LogBlueprintUserMessages: [BP_TrailDamage_C_4] Destruido
[2025.10.12-21.54.10:695][334]LogBlueprintUserMessages: [BP_SwarmEnemy_2] Trail creado
[2025.10.12-21.54.12:646][566]LogBlueprintUserMessages: [BP_SwarmEnemy_2] "Përsiguiendo"
[2025.10.12-21.54.13:146][626]LogBlueprintUserMessages: [BP_SwarmEnemy_2] "Përsiguiendo"
[2025.10.12-21.54.13:647][686]LogBlueprintUserMessages: [BP_SwarmEnemy_2] "Përsiguiendo"
[2025.10.12-21.54.15:697][932]LogBlueprintUserMessages: [BP_TrailDamage_C_5] Destruido
[2025.10.12-21.54.15:697][932]LogBlueprintUserMessages: [BP_SwarmEnemy_2] Trail creado
[2025.10.12-21.54.20:696][532]LogBlueprintUserMessages: [BP_TrailDamage_C_6] Destruido
[2025.10.12-21.54.20:697][532]LogBlueprintUserMessages: [BP_SwarmEnemy_2] Trail creado
[2025.10.12-21.54.22:569][754]LogSlate: Updating window title bar state: overlay mode, drag disabled, window buttons hidden, title bar hidden
[2025.10.12-21.54.22:570][754]LogWorld: BeginTearingDown for /Game/Maps/UEDPIE_0_ComidaVivaIA
[2025.10.12-21.54.22:570][754]LogWorld: UWorld::CleanupWorld for ComidaVivaIA, bSessionEnded=true, bCleanupResources=true
[2025.10.12-21.54.22:570][754]LogSlate: InvalidateAllWidgets triggered.  All widgets were invalidated
[2025.10.12-21.54.22:575][754]LogPlayLevel: Display: Shutting down PIE online subsystems
[2025.10.12-21.54.22:582][754]LogSlate: InvalidateAllWidgets triggered.  All widgets were invalidated
[2025.10.12-21.54.22:595][754]LogSlate: Updating window title bar state: overlay mode, drag disabled, window buttons hidden, title bar hidden
[2025.10.12-21.54.22:595][754]LogAudioMixer: FMixerPlatformXAudio2::StopAudioStream() called
[2025.10.12-21.54.22:596][754]LogAudioMixer: FMixerPlatformXAudio2::StopAudioStream() called
[2025.10.12-21.54.22:601][754]LogUObjectHash: Compacting FUObjectHashTables data took   1.72ms
[2025.10.12-21.54.22:650][756]LogPlayLevel: Display: Destroying online subsystem :Context_25
[2025.10.12-21.55.12:721][928]BlueprintLog: New page: Compile BP_TrailDamage
[2025.10.12-21.55.12:753][928]LogUObjectHash: Compacting FUObjectHashTables data took   2.10ms
[2025.10.12-21.55.13:465][  4]LogSavePackage: Moving 'C:/Users/PC/Documents/GitHub/TasteOfMadness/TasteOfMadness/Saved/BP_TrailDamageC4E04D29403DF189908FBD952CADE90D.tmp' to 'C:/Users/PC/Documents/GitHub/TasteOfMadness/TasteOfMadness/Content/Characters/Content_Enemies/BP_Rata/BP_TrailDamage.uasset'
[2025.10.12-21.55.13:478][  4]AssetCheck: New page: Asset Save: BP_TrailDamage
[2025.10.12-21.55.13:478][  4]LogContentValidation: Display: Validating Blueprint /Game/Characters/Content_Enemies/BP_Rata/BP_TrailDamage.BP_TrailDamage
[2025.10.12-21.55.21:014][887]Cmd: OBJ SAVEPACKAGE PACKAGE="/Game/Maps/ComidaVivaIA" FILE="C:/Users/PC/Documents/GitHub/TasteOfMadness/TasteOfMadness/Content/Maps/ComidaVivaIA.umap" SILENT=true AUTOSAVING=false KEEPDIRTY=false
[2025.10.12-21.55.21:030][887]LogUObjectHash: Compacting FUObjectHashTables data took   1.96ms
[2025.10.12-21.55.21:039][887]LogSavePackage: Moving 'C:/Users/PC/Documents/GitHub/TasteOfMadness/TasteOfMadness/Saved/ComidaVivaIA68A72FA84F31A977C1E7D99368CC8027.tmp' to 'C:/Users/PC/Documents/GitHub/TasteOfMadness/TasteOfMadness/Content/Maps/ComidaVivaIA.umap'
[2025.10.12-21.55.21:067][887]AssetCheck: New page: Asset Save: ComidaVivaIA
[2025.10.12-21.55.21:067][887]LogContentValidation: Display: Validating World /Game/Maps/ComidaVivaIA.ComidaVivaIA
[2025.10.12-21.55.21:811][975]LogTemp: Repeating last play command: Selected Viewport
[2025.10.12-21.55.21:817][975]LogPlayLevel: PlayLevel: No blueprints needed recompiling
[2025.10.12-21.55.21:817][975]PIE: New page: PIE session: ComidaVivaIA (Oct 12, 2025, 10:55:21 AM)
[2025.10.12-21.55.21:817][975]LogPlayLevel: Creating play world package: /Game/Maps/UEDPIE_0_ComidaVivaIA
[2025.10.12-21.55.21:820][975]LogPlayLevel: PIE: StaticDuplicateObject took: (0.002532s)
[2025.10.12-21.55.21:821][975]LogAIModule: Creating AISystem for world ComidaVivaIA
[2025.10.12-21.55.21:821][975]LogPlayLevel: PIE: World Init took: (0.000868s)
[2025.10.12-21.55.21:821][975]LogPlayLevel: PIE: Created PIE world by copying editor world from /Game/Maps/ComidaVivaIA.ComidaVivaIA to /Game/Maps/UEDPIE_0_ComidaVivaIA.ComidaVivaIA (0.003491s)
[2025.10.12-21.55.21:837][975]LogUObjectHash: Compacting FUObjectHashTables data took   2.03ms
[2025.10.12-21.55.21:838][975]LogAudio: Display: Creating Audio Device:                 Id: 17, Scope: Unique, Realtime: True
[2025.10.12-21.55.21:838][975]LogAudioMixer: Display: Audio Mixer Platform Settings:
[2025.10.12-21.55.21:838][975]LogAudioMixer: Display: 	Sample Rate:						  48000
[2025.10.12-21.55.21:838][975]LogAudioMixer: Display: 	Callback Buffer Frame Size Requested: 1024
[2025.10.12-21.55.21:838][975]LogAudioMixer: Display: 	Callback Buffer Frame Size To Use:	  1024
[2025.10.12-21.55.21:838][975]LogAudioMixer: Display: 	Number of buffers to queue:			  2
[2025.10.12-21.55.21:838][975]LogAudioMixer: Display: 	Max Channels (voices):				  32
[2025.10.12-21.55.21:838][975]LogAudioMixer: Display: 	Number of Async Source Workers:		  0
[2025.10.12-21.55.21:838][975]LogAudio: Display: AudioDevice MaxSources: 32
[2025.10.12-21.55.21:838][975]LogAudio: Display: Audio Spatialization Plugin: None (built-in).
[2025.10.12-21.55.21:838][975]LogAudio: Display: Audio Reverb Plugin: None (built-in).
[2025.10.12-21.55.21:838][975]LogAudio: Display: Audio Occlusion Plugin: None (built-in).
[2025.10.12-21.55.21:838][975]LogAudioMixer: Display: Initializing audio mixer.
[2025.10.12-21.55.21:841][975]LogAudioMixer: Display: 0: FrontLeft
[2025.10.12-21.55.21:841][975]LogAudioMixer: Display: 1: FrontRight
[2025.10.12-21.55.21:847][975]LogAudioMixer: Display: Using Audio Device LC24RG50 (NVIDIA High Definition Audio)
[2025.10.12-21.55.21:847][975]LogAudioMixer: Display: Initializing Sound Submixes...
[2025.10.12-21.55.21:847][975]LogAudioMixer: Display: Creating Master Submix 'MasterSubmixDefault'
[2025.10.12-21.55.21:847][975]LogAudioMixer: Display: Creating Master Submix 'MasterReverbSubmixDefault'
[2025.10.12-21.55.21:848][975]LogAudioMixer: Display: Creating Master Submix 'MasterEQSubmixDefault'
[2025.10.12-21.55.21:848][975]LogAudioMixer: FMixerPlatformXAudio2::StartAudioStream() called
[2025.10.12-21.55.21:848][975]LogAudioMixer: Display: Output buffers initialized: Frames=1024, Channels=2, Samples=2048
[2025.10.12-21.55.21:849][975]LogAudioMixer: Display: Starting AudioMixerPlatformInterface::RunInternal()
[2025.10.12-21.55.21:849][975]LogAudioMixer: Display: FMixerPlatformXAudio2::SubmitBuffer() called for the first time
[2025.10.12-21.55.21:849][975]LogInit: FAudioDevice initialized.
[2025.10.12-21.55.21:849][975]LogAudio: Display: Audio Device (ID: 17) registered with world 'ComidaVivaIA'.
[2025.10.12-21.55.21:858][975]LogLoad: Game class is 'BP_GameMode_C'
[2025.10.12-21.55.21:859][975]LogWorld: Bringing World /Game/Maps/UEDPIE_0_ComidaVivaIA.ComidaVivaIA up for play (max tick rate 0) at 2025.10.12-15.55.21
[2025.10.12-21.55.21:859][975]LogWorld: Bringing up level for play took: 0.001092
[2025.10.12-21.55.21:859][975]LogOnline: OSS: Creating online subsystem instance for: :Context_26
[2025.10.12-21.55.21:862][975]LogBlueprintUserMessages: [BP_ClareCharacter_C_0] BP_Sarten
[2025.10.12-21.55.21:863][975]LogBlueprintUserMessages: [BP_ClareCharacter_C_0] BP_Olla
[2025.10.12-21.55.21:865][975]LogBlueprintUserMessages: [BP_ClareCharacter_C_0] BP_LlaveInglesa
[2025.10.12-21.55.21:866][975]LogBlueprintUserMessages: [BP_ClareCharacter_C_0] BP_Escoba
[2025.10.12-21.55.21:868][975]LogBlueprintUserMessages: [BP_ClareCharacter_C_0] BP_Trapeador
[2025.10.12-21.55.21:869][975]LogBlueprintUserMessages: [BP_ClareCharacter_C_0] BP_Extintor
[2025.10.12-21.55.21:871][975]LogBlueprintUserMessages: [BP_ClareCharacter_C_0] BP_Cuchillo
[2025.10.12-21.55.21:872][975]PIE: Server logged in
[2025.10.12-21.55.21:873][975]PIE: Play in editor total start time 0.058 seconds.
[2025.10.12-21.55.21:913][979]LogBlueprintUserMessages: [BP_SwarmEnemy_2] "Përsiguiendo"
[2025.10.12-21.55.22:414][ 39]LogBlueprintUserMessages: [BP_SwarmEnemy_2] "Përsiguiendo"
[2025.10.12-21.55.22:914][ 99]LogBlueprintUserMessages: [BP_SwarmEnemy_2] "Përsiguiendo"
[2025.10.12-21.55.24:964][345]LogBlueprintUserMessages: [BP_ClareCharacter_C_0] Vida45.0
[2025.10.12-21.55.25:313][387]LogBlueprintUserMessages: [BP_ClareCharacter_C_0] Vida40.0
[2025.10.12-21.55.26:488][528]LogBlueprintUserMessages: [BP_ClareCharacter_C_0] Vida35.0
[2025.10.12-21.55.26:805][566]LogBlueprintUserMessages: [BP_TrailDamage_2] Destruido
[2025.10.12-21.55.26:814][567]LogBlueprintUserMessages: [BP_SwarmEnemy_2] Trail creado
[2025.10.12-21.55.31:414][119]LogBlueprintUserMessages: [BP_SwarmEnemy_2] "Përsiguiendo"
[2025.10.12-21.55.31:814][167]LogBlueprintUserMessages: [BP_TrailDamage_C_0] Destruido
[2025.10.12-21.55.31:814][167]LogBlueprintUserMessages: [BP_SwarmEnemy_2] Trail creado
[2025.10.12-21.55.31:913][179]LogBlueprintUserMessages: [BP_SwarmEnemy_2] "Përsiguiendo"
[2025.10.12-21.55.32:414][239]LogBlueprintUserMessages: [BP_SwarmEnemy_2] "Përsiguiendo"
[2025.10.12-21.55.36:814][767]LogBlueprintUserMessages: [BP_TrailDamage_C_1] Destruido
[2025.10.12-21.55.36:815][767]LogBlueprintUserMessages: [BP_SwarmEnemy_2] Trail creado
[2025.10.12-21.55.37:187][809]LogSlate: Updating window title bar state: overlay mode, drag disabled, window buttons hidden, title bar hidden
[2025.10.12-21.55.37:187][809]LogWorld: BeginTearingDown for /Game/Maps/UEDPIE_0_ComidaVivaIA
[2025.10.12-21.55.37:187][809]LogWorld: UWorld::CleanupWorld for ComidaVivaIA, bSessionEnded=true, bCleanupResources=true
[2025.10.12-21.55.37:187][809]LogSlate: InvalidateAllWidgets triggered.  All widgets were invalidated
[2025.10.12-21.55.37:196][809]LogPlayLevel: Display: Shutting down PIE online subsystems
[2025.10.12-21.55.37:204][809]LogSlate: InvalidateAllWidgets triggered.  All widgets were invalidated
[2025.10.12-21.55.37:218][809]LogSlate: Updating window title bar state: overlay mode, drag disabled, window buttons hidden, title bar hidden
[2025.10.12-21.55.37:218][809]LogAudioMixer: FMixerPlatformXAudio2::StopAudioStream() called
[2025.10.12-21.55.37:219][809]LogAudioMixer: FMixerPlatformXAudio2::StopAudioStream() called
[2025.10.12-21.55.37:225][809]LogUObjectHash: Compacting FUObjectHashTables data took   1.52ms
[2025.10.12-21.55.37:275][811]LogPlayLevel: Display: Destroying online subsystem :Context_26
[2025.10.12-21.55.59:370][944]LogTemp: Repeating last play command: Selected Viewport
[2025.10.12-21.55.59:375][944]LogPlayLevel: PlayLevel: No blueprints needed recompiling
[2025.10.12-21.55.59:375][944]PIE: New page: PIE session: ComidaVivaIA (Oct 12, 2025, 10:55:59 AM)
[2025.10.12-21.55.59:405][944]LogPlayLevel: Creating play world package: /Game/Maps/UEDPIE_0_ComidaVivaIA
[2025.10.12-21.55.59:407][944]LogPlayLevel: PIE: StaticDuplicateObject took: (0.002504s)
[2025.10.12-21.55.59:408][944]LogAIModule: Creating AISystem for world ComidaVivaIA
[2025.10.12-21.55.59:408][944]LogPlayLevel: PIE: World Init took: (0.000897s)
[2025.10.12-21.55.59:408][944]LogPlayLevel: PIE: Created PIE world by copying editor world from /Game/Maps/ComidaVivaIA.ComidaVivaIA to /Game/Maps/UEDPIE_0_ComidaVivaIA.ComidaVivaIA (0.003516s)
[2025.10.12-21.55.59:424][944]LogUObjectHash: Compacting FUObjectHashTables data took   1.46ms
[2025.10.12-21.55.59:425][944]LogAudio: Display: Creating Audio Device:                 Id: 18, Scope: Unique, Realtime: True
[2025.10.12-21.55.59:425][944]LogAudioMixer: Display: Audio Mixer Platform Settings:
[2025.10.12-21.55.59:425][944]LogAudioMixer: Display: 	Sample Rate:						  48000
[2025.10.12-21.55.59:425][944]LogAudioMixer: Display: 	Callback Buffer Frame Size Requested: 1024
[2025.10.12-21.55.59:425][944]LogAudioMixer: Display: 	Callback Buffer Frame Size To Use:	  1024
[2025.10.12-21.55.59:425][944]LogAudioMixer: Display: 	Number of buffers to queue:			  2
[2025.10.12-21.55.59:425][944]LogAudioMixer: Display: 	Max Channels (voices):				  32
[2025.10.12-21.55.59:425][944]LogAudioMixer: Display: 	Number of Async Source Workers:		  0
[2025.10.12-21.55.59:425][944]LogAudio: Display: AudioDevice MaxSources: 32
[2025.10.12-21.55.59:425][944]LogAudio: Display: Audio Spatialization Plugin: None (built-in).
[2025.10.12-21.55.59:425][944]LogAudio: Display: Audio Reverb Plugin: None (built-in).
[2025.10.12-21.55.59:425][944]LogAudio: Display: Audio Occlusion Plugin: None (built-in).
[2025.10.12-21.55.59:425][944]LogAudioMixer: Display: Initializing audio mixer.
[2025.10.12-21.55.59:428][944]LogAudioMixer: Display: 0: FrontLeft
[2025.10.12-21.55.59:428][944]LogAudioMixer: Display: 1: FrontRight
[2025.10.12-21.55.59:434][944]LogAudioMixer: Display: Using Audio Device LC24RG50 (NVIDIA High Definition Audio)
[2025.10.12-21.55.59:434][944]LogAudioMixer: Display: Initializing Sound Submixes...
[2025.10.12-21.55.59:434][944]LogAudioMixer: Display: Creating Master Submix 'MasterSubmixDefault'
[2025.10.12-21.55.59:434][944]LogAudioMixer: Display: Creating Master Submix 'MasterReverbSubmixDefault'
[2025.10.12-21.55.59:435][944]LogAudioMixer: Display: Creating Master Submix 'MasterEQSubmixDefault'
[2025.10.12-21.55.59:435][944]LogAudioMixer: FMixerPlatformXAudio2::StartAudioStream() called
[2025.10.12-21.55.59:435][944]LogAudioMixer: Display: Output buffers initialized: Frames=1024, Channels=2, Samples=2048
[2025.10.12-21.55.59:436][944]LogAudioMixer: Display: Starting AudioMixerPlatformInterface::RunInternal()
[2025.10.12-21.55.59:436][944]LogAudioMixer: Display: FMixerPlatformXAudio2::SubmitBuffer() called for the first time
[2025.10.12-21.55.59:436][944]LogInit: FAudioDevice initialized.
[2025.10.12-21.55.59:436][944]LogAudio: Display: Audio Device (ID: 18) registered with world 'ComidaVivaIA'.
[2025.10.12-21.55.59:446][944]LogLoad: Game class is 'BP_GameMode_C'
[2025.10.12-21.55.59:447][944]LogWorld: Bringing World /Game/Maps/UEDPIE_0_ComidaVivaIA.ComidaVivaIA up for play (max tick rate 0) at 2025.10.12-15.55.59
[2025.10.12-21.55.59:447][944]LogWorld: Bringing up level for play took: 0.001120
[2025.10.12-21.55.59:447][944]LogOnline: OSS: Creating online subsystem instance for: :Context_27
[2025.10.12-21.55.59:450][944]LogBlueprintUserMessages: [BP_ClareCharacter_C_0] BP_Sarten
[2025.10.12-21.55.59:451][944]LogBlueprintUserMessages: [BP_ClareCharacter_C_0] BP_Olla
[2025.10.12-21.55.59:453][944]LogBlueprintUserMessages: [BP_ClareCharacter_C_0] BP_LlaveInglesa
[2025.10.12-21.55.59:454][944]LogBlueprintUserMessages: [BP_ClareCharacter_C_0] BP_Escoba
[2025.10.12-21.55.59:456][944]LogBlueprintUserMessages: [BP_ClareCharacter_C_0] BP_Trapeador
[2025.10.12-21.55.59:457][944]LogBlueprintUserMessages: [BP_ClareCharacter_C_0] BP_Extintor
[2025.10.12-21.55.59:459][944]LogBlueprintUserMessages: [BP_ClareCharacter_C_0] BP_Cuchillo
[2025.10.12-21.55.59:460][944]PIE: Server logged in
[2025.10.12-21.55.59:461][944]PIE: Play in editor total start time 0.086 seconds.
[2025.10.12-21.55.59:477][945]LogBlueprintUserMessages: [BP_SwarmEnemy_2] "Përsiguiendo"
[2025.10.12-21.55.59:979][  5]LogBlueprintUserMessages: [BP_SwarmEnemy_2] "Përsiguiendo"
[2025.10.12-21.56.00:479][ 65]LogBlueprintUserMessages: [BP_SwarmEnemy_2] "Përsiguiendo"
[2025.10.12-21.56.04:363][531]LogBlueprintUserMessages: [BP_TrailDamage_2] Destruido
[2025.10.12-21.56.04:371][532]LogBlueprintUserMessages: [BP_SwarmEnemy_2] Trail creado
[2025.10.12-21.56.09:371][132]LogBlueprintUserMessages: [BP_TrailDamage_C_0] Destruido
[2025.10.12-21.56.09:372][132]LogBlueprintUserMessages: [BP_SwarmEnemy_2] Trail creado
[2025.10.12-21.56.11:725][411]LogSlate: Updating window title bar state: overlay mode, drag disabled, window buttons hidden, title bar hidden
[2025.10.12-21.56.11:725][411]LogWorld: BeginTearingDown for /Game/Maps/UEDPIE_0_ComidaVivaIA
[2025.10.12-21.56.11:725][411]LogWorld: UWorld::CleanupWorld for ComidaVivaIA, bSessionEnded=true, bCleanupResources=true
[2025.10.12-21.56.11:725][411]LogSlate: InvalidateAllWidgets triggered.  All widgets were invalidated
[2025.10.12-21.56.11:732][411]LogPlayLevel: Display: Shutting down PIE online subsystems
[2025.10.12-21.56.11:740][411]LogSlate: InvalidateAllWidgets triggered.  All widgets were invalidated
[2025.10.12-21.56.11:755][411]LogSlate: Updating window title bar state: overlay mode, drag disabled, window buttons hidden, title bar hidden
[2025.10.12-21.56.11:755][411]LogAudioMixer: FMixerPlatformXAudio2::StopAudioStream() called
[2025.10.12-21.56.11:756][411]LogAudioMixer: FMixerPlatformXAudio2::StopAudioStream() called
[2025.10.12-21.56.11:762][411]LogUObjectHash: Compacting FUObjectHashTables data took   1.59ms
[2025.10.12-21.56.11:808][413]LogPlayLevel: Display: Destroying online subsystem :Context_27
[2025.10.12-21.56.23:372][798]LogTemp: Repeating last play command: Selected Viewport
[2025.10.12-21.56.23:377][798]LogPlayLevel: PlayLevel: No blueprints needed recompiling
[2025.10.12-21.56.23:377][798]PIE: New page: PIE session: ComidaVivaIA (Oct 12, 2025, 10:56:23 AM)
[2025.10.12-21.56.23:404][798]LogPlayLevel: Creating play world package: /Game/Maps/UEDPIE_0_ComidaVivaIA
[2025.10.12-21.56.23:406][798]LogPlayLevel: PIE: StaticDuplicateObject took: (0.002512s)
[2025.10.12-21.56.23:407][798]LogAIModule: Creating AISystem for world ComidaVivaIA
[2025.10.12-21.56.23:407][798]LogPlayLevel: PIE: World Init took: (0.000943s)
[2025.10.12-21.56.23:407][798]LogPlayLevel: PIE: Created PIE world by copying editor world from /Game/Maps/ComidaVivaIA.ComidaVivaIA to /Game/Maps/UEDPIE_0_ComidaVivaIA.ComidaVivaIA (0.003556s)
[2025.10.12-21.56.23:422][798]LogUObjectHash: Compacting FUObjectHashTables data took   1.45ms
[2025.10.12-21.56.23:423][798]LogAudio: Display: Creating Audio Device:                 Id: 19, Scope: Unique, Realtime: True
[2025.10.12-21.56.23:423][798]LogAudioMixer: Display: Audio Mixer Platform Settings:
[2025.10.12-21.56.23:423][798]LogAudioMixer: Display: 	Sample Rate:						  48000
[2025.10.12-21.56.23:423][798]LogAudioMixer: Display: 	Callback Buffer Frame Size Requested: 1024
[2025.10.12-21.56.23:423][798]LogAudioMixer: Display: 	Callback Buffer Frame Size To Use:	  1024
[2025.10.12-21.56.23:423][798]LogAudioMixer: Display: 	Number of buffers to queue:			  2
[2025.10.12-21.56.23:423][798]LogAudioMixer: Display: 	Max Channels (voices):				  32
[2025.10.12-21.56.23:423][798]LogAudioMixer: Display: 	Number of Async Source Workers:		  0
[2025.10.12-21.56.23:423][798]LogAudio: Display: AudioDevice MaxSources: 32
[2025.10.12-21.56.23:424][798]LogAudio: Display: Audio Spatialization Plugin: None (built-in).
[2025.10.12-21.56.23:424][798]LogAudio: Display: Audio Reverb Plugin: None (built-in).
[2025.10.12-21.56.23:424][798]LogAudio: Display: Audio Occlusion Plugin: None (built-in).
[2025.10.12-21.56.23:424][798]LogAudioMixer: Display: Initializing audio mixer.
[2025.10.12-21.56.23:427][798]LogAudioMixer: Display: 0: FrontLeft
[2025.10.12-21.56.23:427][798]LogAudioMixer: Display: 1: FrontRight
[2025.10.12-21.56.23:433][798]LogAudioMixer: Display: Using Audio Device LC24RG50 (NVIDIA High Definition Audio)
[2025.10.12-21.56.23:433][798]LogAudioMixer: Display: Initializing Sound Submixes...
[2025.10.12-21.56.23:433][798]LogAudioMixer: Display: Creating Master Submix 'MasterSubmixDefault'
[2025.10.12-21.56.23:433][798]LogAudioMixer: Display: Creating Master Submix 'MasterReverbSubmixDefault'
[2025.10.12-21.56.23:434][798]LogAudioMixer: Display: Creating Master Submix 'MasterEQSubmixDefault'
[2025.10.12-21.56.23:434][798]LogAudioMixer: FMixerPlatformXAudio2::StartAudioStream() called
[2025.10.12-21.56.23:434][798]LogAudioMixer: Display: Output buffers initialized: Frames=1024, Channels=2, Samples=2048
[2025.10.12-21.56.23:435][798]LogAudioMixer: Display: Starting AudioMixerPlatformInterface::RunInternal()
[2025.10.12-21.56.23:435][798]LogAudioMixer: Display: FMixerPlatformXAudio2::SubmitBuffer() called for the first time
[2025.10.12-21.56.23:435][798]LogInit: FAudioDevice initialized.
[2025.10.12-21.56.23:435][798]LogAudio: Display: Audio Device (ID: 19) registered with world 'ComidaVivaIA'.
[2025.10.12-21.56.23:440][798]LogLoad: Game class is 'BP_GameMode_C'
[2025.10.12-21.56.23:442][798]LogWorld: Bringing World /Game/Maps/UEDPIE_0_ComidaVivaIA.ComidaVivaIA up for play (max tick rate 0) at 2025.10.12-15.56.23
[2025.10.12-21.56.23:442][798]LogWorld: Bringing up level for play took: 0.001070
[2025.10.12-21.56.23:442][798]LogOnline: OSS: Creating online subsystem instance for: :Context_28
[2025.10.12-21.56.23:444][798]LogBlueprintUserMessages: [BP_ClareCharacter_C_0] BP_Sarten
[2025.10.12-21.56.23:446][798]LogBlueprintUserMessages: [BP_ClareCharacter_C_0] BP_Olla
[2025.10.12-21.56.23:447][798]LogBlueprintUserMessages: [BP_ClareCharacter_C_0] BP_LlaveInglesa
[2025.10.12-21.56.23:449][798]LogBlueprintUserMessages: [BP_ClareCharacter_C_0] BP_Escoba
[2025.10.12-21.56.23:450][798]LogBlueprintUserMessages: [BP_ClareCharacter_C_0] BP_Trapeador
[2025.10.12-21.56.23:452][798]LogBlueprintUserMessages: [BP_ClareCharacter_C_0] BP_Extintor
[2025.10.12-21.56.23:453][798]LogBlueprintUserMessages: [BP_ClareCharacter_C_0] BP_Cuchillo
[2025.10.12-21.56.23:455][798]PIE: Server logged in
[2025.10.12-21.56.23:455][798]PIE: Play in editor total start time 0.08 seconds.
[2025.10.12-21.56.23:595][814]LogBlueprintUserMessages: [BP_SwarmEnemy_2] "Përsiguiendo"
[2025.10.12-21.56.24:095][874]LogBlueprintUserMessages: [BP_SwarmEnemy_2] "Përsiguiendo"
[2025.10.12-21.56.24:600][932]LogBlueprintUserMessages: [BP_SwarmEnemy_2] "Përsiguiendo"
[2025.10.12-21.56.24:825][955]LogSlate: Updating window title bar state: overlay mode, drag disabled, window buttons hidden, title bar hidden
[2025.10.12-21.56.24:825][955]LogWorld: BeginTearingDown for /Game/Maps/UEDPIE_0_ComidaVivaIA
[2025.10.12-21.56.24:825][955]LogWorld: UWorld::CleanupWorld for ComidaVivaIA, bSessionEnded=true, bCleanupResources=true
[2025.10.12-21.56.24:825][955]LogSlate: InvalidateAllWidgets triggered.  All widgets were invalidated
[2025.10.12-21.56.24:834][955]LogPlayLevel: Display: Shutting down PIE online subsystems
[2025.10.12-21.56.24:841][955]LogSlate: InvalidateAllWidgets triggered.  All widgets were invalidated
[2025.10.12-21.56.24:856][955]LogSlate: Updating window title bar state: overlay mode, drag disabled, window buttons hidden, title bar hidden
[2025.10.12-21.56.24:857][955]LogAudioMixer: FMixerPlatformXAudio2::StopAudioStream() called
[2025.10.12-21.56.24:858][955]LogAudioMixer: FMixerPlatformXAudio2::StopAudioStream() called
[2025.10.12-21.56.24:863][955]LogUObjectHash: Compacting FUObjectHashTables data took   1.50ms
[2025.10.12-21.56.24:893][957]LogPlayLevel: Display: Destroying online subsystem :Context_28
[2025.10.12-21.56.38:666][606]LogEditorViewport: Clicking on Actor (LMB): BP_Sky_Sphere_C (Sky Sphere)
[2025.10.12-21.57.12:275][627]LogTemp: Repeating last play command: Selected Viewport
[2025.10.12-21.57.12:281][627]LogPlayLevel: PlayLevel: No blueprints needed recompiling
[2025.10.12-21.57.12:281][627]PIE: New page: PIE session: ComidaVivaIA (Oct 12, 2025, 10:57:12 AM)
[2025.10.12-21.57.12:281][627]LogPlayLevel: Creating play world package: /Game/Maps/UEDPIE_0_ComidaVivaIA
[2025.10.12-21.57.12:284][627]LogPlayLevel: PIE: StaticDuplicateObject took: (0.002455s)
[2025.10.12-21.57.12:285][627]LogAIModule: Creating AISystem for world ComidaVivaIA
[2025.10.12-21.57.12:285][627]LogPlayLevel: PIE: World Init took: (0.000866s)
[2025.10.12-21.57.12:285][627]LogPlayLevel: PIE: Created PIE world by copying editor world from /Game/Maps/ComidaVivaIA.ComidaVivaIA to /Game/Maps/UEDPIE_0_ComidaVivaIA.ComidaVivaIA (0.003412s)
[2025.10.12-21.57.12:303][627]LogUObjectHash: Compacting FUObjectHashTables data took   1.69ms
[2025.10.12-21.57.12:304][627]LogAudio: Display: Creating Audio Device:                 Id: 20, Scope: Unique, Realtime: True
[2025.10.12-21.57.12:304][627]LogAudioMixer: Display: Audio Mixer Platform Settings:
[2025.10.12-21.57.12:304][627]LogAudioMixer: Display: 	Sample Rate:						  48000
[2025.10.12-21.57.12:304][627]LogAudioMixer: Display: 	Callback Buffer Frame Size Requested: 1024
[2025.10.12-21.57.12:304][627]LogAudioMixer: Display: 	Callback Buffer Frame Size To Use:	  1024
[2025.10.12-21.57.12:304][627]LogAudioMixer: Display: 	Number of buffers to queue:			  2
[2025.10.12-21.57.12:304][627]LogAudioMixer: Display: 	Max Channels (voices):				  32
[2025.10.12-21.57.12:304][627]LogAudioMixer: Display: 	Number of Async Source Workers:		  0
[2025.10.12-21.57.12:304][627]LogAudio: Display: AudioDevice MaxSources: 32
[2025.10.12-21.57.12:304][627]LogAudio: Display: Audio Spatialization Plugin: None (built-in).
[2025.10.12-21.57.12:304][627]LogAudio: Display: Audio Reverb Plugin: None (built-in).
[2025.10.12-21.57.12:304][627]LogAudio: Display: Audio Occlusion Plugin: None (built-in).
[2025.10.12-21.57.12:304][627]LogAudioMixer: Display: Initializing audio mixer.
[2025.10.12-21.57.12:308][627]LogAudioMixer: Display: 0: FrontLeft
[2025.10.12-21.57.12:308][627]LogAudioMixer: Display: 1: FrontRight
[2025.10.12-21.57.12:314][627]LogAudioMixer: Display: Using Audio Device LC24RG50 (NVIDIA High Definition Audio)
[2025.10.12-21.57.12:314][627]LogAudioMixer: Display: Initializing Sound Submixes...
[2025.10.12-21.57.12:314][627]LogAudioMixer: Display: Creating Master Submix 'MasterSubmixDefault'
[2025.10.12-21.57.12:314][627]LogAudioMixer: Display: Creating Master Submix 'MasterReverbSubmixDefault'
[2025.10.12-21.57.12:314][627]LogAudioMixer: Display: Creating Master Submix 'MasterEQSubmixDefault'
[2025.10.12-21.57.12:314][627]LogAudioMixer: FMixerPlatformXAudio2::StartAudioStream() called
[2025.10.12-21.57.12:315][627]LogAudioMixer: Display: Output buffers initialized: Frames=1024, Channels=2, Samples=2048
[2025.10.12-21.57.12:315][627]LogAudioMixer: Display: Starting AudioMixerPlatformInterface::RunInternal()
[2025.10.12-21.57.12:315][627]LogAudioMixer: Display: FMixerPlatformXAudio2::SubmitBuffer() called for the first time
[2025.10.12-21.57.12:315][627]LogInit: FAudioDevice initialized.
[2025.10.12-21.57.12:315][627]LogAudio: Display: Audio Device (ID: 20) registered with world 'ComidaVivaIA'.
[2025.10.12-21.57.12:325][627]LogLoad: Game class is 'BP_GameMode_C'
[2025.10.12-21.57.12:326][627]LogWorld: Bringing World /Game/Maps/UEDPIE_0_ComidaVivaIA.ComidaVivaIA up for play (max tick rate 0) at 2025.10.12-15.57.12
[2025.10.12-21.57.12:327][627]LogWorld: Bringing up level for play took: 0.001046
[2025.10.12-21.57.12:327][627]LogOnline: OSS: Creating online subsystem instance for: :Context_29
[2025.10.12-21.57.12:329][627]LogBlueprintUserMessages: [BP_ClareCharacter_C_0] BP_Sarten
[2025.10.12-21.57.12:331][627]LogBlueprintUserMessages: [BP_ClareCharacter_C_0] BP_Olla
[2025.10.12-21.57.12:332][627]LogBlueprintUserMessages: [BP_ClareCharacter_C_0] BP_LlaveInglesa
[2025.10.12-21.57.12:334][627]LogBlueprintUserMessages: [BP_ClareCharacter_C_0] BP_Escoba
[2025.10.12-21.57.12:335][627]LogBlueprintUserMessages: [BP_ClareCharacter_C_0] BP_Trapeador
[2025.10.12-21.57.12:337][627]LogBlueprintUserMessages: [BP_ClareCharacter_C_0] BP_Extintor
[2025.10.12-21.57.12:338][627]LogBlueprintUserMessages: [BP_ClareCharacter_C_0] BP_Cuchillo
[2025.10.12-21.57.12:340][627]PIE: Server logged in
[2025.10.12-21.57.12:341][627]PIE: Play in editor total start time 0.061 seconds.
[2025.10.12-21.57.12:692][668]LogBlueprintUserMessages: [BP_SwarmEnemy_2] "Përsiguiendo"
[2025.10.12-21.57.13:193][728]LogBlueprintUserMessages: [BP_SwarmEnemy_2] "Përsiguiendo"
[2025.10.12-21.57.13:693][788]LogBlueprintUserMessages: [BP_SwarmEnemy_2] "Përsiguiendo"
[2025.10.12-21.57.14:193][848]LogBlueprintUserMessages: [BP_SwarmEnemy_2] "Përsiguiendo"
[2025.10.12-21.57.14:693][908]LogBlueprintUserMessages: [BP_SwarmEnemy_2] "Përsiguiendo"
[2025.10.12-21.57.15:192][968]LogBlueprintUserMessages: [BP_SwarmEnemy_2] "Përsiguiendo"
[2025.10.12-21.57.15:692][ 28]LogBlueprintUserMessages: [BP_SwarmEnemy_2] "Përsiguiendo"
[2025.10.12-21.57.16:193][ 88]LogBlueprintUserMessages: [BP_SwarmEnemy_2] "Përsiguiendo"
[2025.10.12-21.57.16:693][148]LogBlueprintUserMessages: [BP_SwarmEnemy_2] "Përsiguiendo"
[2025.10.12-21.57.17:193][208]LogBlueprintUserMessages: [BP_SwarmEnemy_2] "Përsiguiendo"
[2025.10.12-21.57.17:268][217]LogBlueprintUserMessages: [BP_TrailDamage_2] Destruido
[2025.10.12-21.57.17:277][218]LogBlueprintUserMessages: [BP_SwarmEnemy_2] Trail creado
[2025.10.12-21.57.17:693][268]LogBlueprintUserMessages: [BP_SwarmEnemy_2] "Përsiguiendo"
[2025.10.12-21.57.18:193][328]LogBlueprintUserMessages: [BP_SwarmEnemy_2] "Përsiguiendo"
[2025.10.12-21.57.18:693][388]LogBlueprintUserMessages: [BP_SwarmEnemy_2] "Përsiguiendo"
[2025.10.12-21.57.19:193][448]LogBlueprintUserMessages: [BP_SwarmEnemy_2] "Përsiguiendo"
[2025.10.12-21.57.22:276][818]LogBlueprintUserMessages: [BP_TrailDamage_C_0] Destruido
[2025.10.12-21.57.22:277][818]LogBlueprintUserMessages: [BP_SwarmEnemy_2] Trail creado
[2025.10.12-21.57.27:277][418]LogBlueprintUserMessages: [BP_TrailDamage_C_1] Destruido
[2025.10.12-21.57.27:277][418]LogBlueprintUserMessages: [BP_SwarmEnemy_2] Trail creado
[2025.10.12-21.57.32:276][ 18]LogBlueprintUserMessages: [BP_TrailDamage_C_2] Destruido
[2025.10.12-21.57.32:277][ 18]LogBlueprintUserMessages: [BP_SwarmEnemy_2] Trail creado
[2025.10.12-21.57.33:752][190]LogSlate: Updating window title bar state: overlay mode, drag disabled, window buttons hidden, title bar hidden
[2025.10.12-21.57.33:752][190]LogWorld: BeginTearingDown for /Game/Maps/UEDPIE_0_ComidaVivaIA
[2025.10.12-21.57.33:753][190]LogWorld: UWorld::CleanupWorld for ComidaVivaIA, bSessionEnded=true, bCleanupResources=true
[2025.10.12-21.57.33:753][190]LogSlate: InvalidateAllWidgets triggered.  All widgets were invalidated
[2025.10.12-21.57.33:760][190]LogPlayLevel: Display: Shutting down PIE online subsystems
[2025.10.12-21.57.33:767][190]LogSlate: InvalidateAllWidgets triggered.  All widgets were invalidated
[2025.10.12-21.57.33:781][190]LogAudio: Display: Audio Device unregistered from world 'None'.
[2025.10.12-21.57.33:781][190]LogAudioMixer: FMixerPlatformXAudio2::StopAudioStream() called
[2025.10.12-21.57.33:782][190]LogAudioMixer: FMixerPlatformXAudio2::StopAudioStream() called
[2025.10.12-21.57.33:784][190]LogSlate: Updating window title bar state: overlay mode, drag disabled, window buttons hidden, title bar hidden
[2025.10.12-21.57.33:787][190]LogUObjectHash: Compacting FUObjectHashTables data took   1.58ms
[2025.10.12-21.57.33:840][192]LogPlayLevel: Display: Destroying online subsystem :Context_29
[2025.10.12-21.58.52:700][368]BlueprintLog: New page: Compile BP_TrailDamage
[2025.10.12-21.58.52:750][368]LogUObjectHash: Compacting FUObjectHashTables data took   1.75ms
[2025.10.12-21.58.53:166][412]LogSavePackage: Moving 'C:/Users/PC/Documents/GitHub/TasteOfMadness/TasteOfMadness/Saved/BP_TrailDamage034A844646E8E2F316C38A95FC83D50D.tmp' to 'C:/Users/PC/Documents/GitHub/TasteOfMadness/TasteOfMadness/Content/Characters/Content_Enemies/BP_Rata/BP_TrailDamage.uasset'
[2025.10.12-21.58.53:179][412]AssetCheck: New page: Asset Save: BP_TrailDamage
[2025.10.12-21.58.53:179][412]LogContentValidation: Display: Validating Blueprint /Game/Characters/Content_Enemies/BP_Rata/BP_TrailDamage.BP_TrailDamage
[2025.10.12-21.59.20:090][170]BlueprintLog: New page: Compile BP_TrailDamage
[2025.10.12-21.59.20:117][170]LogUObjectHash: Compacting FUObjectHashTables data took   2.10ms
[2025.10.12-21.59.20:765][242]LogSavePackage: Moving 'C:/Users/PC/Documents/GitHub/TasteOfMadness/TasteOfMadness/Saved/BP_TrailDamageEBF997E2473F3923A5E3C6A4898B7F72.tmp' to 'C:/Users/PC/Documents/GitHub/TasteOfMadness/TasteOfMadness/Content/Characters/Content_Enemies/BP_Rata/BP_TrailDamage.uasset'
[2025.10.12-21.59.20:778][242]AssetCheck: New page: Asset Save: BP_TrailDamage
[2025.10.12-21.59.20:778][242]LogContentValidation: Display: Validating Blueprint /Game/Characters/Content_Enemies/BP_Rata/BP_TrailDamage.BP_TrailDamage
[2025.10.12-22.00.51:778][496]BlueprintLog: New page: Compile BP_TrailDamage
[2025.10.12-22.00.51:807][496]LogUObjectHash: Compacting FUObjectHashTables data took   2.77ms
[2025.10.12-22.00.52:399][558]LogSavePackage: Moving 'C:/Users/PC/Documents/GitHub/TasteOfMadness/TasteOfMadness/Saved/BP_TrailDamageCB1C9E2E4AF9EEB9687FB9813CBB003B.tmp' to 'C:/Users/PC/Documents/GitHub/TasteOfMadness/TasteOfMadness/Content/Characters/Content_Enemies/BP_Rata/BP_TrailDamage.uasset'
[2025.10.12-22.00.52:411][558]AssetCheck: New page: Asset Save: BP_TrailDamage
[2025.10.12-22.00.52:411][558]LogContentValidation: Display: Validating Blueprint /Game/Characters/Content_Enemies/BP_Rata/BP_TrailDamage.BP_TrailDamage
[2025.10.12-22.00.57:304][131]BlueprintLog: New page: Compile BP_TrailDamage
[2025.10.12-22.00.57:331][131]LogUObjectHash: Compacting FUObjectHashTables data took   2.20ms
[2025.10.12-22.00.57:808][181]LogSavePackage: Moving 'C:/Users/PC/Documents/GitHub/TasteOfMadness/TasteOfMadness/Saved/BP_TrailDamage153071914A9658C5A1FC1586FE4AFCAC.tmp' to 'C:/Users/PC/Documents/GitHub/TasteOfMadness/TasteOfMadness/Content/Characters/Content_Enemies/BP_Rata/BP_TrailDamage.uasset'
[2025.10.12-22.00.57:821][181]AssetCheck: New page: Asset Save: BP_TrailDamage
[2025.10.12-22.00.57:821][181]LogContentValidation: Display: Validating Blueprint /Game/Characters/Content_Enemies/BP_Rata/BP_TrailDamage.BP_TrailDamage
[2025.10.12-22.01.15:105][158]BlueprintLog: New page: Compile BP_TrailDamage
[2025.10.12-22.01.15:133][158]LogUObjectHash: Compacting FUObjectHashTables data took   1.98ms
[2025.10.12-22.01.15:623][212]LogSavePackage: Moving 'C:/Users/PC/Documents/GitHub/TasteOfMadness/TasteOfMadness/Saved/BP_TrailDamage2A23A11E4D54CF5C1FAB949DEE0B2739.tmp' to 'C:/Users/PC/Documents/GitHub/TasteOfMadness/TasteOfMadness/Content/Characters/Content_Enemies/BP_Rata/BP_TrailDamage.uasset'
[2025.10.12-22.01.15:636][212]AssetCheck: New page: Asset Save: BP_TrailDamage
[2025.10.12-22.01.15:636][212]LogContentValidation: Display: Validating Blueprint /Game/Characters/Content_Enemies/BP_Rata/BP_TrailDamage.BP_TrailDamage
[2025.10.12-22.01.18:193][515]LogTemp: Repeating last play command: Selected Viewport
[2025.10.12-22.01.18:200][515]LogPlayLevel: PlayLevel: No blueprints needed recompiling
[2025.10.12-22.01.18:200][515]PIE: New page: PIE session: ComidaVivaIA (Oct 12, 2025, 11:01:18 AM)
[2025.10.12-22.01.18:243][515]LogPlayLevel: Creating play world package: /Game/Maps/UEDPIE_0_ComidaVivaIA
[2025.10.12-22.01.18:245][515]LogPlayLevel: PIE: StaticDuplicateObject took: (0.002822s)
[2025.10.12-22.01.18:246][515]LogAIModule: Creating AISystem for world ComidaVivaIA
[2025.10.12-22.01.18:246][515]LogPlayLevel: PIE: World Init took: (0.000927s)
[2025.10.12-22.01.18:246][515]LogPlayLevel: PIE: Created PIE world by copying editor world from /Game/Maps/ComidaVivaIA.ComidaVivaIA to /Game/Maps/UEDPIE_0_ComidaVivaIA.ComidaVivaIA (0.003868s)
[2025.10.12-22.01.18:262][515]LogUObjectHash: Compacting FUObjectHashTables data took   1.88ms
[2025.10.12-22.01.18:264][515]LogAudio: Display: Creating Audio Device:                 Id: 21, Scope: Unique, Realtime: True
[2025.10.12-22.01.18:264][515]LogAudioMixer: Display: Audio Mixer Platform Settings:
[2025.10.12-22.01.18:264][515]LogAudioMixer: Display: 	Sample Rate:						  48000
[2025.10.12-22.01.18:264][515]LogAudioMixer: Display: 	Callback Buffer Frame Size Requested: 1024
[2025.10.12-22.01.18:264][515]LogAudioMixer: Display: 	Callback Buffer Frame Size To Use:	  1024
[2025.10.12-22.01.18:264][515]LogAudioMixer: Display: 	Number of buffers to queue:			  2
[2025.10.12-22.01.18:264][515]LogAudioMixer: Display: 	Max Channels (voices):				  32
[2025.10.12-22.01.18:264][515]LogAudioMixer: Display: 	Number of Async Source Workers:		  0
[2025.10.12-22.01.18:264][515]LogAudio: Display: AudioDevice MaxSources: 32
[2025.10.12-22.01.18:264][515]LogAudio: Display: Audio Spatialization Plugin: None (built-in).
[2025.10.12-22.01.18:264][515]LogAudio: Display: Audio Reverb Plugin: None (built-in).
[2025.10.12-22.01.18:264][515]LogAudio: Display: Audio Occlusion Plugin: None (built-in).
[2025.10.12-22.01.18:264][515]LogAudioMixer: Display: Initializing audio mixer.
[2025.10.12-22.01.18:267][515]LogAudioMixer: Display: 0: FrontLeft
[2025.10.12-22.01.18:267][515]LogAudioMixer: Display: 1: FrontRight
[2025.10.12-22.01.18:274][515]LogAudioMixer: Display: Using Audio Device LC24RG50 (NVIDIA High Definition Audio)
[2025.10.12-22.01.18:274][515]LogAudioMixer: Display: Initializing Sound Submixes...
[2025.10.12-22.01.18:274][515]LogAudioMixer: Display: Creating Master Submix 'MasterSubmixDefault'
[2025.10.12-22.01.18:274][515]LogAudioMixer: Display: Creating Master Submix 'MasterReverbSubmixDefault'
[2025.10.12-22.01.18:275][515]LogAudioMixer: Display: Creating Master Submix 'MasterEQSubmixDefault'
[2025.10.12-22.01.18:275][515]LogAudioMixer: FMixerPlatformXAudio2::StartAudioStream() called
[2025.10.12-22.01.18:275][515]LogAudioMixer: Display: Output buffers initialized: Frames=1024, Channels=2, Samples=2048
[2025.10.12-22.01.18:275][515]LogAudioMixer: Display: Starting AudioMixerPlatformInterface::RunInternal()
[2025.10.12-22.01.18:275][515]LogAudioMixer: Display: FMixerPlatformXAudio2::SubmitBuffer() called for the first time
[2025.10.12-22.01.18:275][515]LogInit: FAudioDevice initialized.
[2025.10.12-22.01.18:275][515]LogAudio: Display: Audio Device (ID: 21) registered with world 'ComidaVivaIA'.
[2025.10.12-22.01.18:285][515]LogLoad: Game class is 'BP_GameMode_C'
[2025.10.12-22.01.18:286][515]LogWorld: Bringing World /Game/Maps/UEDPIE_0_ComidaVivaIA.ComidaVivaIA up for play (max tick rate 0) at 2025.10.12-16.01.18
[2025.10.12-22.01.18:286][515]LogWorld: Bringing up level for play took: 0.001077
[2025.10.12-22.01.18:286][515]LogOnline: OSS: Creating online subsystem instance for: :Context_30
[2025.10.12-22.01.18:289][515]LogBlueprintUserMessages: [BP_ClareCharacter_C_0] BP_Sarten
[2025.10.12-22.01.18:290][515]LogBlueprintUserMessages: [BP_ClareCharacter_C_0] BP_Olla
[2025.10.12-22.01.18:292][515]LogBlueprintUserMessages: [BP_ClareCharacter_C_0] BP_LlaveInglesa
[2025.10.12-22.01.18:293][515]LogBlueprintUserMessages: [BP_ClareCharacter_C_0] BP_Escoba
[2025.10.12-22.01.18:295][515]LogBlueprintUserMessages: [BP_ClareCharacter_C_0] BP_Trapeador
[2025.10.12-22.01.18:296][515]LogBlueprintUserMessages: [BP_ClareCharacter_C_0] BP_Extintor
[2025.10.12-22.01.18:298][515]LogBlueprintUserMessages: [BP_ClareCharacter_C_0] BP_Cuchillo
[2025.10.12-22.01.18:299][515]PIE: Server logged in
[2025.10.12-22.01.18:300][515]PIE: Play in editor total start time 0.102 seconds.
[2025.10.12-22.01.18:315][516]LogBlueprintUserMessages: [BP_SwarmEnemy_2] "Përsiguiendo"
[2025.10.12-22.01.18:814][576]LogBlueprintUserMessages: [BP_SwarmEnemy_2] "Përsiguiendo"
[2025.10.12-22.01.23:189][101]LogBlueprintUserMessages: [BP_TrailDamage_2] Destruido
[2025.10.12-22.01.23:198][102]LogBlueprintUserMessages: [BP_SwarmEnemy_2] Trail creado
[2025.10.12-22.01.25:406][367]LogBlueprintUserMessages: [BP_ClareCharacter_C_0] Vida45.0
[2025.10.12-22.01.27:647][636]LogBlueprintUserMessages: [BP_ClareCharacter_C_0] Vida40.0
[2025.10.12-22.01.28:198][702]LogBlueprintUserMessages: [BP_TrailDamage_C_0] Destruido
[2025.10.12-22.01.28:198][702]LogBlueprintUserMessages: [BP_ClareCharacter_C_0] Vida35.0
[2025.10.12-22.01.28:198][702]LogBlueprintUserMessages: [BP_SwarmEnemy_2] Trail creado
[2025.10.12-22.01.33:198][302]LogBlueprintUserMessages: [BP_TrailDamage_C_1] Destruido
[2025.10.12-22.01.33:198][302]LogBlueprintUserMessages: [BP_SwarmEnemy_2] Trail creado
[2025.10.12-22.01.33:314][316]LogBlueprintUserMessages: [BP_SwarmEnemy_2] "Përsiguiendo"
[2025.10.12-22.01.33:814][376]LogBlueprintUserMessages: [BP_SwarmEnemy_2] "Përsiguiendo"
[2025.10.12-22.01.34:314][436]LogBlueprintUserMessages: [BP_SwarmEnemy_2] "Përsiguiendo"
[2025.10.12-22.01.34:815][496]LogBlueprintUserMessages: [BP_SwarmEnemy_2] "Përsiguiendo"
[2025.10.12-22.01.35:314][556]LogBlueprintUserMessages: [BP_SwarmEnemy_2] "Përsiguiendo"
[2025.10.12-22.01.35:814][616]LogBlueprintUserMessages: [BP_SwarmEnemy_2] "Përsiguiendo"
[2025.10.12-22.01.38:198][902]LogBlueprintUserMessages: [BP_TrailDamage_C_2] Destruido
[2025.10.12-22.01.38:198][902]LogBlueprintUserMessages: [BP_SwarmEnemy_2] Trail creado
[2025.10.12-22.01.43:197][502]LogBlueprintUserMessages: [BP_TrailDamage_C_3] Destruido
[2025.10.12-22.01.43:198][502]LogBlueprintUserMessages: [BP_SwarmEnemy_2] Trail creado
[2025.10.12-22.01.45:012][715]LogSlate: Updating window title bar state: overlay mode, drag disabled, window buttons hidden, title bar hidden
[2025.10.12-22.01.45:012][715]LogWorld: BeginTearingDown for /Game/Maps/UEDPIE_0_ComidaVivaIA
[2025.10.12-22.01.45:012][715]LogWorld: UWorld::CleanupWorld for ComidaVivaIA, bSessionEnded=true, bCleanupResources=true
[2025.10.12-22.01.45:012][715]LogSlate: InvalidateAllWidgets triggered.  All widgets were invalidated
[2025.10.12-22.01.45:019][715]LogPlayLevel: Display: Shutting down PIE online subsystems
[2025.10.12-22.01.45:027][715]LogSlate: InvalidateAllWidgets triggered.  All widgets were invalidated
[2025.10.12-22.01.45:043][715]LogAudio: Display: Audio Device unregistered from world 'None'.
[2025.10.12-22.01.45:043][715]LogAudioMixer: FMixerPlatformXAudio2::StopAudioStream() called
[2025.10.12-22.01.45:044][715]LogAudioMixer: FMixerPlatformXAudio2::StopAudioStream() called
[2025.10.12-22.01.45:046][715]LogSlate: Updating window title bar state: overlay mode, drag disabled, window buttons hidden, title bar hidden
[2025.10.12-22.01.45:050][715]LogUObjectHash: Compacting FUObjectHashTables data took   1.54ms
[2025.10.12-22.01.45:076][716]LogPlayLevel: Display: Destroying online subsystem :Context_30
[2025.10.12-22.01.46:397][870]Cmd: OBJ SAVEPACKAGE PACKAGE="/Game/Maps/ComidaVivaIA" FILE="C:/Users/PC/Documents/GitHub/TasteOfMadness/TasteOfMadness/Content/Maps/ComidaVivaIA.umap" SILENT=true AUTOSAVING=false KEEPDIRTY=false
[2025.10.12-22.01.46:413][870]LogUObjectHash: Compacting FUObjectHashTables data took   1.51ms
[2025.10.12-22.01.46:421][870]LogSavePackage: Moving 'C:/Users/PC/Documents/GitHub/TasteOfMadness/TasteOfMadness/Saved/ComidaVivaIAEB2B6B5648CA5E21F76DA7BA6EDB165E.tmp' to 'C:/Users/PC/Documents/GitHub/TasteOfMadness/TasteOfMadness/Content/Maps/ComidaVivaIA.umap'
[2025.10.12-22.01.46:443][870]AssetCheck: New page: Asset Save: ComidaVivaIA
[2025.10.12-22.01.46:443][870]LogContentValidation: Display: Validating World /Game/Maps/ComidaVivaIA.ComidaVivaIA
[2025.10.12-22.03.05:690][851]LogAssetEditorSubsystem: Opening Asset editor for Material /Game/Characters/Content_Enemies/BP_Rata/M_TrailDamage.M_TrailDamage
[2025.10.12-22.03.05:691][851]LogMaterial: Display: Missing cached shadermap for M_TrailDamage in PCD3D_SM5, Default, SM5 (DDC key hash: 51470ED79049D70605003AE7E87BBAC0EC5DF675), compiling. 
[2025.10.12-22.03.05:715][851]LogShaderCompilers: Display: === FShaderJobCache stats ===
[2025.10.12-22.03.05:715][851]LogShaderCompilers: Display: Total job queries 803, among them cache hits 712 (88.67%)
[2025.10.12-22.03.05:715][851]LogShaderCompilers: Display: Tracking 66 distinct input hashes that result in 42 distinct outputs (63.64%)
[2025.10.12-22.03.05:715][851]LogShaderCompilers: Display: RAM used: 0.17 MB (0.00 GB) of 1228.80 MB (1.20 GB) budget. Usage: 0.01%
[2025.10.12-22.03.05:715][851]LogShaderCompilers: Display: ================================================
[2025.10.12-22.03.05:761][851]LogMaterial: Display: Missing cached shadermap for M_TrailDamage in PCD3D_SM5, Default, SM5 (DDC key hash: 1F943D87996892C86FA4F6655C04F0492A64430D), compiling. 
[2025.10.12-22.03.05:762][851]LogMaterial: Display: Missing cached shadermap for M_TrailDamage in PCD3D_SM5, Default, SM5 (DDC key hash: E00B4B0215DC371A26F7715D290B773A8B1DD7E5), compiling. 
[2025.10.12-22.03.05:763][851]LogMaterial: Display: Missing cached shadermap for FMatExpressionPreview MaterialExpressionVectorParameter_0 in PCD3D_SM5, Default, SM5 (DDC key hash: D715F766568AD04CDF1D06F58E8E90DD6B02639B), compiling. 
[2025.10.12-22.03.05:764][851]LogMaterial: Display: Missing cached shadermap for FMatExpressionPreview MaterialExpressionScalarParameter_0 in PCD3D_SM5, Default, SM5 (DDC key hash: C6F7DCDDDFE97C2EB1634ECBF66E83667DCD5CAB), compiling. 
[2025.10.12-22.03.05:781][851]MaterialEditorStats: Texture samplers: 0/16
[2025.10.12-22.03.05:849][853]MaterialEditorStats: Base pass shader: 79 instructions
[2025.10.12-22.03.05:849][853]MaterialEditorStats: Base pass shader with Volumetric Lightmap: 106 instructions
[2025.10.12-22.03.05:849][853]MaterialEditorStats: Base pass vertex shader: 193 instructions
[2025.10.12-22.03.05:849][853]MaterialEditorStats: Texture samplers: 4/16
[2025.10.12-22.03.15:632][  2]LogMaterial: Display: Missing cached shadermap for FMatExpressionPreview MaterialExpressionScalarParameter_0 in PCD3D_SM5, Default, SM5 (DDC key hash: B619158AE5F32A6AD6B2FB8ADB001653957179A2), compiling. 
[2025.10.12-22.03.20:375][542]LogMaterial: Display: Missing cached shadermap for FMatExpressionPreview MaterialExpressionVectorParameter_0 in PCD3D_SM5, Default, SM5 (DDC key hash: 853B3B8A4509322367C3362211CA1D4D0E1FEB95), compiling. 
[2025.10.12-22.03.21:640][693]LogMaterial: Display: Missing cached shadermap for FMatExpressionPreview MaterialExpressionVectorParameter_0 in PCD3D_SM5, Default, SM5 (DDC key hash: 5BC8FC36448B9C4C00D55CA1231EA2A84D0D9D91), compiling. 
[2025.10.12-22.03.28:803][528]LogMaterialEditor: Applying material M_TrailDamage
[2025.10.12-22.03.31:144][528]LogMaterial: Display: Missing cached shadermap for M_TrailDamage in PCD3D_SM5, Default, SM5 (DDC key hash: 8F0F37AE572D9BB6EDAED1862121B8C8FC05DFED), compiling. 
[2025.10.12-22.03.31:165][528]LogMaterial: Display: Missing cached shadermap for M_TrailDamage in PCD3D_SM5, Default, SM5 (DDC key hash: E898C023777A628D1C75A82D08765C7597419902), compiling. 
[2025.10.12-22.03.31:214][528]LogUObjectHash: Compacting FUObjectHashTables data took   1.73ms
[2025.10.12-22.03.31:340][528]LogUObjectHash: Compacting FUObjectHashTables data took   0.45ms
[2025.10.12-22.03.31:345][528]MaterialEditorStats: Texture samplers: 0/16
[2025.10.12-22.03.31:392][530]MaterialEditorStats: Base pass shader: 79 instructions
[2025.10.12-22.03.31:392][530]MaterialEditorStats: Base pass shader with Volumetric Lightmap: 106 instructions
[2025.10.12-22.03.31:392][530]MaterialEditorStats: Base pass vertex shader: 193 instructions
[2025.10.12-22.03.31:392][530]MaterialEditorStats: Texture samplers: 4/16
[2025.10.12-22.03.37:661][258]LogMaterialEditor: Saving and Compiling material M_TrailDamage
[2025.10.12-22.03.37:682][258]LogSavePackage: Moving 'C:/Users/PC/Documents/GitHub/TasteOfMadness/TasteOfMadness/Saved/M_TrailDamage72899E29477458221F4F7C841BA86C20.tmp' to 'C:/Users/PC/Documents/GitHub/TasteOfMadness/TasteOfMadness/Content/Characters/Content_Enemies/BP_Rata/M_TrailDamage.uasset'
[2025.10.12-22.03.37:695][258]AssetCheck: New page: Asset Save: M_TrailDamage
[2025.10.12-22.03.37:695][258]LogContentValidation: Display: Validating Material /Game/Characters/Content_Enemies/BP_Rata/M_TrailDamage.M_TrailDamage
[2025.10.12-22.03.38:894][396]Cmd: OBJ SAVEPACKAGE PACKAGE="/Game/Maps/ComidaVivaIA" FILE="C:/Users/PC/Documents/GitHub/TasteOfMadness/TasteOfMadness/Content/Maps/ComidaVivaIA.umap" SILENT=true AUTOSAVING=false KEEPDIRTY=false
[2025.10.12-22.03.38:908][396]LogUObjectHash: Compacting FUObjectHashTables data took   0.48ms
[2025.10.12-22.03.38:916][396]LogSavePackage: Moving 'C:/Users/PC/Documents/GitHub/TasteOfMadness/TasteOfMadness/Saved/ComidaVivaIADDBD44EC4F31FF94CAA6D68537DB4B3F.tmp' to 'C:/Users/PC/Documents/GitHub/TasteOfMadness/TasteOfMadness/Content/Maps/ComidaVivaIA.umap'
[2025.10.12-22.03.38:942][396]AssetCheck: New page: Asset Save: ComidaVivaIA
[2025.10.12-22.03.38:942][396]LogContentValidation: Display: Validating World /Game/Maps/ComidaVivaIA.ComidaVivaIA
[2025.10.12-22.03.39:891][502]LogTemp: Repeating last play command: Selected Viewport
[2025.10.12-22.03.39:896][502]LogPlayLevel: PlayLevel: No blueprints needed recompiling
[2025.10.12-22.03.39:896][502]PIE: New page: PIE session: ComidaVivaIA (Oct 12, 2025, 11:03:39 AM)
[2025.10.12-22.03.39:927][502]LogPlayLevel: Creating play world package: /Game/Maps/UEDPIE_0_ComidaVivaIA
[2025.10.12-22.03.39:930][502]LogPlayLevel: PIE: StaticDuplicateObject took: (0.002482s)
[2025.10.12-22.03.39:930][502]LogAIModule: Creating AISystem for world ComidaVivaIA
[2025.10.12-22.03.39:931][502]LogPlayLevel: PIE: World Init took: (0.000869s)
[2025.10.12-22.03.39:931][502]LogPlayLevel: PIE: Created PIE world by copying editor world from /Game/Maps/ComidaVivaIA.ComidaVivaIA to /Game/Maps/UEDPIE_0_ComidaVivaIA.ComidaVivaIA (0.003456s)
[2025.10.12-22.03.39:945][502]LogUObjectHash: Compacting FUObjectHashTables data took   1.47ms
[2025.10.12-22.03.39:946][502]LogAudio: Display: Creating Audio Device:                 Id: 22, Scope: Unique, Realtime: True
[2025.10.12-22.03.39:946][502]LogAudioMixer: Display: Audio Mixer Platform Settings:
[2025.10.12-22.03.39:946][502]LogAudioMixer: Display: 	Sample Rate:						  48000
[2025.10.12-22.03.39:946][502]LogAudioMixer: Display: 	Callback Buffer Frame Size Requested: 1024
[2025.10.12-22.03.39:946][502]LogAudioMixer: Display: 	Callback Buffer Frame Size To Use:	  1024
[2025.10.12-22.03.39:946][502]LogAudioMixer: Display: 	Number of buffers to queue:			  2
[2025.10.12-22.03.39:946][502]LogAudioMixer: Display: 	Max Channels (voices):				  32
[2025.10.12-22.03.39:946][502]LogAudioMixer: Display: 	Number of Async Source Workers:		  0
[2025.10.12-22.03.39:946][502]LogAudio: Display: AudioDevice MaxSources: 32
[2025.10.12-22.03.39:946][502]LogAudio: Display: Audio Spatialization Plugin: None (built-in).
[2025.10.12-22.03.39:946][502]LogAudio: Display: Audio Reverb Plugin: None (built-in).
[2025.10.12-22.03.39:946][502]LogAudio: Display: Audio Occlusion Plugin: None (built-in).
[2025.10.12-22.03.39:946][502]LogAudioMixer: Display: Initializing audio mixer.
[2025.10.12-22.03.39:949][502]LogAudioMixer: Display: 0: FrontLeft
[2025.10.12-22.03.39:949][502]LogAudioMixer: Display: 1: FrontRight
[2025.10.12-22.03.39:955][502]LogAudioMixer: Display: Using Audio Device LC24RG50 (NVIDIA High Definition Audio)
[2025.10.12-22.03.39:955][502]LogAudioMixer: Display: Initializing Sound Submixes...
[2025.10.12-22.03.39:955][502]LogAudioMixer: Display: Creating Master Submix 'MasterSubmixDefault'
[2025.10.12-22.03.39:955][502]LogAudioMixer: Display: Creating Master Submix 'MasterReverbSubmixDefault'
[2025.10.12-22.03.39:956][502]LogAudioMixer: Display: Creating Master Submix 'MasterEQSubmixDefault'
[2025.10.12-22.03.39:956][502]LogAudioMixer: FMixerPlatformXAudio2::StartAudioStream() called
[2025.10.12-22.03.39:956][502]LogAudioMixer: Display: Output buffers initialized: Frames=1024, Channels=2, Samples=2048
[2025.10.12-22.03.39:957][502]LogAudioMixer: Display: Starting AudioMixerPlatformInterface::RunInternal()
[2025.10.12-22.03.39:957][502]LogAudioMixer: Display: FMixerPlatformXAudio2::SubmitBuffer() called for the first time
[2025.10.12-22.03.39:957][502]LogInit: FAudioDevice initialized.
[2025.10.12-22.03.39:957][502]LogAudio: Display: Audio Device (ID: 22) registered with world 'ComidaVivaIA'.
[2025.10.12-22.03.39:966][502]LogLoad: Game class is 'BP_GameMode_C'
[2025.10.12-22.03.39:967][502]LogWorld: Bringing World /Game/Maps/UEDPIE_0_ComidaVivaIA.ComidaVivaIA up for play (max tick rate 0) at 2025.10.12-16.03.39
[2025.10.12-22.03.39:967][502]LogWorld: Bringing up level for play took: 0.001035
[2025.10.12-22.03.39:967][502]LogOnline: OSS: Creating online subsystem instance for: :Context_32
[2025.10.12-22.03.39:970][502]LogBlueprintUserMessages: [BP_ClareCharacter_C_0] BP_Sarten
[2025.10.12-22.03.39:971][502]LogBlueprintUserMessages: [BP_ClareCharacter_C_0] BP_Olla
[2025.10.12-22.03.39:973][502]LogBlueprintUserMessages: [BP_ClareCharacter_C_0] BP_LlaveInglesa
[2025.10.12-22.03.39:974][502]LogBlueprintUserMessages: [BP_ClareCharacter_C_0] BP_Escoba
[2025.10.12-22.03.39:976][502]LogBlueprintUserMessages: [BP_ClareCharacter_C_0] BP_Trapeador
[2025.10.12-22.03.39:977][502]LogBlueprintUserMessages: [BP_ClareCharacter_C_0] BP_Extintor
[2025.10.12-22.03.39:979][502]LogBlueprintUserMessages: [BP_ClareCharacter_C_0] BP_Cuchillo
[2025.10.12-22.03.39:981][502]PIE: Server logged in
[2025.10.12-22.03.39:981][502]PIE: Play in editor total start time 0.086 seconds.
[2025.10.12-22.03.40:088][514]LogBlueprintUserMessages: [BP_SwarmEnemy_2] "Përsiguiendo"
[2025.10.12-22.03.40:590][574]LogBlueprintUserMessages: [BP_SwarmEnemy_2] "Përsiguiendo"
[2025.10.12-22.03.41:088][634]LogBlueprintUserMessages: [BP_SwarmEnemy_2] "Përsiguiendo"
[2025.10.12-22.03.42:588][814]LogBlueprintUserMessages: [BP_SwarmEnemy_2] "Përsiguiendo"
[2025.10.12-22.03.43:088][874]LogBlueprintUserMessages: [BP_SwarmEnemy_2] "Përsiguiendo"
[2025.10.12-22.03.43:588][934]LogBlueprintUserMessages: [BP_SwarmEnemy_2] "Përsiguiendo"
[2025.10.12-22.03.44:087][994]LogBlueprintUserMessages: [BP_SwarmEnemy_2] "Përsiguiendo"
[2025.10.12-22.03.44:588][ 54]LogBlueprintUserMessages: [BP_SwarmEnemy_2] "Përsiguiendo"
[2025.10.12-22.03.44:888][ 90]LogBlueprintUserMessages: [BP_TrailDamage_2] Destruido
[2025.10.12-22.03.44:897][ 91]LogBlueprintUserMessages: [BP_SwarmEnemy_2] Trail creado
[2025.10.12-22.03.45:087][114]LogBlueprintUserMessages: [BP_SwarmEnemy_2] "Përsiguiendo"
[2025.10.12-22.03.45:588][174]LogBlueprintUserMessages: [BP_SwarmEnemy_2] "Përsiguiendo"
[2025.10.12-22.03.46:088][234]LogBlueprintUserMessages: [BP_SwarmEnemy_2] "Përsiguiendo"
[2025.10.12-22.03.46:588][294]LogBlueprintUserMessages: [BP_SwarmEnemy_2] "Përsiguiendo"
[2025.10.12-22.03.47:088][354]LogBlueprintUserMessages: [BP_SwarmEnemy_2] "Përsiguiendo"
[2025.10.12-22.03.47:588][414]LogBlueprintUserMessages: [BP_SwarmEnemy_2] "Përsiguiendo"
[2025.10.12-22.03.48:088][474]LogBlueprintUserMessages: [BP_SwarmEnemy_2] "Përsiguiendo"
[2025.10.12-22.03.48:588][534]LogBlueprintUserMessages: [BP_SwarmEnemy_2] "Përsiguiendo"
[2025.10.12-22.03.49:588][654]LogBlueprintUserMessages: [BP_SwarmEnemy_2] "Përsiguiendo"
[2025.10.12-22.03.49:896][691]LogBlueprintUserMessages: [BP_TrailDamage_C_0] Destruido
[2025.10.12-22.03.49:897][691]LogBlueprintUserMessages: [BP_SwarmEnemy_2] Trail creado
[2025.10.12-22.03.50:088][714]LogBlueprintUserMessages: [BP_SwarmEnemy_2] "Përsiguiendo"
[2025.10.12-22.03.50:588][774]LogBlueprintUserMessages: [BP_SwarmEnemy_2] "Përsiguiendo"
[2025.10.12-22.03.52:338][984]LogBlueprintUserMessages: [BP_ClareCharacter_C_0] Vida45.0
[2025.10.12-22.03.54:896][291]LogBlueprintUserMessages: [BP_TrailDamage_C_1] Destruido
[2025.10.12-22.03.54:897][291]LogBlueprintUserMessages: [BP_ClareCharacter_C_0] Vida40.0
[2025.10.12-22.03.54:897][291]LogBlueprintUserMessages: [BP_SwarmEnemy_2] Trail creado
[2025.10.12-22.03.57:088][554]LogBlueprintUserMessages: [BP_SwarmEnemy_2] "Përsiguiendo"
[2025.10.12-22.03.57:589][614]LogBlueprintUserMessages: [BP_SwarmEnemy_2] "Përsiguiendo"
[2025.10.12-22.03.58:088][674]LogBlueprintUserMessages: [BP_SwarmEnemy_2] "Përsiguiendo"
[2025.10.12-22.03.58:588][734]LogBlueprintUserMessages: [BP_SwarmEnemy_2] "Përsiguiendo"
[2025.10.12-22.03.59:088][794]LogBlueprintUserMessages: [BP_SwarmEnemy_2] "Përsiguiendo"
[2025.10.12-22.03.59:896][891]LogBlueprintUserMessages: [BP_TrailDamage_C_2] Destruido
[2025.10.12-22.03.59:897][891]LogBlueprintUserMessages: [BP_SwarmEnemy_2] Trail creado
[2025.10.12-22.04.02:717][225]LogSlate: Updating window title bar state: overlay mode, drag disabled, window buttons hidden, title bar hidden
[2025.10.12-22.04.02:717][225]LogWorld: BeginTearingDown for /Game/Maps/UEDPIE_0_ComidaVivaIA
[2025.10.12-22.04.02:717][225]LogWorld: UWorld::CleanupWorld for ComidaVivaIA, bSessionEnded=true, bCleanupResources=true
[2025.10.12-22.04.02:718][225]LogSlate: InvalidateAllWidgets triggered.  All widgets were invalidated
[2025.10.12-22.04.02:723][225]LogPlayLevel: Display: Shutting down PIE online subsystems
[2025.10.12-22.04.02:731][225]LogSlate: InvalidateAllWidgets triggered.  All widgets were invalidated
[2025.10.12-22.04.02:745][225]LogSlate: Updating window title bar state: overlay mode, drag disabled, window buttons hidden, title bar hidden
[2025.10.12-22.04.02:747][225]LogAudioMixer: FMixerPlatformXAudio2::StopAudioStream() called
[2025.10.12-22.04.02:748][225]LogAudioMixer: FMixerPlatformXAudio2::StopAudioStream() called
[2025.10.12-22.04.02:753][225]LogUObjectHash: Compacting FUObjectHashTables data took   1.51ms
[2025.10.12-22.04.02:781][226]LogPlayLevel: Display: Destroying online subsystem :Context_32
[2025.10.12-22.05.33:673][793]LogSlate: Took 0.007109 seconds to synchronously load lazily loaded font '../../../Engine/Content/Slate/Fonts/Roboto-Light.ttf' (167K)
[2025.10.12-22.05.40:623][594]BlueprintLog: New page: Compile BP_TrailDamage
[2025.10.12-22.05.40:650][594]LogUObjectHash: Compacting FUObjectHashTables data took   1.88ms
[2025.10.12-22.05.41:293][665]LogSavePackage: Moving 'C:/Users/PC/Documents/GitHub/TasteOfMadness/TasteOfMadness/Saved/BP_TrailDamage301801B745C6DE0C78217BA345DA00C4.tmp' to 'C:/Users/PC/Documents/GitHub/TasteOfMadness/TasteOfMadness/Content/Characters/Content_Enemies/BP_Rata/BP_TrailDamage.uasset'
[2025.10.12-22.05.41:306][665]AssetCheck: New page: Asset Save: BP_TrailDamage
[2025.10.12-22.05.41:306][665]LogContentValidation: Display: Validating Blueprint /Game/Characters/Content_Enemies/BP_Rata/BP_TrailDamage.BP_TrailDamage
[2025.10.12-22.07.06:093][ 21]LogAssetEditorSubsystem: Opening Asset editor for Blueprint /Game/Characters/Content_Enemies/BP_Rata/BP_SwarmEnemy.BP_SwarmEnemy
[2025.10.12-22.08.42:161][447]BlueprintLog: New page: Compile BP_SwarmEnemy
[2025.10.12-22.08.42:202][447]LogUObjectHash: Compacting FUObjectHashTables data took   2.31ms
[2025.10.12-22.08.42:852][512]LogSavePackage: Moving 'C:/Users/PC/Documents/GitHub/TasteOfMadness/TasteOfMadness/Saved/BP_SwarmEnemyD88E62A2430BF5FDD19C3A97A29B5133.tmp' to 'C:/Users/PC/Documents/GitHub/TasteOfMadness/TasteOfMadness/Content/Characters/Content_Enemies/BP_Rata/BP_SwarmEnemy.uasset'
[2025.10.12-22.08.42:866][512]AssetCheck: New page: Asset Save: BP_SwarmEnemy
[2025.10.12-22.08.42:866][512]LogContentValidation: Display: Validating Blueprint /Game/Characters/Content_Enemies/BP_Rata/BP_SwarmEnemy.BP_SwarmEnemy
[2025.10.12-22.09.00:603][922]BlueprintLog: New page: Compile BP_SwarmEnemy
[2025.10.12-22.09.00:645][922]LogUObjectHash: Compacting FUObjectHashTables data took   2.08ms
[2025.10.12-22.09.01:270][984]LogSavePackage: Moving 'C:/Users/PC/Documents/GitHub/TasteOfMadness/TasteOfMadness/Saved/BP_SwarmEnemyE14D435A4408015D33501AA454D34969.tmp' to 'C:/Users/PC/Documents/GitHub/TasteOfMadness/TasteOfMadness/Content/Characters/Content_Enemies/BP_Rata/BP_SwarmEnemy.uasset'
[2025.10.12-22.09.01:282][984]AssetCheck: New page: Asset Save: BP_SwarmEnemy
[2025.10.12-22.09.01:283][984]LogContentValidation: Display: Validating Blueprint /Game/Characters/Content_Enemies/BP_Rata/BP_SwarmEnemy.BP_SwarmEnemy
[2025.10.12-22.09.42:580][964]BlueprintLog: New page: Compile BP_SwarmEnemy
[2025.10.12-22.09.42:621][964]LogUObjectHash: Compacting FUObjectHashTables data took   2.18ms
[2025.10.12-22.09.43:113][ 10]LogSavePackage: Moving 'C:/Users/PC/Documents/GitHub/TasteOfMadness/TasteOfMadness/Saved/BP_SwarmEnemy8DA1FF68482AF945163F0CB05788F6D1.tmp' to 'C:/Users/PC/Documents/GitHub/TasteOfMadness/TasteOfMadness/Content/Characters/Content_Enemies/BP_Rata/BP_SwarmEnemy.uasset'
[2025.10.12-22.09.43:126][ 10]AssetCheck: New page: Asset Save: BP_SwarmEnemy
[2025.10.12-22.09.43:126][ 10]LogContentValidation: Display: Validating Blueprint /Game/Characters/Content_Enemies/BP_Rata/BP_SwarmEnemy.BP_SwarmEnemy
[2025.10.12-22.09.48:327][600]LogMaterialEditor: Saving and Compiling material M_TrailDamage
[2025.10.12-22.09.48:339][600]LogSavePackage: Moving 'C:/Users/PC/Documents/GitHub/TasteOfMadness/TasteOfMadness/Saved/M_TrailDamage0BB2DBCC4985A0D42882948C99738073.tmp' to 'C:/Users/PC/Documents/GitHub/TasteOfMadness/TasteOfMadness/Content/Characters/Content_Enemies/BP_Rata/M_TrailDamage.uasset'
[2025.10.12-22.09.48:352][600]AssetCheck: New page: Asset Save: M_TrailDamage
[2025.10.12-22.09.48:352][600]LogContentValidation: Display: Validating Material /Game/Characters/Content_Enemies/BP_Rata/M_TrailDamage.M_TrailDamage
[2025.10.12-22.09.50:822][882]LogSavePackage: Moving 'C:/Users/PC/Documents/GitHub/TasteOfMadness/TasteOfMadness/Saved/BP_TrailDamageAA5371E14973B25AE8800D802A8ED409.tmp' to 'C:/Users/PC/Documents/GitHub/TasteOfMadness/TasteOfMadness/Content/Characters/Content_Enemies/BP_Rata/BP_TrailDamage.uasset'
[2025.10.12-22.09.50:835][882]AssetCheck: New page: Asset Save: BP_TrailDamage
[2025.10.12-22.09.50:835][882]LogContentValidation: Display: Validating Blueprint /Game/Characters/Content_Enemies/BP_Rata/BP_TrailDamage.BP_TrailDamage
[2025.10.12-22.09.52:226][ 30]LogSavePackage: Moving 'C:/Users/PC/Documents/GitHub/TasteOfMadness/TasteOfMadness/Saved/BP_SwarmEnemy4761A5B541A2A6F87B30DA891B429FE5.tmp' to 'C:/Users/PC/Documents/GitHub/TasteOfMadness/TasteOfMadness/Content/Characters/Content_Enemies/BP_Rata/BP_SwarmEnemy.uasset'
[2025.10.12-22.09.52:239][ 30]AssetCheck: New page: Asset Save: BP_SwarmEnemy
[2025.10.12-22.09.52:239][ 30]LogContentValidation: Display: Validating Blueprint /Game/Characters/Content_Enemies/BP_Rata/BP_SwarmEnemy.BP_SwarmEnemy
[2025.10.12-22.09.54:046][237]Cmd: OBJ SAVEPACKAGE PACKAGE="/Game/Maps/ComidaVivaIA" FILE="C:/Users/PC/Documents/GitHub/TasteOfMadness/TasteOfMadness/Content/Maps/ComidaVivaIA.umap" SILENT=true AUTOSAVING=false KEEPDIRTY=false
[2025.10.12-22.09.54:065][237]LogUObjectHash: Compacting FUObjectHashTables data took   2.18ms
[2025.10.12-22.09.54:073][237]LogSavePackage: Moving 'C:/Users/PC/Documents/GitHub/TasteOfMadness/TasteOfMadness/Saved/ComidaVivaIA4F8691CB412E6F476A9BBE9BA714059C.tmp' to 'C:/Users/PC/Documents/GitHub/TasteOfMadness/TasteOfMadness/Content/Maps/ComidaVivaIA.umap'
[2025.10.12-22.09.54:101][237]AssetCheck: New page: Asset Save: ComidaVivaIA
[2025.10.12-22.09.54:101][237]LogContentValidation: Display: Validating World /Game/Maps/ComidaVivaIA.ComidaVivaIA
[2025.10.12-22.09.54:832][323]LogTemp: Repeating last play command: Selected Viewport
[2025.10.12-22.09.54:838][323]LogPlayLevel: PlayLevel: No blueprints needed recompiling
[2025.10.12-22.09.54:838][323]PIE: New page: PIE session: ComidaVivaIA (Oct 12, 2025, 11:09:54 AM)
[2025.10.12-22.09.54:874][323]LogPlayLevel: Creating play world package: /Game/Maps/UEDPIE_0_ComidaVivaIA
[2025.10.12-22.09.54:876][323]LogPlayLevel: PIE: StaticDuplicateObject took: (0.002444s)
[2025.10.12-22.09.54:877][323]LogAIModule: Creating AISystem for world ComidaVivaIA
[2025.10.12-22.09.54:877][323]LogPlayLevel: PIE: World Init took: (0.000930s)
[2025.10.12-22.09.54:877][323]LogPlayLevel: PIE: Created PIE world by copying editor world from /Game/Maps/ComidaVivaIA.ComidaVivaIA to /Game/Maps/UEDPIE_0_ComidaVivaIA.ComidaVivaIA (0.003477s)
[2025.10.12-22.09.54:894][323]LogUObjectHash: Compacting FUObjectHashTables data took   1.82ms
[2025.10.12-22.09.54:895][323]LogAudio: Display: Creating Audio Device:                 Id: 23, Scope: Unique, Realtime: True
[2025.10.12-22.09.54:895][323]LogAudioMixer: Display: Audio Mixer Platform Settings:
[2025.10.12-22.09.54:895][323]LogAudioMixer: Display: 	Sample Rate:						  48000
[2025.10.12-22.09.54:895][323]LogAudioMixer: Display: 	Callback Buffer Frame Size Requested: 1024
[2025.10.12-22.09.54:895][323]LogAudioMixer: Display: 	Callback Buffer Frame Size To Use:	  1024
[2025.10.12-22.09.54:895][323]LogAudioMixer: Display: 	Number of buffers to queue:			  2
[2025.10.12-22.09.54:895][323]LogAudioMixer: Display: 	Max Channels (voices):				  32
[2025.10.12-22.09.54:895][323]LogAudioMixer: Display: 	Number of Async Source Workers:		  0
[2025.10.12-22.09.54:895][323]LogAudio: Display: AudioDevice MaxSources: 32
[2025.10.12-22.09.54:895][323]LogAudio: Display: Audio Spatialization Plugin: None (built-in).
[2025.10.12-22.09.54:895][323]LogAudio: Display: Audio Reverb Plugin: None (built-in).
[2025.10.12-22.09.54:895][323]LogAudio: Display: Audio Occlusion Plugin: None (built-in).
[2025.10.12-22.09.54:895][323]LogAudioMixer: Display: Initializing audio mixer.
[2025.10.12-22.09.54:898][323]LogAudioMixer: Display: 0: FrontLeft
[2025.10.12-22.09.54:898][323]LogAudioMixer: Display: 1: FrontRight
[2025.10.12-22.09.54:905][323]LogAudioMixer: Display: Using Audio Device LC24RG50 (NVIDIA High Definition Audio)
[2025.10.12-22.09.54:905][323]LogAudioMixer: Display: Initializing Sound Submixes...
[2025.10.12-22.09.54:905][323]LogAudioMixer: Display: Creating Master Submix 'MasterSubmixDefault'
[2025.10.12-22.09.54:905][323]LogAudioMixer: Display: Creating Master Submix 'MasterReverbSubmixDefault'
[2025.10.12-22.09.54:905][323]LogAudioMixer: Display: Creating Master Submix 'MasterEQSubmixDefault'
[2025.10.12-22.09.54:905][323]LogAudioMixer: FMixerPlatformXAudio2::StartAudioStream() called
[2025.10.12-22.09.54:905][323]LogAudioMixer: Display: Output buffers initialized: Frames=1024, Channels=2, Samples=2048
[2025.10.12-22.09.54:906][323]LogAudioMixer: Display: Starting AudioMixerPlatformInterface::RunInternal()
[2025.10.12-22.09.54:906][323]LogAudioMixer: Display: FMixerPlatformXAudio2::SubmitBuffer() called for the first time
[2025.10.12-22.09.54:906][323]LogInit: FAudioDevice initialized.
[2025.10.12-22.09.54:906][323]LogAudio: Display: Audio Device (ID: 23) registered with world 'ComidaVivaIA'.
[2025.10.12-22.09.54:915][323]LogLoad: Game class is 'BP_GameMode_C'
[2025.10.12-22.09.54:917][323]LogWorld: Bringing World /Game/Maps/UEDPIE_0_ComidaVivaIA.ComidaVivaIA up for play (max tick rate 0) at 2025.10.12-16.09.54
[2025.10.12-22.09.54:917][323]LogWorld: Bringing up level for play took: 0.001049
[2025.10.12-22.09.54:917][323]LogOnline: OSS: Creating online subsystem instance for: :Context_34
[2025.10.12-22.09.54:919][323]LogBlueprintUserMessages: Warning: SetTimer passed a bad function (Spawn Trail) or object (BP_SwarmEnemy_2)
[2025.10.12-22.09.54:919][323]LogBlueprintUserMessages: [BP_ClareCharacter_C_0] BP_Sarten
[2025.10.12-22.09.54:921][323]LogBlueprintUserMessages: [BP_ClareCharacter_C_0] BP_Olla
[2025.10.12-22.09.54:922][323]LogBlueprintUserMessages: [BP_ClareCharacter_C_0] BP_LlaveInglesa
[2025.10.12-22.09.54:924][323]LogBlueprintUserMessages: [BP_ClareCharacter_C_0] BP_Escoba
[2025.10.12-22.09.54:925][323]LogBlueprintUserMessages: [BP_ClareCharacter_C_0] BP_Trapeador
[2025.10.12-22.09.54:927][323]LogBlueprintUserMessages: [BP_ClareCharacter_C_0] BP_Extintor
[2025.10.12-22.09.54:928][323]LogBlueprintUserMessages: [BP_ClareCharacter_C_0] BP_Cuchillo
[2025.10.12-22.09.54:930][323]PIE: Server logged in
[2025.10.12-22.09.54:931][323]PIE: Play in editor total start time 0.094 seconds.
[2025.10.12-22.09.55:262][362]LogBlueprintUserMessages: [BP_SwarmEnemy_2] "Përsiguiendo"
[2025.10.12-22.09.55:762][422]LogBlueprintUserMessages: [BP_SwarmEnemy_2] "Përsiguiendo"
[2025.10.12-22.09.56:262][482]LogBlueprintUserMessages: [BP_SwarmEnemy_2] "Përsiguiendo"
[2025.10.12-22.09.56:761][542]LogBlueprintUserMessages: [BP_SwarmEnemy_2] "Përsiguiendo"
[2025.10.12-22.09.57:262][602]LogBlueprintUserMessages: [BP_SwarmEnemy_2] "Përsiguiendo"
[2025.10.12-22.09.57:762][662]LogBlueprintUserMessages: [BP_SwarmEnemy_2] "Përsiguiendo"
[2025.10.12-22.09.58:262][722]LogBlueprintUserMessages: [BP_SwarmEnemy_2] "Përsiguiendo"
[2025.10.12-22.09.58:762][782]LogBlueprintUserMessages: [BP_SwarmEnemy_2] "Përsiguiendo"
[2025.10.12-22.09.59:262][842]LogBlueprintUserMessages: [BP_SwarmEnemy_2] "Përsiguiendo"
[2025.10.12-22.09.59:829][910]LogBlueprintUserMessages: [BP_TrailDamage_2] Destruido
[2025.10.12-22.10.09:767][100]LogBlueprintUserMessages: [BP_SwarmEnemy_2] "Përsiguiendo"
[2025.10.12-22.10.10:266][160]LogBlueprintUserMessages: [BP_SwarmEnemy_2] "Përsiguiendo"
[2025.10.12-22.10.10:766][220]LogBlueprintUserMessages: [BP_SwarmEnemy_2] "Përsiguiendo"
[2025.10.12-22.10.11:267][280]LogBlueprintUserMessages: [BP_SwarmEnemy_2] "Përsiguiendo"
[2025.10.12-22.10.11:767][340]LogBlueprintUserMessages: [BP_SwarmEnemy_2] "Përsiguiendo"
[2025.10.12-22.10.12:267][400]LogBlueprintUserMessages: [BP_SwarmEnemy_2] "Përsiguiendo"
[2025.10.12-22.10.12:766][460]LogBlueprintUserMessages: [BP_SwarmEnemy_2] "Përsiguiendo"
[2025.10.12-22.10.13:266][520]LogBlueprintUserMessages: [BP_SwarmEnemy_2] "Përsiguiendo"
[2025.10.12-22.10.13:766][580]LogBlueprintUserMessages: [BP_SwarmEnemy_2] "Përsiguiendo"
[2025.10.12-22.10.14:266][640]LogBlueprintUserMessages: [BP_SwarmEnemy_2] "Përsiguiendo"
[2025.10.12-22.10.14:766][700]LogBlueprintUserMessages: [BP_SwarmEnemy_2] "Përsiguiendo"
[2025.10.12-22.10.15:267][760]LogBlueprintUserMessages: [BP_SwarmEnemy_2] "Përsiguiendo"
[2025.10.12-22.10.15:766][820]LogBlueprintUserMessages: [BP_SwarmEnemy_2] "Përsiguiendo"
[2025.10.12-22.10.16:266][880]LogBlueprintUserMessages: [BP_SwarmEnemy_2] "Përsiguiendo"
[2025.10.12-22.10.16:766][940]LogBlueprintUserMessages: [BP_SwarmEnemy_2] "Përsiguiendo"
[2025.10.12-22.10.17:266][  0]LogBlueprintUserMessages: [BP_SwarmEnemy_2] "Përsiguiendo"
[2025.10.12-22.10.17:766][ 60]LogBlueprintUserMessages: [BP_SwarmEnemy_2] "Përsiguiendo"
[2025.10.12-22.10.18:266][120]LogBlueprintUserMessages: [BP_SwarmEnemy_2] "Përsiguiendo"
[2025.10.12-22.10.18:766][180]LogBlueprintUserMessages: [BP_SwarmEnemy_2] "Përsiguiendo"
[2025.10.12-22.10.23:134][700]LogSlate: Updating window title bar state: overlay mode, drag disabled, window buttons hidden, title bar hidden
[2025.10.12-22.10.23:134][700]LogWorld: BeginTearingDown for /Game/Maps/UEDPIE_0_ComidaVivaIA
[2025.10.12-22.10.23:134][700]LogWorld: UWorld::CleanupWorld for ComidaVivaIA, bSessionEnded=true, bCleanupResources=true
[2025.10.12-22.10.23:134][700]LogSlate: InvalidateAllWidgets triggered.  All widgets were invalidated
[2025.10.12-22.10.23:142][700]LogPlayLevel: Display: Shutting down PIE online subsystems
[2025.10.12-22.10.23:148][700]LogSlate: InvalidateAllWidgets triggered.  All widgets were invalidated
[2025.10.12-22.10.23:163][700]LogSlate: Updating window title bar state: overlay mode, drag disabled, window buttons hidden, title bar hidden
[2025.10.12-22.10.23:164][700]LogAudioMixer: FMixerPlatformXAudio2::StopAudioStream() called
[2025.10.12-22.10.23:165][700]LogAudioMixer: FMixerPlatformXAudio2::StopAudioStream() called
[2025.10.12-22.10.23:169][700]LogUObjectHash: Compacting FUObjectHashTables data took   1.68ms
[2025.10.12-22.10.23:221][702]LogPlayLevel: Display: Destroying online subsystem :Context_34
[2025.10.12-22.10.30:174][526]BlueprintLog: New page: Compile BP_SwarmEnemy
[2025.10.12-22.10.30:212][526]LogUObjectHash: Compacting FUObjectHashTables data took   1.81ms
[2025.10.12-22.10.30:649][569]LogSavePackage: Moving 'C:/Users/PC/Documents/GitHub/TasteOfMadness/TasteOfMadness/Saved/BP_SwarmEnemyF4DAB70F4DF4FCB9ED1FD1A318CD3628.tmp' to 'C:/Users/PC/Documents/GitHub/TasteOfMadness/TasteOfMadness/Content/Characters/Content_Enemies/BP_Rata/BP_SwarmEnemy.uasset'
[2025.10.12-22.10.30:663][569]AssetCheck: New page: Asset Save: BP_SwarmEnemy
[2025.10.12-22.10.30:663][569]LogContentValidation: Display: Validating Blueprint /Game/Characters/Content_Enemies/BP_Rata/BP_SwarmEnemy.BP_SwarmEnemy
[2025.10.12-22.10.31:770][695]LogSavePackage: Moving 'C:/Users/PC/Documents/GitHub/TasteOfMadness/TasteOfMadness/Saved/BP_SwarmEnemy07B710D84C699105C34136ACB5AEC789.tmp' to 'C:/Users/PC/Documents/GitHub/TasteOfMadness/TasteOfMadness/Content/Characters/Content_Enemies/BP_Rata/BP_SwarmEnemy.uasset'
[2025.10.12-22.10.31:784][695]AssetCheck: New page: Asset Save: BP_SwarmEnemy
[2025.10.12-22.10.31:784][695]LogContentValidation: Display: Validating Blueprint /Game/Characters/Content_Enemies/BP_Rata/BP_SwarmEnemy.BP_SwarmEnemy
[2025.10.12-22.10.33:178][858]LogTemp: Repeating last play command: Selected Viewport
[2025.10.12-22.10.33:185][858]LogPlayLevel: PlayLevel: No blueprints needed recompiling
[2025.10.12-22.10.33:185][858]PIE: New page: PIE session: ComidaVivaIA (Oct 12, 2025, 11:10:33 AM)
[2025.10.12-22.10.33:185][858]LogPlayLevel: Creating play world package: /Game/Maps/UEDPIE_0_ComidaVivaIA
[2025.10.12-22.10.33:187][858]LogPlayLevel: PIE: StaticDuplicateObject took: (0.002546s)
[2025.10.12-22.10.33:188][858]LogAIModule: Creating AISystem for world ComidaVivaIA
[2025.10.12-22.10.33:188][858]LogPlayLevel: PIE: World Init took: (0.000819s)
[2025.10.12-22.10.33:188][858]LogPlayLevel: PIE: Created PIE world by copying editor world from /Game/Maps/ComidaVivaIA.ComidaVivaIA to /Game/Maps/UEDPIE_0_ComidaVivaIA.ComidaVivaIA (0.003444s)
[2025.10.12-22.10.33:208][858]LogUObjectHash: Compacting FUObjectHashTables data took   2.16ms
[2025.10.12-22.10.33:208][858]LogAudio: Display: Creating Audio Device:                 Id: 24, Scope: Unique, Realtime: True
[2025.10.12-22.10.33:208][858]LogAudioMixer: Display: Audio Mixer Platform Settings:
[2025.10.12-22.10.33:208][858]LogAudioMixer: Display: 	Sample Rate:						  48000
[2025.10.12-22.10.33:209][858]LogAudioMixer: Display: 	Callback Buffer Frame Size Requested: 1024
[2025.10.12-22.10.33:209][858]LogAudioMixer: Display: 	Callback Buffer Frame Size To Use:	  1024
[2025.10.12-22.10.33:209][858]LogAudioMixer: Display: 	Number of buffers to queue:			  2
[2025.10.12-22.10.33:209][858]LogAudioMixer: Display: 	Max Channels (voices):				  32
[2025.10.12-22.10.33:209][858]LogAudioMixer: Display: 	Number of Async Source Workers:		  0
[2025.10.12-22.10.33:209][858]LogAudio: Display: AudioDevice MaxSources: 32
[2025.10.12-22.10.33:209][858]LogAudio: Display: Audio Spatialization Plugin: None (built-in).
[2025.10.12-22.10.33:209][858]LogAudio: Display: Audio Reverb Plugin: None (built-in).
[2025.10.12-22.10.33:209][858]LogAudio: Display: Audio Occlusion Plugin: None (built-in).
[2025.10.12-22.10.33:209][858]LogAudioMixer: Display: Initializing audio mixer.
[2025.10.12-22.10.33:211][858]LogAudioMixer: Display: 0: FrontLeft
[2025.10.12-22.10.33:211][858]LogAudioMixer: Display: 1: FrontRight
[2025.10.12-22.10.33:218][858]LogAudioMixer: Display: Using Audio Device LC24RG50 (NVIDIA High Definition Audio)
[2025.10.12-22.10.33:218][858]LogAudioMixer: Display: Initializing Sound Submixes...
[2025.10.12-22.10.33:218][858]LogAudioMixer: Display: Creating Master Submix 'MasterSubmixDefault'
[2025.10.12-22.10.33:218][858]LogAudioMixer: Display: Creating Master Submix 'MasterReverbSubmixDefault'
[2025.10.12-22.10.33:218][858]LogAudioMixer: Display: Creating Master Submix 'MasterEQSubmixDefault'
[2025.10.12-22.10.33:219][858]LogAudioMixer: FMixerPlatformXAudio2::StartAudioStream() called
[2025.10.12-22.10.33:219][858]LogAudioMixer: Display: Output buffers initialized: Frames=1024, Channels=2, Samples=2048
[2025.10.12-22.10.33:220][858]LogAudioMixer: Display: Starting AudioMixerPlatformInterface::RunInternal()
[2025.10.12-22.10.33:220][858]LogAudioMixer: Display: FMixerPlatformXAudio2::SubmitBuffer() called for the first time
[2025.10.12-22.10.33:220][858]LogInit: FAudioDevice initialized.
[2025.10.12-22.10.33:220][858]LogAudio: Display: Audio Device (ID: 24) registered with world 'ComidaVivaIA'.
[2025.10.12-22.10.33:229][858]LogLoad: Game class is 'BP_GameMode_C'
[2025.10.12-22.10.33:230][858]LogWorld: Bringing World /Game/Maps/UEDPIE_0_ComidaVivaIA.ComidaVivaIA up for play (max tick rate 0) at 2025.10.12-16.10.33
[2025.10.12-22.10.33:230][858]LogWorld: Bringing up level for play took: 0.001069
[2025.10.12-22.10.33:230][858]LogOnline: OSS: Creating online subsystem instance for: :Context_35
[2025.10.12-22.10.33:232][858]LogBlueprintUserMessages: Warning: SetTimer passed a bad function (Spawn Trail) or object (BP_SwarmEnemy_2)
[2025.10.12-22.10.33:233][858]LogBlueprintUserMessages: [BP_ClareCharacter_C_0] BP_Sarten
[2025.10.12-22.10.33:234][858]LogBlueprintUserMessages: [BP_ClareCharacter_C_0] BP_Olla
[2025.10.12-22.10.33:236][858]LogBlueprintUserMessages: [BP_ClareCharacter_C_0] BP_LlaveInglesa
[2025.10.12-22.10.33:237][858]LogBlueprintUserMessages: [BP_ClareCharacter_C_0] BP_Escoba
[2025.10.12-22.10.33:239][858]LogBlueprintUserMessages: [BP_ClareCharacter_C_0] BP_Trapeador
[2025.10.12-22.10.33:240][858]LogBlueprintUserMessages: [BP_ClareCharacter_C_0] BP_Extintor
[2025.10.12-22.10.33:241][858]LogBlueprintUserMessages: [BP_ClareCharacter_C_0] BP_Cuchillo
[2025.10.12-22.10.33:243][858]PIE: Server logged in
[2025.10.12-22.10.33:244][858]PIE: Play in editor total start time 0.061 seconds.
[2025.10.12-22.10.33:632][904]LogBlueprintUserMessages: [BP_SwarmEnemy_2] "Përsiguiendo"
[2025.10.12-22.10.34:132][964]LogBlueprintUserMessages: [BP_SwarmEnemy_2] "Përsiguiendo"
[2025.10.12-22.10.36:132][204]LogBlueprintUserMessages: [BP_SwarmEnemy_2] "Përsiguiendo"
[2025.10.12-22.10.36:632][264]LogBlueprintUserMessages: [BP_SwarmEnemy_2] "Përsiguiendo"
[2025.10.12-22.10.37:132][324]LogBlueprintUserMessages: [BP_SwarmEnemy_2] "Përsiguiendo"
[2025.10.12-22.10.37:632][384]LogBlueprintUserMessages: [BP_SwarmEnemy_2] "Përsiguiendo"
[2025.10.12-22.10.38:133][444]LogBlueprintUserMessages: [BP_SwarmEnemy_2] "Përsiguiendo"
[2025.10.12-22.10.38:174][449]LogBlueprintUserMessages: [BP_TrailDamage_2] Destruido
[2025.10.12-22.10.38:633][504]LogBlueprintUserMessages: [BP_SwarmEnemy_2] "Përsiguiendo"
[2025.10.12-22.10.42:132][924]LogBlueprintUserMessages: [BP_SwarmEnemy_2] "Përsiguiendo"
[2025.10.12-22.10.42:633][984]LogBlueprintUserMessages: [BP_SwarmEnemy_2] "Përsiguiendo"
[2025.10.12-22.10.50:133][884]LogBlueprintUserMessages: [BP_SwarmEnemy_2] "Përsiguiendo"
[2025.10.12-22.10.50:632][944]LogBlueprintUserMessages: [BP_SwarmEnemy_2] "Përsiguiendo"
[2025.10.12-22.10.51:133][  4]LogBlueprintUserMessages: [BP_SwarmEnemy_2] "Përsiguiendo"
[2025.10.12-22.10.51:632][ 64]LogBlueprintUserMessages: [BP_SwarmEnemy_2] "Përsiguiendo"
[2025.10.12-22.10.55:833][565]LogSlate: Updating window title bar state: overlay mode, drag disabled, window buttons hidden, title bar hidden
[2025.10.12-22.10.55:833][565]LogWorld: BeginTearingDown for /Game/Maps/UEDPIE_0_ComidaVivaIA
[2025.10.12-22.10.55:833][565]LogWorld: UWorld::CleanupWorld for ComidaVivaIA, bSessionEnded=true, bCleanupResources=true
[2025.10.12-22.10.55:833][565]LogSlate: InvalidateAllWidgets triggered.  All widgets were invalidated
[2025.10.12-22.10.55:841][565]LogPlayLevel: Display: Shutting down PIE online subsystems
[2025.10.12-22.10.55:849][565]LogSlate: InvalidateAllWidgets triggered.  All widgets were invalidated
[2025.10.12-22.10.55:866][565]LogAudio: Display: Audio Device unregistered from world 'None'.
[2025.10.12-22.10.55:867][565]LogAudioMixer: FMixerPlatformXAudio2::StopAudioStream() called
[2025.10.12-22.10.55:868][565]LogAudioMixer: FMixerPlatformXAudio2::StopAudioStream() called
[2025.10.12-22.10.55:869][565]LogSlate: Updating window title bar state: overlay mode, drag disabled, window buttons hidden, title bar hidden
[2025.10.12-22.10.55:873][565]LogUObjectHash: Compacting FUObjectHashTables data took   1.57ms
[2025.10.12-22.10.55:926][567]LogPlayLevel: Display: Destroying online subsystem :Context_35
[2025.10.12-22.11.02:554][354]BlueprintLog: New page: Compile BP_SwarmEnemy
[2025.10.12-22.11.02:596][354]LogUObjectHash: Compacting FUObjectHashTables data took   1.73ms
[2025.10.12-22.11.02:964][386]LogSavePackage: Moving 'C:/Users/PC/Documents/GitHub/TasteOfMadness/TasteOfMadness/Saved/BP_SwarmEnemy709697844E071D2BC081B0B78FD1319C.tmp' to 'C:/Users/PC/Documents/GitHub/TasteOfMadness/TasteOfMadness/Content/Characters/Content_Enemies/BP_Rata/BP_SwarmEnemy.uasset'
[2025.10.12-22.11.02:976][386]AssetCheck: New page: Asset Save: BP_SwarmEnemy
[2025.10.12-22.11.02:977][386]LogContentValidation: Display: Validating Blueprint /Game/Characters/Content_Enemies/BP_Rata/BP_SwarmEnemy.BP_SwarmEnemy
[2025.10.12-22.11.05:018][609]Cmd: OBJ SAVEPACKAGE PACKAGE="/Game/Maps/ComidaVivaIA" FILE="C:/Users/PC/Documents/GitHub/TasteOfMadness/TasteOfMadness/Content/Maps/ComidaVivaIA.umap" SILENT=true AUTOSAVING=false KEEPDIRTY=false
[2025.10.12-22.11.05:038][609]LogUObjectHash: Compacting FUObjectHashTables data took   2.04ms
[2025.10.12-22.11.05:046][609]LogSavePackage: Moving 'C:/Users/PC/Documents/GitHub/TasteOfMadness/TasteOfMadness/Saved/ComidaVivaIA2F194FAB4026A9A4783620B5B4857CDA.tmp' to 'C:/Users/PC/Documents/GitHub/TasteOfMadness/TasteOfMadness/Content/Maps/ComidaVivaIA.umap'
[2025.10.12-22.11.05:071][609]AssetCheck: New page: Asset Save: ComidaVivaIA
[2025.10.12-22.11.05:071][609]LogContentValidation: Display: Validating World /Game/Maps/ComidaVivaIA.ComidaVivaIA
[2025.10.12-22.11.05:657][675]LogTemp: Repeating last play command: Selected Viewport
[2025.10.12-22.11.05:663][675]LogPlayLevel: PlayLevel: No blueprints needed recompiling
[2025.10.12-22.11.05:663][675]PIE: New page: PIE session: ComidaVivaIA (Oct 12, 2025, 11:11:05 AM)
[2025.10.12-22.11.05:691][675]LogPlayLevel: Creating play world package: /Game/Maps/UEDPIE_0_ComidaVivaIA
[2025.10.12-22.11.05:693][675]LogPlayLevel: PIE: StaticDuplicateObject took: (0.002473s)
[2025.10.12-22.11.05:694][675]LogAIModule: Creating AISystem for world ComidaVivaIA
[2025.10.12-22.11.05:694][675]LogPlayLevel: PIE: World Init took: (0.000950s)
[2025.10.12-22.11.05:694][675]LogPlayLevel: PIE: Created PIE world by copying editor world from /Game/Maps/ComidaVivaIA.ComidaVivaIA to /Game/Maps/UEDPIE_0_ComidaVivaIA.ComidaVivaIA (0.003522s)
[2025.10.12-22.11.05:711][675]LogUObjectHash: Compacting FUObjectHashTables data took   1.78ms
[2025.10.12-22.11.05:712][675]LogAudio: Display: Creating Audio Device:                 Id: 25, Scope: Unique, Realtime: True
[2025.10.12-22.11.05:712][675]LogAudioMixer: Display: Audio Mixer Platform Settings:
[2025.10.12-22.11.05:712][675]LogAudioMixer: Display: 	Sample Rate:						  48000
[2025.10.12-22.11.05:712][675]LogAudioMixer: Display: 	Callback Buffer Frame Size Requested: 1024
[2025.10.12-22.11.05:712][675]LogAudioMixer: Display: 	Callback Buffer Frame Size To Use:	  1024
[2025.10.12-22.11.05:712][675]LogAudioMixer: Display: 	Number of buffers to queue:			  2
[2025.10.12-22.11.05:712][675]LogAudioMixer: Display: 	Max Channels (voices):				  32
[2025.10.12-22.11.05:712][675]LogAudioMixer: Display: 	Number of Async Source Workers:		  0
[2025.10.12-22.11.05:712][675]LogAudio: Display: AudioDevice MaxSources: 32
[2025.10.12-22.11.05:713][675]LogAudio: Display: Audio Spatialization Plugin: None (built-in).
[2025.10.12-22.11.05:713][675]LogAudio: Display: Audio Reverb Plugin: None (built-in).
[2025.10.12-22.11.05:713][675]LogAudio: Display: Audio Occlusion Plugin: None (built-in).
[2025.10.12-22.11.05:713][675]LogAudioMixer: Display: Initializing audio mixer.
[2025.10.12-22.11.05:716][675]LogAudioMixer: Display: 0: FrontLeft
[2025.10.12-22.11.05:716][675]LogAudioMixer: Display: 1: FrontRight
[2025.10.12-22.11.05:722][675]LogAudioMixer: Display: Using Audio Device LC24RG50 (NVIDIA High Definition Audio)
[2025.10.12-22.11.05:723][675]LogAudioMixer: Display: Initializing Sound Submixes...
[2025.10.12-22.11.05:723][675]LogAudioMixer: Display: Creating Master Submix 'MasterSubmixDefault'
[2025.10.12-22.11.05:723][675]LogAudioMixer: Display: Creating Master Submix 'MasterReverbSubmixDefault'
[2025.10.12-22.11.05:723][675]LogAudioMixer: Display: Creating Master Submix 'MasterEQSubmixDefault'
[2025.10.12-22.11.05:723][675]LogAudioMixer: FMixerPlatformXAudio2::StartAudioStream() called
[2025.10.12-22.11.05:723][675]LogAudioMixer: Display: Output buffers initialized: Frames=1024, Channels=2, Samples=2048
[2025.10.12-22.11.05:724][675]LogAudioMixer: Display: Starting AudioMixerPlatformInterface::RunInternal()
[2025.10.12-22.11.05:724][675]LogAudioMixer: Display: FMixerPlatformXAudio2::SubmitBuffer() called for the first time
[2025.10.12-22.11.05:724][675]LogInit: FAudioDevice initialized.
[2025.10.12-22.11.05:724][675]LogAudio: Display: Audio Device (ID: 25) registered with world 'ComidaVivaIA'.
[2025.10.12-22.11.05:735][675]LogLoad: Game class is 'BP_GameMode_C'
[2025.10.12-22.11.05:736][675]LogWorld: Bringing World /Game/Maps/UEDPIE_0_ComidaVivaIA.ComidaVivaIA up for play (max tick rate 0) at 2025.10.12-16.11.05
[2025.10.12-22.11.05:736][675]LogWorld: Bringing up level for play took: 0.001066
[2025.10.12-22.11.05:736][675]LogOnline: OSS: Creating online subsystem instance for: :Context_36
[2025.10.12-22.11.05:738][675]LogBlueprintUserMessages: Warning: SetTimer passed a bad function (Spawn Trail) or object (BP_SwarmEnemy_2)
[2025.10.12-22.11.05:739][675]LogBlueprintUserMessages: [BP_ClareCharacter_C_0] BP_Sarten
[2025.10.12-22.11.05:740][675]LogBlueprintUserMessages: [BP_ClareCharacter_C_0] BP_Olla
[2025.10.12-22.11.05:742][675]LogBlueprintUserMessages: [BP_ClareCharacter_C_0] BP_LlaveInglesa
[2025.10.12-22.11.05:743][675]LogBlueprintUserMessages: [BP_ClareCharacter_C_0] BP_Escoba
[2025.10.12-22.11.05:745][675]LogBlueprintUserMessages: [BP_ClareCharacter_C_0] BP_Trapeador
[2025.10.12-22.11.05:746][675]LogBlueprintUserMessages: [BP_ClareCharacter_C_0] BP_Extintor
[2025.10.12-22.11.05:748][675]LogBlueprintUserMessages: [BP_ClareCharacter_C_0] BP_Cuchillo
[2025.10.12-22.11.05:749][675]PIE: Server logged in
[2025.10.12-22.11.05:750][675]PIE: Play in editor total start time 0.089 seconds.
[2025.10.12-22.11.05:981][702]LogBlueprintUserMessages: [BP_SwarmEnemy_2] "Përsiguiendo"
[2025.10.12-22.11.06:481][762]LogBlueprintUserMessages: [BP_SwarmEnemy_2] "Përsiguiendo"
[2025.10.12-22.11.07:490][883]LogBlueprintUserMessages: [BP_ClareCharacter_C_0] Vida45.0
[2025.10.12-22.11.08:781][ 38]LogBlueprintUserMessages: [BP_ClareCharacter_C_0] Vida40.0
[2025.10.12-22.11.10:656][263]LogBlueprintUserMessages: [BP_TrailDamage_2] Destruido
[2025.10.12-22.11.16:392][947]LogSlate: Updating window title bar state: overlay mode, drag disabled, window buttons hidden, title bar hidden
[2025.10.12-22.11.16:392][947]LogWorld: BeginTearingDown for /Game/Maps/UEDPIE_0_ComidaVivaIA
[2025.10.12-22.11.16:392][947]LogWorld: UWorld::CleanupWorld for ComidaVivaIA, bSessionEnded=true, bCleanupResources=true
[2025.10.12-22.11.16:392][947]LogSlate: InvalidateAllWidgets triggered.  All widgets were invalidated
[2025.10.12-22.11.16:398][947]LogPlayLevel: Display: Shutting down PIE online subsystems
[2025.10.12-22.11.16:406][947]LogSlate: InvalidateAllWidgets triggered.  All widgets were invalidated
[2025.10.12-22.11.16:423][947]LogSlate: Updating window title bar state: overlay mode, drag disabled, window buttons hidden, title bar hidden
[2025.10.12-22.11.16:423][947]LogAudioMixer: FMixerPlatformXAudio2::StopAudioStream() called
[2025.10.12-22.11.16:424][947]LogAudioMixer: FMixerPlatformXAudio2::StopAudioStream() called
[2025.10.12-22.11.16:430][947]LogUObjectHash: Compacting FUObjectHashTables data took   1.51ms
[2025.10.12-22.11.16:484][949]LogPlayLevel: Display: Destroying online subsystem :Context_36
[2025.10.12-22.12.10:848][385]LogEditorViewport: Clicking on Actor (context menu): BP_Sky_Sphere_C (Sky Sphere)
[2025.10.12-22.12.12:128][532]Cmd: OBJ SAVEPACKAGE PACKAGE="/Game/Maps/ComidaVivaIA" FILE="C:/Users/PC/Documents/GitHub/TasteOfMadness/TasteOfMadness/Content/Maps/ComidaVivaIA.umap" SILENT=true AUTOSAVING=false KEEPDIRTY=false
[2025.10.12-22.12.12:146][532]LogUObjectHash: Compacting FUObjectHashTables data took   1.47ms
[2025.10.12-22.12.12:155][532]LogSavePackage: Moving 'C:/Users/PC/Documents/GitHub/TasteOfMadness/TasteOfMadness/Saved/ComidaVivaIA9ED5F23C42CE15F334E1669010939E58.tmp' to 'C:/Users/PC/Documents/GitHub/TasteOfMadness/TasteOfMadness/Content/Maps/ComidaVivaIA.umap'
[2025.10.12-22.12.12:181][532]AssetCheck: New page: Asset Save: ComidaVivaIA
[2025.10.12-22.12.12:181][532]LogContentValidation: Display: Validating World /Game/Maps/ComidaVivaIA.ComidaVivaIA
[2025.10.12-22.12.39:846][805]Cmd: OBJ SAVEPACKAGE PACKAGE="/Game/Maps/ComidaVivaIA" FILE="C:/Users/PC/Documents/GitHub/TasteOfMadness/TasteOfMadness/Content/Maps/ComidaVivaIA.umap" SILENT=true AUTOSAVING=false KEEPDIRTY=false
[2025.10.12-22.12.39:866][805]LogUObjectHash: Compacting FUObjectHashTables data took   1.73ms
[2025.10.12-22.12.39:875][805]LogSavePackage: Moving 'C:/Users/PC/Documents/GitHub/TasteOfMadness/TasteOfMadness/Saved/ComidaVivaIA7E6C8ACB4DB0C034628E05893992BB48.tmp' to 'C:/Users/PC/Documents/GitHub/TasteOfMadness/TasteOfMadness/Content/Maps/ComidaVivaIA.umap'
[2025.10.12-22.12.39:902][805]AssetCheck: New page: Asset Save: ComidaVivaIA
[2025.10.12-22.12.39:902][805]LogContentValidation: Display: Validating World /Game/Maps/ComidaVivaIA.ComidaVivaIA
[2025.10.12-22.12.40:525][873]LogTemp: Repeating last play command: Selected Viewport
[2025.10.12-22.12.40:531][873]LogPlayLevel: PlayLevel: No blueprints needed recompiling
[2025.10.12-22.12.40:531][873]PIE: New page: PIE session: ComidaVivaIA (Oct 12, 2025, 11:12:40 AM)
[2025.10.12-22.12.40:558][873]LogPlayLevel: Creating play world package: /Game/Maps/UEDPIE_0_ComidaVivaIA
[2025.10.12-22.12.40:560][873]LogPlayLevel: PIE: StaticDuplicateObject took: (0.002535s)
[2025.10.12-22.12.40:561][873]LogAIModule: Creating AISystem for world ComidaVivaIA
[2025.10.12-22.12.40:561][873]LogPlayLevel: PIE: World Init took: (0.000949s)
[2025.10.12-22.12.40:561][873]LogPlayLevel: PIE: Created PIE world by copying editor world from /Game/Maps/ComidaVivaIA.ComidaVivaIA to /Game/Maps/UEDPIE_0_ComidaVivaIA.ComidaVivaIA (0.003601s)
[2025.10.12-22.12.40:578][873]LogUObjectHash: Compacting FUObjectHashTables data took   1.50ms
[2025.10.12-22.12.40:579][873]LogAudio: Display: Creating Audio Device:                 Id: 26, Scope: Unique, Realtime: True
[2025.10.12-22.12.40:579][873]LogAudioMixer: Display: Audio Mixer Platform Settings:
[2025.10.12-22.12.40:579][873]LogAudioMixer: Display: 	Sample Rate:						  48000
[2025.10.12-22.12.40:579][873]LogAudioMixer: Display: 	Callback Buffer Frame Size Requested: 1024
[2025.10.12-22.12.40:579][873]LogAudioMixer: Display: 	Callback Buffer Frame Size To Use:	  1024
[2025.10.12-22.12.40:579][873]LogAudioMixer: Display: 	Number of buffers to queue:			  2
[2025.10.12-22.12.40:579][873]LogAudioMixer: Display: 	Max Channels (voices):				  32
[2025.10.12-22.12.40:579][873]LogAudioMixer: Display: 	Number of Async Source Workers:		  0
[2025.10.12-22.12.40:579][873]LogAudio: Display: AudioDevice MaxSources: 32
[2025.10.12-22.12.40:579][873]LogAudio: Display: Audio Spatialization Plugin: None (built-in).
[2025.10.12-22.12.40:579][873]LogAudio: Display: Audio Reverb Plugin: None (built-in).
[2025.10.12-22.12.40:579][873]LogAudio: Display: Audio Occlusion Plugin: None (built-in).
[2025.10.12-22.12.40:579][873]LogAudioMixer: Display: Initializing audio mixer.
[2025.10.12-22.12.40:582][873]LogAudioMixer: Display: 0: FrontLeft
[2025.10.12-22.12.40:582][873]LogAudioMixer: Display: 1: FrontRight
[2025.10.12-22.12.40:588][873]LogAudioMixer: Display: Using Audio Device LC24RG50 (NVIDIA High Definition Audio)
[2025.10.12-22.12.40:589][873]LogAudioMixer: Display: Initializing Sound Submixes...
[2025.10.12-22.12.40:589][873]LogAudioMixer: Display: Creating Master Submix 'MasterSubmixDefault'
[2025.10.12-22.12.40:589][873]LogAudioMixer: Display: Creating Master Submix 'MasterReverbSubmixDefault'
[2025.10.12-22.12.40:589][873]LogAudioMixer: Display: Creating Master Submix 'MasterEQSubmixDefault'
[2025.10.12-22.12.40:589][873]LogAudioMixer: FMixerPlatformXAudio2::StartAudioStream() called
[2025.10.12-22.12.40:589][873]LogAudioMixer: Display: Output buffers initialized: Frames=1024, Channels=2, Samples=2048
[2025.10.12-22.12.40:590][873]LogAudioMixer: Display: Starting AudioMixerPlatformInterface::RunInternal()
[2025.10.12-22.12.40:590][873]LogAudioMixer: Display: FMixerPlatformXAudio2::SubmitBuffer() called for the first time
[2025.10.12-22.12.40:590][873]LogInit: FAudioDevice initialized.
[2025.10.12-22.12.40:590][873]LogAudio: Display: Audio Device (ID: 26) registered with world 'ComidaVivaIA'.
[2025.10.12-22.12.40:599][873]LogLoad: Game class is 'BP_GameMode_C'
[2025.10.12-22.12.40:600][873]LogWorld: Bringing World /Game/Maps/UEDPIE_0_ComidaVivaIA.ComidaVivaIA up for play (max tick rate 0) at 2025.10.12-16.12.40
[2025.10.12-22.12.40:600][873]LogWorld: Bringing up level for play took: 0.001049
[2025.10.12-22.12.40:600][873]LogOnline: OSS: Creating online subsystem instance for: :Context_37
[2025.10.12-22.12.40:602][873]LogBlueprintUserMessages: Warning: SetTimer passed a bad function (Spawn Trail) or object (BP_SwarmEnemy_2)
[2025.10.12-22.12.40:603][873]LogBlueprintUserMessages: [BP_ClareCharacter_C_0] BP_Sarten
[2025.10.12-22.12.40:604][873]LogBlueprintUserMessages: [BP_ClareCharacter_C_0] BP_Olla
[2025.10.12-22.12.40:606][873]LogBlueprintUserMessages: [BP_ClareCharacter_C_0] BP_LlaveInglesa
[2025.10.12-22.12.40:607][873]LogBlueprintUserMessages: [BP_ClareCharacter_C_0] BP_Escoba
[2025.10.12-22.12.40:609][873]LogBlueprintUserMessages: [BP_ClareCharacter_C_0] BP_Trapeador
[2025.10.12-22.12.40:610][873]LogBlueprintUserMessages: [BP_ClareCharacter_C_0] BP_Extintor
[2025.10.12-22.12.40:612][873]LogBlueprintUserMessages: [BP_ClareCharacter_C_0] BP_Cuchillo
[2025.10.12-22.12.40:613][873]PIE: Server logged in
[2025.10.12-22.12.40:614][873]PIE: Play in editor total start time 0.084 seconds.
[2025.10.12-22.12.41:004][919]LogBlueprintUserMessages: [BP_SwarmEnemy_2] "Përsiguiendo"
[2025.10.12-22.12.41:503][979]LogBlueprintUserMessages: [BP_SwarmEnemy_2] "Përsiguiendo"
[2025.10.12-22.12.43:503][219]LogBlueprintUserMessages: [BP_SwarmEnemy_2] "Përsiguiendo"
[2025.10.12-22.12.44:004][279]LogBlueprintUserMessages: [BP_SwarmEnemy_2] "Përsiguiendo"
[2025.10.12-22.12.44:503][339]LogBlueprintUserMessages: [BP_SwarmEnemy_2] "Përsiguiendo"
[2025.10.12-22.12.45:004][399]LogBlueprintUserMessages: [BP_SwarmEnemy_2] "Përsiguiendo"
[2025.10.12-22.12.45:504][459]LogBlueprintUserMessages: [BP_SwarmEnemy_2] "Përsiguiendo"
[2025.10.12-22.12.45:521][461]LogBlueprintUserMessages: [BP_TrailDamage_2] Destruido
[2025.10.12-22.12.51:898][221]LogSlate: Updating window title bar state: overlay mode, drag disabled, window buttons hidden, title bar hidden
[2025.10.12-22.12.51:898][221]LogWorld: BeginTearingDown for /Game/Maps/UEDPIE_0_ComidaVivaIA
[2025.10.12-22.12.51:898][221]LogWorld: UWorld::CleanupWorld for ComidaVivaIA, bSessionEnded=true, bCleanupResources=true
[2025.10.12-22.12.51:898][221]LogSlate: InvalidateAllWidgets triggered.  All widgets were invalidated
[2025.10.12-22.12.51:903][221]LogPlayLevel: Display: Shutting down PIE online subsystems
[2025.10.12-22.12.51:910][221]LogSlate: InvalidateAllWidgets triggered.  All widgets were invalidated
[2025.10.12-22.12.51:926][221]LogSlate: Updating window title bar state: overlay mode, drag disabled, window buttons hidden, title bar hidden
[2025.10.12-22.12.51:926][221]LogAudioMixer: FMixerPlatformXAudio2::StopAudioStream() called
[2025.10.12-22.12.51:927][221]LogAudioMixer: FMixerPlatformXAudio2::StopAudioStream() called
[2025.10.12-22.12.51:931][221]LogUObjectHash: Compacting FUObjectHashTables data took   1.56ms
[2025.10.12-22.12.51:980][223]LogPlayLevel: Display: Destroying online subsystem :Context_37
[2025.10.12-22.15.40:159][705]LogSavePackage: Moving 'C:/Users/PC/Documents/GitHub/TasteOfMadness/TasteOfMadness/Saved/BP_TrailDamage7804C25644CE99F48E15D98B9B004BE2.tmp' to 'C:/Users/PC/Documents/GitHub/TasteOfMadness/TasteOfMadness/Content/Characters/Content_Enemies/BP_Rata/BP_TrailDamage.uasset'
[2025.10.12-22.15.40:173][705]AssetCheck: New page: Asset Save: BP_TrailDamage
[2025.10.12-22.15.40:173][705]LogContentValidation: Display: Validating Blueprint /Game/Characters/Content_Enemies/BP_Rata/BP_TrailDamage.BP_TrailDamage
[2025.10.12-22.21.06:583][157]BlueprintLog: New page: Compile BP_TrailDamage
[2025.10.12-22.21.06:621][157]LogUObjectHash: Compacting FUObjectHashTables data took   2.61ms
[2025.10.12-22.21.07:296][230]LogSavePackage: Moving 'C:/Users/PC/Documents/GitHub/TasteOfMadness/TasteOfMadness/Saved/BP_TrailDamageBA3DEFC74F1526D7D00055AC12BA86ED.tmp' to 'C:/Users/PC/Documents/GitHub/TasteOfMadness/TasteOfMadness/Content/Characters/Content_Enemies/BP_Rata/BP_TrailDamage.uasset'
[2025.10.12-22.21.07:310][230]AssetCheck: New page: Asset Save: BP_TrailDamage
[2025.10.12-22.21.07:310][230]LogContentValidation: Display: Validating Blueprint /Game/Characters/Content_Enemies/BP_Rata/BP_TrailDamage.BP_TrailDamage
[2025.10.12-22.21.56:906][989]LogWorld: UWorld::CleanupWorld for World_8, bSessionEnded=true, bCleanupResources=true
[2025.10.12-22.21.56:906][989]LogSlate: InvalidateAllWidgets triggered.  All widgets were invalidated
[2025.10.12-22.21.59:223][240]LogActorComponent: UnregisterComponent: (/Engine/Transient.EditorFloorComp) Not registered. Aborting.
[2025.10.12-22.21.59:223][240]LogWorld: UWorld::CleanupWorld for World_11, bSessionEnded=true, bCleanupResources=true
[2025.10.12-22.21.59:223][240]LogSlate: InvalidateAllWidgets triggered.  All widgets were invalidated
[2025.10.12-22.22.00:736][412]LogWorld: UWorld::CleanupWorld for World_10, bSessionEnded=true, bCleanupResources=true
[2025.10.12-22.22.00:736][412]LogSlate: InvalidateAllWidgets triggered.  All widgets were invalidated
[2025.10.12-22.22.01:771][530]Cmd: OBJ SAVEPACKAGE PACKAGE="/Game/Maps/ComidaVivaIA" FILE="C:/Users/PC/Documents/GitHub/TasteOfMadness/TasteOfMadness/Content/Maps/ComidaVivaIA.umap" SILENT=true AUTOSAVING=false KEEPDIRTY=false
[2025.10.12-22.22.01:789][530]LogUObjectHash: Compacting FUObjectHashTables data took   2.06ms
[2025.10.12-22.22.01:800][530]LogSavePackage: Moving 'C:/Users/PC/Documents/GitHub/TasteOfMadness/TasteOfMadness/Saved/ComidaVivaIA209D0D56450A75DA2107A7A0C321FC8A.tmp' to 'C:/Users/PC/Documents/GitHub/TasteOfMadness/TasteOfMadness/Content/Maps/ComidaVivaIA.umap'
[2025.10.12-22.22.01:826][530]AssetCheck: New page: Asset Save: ComidaVivaIA
[2025.10.12-22.22.01:826][530]LogContentValidation: Display: Validating World /Game/Maps/ComidaVivaIA.ComidaVivaIA
[2025.10.12-22.22.03:142][685]LogUObjectHash: Compacting FUObjectHashTables data took   1.73ms
[2025.10.12-22.22.03:184][685]LogSlate: Window 'TasteOfMadness - Unreal Editor' being destroyed
[2025.10.12-22.22.03:276][686]Cmd: QUIT_EDITOR
[2025.10.12-22.22.03:276][686]LogCore: Engine exit requested (reason: UUnrealEdEngine::CloseEditor())
[2025.10.12-22.22.03:280][686]LogCore: Engine exit requested (reason: EngineExit() was called; note: exit was already requested)
[2025.10.12-22.22.03:375][686]LogAudio: Display: Beginning Audio Device Manager Shutdown (Module: AudioMixerXAudio2)...
[2025.10.12-22.22.03:375][686]LogAudio: Display: Destroying 1 Remaining Audio Device(s)...
[2025.10.12-22.22.03:375][686]LogAudio: Display: Audio Device unregistered from world 'ComidaVivaIA'.
[2025.10.12-22.22.03:375][686]LogAudioMixer: FMixerPlatformXAudio2::StopAudioStream() called
[2025.10.12-22.22.03:375][686]LogAudioMixer: FMixerPlatformXAudio2::StopAudioStream() called
[2025.10.12-22.22.03:381][686]LogAudio: Display: Audio Device Manager Shutdown
[2025.10.12-22.22.03:381][686]LogWindowsTextInputMethodSystem: Display: IME system deactivated.
[2025.10.12-22.22.03:386][686]LogExit: Preparing to exit.
[2025.10.12-22.22.03:401][686]LogUObjectHash: Compacting FUObjectHashTables data took   1.71ms
[2025.10.12-22.22.04:283][686]LogWorld: UWorld::CleanupWorld for World_5, bSessionEnded=true, bCleanupResources=true
[2025.10.12-22.22.04:285][686]LogWorld: UWorld::CleanupWorld for World_1, bSessionEnded=true, bCleanupResources=true
[2025.10.12-22.22.04:286][686]LogWorld: UWorld::CleanupWorld for World_0, bSessionEnded=true, bCleanupResources=true
[2025.10.12-22.22.04:287][686]LogWorld: UWorld::CleanupWorld for World_6, bSessionEnded=true, bCleanupResources=true
[2025.10.12-22.22.04:288][686]LogWorld: UWorld::CleanupWorld for World_9, bSessionEnded=true, bCleanupResources=true
[2025.10.12-22.22.04:289][686]LogWorld: UWorld::CleanupWorld for World_2, bSessionEnded=true, bCleanupResources=true
[2025.10.12-22.22.04:332][686]LogDemo: Cleaned up 0 splitscreen connections with owner deletion
[2025.10.12-22.22.04:337][686]LogWorld: UWorld::CleanupWorld for None, bSessionEnded=true, bCleanupResources=true
[2025.10.12-22.22.04:337][686]LogExit: Editor shut down
[2025.10.12-22.22.04:338][686]LogExit: Transaction tracking system shut down
[2025.10.12-22.22.04:495][686]LogExit: Object subsystem successfully closed.
[2025.10.12-22.22.04:511][686]LogShaderCompilers: Display: === FShaderJobCache stats ===
[2025.10.12-22.22.04:511][686]LogShaderCompilers: Display: Total job queries 902, among them cache hits 811 (89.91%)
[2025.10.12-22.22.04:511][686]LogShaderCompilers: Display: Tracking 66 distinct input hashes that result in 42 distinct outputs (63.64%)
[2025.10.12-22.22.04:511][686]LogShaderCompilers: Display: RAM used: 0.17 MB (0.00 GB) of 1228.80 MB (1.20 GB) budget. Usage: 0.01%
[2025.10.12-22.22.04:511][686]LogShaderCompilers: Display: ================================================
[2025.10.12-22.22.04:525][686]LogShaderCompilers: Display: Shaders left to compile 0
[2025.10.12-22.22.04:536][686]LogModuleManager: Shutting down and abandoning module BlueprintGraph (878)
[2025.10.12-22.22.04:536][686]LogModuleManager: Shutting down and abandoning module MovieSceneCapture (876)
[2025.10.12-22.22.04:536][686]LogModuleManager: Shutting down and abandoning module Voice (874)
[2025.10.12-22.22.04:536][686]LogModuleManager: Shutting down and abandoning module HierarchicalLODOutliner (870)
[2025.10.12-22.22.04:536][686]LogModuleManager: Shutting down and abandoning module SceneOutliner (868)
[2025.10.12-22.22.04:536][686]LogModuleManager: Shutting down and abandoning module AddContentDialog (866)
[2025.10.12-22.22.04:536][686]LogModuleManager: Shutting down and abandoning module WidgetCarousel (865)
[2025.10.12-22.22.04:536][686]LogModuleManager: Shutting down and abandoning module EditorWidgets (862)
[2025.10.12-22.22.04:536][686]LogModuleManager: Shutting down and abandoning module StatsViewer (860)
[2025.10.12-22.22.04:536][686]LogModuleManager: Shutting down and abandoning module PIEPreviewDeviceProfileSelector (858)
[2025.10.12-22.22.04:536][686]LogModuleManager: Shutting down and abandoning module SequenceRecorderSections (856)
[2025.10.12-22.22.04:536][686]LogModuleManager: Shutting down and abandoning module AutomationWorker (854)
[2025.10.12-22.22.04:536][686]LogModuleManager: Shutting down and abandoning module SteamVREditor (852)
[2025.10.12-22.22.04:536][686]LogModuleManager: Shutting down and abandoning module OculusMR (850)
[2025.10.12-22.22.04:536][686]LogModuleManager: Shutting down and abandoning module TakeRecorderSources (848)
[2025.10.12-22.22.04:536][686]LogModuleManager: Shutting down and abandoning module TakeRecorder (847)
[2025.10.12-22.22.04:536][686]LogModuleManager: Shutting down and abandoning module TakeTrackRecorders (844)
[2025.10.12-22.22.04:536][686]LogModuleManager: Shutting down and abandoning module TakesCore (842)
[2025.10.12-22.22.04:536][686]LogModuleManager: Shutting down and abandoning module OpenXRInput (840)
[2025.10.12-22.22.04:536][686]LogModuleManager: Shutting down and abandoning module GooglePADEditor (838)
[2025.10.12-22.22.04:536][686]LogModuleManager: Shutting down and abandoning module AudioCaptureEditor (836)
[2025.10.12-22.22.04:536][686]LogModuleManager: Shutting down and abandoning module PlanarCut (834)
[2025.10.12-22.22.04:536][686]LogModuleManager: Shutting down and abandoning module TemplateSequenceEditor (832)
[2025.10.12-22.22.04:536][686]LogModuleManager: Shutting down and abandoning module MatineeToLevelSequence (830)
[2025.10.12-22.22.04:536][686]LogModuleManager: Shutting down and abandoning module LevelSequenceEditor (828)
[2025.10.12-22.22.04:536][686]LogModuleManager: Shutting down and abandoning module ActorSequenceEditor (826)
[2025.10.12-22.22.04:536][686]LogModuleManager: Shutting down and abandoning module WmfMediaFactory (824)
[2025.10.12-22.22.04:536][686]LogModuleManager: Shutting down and abandoning module WmfMediaEditor (822)
[2025.10.12-22.22.04:536][686]LogModuleManager: Shutting down and abandoning module WebMMediaFactory (820)
[2025.10.12-22.22.04:536][686]LogModuleManager: Shutting down and abandoning module WebMMediaEditor (818)
[2025.10.12-22.22.04:536][686]LogModuleManager: Shutting down and abandoning module WebMMedia (816)
[2025.10.12-22.22.04:537][686]LogModuleManager: Shutting down and abandoning module MediaPlayerEditor (814)
[2025.10.12-22.22.04:537][686]LogModuleManager: Shutting down and abandoning module MediaCompositingEditor (812)
[2025.10.12-22.22.04:537][686]LogModuleManager: Shutting down and abandoning module SequenceRecorder (811)
[2025.10.12-22.22.04:537][686]LogModuleManager: Shutting down and abandoning module OpenExrWrapper (808)
[2025.10.12-22.22.04:537][686]LogModuleManager: Shutting down and abandoning module ImgMediaFactory (806)
[2025.10.12-22.22.04:537][686]LogModuleManager: Shutting down and abandoning module ImgMediaEditor (804)
[2025.10.12-22.22.04:537][686]LogModuleManager: Shutting down and abandoning module CharacterAI (802)
[2025.10.12-22.22.04:537][686]LogModuleManager: Shutting down and abandoning module AvfMediaFactory (800)
[2025.10.12-22.22.04:537][686]LogModuleManager: Shutting down and abandoning module AvfMediaEditor (798)
[2025.10.12-22.22.04:537][686]LogModuleManager: Shutting down and abandoning module AndroidMediaFactory (796)
[2025.10.12-22.22.04:537][686]LogModuleManager: Shutting down and abandoning module AndroidMediaEditor (794)
[2025.10.12-22.22.04:537][686]LogModuleManager: Shutting down and abandoning module MagicLeapMediaCodecFactory (792)
[2025.10.12-22.22.04:537][686]LogModuleManager: Shutting down and abandoning module MagicLeapMediaFactory (790)
[2025.10.12-22.22.04:537][686]LogModuleManager: Shutting down and abandoning module MagicLeapMediaEditor (788)
[2025.10.12-22.22.04:537][686]LogModuleManager: Shutting down and abandoning module TextureAlignMode (786)
[2025.10.12-22.22.04:537][686]LogModuleManager: Shutting down and abandoning module BspMode (784)
[2025.10.12-22.22.04:537][686]LogModuleManager: Shutting down and abandoning module GeometryMode (782)
[2025.10.12-22.22.04:537][686]LogModuleManager: Shutting down and abandoning module CameraShakePreviewer (780)
[2025.10.12-22.22.04:537][686]LogModuleManager: Shutting down and abandoning module SmartSnapping (778)
[2025.10.12-22.22.04:537][686]LogModuleManager: Shutting down and abandoning module SessionServices (776)
[2025.10.12-22.22.04:537][686]LogModuleManager: Shutting down and abandoning module MeshPaint (774)
[2025.10.12-22.22.04:537][686]LogModuleManager: Shutting down and abandoning module VirtualTexturingEditor (772)
[2025.10.12-22.22.04:537][686]LogModuleManager: Shutting down and abandoning module FoliageEdit (770)
[2025.10.12-22.22.04:537][686]LogModuleManager: Shutting down and abandoning module LandscapeEditor (768)
[2025.10.12-22.22.04:537][686]LogModuleManager: Shutting down and abandoning module MeshPaintMode (766)
[2025.10.12-22.22.04:537][686]LogModuleManager: Shutting down and abandoning module SceneDepthPickerMode (764)
[2025.10.12-22.22.04:537][686]LogModuleManager: Shutting down and abandoning module ActorPickerMode (762)
[2025.10.12-22.22.04:537][686]LogModuleManager: Shutting down and abandoning module PlacementMode (760)
[2025.10.12-22.22.04:537][686]LogModuleManager: Shutting down and abandoning module ViewportSnapping (758)
[2025.10.12-22.22.04:537][686]LogModuleManager: Shutting down and abandoning module ViewportInteraction (756)
[2025.10.12-22.22.04:537][686]LogModuleManager: Shutting down and abandoning module ClothPainter (754)
[2025.10.12-22.22.04:537][686]LogModuleManager: Shutting down and abandoning module SkeletalMeshEditor (753)
[2025.10.12-22.22.04:537][686]LogModuleManager: Shutting down and abandoning module LogVisualizer (750)
[2025.10.12-22.22.04:537][686]LogModuleManager: Shutting down and abandoning module IntroTutorials (748)
[2025.10.12-22.22.04:537][686]LogModuleManager: Shutting down and abandoning module GameProjectGeneration (747)
[2025.10.12-22.22.04:537][686]LogModuleManager: Shutting down and abandoning module LuminPlatformEditor (744)
[2025.10.12-22.22.04:537][686]LogModuleManager: Shutting down and abandoning module IOSPlatformEditor (742)
[2025.10.12-22.22.04:537][686]LogModuleManager: Shutting down and abandoning module AndroidPlatformEditor (740)
[2025.10.12-22.22.04:537][686]LogModuleManager: Shutting down and abandoning module AndroidDeviceDetection (739)
[2025.10.12-22.22.05:576][686]LogModuleManager: Shutting down and abandoning module WindowsPlatformEditor (736)
[2025.10.12-22.22.05:576][686]LogModuleManager: Shutting down and abandoning module LuminRuntimeSettings (734)
[2025.10.12-22.22.05:576][686]LogModuleManager: Shutting down and abandoning module IOSRuntimeSettings (732)
[2025.10.12-22.22.05:576][686]LogModuleManager: Shutting down and abandoning module AndroidRuntimeSettings (730)
[2025.10.12-22.22.05:576][686]LogModuleManager: Shutting down and abandoning module TraceInsights (728)
[2025.10.12-22.22.05:576][686]MemoryProfiler: Shutdown
[2025.10.12-22.22.05:576][686]NetworkingProfiler: Shutdown
[2025.10.12-22.22.05:576][686]LoadingProfiler: Shutdown
[2025.10.12-22.22.05:576][686]TimingProfiler: Shutdown
[2025.10.12-22.22.05:576][686]LogModuleManager: Shutting down and abandoning module TraceServices (727)
[2025.10.12-22.22.05:576][686]LogModuleManager: Shutting down and abandoning module EditorInteractiveToolsFramework (724)
[2025.10.12-22.22.05:576][686]LogModuleManager: Shutting down and abandoning module TimeManagementEditor (722)
[2025.10.12-22.22.05:576][686]LogModuleManager: Shutting down and abandoning module InputBindingEditor (720)
[2025.10.12-22.22.05:576][686]LogModuleManager: Shutting down and abandoning module MergeActors (718)
[2025.10.12-22.22.05:576][686]LogModuleManager: Shutting down and abandoning module LocalizationDashboard (716)
[2025.10.12-22.22.05:576][686]LogModuleManager: Shutting down and abandoning module LocalizationService (715)
[2025.10.12-22.22.05:576][686]LogModuleManager: Shutting down and abandoning module HardwareTargeting (712)
[2025.10.12-22.22.05:576][686]LogModuleManager: Shutting down and abandoning module DeviceProfileEditor (710)
[2025.10.12-22.22.05:576][686]LogModuleManager: Shutting down and abandoning module UndoHistory (708)
[2025.10.12-22.22.05:576][686]LogModuleManager: Shutting down and abandoning module XmlParser (706)
[2025.10.12-22.22.05:576][686]LogModuleManager: Shutting down and abandoning module Blutility (704)
[2025.10.12-22.22.05:576][686]LogModuleManager: Shutting down and abandoning module ProjectSettingsViewer (702)
[2025.10.12-22.22.05:576][686]LogModuleManager: Shutting down and abandoning module ProjectTargetPlatformEditor (701)
[2025.10.12-22.22.05:576][686]LogModuleManager: Shutting down and abandoning module EditorSettingsViewer (698)
[2025.10.12-22.22.05:576][686]LogModuleManager: Shutting down and abandoning module InternationalizationSettings (697)
[2025.10.12-22.22.05:576][686]LogModuleManager: Shutting down and abandoning module SettingsEditor (694)
[2025.10.12-22.22.05:576][686]LogModuleManager: Shutting down and abandoning module ProjectLauncher (692)
[2025.10.12-22.22.05:576][686]LogModuleManager: Shutting down and abandoning module SessionFrontend (690)
[2025.10.12-22.22.05:576][686]LogModuleManager: Shutting down and abandoning module ProfilerClient (688)
[2025.10.12-22.22.05:576][686]LogModuleManager: Shutting down and abandoning module DeviceManager (686)
[2025.10.12-22.22.05:576][686]LogModuleManager: Shutting down and abandoning module TargetDeviceServices (685)
[2025.10.12-22.22.05:608][686]LogModuleManager: Shutting down and abandoning module AutomationController (682)
[2025.10.12-22.22.05:608][686]LogModuleManager: Shutting down and abandoning module AutomationWindow (680)
[2025.10.12-22.22.05:608][686]LogModuleManager: Shutting down and abandoning module Layers (678)
[2025.10.12-22.22.05:608][686]LogModuleManager: Shutting down and abandoning module ComponentVisualizers (676)
[2025.10.12-22.22.05:608][686]LogModuleManager: Shutting down and abandoning module DetailCustomizations (674)
[2025.10.12-22.22.05:608][686]LogModuleManager: Shutting down and abandoning module PackagesDialog (672)
[2025.10.12-22.22.05:608][686]LogModuleManager: Shutting down and abandoning module AnimationBlueprintEditor (670)
[2025.10.12-22.22.05:608][686]LogModuleManager: Shutting down and abandoning module Persona (668)
[2025.10.12-22.22.05:608][686]LogModuleManager: Shutting down and abandoning module AdvancedPreviewScene (667)
[2025.10.12-22.22.05:608][686]LogModuleManager: Shutting down and abandoning module AnimGraph (665)
[2025.10.12-22.22.05:608][686]LogModuleManager: Shutting down and abandoning module Kismet (662)
[2025.10.12-22.22.05:613][686]LogModuleManager: Shutting down and abandoning module KismetWidgets (661)
[2025.10.12-22.22.05:613][686]LogModuleManager: Shutting down and abandoning module GraphEditor (658)
[2025.10.12-22.22.05:613][686]LogModuleManager: Shutting down and abandoning module StructViewer (656)
[2025.10.12-22.22.05:613][686]LogModuleManager: Shutting down and abandoning module ClassViewer (654)
[2025.10.12-22.22.05:615][686]LogModuleManager: Shutting down and abandoning module Toolbox (652)
[2025.10.12-22.22.05:615][686]LogModuleManager: Shutting down and abandoning module ModuleUI (650)
[2025.10.12-22.22.05:615][686]LogModuleManager: Shutting down and abandoning module OutputLog (648)
[2025.10.12-22.22.05:616][686]LogModuleManager: Shutting down and abandoning module GammaUI (646)
[2025.10.12-22.22.05:616][686]LogModuleManager: Shutting down and abandoning module Documentation (644)
[2025.10.12-22.22.05:616][686]LogModuleManager: Shutting down and abandoning module LiveCoding (642)
[2025.10.12-22.22.05:616][686]LogModuleManager: Shutting down and abandoning module LevelSequence (640)
[2025.10.12-22.22.05:616][686]LogModuleManager: Shutting down and abandoning module MovieSceneTracks (638)
[2025.10.12-22.22.05:616][686]LogModuleManager: Shutting down and abandoning module MovieScene (636)
[2025.10.12-22.22.05:616][686]LogModuleManager: Shutting down and abandoning module StreamingPauseRendering (634)
[2025.10.12-22.22.05:616][686]LogModuleManager: Shutting down and abandoning module LauncherPlatform (632)
[2025.10.12-22.22.05:616][686]LogModuleManager: Shutting down and abandoning module AnalyticsET (630)
[2025.10.12-22.22.05:616][686]LogModuleManager: Shutting down and abandoning module PortalServices (628)
[2025.10.12-22.22.05:616][686]LogModuleManager: Shutting down and abandoning module PortalRpc (626)
[2025.10.12-22.22.05:616][686]LogModuleManager: Shutting down and abandoning module MessagingRpc (624)
[2025.10.12-22.22.05:616][686]LogModuleManager: Shutting down and abandoning module AudioMixerXAudio2 (622)
[2025.10.12-22.22.05:616][686]LogModuleManager: Shutting down and abandoning module AudioMixerCore (621)
[2025.10.12-22.22.05:616][686]LogModuleManager: Shutting down and abandoning module AIModule (618)
[2025.10.12-22.22.05:616][686]LogModuleManager: Shutting down and abandoning module GameplayDebugger (617)
[2025.10.12-22.22.05:616][686]LogModuleManager: Shutting down and abandoning module AITestSuite (615)
[2025.10.12-22.22.05:616][686]LogModuleManager: Shutting down and abandoning module NavigationSystem (613)
[2025.10.12-22.22.05:616][686]LogModuleManager: Shutting down and abandoning module ImageWriteQueue (610)
[2025.10.12-22.22.05:620][686]LogModuleManager: Shutting down and abandoning module ProfilerService (608)
[2025.10.12-22.22.05:788][686]LogModuleManager: Shutting down and abandoning module TaskGraph (606)
[2025.10.12-22.22.05:788][686]LogModuleManager: Shutting down and abandoning module AudioSynesthesiaEditor (604)
[2025.10.12-22.22.05:788][686]LogModuleManager: Shutting down and abandoning module OculusEditor (602)
[2025.10.12-22.22.05:788][686]LogModuleManager: Shutting down and abandoning module OculusInput (600)
[2025.10.12-22.22.05:788][686]LogModuleManager: Shutting down and abandoning module ContentBrowserFileDataSource (598)
[2025.10.12-22.22.05:788][686]LogModuleManager: Shutting down and abandoning module ContentBrowserClassDataSource (596)
[2025.10.12-22.22.05:788][686]LogModuleManager: Shutting down and abandoning module ContentBrowserAssetDataSource (594)
[2025.10.12-22.22.05:788][686]LogModuleManager: Shutting down and abandoning module CollectionManager (593)
[2025.10.12-22.22.05:788][686]LogModuleManager: Shutting down and abandoning module TakeSequencer (590)
[2025.10.12-22.22.05:788][686]LogModuleManager: Shutting down and abandoning module TakeMovieScene (588)
[2025.10.12-22.22.05:788][686]LogModuleManager: Shutting down and abandoning module ScreenshotTools (586)
[2025.10.12-22.22.05:788][686]LogModuleManager: Shutting down and abandoning module SynthesisEditor (584)
[2025.10.12-22.22.05:788][686]LogModuleManager: Shutting down and abandoning module Synthesis (582)
[2025.10.12-22.22.05:788][686]LogModuleManager: Shutting down and abandoning module ProceduralMeshComponentEditor (580)
[2025.10.12-22.22.05:788][686]LogModuleManager: Shutting down and abandoning module ProceduralMeshComponent (578)
[2025.10.12-22.22.05:788][686]LogModuleManager: Shutting down and abandoning module OpenXREditor (576)
[2025.10.12-22.22.05:788][686]LogModuleManager: Shutting down and abandoning module MobilePatchingUtils (574)
[2025.10.12-22.22.05:788][686]LogModuleManager: Shutting down and abandoning module EditableMesh (572)
[2025.10.12-22.22.05:788][686]LogModuleManager: Shutting down and abandoning module GooglePAD (570)
[2025.10.12-22.22.05:788][686]LogModuleManager: Shutting down and abandoning module CustomMeshComponent (568)
[2025.10.12-22.22.05:788][686]LogModuleManager: Shutting down and abandoning module CableComponent (566)
[2025.10.12-22.22.05:788][686]LogModuleManager: Shutting down and abandoning module AudioCapture (564)
[2025.10.12-22.22.05:788][686]LogModuleManager: Shutting down and abandoning module AudioCaptureRtAudio (563)
[2025.10.12-22.22.05:788][686]LogModuleManager: Shutting down and abandoning module AssetTags (560)
[2025.10.12-22.22.05:788][686]LogModuleManager: Shutting down and abandoning module ArchVisCharacter (558)
[2025.10.12-22.22.05:788][686]LogModuleManager: Shutting down and abandoning module AppleImageUtilsBlueprintSupport (556)
[2025.10.12-22.22.05:789][686]LogModuleManager: Shutting down and abandoning module AppleImageUtils (554)
[2025.10.12-22.22.05:789][686]LogModuleManager: Shutting down and abandoning module AndroidPermission (552)
[2025.10.12-22.22.05:789][686]LogModuleManager: Shutting down and abandoning module ActorLayerUtilitiesEditor (550)
[2025.10.12-22.22.05:789][686]LogModuleManager: Shutting down and abandoning module ActorLayerUtilities (548)
[2025.10.12-22.22.05:789][686]LogModuleManager: Shutting down and abandoning module OpenImageDenoise (546)
[2025.10.12-22.22.05:789][686]LogOpenImageDenoise: OIDN shutting down
[2025.10.12-22.22.05:789][686]LogModuleManager: Shutting down and abandoning module MotoSynthEditor (544)
[2025.10.12-22.22.05:789][686]LogModuleManager: Shutting down and abandoning module MotoSynth (542)
[2025.10.12-22.22.05:789][686]LogModuleManager: Shutting down and abandoning module TemplateSequence (540)
[2025.10.12-22.22.05:789][686]LogModuleManager: Shutting down and abandoning module MeshConversion (538)
[2025.10.12-22.22.05:789][686]LogModuleManager: Shutting down and abandoning module DynamicMesh (536)
[2025.10.12-22.22.05:789][686]LogModuleManager: Shutting down and abandoning module GeometryAlgorithms (534)
[2025.10.12-22.22.05:789][686]LogModuleManager: Shutting down and abandoning module GeometricObjects (532)
[2025.10.12-22.22.05:789][686]LogModuleManager: Shutting down and abandoning module GeometryCollectionTracks (530)
[2025.10.12-22.22.05:789][686]LogModuleManager: Shutting down and abandoning module GeometryCollectionSequencer (529)
[2025.10.12-22.22.05:789][686]LogModuleManager: Shutting down and abandoning module GeometryCollectionEditor (526)
[2025.10.12-22.22.05:789][686]LogModuleManager: Shutting down and abandoning module MediaCompositing (524)
[2025.10.12-22.22.05:789][686]LogModuleManager: Shutting down and abandoning module GeometryCacheTracks (522)
[2025.10.12-22.22.05:789][686]LogModuleManager: Shutting down and abandoning module GeometryCacheStreamer (520)
[2025.10.12-22.22.05:789][686]LogModuleManager: Shutting down and abandoning module GeometryCacheSequencer (518)
[2025.10.12-22.22.05:789][686]LogModuleManager: Shutting down and abandoning module ImgMedia (516)
[2025.10.12-22.22.05:789][686]LogModuleManager: Shutting down and abandoning module ChaosNiagara (514)
[2025.10.12-22.22.05:789][686]LogModuleManager: Shutting down and abandoning module ChaosSolverEditor (512)
[2025.10.12-22.22.05:789][686]LogModuleManager: Shutting down and abandoning module ChaosClothEditor (510)
[2025.10.12-22.22.05:789][686]LogModuleManager: Shutting down and abandoning module FractureEditor (508)
[2025.10.12-22.22.05:789][686]LogModuleManager: Shutting down and abandoning module FieldSystemEngine (507)
[2025.10.12-22.22.05:789][686]LogModuleManager: Shutting down and abandoning module MagicLeapSharedWorld (504)
[2025.10.12-22.22.05:789][686]LogModuleManager: Shutting down and abandoning module AutomationUtilsEditor (502)
[2025.10.12-22.22.05:789][686]LogModuleManager: Shutting down and abandoning module AutomationUtils (500)
[2025.10.12-22.22.05:789][686]LogModuleManager: Shutting down and abandoning module BackChannel (498)
[2025.10.12-22.22.05:789][686]LogModuleManager: Shutting down and abandoning module AlembicImporter (496)
[2025.10.12-22.22.05:789][686]LogModuleManager: Shutting down and abandoning module AlembicLibrary (495)
[2025.10.12-22.22.05:789][686]LogModuleManager: Shutting down and abandoning module GeometryCache (494)
[2025.10.12-22.22.05:789][686]LogModuleManager: Shutting down and abandoning module GeometryCacheEd (493)
[2025.10.12-22.22.05:789][686]LogModuleManager: Shutting down and abandoning module MagicLeapLightEstimation (488)
[2025.10.12-22.22.05:789][686]LogModuleManager: Shutting down and abandoning module MagicLeapHelperVulkan (486)
[2025.10.12-22.22.05:789][686]LogModuleManager: Shutting down and abandoning module MagicLeapHelperOpenGL (484)
[2025.10.12-22.22.05:789][686]LogModuleManager: Shutting down and abandoning module MagicLeapAudio (482)
[2025.10.12-22.22.05:789][686]LogModuleManager: Shutting down and abandoning module NiagaraEditorWidgets (480)
[2025.10.12-22.22.05:789][686]LogModuleManager: Shutting down and abandoning module VisualStudioCodeSourceCodeAccess (478)
[2025.10.12-22.22.05:789][686]LogModuleManager: Shutting down and abandoning module UObjectPlugin (476)
[2025.10.12-22.22.05:789][686]LogModuleManager: Shutting down and abandoning module VisualStudioSourceCodeAccess (474)
[2025.10.12-22.22.05:789][686]LogModuleManager: Shutting down and abandoning module SubversionSourceControl (472)
[2025.10.12-22.22.05:789][686]LogModuleManager: Shutting down and abandoning module RiderSourceCodeAccess (470)
[2025.10.12-22.22.05:789][686]LogModuleManager: Shutting down and abandoning module PlasticSourceControl (468)
[2025.10.12-22.22.05:789][686]LogModuleManager: Shutting down and abandoning module PluginUtils (466)
[2025.10.12-22.22.05:789][686]LogModuleManager: Shutting down and abandoning module PerforceSourceControl (464)
[2025.10.12-22.22.05:789][686]LogModuleManager: Shutting down and abandoning module GitSourceControl (462)
[2025.10.12-22.22.05:789][686]LogModuleManager: Shutting down and abandoning module SourceControl (461)
[2025.10.12-22.22.05:789][686]LogModuleManager: Shutting down and abandoning module CLionSourceCodeAccess (458)
[2025.10.12-22.22.05:789][686]LogModuleManager: Shutting down and abandoning module AnimationSharingEd (456)
[2025.10.12-22.22.05:789][686]LogModuleManager: Shutting down and abandoning module VariantManagerContentEditor (454)
[2025.10.12-22.22.05:789][686]LogModuleManager: Shutting down and abandoning module DatasmithContentEditor (452)
[2025.10.12-22.22.05:789][686]LogModuleManager: Shutting down and abandoning module SpeedTreeImporter (450)
[2025.10.12-22.22.05:789][686]LogModuleManager: Shutting down and abandoning module MaterialAnalyzer (448)
[2025.10.12-22.22.05:789][686]LogModuleManager: Shutting down and abandoning module PluginBrowser (446)
[2025.10.12-22.22.05:789][686]LogModuleManager: Shutting down and abandoning module MobileLauncherProfileWizard (444)
[2025.10.12-22.22.05:789][686]LogModuleManager: Shutting down and abandoning module OodleNetworkHandlerComponent (442)
[2025.10.12-22.22.05:789][686]LogModuleManager: Shutting down and abandoning module CryptoKeysOpenSSL (440)
[2025.10.12-22.22.05:789][686]LogModuleManager: Shutting down and abandoning module CryptoKeys (438)
[2025.10.12-22.22.05:789][686]LogModuleManager: Shutting down and abandoning module CurveEditorTools (436)
[2025.10.12-22.22.05:789][686]LogModuleManager: Shutting down and abandoning module LightPropagationVolumeEditor (434)
[2025.10.12-22.22.05:789][686]LogModuleManager: Shutting down and abandoning module LiveLinkSequencer (432)
[2025.10.12-22.22.05:789][686]LogModuleManager: Shutting down and abandoning module LiveLinkMovieScene (430)
[2025.10.12-22.22.05:789][686]LogModuleManager: Shutting down and abandoning module LiveLinkGraphNode (428)
[2025.10.12-22.22.05:789][686]LogModuleManager: Shutting down and abandoning module LiveLinkEditor (426)
[2025.10.12-22.22.05:789][686]LogModuleManager: Shutting down and abandoning module LiveLinkComponents (424)
[2025.10.12-22.22.05:789][686]LogModuleManager: Shutting down and abandoning module LiveLink (422)
[2025.10.12-22.22.06:696][686]LogModuleManager: Shutting down and abandoning module PaperTiledImporter (420)
[2025.10.12-22.22.06:696][686]LogModuleManager: Shutting down and abandoning module PaperSpriteSheetImporter (418)
[2025.10.12-22.22.06:696][686]LogModuleManager: Shutting down and abandoning module Paper2DEditor (416)
[2025.10.12-22.22.06:696][686]LogModuleManager: Shutting down and abandoning module MeshPaintingToolset (414)
[2025.10.12-22.22.06:696][686]LogModuleManager: Shutting down and abandoning module MeshPaintEditorMode (412)
[2025.10.12-22.22.06:696][686]LogModuleManager: Shutting down and abandoning module SoundFields (410)
[2025.10.12-22.22.06:696][686]LogModuleManager: Shutting down and abandoning module RuntimePhysXCooking (408)
[2025.10.12-22.22.06:696][686]LogModuleManager: Shutting down and abandoning module SignificanceManager (406)
[2025.10.12-22.22.06:696][686]LogModuleManager: Shutting down and abandoning module PropertyAccessEditor (404)
[2025.10.12-22.22.06:696][686]LogModuleManager: Shutting down and abandoning module PhysXVehiclesEditor (402)
[2025.10.12-22.22.06:696][686]LogModuleManager: Shutting down and abandoning module LocationServicesBPLibrary (398)
[2025.10.12-22.22.06:696][686]LogModuleManager: Shutting down and abandoning module AudioSynesthesia (396)
[2025.10.12-22.22.06:696][686]LogModuleManager: Shutting down and abandoning module AudioSynesthesiaCore (394)
[2025.10.12-22.22.06:696][686]LogModuleManager: Shutting down and abandoning module PythonScriptPlugin (392)
[2025.10.12-22.22.06:696][686]LogModuleManager: Shutting down and abandoning module ActorSequence (390)
[2025.10.12-22.22.06:696][686]LogModuleManager: Shutting down and abandoning module ImgMediaEngine (388)
[2025.10.12-22.22.06:696][686]LogModuleManager: Shutting down and abandoning module MagicLeapARPin (386)
[2025.10.12-22.22.06:696][686]LogModuleManager: Shutting down and abandoning module MagicLeapHandMeshing (384)
[2025.10.12-22.22.06:696][686]LogModuleManager: Shutting down and abandoning module MagicLeapSecureStorage (382)
[2025.10.12-22.22.06:696][686]LogModuleManager: Shutting down and abandoning module MagicLeapPrivileges (380)
[2025.10.12-22.22.06:696][686]LogModuleManager: Shutting down and abandoning module MagicLeapPlanes (378)
[2025.10.12-22.22.06:696][686]LogMagicLeapPlanes: Planes tracker already destroyed.
[2025.10.12-22.22.06:696][686]LogModuleManager: Shutting down and abandoning module MagicLeapImageTracker (376)
[2025.10.12-22.22.06:696][686]LogModuleManager: Shutting down and abandoning module MagicLeapIdentity (374)
[2025.10.12-22.22.06:696][686]LogModuleManager: Shutting down and abandoning module MagicLeapHandTracking (372)
[2025.10.12-22.22.06:696][686]LogModuleManager: Shutting down and abandoning module MagicLeapEyeTracker (370)
[2025.10.12-22.22.06:696][686]LogModuleManager: Shutting down and abandoning module MagicLeapController (368)
[2025.10.12-22.22.06:696][686]LogModuleManager: Shutting down and abandoning module MagicLeapARPinImpl (366)
[2025.10.12-22.22.06:696][686]LogModuleManager: Shutting down and abandoning module MagicLeapAR (364)
[2025.10.12-22.22.06:696][686]LogModuleManager: Shutting down and abandoning module UdpMessaging (362)
[2025.10.12-22.22.06:797][686]LogModuleManager: Shutting down and abandoning module TcpMessaging (360)
[2025.10.12-22.22.06:898][686]LogModuleManager: Shutting down and abandoning module NiagaraAnimNotifies (358)
[2025.10.12-22.22.06:898][686]LogModuleManager: Shutting down and abandoning module Niagara (356)
[2025.10.12-22.22.06:898][686]LogModuleManager: Shutting down and abandoning module SignalProcessing (355)
[2025.10.12-22.22.06:898][686]LogModuleManager: Shutting down and abandoning module NiagaraEditor (353)
[2025.10.12-22.22.06:898][686]LogModuleManager: Shutting down and abandoning module NiagaraCore (350)
[2025.10.12-22.22.06:898][686]LogModuleManager: Shutting down and abandoning module PropertyAccessNode (348)
[2025.10.12-22.22.06:898][686]LogModuleManager: Shutting down and abandoning module AnimationSharing (346)
[2025.10.12-22.22.06:898][686]LogModuleManager: Shutting down and abandoning module FacialAnimationEditor (344)
[2025.10.12-22.22.06:898][686]LogModuleManager: Shutting down and abandoning module FacialAnimation (342)
[2025.10.12-22.22.06:898][686]LogModuleManager: Shutting down and abandoning module GameplayTagsEditor (340)
[2025.10.12-22.22.06:898][686]LogModuleManager: Shutting down and abandoning module DataValidation (338)
[2025.10.12-22.22.06:898][686]LogModuleManager: Shutting down and abandoning module AssetManagerEditor (336)
[2025.10.12-22.22.06:898][686]LogModuleManager: Shutting down and abandoning module LevelEditor (335)
[2025.10.12-22.22.06:899][686]LogModuleManager: Shutting down and abandoning module PixelInspectorModule (334)
[2025.10.12-22.22.06:899][686]LogModuleManager: Shutting down and abandoning module CommonMenuExtensions (332)
[2025.10.12-22.22.06:899][686]LogModuleManager: Shutting down and abandoning module MainFrame (330)
[2025.10.12-22.22.06:899][686]LogModuleManager: Shutting down and abandoning module HotReload (329)
[2025.10.12-22.22.06:899][686]LogModuleManager: Shutting down and abandoning module ToolMenus (325)
[2025.10.12-22.22.06:899][686]LogModuleManager: Shutting down and abandoning module ContentBrowser (323)
[2025.10.12-22.22.06:899][686]LogModuleManager: Shutting down and abandoning module ContentBrowserData (322)
[2025.10.12-22.22.06:899][686]LogModuleManager: Shutting down and abandoning module TreeMap (319)
[2025.10.12-22.22.06:899][686]LogModuleManager: Shutting down and abandoning module GameplayCameras (316)
[2025.10.12-22.22.06:899][686]LogModuleManager: Shutting down and abandoning module LightPropagationVolumeRuntime (314)
[2025.10.12-22.22.06:899][686]LogModuleManager: Shutting down and abandoning module EnvironmentQueryEditor (312)
[2025.10.12-22.22.06:899][686]LogModuleManager: Shutting down and abandoning module Paper2D (310)
[2025.10.12-22.22.06:899][686]LogModuleManager: Shutting down and abandoning module WindowsMoviePlayer (308)
[2025.10.12-22.22.06:901][686]LogModuleManager: Shutting down and abandoning module WebMMoviePlayer (306)
[2025.10.12-22.22.06:901][686]LogModuleManager: Shutting down and abandoning module NetworkReplayStreaming (304)
[2025.10.12-22.22.06:901][686]LogModuleManager: Shutting down and abandoning module PacketHandler (302)
[2025.10.12-22.22.06:901][686]LogModuleManager: Shutting down and abandoning module ClothingSystemEditor (300)
[2025.10.12-22.22.06:901][686]LogModuleManager: Shutting down and abandoning module ClothingSystemRuntimeNv (298)
[2025.10.12-22.22.06:901][686]LogModuleManager: Shutting down and abandoning module MediaAssets (296)
[2025.10.12-22.22.06:901][686]LogModuleManager: Shutting down and abandoning module Overlay (294)
[2025.10.12-22.22.06:901][686]LogModuleManager: Shutting down and abandoning module OverlayEditor (293)
[2025.10.12-22.22.06:901][686]LogModuleManager: Shutting down and abandoning module VREditor (290)
[2025.10.12-22.22.06:901][686]LogModuleManager: Shutting down and abandoning module StringTableEditor (288)
[2025.10.12-22.22.06:901][686]LogModuleManager: Shutting down and abandoning module GameplayTasksEditor (286)
[2025.10.12-22.22.06:901][686]LogModuleManager: Shutting down and abandoning module BehaviorTreeEditor (284)
[2025.10.12-22.22.06:901][686]LogModuleManager: Shutting down and abandoning module FunctionalTesting (282)
[2025.10.12-22.22.06:901][686]LogModuleManager: Shutting down and abandoning module CollisionAnalyzer (280)
[2025.10.12-22.22.06:901][686]LogModuleManager: Shutting down and abandoning module WorkspaceMenuStructure (279)
[2025.10.12-22.22.06:901][686]LogModuleManager: Shutting down and abandoning module UMG (276)
[2025.10.12-22.22.06:901][686]LogModuleManager: Shutting down and abandoning module UMGEditor (275)
[2025.10.12-22.22.06:901][686]LogModuleManager: Shutting down and abandoning module MessageLog (273)
[2025.10.12-22.22.06:901][686]LogModuleManager: Shutting down and abandoning module SlateReflector (268)
[2025.10.12-22.22.06:901][686]LogModuleManager: Shutting down and abandoning module Slate (266)
[2025.10.12-22.22.06:901][686]LogModuleManager: Shutting down and abandoning module SlateCore (264)
[2025.10.12-22.22.06:902][686]LogModuleManager: Shutting down and abandoning module LandscapeEditorUtilities (262)
[2025.10.12-22.22.06:902][686]LogModuleManager: Shutting down and abandoning module UnrealEd (260)
[2025.10.12-22.22.06:902][686]LogModuleManager: Shutting down and abandoning module MRMesh (258)
[2025.10.12-22.22.06:902][686]LogModuleManager: Shutting down and abandoning module SourceCodeAccess (256)
[2025.10.12-22.22.06:902][686]LogModuleManager: Shutting down and abandoning module HeadMountedDisplay (254)
[2025.10.12-22.22.06:902][686]LogModuleManager: Shutting down and abandoning module XAudio2 (252)
[2025.10.12-22.22.06:902][686]LogModuleManager: Shutting down and abandoning module Networking (250)
[2025.10.12-22.22.06:902][686]LogModuleManager: Shutting down and abandoning module Core (248)
[2025.10.12-22.22.06:902][686]LogModuleManager: Shutting down and abandoning module MaterialEditor (246)
[2025.10.12-22.22.06:902][686]LogModuleManager: Shutting down and abandoning module MovieSceneTools (244)
[2025.10.12-22.22.06:902][686]LogModuleManager: Shutting down and abandoning module CurveEditor (243)
[2025.10.12-22.22.06:902][686]LogModuleManager: Shutting down and abandoning module Sequencer (241)
[2025.10.12-22.22.06:902][686]LogModuleManager: Shutting down and abandoning module EditorStyle (240)
[2025.10.12-22.22.06:903][686]LogModuleManager: Shutting down and abandoning module KismetCompiler (236)
[2025.10.12-22.22.06:903][686]LogModuleManager: Shutting down and abandoning module MeshBuilder (234)
[2025.10.12-22.22.06:903][686]LogModuleManager: Shutting down and abandoning module MeshUtilities (232)
[2025.10.12-22.22.06:903][686]LogModuleManager: Shutting down and abandoning module MeshMergeUtilities (231)
[2025.10.12-22.22.06:903][686]LogModuleManager: Shutting down and abandoning module MeshReductionInterface (230)
[2025.10.12-22.22.06:903][686]LogModuleManager: Shutting down and abandoning module MeshBoneReduction (229)
[2025.10.12-22.22.06:903][686]LogModuleManager: Shutting down and abandoning module SkeletalMeshReduction (227)
[2025.10.12-22.22.06:903][686]LogModuleManager: Shutting down and abandoning module ProxyLODMeshReduction (225)
[2025.10.12-22.22.06:903][686]LogModuleManager: Shutting down and abandoning module QuadricMeshReduction (223)
[2025.10.12-22.22.06:903][686]LogModuleManager: Shutting down and abandoning module MaterialBaking (219)
[2025.10.12-22.22.06:903][686]LogModuleManager: Shutting down and abandoning module NullInstallBundleManager (214)
[2025.10.12-22.22.06:903][686]LogModuleManager: Shutting down and abandoning module DerivedDataCache (212)
[2025.10.12-22.22.06:903][686]LogModuleManager: Shutting down and abandoning module TargetPlatform (210)
[2025.10.12-22.22.06:903][686]LogModuleManager: Shutting down and abandoning module VulkanShaderFormat (209)
[2025.10.12-22.22.06:903][686]LogModuleManager: Shutting down and abandoning module ShaderFormatVectorVM (207)
[2025.10.12-22.22.06:903][686]LogModuleManager: Shutting down and abandoning module ShaderFormatOpenGL (205)
[2025.10.12-22.22.06:903][686]LogModuleManager: Shutting down and abandoning module ShaderFormatD3D (203)
[2025.10.12-22.22.06:903][686]LogModuleManager: Shutting down and abandoning module MetalShaderFormat (201)
[2025.10.12-22.22.06:903][686]LogModuleManager: Shutting down and abandoning module TextureFormatOodle (199)
[2025.10.12-22.22.06:903][686]LogModuleManager: Shutting down and abandoning module TextureFormatUncompressed (197)
[2025.10.12-22.22.06:903][686]LogModuleManager: Shutting down and abandoning module TextureFormatPVR (195)
[2025.10.12-22.22.06:903][686]LogModuleManager: Shutting down and abandoning module TextureFormatETC2 (193)
[2025.10.12-22.22.06:903][686]LogModuleManager: Shutting down and abandoning module TextureFormatDXT (191)
[2025.10.12-22.22.06:903][686]LogModuleManager: Shutting down and abandoning module TextureFormatIntelISPCTexComp (189)
[2025.10.12-22.22.06:903][686]LogModuleManager: Shutting down and abandoning module TextureFormatASTC (187)
[2025.10.12-22.22.06:903][686]LogModuleManager: Shutting down and abandoning module ImageWrapper (186)
[2025.10.12-22.22.06:903][686]LogModuleManager: Shutting down and abandoning module AudioFormatOpus (183)
[2025.10.12-22.22.06:903][686]LogModuleManager: Shutting down and abandoning module AudioFormatOgg (181)
[2025.10.12-22.22.06:903][686]LogModuleManager: Shutting down and abandoning module AudioFormatADPCM (179)
[2025.10.12-22.22.06:903][686]LogModuleManager: Shutting down and abandoning module WindowsServerTargetPlatform (177)
[2025.10.12-22.22.06:903][686]LogModuleManager: Shutting down and abandoning module WindowsClientTargetPlatform (175)
[2025.10.12-22.22.06:903][686]LogModuleManager: Shutting down and abandoning module WindowsTargetPlatform (173)
[2025.10.12-22.22.06:903][686]LogModuleManager: Shutting down and abandoning module WindowsNoEditorTargetPlatform (171)
[2025.10.12-22.22.06:903][686]LogModuleManager: Shutting down and abandoning module TVOSTargetPlatform (169)
[2025.10.12-22.22.06:904][686]LogModuleManager: Shutting down and abandoning module MacServerTargetPlatform (167)
[2025.10.12-22.22.06:904][686]LogModuleManager: Shutting down and abandoning module MacClientTargetPlatform (165)
[2025.10.12-22.22.06:904][686]LogModuleManager: Shutting down and abandoning module MacTargetPlatform (163)
[2025.10.12-22.22.06:904][686]LogModuleManager: Shutting down and abandoning module MacNoEditorTargetPlatform (161)
[2025.10.12-22.22.06:904][686]LogModuleManager: Shutting down and abandoning module LuminTargetPlatform (159)
[2025.10.12-22.22.06:904][686]LogModuleManager: Shutting down and abandoning module LinuxAArch64ServerTargetPlatform (157)
[2025.10.12-22.22.06:904][686]LogModuleManager: Shutting down and abandoning module LinuxAArch64ClientTargetPlatform (155)
[2025.10.12-22.22.06:904][686]LogModuleManager: Shutting down and abandoning module LinuxAArch64NoEditorTargetPlatform (153)
[2025.10.12-22.22.06:904][686]LogModuleManager: Shutting down and abandoning module LinuxServerTargetPlatform (151)
[2025.10.12-22.22.06:904][686]LogModuleManager: Shutting down and abandoning module LinuxClientTargetPlatform (149)
[2025.10.12-22.22.06:905][686]LogModuleManager: Shutting down and abandoning module LinuxNoEditorTargetPlatform (147)
[2025.10.12-22.22.06:905][686]LogModuleManager: Shutting down and abandoning module LinuxTargetPlatform (145)
[2025.10.12-22.22.06:905][686]LogModuleManager: Shutting down and abandoning module Messaging (143)
[2025.10.12-22.22.06:905][686]LogModuleManager: Shutting down and abandoning module IOSTargetPlatform (141)
[2025.10.12-22.22.06:905][686]LogModuleManager: Shutting down and abandoning module AndroidTargetPlatform (139)
[2025.10.12-22.22.06:909][686]LogModuleManager: Shutting down and abandoning module AllDesktopTargetPlatform (137)
[2025.10.12-22.22.06:909][686]LogModuleManager: Shutting down and abandoning module D3D11RHI (134)
[2025.10.12-22.22.06:909][686]LogModuleManager: Shutting down and abandoning module InputCore (132)
[2025.10.12-22.22.06:909][686]LogModuleManager: Shutting down and abandoning module Settings (130)
[2025.10.12-22.22.06:909][686]LogModuleManager: Shutting down and abandoning module DirectoryWatcher (128)
[2025.10.12-22.22.06:909][686]LogModuleManager: Shutting down and abandoning module PhysXCooking (126)
[2025.10.12-22.22.06:909][686]LogModuleManager: Shutting down and abandoning module Chaos (124)
[2025.10.12-22.22.06:909][686]LogModuleManager: Shutting down and abandoning module WindowsPlatformFeatures (122)
[2025.10.12-22.22.06:909][686]LogModuleManager: Shutting down and abandoning module GameplayMediaEncoder (121)
[2025.10.12-22.22.06:909][686]LogModuleManager: Shutting down and abandoning module AVEncoder (120)
[2025.10.12-22.22.06:909][686]LogModuleManager: Shutting down and abandoning module SteamVRInputDevice (116)
[2025.10.12-22.22.06:909][686]LogModuleManager: Shutting down and abandoning module SteamVRInput (114)
[2025.10.12-22.22.06:909][686]LogModuleManager: Shutting down and abandoning module SteamVR (112)
[2025.10.12-22.22.06:909][686]LogHMD: Freeing OpenVRDLLHandle.
[2025.10.12-22.22.06:909][686]LogModuleManager: Shutting down and abandoning module OculusHMD (110)
[2025.10.12-22.22.06:909][686]LogModuleManager: Shutting down and abandoning module OpenXRHandTracking (108)
[2025.10.12-22.22.06:909][686]LogSlate: Slate User Destroyed.  User Index 0, Is Virtual User: 0
[2025.10.12-22.22.06:909][686]LogModuleManager: Shutting down and abandoning module OpenXREyeTracker (106)
[2025.10.12-22.22.06:909][686]LogModuleManager: Shutting down and abandoning module OpenXRAR (104)
[2025.10.12-22.22.06:909][686]LogModuleManager: Shutting down and abandoning module AugmentedReality (103)
[2025.10.12-22.22.06:909][686]LogModuleManager: Shutting down and abandoning module OpenXRHMD (100)
[2025.10.12-22.22.06:910][686]LogModuleManager: Shutting down and abandoning module ExampleDeviceProfileSelector (98)
[2025.10.12-22.22.06:910][686]LogModuleManager: Shutting down and abandoning module ChunkDownloader (96)
[2025.10.12-22.22.06:910][686]LogModuleManager: Shutting down and abandoning module OnlineBlueprintSupport (94)
[2025.10.12-22.22.06:910][686]LogModuleManager: Shutting down and abandoning module OnlineSubsystem (90)
[2025.10.12-22.22.06:911][686]LogModuleManager: Shutting down and abandoning module XMPP (85)
[2025.10.12-22.22.06:911][686]LogModuleManager: Shutting down and abandoning module WebSockets (84)
[2025.10.12-22.22.06:942][686]LogModuleManager: Shutting down and abandoning module HTTP (81)
[2025.10.12-22.22.06:943][686]LogHttp: Display: Http module shutting down, but needs to wait on 1 outstanding Http requests:
[2025.10.12-22.22.06:943][686]LogHttp: Display: 	verb=[POST] url=[https://datarouter.ol.epicgames.com/datarouter/api/v1/public/data?SessionID=%7B347CAB81-436D-2EA4-2388-4D9DD8607A01%7D&AppID=UEEditor.Rocket.Release&AppVersion=4.27.2-18319896%2B%2B%2BUE4%2BRelease-4.27&UserID=ff613de04445e87a751d3d88f719c9ab%7C92b915b8b6964a98a670edb4ad65aabd%7C0d465c27-dae1-41ae-b75e-4ea01e26faf1&AppEnvironment=datacollector-binary&UploadType=eteventstream] refs=[1] status=Processing
[2025.10.12-22.22.06:943][686]LogHttp: Display: cleaning up 1 outstanding Http requests.
[2025.10.12-22.22.06:961][686]LogModuleManager: Shutting down and abandoning module SSL (80)
[2025.10.12-22.22.06:962][686]LogModuleManager: Shutting down and abandoning module LauncherChunkInstaller (76)
[2025.10.12-22.22.06:962][686]LogModuleManager: Shutting down and abandoning module WmfMedia (74)
[2025.10.12-22.22.06:963][686]LogModuleManager: Shutting down and abandoning module Media (73)
[2025.10.12-22.22.06:964][686]LogModuleManager: Shutting down and abandoning module MediaInfo (72)
[2025.10.12-22.22.06:964][686]LogModuleManager: Shutting down and abandoning module ExrReaderGpu (68)
[2025.10.12-22.22.06:964][686]LogModuleManager: Shutting down and abandoning module MLSDK (66)
[2025.10.12-22.22.06:964][686]LogModuleManager: Shutting down and abandoning module ChaosCloth (64)
[2025.10.12-22.22.06:964][686]LogModuleManager: Shutting down and abandoning module MagicLeap (62)
[2025.10.12-22.22.06:964][686]LogModuleManager: Shutting down and abandoning module NiagaraVertexFactories (60)
[2025.10.12-22.22.06:964][686]LogModuleManager: Shutting down and abandoning module NiagaraShader (58)
[2025.10.12-22.22.06:964][686]LogModuleManager: Shutting down and abandoning module PixWinPlugin (56)
[2025.10.12-22.22.06:964][686]LogModuleManager: Shutting down and abandoning module VariantManagerContent (54)
[2025.10.12-22.22.06:964][686]LogModuleManager: Shutting down and abandoning module DatasmithContent (52)
[2025.10.12-22.22.06:964][686]LogModuleManager: Shutting down and abandoning module AISupportModule (50)
[2025.10.12-22.22.06:964][686]LogModuleManager: Shutting down and abandoning module DesktopPlatform (48)
[2025.10.12-22.22.06:964][686]LogModuleManager: Shutting down and abandoning module PlatformCryptoOpenSSL (46)
[2025.10.12-22.22.06:964][686]LogModuleManager: Shutting down and abandoning module PlatformCryptoTypes (44)
[2025.10.12-22.22.06:964][686]LogModuleManager: Shutting down and abandoning module PlatformCrypto (42)
[2025.10.12-22.22.06:964][686]LogModuleManager: Shutting down and abandoning module PythonScriptPluginPreload (40)
[2025.10.12-22.22.06:964][686]LogModuleManager: Shutting down and abandoning module OodleDataCompressionFormat (38)
[2025.10.12-22.22.06:964][686]LogModuleManager: Shutting down and abandoning module XGEController (36)
[2025.10.12-22.22.06:964][686]LogModuleManager: Shutting down and abandoning module AnimationModifiers (34)
[2025.10.12-22.22.06:964][686]LogModuleManager: Shutting down and abandoning module AudioEditor (32)
[2025.10.12-22.22.06:964][686]LogModuleManager: Shutting down and abandoning module PropertyEditor (31)
[2025.10.12-22.22.06:965][686]LogModuleManager: Shutting down and abandoning module TextureCompressor (28)
[2025.10.12-22.22.06:965][686]LogModuleManager: Shutting down and abandoning module RenderCore (26)
[2025.10.12-22.22.06:965][686]LogModuleManager: Shutting down and abandoning module Landscape (24)
[2025.10.12-22.22.06:965][686]LogModuleManager: Shutting down and abandoning module SlateRHIRenderer (22)
[2025.10.12-22.22.06:966][686]LogModuleManager: Shutting down and abandoning module AnimGraphRuntime (20)
[2025.10.12-22.22.06:966][686]LogModuleManager: Shutting down and abandoning module Renderer (18)
[2025.10.12-22.22.06:966][686]LogModuleManager: Shutting down and abandoning module Engine (16)
[2025.10.12-22.22.06:966][686]LogModuleManager: Shutting down and abandoning module CoreUObject (14)
[2025.10.12-22.22.06:966][686]LogModuleManager: Shutting down and abandoning module NetworkFile (12)
[2025.10.12-22.22.06:966][686]LogModuleManager: Shutting down and abandoning module CookedIterativeFile (10)
[2025.10.12-22.22.06:966][686]LogModuleManager: Shutting down and abandoning module StreamingFile (8)
[2025.10.12-22.22.06:966][686]LogModuleManager: Shutting down and abandoning module SandboxFile (6)
[2025.10.12-22.22.06:966][686]LogModuleManager: Shutting down and abandoning module PakFile (4)
[2025.10.12-22.22.06:966][686]LogModuleManager: Shutting down and abandoning module RSA (3)
[2025.10.12-22.22.06:966][686]LogContentStreaming: Display: There are 1 unreleased StreamingManagers
[2025.10.12-22.22.06:981][686]LogD3D11RHI: Shutdown
[2025.10.12-22.22.06:981][686]LogD3D11RHI: CleanupD3DDevice
[2025.10.12-22.22.06:984][686]LogExit: Exiting.
[2025.10.12-22.22.06:986][686]Log file closed, 10/12/25 16:22:06
