Log file open, 09/29/25 17:51:57
LogWindows: Failed to load 'aqProf.dll' (GetLastError=126)
LogWindows: File 'aqProf.dll' does not exist
LogWindows: Failed to load 'VtuneApi.dll' (GetLastError=126)
LogWindows: File 'VtuneApi.dll' does not exist
LogWindows: Failed to load 'VtuneApi32e.dll' (GetLastError=126)
LogWindows: File 'VtuneApi32e.dll' does not exist
LogConsoleResponse: Display: Failed to find resolution value strings in scalability ini. Falling back to default.
LogConsoleResponse: Display: Failed to find resolution value strings in scalability ini. Falling back to default.
LogInit: Display: Running engine for game: TasteOfMadness
LogPlatformFile: Not using cached read wrapper
LogTaskGraph: Started task graph with 5 named threads and 35 total threads with 3 sets of task threads.
LogStats: Stats thread started at 0.200199
LogICUInternationalization: ICU TimeZone Detection - Raw Offset: -6:00, Platform Override: ''
LogInit: Display: Loading text-based GConfig....
LogPluginManager: Mounting plugin MeshPainting
LogPluginManager: Mounting plugin XGEController
LogPluginManager: Mounting plugin Paper2D
LogPluginManager: Mounting plugin AISupport
LogPluginManager: Mounting plugin LiveLink
LogPluginManager: Mounting plugin EnvironmentQueryEditor
LogPluginManager: Mounting plugin CameraShakePreviewer
LogPluginManager: Mounting plugin GameplayCameras
LogPluginManager: Mounting plugin AnimationSharing
LogPluginManager: Mounting plugin CLionSourceCodeAccess
LogPluginManager: Mounting plugin GitSourceControl
LogPluginManager: Mounting plugin CodeLiteSourceCodeAccess
LogPluginManager: Mounting plugin KDevelopSourceCodeAccess
LogPluginManager: Mounting plugin NullSourceCodeAccess
LogPluginManager: Mounting plugin PlasticSourceControl
LogPluginManager: Mounting plugin PluginUtils
LogPluginManager: Mounting plugin PropertyAccessNode
LogPluginManager: Mounting plugin RiderSourceCodeAccess
LogPluginManager: Mounting plugin PixWinPlugin
LogPluginManager: Mounting plugin SubversionSourceControl
LogPluginManager: Mounting plugin TextureFormatOodle
LogPluginManager: Mounting plugin PerforceSourceControl
LogPluginManager: Mounting plugin UObjectPlugin
LogPluginManager: Mounting plugin VisualStudioSourceCodeAccess
LogPluginManager: Mounting plugin VisualStudioCodeSourceCodeAccess
LogPluginManager: Mounting plugin OodleData
LogPluginManager: Mounting plugin OodleNetwork
LogPluginManager: Mounting plugin AssetManagerEditor
LogPluginManager: Mounting plugin CryptoKeys
LogPluginManager: Mounting plugin DataValidation
LogPluginManager: Mounting plugin CurveEditorTools
LogPluginManager: Mounting plugin XCodeSourceCodeAccess
LogPluginManager: Mounting plugin GeometryMode
LogPluginManager: Mounting plugin FacialAnimation
LogPluginManager: Mounting plugin MacGraphicsSwitching
LogPluginManager: Mounting plugin AutomationUtils
LogPluginManager: Mounting plugin BackChannel
LogPluginManager: Mounting plugin MaterialAnalyzer
LogPluginManager: Mounting plugin AlembicImporter
LogPluginManager: Mounting plugin GameplayTagsEditor
LogPluginManager: Mounting plugin ChaosClothEditor
LogPluginManager: Mounting plugin SpeedTreeImporter
LogPluginManager: Mounting plugin PluginBrowser
LogPluginManager: Mounting plugin ChaosCloth
LogPluginManager: Mounting plugin ChaosEditor
LogPluginManager: Mounting plugin CharacterAI
LogPluginManager: Mounting plugin MobileLauncherProfileWizard
LogPluginManager: Mounting plugin ChaosNiagara
LogPluginManager: Mounting plugin ChaosSolverPlugin
LogPluginManager: Mounting plugin GeometryCache
LogPluginManager: Mounting plugin GeometryCollectionPlugin
LogPluginManager: Mounting plugin GeometryProcessing
LogPluginManager: Mounting plugin DatasmithContent
LogPluginManager: Mounting plugin OpenImageDenoise
LogPluginManager: Mounting plugin MotoSynth
LogPluginManager: Mounting plugin PlatformCrypto
LogPluginManager: Mounting plugin PlanarCut
LogPluginManager: Mounting plugin PythonScriptPlugin
LogPluginManager: Mounting plugin ProxyLODPlugin
LogPluginManager: Mounting plugin Niagara
LogPluginManager: Mounting plugin VariantManagerContent
LogPluginManager: Mounting plugin SkeletalReduction
LogPluginManager: Mounting plugin MagicLeap
LogPluginManager: Mounting plugin LuminPlatformFeatures
LogPluginManager: Mounting plugin MagicLeapMedia
LogPluginManager: Mounting plugin MagicLeapLightEstimation
LogPluginManager: Mounting plugin MagicLeapPassableWorld
LogPluginManager: Mounting plugin MLSDK
LogPluginManager: Mounting plugin AndroidMedia
LogPluginManager: Mounting plugin AvfMedia
LogPluginManager: Mounting plugin ImgMedia
LogPluginManager: Mounting plugin MediaCompositing
LogPluginManager: Mounting plugin MediaPlayerEditor
LogPluginManager: Mounting plugin WebMMedia
LogPluginManager: Mounting plugin WmfMedia
LogPluginManager: Mounting plugin TcpMessaging
LogPluginManager: Mounting plugin UdpMessaging
LogPluginManager: Mounting plugin ActorSequence
LogPluginManager: Mounting plugin LevelSequenceEditor
LogPluginManager: Mounting plugin TemplateSequence
LogPluginManager: Mounting plugin OnlineSubsystem
LogPluginManager: Mounting plugin OnlineSubsystemNull
LogPluginManager: Mounting plugin OnlineSubsystemUtils
LogPluginManager: Mounting plugin LauncherChunkInstaller
LogPluginManager: Mounting plugin ActorLayerUtilities
LogPluginManager: Mounting plugin AndroidDeviceProfileSelector
LogPluginManager: Mounting plugin AndroidMoviePlayer
LogPluginManager: Mounting plugin AndroidPermission
LogPluginManager: Mounting plugin AppleImageUtils
LogPluginManager: Mounting plugin ArchVisCharacter
LogPluginManager: Mounting plugin AppleMoviePlayer
LogPluginManager: Mounting plugin AudioCapture
LogPluginManager: Mounting plugin AssetTags
LogPluginManager: Mounting plugin AudioSynesthesia
LogPluginManager: Mounting plugin CableComponent
LogPluginManager: Mounting plugin ChunkDownloader
LogPluginManager: Mounting plugin CustomMeshComponent
LogPluginManager: Mounting plugin EditableMesh
LogPluginManager: Mounting plugin ExampleDeviceProfileSelector
LogPluginManager: Mounting plugin GoogleCloudMessaging
LogPluginManager: Mounting plugin GooglePAD
LogPluginManager: Mounting plugin ScreenshotTools
LogPluginManager: Mounting plugin LinuxDeviceProfileSelector
LogPluginManager: Mounting plugin IOSDeviceProfileSelector
LogPluginManager: Mounting plugin MatineeToLevelSequence
LogPluginManager: Mounting plugin LocationServicesBPLibrary
LogPluginManager: Mounting plugin MobilePatchingUtils
LogPluginManager: Mounting plugin OpenXR
LogPluginManager: Mounting plugin OpenXREyeTracker
LogPluginManager: Mounting plugin OpenXRHandTracking
LogPluginManager: Mounting plugin ProceduralMeshComponent
LogPluginManager: Mounting plugin PostSplashScreen
LogPluginManager: Mounting plugin PropertyAccessEditor
LogPluginManager: Mounting plugin RuntimePhysXCooking
LogPluginManager: Mounting plugin SignificanceManager
LogPluginManager: Mounting plugin PhysXVehicles
LogPluginManager: Mounting plugin SoundFields
LogPluginManager: Mounting plugin Synthesis
LogPluginManager: Mounting plugin WebMMoviePlayer
LogPluginManager: Mounting plugin WindowsMoviePlayer
LogPluginManager: Mounting plugin Takes
LogPluginManager: Mounting plugin LightPropagationVolume
LogPluginManager: Mounting plugin ContentBrowserAssetDataSource
LogPluginManager: Mounting plugin ContentBrowserClassDataSource
LogPluginManager: Mounting plugin ContentBrowserFileDataSource
LogPluginManager: Mounting plugin OnlineSubsystemGooglePlay
LogPluginManager: Mounting plugin OnlineSubsystemIOS
LogPluginManager: Mounting plugin OculusVR
LogPluginManager: Mounting plugin SteamVR
PixWinPlugin: PIX capture plugin failed to initialize! Check that the process is launched from PIX.
LogInit: Using libcurl 7.55.1-DEV
LogInit:  - built for x86_64-pc-win32
LogInit:  - supports SSL with OpenSSL/1.1.1
LogInit:  - supports HTTP deflate (compression) using libz 1.2.8
LogInit:  - other features:
LogInit:      CURL_VERSION_SSL
LogInit:      CURL_VERSION_LIBZ
LogInit:      CURL_VERSION_IPV6
LogInit:      CURL_VERSION_ASYNCHDNS
LogInit:      CURL_VERSION_LARGEFILE
LogInit:      CURL_VERSION_IDN
LogInit:  CurlRequestOptions (configurable via config and command line):
LogInit:  - bVerifyPeer = true  - Libcurl will verify peer certificate
LogInit:  - bUseHttpProxy = false  - Libcurl will NOT use HTTP proxy
LogInit:  - bDontReuseConnections = false  - Libcurl will reuse connections
LogInit:  - MaxHostConnections = 16  - Libcurl will limit the number of connections to a host
LogInit:  - LocalHostAddr = Default
LogInit:  - BufferSize = 65536
LogOnline: OSS: Creating online subsystem instance for: NULL
LogInit: WinSock: version 1.1 (2.2), MaxSocks=32767, MaxUdp=65467
LogOnline: OSS: TryLoadSubsystemAndSetDefault: Loaded subsystem for module [NULL]
LogOculusPluginWrapper: OculusPlugin initialized successfully
LogHMD: Failed initializing OVRPlugin 1.59.0
LogInit: Build: ++UE4+Release-4.27-CL-18319896
LogInit: Engine Version: 4.27.2-18319896+++UE4+Release-4.27
LogInit: Compatible Engine Version: 4.27.0-17155196+++UE4+Release-4.27
LogInit: Net CL: 17155196
LogInit: OS: Windows 10 (Release 2009) (), CPU: AMD Ryzen 5 5600 6-Core Processor              , GPU: NVIDIA GeForce RTX 3060
LogInit: Compiled (64-bit): Nov 30 2021 07:12:08
LogInit: Compiled with Visual C++: 19.24.28315.00
LogInit: Build Configuration: Development
LogInit: Branch Name: ++UE4+Release-4.27
LogInit: Command Line: 
LogInit: Base Directory: E:/Epic/UE_4.27/Engine/Binaries/Win64/
LogInit: Allocator: TBB
LogInit: Installed Engine Build: 1
LogDevObjectVersion: Number of dev versions registered: 29
LogDevObjectVersion:   Dev-Blueprints (B0D832E4-1F89-4F0D-ACCF-7EB736FD4AA2): 10
LogDevObjectVersion:   Dev-Build (E1C64328-A22C-4D53-A36C-8E866417BD8C): 0
LogDevObjectVersion:   Dev-Core (375EC13C-06E4-48FB-B500-84F0262A717E): 4
LogDevObjectVersion:   Dev-Editor (E4B068ED-F494-42E9-A231-DA0B2E46BB41): 40
LogDevObjectVersion:   Dev-Framework (CFFC743F-43B0-4480-9391-14DF171D2073): 37
LogDevObjectVersion:   Dev-Mobile (B02B49B5-BB20-44E9-A304-32B752E40360): 3
LogDevObjectVersion:   Dev-Networking (A4E4105C-59A1-49B5-A7C5-40C4547EDFEE): 0
LogDevObjectVersion:   Dev-Online (39C831C9-5AE6-47DC-9A44-9C173E1C8E7C): 0
LogDevObjectVersion:   Dev-Physics (78F01B33-EBEA-4F98-B9B4-84EACCB95AA2): 14
LogDevObjectVersion:   Dev-Platform (6631380F-2D4D-43E0-8009-CF276956A95A): 0
LogDevObjectVersion:   Dev-Rendering (12F88B9F-8875-4AFC-A67C-D90C383ABD29): 45
LogDevObjectVersion:   Dev-Sequencer (7B5AE74C-D270-4C10-A958-57980B212A5A): 13
LogDevObjectVersion:   Dev-VR (D7296918-1DD6-4BDD-9DE2-64A83CC13884): 3
LogDevObjectVersion:   Dev-LoadTimes (C2A15278-BFE7-4AFE-6C17-90FF531DF755): 1
LogDevObjectVersion:   Private-Geometry (6EACA3D4-40EC-4CC1-B786-8BED09428FC5): 3
LogDevObjectVersion:   Dev-AnimPhys (29E575DD-E0A3-4627-9D10-D276232CDCEA): 17
LogDevObjectVersion:   Dev-Anim (AF43A65D-7FD3-4947-9873-3E8ED9C1BB05): 15
LogDevObjectVersion:   Dev-ReflectionCapture (6B266CEC-1EC7-4B8F-A30B-E4D90942FC07): 1
LogDevObjectVersion:   Dev-Automation (0DF73D61-A23F-47EA-B727-89E90C41499A): 1
LogDevObjectVersion:   FortniteMain (601D1886-AC64-4F84-AA16-D3DE0DEAC7D6): 47
LogDevObjectVersion:   FortniteRelease (E7086368-6B23-4C58-8439-1B7016265E91): 1
LogDevObjectVersion:   Dev-Enterprise (9DFFBCD6-494F-0158-E221-12823C92A888): 10
LogDevObjectVersion:   Dev-Niagara (F2AED0AC-9AFE-416F-8664-AA7FFA26D6FC): 1
LogDevObjectVersion:   Dev-Destruction (174F1F0B-B4C6-45A5-B13F-2EE8D0FB917D): 10
LogDevObjectVersion:   Dev-Physics-Ext (35F94A83-E258-406C-A318-09F59610247C): 41
LogDevObjectVersion:   Dev-PhysicsMaterial-Chaos (B68FC16E-8B1B-42E2-B453-215C058844FE): 1
LogDevObjectVersion:   Dev-CineCamera (B2E18506-4273-CFC2-A54E-F4BB758BBA07): 1
LogDevObjectVersion:   Dev-VirtualProduction (64F58936-FD1B-42BA-BA96-7289D5D0FA4E): 1
LogDevObjectVersion:   Dev-MediaFramework (6F0ED827-A609-4895-9C91-998D90180EA4): 2
LogInit: Presizing for max 25165824 objects, including 0 objects not considered by GC, pre-allocating 0 bytes for permanent pool.
LogConfig: Applying CVar settings from Section [/Script/Engine.StreamingSettings] File [C:/Users/PC/Documents/GitHub/TasteOfMadness/TasteOfMadness/Saved/Config/Windows/Engine.ini]
LogConfig: Setting CVar [[s.MinBulkDataSizeForAsyncLoading:131072]]
LogConfig: Setting CVar [[s.AsyncLoadingThreadEnabled:0]]
LogConfig: Setting CVar [[s.EventDrivenLoaderEnabled:1]]
LogConfig: Setting CVar [[s.WarnIfTimeLimitExceeded:0]]
LogConfig: Setting CVar [[s.TimeLimitExceededMultiplier:1.5]]
LogConfig: Setting CVar [[s.TimeLimitExceededMinTime:0.005]]
LogConfig: Setting CVar [[s.UseBackgroundLevelStreaming:1]]
LogConfig: Setting CVar [[s.PriorityAsyncLoadingExtraTime:15.0]]
LogConfig: Setting CVar [[s.LevelStreamingActorsUpdateTimeLimit:5.0]]
LogConfig: Setting CVar [[s.PriorityLevelStreamingActorsUpdateExtraTime:5.0]]
LogConfig: Setting CVar [[s.LevelStreamingComponentsRegistrationGranularity:10]]
LogConfig: Setting CVar [[s.UnregisterComponentsTimeLimit:1.0]]
LogConfig: Setting CVar [[s.LevelStreamingComponentsUnregistrationGranularity:5]]
LogConfig: Setting CVar [[s.FlushStreamingOnExit:1]]
LogInit: Object subsystem initialized
LogConfig: Setting CVar [[con.DebugEarlyDefault:1]]
LogConfig: Setting CVar [[r.setres:1280x720]]
[2025.09.29-23.51.57:443][  0]LogConfig: Setting CVar [[r.VSync:0]]
[2025.09.29-23.51.57:443][  0]LogConfig: Setting CVar [[r.RHICmdBypass:0]]
[2025.09.29-23.51.57:443][  0]LogConfig: Applying CVar settings from Section [/Script/Engine.RendererSettings] File [C:/Users/PC/Documents/GitHub/TasteOfMadness/TasteOfMadness/Saved/Config/Windows/Engine.ini]
[2025.09.29-23.51.57:443][  0]LogConfig: Setting CVar [[r.GPUCrashDebugging:0]]
[2025.09.29-23.51.57:443][  0]LogConfig: Applying CVar settings from Section [/Script/Engine.RendererOverrideSettings] File [C:/Users/PC/Documents/GitHub/TasteOfMadness/TasteOfMadness/Saved/Config/Windows/Engine.ini]
[2025.09.29-23.51.57:443][  0]LogConfig: Applying CVar settings from Section [/Script/Engine.StreamingSettings] File [C:/Users/PC/Documents/GitHub/TasteOfMadness/TasteOfMadness/Saved/Config/Windows/Engine.ini]
[2025.09.29-23.51.57:443][  0]LogConfig: Setting CVar [[s.MinBulkDataSizeForAsyncLoading:131072]]
[2025.09.29-23.51.57:443][  0]LogConfig: Setting CVar [[s.AsyncLoadingThreadEnabled:0]]
[2025.09.29-23.51.57:443][  0]LogConfig: Setting CVar [[s.EventDrivenLoaderEnabled:1]]
[2025.09.29-23.51.57:443][  0]LogConfig: Setting CVar [[s.WarnIfTimeLimitExceeded:0]]
[2025.09.29-23.51.57:443][  0]LogConfig: Setting CVar [[s.TimeLimitExceededMultiplier:1.5]]
[2025.09.29-23.51.57:443][  0]LogConfig: Setting CVar [[s.TimeLimitExceededMinTime:0.005]]
[2025.09.29-23.51.57:443][  0]LogConfig: Setting CVar [[s.UseBackgroundLevelStreaming:1]]
[2025.09.29-23.51.57:443][  0]LogConfig: Setting CVar [[s.PriorityAsyncLoadingExtraTime:15.0]]
[2025.09.29-23.51.57:443][  0]LogConfig: Setting CVar [[s.LevelStreamingActorsUpdateTimeLimit:5.0]]
[2025.09.29-23.51.57:443][  0]LogConfig: Setting CVar [[s.PriorityLevelStreamingActorsUpdateExtraTime:5.0]]
[2025.09.29-23.51.57:443][  0]LogConfig: Setting CVar [[s.LevelStreamingComponentsRegistrationGranularity:10]]
[2025.09.29-23.51.57:443][  0]LogConfig: Setting CVar [[s.UnregisterComponentsTimeLimit:1.0]]
[2025.09.29-23.51.57:443][  0]LogConfig: Setting CVar [[s.LevelStreamingComponentsUnregistrationGranularity:5]]
[2025.09.29-23.51.57:443][  0]LogConfig: Setting CVar [[s.FlushStreamingOnExit:1]]
[2025.09.29-23.51.57:443][  0]LogConfig: Applying CVar settings from Section [/Script/Engine.GarbageCollectionSettings] File [C:/Users/PC/Documents/GitHub/TasteOfMadness/TasteOfMadness/Saved/Config/Windows/Engine.ini]
[2025.09.29-23.51.57:443][  0]LogConfig: Setting CVar [[gc.MaxObjectsNotConsideredByGC:1]]
[2025.09.29-23.51.57:443][  0]LogConfig: Setting CVar [[gc.SizeOfPermanentObjectPool:0]]
[2025.09.29-23.51.57:443][  0]LogConfig: Setting CVar [[gc.FlushStreamingOnGC:0]]
[2025.09.29-23.51.57:443][  0]LogConfig: Setting CVar [[gc.NumRetriesBeforeForcingGC:10]]
[2025.09.29-23.51.57:443][  0]LogConfig: Setting CVar [[gc.AllowParallelGC:1]]
[2025.09.29-23.51.57:443][  0]LogConfig: Setting CVar [[gc.TimeBetweenPurgingPendingKillObjects:61.1]]
[2025.09.29-23.51.57:443][  0]LogConfig: Setting CVar [[gc.MaxObjectsInEditor:25165824]]
[2025.09.29-23.51.57:443][  0]LogConfig: Setting CVar [[gc.IncrementalBeginDestroyEnabled:1]]
[2025.09.29-23.51.57:443][  0]LogConfig: Setting CVar [[gc.CreateGCClusters:1]]
[2025.09.29-23.51.57:443][  0]LogConfig: Setting CVar [[gc.MinGCClusterSize:5]]
[2025.09.29-23.51.57:443][  0]LogConfig: Setting CVar [[gc.ActorClusteringEnabled:0]]
[2025.09.29-23.51.57:443][  0]LogConfig: Setting CVar [[gc.BlueprintClusteringEnabled:0]]
[2025.09.29-23.51.57:443][  0]LogConfig: Setting CVar [[gc.UseDisregardForGCOnDedicatedServers:0]]
[2025.09.29-23.51.57:443][  0]LogConfig: Setting CVar [[gc.MultithreadedDestructionEnabled:1]]
[2025.09.29-23.51.57:443][  0]LogConfig: Applying CVar settings from Section [/Script/Engine.NetworkSettings] File [C:/Users/PC/Documents/GitHub/TasteOfMadness/TasteOfMadness/Saved/Config/Windows/Engine.ini]
[2025.09.29-23.51.57:443][  0]LogConfig: Applying CVar settings from Section [/Script/UnrealEd.CookerSettings] File [C:/Users/PC/Documents/GitHub/TasteOfMadness/TasteOfMadness/Saved/Config/Windows/Engine.ini]
[2025.09.29-23.51.57:477][  0]LogConfig: Applying CVar settings from Section [ViewDistanceQuality@3] File [C:/Users/PC/Documents/GitHub/TasteOfMadness/TasteOfMadness/Saved/Config/Windows/Scalability.ini]
[2025.09.29-23.51.57:477][  0]LogConfig: Setting CVar [[r.SkeletalMeshLODBias:0]]
[2025.09.29-23.51.57:477][  0]LogConfig: Setting CVar [[r.ViewDistanceScale:1.0]]
[2025.09.29-23.51.57:477][  0]LogConfig: Applying CVar settings from Section [AntiAliasingQuality@3] File [C:/Users/PC/Documents/GitHub/TasteOfMadness/TasteOfMadness/Saved/Config/Windows/Scalability.ini]
[2025.09.29-23.51.57:477][  0]LogConfig: Setting CVar [[r.PostProcessAAQuality:4]]
[2025.09.29-23.51.57:477][  0]LogConfig: Applying CVar settings from Section [ShadowQuality@3] File [C:/Users/PC/Documents/GitHub/TasteOfMadness/TasteOfMadness/Saved/Config/Windows/Scalability.ini]
[2025.09.29-23.51.57:477][  0]LogConfig: Setting CVar [[r.LightFunctionQuality:1]]
[2025.09.29-23.51.57:477][  0]LogConfig: Setting CVar [[r.ShadowQuality:5]]
[2025.09.29-23.51.57:477][  0]LogConfig: Setting CVar [[r.Shadow.CSM.MaxCascades:10]]
[2025.09.29-23.51.57:477][  0]LogConfig: Setting CVar [[r.Shadow.MaxResolution:2048]]
[2025.09.29-23.51.57:477][  0]LogConfig: Setting CVar [[r.Shadow.MaxCSMResolution:2048]]
[2025.09.29-23.51.57:477][  0]LogConfig: Setting CVar [[r.Shadow.RadiusThreshold:0.01]]
[2025.09.29-23.51.57:477][  0]LogConfig: Setting CVar [[r.Shadow.DistanceScale:1.0]]
[2025.09.29-23.51.57:477][  0]LogConfig: Setting CVar [[r.Shadow.CSM.TransitionScale:1.0]]
[2025.09.29-23.51.57:477][  0]LogConfig: Setting CVar [[r.Shadow.PreShadowResolutionFactor:1.0]]
[2025.09.29-23.51.57:477][  0]LogConfig: Setting CVar [[r.DistanceFieldShadowing:1]]
[2025.09.29-23.51.57:477][  0]LogConfig: Setting CVar [[r.DistanceFieldAO:1]]
[2025.09.29-23.51.57:477][  0]LogConfig: Setting CVar [[r.AOQuality:2]]
[2025.09.29-23.51.57:477][  0]LogConfig: Setting CVar [[r.VolumetricFog:1]]
[2025.09.29-23.51.57:477][  0]LogConfig: Setting CVar [[r.VolumetricFog.GridPixelSize:8]]
[2025.09.29-23.51.57:477][  0]LogConfig: Setting CVar [[r.VolumetricFog.GridSizeZ:128]]
[2025.09.29-23.51.57:477][  0]LogConfig: Setting CVar [[r.VolumetricFog.HistoryMissSupersampleCount:4]]
[2025.09.29-23.51.57:477][  0]LogConfig: Setting CVar [[r.LightMaxDrawDistanceScale:1]]
[2025.09.29-23.51.57:477][  0]LogConfig: Setting CVar [[r.CapsuleShadows:1]]
[2025.09.29-23.51.57:477][  0]LogConfig: Applying CVar settings from Section [PostProcessQuality@3] File [C:/Users/PC/Documents/GitHub/TasteOfMadness/TasteOfMadness/Saved/Config/Windows/Scalability.ini]
[2025.09.29-23.51.57:477][  0]LogConfig: Setting CVar [[r.MotionBlurQuality:4]]
[2025.09.29-23.51.57:477][  0]LogConfig: Setting CVar [[r.AmbientOcclusionMipLevelFactor:0.4]]
[2025.09.29-23.51.57:477][  0]LogConfig: Setting CVar [[r.AmbientOcclusionMaxQuality:100]]
[2025.09.29-23.51.57:477][  0]LogConfig: Setting CVar [[r.AmbientOcclusionLevels:-1]]
[2025.09.29-23.51.57:477][  0]LogConfig: Setting CVar [[r.AmbientOcclusionRadiusScale:1.0]]
[2025.09.29-23.51.57:477][  0]LogConfig: Setting CVar [[r.DepthOfFieldQuality:2]]
[2025.09.29-23.51.57:477][  0]LogConfig: Setting CVar [[r.RenderTargetPoolMin:400]]
[2025.09.29-23.51.57:477][  0]LogConfig: Setting CVar [[r.LensFlareQuality:2]]
[2025.09.29-23.51.57:477][  0]LogConfig: Setting CVar [[r.SceneColorFringeQuality:1]]
[2025.09.29-23.51.57:478][  0]LogConfig: Setting CVar [[r.EyeAdaptationQuality:2]]
[2025.09.29-23.51.57:478][  0]LogConfig: Setting CVar [[r.BloomQuality:5]]
[2025.09.29-23.51.57:478][  0]LogConfig: Setting CVar [[r.FastBlurThreshold:100]]
[2025.09.29-23.51.57:478][  0]LogConfig: Setting CVar [[r.Upscale.Quality:3]]
[2025.09.29-23.51.57:478][  0]LogConfig: Setting CVar [[r.Tonemapper.GrainQuantization:1]]
[2025.09.29-23.51.57:478][  0]LogConfig: Setting CVar [[r.LightShaftQuality:1]]
[2025.09.29-23.51.57:478][  0]LogConfig: Setting CVar [[r.Filter.SizeScale:1]]
[2025.09.29-23.51.57:478][  0]LogConfig: Setting CVar [[r.Tonemapper.Quality:5]]
[2025.09.29-23.51.57:478][  0]LogConfig: Setting CVar [[r.DOF.Gather.AccumulatorQuality:1        ; higher gathering accumulator quality]]
[2025.09.29-23.51.57:478][  0]LogConfig: Setting CVar [[r.DOF.Gather.PostfilterMethod:1          ; Median3x3 postfilering method]]
[2025.09.29-23.51.57:478][  0]LogConfig: Setting CVar [[r.DOF.Gather.EnableBokehSettings:0       ; no bokeh simulation when gathering]]
[2025.09.29-23.51.57:478][  0]LogConfig: Setting CVar [[r.DOF.Gather.RingCount:4                 ; medium number of samples when gathering]]
[2025.09.29-23.51.57:478][  0]LogConfig: Setting CVar [[r.DOF.Scatter.ForegroundCompositing:1    ; additive foreground scattering]]
[2025.09.29-23.51.57:478][  0]LogConfig: Setting CVar [[r.DOF.Scatter.BackgroundCompositing:2    ; additive background scattering]]
[2025.09.29-23.51.57:478][  0]LogConfig: Setting CVar [[r.DOF.Scatter.EnableBokehSettings:1      ; bokeh simulation when scattering]]
[2025.09.29-23.51.57:478][  0]LogConfig: Setting CVar [[r.DOF.Scatter.MaxSpriteRatio:0.1         ; only a maximum of 10% of scattered bokeh]]
[2025.09.29-23.51.57:478][  0]LogConfig: Setting CVar [[r.DOF.Recombine.Quality:1                ; cheap slight out of focus]]
[2025.09.29-23.51.57:478][  0]LogConfig: Setting CVar [[r.DOF.Recombine.EnableBokehSettings:0    ; no bokeh simulation on slight out of focus]]
[2025.09.29-23.51.57:478][  0]LogConfig: Setting CVar [[r.DOF.TemporalAAQuality:1                ; more stable temporal accumulation]]
[2025.09.29-23.51.57:478][  0]LogConfig: Setting CVar [[r.DOF.Kernel.MaxForegroundRadius:0.025]]
[2025.09.29-23.51.57:478][  0]LogConfig: Setting CVar [[r.DOF.Kernel.MaxBackgroundRadius:0.025]]
[2025.09.29-23.51.57:478][  0]LogConfig: Applying CVar settings from Section [TextureQuality@3] File [C:/Users/PC/Documents/GitHub/TasteOfMadness/TasteOfMadness/Saved/Config/Windows/Scalability.ini]
[2025.09.29-23.51.57:478][  0]LogConfig: Setting CVar [[r.Streaming.MipBias:0]]
[2025.09.29-23.51.57:478][  0]LogConfig: Setting CVar [[r.Streaming.AmortizeCPUToGPUCopy:0]]
[2025.09.29-23.51.57:478][  0]LogConfig: Setting CVar [[r.Streaming.MaxNumTexturesToStreamPerFrame:0]]
[2025.09.29-23.51.57:478][  0]LogConfig: Setting CVar [[r.Streaming.Boost:1]]
[2025.09.29-23.51.57:478][  0]LogConfig: Setting CVar [[r.MaxAnisotropy:8]]
[2025.09.29-23.51.57:478][  0]LogConfig: Setting CVar [[r.VT.MaxAnisotropy:8]]
[2025.09.29-23.51.57:478][  0]LogConfig: Setting CVar [[r.Streaming.LimitPoolSizeToVRAM:0]]
[2025.09.29-23.51.57:478][  0]LogConfig: Setting CVar [[r.Streaming.PoolSize:1000]]
[2025.09.29-23.51.57:478][  0]LogConfig: Setting CVar [[r.Streaming.MaxEffectiveScreenSize:0]]
[2025.09.29-23.51.57:478][  0]LogConfig: Applying CVar settings from Section [EffectsQuality@3] File [C:/Users/PC/Documents/GitHub/TasteOfMadness/TasteOfMadness/Saved/Config/Windows/Scalability.ini]
[2025.09.29-23.51.57:478][  0]LogConfig: Setting CVar [[r.TranslucencyLightingVolumeDim:64]]
[2025.09.29-23.51.57:478][  0]LogConfig: Setting CVar [[r.RefractionQuality:2]]
[2025.09.29-23.51.57:478][  0]LogConfig: Setting CVar [[r.SSR.Quality:3]]
[2025.09.29-23.51.57:478][  0]LogConfig: Setting CVar [[r.SSR.HalfResSceneColor:0]]
[2025.09.29-23.51.57:478][  0]LogConfig: Setting CVar [[r.SceneColorFormat:4]]
[2025.09.29-23.51.57:478][  0]LogConfig: Setting CVar [[r.DetailMode:2]]
[2025.09.29-23.51.57:478][  0]LogConfig: Setting CVar [[r.TranslucencyVolumeBlur:1]]
[2025.09.29-23.51.57:478][  0]LogConfig: Setting CVar [[r.MaterialQualityLevel:1 ; High quality]]
[2025.09.29-23.51.57:478][  0]LogConfig: Setting CVar [[r.AnisotropicMaterials:1]]
[2025.09.29-23.51.57:478][  0]LogConfig: Setting CVar [[r.SSS.Scale:1]]
[2025.09.29-23.51.57:478][  0]LogConfig: Setting CVar [[r.SSS.SampleSet:2]]
[2025.09.29-23.51.57:478][  0]LogConfig: Setting CVar [[r.SSS.Quality:1]]
[2025.09.29-23.51.57:478][  0]LogConfig: Setting CVar [[r.SSS.HalfRes:0]]
[2025.09.29-23.51.57:478][  0]LogConfig: Setting CVar [[r.SSGI.Quality:3]]
[2025.09.29-23.51.57:478][  0]LogConfig: Setting CVar [[r.EmitterSpawnRateScale:1.0]]
[2025.09.29-23.51.57:478][  0]LogConfig: Setting CVar [[r.ParticleLightQuality:2]]
[2025.09.29-23.51.57:478][  0]LogConfig: Setting CVar [[r.SkyAtmosphere.AerialPerspectiveLUT.FastApplyOnOpaque:1 ; Always have FastSkyLUT 1 in this case to avoid wrong sky]]
[2025.09.29-23.51.57:478][  0]LogConfig: Setting CVar [[r.SkyAtmosphere.AerialPerspectiveLUT.SampleCountMaxPerSlice:4]]
[2025.09.29-23.51.57:478][  0]LogConfig: Setting CVar [[r.SkyAtmosphere.AerialPerspectiveLUT.DepthResolution:16.0]]
[2025.09.29-23.51.57:478][  0]LogConfig: Setting CVar [[r.SkyAtmosphere.FastSkyLUT:1]]
[2025.09.29-23.51.57:478][  0]LogConfig: Setting CVar [[r.SkyAtmosphere.FastSkyLUT.SampleCountMin:4.0]]
[2025.09.29-23.51.57:478][  0]LogConfig: Setting CVar [[r.SkyAtmosphere.FastSkyLUT.SampleCountMax:128.0]]
[2025.09.29-23.51.57:478][  0]LogConfig: Setting CVar [[r.SkyAtmosphere.SampleCountMin:4.0]]
[2025.09.29-23.51.57:478][  0]LogConfig: Setting CVar [[r.SkyAtmosphere.SampleCountMax:128.0]]
[2025.09.29-23.51.57:478][  0]LogConfig: Setting CVar [[r.SkyAtmosphere.TransmittanceLUT.UseSmallFormat:0]]
[2025.09.29-23.51.57:478][  0]LogConfig: Setting CVar [[r.SkyAtmosphere.TransmittanceLUT.SampleCount:10.0]]
[2025.09.29-23.51.57:478][  0]LogConfig: Setting CVar [[r.SkyAtmosphere.MultiScatteringLUT.SampleCount:15.0]]
[2025.09.29-23.51.57:478][  0]LogConfig: Setting CVar [[r.SkyLight.RealTimeReflectionCapture:1]]
[2025.09.29-23.51.57:478][  0]LogConfig: Applying CVar settings from Section [FoliageQuality@3] File [C:/Users/PC/Documents/GitHub/TasteOfMadness/TasteOfMadness/Saved/Config/Windows/Scalability.ini]
[2025.09.29-23.51.57:478][  0]LogConfig: Setting CVar [[foliage.DensityScale:1.0]]
[2025.09.29-23.51.57:478][  0]LogConfig: Setting CVar [[grass.DensityScale:1.0]]
[2025.09.29-23.51.57:478][  0]LogConfig: Applying CVar settings from Section [ShadingQuality@3] File [C:/Users/PC/Documents/GitHub/TasteOfMadness/TasteOfMadness/Saved/Config/Windows/Scalability.ini]
[2025.09.29-23.51.57:478][  0]LogConfig: Setting CVar [[r.HairStrands.SkyLighting.IntegrationType:2]]
[2025.09.29-23.51.57:478][  0]LogConfig: Setting CVar [[r.HairStrands.SkyAO.SampleCount:4]]
[2025.09.29-23.51.57:478][  0]LogConfig: Setting CVar [[r.HairStrands.Visibility.MSAA.SamplePerPixel:4]]
[2025.09.29-23.51.57:478][  0]LogInit: Selected Device Profile: [Windows]
[2025.09.29-23.51.57:478][  0]LogInit: Applying CVar settings loaded from the selected device profile: [Windows]
[2025.09.29-23.51.57:478][  0]LogHAL: Display: Platform has ~ 24 GB [25689112576 / 34359738368 / 24], which maps to Larger [LargestMinGB=32, LargerMinGB=12, DefaultMinGB=8, SmallerMinGB=6, SmallestMinGB=0)
[2025.09.29-23.51.57:478][  0]LogInit: Going up to parent DeviceProfile []
[2025.09.29-23.51.57:478][  0]LogConfig: Applying CVar settings from Section [ViewDistanceQuality@3] File [C:/Users/PC/Documents/GitHub/TasteOfMadness/TasteOfMadness/Saved/Config/Windows/Scalability.ini]
[2025.09.29-23.51.57:478][  0]LogConfig: Setting CVar [[r.SkeletalMeshLODBias:0]]
[2025.09.29-23.51.57:478][  0]LogConfig: Setting CVar [[r.ViewDistanceScale:1.0]]
[2025.09.29-23.51.57:478][  0]LogConfig: Applying CVar settings from Section [AntiAliasingQuality@3] File [C:/Users/PC/Documents/GitHub/TasteOfMadness/TasteOfMadness/Saved/Config/Windows/Scalability.ini]
[2025.09.29-23.51.57:478][  0]LogConfig: Setting CVar [[r.PostProcessAAQuality:4]]
[2025.09.29-23.51.57:478][  0]LogConfig: Applying CVar settings from Section [ShadowQuality@3] File [C:/Users/PC/Documents/GitHub/TasteOfMadness/TasteOfMadness/Saved/Config/Windows/Scalability.ini]
[2025.09.29-23.51.57:478][  0]LogConfig: Setting CVar [[r.LightFunctionQuality:1]]
[2025.09.29-23.51.57:478][  0]LogConfig: Setting CVar [[r.ShadowQuality:5]]
[2025.09.29-23.51.57:478][  0]LogConfig: Setting CVar [[r.Shadow.CSM.MaxCascades:10]]
[2025.09.29-23.51.57:478][  0]LogConfig: Setting CVar [[r.Shadow.MaxResolution:2048]]
[2025.09.29-23.51.57:478][  0]LogConfig: Setting CVar [[r.Shadow.MaxCSMResolution:2048]]
[2025.09.29-23.51.57:478][  0]LogConfig: Setting CVar [[r.Shadow.RadiusThreshold:0.01]]
[2025.09.29-23.51.57:478][  0]LogConfig: Setting CVar [[r.Shadow.DistanceScale:1.0]]
[2025.09.29-23.51.57:479][  0]LogConfig: Setting CVar [[r.Shadow.CSM.TransitionScale:1.0]]
[2025.09.29-23.51.57:479][  0]LogConfig: Setting CVar [[r.Shadow.PreShadowResolutionFactor:1.0]]
[2025.09.29-23.51.57:479][  0]LogConfig: Setting CVar [[r.DistanceFieldShadowing:1]]
[2025.09.29-23.51.57:479][  0]LogConfig: Setting CVar [[r.DistanceFieldAO:1]]
[2025.09.29-23.51.57:479][  0]LogConfig: Setting CVar [[r.AOQuality:2]]
[2025.09.29-23.51.57:479][  0]LogConfig: Setting CVar [[r.VolumetricFog:1]]
[2025.09.29-23.51.57:479][  0]LogConfig: Setting CVar [[r.VolumetricFog.GridPixelSize:8]]
[2025.09.29-23.51.57:479][  0]LogConfig: Setting CVar [[r.VolumetricFog.GridSizeZ:128]]
[2025.09.29-23.51.57:479][  0]LogConfig: Setting CVar [[r.VolumetricFog.HistoryMissSupersampleCount:4]]
[2025.09.29-23.51.57:479][  0]LogConfig: Setting CVar [[r.LightMaxDrawDistanceScale:1]]
[2025.09.29-23.51.57:479][  0]LogConfig: Setting CVar [[r.CapsuleShadows:1]]
[2025.09.29-23.51.57:479][  0]LogConfig: Applying CVar settings from Section [PostProcessQuality@3] File [C:/Users/PC/Documents/GitHub/TasteOfMadness/TasteOfMadness/Saved/Config/Windows/Scalability.ini]
[2025.09.29-23.51.57:479][  0]LogConfig: Setting CVar [[r.MotionBlurQuality:4]]
[2025.09.29-23.51.57:479][  0]LogConfig: Setting CVar [[r.AmbientOcclusionMipLevelFactor:0.4]]
[2025.09.29-23.51.57:479][  0]LogConfig: Setting CVar [[r.AmbientOcclusionMaxQuality:100]]
[2025.09.29-23.51.57:479][  0]LogConfig: Setting CVar [[r.AmbientOcclusionLevels:-1]]
[2025.09.29-23.51.57:479][  0]LogConfig: Setting CVar [[r.AmbientOcclusionRadiusScale:1.0]]
[2025.09.29-23.51.57:479][  0]LogConfig: Setting CVar [[r.DepthOfFieldQuality:2]]
[2025.09.29-23.51.57:479][  0]LogConfig: Setting CVar [[r.RenderTargetPoolMin:400]]
[2025.09.29-23.51.57:479][  0]LogConfig: Setting CVar [[r.LensFlareQuality:2]]
[2025.09.29-23.51.57:479][  0]LogConfig: Setting CVar [[r.SceneColorFringeQuality:1]]
[2025.09.29-23.51.57:479][  0]LogConfig: Setting CVar [[r.EyeAdaptationQuality:2]]
[2025.09.29-23.51.57:479][  0]LogConfig: Setting CVar [[r.BloomQuality:5]]
[2025.09.29-23.51.57:479][  0]LogConfig: Setting CVar [[r.FastBlurThreshold:100]]
[2025.09.29-23.51.57:479][  0]LogConfig: Setting CVar [[r.Upscale.Quality:3]]
[2025.09.29-23.51.57:479][  0]LogConfig: Setting CVar [[r.Tonemapper.GrainQuantization:1]]
[2025.09.29-23.51.57:479][  0]LogConfig: Setting CVar [[r.LightShaftQuality:1]]
[2025.09.29-23.51.57:479][  0]LogConfig: Setting CVar [[r.Filter.SizeScale:1]]
[2025.09.29-23.51.57:479][  0]LogConfig: Setting CVar [[r.Tonemapper.Quality:5]]
[2025.09.29-23.51.57:479][  0]LogConfig: Setting CVar [[r.DOF.Gather.AccumulatorQuality:1        ; higher gathering accumulator quality]]
[2025.09.29-23.51.57:479][  0]LogConfig: Setting CVar [[r.DOF.Gather.PostfilterMethod:1          ; Median3x3 postfilering method]]
[2025.09.29-23.51.57:479][  0]LogConfig: Setting CVar [[r.DOF.Gather.EnableBokehSettings:0       ; no bokeh simulation when gathering]]
[2025.09.29-23.51.57:479][  0]LogConfig: Setting CVar [[r.DOF.Gather.RingCount:4                 ; medium number of samples when gathering]]
[2025.09.29-23.51.57:479][  0]LogConfig: Setting CVar [[r.DOF.Scatter.ForegroundCompositing:1    ; additive foreground scattering]]
[2025.09.29-23.51.57:479][  0]LogConfig: Setting CVar [[r.DOF.Scatter.BackgroundCompositing:2    ; additive background scattering]]
[2025.09.29-23.51.57:479][  0]LogConfig: Setting CVar [[r.DOF.Scatter.EnableBokehSettings:1      ; bokeh simulation when scattering]]
[2025.09.29-23.51.57:479][  0]LogConfig: Setting CVar [[r.DOF.Scatter.MaxSpriteRatio:0.1         ; only a maximum of 10% of scattered bokeh]]
[2025.09.29-23.51.57:479][  0]LogConfig: Setting CVar [[r.DOF.Recombine.Quality:1                ; cheap slight out of focus]]
[2025.09.29-23.51.57:479][  0]LogConfig: Setting CVar [[r.DOF.Recombine.EnableBokehSettings:0    ; no bokeh simulation on slight out of focus]]
[2025.09.29-23.51.57:479][  0]LogConfig: Setting CVar [[r.DOF.TemporalAAQuality:1                ; more stable temporal accumulation]]
[2025.09.29-23.51.57:479][  0]LogConfig: Setting CVar [[r.DOF.Kernel.MaxForegroundRadius:0.025]]
[2025.09.29-23.51.57:479][  0]LogConfig: Setting CVar [[r.DOF.Kernel.MaxBackgroundRadius:0.025]]
[2025.09.29-23.51.57:479][  0]LogConfig: Applying CVar settings from Section [TextureQuality@3] File [C:/Users/PC/Documents/GitHub/TasteOfMadness/TasteOfMadness/Saved/Config/Windows/Scalability.ini]
[2025.09.29-23.51.57:479][  0]LogConfig: Setting CVar [[r.Streaming.MipBias:0]]
[2025.09.29-23.51.57:479][  0]LogConfig: Setting CVar [[r.Streaming.AmortizeCPUToGPUCopy:0]]
[2025.09.29-23.51.57:479][  0]LogConfig: Setting CVar [[r.Streaming.MaxNumTexturesToStreamPerFrame:0]]
[2025.09.29-23.51.57:479][  0]LogConfig: Setting CVar [[r.Streaming.Boost:1]]
[2025.09.29-23.51.57:479][  0]LogConfig: Setting CVar [[r.MaxAnisotropy:8]]
[2025.09.29-23.51.57:479][  0]LogConfig: Setting CVar [[r.VT.MaxAnisotropy:8]]
[2025.09.29-23.51.57:479][  0]LogConfig: Setting CVar [[r.Streaming.LimitPoolSizeToVRAM:0]]
[2025.09.29-23.51.57:479][  0]LogConfig: Setting CVar [[r.Streaming.PoolSize:1000]]
[2025.09.29-23.51.57:479][  0]LogConfig: Setting CVar [[r.Streaming.MaxEffectiveScreenSize:0]]
[2025.09.29-23.51.57:479][  0]LogConfig: Applying CVar settings from Section [EffectsQuality@3] File [C:/Users/PC/Documents/GitHub/TasteOfMadness/TasteOfMadness/Saved/Config/Windows/Scalability.ini]
[2025.09.29-23.51.57:479][  0]LogConfig: Setting CVar [[r.TranslucencyLightingVolumeDim:64]]
[2025.09.29-23.51.57:479][  0]LogConfig: Setting CVar [[r.RefractionQuality:2]]
[2025.09.29-23.51.57:479][  0]LogConfig: Setting CVar [[r.SSR.Quality:3]]
[2025.09.29-23.51.57:479][  0]LogConfig: Setting CVar [[r.SSR.HalfResSceneColor:0]]
[2025.09.29-23.51.57:479][  0]LogConfig: Setting CVar [[r.SceneColorFormat:4]]
[2025.09.29-23.51.57:479][  0]LogConfig: Setting CVar [[r.DetailMode:2]]
[2025.09.29-23.51.57:479][  0]LogConfig: Setting CVar [[r.TranslucencyVolumeBlur:1]]
[2025.09.29-23.51.57:479][  0]LogConfig: Setting CVar [[r.MaterialQualityLevel:1 ; High quality]]
[2025.09.29-23.51.57:479][  0]LogConfig: Setting CVar [[r.AnisotropicMaterials:1]]
[2025.09.29-23.51.57:479][  0]LogConfig: Setting CVar [[r.SSS.Scale:1]]
[2025.09.29-23.51.57:479][  0]LogConfig: Setting CVar [[r.SSS.SampleSet:2]]
[2025.09.29-23.51.57:479][  0]LogConfig: Setting CVar [[r.SSS.Quality:1]]
[2025.09.29-23.51.57:479][  0]LogConfig: Setting CVar [[r.SSS.HalfRes:0]]
[2025.09.29-23.51.57:479][  0]LogConfig: Setting CVar [[r.SSGI.Quality:3]]
[2025.09.29-23.51.57:479][  0]LogConfig: Setting CVar [[r.EmitterSpawnRateScale:1.0]]
[2025.09.29-23.51.57:479][  0]LogConfig: Setting CVar [[r.ParticleLightQuality:2]]
[2025.09.29-23.51.57:479][  0]LogConfig: Setting CVar [[r.SkyAtmosphere.AerialPerspectiveLUT.FastApplyOnOpaque:1 ; Always have FastSkyLUT 1 in this case to avoid wrong sky]]
[2025.09.29-23.51.57:479][  0]LogConfig: Setting CVar [[r.SkyAtmosphere.AerialPerspectiveLUT.SampleCountMaxPerSlice:4]]
[2025.09.29-23.51.57:479][  0]LogConfig: Setting CVar [[r.SkyAtmosphere.AerialPerspectiveLUT.DepthResolution:16.0]]
[2025.09.29-23.51.57:479][  0]LogConfig: Setting CVar [[r.SkyAtmosphere.FastSkyLUT:1]]
[2025.09.29-23.51.57:479][  0]LogConfig: Setting CVar [[r.SkyAtmosphere.FastSkyLUT.SampleCountMin:4.0]]
[2025.09.29-23.51.57:479][  0]LogConfig: Setting CVar [[r.SkyAtmosphere.FastSkyLUT.SampleCountMax:128.0]]
[2025.09.29-23.51.57:479][  0]LogConfig: Setting CVar [[r.SkyAtmosphere.SampleCountMin:4.0]]
[2025.09.29-23.51.57:479][  0]LogConfig: Setting CVar [[r.SkyAtmosphere.SampleCountMax:128.0]]
[2025.09.29-23.51.57:479][  0]LogConfig: Setting CVar [[r.SkyAtmosphere.TransmittanceLUT.UseSmallFormat:0]]
[2025.09.29-23.51.57:479][  0]LogConfig: Setting CVar [[r.SkyAtmosphere.TransmittanceLUT.SampleCount:10.0]]
[2025.09.29-23.51.57:479][  0]LogConfig: Setting CVar [[r.SkyAtmosphere.MultiScatteringLUT.SampleCount:15.0]]
[2025.09.29-23.51.57:479][  0]LogConfig: Setting CVar [[r.SkyLight.RealTimeReflectionCapture:1]]
[2025.09.29-23.51.57:479][  0]LogConfig: Applying CVar settings from Section [FoliageQuality@3] File [C:/Users/PC/Documents/GitHub/TasteOfMadness/TasteOfMadness/Saved/Config/Windows/Scalability.ini]
[2025.09.29-23.51.57:479][  0]LogConfig: Setting CVar [[foliage.DensityScale:1.0]]
[2025.09.29-23.51.57:479][  0]LogConfig: Setting CVar [[grass.DensityScale:1.0]]
[2025.09.29-23.51.57:479][  0]LogConfig: Applying CVar settings from Section [ShadingQuality@3] File [C:/Users/PC/Documents/GitHub/TasteOfMadness/TasteOfMadness/Saved/Config/Windows/Scalability.ini]
[2025.09.29-23.51.57:479][  0]LogConfig: Setting CVar [[r.HairStrands.SkyLighting.IntegrationType:2]]
[2025.09.29-23.51.57:479][  0]LogConfig: Setting CVar [[r.HairStrands.SkyAO.SampleCount:4]]
[2025.09.29-23.51.57:479][  0]LogConfig: Setting CVar [[r.HairStrands.Visibility.MSAA.SamplePerPixel:4]]
[2025.09.29-23.51.57:479][  0]LogConfig: Applying CVar settings from Section [Startup] File [../../../Engine/Config/ConsoleVariables.ini]
[2025.09.29-23.51.57:480][  0]LogConfig: Setting CVar [[net.UseAdaptiveNetUpdateFrequency:0]]
[2025.09.29-23.51.57:480][  0]LogConfig: Setting CVar [[p.chaos.AllowCreatePhysxBodies:1]]
[2025.09.29-23.51.57:480][  0]LogConfig: Setting CVar [[fx.SkipVectorVMBackendOptimizations:1]]
[2025.09.29-23.51.57:480][  0]LogConfig: Applying CVar settings from Section [ConsoleVariables] File [C:/Users/PC/Documents/GitHub/TasteOfMadness/TasteOfMadness/Saved/Config/Windows/Engine.ini]
[2025.09.29-23.51.57:480][  0]LogConfig: Applying CVar settings from Section [ConsoleVariables] File [C:/Users/PC/Documents/GitHub/TasteOfMadness/TasteOfMadness/Saved/Config/Windows/Editor.ini]
[2025.09.29-23.51.57:480][  0]LogInit: Computer: DESKTOP-QFES4I7
[2025.09.29-23.51.57:480][  0]LogInit: User: PC
[2025.09.29-23.51.57:480][  0]LogInit: CPU Page size=4096, Cores=6
[2025.09.29-23.51.57:480][  0]LogInit: High frequency timer resolution =10.000000 MHz
[2025.09.29-23.51.57:480][  0]LogMemory: Memory total: Physical=23.9GB (24GB approx)
[2025.09.29-23.51.57:480][  0]LogMemory: Platform Memory Stats for Windows
[2025.09.29-23.51.57:480][  0]LogMemory: Process Physical Memory: 143.71 MB used, 143.71 MB peak
[2025.09.29-23.51.57:480][  0]LogMemory: Process Virtual Memory: 129.73 MB used, 129.73 MB peak
[2025.09.29-23.51.57:480][  0]LogMemory: Physical Memory: 9919.62 MB used,  14579.42 MB free, 24499.05 MB total
[2025.09.29-23.51.57:480][  0]LogMemory: Virtual Memory: 134205304.00 MB used,  12422.04 MB free, 134217728.00 MB total
[2025.09.29-23.51.57:485][  0]LogWindows: WindowsPlatformFeatures enabled
[2025.09.29-23.51.57:519][  0]LogInit: Physics initialised using underlying interface: PhysX
[2025.09.29-23.51.57:520][  0]LogInit: Using OS detected language (es-MX).
[2025.09.29-23.51.57:520][  0]LogInit: Using OS detected locale (es-MX).
[2025.09.29-23.51.57:521][  0]LogTextLocalizationResource: LocRes '../../../Engine/Content/Localization/Editor/es-MX/Editor.locres' could not be opened for reading!
[2025.09.29-23.51.57:521][  0]LogTextLocalizationResource: LocRes '../../../Engine/Content/Localization/EditorTutorials/es-MX/EditorTutorials.locres' could not be opened for reading!
[2025.09.29-23.51.57:521][  0]LogTextLocalizationResource: LocRes '../../../Engine/Content/Localization/Keywords/es-MX/Keywords.locres' could not be opened for reading!
[2025.09.29-23.51.57:521][  0]LogTextLocalizationResource: LocRes '../../../Engine/Content/Localization/Category/es-MX/Category.locres' could not be opened for reading!
[2025.09.29-23.51.57:521][  0]LogTextLocalizationResource: LocRes '../../../Engine/Content/Localization/ToolTips/es-MX/ToolTips.locres' could not be opened for reading!
[2025.09.29-23.51.57:521][  0]LogTextLocalizationResource: LocRes '../../../Engine/Content/Localization/PropertyNames/es-MX/PropertyNames.locres' could not be opened for reading!
[2025.09.29-23.51.57:521][  0]LogTextLocalizationResource: LocRes '../../../Engine/Content/Localization/Engine/es-MX/Engine.locres' could not be opened for reading!
[2025.09.29-23.51.57:521][  0]LogTextLocalizationResource: LocRes '../../../Engine/Plugins/Online/OnlineSubsystemUtils/Content/Localization/OnlineSubsystemUtils/es-MX/OnlineSubsystemUtils.locres' could not be opened for reading!
[2025.09.29-23.51.57:521][  0]LogTextLocalizationResource: LocRes '../../../Engine/Plugins/Online/Android/OnlineSubsystemGooglePlay/Content/Localization/OnlineSubsystemGooglePlay/es-MX/OnlineSubsystemGooglePlay.locres' could not be opened for reading!
[2025.09.29-23.51.57:521][  0]LogTextLocalizationResource: LocRes '../../../Engine/Plugins/Online/IOS/OnlineSubsystemIOS/Content/Localization/OnlineSubsystemIOS/es-MX/OnlineSubsystemIOS.locres' could not be opened for reading!
[2025.09.29-23.51.57:543][  0]LogInit: Setting process to per monitor DPI aware
[2025.09.29-23.51.57:561][  0]LogWindowsTextInputMethodSystem: Display: IME system deactivated.
[2025.09.29-23.51.57:573][  0]LogSlate: New Slate User Created.  User Index 0, Is Virtual User: 0
[2025.09.29-23.51.57:573][  0]LogSlate: Slate User Registered.  User Index 0, Is Virtual User: 0
[2025.09.29-23.51.57:675][  0]LogD3D11RHI: Loaded GFSDK_Aftermath_Lib.x64.dll
[2025.09.29-23.51.57:677][  0]LogHMD: Failed to initialize OpenVR with code 110
[2025.09.29-23.51.57:677][  0]LogD3D11RHI: D3D11 min allowed feature level: 11_0
[2025.09.29-23.51.57:677][  0]LogD3D11RHI: D3D11 max allowed feature level: 11_0
[2025.09.29-23.51.57:677][  0]LogD3D11RHI: D3D11 adapters:
[2025.09.29-23.51.57:837][  0]LogD3D11RHI:    0. 'NVIDIA GeForce RTX 3060' (Feature Level 11_0)
[2025.09.29-23.51.57:837][  0]LogD3D11RHI:       12115/0/12249 MB DedicatedVideo/DedicatedSystem/SharedSystem, Outputs:1, VendorId:0x10de
[2025.09.29-23.51.57:839][  0]LogD3D11RHI:    1. 'Microsoft Basic Render Driver' (Feature Level 11_0)
[2025.09.29-23.51.57:839][  0]LogD3D11RHI:       0/0/12249 MB DedicatedVideo/DedicatedSystem/SharedSystem, Outputs:0, VendorId:0x1414
[2025.09.29-23.51.57:839][  0]LogD3D11RHI: Chosen D3D11 Adapter:
[2025.09.29-23.51.57:839][  0]LogD3D11RHI:     Description : NVIDIA GeForce RTX 3060
[2025.09.29-23.51.57:839][  0]LogD3D11RHI:     VendorId    : 10de
[2025.09.29-23.51.57:839][  0]LogD3D11RHI:     DeviceId    : 2504
[2025.09.29-23.51.57:839][  0]LogD3D11RHI:     SubSysId    : 397d1462
[2025.09.29-23.51.57:839][  0]LogD3D11RHI:     Revision    : 00a1
[2025.09.29-23.51.57:839][  0]LogD3D11RHI:     DedicatedVideoMemory : 12703498240 bytes
[2025.09.29-23.51.57:839][  0]LogD3D11RHI:     DedicatedSystemMemory : 0 bytes
[2025.09.29-23.51.57:839][  0]LogD3D11RHI:     SharedSystemMemory : 12844556288 bytes
[2025.09.29-23.51.57:839][  0]LogD3D11RHI:     AdapterLuid : 0 78219
[2025.09.29-23.51.57:847][  0]LogD3D11RHI: Creating new Direct3DDevice
[2025.09.29-23.51.57:847][  0]LogD3D11RHI:     GPU DeviceId: 0x2504 (for the marketing name, search the web for "GPU Device Id")
[2025.09.29-23.51.57:847][  0]LogWindows: EnumDisplayDevices:
[2025.09.29-23.51.57:847][  0]LogWindows:    0. 'NVIDIA GeForce RTX 3060' (P:1 D:1)
[2025.09.29-23.51.57:847][  0]LogWindows:    1. 'NVIDIA GeForce RTX 3060' (P:0 D:0)
[2025.09.29-23.51.57:847][  0]LogWindows:    2. 'NVIDIA GeForce RTX 3060' (P:0 D:0)
[2025.09.29-23.51.57:848][  0]LogWindows:    3. 'NVIDIA GeForce RTX 3060' (P:0 D:0)
[2025.09.29-23.51.57:848][  0]LogWindows: DebugString: FoundDriverCount:4 
[2025.09.29-23.51.57:848][  0]LogD3D11RHI:     Adapter Name: NVIDIA GeForce RTX 3060
[2025.09.29-23.51.57:848][  0]LogD3D11RHI:   Driver Version: 581.29 (internal:32.0.15.8129, unified:581.29)
[2025.09.29-23.51.57:848][  0]LogD3D11RHI:      Driver Date: 9-5-2025
[2025.09.29-23.51.57:848][  0]LogRHI: Texture pool is 8480 MB (70% of 12115 MB)
[2025.09.29-23.51.57:848][  0]LogD3D11RHI: Creating D3DDevice using adapter:
[2025.09.29-23.51.57:848][  0]LogD3D11RHI:     Description : NVIDIA GeForce RTX 3060
[2025.09.29-23.51.57:848][  0]LogD3D11RHI:     VendorId    : 10de
[2025.09.29-23.51.57:848][  0]LogD3D11RHI:     DeviceId    : 2504
[2025.09.29-23.51.57:848][  0]LogD3D11RHI:     SubSysId    : 397d1462
[2025.09.29-23.51.57:848][  0]LogD3D11RHI:     Revision    : 00a1
[2025.09.29-23.51.57:848][  0]LogD3D11RHI:     DedicatedVideoMemory : 12703498240 bytes
[2025.09.29-23.51.57:848][  0]LogD3D11RHI:     DedicatedSystemMemory : 0 bytes
[2025.09.29-23.51.57:848][  0]LogD3D11RHI:     SharedSystemMemory : 12844556288 bytes
[2025.09.29-23.51.57:848][  0]LogD3D11RHI:     AdapterLuid : 0 78219
[2025.09.29-23.51.57:963][  0]LogD3D11RHI: RHI has support for 64 bit atomics
[2025.09.29-23.51.57:963][  0]LogD3D11RHI: Async texture creation enabled
[2025.09.29-23.51.57:963][  0]LogD3D11RHI: Array index from any shader is supported
[2025.09.29-23.51.57:978][  0]LogD3D11RHI: GPU Timing Frequency: 1000.000000 (Debug: 2 1)
[2025.09.29-23.51.58:000][  0]LogRHI: GeForceNow SDK initialized: 1
[2025.09.29-23.51.58:218][  0]LogTargetPlatformManager: Display: Loaded TargetPlatform 'AllDesktop'
[2025.09.29-23.51.58:235][  0]LogTargetPlatformManager: Display: Loaded TargetPlatform 'Android'
[2025.09.29-23.51.58:235][  0]LogTargetPlatformManager: Display: Loaded TargetPlatform 'Android_ASTC'
[2025.09.29-23.51.58:235][  0]LogTargetPlatformManager: Display: Loaded TargetPlatform 'Android_DXT'
[2025.09.29-23.51.58:235][  0]LogTargetPlatformManager: Display: Loaded TargetPlatform 'Android_ETC2'
[2025.09.29-23.51.58:235][  0]LogTargetPlatformManager: Display: Loaded TargetPlatform 'AndroidClient'
[2025.09.29-23.51.58:235][  0]LogTargetPlatformManager: Display: Loaded TargetPlatform 'Android_ASTCClient'
[2025.09.29-23.51.58:235][  0]LogTargetPlatformManager: Display: Loaded TargetPlatform 'Android_DXTClient'
[2025.09.29-23.51.58:235][  0]LogTargetPlatformManager: Display: Loaded TargetPlatform 'Android_ETC2Client'
[2025.09.29-23.51.58:235][  0]LogTargetPlatformManager: Display: Loaded TargetPlatform 'Android_Multi'
[2025.09.29-23.51.58:235][  0]LogTargetPlatformManager: Display: Loaded TargetPlatform 'Android_MultiClient'
[2025.09.29-23.51.58:249][  0]LogTargetPlatformManager: Display: Loaded TargetPlatform 'IOSClient'
[2025.09.29-23.51.58:249][  0]LogTargetPlatformManager: Display: Loaded TargetPlatform 'IOS'
[2025.09.29-23.51.58:256][  0]LogTargetPlatformManager: Display: Loaded TargetPlatform 'Linux'
[2025.09.29-23.51.58:260][  0]LogTargetPlatformManager: Display: Loaded TargetPlatform 'LinuxNoEditor'
[2025.09.29-23.51.58:264][  0]LogTargetPlatformManager: Display: Loaded TargetPlatform 'LinuxClient'
[2025.09.29-23.51.58:268][  0]LogTargetPlatformManager: Display: Loaded TargetPlatform 'LinuxServer'
[2025.09.29-23.51.58:274][  0]LogTargetPlatformManager: Display: Loaded TargetPlatform 'LinuxAArch64NoEditor'
[2025.09.29-23.51.58:278][  0]LogTargetPlatformManager: Display: Loaded TargetPlatform 'LinuxAArch64Client'
[2025.09.29-23.51.58:282][  0]LogTargetPlatformManager: Display: Loaded TargetPlatform 'LinuxAArch64Server'
[2025.09.29-23.51.58:299][  0]LogTargetPlatformManager: Display: Loaded TargetPlatform 'Lumin'
[2025.09.29-23.51.58:299][  0]LogTargetPlatformManager: Display: Loaded TargetPlatform 'LuminClient'
[2025.09.29-23.51.58:305][  0]LogTargetPlatformManager: Display: Loaded TargetPlatform 'MacNoEditor'
[2025.09.29-23.51.58:308][  0]LogTargetPlatformManager: Display: Loaded TargetPlatform 'Mac'
[2025.09.29-23.51.58:312][  0]LogTargetPlatformManager: Display: Loaded TargetPlatform 'MacClient'
[2025.09.29-23.51.58:315][  0]LogTargetPlatformManager: Display: Loaded TargetPlatform 'MacServer'
[2025.09.29-23.51.58:323][  0]LogTargetPlatformManager: Display: Loaded TargetPlatform 'TVOSClient'
[2025.09.29-23.51.58:323][  0]LogTargetPlatformManager: Display: Loaded TargetPlatform 'TVOS'
[2025.09.29-23.51.58:329][  0]LogTargetPlatformManager: Display: Loaded TargetPlatform 'WindowsNoEditor'
[2025.09.29-23.51.58:333][  0]LogTargetPlatformManager: Display: Loaded TargetPlatform 'Windows'
[2025.09.29-23.51.58:337][  0]LogTargetPlatformManager: Display: Loaded TargetPlatform 'WindowsClient'
[2025.09.29-23.51.58:341][  0]LogTargetPlatformManager: Display: Loaded TargetPlatform 'WindowsServer'
[2025.09.29-23.51.58:341][  0]LogTargetPlatformManager: Display: Building Assets For Windows
[2025.09.29-23.51.58:346][  0]LogAudioDebug: Display: Lib vorbis DLL was dynamically loaded.
[2025.09.29-23.51.58:368][  0]LogTextureFormatOodle: Display: Oodle Texture 2.9.0 init RDO Off
[2025.09.29-23.51.58:392][  0]LogRendererCore: Ray tracing is disabled. Reason: r.RayTracing=0.
[2025.09.29-23.51.58:392][  0]LogShaderCompilers: Guid format shader working directory is -16 characters bigger than the processId version (C:/Users/PC/Documents/GitHub/TasteOfMadness/TasteOfMadness/Intermediate/Shaders/WorkingDirectory/29920/).
[2025.09.29-23.51.58:392][  0]LogShaderCompilers: Cleaned the shader compiler working directory 'C:/Users/PC/AppData/Local/Temp/UnrealShaderWorkingDir/FC72357F49731BAD1E4A60B46B157C5B/'.
[2025.09.29-23.51.58:392][  0]LogXGEController: Cannot use XGE Controller as Incredibuild is not installed on this machine.
[2025.09.29-23.51.58:392][  0]LogShaderCompilers: Cannot use XGE Shader Compiler as Incredibuild is not installed on this machine.
[2025.09.29-23.51.58:392][  0]LogShaderCompilers: Display: Using Local Shader Compiler.
[2025.09.29-23.51.59:059][  0]LogDerivedDataCache: Display: Max Cache Size: 512 MB
[2025.09.29-23.51.59:123][  0]LogDerivedDataCache: Loaded boot cache 0.06s 94MB C:/Users/PC/AppData/Local/UnrealEngine/4.27/DerivedDataCache/Boot.ddc.
[2025.09.29-23.51.59:123][  0]LogDerivedDataCache: Display: Loaded Boot cache: C:/Users/PC/AppData/Local/UnrealEngine/4.27/DerivedDataCache/Boot.ddc
[2025.09.29-23.51.59:123][  0]LogDerivedDataCache: FDerivedDataBackendGraph:  Pak pak cache file C:/Users/PC/Documents/GitHub/TasteOfMadness/TasteOfMadness/DerivedDataCache/DDC.ddp not found, will not use a pak cache.
[2025.09.29-23.51.59:123][  0]LogDerivedDataCache: Unable to find inner node Pak for hierarchical cache Hierarchy.
[2025.09.29-23.51.59:123][  0]LogDerivedDataCache: FDerivedDataBackendGraph:  CompressedPak pak cache file C:/Users/PC/Documents/GitHub/TasteOfMadness/TasteOfMadness/DerivedDataCache/Compressed.ddp not found, will not use a pak cache.
[2025.09.29-23.51.59:123][  0]LogDerivedDataCache: Unable to find inner node CompressedPak for hierarchical cache Hierarchy.
[2025.09.29-23.51.59:139][  0]LogDerivedDataCache: Display: Pak cache opened for reading ../../../Engine/DerivedDataCache/Compressed.ddp.
[2025.09.29-23.51.59:139][  0]LogDerivedDataCache: FDerivedDataBackendGraph:  EnterprisePak pak cache file ../../../Enterprise/DerivedDataCache/Compressed.ddp not found, will not use a pak cache.
[2025.09.29-23.51.59:139][  0]LogDerivedDataCache: Unable to find inner node EnterprisePak for hierarchical cache Hierarchy.
[2025.09.29-23.51.59:145][  0]LogDerivedDataCache: Speed tests for C:/Users/PC/AppData/Local/UnrealEngine/Common/DerivedDataCache took 0.01 seconds
[2025.09.29-23.51.59:145][  0]LogDerivedDataCache: Display: Performance to C:/Users/PC/AppData/Local/UnrealEngine/Common/DerivedDataCache: Latency=0.04ms. RandomReadSpeed=1295.19MBs, RandomWriteSpeed=190.89MBs. Assigned SpeedClass 'Local'
[2025.09.29-23.51.59:147][  0]LogDerivedDataCache: Using Local data cache path C:/Users/PC/AppData/Local/UnrealEngine/Common/DerivedDataCache: Writable
[2025.09.29-23.51.59:147][  0]LogDerivedDataCache: Shared data cache path not found in *engine.ini, will not use an Shared cache.
[2025.09.29-23.51.59:147][  0]LogDerivedDataCache: Unable to find inner node Shared for hierarchical cache Hierarchy.
[2025.09.29-23.51.59:192][  0]LogSlate: Using FreeType 2.10.0
[2025.09.29-23.51.59:192][  0]LogSlate: SlateFontServices - WITH_FREETYPE: 1, WITH_HARFBUZZ: 1
[2025.09.29-23.51.59:215][  0]LogAssetRegistry: FAssetRegistry took 0.0023 seconds to start up
[2025.09.29-23.51.59:428][  0]LogInit: Selected Device Profile: [Windows]
[2025.09.29-23.51.59:428][  0]LogInit: Active device profile: [0000018B2592CB00][0000018B265574C0 49] Windows
[2025.09.29-23.51.59:428][  0]LogInit: Profiles: [0000018B2592CB00][0000018B265574C0 49] Windows, [0000018B258FA200][0000018B26285640 49] WindowsNoEditor, [0000018B2592D900][0000018B262997C0 49] WindowsServer, [0000018B258FAF00][0000018B26D6F940 49] WindowsClient, [0000018B2592FC00][0000018B26443AC0 49] IOS, [0000018B258F8F00][0000018B264500C0 49] iPadAir, [0000018B2592FE00][0000018B26454240 49] iPadAir2, [0000018B25888D00][0000018B26460500 49] IPadPro, [0000018B25888E00][0000018B26458540 49] iPadAir3, [0000018B258FBC00][0000018B2646E6C0 49] iPadAir4, [0000018B2588B700][0000018B2655A800 49] iPadMini2, [0000018B258FB200][0000018B26472940 49] iPadMini3, [0000018B2588B900][0000018B26476A80 49] iPadMini4, [0000018B258FB600][0000018B2647ABC0 49] iPadMini5, [0000018B258B4600][0000018B26486E80 49] iPhone6, [0000018B258B4700][0000018B26482EC0 49] iPodTouch6, [0000018B2592E600][0000018B264AB180 49] iPhone7, [0000018B2592E800][0000018B2649F1C0 49] iPodTouch7, [0000018B258B4100][0000018B264B3340 49] iPhone5S, [0000018B25888700][0000018B264B74C0 49] iPhone6Plus, [0000018B258B6500][0000018B265CD640 49] iPhone6S, [0000018B25889400][0000018B265D17C0 49] iPhone6SPlus, [0000018B258B7B00][0000018B26613940 49] iPhone7Plus, [0000018B2588B600][0000018B26617AC0 49] iPhoneSE, [0000018B2592EC00][0000018B264E60C0 49] iPhone8, [0000018B25888600][0000018B264EA240 49] iPhone8Plus, [0000018B2592E100][0000018B264EE3C0 49] iPhoneX, [0000018B2588A900][0000018B264F2540 49] iPhoneXS, [0000018B2592FD00][0000018B264F66C0 49] iPhoneXSMax, [0000018B2588AE00][0000018B264FA840 49] iPhoneXR, [0000018B2592FF00][0000018B2647E980 49] iPhone11, [0000018B25889F00][0000018B26220AC0 49] iPhone11Pro, [0000018B2592C600][0000018B26224C00 49] iPhone11ProMax, [0000018B2588A000][0000018B265D4D40 49] iPhoneSE2, [0000018B2592FA00][0000018B26B08EC0 49] iPhone12Mini, [0000018B2588A700][0000018B26521040 49] iPhone12, [0000018B2592EA00][0000018B265251C0 49] iPhone12Pro, [0000018B25888500][0000018B26529340 49] iPhone12ProMax, [0000018B2592F900][0000018B264AF4C0 49] iPadPro105, [0000018B25889800][0000018B26289640 49] iPadPro129, [0000018B2592CC00][0000018B269537C0 49] iPadPro97, [0000018B2588A400][0000018B2661B940 49] iPadPro2_129, [0000018B2592C800][0000018B2652DAC0 49] iPad5, [0000018B25888400][0000018B265300C0 49] iPad6, [0000018B2592DB00][0000018B26534240 49] iPad7, [0000018B2588B500][0000018B265383C0 49] iPad8, [0000018B2592DF00][0000018B2653C540 49] iPadPro11, [0000018B25889A00][0000018B265406C0 49] iPadPro2_11, [0000018B2592E500][0000018B26544840 49] iPadPro3_129, [0000018B2588A200][0000018B265489C0 49] iPadPro4_129, [0000018B2592D600][0000018B2654CB40 49] AppleTV, [0000018B2588BD00][0000018B26B04C80 49] AppleTV4K, [0000018B2592DA00][0000018B26550DC0 49] TVOS, [0000018B25888A00][0000018B265D8F00 49] Mac, [0000018B2592E400][0000018B265E1080 49] MacClient, [0000018B2588AC00][0000018B265E5200 49] MacNoEditor, [0000018B2592F500][0000018B265E9380 49] MacServer, [0000018B2588A300][0000018B265ED500 49] Linux, [0000018B2592C300][0000018B265F1680 49] LinuxAArch64, [0000018B2588A100][0000018B265F5800 49] LinuxNoEditor, [0000018B2592E300][0000018B265F9980 49] LinuxAArch64NoEditor, [0000018B2588BC00][0000018B265FDB00 49] LinuxClient, [0000018B2592CF00][0000018B26600100 49] LinuxAArch64Client, [0000018B25889200][0000018B26604280 49] LinuxServer, [0000018B2592F000][0000018B26608400 49] LinuxAArch64Server, [0000018B25889600][0000018B2660C580 49] Android, [0000018B2592D200][0000018B199AE700 49] Android_Low, [0000018B2588BE00][0000018B199B2880 49] Android_Mid, [0000018B2592C100][0000018B199B6A00 49] Android_High, [0000018B2588AA00][0000018B199BAB80 49] Android_Default, [0000018B2592D300][0000018B199BED00 49] Android_Adreno4xx, [0000018B258FA400][0000018B265DCE40 49] Android_Adreno5xx_Low, [0000018B258B5C00][0000018B199C2F80 49] Android_Adreno5xx, [0000018B258FBF00][0000018B199C70C0 49] Android_Adreno6xx, [0000018B258B6700][0000018B199CF240 49] Android_Adreno6xx_Vulkan, [0000018B258FB700][0000018B199D33C0 49] Android_Mali_T6xx, [0000018B258B4F00][0000018B199D7540 49] Android_Mali_T7xx, [0000018B258F9C00][0000018B199DB6C0 49] Android_Mali_T8xx, [0000018B258B5F00][0000018B199DF840 49] Android_Mali_G71, [0000018B258FAD00][0000018B199E39C0 49] Android_Mali_G72, [0000018B258B6F00][0000018B199E7B40 49] Android_Mali_G72_Vulkan, [0000018B258FA600][0000018B261BA140 49] Android_Mali_G76, [0000018B258B6200][0000018B261BE2C0 49] Android_Mali_G76_Vulkan, [0000018B258F8E00][0000018B261C2440 49] Android_Mali_G77, [0000018B258B5400][0000018B261C65C0 49] Android_Mali_G77_Vulkan, [0000018B258FB800][0000018B261CA740 49] Android_Mali_G78, [0000018B258B5300][0000018B261CE8C0 49] Android_Mali_G78_Vulkan, [0000018B258F9600][0000018B261D2A40 49] Android_Mali_G710, [0000018B258B7D00][0000018B261D6BC0 49] Android_Mali_G710_Vulkan, [0000018B258F8700][0000018B261DAD40 49] Android_Vulkan_SM5, [0000018B258B5B00][0000018B261DEEC0 49] Android_PowerVR_G6xxx, [0000018B258F8A00][0000018B199CB000 49] Android_PowerVR_GT7xxx, [0000018B258B4200][0000018B261E3140 49] Android_PowerVR_GE8xxx, [0000018B258FB900][0000018B261E7280 49] Android_PowerVR_GM9xxx, [0000018B258B4A00][0000018B261EB3C0 49] Android_PowerVR_GM9xxx_Vulkan, [0000018B258F9000][0000018B261F3540 49] Android_TegraK1, [0000018B258B5700][0000018B261F76C0 49] Android_Unknown_Vulkan, [0000018B258F9900][0000018B261FB840 49] Lumin, [0000018B258B7C00][0000018B261FF9C0 49] Lumin_Desktop, [0000018B258F9700][0000018B26203B40 49] HoloLens, 
[2025.09.29-23.51.59:530][  0]LogMeshReduction: Using QuadricMeshReduction for automatic static mesh reduction
[2025.09.29-23.51.59:530][  0]LogMeshReduction: Using SimplygonMeshReduction for automatic skeletal mesh reduction
[2025.09.29-23.51.59:530][  0]LogMeshReduction: Using ProxyLODMeshReduction for automatic mesh merging
[2025.09.29-23.51.59:530][  0]LogMeshReduction: No distributed automatic mesh merging module available
[2025.09.29-23.51.59:530][  0]LogMeshMerging: No distributed automatic mesh merging module available
[2025.09.29-23.51.59:547][  0]LogNetVersion: TasteOfMadness 1.0.0, NetCL: 17155196, EngineNetVer: 17, GameNetVer: 0 (Checksum: 3999798361)
[2025.09.29-23.51.59:850][  0]LogTexture: Default maximum texture size for cubemaps generated from long-lat sources has been changed from 512 to unlimited. In order to preserve old behaiour for '/Engine/MapTemplates/Sky/DaylightAmbientCubemap.DaylightAmbientCubemap', its maximum texture size has been explicitly set to 512.
[2025.09.29-23.51.59:903][  0]LogHMD: PokeAHoleMaterial loaded successfully
[2025.09.29-23.51.59:908][  0]LogUObjectArray: 17178 objects as part of root set at end of initial load.
[2025.09.29-23.51.59:908][  0]LogUObjectAllocator: 4302048 out of 0 bytes used by permanent object pool.
[2025.09.29-23.51.59:908][  0]LogUObjectArray: CloseDisregardForGC: 0/0 objects in disregard for GC pool
[2025.09.29-23.52.00:120][  0]LogPython: Using Python 3.7.7
[2025.09.29-23.52.00:549][  0]LogNiagaraDebuggerClient: Niagara Debugger Client Initialized | Session: B11A093F4AA80B24CB74978F2BB1957D | Instance: 7618801342F565A68E09B389DF0F37CE (DESKTOP-QFES4I7-29920).
[2025.09.29-23.52.00:669][  0]LogTcpMessaging: Initializing TcpMessaging bridge
[2025.09.29-23.52.00:673][  0]LogUdpMessaging: Initializing bridge on interface 0.0.0.0:0 to multicast group 230.0.0.1:6666.
[2025.09.29-23.52.00:793][  0]SourceControl: El control de código fuente está desactivado
[2025.09.29-23.52.00:793][  0]SourceControl: El control de código fuente está desactivado
[2025.09.29-23.52.00:796][  0]SourceControl: El control de código fuente está desactivado
[2025.09.29-23.52.00:804][  0]SourceControl: El control de código fuente está desactivado
[2025.09.29-23.52.00:806][  0]SourceControl: El control de código fuente está desactivado
[2025.09.29-23.52.00:811][  0]LogUProjectInfo: Found projects:
[2025.09.29-23.52.00:955][  0]LogOpenImageDenoise: OIDN starting up
[2025.09.29-23.52.01:003][  0]LogAndroidPermission: UAndroidPermissionCallbackProxy::GetInstance
[2025.09.29-23.52.01:017][  0]LogAudioCaptureCore: Display: No Audio Capture implementations found. Audio input will be silent.
[2025.09.29-23.52.01:017][  0]LogAudioCaptureCore: Display: No Audio Capture implementations found. Audio input will be silent.
[2025.09.29-23.52.01:117][  0]LogCollectionManager: Loaded 0 collections in 0.000626 seconds
[2025.09.29-23.52.01:135][  0]LogFileCache: Scanning file cache for directory 'C:/Users/PC/Documents/GitHub/TasteOfMadness/TasteOfMadness/Saved/Collections/' took 0.00s
[2025.09.29-23.52.01:135][  0]LogFileCache: Scanning file cache for directory 'C:/Users/PC/Documents/GitHub/TasteOfMadness/TasteOfMadness/Content/Developers/PC/Collections/' took 0.00s
[2025.09.29-23.52.01:135][  0]LogFileCache: Scanning file cache for directory 'C:/Users/PC/Documents/GitHub/TasteOfMadness/TasteOfMadness/Content/Collections/' took 0.00s
[2025.09.29-23.52.01:135][  0]LogOcInput: OculusInput pre-init called
[2025.09.29-23.52.01:316][  0]LogEngine: Initializing Engine...
[2025.09.29-23.52.01:318][  0]LogHMD: Failed to enumerate extensions. Please check that you have a valid OpenXR runtime installed.
[2025.09.29-23.52.01:318][  0]LogHMD: Failed to initialize OpenVR with code 110
[2025.09.29-23.52.01:318][  0]LogMagicLeap: Warning: VR disabled because ZI is not enabled.  To enable, in the editor, Edit -> Project Settings -> Plugins -> Magic Leap Plugin -> Enable Zero Iteration
[2025.09.29-23.52.01:319][  0]LogStats: UGameplayTagsManager::InitializeManager -  0.000 s
[2025.09.29-23.52.01:415][  0]LogInit: Initializing FReadOnlyCVARCache
[2025.09.29-23.52.01:422][  0]LogAIModule: Creating AISystem for world Untitled
[2025.09.29-23.52.01:422][  0]LogAudio: Display: Initializing Audio Device Manager...
[2025.09.29-23.52.01:425][  0]LogAudio: Display: Loading Default Audio Settings Objects...
[2025.09.29-23.52.01:425][  0]LogAudio: Display: No default SoundConcurrencyObject specified (or failed to load).
[2025.09.29-23.52.01:426][  0]LogAudio: Display: Audio Device Manager Initialized
[2025.09.29-23.52.01:426][  0]LogAudio: Display: Creating Audio Device:                 Id: 1, Scope: Shared, Realtime: True
[2025.09.29-23.52.01:426][  0]LogAudioMixer: Display: Audio Mixer Platform Settings:
[2025.09.29-23.52.01:426][  0]LogAudioMixer: Display: 	Sample Rate:						  48000
[2025.09.29-23.52.01:426][  0]LogAudioMixer: Display: 	Callback Buffer Frame Size Requested: 1024
[2025.09.29-23.52.01:426][  0]LogAudioMixer: Display: 	Callback Buffer Frame Size To Use:	  1024
[2025.09.29-23.52.01:426][  0]LogAudioMixer: Display: 	Number of buffers to queue:			  2
[2025.09.29-23.52.01:426][  0]LogAudioMixer: Display: 	Max Channels (voices):				  32
[2025.09.29-23.52.01:426][  0]LogAudioMixer: Display: 	Number of Async Source Workers:		  0
[2025.09.29-23.52.01:426][  0]LogAudio: Display: AudioDevice MaxSources: 32
[2025.09.29-23.52.01:426][  0]LogAudio: Display: Audio Spatialization Plugin: None (built-in).
[2025.09.29-23.52.01:426][  0]LogAudio: Display: Audio Reverb Plugin: None (built-in).
[2025.09.29-23.52.01:426][  0]LogAudio: Display: Audio Occlusion Plugin: None (built-in).
[2025.09.29-23.52.01:426][  0]LogAudioMixer: Display: Initializing audio mixer.
[2025.09.29-23.52.01:442][  0]LogAudioMixer: Display: 0: FrontLeft
[2025.09.29-23.52.01:442][  0]LogAudioMixer: Display: 1: FrontRight
[2025.09.29-23.52.01:455][  0]LogAudioMixer: Display: Using Audio Device LC24RG50 (NVIDIA High Definition Audio)
[2025.09.29-23.52.01:460][  0]LogAudioMixer: Display: Initializing Sound Submixes...
[2025.09.29-23.52.01:461][  0]LogAudioMixer: Display: Creating Master Submix 'MasterSubmixDefault'
[2025.09.29-23.52.01:461][  0]LogAudioMixer: Display: Creating Master Submix 'MasterReverbSubmixDefault'
[2025.09.29-23.52.01:462][  0]LogAudioMixer: Display: Creating Master Submix 'MasterEQSubmixDefault'
[2025.09.29-23.52.01:462][  0]LogAudioMixer: FMixerPlatformXAudio2::StartAudioStream() called
[2025.09.29-23.52.01:462][  0]LogAudioMixer: Display: Output buffers initialized: Frames=1024, Channels=2, Samples=2048
[2025.09.29-23.52.01:463][  0]LogAudioMixer: Display: Starting AudioMixerPlatformInterface::RunInternal()
[2025.09.29-23.52.01:463][  0]LogAudioMixer: Display: FMixerPlatformXAudio2::SubmitBuffer() called for the first time
[2025.09.29-23.52.01:463][  0]LogInit: FAudioDevice initialized.
[2025.09.29-23.52.01:463][  0]LogAudio: Display: Audio Device (ID: 1) registered with world 'Untitled'.
[2025.09.29-23.52.01:463][  0]LogNetVersion: Set ProjectVersion to 1.0.0.0. Version Checksum will be recalculated on next use.
[2025.09.29-23.52.01:507][  0]LogDerivedDataCache: Saved boot cache 0.04s 94MB C:/Users/PC/AppData/Local/UnrealEngine/4.27/DerivedDataCache/Boot.ddc.
[2025.09.29-23.52.01:508][  0]LogInit: Texture streaming: Enabled
[2025.09.29-23.52.01:519][  0]LogAnalytics: Display: [UEEditor.Rocket.Release] APIServer = https://datarouter.ol.epicgames.com/. AppVersion = 4.27.2-18319896+++UE4+Release-4.27
[2025.09.29-23.52.01:522][  0]LogEngineSessionManager: EngineSessionManager initialized
[2025.09.29-23.52.01:522][  0]LogEditorSessionSummary: Verbose: Initializing EditorSessionSummaryWriter for editor session tracking
[2025.09.29-23.52.01:523][  0]LogEditorSessionSummary: EditorSessionSummaryWriter initialized
[2025.09.29-23.52.01:551][  0]LogInit: Transaction tracking system initialized
[2025.09.29-23.52.01:569][  0]BlueprintLog: New page: Cargar el editor
[2025.09.29-23.52.01:615][  0]LocalizationService: Localization service is disabled
[2025.09.29-23.52.01:637][  0]TimingProfiler: Initialize
[2025.09.29-23.52.01:638][  0]TimingProfiler: OnSessionChanged
[2025.09.29-23.52.01:638][  0]LoadingProfiler: Initialize
[2025.09.29-23.52.01:638][  0]LoadingProfiler: OnSessionChanged
[2025.09.29-23.52.01:638][  0]NetworkingProfiler: Initialize
[2025.09.29-23.52.01:638][  0]NetworkingProfiler: OnSessionChanged
[2025.09.29-23.52.01:638][  0]MemoryProfiler: Initialize
[2025.09.29-23.52.01:638][  0]MemoryProfiler: OnSessionChanged
[2025.09.29-23.52.01:761][  0]LogCook: Display: CookSettings for Memory: MemoryMaxUsedVirtual 0MiB, MemoryMaxUsedPhysical 16384MiB, MemoryMinFreeVirtual 0MiB, MemoryMinFreePhysical 1024MiB
[2025.09.29-23.52.01:761][  0]LogCook: Display: Mobile HDR setting 1
[2025.09.29-23.52.01:766][  0]LogFileCache: Scanning file cache for directory 'C:/Users/PC/Documents/GitHub/TasteOfMadness/TasteOfMadness/Content/' took 0.01s
[2025.09.29-23.52.01:766][  0]LogLinker: Warning: Failed to load '/Engine/BasicShapes/Cube': Can't find file.
[2025.09.29-23.52.01:766][  0]LogLinker: Warning: Failed to load '/Engine/BasicShapes/Cube': Can't find file.
[2025.09.29-23.52.01:766][  0]LogUObjectGlobals: Warning: Error al encontrar el objeto 'StaticMesh /Engine/BasicShapes/Cube.Cube'
[2025.09.29-23.52.02:043][  0]LogInit: Display: Engine is initialized. Leaving FEngineLoop::Init()
[2025.09.29-23.52.02:045][  0]SourceControl: El control de código fuente está desactivado
[2025.09.29-23.52.02:045][  0]LogUnrealEdMisc: Loading editor; pre map load, took 5.398
[2025.09.29-23.52.02:045][  0]Cmd: MAP LOAD FILE="C:/Users/PC/Documents/GitHub/TasteOfMadness/TasteOfMadness/Content/ThirdPersonBP/Maps/ThirdPersonExampleMap.umap" TEMPLATE=0 SHOWPROGRESS=1 FEATURELEVEL=3
[2025.09.29-23.52.02:053][  0]LightingResults: New page: Diseñar la iluminación
[2025.09.29-23.52.02:055][  0]LogWorld: UWorld::CleanupWorld for Untitled, bSessionEnded=true, bCleanupResources=true
[2025.09.29-23.52.02:055][  0]LogSlate: InvalidateAllWidgets triggered.  All widgets were invalidated
[2025.09.29-23.52.02:055][  0]MapCheck: New page: Revisión del mapa
[2025.09.29-23.52.02:055][  0]LightingResults: New page: Diseñar la iluminación
[2025.09.29-23.52.02:058][  0]LogAudio: Display: Audio Device unregistered from world 'None'.
[2025.09.29-23.52.02:060][  0]LogUObjectHash: Compacting FUObjectHashTables data took   0.64ms
[2025.09.29-23.52.02:456][  0]LogLinker: Warning: [AssetLog] C:\Users\PC\Documents\GitHub\TasteOfMadness\TasteOfMadness\Content\Props\BP_Table.uasset: Failed to load '/Game/Characters/Content_Enemies/Vidrio/Meshes/Cube': Can't find file.
[2025.09.29-23.52.02:456][  0]LogLinker: Warning: [AssetLog] C:\Users\PC\Documents\GitHub\TasteOfMadness\TasteOfMadness\Content\Props\BP_Table.uasset: Failed to load '/Game/Characters/Content_Enemies/Vidrio/Meshes/Cube': Can't find file.
[2025.09.29-23.52.02:456][  0]LogLinker: Warning: [AssetLog] C:\Users\PC\Documents\GitHub\TasteOfMadness\TasteOfMadness\Content\Props\BP_Table.uasset: Failed to load '/Game/Characters/Content_Enemies/Vidrio/Meshes/Cube': Can't find file.
[2025.09.29-23.52.02:456][  0]LogLinker: Warning: [AssetLog] C:\Users\PC\Documents\GitHub\TasteOfMadness\TasteOfMadness\Content\ThirdPersonBP\Maps\ThirdPersonExampleMap.umap: Failed to load '/Game/Characters/Content_Enemies/Vidrio/Meshes/Cube': Can't find file.
[2025.09.29-23.52.02:456][  0]LogLinker: Warning: [AssetLog] C:\Users\PC\Documents\GitHub\TasteOfMadness\TasteOfMadness\Content\ThirdPersonBP\Maps\ThirdPersonExampleMap.umap: Failed to load '/Game/Characters/Content_Enemies/Vidrio/Meshes/Cube': Can't find file.
[2025.09.29-23.52.02:457][  0]LogLinker: Warning: [AssetLog] C:\Users\PC\Documents\GitHub\TasteOfMadness\TasteOfMadness\Content\ThirdPersonBP\Maps\ThirdPersonExampleMap.umap: Failed to load '/Game/Characters/Content_Enemies/Vidrio/Meshes/Cube': Can't find file.
[2025.09.29-23.52.02:457][  0]LoadErrors: Error al cargar /Game/Characters/Content_Enemies/Vidrio/Meshes/Cube.Cube Referenciado por Cube_GEN_VARIABLE
[2025.09.29-23.52.02:457][  0]LogLinker: Warning: [AssetLog] C:\Users\PC\Documents\GitHub\TasteOfMadness\TasteOfMadness\Content\ThirdPersonBP\Maps\ThirdPersonExampleMap.umap: Failed to load '/Game/Characters/Content_Enemies/Vidrio/Meshes/Cube': Can't find file.
[2025.09.29-23.52.02:457][  0]LoadErrors: Error al cargar /Game/Characters/Content_Enemies/Vidrio/Meshes/Cube.Cube Referenciado por Cube1_GEN_VARIABLE
[2025.09.29-23.52.02:828][  0]LogAudio: Display: Audio Device (ID: 1) registered with world 'ThirdPersonExampleMap'.
[2025.09.29-23.52.02:828][  0]LogAIModule: Creating AISystem for world ThirdPersonExampleMap
[2025.09.29-23.52.02:833][  0]LogEditorServer: Finished looking for orphan Actors (0.000 secs)
[2025.09.29-23.52.02:840][  0]LogUObjectHash: Compacting FUObjectHashTables data took   0.73ms
[2025.09.29-23.52.02:841][  0]Cmd: MAP CHECKDEP NOCLEARLOG
[2025.09.29-23.52.02:841][  0]MapCheck: Map check complete: 0 Error(s), 0 Warning(s), took 0.138ms to complete.
[2025.09.29-23.52.02:841][  0]LogFileHelpers: Loading map 'ThirdPersonExampleMap' took 0.796
[2025.09.29-23.52.02:842][  0]LogUnrealEdMisc: Total Editor Startup Time, took 6.195
[2025.09.29-23.52.02:970][  0]LogSlate: Updating window title bar state: overlay mode, drag disabled, window buttons hidden, title bar hidden
[2025.09.29-23.52.02:975][  0]LogSlate: Updating window title bar state: overlay mode, drag disabled, window buttons hidden, title bar hidden
[2025.09.29-23.52.02:979][  0]LogSlate: Updating window title bar state: overlay mode, drag disabled, window buttons hidden, title bar hidden
[2025.09.29-23.52.02:983][  0]LogSlate: Updating window title bar state: overlay mode, drag disabled, window buttons hidden, title bar hidden
[2025.09.29-23.52.02:994][  0]LogNativeClassHierarchy: Verbose: Native class hierarchy populated in 0.0080 seconds. Added 3822 classes and 928 folders.
[2025.09.29-23.52.02:996][  0]LogNativeClassHierarchy: Verbose: Native class hierarchy updated for 'WidgetCarousel' in 0.0002 seconds. Added 0 classes and 0 folders.
[2025.09.29-23.52.02:997][  0]LogPakFile: PakFile PrimaryIndexSize=187
[2025.09.29-23.52.02:997][  0]LogPakFile: PakFile PathHashIndexSize=101
[2025.09.29-23.52.02:997][  0]LogPakFile: PakFile FullDirectoryIndexSize=148
[2025.09.29-23.52.02:997][  0]LogShaderLibrary: Display: ShaderCodeLibraryPakFileMountedCallback: PakFile 'E:/Epic/UE_4.27/FeaturePacks/FP_FirstPerson.upack' (chunk index -1, root 'root:/') mounted
[2025.09.29-23.52.02:997][  0]LogShaderLibrary: Display: ShaderCodeLibraryPakFileMountedCallback: pending pak file info (ChunkID:-1 Root:root:/ File:E:/Epic/UE_4.27/FeaturePacks/FP_FirstPerson.upack)
[2025.09.29-23.52.02:997][  0]LogPakFile: OnPakFileMounted2Time == 0.000048
[2025.09.29-23.52.02:997][  0]LogPakFile: PakFile PrimaryIndexSize=189
[2025.09.29-23.52.02:997][  0]LogPakFile: PakFile PathHashIndexSize=101
[2025.09.29-23.52.02:997][  0]LogPakFile: PakFile FullDirectoryIndexSize=152
[2025.09.29-23.52.02:997][  0]LogShaderLibrary: Display: ShaderCodeLibraryPakFileMountedCallback: PakFile 'E:/Epic/UE_4.27/FeaturePacks/FP_FirstPersonBP.upack' (chunk index -1, root 'root:/') mounted
[2025.09.29-23.52.02:997][  0]LogShaderLibrary: Display: ShaderCodeLibraryPakFileMountedCallback: pending pak file info (ChunkID:-1 Root:root:/ File:E:/Epic/UE_4.27/FeaturePacks/FP_FirstPersonBP.upack)
[2025.09.29-23.52.02:997][  0]LogPakFile: OnPakFileMounted2Time == 0.000028
[2025.09.29-23.52.02:998][  0]LogPakFile: PakFile PrimaryIndexSize=191
[2025.09.29-23.52.02:998][  0]LogPakFile: PakFile PathHashIndexSize=101
[2025.09.29-23.52.02:998][  0]LogPakFile: PakFile FullDirectoryIndexSize=160
[2025.09.29-23.52.02:998][  0]LogShaderLibrary: Display: ShaderCodeLibraryPakFileMountedCallback: PakFile 'E:/Epic/UE_4.27/FeaturePacks/MobileStarterContent.upack' (chunk index -1, root 'root:/') mounted
[2025.09.29-23.52.02:998][  0]LogShaderLibrary: Display: ShaderCodeLibraryPakFileMountedCallback: pending pak file info (ChunkID:-1 Root:root:/ File:E:/Epic/UE_4.27/FeaturePacks/MobileStarterContent.upack)
[2025.09.29-23.52.02:998][  0]LogPakFile: OnPakFileMounted2Time == 0.000028
[2025.09.29-23.52.02:998][  0]LogPakFile: PakFile PrimaryIndexSize=185
[2025.09.29-23.52.02:998][  0]LogPakFile: PakFile PathHashIndexSize=101
[2025.09.29-23.52.02:998][  0]LogPakFile: PakFile FullDirectoryIndexSize=148
[2025.09.29-23.52.02:998][  0]LogShaderLibrary: Display: ShaderCodeLibraryPakFileMountedCallback: PakFile 'E:/Epic/UE_4.27/FeaturePacks/StarterContent.upack' (chunk index -1, root 'root:/') mounted
[2025.09.29-23.52.02:998][  0]LogShaderLibrary: Display: ShaderCodeLibraryPakFileMountedCallback: pending pak file info (ChunkID:-1 Root:root:/ File:E:/Epic/UE_4.27/FeaturePacks/StarterContent.upack)
[2025.09.29-23.52.02:998][  0]LogPakFile: OnPakFileMounted2Time == 0.000033
[2025.09.29-23.52.02:998][  0]LogPakFile: PakFile PrimaryIndexSize=190
[2025.09.29-23.52.02:998][  0]LogPakFile: PakFile PathHashIndexSize=101
[2025.09.29-23.52.02:998][  0]LogPakFile: PakFile FullDirectoryIndexSize=154
[2025.09.29-23.52.02:998][  0]LogShaderLibrary: Display: ShaderCodeLibraryPakFileMountedCallback: PakFile 'E:/Epic/UE_4.27/FeaturePacks/TP_2DSideScroller.upack' (chunk index -1, root 'root:/') mounted
[2025.09.29-23.52.02:998][  0]LogShaderLibrary: Display: ShaderCodeLibraryPakFileMountedCallback: pending pak file info (ChunkID:-1 Root:root:/ File:E:/Epic/UE_4.27/FeaturePacks/TP_2DSideScroller.upack)
[2025.09.29-23.52.02:998][  0]LogPakFile: OnPakFileMounted2Time == 0.000024
[2025.09.29-23.52.02:999][  0]LogPakFile: PakFile PrimaryIndexSize=192
[2025.09.29-23.52.02:999][  0]LogPakFile: PakFile PathHashIndexSize=101
[2025.09.29-23.52.02:999][  0]LogPakFile: PakFile FullDirectoryIndexSize=158
[2025.09.29-23.52.02:999][  0]LogShaderLibrary: Display: ShaderCodeLibraryPakFileMountedCallback: PakFile 'E:/Epic/UE_4.27/FeaturePacks/TP_2DSideScrollerBP.upack' (chunk index -1, root 'root:/') mounted
[2025.09.29-23.52.02:999][  0]LogShaderLibrary: Display: ShaderCodeLibraryPakFileMountedCallback: pending pak file info (ChunkID:-1 Root:root:/ File:E:/Epic/UE_4.27/FeaturePacks/TP_2DSideScrollerBP.upack)
[2025.09.29-23.52.02:999][  0]LogPakFile: OnPakFileMounted2Time == 0.000036
[2025.09.29-23.52.02:999][  0]LogPakFile: PakFile PrimaryIndexSize=182
[2025.09.29-23.52.02:999][  0]LogPakFile: PakFile PathHashIndexSize=101
[2025.09.29-23.52.02:999][  0]LogPakFile: PakFile FullDirectoryIndexSize=138
[2025.09.29-23.52.02:999][  0]LogShaderLibrary: Display: ShaderCodeLibraryPakFileMountedCallback: PakFile 'E:/Epic/UE_4.27/FeaturePacks/TP_Flying.upack' (chunk index -1, root 'root:/') mounted
[2025.09.29-23.52.02:999][  0]LogShaderLibrary: Display: ShaderCodeLibraryPakFileMountedCallback: pending pak file info (ChunkID:-1 Root:root:/ File:E:/Epic/UE_4.27/FeaturePacks/TP_Flying.upack)
[2025.09.29-23.52.02:999][  0]LogPakFile: OnPakFileMounted2Time == 0.000039
[2025.09.29-23.52.03:000][  0]LogPakFile: PakFile PrimaryIndexSize=184
[2025.09.29-23.52.03:000][  0]LogPakFile: PakFile PathHashIndexSize=101
[2025.09.29-23.52.03:000][  0]LogPakFile: PakFile FullDirectoryIndexSize=142
[2025.09.29-23.52.03:000][  0]LogShaderLibrary: Display: ShaderCodeLibraryPakFileMountedCallback: PakFile 'E:/Epic/UE_4.27/FeaturePacks/TP_FlyingBP.upack' (chunk index -1, root 'root:/') mounted
[2025.09.29-23.52.03:000][  0]LogShaderLibrary: Display: ShaderCodeLibraryPakFileMountedCallback: pending pak file info (ChunkID:-1 Root:root:/ File:E:/Epic/UE_4.27/FeaturePacks/TP_FlyingBP.upack)
[2025.09.29-23.52.03:000][  0]LogPakFile: OnPakFileMounted2Time == 0.000024
[2025.09.29-23.52.03:000][  0]LogPakFile: PakFile PrimaryIndexSize=188
[2025.09.29-23.52.03:000][  0]LogPakFile: PakFile PathHashIndexSize=101
[2025.09.29-23.52.03:000][  0]LogPakFile: PakFile FullDirectoryIndexSize=150
[2025.09.29-23.52.03:000][  0]LogShaderLibrary: Display: ShaderCodeLibraryPakFileMountedCallback: PakFile 'E:/Epic/UE_4.27/FeaturePacks/TP_HandheldARBP.upack' (chunk index -1, root 'root:/') mounted
[2025.09.29-23.52.03:000][  0]LogShaderLibrary: Display: ShaderCodeLibraryPakFileMountedCallback: pending pak file info (ChunkID:-1 Root:root:/ File:E:/Epic/UE_4.27/FeaturePacks/TP_HandheldARBP.upack)
[2025.09.29-23.52.03:000][  0]LogPakFile: OnPakFileMounted2Time == 0.000022
[2025.09.29-23.52.03:001][  0]LogPakFile: PakFile PrimaryIndexSize=182
[2025.09.29-23.52.03:001][  0]LogPakFile: PakFile PathHashIndexSize=101
[2025.09.29-23.52.03:001][  0]LogPakFile: PakFile FullDirectoryIndexSize=138
[2025.09.29-23.52.03:001][  0]LogShaderLibrary: Display: ShaderCodeLibraryPakFileMountedCallback: PakFile 'E:/Epic/UE_4.27/FeaturePacks/TP_Puzzle.upack' (chunk index -1, root 'root:/') mounted
[2025.09.29-23.52.03:001][  0]LogShaderLibrary: Display: ShaderCodeLibraryPakFileMountedCallback: pending pak file info (ChunkID:-1 Root:root:/ File:E:/Epic/UE_4.27/FeaturePacks/TP_Puzzle.upack)
[2025.09.29-23.52.03:001][  0]LogPakFile: OnPakFileMounted2Time == 0.000024
[2025.09.29-23.52.03:001][  0]LogPakFile: PakFile PrimaryIndexSize=184
[2025.09.29-23.52.03:001][  0]LogPakFile: PakFile PathHashIndexSize=101
[2025.09.29-23.52.03:001][  0]LogPakFile: PakFile FullDirectoryIndexSize=142
[2025.09.29-23.52.03:001][  0]LogShaderLibrary: Display: ShaderCodeLibraryPakFileMountedCallback: PakFile 'E:/Epic/UE_4.27/FeaturePacks/TP_PuzzleBP.upack' (chunk index -1, root 'root:/') mounted
[2025.09.29-23.52.03:001][  0]LogShaderLibrary: Display: ShaderCodeLibraryPakFileMountedCallback: pending pak file info (ChunkID:-1 Root:root:/ File:E:/Epic/UE_4.27/FeaturePacks/TP_PuzzleBP.upack)
[2025.09.29-23.52.03:001][  0]LogPakFile: OnPakFileMounted2Time == 0.000035
[2025.09.29-23.52.03:002][  0]LogPakFile: PakFile PrimaryIndexSize=183
[2025.09.29-23.52.03:002][  0]LogPakFile: PakFile PathHashIndexSize=101
[2025.09.29-23.52.03:002][  0]LogPakFile: PakFile FullDirectoryIndexSize=140
[2025.09.29-23.52.03:002][  0]LogShaderLibrary: Display: ShaderCodeLibraryPakFileMountedCallback: PakFile 'E:/Epic/UE_4.27/FeaturePacks/TP_Rolling.upack' (chunk index -1, root 'root:/') mounted
[2025.09.29-23.52.03:002][  0]LogShaderLibrary: Display: ShaderCodeLibraryPakFileMountedCallback: pending pak file info (ChunkID:-1 Root:root:/ File:E:/Epic/UE_4.27/FeaturePacks/TP_Rolling.upack)
[2025.09.29-23.52.03:002][  0]LogPakFile: OnPakFileMounted2Time == 0.000024
[2025.09.29-23.52.03:002][  0]LogPakFile: PakFile PrimaryIndexSize=185
[2025.09.29-23.52.03:002][  0]LogPakFile: PakFile PathHashIndexSize=101
[2025.09.29-23.52.03:002][  0]LogPakFile: PakFile FullDirectoryIndexSize=144
[2025.09.29-23.52.03:002][  0]LogShaderLibrary: Display: ShaderCodeLibraryPakFileMountedCallback: PakFile 'E:/Epic/UE_4.27/FeaturePacks/TP_RollingBP.upack' (chunk index -1, root 'root:/') mounted
[2025.09.29-23.52.03:002][  0]LogShaderLibrary: Display: ShaderCodeLibraryPakFileMountedCallback: pending pak file info (ChunkID:-1 Root:root:/ File:E:/Epic/UE_4.27/FeaturePacks/TP_RollingBP.upack)
[2025.09.29-23.52.03:002][  0]LogPakFile: OnPakFileMounted2Time == 0.000023
[2025.09.29-23.52.03:002][  0]LogPakFile: PakFile PrimaryIndexSize=188
[2025.09.29-23.52.03:002][  0]LogPakFile: PakFile PathHashIndexSize=101
[2025.09.29-23.52.03:002][  0]LogPakFile: PakFile FullDirectoryIndexSize=150
[2025.09.29-23.52.03:002][  0]LogShaderLibrary: Display: ShaderCodeLibraryPakFileMountedCallback: PakFile 'E:/Epic/UE_4.27/FeaturePacks/TP_SideScroller.upack' (chunk index -1, root 'root:/') mounted
[2025.09.29-23.52.03:002][  0]LogShaderLibrary: Display: ShaderCodeLibraryPakFileMountedCallback: pending pak file info (ChunkID:-1 Root:root:/ File:E:/Epic/UE_4.27/FeaturePacks/TP_SideScroller.upack)
[2025.09.29-23.52.03:002][  0]LogPakFile: OnPakFileMounted2Time == 0.000023
[2025.09.29-23.52.03:003][  0]LogPakFile: PakFile PrimaryIndexSize=190
[2025.09.29-23.52.03:003][  0]LogPakFile: PakFile PathHashIndexSize=101
[2025.09.29-23.52.03:003][  0]LogPakFile: PakFile FullDirectoryIndexSize=154
[2025.09.29-23.52.03:003][  0]LogShaderLibrary: Display: ShaderCodeLibraryPakFileMountedCallback: PakFile 'E:/Epic/UE_4.27/FeaturePacks/TP_SideScrollerBP.upack' (chunk index -1, root 'root:/') mounted
[2025.09.29-23.52.03:003][  0]LogShaderLibrary: Display: ShaderCodeLibraryPakFileMountedCallback: pending pak file info (ChunkID:-1 Root:root:/ File:E:/Epic/UE_4.27/FeaturePacks/TP_SideScrollerBP.upack)
[2025.09.29-23.52.03:003][  0]LogPakFile: OnPakFileMounted2Time == 0.000022
[2025.09.29-23.52.03:003][  0]LogPakFile: PakFile PrimaryIndexSize=187
[2025.09.29-23.52.03:003][  0]LogPakFile: PakFile PathHashIndexSize=101
[2025.09.29-23.52.03:003][  0]LogPakFile: PakFile FullDirectoryIndexSize=148
[2025.09.29-23.52.03:003][  0]LogShaderLibrary: Display: ShaderCodeLibraryPakFileMountedCallback: PakFile 'E:/Epic/UE_4.27/FeaturePacks/TP_ThirdPerson.upack' (chunk index -1, root 'root:/') mounted
[2025.09.29-23.52.03:003][  0]LogShaderLibrary: Display: ShaderCodeLibraryPakFileMountedCallback: pending pak file info (ChunkID:-1 Root:root:/ File:E:/Epic/UE_4.27/FeaturePacks/TP_ThirdPerson.upack)
[2025.09.29-23.52.03:003][  0]LogPakFile: OnPakFileMounted2Time == 0.000023
[2025.09.29-23.52.03:003][  0]LogPakFile: PakFile PrimaryIndexSize=189
[2025.09.29-23.52.03:003][  0]LogPakFile: PakFile PathHashIndexSize=101
[2025.09.29-23.52.03:003][  0]LogPakFile: PakFile FullDirectoryIndexSize=152
[2025.09.29-23.52.03:003][  0]LogShaderLibrary: Display: ShaderCodeLibraryPakFileMountedCallback: PakFile 'E:/Epic/UE_4.27/FeaturePacks/TP_ThirdPersonBP.upack' (chunk index -1, root 'root:/') mounted
[2025.09.29-23.52.03:003][  0]LogShaderLibrary: Display: ShaderCodeLibraryPakFileMountedCallback: pending pak file info (ChunkID:-1 Root:root:/ File:E:/Epic/UE_4.27/FeaturePacks/TP_ThirdPersonBP.upack)
[2025.09.29-23.52.03:003][  0]LogPakFile: OnPakFileMounted2Time == 0.000022
[2025.09.29-23.52.03:004][  0]LogPakFile: PakFile PrimaryIndexSize=183
[2025.09.29-23.52.03:004][  0]LogPakFile: PakFile PathHashIndexSize=101
[2025.09.29-23.52.03:004][  0]LogPakFile: PakFile FullDirectoryIndexSize=140
[2025.09.29-23.52.03:004][  0]LogShaderLibrary: Display: ShaderCodeLibraryPakFileMountedCallback: PakFile 'E:/Epic/UE_4.27/FeaturePacks/TP_TopDown.upack' (chunk index -1, root 'root:/') mounted
[2025.09.29-23.52.03:004][  0]LogShaderLibrary: Display: ShaderCodeLibraryPakFileMountedCallback: pending pak file info (ChunkID:-1 Root:root:/ File:E:/Epic/UE_4.27/FeaturePacks/TP_TopDown.upack)
[2025.09.29-23.52.03:004][  0]LogPakFile: OnPakFileMounted2Time == 0.000028
[2025.09.29-23.52.03:004][  0]LogPakFile: PakFile PrimaryIndexSize=185
[2025.09.29-23.52.03:004][  0]LogPakFile: PakFile PathHashIndexSize=101
[2025.09.29-23.52.03:004][  0]LogPakFile: PakFile FullDirectoryIndexSize=144
[2025.09.29-23.52.03:004][  0]LogShaderLibrary: Display: ShaderCodeLibraryPakFileMountedCallback: PakFile 'E:/Epic/UE_4.27/FeaturePacks/TP_TopDownBP.upack' (chunk index -1, root 'root:/') mounted
[2025.09.29-23.52.03:004][  0]LogShaderLibrary: Display: ShaderCodeLibraryPakFileMountedCallback: pending pak file info (ChunkID:-1 Root:root:/ File:E:/Epic/UE_4.27/FeaturePacks/TP_TopDownBP.upack)
[2025.09.29-23.52.03:004][  0]LogPakFile: OnPakFileMounted2Time == 0.000026
[2025.09.29-23.52.03:004][  0]LogPakFile: PakFile PrimaryIndexSize=185
[2025.09.29-23.52.03:004][  0]LogPakFile: PakFile PathHashIndexSize=101
[2025.09.29-23.52.03:004][  0]LogPakFile: PakFile FullDirectoryIndexSize=144
[2025.09.29-23.52.03:004][  0]LogShaderLibrary: Display: ShaderCodeLibraryPakFileMountedCallback: PakFile 'E:/Epic/UE_4.27/FeaturePacks/TP_TwinStick.upack' (chunk index -1, root 'root:/') mounted
[2025.09.29-23.52.03:005][  0]LogShaderLibrary: Display: ShaderCodeLibraryPakFileMountedCallback: pending pak file info (ChunkID:-1 Root:root:/ File:E:/Epic/UE_4.27/FeaturePacks/TP_TwinStick.upack)
[2025.09.29-23.52.03:005][  0]LogPakFile: OnPakFileMounted2Time == 0.000028
[2025.09.29-23.52.03:005][  0]LogPakFile: PakFile PrimaryIndexSize=187
[2025.09.29-23.52.03:005][  0]LogPakFile: PakFile PathHashIndexSize=101
[2025.09.29-23.52.03:005][  0]LogPakFile: PakFile FullDirectoryIndexSize=148
[2025.09.29-23.52.03:005][  0]LogShaderLibrary: Display: ShaderCodeLibraryPakFileMountedCallback: PakFile 'E:/Epic/UE_4.27/FeaturePacks/TP_TwinStickBP.upack' (chunk index -1, root 'root:/') mounted
[2025.09.29-23.52.03:005][  0]LogShaderLibrary: Display: ShaderCodeLibraryPakFileMountedCallback: pending pak file info (ChunkID:-1 Root:root:/ File:E:/Epic/UE_4.27/FeaturePacks/TP_TwinStickBP.upack)
[2025.09.29-23.52.03:005][  0]LogPakFile: OnPakFileMounted2Time == 0.000023
[2025.09.29-23.52.03:005][  0]LogPakFile: PakFile PrimaryIndexSize=183
[2025.09.29-23.52.03:005][  0]LogPakFile: PakFile PathHashIndexSize=101
[2025.09.29-23.52.03:005][  0]LogPakFile: PakFile FullDirectoryIndexSize=140
[2025.09.29-23.52.03:005][  0]LogShaderLibrary: Display: ShaderCodeLibraryPakFileMountedCallback: PakFile 'E:/Epic/UE_4.27/FeaturePacks/TP_Vehicle.upack' (chunk index -1, root 'root:/') mounted
[2025.09.29-23.52.03:005][  0]LogShaderLibrary: Display: ShaderCodeLibraryPakFileMountedCallback: pending pak file info (ChunkID:-1 Root:root:/ File:E:/Epic/UE_4.27/FeaturePacks/TP_Vehicle.upack)
[2025.09.29-23.52.03:005][  0]LogPakFile: OnPakFileMounted2Time == 0.000023
[2025.09.29-23.52.03:006][  0]LogPakFile: PakFile PrimaryIndexSize=186
[2025.09.29-23.52.03:006][  0]LogPakFile: PakFile PathHashIndexSize=101
[2025.09.29-23.52.03:006][  0]LogPakFile: PakFile FullDirectoryIndexSize=146
[2025.09.29-23.52.03:006][  0]LogShaderLibrary: Display: ShaderCodeLibraryPakFileMountedCallback: PakFile 'E:/Epic/UE_4.27/FeaturePacks/TP_VehicleAdv.upack' (chunk index -1, root 'root:/') mounted
[2025.09.29-23.52.03:006][  0]LogShaderLibrary: Display: ShaderCodeLibraryPakFileMountedCallback: pending pak file info (ChunkID:-1 Root:root:/ File:E:/Epic/UE_4.27/FeaturePacks/TP_VehicleAdv.upack)
[2025.09.29-23.52.03:006][  0]LogPakFile: OnPakFileMounted2Time == 0.000023
[2025.09.29-23.52.03:006][  0]LogPakFile: PakFile PrimaryIndexSize=188
[2025.09.29-23.52.03:006][  0]LogPakFile: PakFile PathHashIndexSize=101
[2025.09.29-23.52.03:006][  0]LogPakFile: PakFile FullDirectoryIndexSize=150
[2025.09.29-23.52.03:006][  0]LogShaderLibrary: Display: ShaderCodeLibraryPakFileMountedCallback: PakFile 'E:/Epic/UE_4.27/FeaturePacks/TP_VehicleAdvBP.upack' (chunk index -1, root 'root:/') mounted
[2025.09.29-23.52.03:006][  0]LogShaderLibrary: Display: ShaderCodeLibraryPakFileMountedCallback: pending pak file info (ChunkID:-1 Root:root:/ File:E:/Epic/UE_4.27/FeaturePacks/TP_VehicleAdvBP.upack)
[2025.09.29-23.52.03:006][  0]LogPakFile: OnPakFileMounted2Time == 0.000022
[2025.09.29-23.52.03:006][  0]LogPakFile: PakFile PrimaryIndexSize=185
[2025.09.29-23.52.03:006][  0]LogPakFile: PakFile PathHashIndexSize=101
[2025.09.29-23.52.03:006][  0]LogPakFile: PakFile FullDirectoryIndexSize=144
[2025.09.29-23.52.03:006][  0]LogShaderLibrary: Display: ShaderCodeLibraryPakFileMountedCallback: PakFile 'E:/Epic/UE_4.27/FeaturePacks/TP_VehicleBP.upack' (chunk index -1, root 'root:/') mounted
[2025.09.29-23.52.03:006][  0]LogShaderLibrary: Display: ShaderCodeLibraryPakFileMountedCallback: pending pak file info (ChunkID:-1 Root:root:/ File:E:/Epic/UE_4.27/FeaturePacks/TP_VehicleBP.upack)
[2025.09.29-23.52.03:006][  0]LogPakFile: OnPakFileMounted2Time == 0.000025
[2025.09.29-23.52.03:007][  0]LogPakFile: PakFile PrimaryIndexSize=192
[2025.09.29-23.52.03:007][  0]LogPakFile: PakFile PathHashIndexSize=101
[2025.09.29-23.52.03:007][  0]LogPakFile: PakFile FullDirectoryIndexSize=158
[2025.09.29-23.52.03:007][  0]LogShaderLibrary: Display: ShaderCodeLibraryPakFileMountedCallback: PakFile 'E:/Epic/UE_4.27/FeaturePacks/TP_VirtualRealityBP.upack' (chunk index -1, root 'root:/') mounted
[2025.09.29-23.52.03:007][  0]LogShaderLibrary: Display: ShaderCodeLibraryPakFileMountedCallback: pending pak file info (ChunkID:-1 Root:root:/ File:E:/Epic/UE_4.27/FeaturePacks/TP_VirtualRealityBP.upack)
[2025.09.29-23.52.03:007][  0]LogPakFile: OnPakFileMounted2Time == 0.000030
[2025.09.29-23.52.03:033][  0]LogNativeClassHierarchy: Verbose: Native class hierarchy updated for 'AddContentDialog' in 0.0003 seconds. Added 0 classes and 0 folders.
[2025.09.29-23.52.03:034][  0]LogNativeClassHierarchy: Verbose: Native class hierarchy updated for 'SceneOutliner' in 0.0003 seconds. Added 2 classes and 0 folders.
[2025.09.29-23.52.03:099][  0]LogSlate: Took 0.000131 seconds to synchronously load lazily loaded font '../../../Engine/Content/Slate/Fonts/Roboto-Regular.ttf' (155K)
[2025.09.29-23.52.03:100][  0]LogSlate: Took 0.000096 seconds to synchronously load lazily loaded font '../../../Engine/Content/Editor/Slate/Fonts/FontAwesome.ttf' (139K)
[2025.09.29-23.52.03:101][  0]LogSlate: Took 0.000124 seconds to synchronously load lazily loaded font '../../../Engine/Content/Slate/Fonts/Roboto-Bold.ttf' (160K)
[2025.09.29-23.52.03:161][  0]LogRenderer: Reallocating scene render targets to support 1240x552 Format 10 NumSamples 1 (Frame:1).
[2025.09.29-23.52.03:291][  0]LogNativeClassHierarchy: Verbose: Native class hierarchy updated for 'HierarchicalLODOutliner' in 0.0003 seconds. Added 0 classes and 0 folders.
[2025.09.29-23.52.03:291][  0]LogLoad: (Engine Initialization) Total time: 6.64 seconds
[2025.09.29-23.52.03:291][  0]LogLoad: (Engine Initialization) Total Blueprint compile time: 0.00 seconds
[2025.09.29-23.52.03:305][  0]LogLinker: Warning: Failed to load '/Engine/BasicShapes/Cube': Can't find file.
[2025.09.29-23.52.03:305][  0]LogLinker: Warning: Failed to load '/Engine/BasicShapes/Cube': Can't find file.
[2025.09.29-23.52.03:305][  0]LogUObjectGlobals: Warning: Error al encontrar el objeto 'StaticMesh /Engine/BasicShapes/Cube.Cube'
[2025.09.29-23.52.03:328][  0]LogAssetRegistry: Asset discovery search completed in 4.1140 seconds
[2025.09.29-23.52.03:332][  0]LogCollectionManager: Fixed up redirectors for 0 collections in 0.000004 seconds (updated 0 objects)
[2025.09.29-23.52.03:333][  0]LogContentStreaming: Texture pool size now 1000 MB
[2025.09.29-23.52.03:415][  0]LogSlate: Took 0.020081 seconds to synchronously load lazily loaded font '../../../Engine/Content/Slate/Fonts/DroidSansMono.ttf' (77K)
[2025.09.29-23.52.03:457][  2]LogSlate: Took 0.000143 seconds to synchronously load lazily loaded font '../../../Engine/Content/Slate/Fonts/Roboto-Light.ttf' (167K)
[2025.09.29-23.52.10:200][713]LogSlate: Window 'Registro del mensaje' being destroyed
[2025.09.29-23.52.10:203][713]LogSlate: Window 'Registro del mensaje' being destroyed
[2025.09.29-23.52.13:077][ 48]LogTemp: Repeating last play command: Selected Viewport
[2025.09.29-23.52.13:100][ 48]LogPlayLevel: PlayLevel: No blueprints needed recompiling
[2025.09.29-23.52.13:109][ 48]PIE: New page: Sesión PIE (reproducción en el editor): ThirdPersonExampleMap (29 sep. 2025 12:52:13)
[2025.09.29-23.52.13:123][ 48]LogOnline: OSS: Creating online subsystem instance for: NULL
[2025.09.29-23.52.13:135][ 48]LogOnline: OSS: TryLoadSubsystemAndSetDefault: Loaded subsystem for module [NULL]
[2025.09.29-23.52.13:135][ 48]LogPlayLevel: Creating play world package: /Game/ThirdPersonBP/Maps/UEDPIE_0_ThirdPersonExampleMap
[2025.09.29-23.52.13:170][ 48]LogPlayLevel: PIE: StaticDuplicateObject took: (0.035256s)
[2025.09.29-23.52.13:181][ 48]LogAIModule: Creating AISystem for world ThirdPersonExampleMap
[2025.09.29-23.52.13:188][ 48]LogPlayLevel: PIE: World Init took: (0.017671s)
[2025.09.29-23.52.13:200][ 48]LogPlayLevel: PIE: Created PIE world by copying editor world from /Game/ThirdPersonBP/Maps/ThirdPersonExampleMap.ThirdPersonExampleMap to /Game/ThirdPersonBP/Maps/UEDPIE_0_ThirdPersonExampleMap.ThirdPersonExampleMap (0.064822s)
[2025.09.29-23.52.13:207][ 48]LogUObjectHash: Compacting FUObjectHashTables data took   0.65ms
[2025.09.29-23.52.13:208][ 48]LogAudio: Display: Creating Audio Device:                 Id: 2, Scope: Unique, Realtime: True
[2025.09.29-23.52.13:208][ 48]LogAudioMixer: Display: Audio Mixer Platform Settings:
[2025.09.29-23.52.13:208][ 48]LogAudioMixer: Display: 	Sample Rate:						  48000
[2025.09.29-23.52.13:208][ 48]LogAudioMixer: Display: 	Callback Buffer Frame Size Requested: 1024
[2025.09.29-23.52.13:208][ 48]LogAudioMixer: Display: 	Callback Buffer Frame Size To Use:	  1024
[2025.09.29-23.52.13:208][ 48]LogAudioMixer: Display: 	Number of buffers to queue:			  2
[2025.09.29-23.52.13:208][ 48]LogAudioMixer: Display: 	Max Channels (voices):				  32
[2025.09.29-23.52.13:208][ 48]LogAudioMixer: Display: 	Number of Async Source Workers:		  0
[2025.09.29-23.52.13:208][ 48]LogAudio: Display: AudioDevice MaxSources: 32
[2025.09.29-23.52.13:208][ 48]LogAudio: Display: Audio Spatialization Plugin: None (built-in).
[2025.09.29-23.52.13:208][ 48]LogAudio: Display: Audio Reverb Plugin: None (built-in).
[2025.09.29-23.52.13:208][ 48]LogAudio: Display: Audio Occlusion Plugin: None (built-in).
[2025.09.29-23.52.13:208][ 48]LogAudioMixer: Display: Initializing audio mixer.
[2025.09.29-23.52.13:211][ 48]LogAudioMixer: Display: 0: FrontLeft
[2025.09.29-23.52.13:211][ 48]LogAudioMixer: Display: 1: FrontRight
[2025.09.29-23.52.13:218][ 48]LogAudioMixer: Display: Using Audio Device LC24RG50 (NVIDIA High Definition Audio)
[2025.09.29-23.52.13:218][ 48]LogAudioMixer: Display: Initializing Sound Submixes...
[2025.09.29-23.52.13:218][ 48]LogAudioMixer: Display: Creating Master Submix 'MasterSubmixDefault'
[2025.09.29-23.52.13:218][ 48]LogAudioMixer: Display: Creating Master Submix 'MasterReverbSubmixDefault'
[2025.09.29-23.52.13:219][ 48]LogAudioMixer: Display: Creating Master Submix 'MasterEQSubmixDefault'
[2025.09.29-23.52.13:219][ 48]LogAudioMixer: FMixerPlatformXAudio2::StartAudioStream() called
[2025.09.29-23.52.13:219][ 48]LogAudioMixer: Display: Output buffers initialized: Frames=1024, Channels=2, Samples=2048
[2025.09.29-23.52.13:220][ 48]LogAudioMixer: Display: Starting AudioMixerPlatformInterface::RunInternal()
[2025.09.29-23.52.13:220][ 48]LogAudioMixer: Display: FMixerPlatformXAudio2::SubmitBuffer() called for the first time
[2025.09.29-23.52.13:220][ 48]LogInit: FAudioDevice initialized.
[2025.09.29-23.52.13:220][ 48]LogAudio: Display: Audio Device (ID: 2) registered with world 'ThirdPersonExampleMap'.
[2025.09.29-23.52.13:240][ 48]LogLoad: Game class is 'BP_GameMode_C'
[2025.09.29-23.52.13:265][ 48]LogWorld: Bringing World /Game/ThirdPersonBP/Maps/UEDPIE_0_ThirdPersonExampleMap.ThirdPersonExampleMap up for play (max tick rate 0) at 2025.09.29-17.52.13
[2025.09.29-23.52.13:285][ 48]LogWorld: Bringing up level for play took: 0.021497
[2025.09.29-23.52.13:286][ 48]LogOnline: OSS: Creating online subsystem instance for: :Context_1
[2025.09.29-23.52.13:406][ 48]LogNativeClassHierarchy: Verbose: Native class hierarchy updated for 'MovieSceneCapture' in 0.0003 seconds. Added 20 classes and 0 folders.
[2025.09.29-23.52.13:451][ 48]PIE: El servidor ha iniciado la sesión
[2025.09.29-23.52.13:454][ 48]PIE: Play in editor total start time 0.364 seconds.
[2025.09.29-23.52.16:055][305]LogSlate: Updating window title bar state: overlay mode, drag disabled, window buttons hidden, title bar hidden
[2025.09.29-23.52.16:055][305]LogWorld: BeginTearingDown for /Game/ThirdPersonBP/Maps/UEDPIE_0_ThirdPersonExampleMap
[2025.09.29-23.52.16:055][305]LogWorld: UWorld::CleanupWorld for ThirdPersonExampleMap, bSessionEnded=true, bCleanupResources=true
[2025.09.29-23.52.16:055][305]LogSlate: InvalidateAllWidgets triggered.  All widgets were invalidated
[2025.09.29-23.52.16:066][305]LogPlayLevel: Display: Shutting down PIE online subsystems
[2025.09.29-23.52.16:067][305]LogSlate: InvalidateAllWidgets triggered.  All widgets were invalidated
[2025.09.29-23.52.16:071][305]LogAudio: Display: Audio Device unregistered from world 'None'.
[2025.09.29-23.52.16:071][305]LogAudioMixer: FMixerPlatformXAudio2::StopAudioStream() called
[2025.09.29-23.52.16:072][305]LogAudioMixer: FMixerPlatformXAudio2::StopAudioStream() called
[2025.09.29-23.52.16:073][305]LogSlate: Updating window title bar state: overlay mode, drag disabled, window buttons hidden, title bar hidden
[2025.09.29-23.52.16:075][305]LogUObjectHash: Compacting FUObjectHashTables data took   0.58ms
[2025.09.29-23.52.16:103][308]LogPlayLevel: Display: Destroying online subsystem :Context_1
[2025.09.29-23.57.28:543][762]LogSlate: Took 0.000122 seconds to synchronously load lazily loaded font '../../../Engine/Content/Slate/Fonts/Roboto-Light.ttf' (167K)
[2025.09.29-23.57.28:575][762]LogEditorClassViewer: Warning: Class /Engine/Tutorial/InWorldBlueprintEditing/TutorialAssets/IWBE_Blutility.IWBE_Blutility_C has parent /Script/Blutility.PlacedEditorUtilityBase, but this parent is not found. The Class will not be shown in ClassViewer.
[2025.09.29-23.57.35:347][762]LogSlate: Window 'Escoger clase padre' being destroyed
[2025.09.29-23.57.35:378][762]LogContentBrowser: Deferred new asset file creation: NewBlueprint
[2025.09.29-23.57.35:384][762]LogContentBrowser: Creating deferred item: NewBlueprint
[2025.09.29-23.57.46:659][842]LogContentBrowser: Attempting asset rename: NewBlueprint -> Rata
[2025.09.29-23.57.46:663][842]LogContentBrowser: End creating deferred item NewBlueprint
[2025.09.29-23.57.46:995][854]LogUObjectHash: Compacting FUObjectHashTables data took   0.80ms
[2025.09.29-23.57.48:624][854]LogSlate: Window 'Delete Assets' being destroyed
[2025.09.29-23.57.58:529][368]LogContentBrowser: Attempting asset rename: Rata -> BP_EnemyCube
[2025.09.29-23.57.58:591][368]LogMetaData: Removing '/Game/Characters/Content_Enemies/Rata/BP_EnemyCube.BP_EnemyCube:UserConstructionScript.K2Node_FunctionEntry_0' ref from Metadata '/Game/Characters/Content_Enemies/Rata/Rata.PackageMetaData'
[2025.09.29-23.57.58:591][368]LogMetaData: Removing '/Game/Characters/Content_Enemies/Rata/BP_EnemyCube.SKEL_BP_EnemyCube_C:UserConstructionScript' ref from Metadata '/Game/Characters/Content_Enemies/Rata/Rata.PackageMetaData'
[2025.09.29-23.57.58:591][368]LogMetaData: Removing '/Game/Characters/Content_Enemies/Rata/BP_EnemyCube.SKEL_BP_EnemyCube_C' ref from Metadata '/Game/Characters/Content_Enemies/Rata/Rata.PackageMetaData'
[2025.09.29-23.57.58:591][368]LogMetaData: Removing '/Game/Characters/Content_Enemies/Rata/BP_EnemyCube.BP_EnemyCube_C' ref from Metadata '/Game/Characters/Content_Enemies/Rata/Rata.PackageMetaData'
[2025.09.29-23.57.58:591][368]LogMetaData: Removing '/Game/Characters/Content_Enemies/Rata/BP_EnemyCube.BP_EnemyCube:EventGraph.K2Node_Event_0' ref from Metadata '/Game/Characters/Content_Enemies/Rata/Rata.PackageMetaData'
[2025.09.29-23.57.58:591][368]LogMetaData: Removing '/Game/Characters/Content_Enemies/Rata/BP_EnemyCube.BP_EnemyCube:EventGraph.K2Node_Event_1' ref from Metadata '/Game/Characters/Content_Enemies/Rata/Rata.PackageMetaData'
[2025.09.29-23.57.58:591][368]LogMetaData: Removing '/Game/Characters/Content_Enemies/Rata/BP_EnemyCube.BP_EnemyCube:EventGraph.K2Node_Event_2' ref from Metadata '/Game/Characters/Content_Enemies/Rata/Rata.PackageMetaData'
[2025.09.29-23.57.58:680][368]LogSavePackage: Moving 'C:/Users/PC/Documents/GitHub/TasteOfMadness/TasteOfMadness/Saved/BP_EnemyCube752058484278370444E7C59A27F827CC.tmp' to 'C:/Users/PC/Documents/GitHub/TasteOfMadness/TasteOfMadness/Content/Characters/Content_Enemies/Rata/BP_EnemyCube.uasset'
[2025.09.29-23.57.58:743][368]LogUObjectHash: Compacting FUObjectHashTables data took   0.24ms
[2025.09.29-23.57.58:752][368]LogUObjectHash: Compacting FUObjectHashTables data took   0.57ms
[2025.09.29-23.57.58:755][368]LogUObjectHash: Compacting FUObjectHashTables data took   0.22ms
[2025.09.29-23.57.58:775][368]AssetCheck: New page: Asset Save: BP_EnemyCube
[2025.09.29-23.57.58:775][368]LogContentValidation: Display: Validating Blueprint /Game/Characters/Content_Enemies/Rata/BP_EnemyCube.BP_EnemyCube
[2025.09.29-23.58.04:926][674]LogAssetEditorSubsystem: Opening Asset editor for Blueprint /Game/Characters/Content_Enemies/Rata/BP_EnemyCube.BP_EnemyCube
[2025.09.29-23.58.05:102][674]LogNativeClassHierarchy: Verbose: Native class hierarchy updated for 'BlueprintGraph' in 0.0005 seconds. Added 126 classes and 0 folders.
[2025.09.29-23.58.05:766][674]LogRenderer: Reallocating scene render targets to support 1280x712 Format 10 NumSamples 1 (Frame:1).
[2025.09.29-23.58.19:167][124]LogSlate: Took 0.000167 seconds to synchronously load lazily loaded font '../../../Engine/Content/Slate/Fonts/Roboto-Italic.ttf' (157K)
[2025.09.29-23.58.56:169][832]LogEditorTransaction: Undo Modify Component(s)
[2025.09.29-23.58.57:654][926]LogEditorTransaction: Undo Modify Component(s)
[2025.09.29-23.59.24:273][571]LogSlate: Took 0.000163 seconds to synchronously load lazily loaded font '../../../Engine/Content/Slate/Fonts/Roboto-BoldCondensed.ttf' (158K)
[2025.09.30-00.02.36:220][398]LogMaterial: Display: Missing cached shadermap for M_ColdWater in PCD3D_SM5, Default, SM5 (DDC key hash: 6FE92465DE6669D4776B2F2CC4A535E108C6CD78), compiling. 
[2025.09.30-00.02.36:371][398]LogShaderCompilers: Display: Submitted 16 shader compile jobs with 'Low' priority
[2025.09.30-00.02.36:468][398]LogShaderCompilers: Display: Worker (1/9): shaders left to compile 16
[2025.09.30-00.02.36:468][398]LogShaderCompilers: Display: Worker (2/9): shaders left to compile 13
[2025.09.30-00.02.36:468][398]LogShaderCompilers: Display: Worker (3/9): shaders left to compile 10
[2025.09.30-00.02.36:468][398]LogShaderCompilers: Display: Worker (4/9): shaders left to compile 7
[2025.09.30-00.02.36:468][398]LogShaderCompilers: Display: Worker (5/9): shaders left to compile 4
[2025.09.30-00.02.36:468][398]LogShaderCompilers: Display: Worker (6/9): shaders left to compile 1
[2025.09.30-00.02.36:468][398]LogShaderCompilers: Display: Started 16 'Local' shader compile jobs with 'Low' priority
[2025.09.30-00.02.38:594][578]LogShaderCompilers: Display: === FShaderJobCache stats ===
[2025.09.30-00.02.38:595][578]LogShaderCompilers: Display: Total job queries 16, among them cache hits 0 (0.00%)
[2025.09.30-00.02.38:595][578]LogShaderCompilers: Display: Tracking 1 distinct input hashes that result in 1 distinct outputs (100.00%)
[2025.09.30-00.02.38:595][578]LogShaderCompilers: Display: RAM used: 0.01 MB (0.00 GB) of 1228.80 MB (1.20 GB) budget. Usage: 0.00%
[2025.09.30-00.02.38:595][578]LogShaderCompilers: Display: ================================================
[2025.09.30-00.03.58:290][168]LogUObjectHash: Compacting FUObjectHashTables data took   3.36ms
[2025.09.30-00.03.58:292][168]LogFileHelpers: Editor autosave (incl. external actors) for '/Game/ThirdPersonBP/Maps/ThirdPersonExampleMap' took 0.071
[2025.09.30-00.03.58:293][168]OBJ SavePackage: Generating thumbnails for [2] asset(s) in package [/Game/Characters/Content_Enemies/Rata/BP_EnemyCube] ([2] browsable assets)...
[2025.09.30-00.03.58:353][168]OBJ SavePackage:     Rendered thumbnail for [Blueprint /Game/Characters/Content_Enemies/Rata/BP_EnemyCube.BP_EnemyCube]
[2025.09.30-00.03.58:353][168]OBJ SavePackage: Finished generating thumbnails for package [/Game/Characters/Content_Enemies/Rata/BP_EnemyCube]
[2025.09.30-00.03.58:359][168]LogSavePackage: Moving 'C:/Users/PC/Documents/GitHub/TasteOfMadness/TasteOfMadness/Saved/BP_EnemyCube_Auto1369E751B4AF7E3B552A04789A0E15064.tmp' to 'C:/Users/PC/Documents/GitHub/TasteOfMadness/TasteOfMadness/Saved/Autosaves/Game/Characters/Content_Enemies/Rata/BP_EnemyCube_Auto1.uasset'
[2025.09.30-00.03.58:359][168]LogFileHelpers: Auto-saving content packages took 0.067
[2025.09.30-00.06.00:923][710]LogSlate: Window 'BP_EnemyCube' being destroyed
[2025.09.30-00.06.00:928][710]LogSlate: Window 'BP_EnemyCube' being destroyed
[2025.09.30-00.06.00:931][710]LogWorld: UWorld::CleanupWorld for World_0, bSessionEnded=true, bCleanupResources=true
[2025.09.30-00.06.00:931][710]LogSlate: InvalidateAllWidgets triggered.  All widgets were invalidated
[2025.09.30-00.06.02:789][904]LogAssetEditorSubsystem: Opening Asset editor for Blueprint /Game/Characters/Content_Enemies/Rata/BP_EnemyCube.BP_EnemyCube
[2025.09.30-00.06.06:923][348]LogSlate: Window 'BP_EnemyCube' being destroyed
[2025.09.30-00.06.06:927][348]LogSlate: Window 'BP_EnemyCube' being destroyed
[2025.09.30-00.06.06:931][348]LogWorld: UWorld::CleanupWorld for World_4, bSessionEnded=true, bCleanupResources=true
[2025.09.30-00.06.06:931][348]LogSlate: InvalidateAllWidgets triggered.  All widgets were invalidated
[2025.09.30-00.06.11:025][707]LogUObjectHash: Compacting FUObjectHashTables data took   2.64ms
[2025.09.30-00.06.15:629][707]LogSlate: Window 'Delete Assets' being destroyed
[2025.09.30-00.06.15:666][707]LogUObjectGlobals: Force Deleting 1 Package(s):
	Asset Name: /Game/Characters/Content_Enemies/Rata/BP_EnemyCube.BP_EnemyCube
[2025.09.30-00.06.17:997][707]LogUObjectHash: Compacting FUObjectHashTables data took   2.12ms
[2025.09.30-00.06.18:054][707]LogUObjectHash: Compacting FUObjectHashTables data took   1.50ms
[2025.09.30-00.06.18:065][707]LogUObjectHash: Compacting FUObjectHashTables data took   1.27ms
[2025.09.30-00.06.18:075][707]LogUObjectHash: Compacting FUObjectHashTables data took   0.39ms
[2025.09.30-00.06.22:459][ 23]LogSlate: Window 'Escoger clase padre' being destroyed
[2025.09.30-00.06.22:474][ 23]LogContentBrowser: Deferred new asset file creation: NewBlueprint
[2025.09.30-00.06.22:482][ 23]LogContentBrowser: Creating deferred item: NewBlueprint
[2025.09.30-00.06.25:660][395]LogContentBrowser: Attempting asset rename: NewBlueprint -> BP_EnemyCube
[2025.09.30-00.06.25:664][395]LogContentBrowser: End creating deferred item NewBlueprint
[2025.09.30-00.06.27:222][574]LogAssetEditorSubsystem: Opening Asset editor for Blueprint /Game/Characters/Content_Enemies/Rata/BP_EnemyCube.BP_EnemyCube
[2025.09.30-00.08.04:550][893]LogSlate: Window 'Save Asset As' being destroyed
[2025.09.30-00.08.31:984][866]LogAssetEditorSubsystem: Opening Asset editor for StaticMesh /Game/ThirdPerson/Meshes/Bump_StaticMesh.Bump_StaticMesh
[2025.09.30-00.08.32:137][866]LogTexture: Default maximum texture size for cubemaps generated from long-lat sources has been changed from 512 to unlimited. In order to preserve old behaiour for '/Engine/EditorMaterials/AssetViewer/EpicQuadPanorama_CC+EV1.EpicQuadPanorama_CC+EV1', its maximum texture size has been explicitly set to 512.
[2025.09.30-00.08.32:373][866]LogTexture: Default maximum texture size for cubemaps generated from long-lat sources has been changed from 512 to unlimited. In order to preserve old behaiour for '/Engine/MapTemplates/Sky/SunsetAmbientCubemap.SunsetAmbientCubemap', its maximum texture size has been explicitly set to 512.
[2025.09.30-00.08.33:329][867]LogRenderer: Reallocating scene render targets to support 1432x920 Format 10 NumSamples 1 (Frame:1).
[2025.09.30-00.08.37:368][316]LogWorld: UWorld::CleanupWorld for World_6, bSessionEnded=true, bCleanupResources=true
[2025.09.30-00.08.37:368][316]LogSlate: InvalidateAllWidgets triggered.  All widgets were invalidated
[2025.09.30-00.08.48:927][561]LogSlate: Window 'BP_EnemyCube' being destroyed
[2025.09.30-00.08.48:931][561]LogSlate: Window 'BP_EnemyCube' being destroyed
[2025.09.30-00.08.48:934][561]LogWorld: UWorld::CleanupWorld for World_5, bSessionEnded=true, bCleanupResources=true
[2025.09.30-00.08.48:934][561]LogSlate: InvalidateAllWidgets triggered.  All widgets were invalidated
[2025.09.30-00.08.51:262][765]LogUObjectHash: Compacting FUObjectHashTables data took   2.70ms
[2025.09.30-00.08.53:606][765]LogSlate: Window 'Delete Assets' being destroyed
[2025.09.30-00.08.53:641][765]LogUObjectGlobals: Force Deleting 1 Package(s):
	Asset Name: /Game/Characters/Content_Enemies/Rata/BP_EnemyCube.BP_EnemyCube
[2025.09.30-00.08.53:915][765]LogUObjectHash: Compacting FUObjectHashTables data took   2.48ms
[2025.09.30-00.08.53:935][765]LogUObjectHash: Compacting FUObjectHashTables data took   1.55ms
[2025.09.30-00.08.57:649][  7]LogSlate: Window 'Escoger clase padre' being destroyed
[2025.09.30-00.08.57:658][  7]LogContentBrowser: Deferred new asset file creation: NewBlueprint
[2025.09.30-00.08.57:665][  7]LogContentBrowser: Creating deferred item: NewBlueprint
[2025.09.30-00.09.00:113][289]LogContentBrowser: Attempting asset rename: NewBlueprint -> BP_EnemyCube
[2025.09.30-00.09.00:116][289]LogContentBrowser: End creating deferred item NewBlueprint
[2025.09.30-00.09.07:306][121]LogTemp: Repeating last play command: Selected Viewport
[2025.09.30-00.09.07:311][121]LogPlayLevel: PlayLevel: No blueprints needed recompiling
[2025.09.30-00.09.07:311][121]PIE: New page: Sesión PIE (reproducción en el editor): ThirdPersonExampleMap (29 sep. 2025 13:09:07)
[2025.09.30-00.09.07:311][121]LogPlayLevel: Creating play world package: /Game/ThirdPersonBP/Maps/UEDPIE_0_ThirdPersonExampleMap
[2025.09.30-00.09.07:319][121]LogPlayLevel: PIE: StaticDuplicateObject took: (0.008427s)
[2025.09.30-00.09.07:320][121]LogAIModule: Creating AISystem for world ThirdPersonExampleMap
[2025.09.30-00.09.07:320][121]LogPlayLevel: PIE: World Init took: (0.000925s)
[2025.09.30-00.09.07:320][121]LogPlayLevel: PIE: Created PIE world by copying editor world from /Game/ThirdPersonBP/Maps/ThirdPersonExampleMap.ThirdPersonExampleMap to /Game/ThirdPersonBP/Maps/UEDPIE_0_ThirdPersonExampleMap.ThirdPersonExampleMap (0.009460s)
[2025.09.30-00.09.07:337][121]LogUObjectHash: Compacting FUObjectHashTables data took   1.42ms
[2025.09.30-00.09.07:339][121]LogAudio: Display: Creating Audio Device:                 Id: 3, Scope: Unique, Realtime: True
[2025.09.30-00.09.07:339][121]LogAudioMixer: Display: Audio Mixer Platform Settings:
[2025.09.30-00.09.07:339][121]LogAudioMixer: Display: 	Sample Rate:						  48000
[2025.09.30-00.09.07:339][121]LogAudioMixer: Display: 	Callback Buffer Frame Size Requested: 1024
[2025.09.30-00.09.07:340][121]LogAudioMixer: Display: 	Callback Buffer Frame Size To Use:	  1024
[2025.09.30-00.09.07:340][121]LogAudioMixer: Display: 	Number of buffers to queue:			  2
[2025.09.30-00.09.07:340][121]LogAudioMixer: Display: 	Max Channels (voices):				  32
[2025.09.30-00.09.07:340][121]LogAudioMixer: Display: 	Number of Async Source Workers:		  0
[2025.09.30-00.09.07:340][121]LogAudio: Display: AudioDevice MaxSources: 32
[2025.09.30-00.09.07:340][121]LogAudio: Display: Audio Spatialization Plugin: None (built-in).
[2025.09.30-00.09.07:340][121]LogAudio: Display: Audio Reverb Plugin: None (built-in).
[2025.09.30-00.09.07:340][121]LogAudio: Display: Audio Occlusion Plugin: None (built-in).
[2025.09.30-00.09.07:340][121]LogAudioMixer: Display: Initializing audio mixer.
[2025.09.30-00.09.07:343][121]LogAudioMixer: Display: 0: FrontLeft
[2025.09.30-00.09.07:343][121]LogAudioMixer: Display: 1: FrontRight
[2025.09.30-00.09.07:349][121]LogAudioMixer: Display: Using Audio Device LC24RG50 (NVIDIA High Definition Audio)
[2025.09.30-00.09.07:350][121]LogAudioMixer: Display: Initializing Sound Submixes...
[2025.09.30-00.09.07:350][121]LogAudioMixer: Display: Creating Master Submix 'MasterSubmixDefault'
[2025.09.30-00.09.07:350][121]LogAudioMixer: Display: Creating Master Submix 'MasterReverbSubmixDefault'
[2025.09.30-00.09.07:350][121]LogAudioMixer: Display: Creating Master Submix 'MasterEQSubmixDefault'
[2025.09.30-00.09.07:350][121]LogAudioMixer: FMixerPlatformXAudio2::StartAudioStream() called
[2025.09.30-00.09.07:350][121]LogAudioMixer: Display: Output buffers initialized: Frames=1024, Channels=2, Samples=2048
[2025.09.30-00.09.07:351][121]LogAudioMixer: Display: Starting AudioMixerPlatformInterface::RunInternal()
[2025.09.30-00.09.07:351][121]LogAudioMixer: Display: FMixerPlatformXAudio2::SubmitBuffer() called for the first time
[2025.09.30-00.09.07:351][121]LogInit: FAudioDevice initialized.
[2025.09.30-00.09.07:351][121]LogAudio: Display: Audio Device (ID: 3) registered with world 'ThirdPersonExampleMap'.
[2025.09.30-00.09.07:361][121]LogLoad: Game class is 'BP_GameMode_C'
[2025.09.30-00.09.07:363][121]LogWorld: Bringing World /Game/ThirdPersonBP/Maps/UEDPIE_0_ThirdPersonExampleMap.ThirdPersonExampleMap up for play (max tick rate 0) at 2025.09.29-18.09.07
[2025.09.30-00.09.07:363][121]LogWorld: Bringing up level for play took: 0.001151
[2025.09.30-00.09.07:363][121]LogOnline: OSS: Creating online subsystem instance for: :Context_9
[2025.09.30-00.09.07:365][121]PIE: El servidor ha iniciado la sesión
[2025.09.30-00.09.07:366][121]PIE: Play in editor total start time 0.056 seconds.
[2025.09.30-00.09.12:248][689]LogBlueprintUserMessages: [BP_FrancisIA_2] Se ha encontrado la mesa
[2025.09.30-00.09.12:973][765]LogSlate: Updating window title bar state: overlay mode, drag disabled, window buttons hidden, title bar hidden
[2025.09.30-00.09.12:973][765]LogWorld: BeginTearingDown for /Game/ThirdPersonBP/Maps/UEDPIE_0_ThirdPersonExampleMap
[2025.09.30-00.09.12:973][765]LogWorld: UWorld::CleanupWorld for ThirdPersonExampleMap, bSessionEnded=true, bCleanupResources=true
[2025.09.30-00.09.12:973][765]LogSlate: InvalidateAllWidgets triggered.  All widgets were invalidated
[2025.09.30-00.09.12:984][765]LogPlayLevel: Display: Shutting down PIE online subsystems
[2025.09.30-00.09.12:991][765]LogSlate: InvalidateAllWidgets triggered.  All widgets were invalidated
[2025.09.30-00.09.13:001][765]LogAudio: Display: Audio Device unregistered from world 'None'.
[2025.09.30-00.09.13:001][765]LogAudioMixer: FMixerPlatformXAudio2::StopAudioStream() called
[2025.09.30-00.09.13:002][765]LogAudioMixer: FMixerPlatformXAudio2::StopAudioStream() called
[2025.09.30-00.09.13:004][765]LogSlate: Updating window title bar state: overlay mode, drag disabled, window buttons hidden, title bar hidden
[2025.09.30-00.09.13:006][765]LogUObjectHash: Compacting FUObjectHashTables data took   1.37ms
[2025.09.30-00.09.13:032][766]LogPlayLevel: Display: Destroying online subsystem :Context_9
[2025.09.30-00.09.17:588][309]LogTemp: Repeating last play command: Selected Viewport
[2025.09.30-00.09.17:592][309]LogPlayLevel: PlayLevel: No blueprints needed recompiling
[2025.09.30-00.09.17:592][309]PIE: New page: Sesión PIE (reproducción en el editor): ThirdPersonExampleMap (29 sep. 2025 13:09:17)
[2025.09.30-00.09.17:633][309]LogPlayLevel: Creating play world package: /Game/ThirdPersonBP/Maps/UEDPIE_0_ThirdPersonExampleMap
[2025.09.30-00.09.17:641][309]LogPlayLevel: PIE: StaticDuplicateObject took: (0.007758s)
[2025.09.30-00.09.17:641][309]LogAIModule: Creating AISystem for world ThirdPersonExampleMap
[2025.09.30-00.09.17:642][309]LogPlayLevel: PIE: World Init took: (0.000936s)
[2025.09.30-00.09.17:642][309]LogPlayLevel: PIE: Created PIE world by copying editor world from /Game/ThirdPersonBP/Maps/ThirdPersonExampleMap.ThirdPersonExampleMap to /Game/ThirdPersonBP/Maps/UEDPIE_0_ThirdPersonExampleMap.ThirdPersonExampleMap (0.008814s)
[2025.09.30-00.09.17:656][309]LogUObjectHash: Compacting FUObjectHashTables data took   1.33ms
[2025.09.30-00.09.17:658][309]LogAudio: Display: Creating Audio Device:                 Id: 4, Scope: Unique, Realtime: True
[2025.09.30-00.09.17:658][309]LogAudioMixer: Display: Audio Mixer Platform Settings:
[2025.09.30-00.09.17:658][309]LogAudioMixer: Display: 	Sample Rate:						  48000
[2025.09.30-00.09.17:658][309]LogAudioMixer: Display: 	Callback Buffer Frame Size Requested: 1024
[2025.09.30-00.09.17:658][309]LogAudioMixer: Display: 	Callback Buffer Frame Size To Use:	  1024
[2025.09.30-00.09.17:658][309]LogAudioMixer: Display: 	Number of buffers to queue:			  2
[2025.09.30-00.09.17:658][309]LogAudioMixer: Display: 	Max Channels (voices):				  32
[2025.09.30-00.09.17:658][309]LogAudioMixer: Display: 	Number of Async Source Workers:		  0
[2025.09.30-00.09.17:658][309]LogAudio: Display: AudioDevice MaxSources: 32
[2025.09.30-00.09.17:658][309]LogAudio: Display: Audio Spatialization Plugin: None (built-in).
[2025.09.30-00.09.17:658][309]LogAudio: Display: Audio Reverb Plugin: None (built-in).
[2025.09.30-00.09.17:658][309]LogAudio: Display: Audio Occlusion Plugin: None (built-in).
[2025.09.30-00.09.17:658][309]LogAudioMixer: Display: Initializing audio mixer.
[2025.09.30-00.09.17:661][309]LogAudioMixer: Display: 0: FrontLeft
[2025.09.30-00.09.17:661][309]LogAudioMixer: Display: 1: FrontRight
[2025.09.30-00.09.17:667][309]LogAudioMixer: Display: Using Audio Device LC24RG50 (NVIDIA High Definition Audio)
[2025.09.30-00.09.17:668][309]LogAudioMixer: Display: Initializing Sound Submixes...
[2025.09.30-00.09.17:668][309]LogAudioMixer: Display: Creating Master Submix 'MasterSubmixDefault'
[2025.09.30-00.09.17:668][309]LogAudioMixer: Display: Creating Master Submix 'MasterReverbSubmixDefault'
[2025.09.30-00.09.17:668][309]LogAudioMixer: Display: Creating Master Submix 'MasterEQSubmixDefault'
[2025.09.30-00.09.17:668][309]LogAudioMixer: FMixerPlatformXAudio2::StartAudioStream() called
[2025.09.30-00.09.17:668][309]LogAudioMixer: Display: Output buffers initialized: Frames=1024, Channels=2, Samples=2048
[2025.09.30-00.09.17:669][309]LogAudioMixer: Display: Starting AudioMixerPlatformInterface::RunInternal()
[2025.09.30-00.09.17:669][309]LogAudioMixer: Display: FMixerPlatformXAudio2::SubmitBuffer() called for the first time
[2025.09.30-00.09.17:669][309]LogInit: FAudioDevice initialized.
[2025.09.30-00.09.17:669][309]LogAudio: Display: Audio Device (ID: 4) registered with world 'ThirdPersonExampleMap'.
[2025.09.30-00.09.17:678][309]LogLoad: Game class is 'BP_GameMode_C'
[2025.09.30-00.09.17:680][309]LogWorld: Bringing World /Game/ThirdPersonBP/Maps/UEDPIE_0_ThirdPersonExampleMap.ThirdPersonExampleMap up for play (max tick rate 0) at 2025.09.29-18.09.17
[2025.09.30-00.09.17:680][309]LogWorld: Bringing up level for play took: 0.001055
[2025.09.30-00.09.17:680][309]LogOnline: OSS: Creating online subsystem instance for: :Context_10
[2025.09.30-00.09.17:682][309]PIE: El servidor ha iniciado la sesión
[2025.09.30-00.09.17:683][309]PIE: Play in editor total start time 0.091 seconds.
[2025.09.30-00.09.20:143][599]LogSlate: Updating window title bar state: overlay mode, drag disabled, window buttons hidden, title bar hidden
[2025.09.30-00.09.20:143][599]LogWorld: BeginTearingDown for /Game/ThirdPersonBP/Maps/UEDPIE_0_ThirdPersonExampleMap
[2025.09.30-00.09.20:144][599]LogWorld: UWorld::CleanupWorld for ThirdPersonExampleMap, bSessionEnded=true, bCleanupResources=true
[2025.09.30-00.09.20:144][599]LogSlate: InvalidateAllWidgets triggered.  All widgets were invalidated
[2025.09.30-00.09.20:149][599]LogPlayLevel: Display: Shutting down PIE online subsystems
[2025.09.30-00.09.20:156][599]LogSlate: InvalidateAllWidgets triggered.  All widgets were invalidated
[2025.09.30-00.09.20:166][599]LogAudio: Display: Audio Device unregistered from world 'None'.
[2025.09.30-00.09.20:166][599]LogAudioMixer: FMixerPlatformXAudio2::StopAudioStream() called
[2025.09.30-00.09.20:167][599]LogAudioMixer: FMixerPlatformXAudio2::StopAudioStream() called
[2025.09.30-00.09.20:169][599]LogSlate: Updating window title bar state: overlay mode, drag disabled, window buttons hidden, title bar hidden
[2025.09.30-00.09.20:171][599]LogUObjectHash: Compacting FUObjectHashTables data took   1.33ms
[2025.09.30-00.09.20:224][601]LogPlayLevel: Display: Destroying online subsystem :Context_10
[2025.09.30-00.09.23:899][ 17]LogAssetEditorSubsystem: Opening Asset editor for Blueprint /Game/Characters/Content_Enemies/Rata/BP_EnemyCube.BP_EnemyCube
[2025.09.30-00.10.41:700][280]LogSlate: Window 'BP_EnemyCube' being destroyed
[2025.09.30-00.10.41:704][280]LogSlate: Window 'BP_EnemyCube' being destroyed
[2025.09.30-00.10.41:740][280]LogWorld: UWorld::CleanupWorld for World_7, bSessionEnded=true, bCleanupResources=true
[2025.09.30-00.10.41:740][280]LogSlate: InvalidateAllWidgets triggered.  All widgets were invalidated
[2025.09.30-00.10.43:870][468]LogUObjectHash: Compacting FUObjectHashTables data took   1.71ms
[2025.09.30-00.10.45:915][468]LogSlate: Window 'Delete Assets' being destroyed
[2025.09.30-00.10.45:947][468]LogUObjectGlobals: Force Deleting 1 Package(s):
	Asset Name: /Game/Characters/Content_Enemies/Rata/BP_EnemyCube.BP_EnemyCube
[2025.09.30-00.10.46:114][468]LogUObjectHash: Compacting FUObjectHashTables data took   1.48ms
[2025.09.30-00.10.46:135][468]LogUObjectHash: Compacting FUObjectHashTables data took   1.70ms
[2025.09.30-00.10.58:813][652]LogSlate: Window 'Escoger clase padre' being destroyed
[2025.09.30-00.10.58:823][652]LogContentBrowser: Deferred new asset file creation: NewBlueprint
[2025.09.30-00.10.58:831][652]LogContentBrowser: Creating deferred item: NewBlueprint
[2025.09.30-00.11.02:334][ 51]LogContentBrowser: Attempting asset rename: NewBlueprint -> BP_EnemyCube
[2025.09.30-00.11.02:338][ 51]LogContentBrowser: End creating deferred item NewBlueprint
[2025.09.30-00.11.03:045][135]LogAssetEditorSubsystem: Opening Asset editor for Blueprint /Game/Characters/Content_Enemies/Rata/BP_EnemyCube.BP_EnemyCube
[2025.09.30-00.13.42:012][210]LogMaterial: Display: Missing cached shadermap for M_HotWater in PCD3D_SM5, Default, SM5 (DDC key hash: 1C6DB83C68EC834B31085570542A8AC934FB5BEB), compiling. 
[2025.09.30-00.13.42:022][210]LogShaderCompilers: Display: Submitted 16 shader compile jobs with 'Low' priority
[2025.09.30-00.13.42:046][211]LogShaderCompilers: Display: Worker (1/9): shaders left to compile 2
[2025.09.30-00.13.42:046][211]LogShaderCompilers: Display: Worker (2/9): shaders left to compile 1
[2025.09.30-00.13.42:046][211]LogShaderCompilers: Display: Worker (3/9): shaders left to compile 14
[2025.09.30-00.13.42:046][211]LogShaderCompilers: Display: Worker (4/9): shaders left to compile 12
[2025.09.30-00.13.42:046][211]LogShaderCompilers: Display: Worker (5/9): shaders left to compile 10
[2025.09.30-00.13.42:046][211]LogShaderCompilers: Display: Worker (6/9): shaders left to compile 8
[2025.09.30-00.13.42:046][211]LogShaderCompilers: Display: Worker (7/9): shaders left to compile 6
[2025.09.30-00.13.42:046][211]LogShaderCompilers: Display: Worker (8/9): shaders left to compile 4
[2025.09.30-00.13.42:046][211]LogShaderCompilers: Display: Started 12 'Local' shader compile jobs with 'Normal' priority
[2025.09.30-00.13.42:046][211]LogShaderCompilers: Display: Started 2 'Local' shader compile jobs with 'ForceLocal' priority
[2025.09.30-00.13.42:590][243]LogShaderCompilers: Display: Worker (2/9): shaders left to compile 2
[2025.09.30-00.13.42:590][243]LogShaderCompilers: Display: Started 1 'Local' shader compile jobs with 'Normal' priority
[2025.09.30-00.13.42:593][243]LogShaderCompilers: Display: === FShaderJobCache stats ===
[2025.09.30-00.13.42:594][243]LogShaderCompilers: Display: Total job queries 32, among them cache hits 0 (0.00%)
[2025.09.30-00.13.42:594][243]LogShaderCompilers: Display: Tracking 17 distinct input hashes that result in 13 distinct outputs (76.47%)
[2025.09.30-00.13.42:594][243]LogShaderCompilers: Display: RAM used: 0.06 MB (0.00 GB) of 1228.80 MB (1.20 GB) budget. Usage: 0.01%
[2025.09.30-00.13.42:594][243]LogShaderCompilers: Display: ================================================
[2025.09.30-00.13.42:662][247]LogShaderCompilers: Display: Worker (3/9): shaders left to compile 1
[2025.09.30-00.13.42:662][247]LogShaderCompilers: Display: Started 1 'Local' shader compile jobs with 'Normal' priority
[2025.09.30-00.13.44:939][494]BlueprintLog: New page: Compilar BP_EnemyCube
[2025.09.30-00.13.44:965][494]LogUObjectHash: Compacting FUObjectHashTables data took   2.16ms
[2025.09.30-00.14.19:874][630]LogUObjectHash: Compacting FUObjectHashTables data took   1.71ms
[2025.09.30-00.14.19:930][630]LogSavePackage: Moving 'C:/Users/PC/Documents/GitHub/TasteOfMadness/TasteOfMadness/Saved/ThirdPersonExampleMap_Auto20077FC054A3D4908189CF2814352C9EC.tmp' to 'C:/Users/PC/Documents/GitHub/TasteOfMadness/TasteOfMadness/Saved/Autosaves/Game/ThirdPersonBP/Maps/ThirdPersonExampleMap_Auto2.umap'
[2025.09.30-00.14.19:938][630]LogFileHelpers: Editor autosave (incl. external actors) for '/Game/ThirdPersonBP/Maps/ThirdPersonExampleMap' took 0.081
[2025.09.30-00.14.19:938][630]LogFileHelpers: Editor autosave (incl. sublevels & external actors) for all levels took 0.081
[2025.09.30-00.15.30:544][932]LogSlate: Took 0.010784 seconds to synchronously load lazily loaded font '../../../Engine/Content/Slate/Fonts/Roboto-BoldCondensedItalic.ttf' (160K)
[2025.09.30-00.29.22:445][545]LogSlate: Window 'Tutoriales' being destroyed
[2025.09.30-00.29.22:449][545]LogSlate: Window 'Tutoriales' being destroyed
[2025.09.30-00.29.34:170][492]LogSlate: Window 'BP_EnemyCube' being destroyed
[2025.09.30-00.29.34:212][492]LogSlate: Window 'BP_EnemyCube' being destroyed
[2025.09.30-00.29.34:249][492]LogWorld: UWorld::CleanupWorld for World_8, bSessionEnded=true, bCleanupResources=true
[2025.09.30-00.29.34:249][492]LogSlate: InvalidateAllWidgets triggered.  All widgets were invalidated
[2025.09.30-00.29.36:256][694]LogUObjectHash: Compacting FUObjectHashTables data took   2.20ms
[2025.09.30-00.29.36:271][694]LogSavePackage: Moving 'C:/Users/PC/Documents/GitHub/TasteOfMadness/TasteOfMadness/Saved/ThirdPersonExampleMap70D2ADEC4A5EFEE978158499BF070FD3.tmp' to 'C:/Users/PC/Documents/GitHub/TasteOfMadness/TasteOfMadness/Content/ThirdPersonBP/Maps/ThirdPersonExampleMap.umap'
[2025.09.30-00.29.36:297][694]AssetCheck: New page: Asset Save: ThirdPersonExampleMap
[2025.09.30-00.29.36:297][694]LogContentValidation: Display: Validating World /Game/ThirdPersonBP/Maps/ThirdPersonExampleMap.ThirdPersonExampleMap
[2025.09.30-00.29.38:267][918]LogUObjectHash: Compacting FUObjectHashTables data took   1.56ms
[2025.09.30-00.29.42:820][918]LogSlate: Window 'Guardar contenido' being destroyed
[2025.09.30-00.29.42:858][918]LogSavePackage: Moving 'C:/Users/PC/Documents/GitHub/TasteOfMadness/TasteOfMadness/Saved/BP_EnemyCubeDA5425DA4891DCC816341B8473DA39C0.tmp' to 'C:/Users/PC/Documents/GitHub/TasteOfMadness/TasteOfMadness/Content/Characters/Content_Enemies/Rata/BP_EnemyCube.uasset'
[2025.09.30-00.29.42:898][918]LogSlate: Window 'TasteOfMadness - Unreal Editor' being destroyed
[2025.09.30-00.29.42:998][918]AssetCheck: New page: Asset Save: BP_EnemyCube
[2025.09.30-00.29.42:998][918]LogContentValidation: Display: Validating Blueprint /Game/Characters/Content_Enemies/Rata/BP_EnemyCube.BP_EnemyCube
[2025.09.30-00.29.43:000][919]Cmd: QUIT_EDITOR
[2025.09.30-00.29.43:000][919]LogCore: Engine exit requested (reason: UUnrealEdEngine::CloseEditor())
[2025.09.30-00.29.43:002][919]LogCore: Engine exit requested (reason: EngineExit() was called; note: exit was already requested)
[2025.09.30-00.29.43:413][919]LogAudio: Display: Beginning Audio Device Manager Shutdown (Module: AudioMixerXAudio2)...
[2025.09.30-00.29.43:413][919]LogAudio: Display: Destroying 1 Remaining Audio Device(s)...
[2025.09.30-00.29.43:413][919]LogAudio: Display: Audio Device unregistered from world 'ThirdPersonExampleMap'.
[2025.09.30-00.29.43:413][919]LogAudioMixer: FMixerPlatformXAudio2::StopAudioStream() called
[2025.09.30-00.29.43:414][919]LogAudioMixer: FMixerPlatformXAudio2::StopAudioStream() called
[2025.09.30-00.29.43:420][919]LogAudio: Display: Audio Device Manager Shutdown
[2025.09.30-00.29.43:420][919]LogWindowsTextInputMethodSystem: Display: IME system deactivated.
[2025.09.30-00.29.43:424][919]LogExit: Preparing to exit.
[2025.09.30-00.29.43:661][919]LogUObjectHash: Compacting FUObjectHashTables data took   1.80ms
[2025.09.30-00.29.43:773][919]LogWorld: UWorld::CleanupWorld for World_2, bSessionEnded=true, bCleanupResources=true
[2025.09.30-00.29.43:776][919]LogWorld: UWorld::CleanupWorld for World_3, bSessionEnded=true, bCleanupResources=true
[2025.09.30-00.29.43:778][919]LogWorld: UWorld::CleanupWorld for World_1, bSessionEnded=true, bCleanupResources=true
[2025.09.30-00.29.43:814][919]LogDemo: Cleaned up 0 splitscreen connections with owner deletion
[2025.09.30-00.29.43:819][919]LogWorld: UWorld::CleanupWorld for None, bSessionEnded=true, bCleanupResources=true
[2025.09.30-00.29.43:819][919]LogExit: Editor shut down
[2025.09.30-00.29.43:819][919]LogExit: Transaction tracking system shut down
[2025.09.30-00.29.44:124][919]LogExit: Object subsystem successfully closed.
[2025.09.30-00.29.44:140][919]LogShaderCompilers: Display: === FShaderJobCache stats ===
[2025.09.30-00.29.44:140][919]LogShaderCompilers: Display: Total job queries 34, among them cache hits 2 (5.88%)
[2025.09.30-00.29.44:140][919]LogShaderCompilers: Display: Tracking 32 distinct input hashes that result in 13 distinct outputs (40.62%)
[2025.09.30-00.29.44:140][919]LogShaderCompilers: Display: RAM used: 0.07 MB (0.00 GB) of 1228.80 MB (1.20 GB) budget. Usage: 0.01%
[2025.09.30-00.29.44:140][919]LogShaderCompilers: Display: ================================================
[2025.09.30-00.29.44:157][919]LogShaderCompilers: Display: Shaders left to compile 0
[2025.09.30-00.29.44:169][919]LogModuleManager: Shutting down and abandoning module StaticMeshEditor (880)
[2025.09.30-00.29.44:169][919]LogModuleManager: Shutting down and abandoning module HierarchicalLODUtilities (878)
[2025.09.30-00.29.44:184][919]LogModuleManager: Shutting down and abandoning module BlueprintGraph (876)
[2025.09.30-00.29.44:184][919]LogModuleManager: Shutting down and abandoning module MovieSceneCapture (874)
[2025.09.30-00.29.44:184][919]LogModuleManager: Shutting down and abandoning module Voice (872)
[2025.09.30-00.29.44:191][919]LogModuleManager: Shutting down and abandoning module HierarchicalLODOutliner (870)
[2025.09.30-00.29.44:191][919]LogModuleManager: Shutting down and abandoning module SceneOutliner (868)
[2025.09.30-00.29.44:191][919]LogModuleManager: Shutting down and abandoning module AddContentDialog (866)
[2025.09.30-00.29.44:191][919]LogModuleManager: Shutting down and abandoning module WidgetCarousel (865)
[2025.09.30-00.29.44:191][919]LogModuleManager: Shutting down and abandoning module EditorWidgets (862)
[2025.09.30-00.29.44:191][919]LogModuleManager: Shutting down and abandoning module StatsViewer (860)
[2025.09.30-00.29.44:191][919]LogModuleManager: Shutting down and abandoning module PIEPreviewDeviceProfileSelector (858)
[2025.09.30-00.29.44:191][919]LogModuleManager: Shutting down and abandoning module SequenceRecorderSections (856)
[2025.09.30-00.29.44:191][919]LogModuleManager: Shutting down and abandoning module AutomationWorker (854)
[2025.09.30-00.29.44:191][919]LogModuleManager: Shutting down and abandoning module SteamVREditor (852)
[2025.09.30-00.29.44:191][919]LogModuleManager: Shutting down and abandoning module OculusMR (850)
[2025.09.30-00.29.44:191][919]LogModuleManager: Shutting down and abandoning module TakeRecorderSources (848)
[2025.09.30-00.29.44:191][919]LogModuleManager: Shutting down and abandoning module TakeRecorder (847)
[2025.09.30-00.29.44:191][919]LogModuleManager: Shutting down and abandoning module TakeTrackRecorders (844)
[2025.09.30-00.29.44:191][919]LogModuleManager: Shutting down and abandoning module TakesCore (842)
[2025.09.30-00.29.44:191][919]LogModuleManager: Shutting down and abandoning module OpenXRInput (840)
[2025.09.30-00.29.44:191][919]LogModuleManager: Shutting down and abandoning module MatineeToLevelSequence (838)
[2025.09.30-00.29.44:191][919]LogModuleManager: Shutting down and abandoning module GooglePADEditor (836)
[2025.09.30-00.29.44:191][919]LogModuleManager: Shutting down and abandoning module AudioCaptureEditor (834)
[2025.09.30-00.29.44:191][919]LogModuleManager: Shutting down and abandoning module TemplateSequenceEditor (832)
[2025.09.30-00.29.44:191][919]LogModuleManager: Shutting down and abandoning module LevelSequenceEditor (830)
[2025.09.30-00.29.44:191][919]LogModuleManager: Shutting down and abandoning module ActorSequenceEditor (828)
[2025.09.30-00.29.44:191][919]LogModuleManager: Shutting down and abandoning module WmfMediaFactory (826)
[2025.09.30-00.29.44:191][919]LogModuleManager: Shutting down and abandoning module WmfMediaEditor (824)
[2025.09.30-00.29.44:191][919]LogModuleManager: Shutting down and abandoning module WebMMediaFactory (822)
[2025.09.30-00.29.44:191][919]LogModuleManager: Shutting down and abandoning module WebMMediaEditor (820)
[2025.09.30-00.29.44:191][919]LogModuleManager: Shutting down and abandoning module WebMMedia (818)
[2025.09.30-00.29.44:191][919]LogModuleManager: Shutting down and abandoning module MediaPlayerEditor (816)
[2025.09.30-00.29.44:191][919]LogModuleManager: Shutting down and abandoning module MediaCompositingEditor (814)
[2025.09.30-00.29.44:191][919]LogModuleManager: Shutting down and abandoning module SequenceRecorder (813)
[2025.09.30-00.29.44:191][919]LogModuleManager: Shutting down and abandoning module OpenExrWrapper (810)
[2025.09.30-00.29.44:191][919]LogModuleManager: Shutting down and abandoning module ImgMediaFactory (808)
[2025.09.30-00.29.44:191][919]LogModuleManager: Shutting down and abandoning module ImgMediaEditor (806)
[2025.09.30-00.29.44:191][919]LogModuleManager: Shutting down and abandoning module AvfMediaFactory (804)
[2025.09.30-00.29.44:191][919]LogModuleManager: Shutting down and abandoning module AvfMediaEditor (802)
[2025.09.30-00.29.44:191][919]LogModuleManager: Shutting down and abandoning module AndroidMediaFactory (800)
[2025.09.30-00.29.44:191][919]LogModuleManager: Shutting down and abandoning module AndroidMediaEditor (798)
[2025.09.30-00.29.44:191][919]LogModuleManager: Shutting down and abandoning module MagicLeapMediaCodecFactory (796)
[2025.09.30-00.29.44:191][919]LogModuleManager: Shutting down and abandoning module MagicLeapMediaFactory (794)
[2025.09.30-00.29.44:191][919]LogModuleManager: Shutting down and abandoning module MagicLeapMediaEditor (792)
[2025.09.30-00.29.44:191][919]LogModuleManager: Shutting down and abandoning module PlanarCut (790)
[2025.09.30-00.29.44:191][919]LogModuleManager: Shutting down and abandoning module CharacterAI (788)
[2025.09.30-00.29.44:191][919]LogModuleManager: Shutting down and abandoning module TextureAlignMode (786)
[2025.09.30-00.29.44:191][919]LogModuleManager: Shutting down and abandoning module BspMode (784)
[2025.09.30-00.29.44:191][919]LogModuleManager: Shutting down and abandoning module GeometryMode (782)
[2025.09.30-00.29.44:191][919]LogModuleManager: Shutting down and abandoning module CameraShakePreviewer (780)
[2025.09.30-00.29.44:191][919]LogModuleManager: Shutting down and abandoning module SmartSnapping (778)
[2025.09.30-00.29.44:191][919]LogModuleManager: Shutting down and abandoning module SessionServices (776)
[2025.09.30-00.29.44:191][919]LogModuleManager: Shutting down and abandoning module MeshPaint (774)
[2025.09.30-00.29.44:191][919]LogModuleManager: Shutting down and abandoning module VirtualTexturingEditor (772)
[2025.09.30-00.29.44:191][919]LogModuleManager: Shutting down and abandoning module FoliageEdit (770)
[2025.09.30-00.29.44:191][919]LogModuleManager: Shutting down and abandoning module LandscapeEditor (768)
[2025.09.30-00.29.44:191][919]LogModuleManager: Shutting down and abandoning module MeshPaintMode (766)
[2025.09.30-00.29.44:191][919]LogModuleManager: Shutting down and abandoning module SceneDepthPickerMode (764)
[2025.09.30-00.29.44:191][919]LogModuleManager: Shutting down and abandoning module ActorPickerMode (762)
[2025.09.30-00.29.44:191][919]LogModuleManager: Shutting down and abandoning module PlacementMode (760)
[2025.09.30-00.29.44:191][919]LogModuleManager: Shutting down and abandoning module ViewportSnapping (758)
[2025.09.30-00.29.44:191][919]LogModuleManager: Shutting down and abandoning module ViewportInteraction (756)
[2025.09.30-00.29.44:191][919]LogModuleManager: Shutting down and abandoning module ClothPainter (754)
[2025.09.30-00.29.44:191][919]LogModuleManager: Shutting down and abandoning module SkeletalMeshEditor (753)
[2025.09.30-00.29.44:191][919]LogModuleManager: Shutting down and abandoning module LogVisualizer (750)
[2025.09.30-00.29.44:191][919]LogModuleManager: Shutting down and abandoning module IntroTutorials (748)
[2025.09.30-00.29.44:191][919]LogModuleManager: Shutting down and abandoning module GameProjectGeneration (747)
[2025.09.30-00.29.44:191][919]LogModuleManager: Shutting down and abandoning module LuminPlatformEditor (744)
[2025.09.30-00.29.44:191][919]LogModuleManager: Shutting down and abandoning module IOSPlatformEditor (742)
[2025.09.30-00.29.44:191][919]LogModuleManager: Shutting down and abandoning module AndroidPlatformEditor (740)
[2025.09.30-00.29.44:191][919]LogModuleManager: Shutting down and abandoning module AndroidDeviceDetection (739)
[2025.09.30-00.29.45:665][919]LogModuleManager: Shutting down and abandoning module WindowsPlatformEditor (736)
[2025.09.30-00.29.45:665][919]LogModuleManager: Shutting down and abandoning module LuminRuntimeSettings (734)
[2025.09.30-00.29.45:665][919]LogModuleManager: Shutting down and abandoning module IOSRuntimeSettings (732)
[2025.09.30-00.29.45:665][919]LogModuleManager: Shutting down and abandoning module AndroidRuntimeSettings (730)
[2025.09.30-00.29.45:665][919]LogModuleManager: Shutting down and abandoning module TraceInsights (728)
[2025.09.30-00.29.45:665][919]MemoryProfiler: Shutdown
[2025.09.30-00.29.45:665][919]NetworkingProfiler: Shutdown
[2025.09.30-00.29.45:665][919]LoadingProfiler: Shutdown
[2025.09.30-00.29.45:665][919]TimingProfiler: Shutdown
[2025.09.30-00.29.45:665][919]LogModuleManager: Shutting down and abandoning module TraceServices (727)
[2025.09.30-00.29.45:665][919]LogModuleManager: Shutting down and abandoning module EditorInteractiveToolsFramework (724)
[2025.09.30-00.29.45:665][919]LogModuleManager: Shutting down and abandoning module TimeManagementEditor (722)
[2025.09.30-00.29.45:665][919]LogModuleManager: Shutting down and abandoning module InputBindingEditor (720)
[2025.09.30-00.29.45:665][919]LogModuleManager: Shutting down and abandoning module MergeActors (718)
[2025.09.30-00.29.45:665][919]LogModuleManager: Shutting down and abandoning module LocalizationDashboard (716)
[2025.09.30-00.29.45:665][919]LogModuleManager: Shutting down and abandoning module LocalizationService (715)
[2025.09.30-00.29.45:665][919]LogModuleManager: Shutting down and abandoning module HardwareTargeting (712)
[2025.09.30-00.29.45:665][919]LogModuleManager: Shutting down and abandoning module DeviceProfileEditor (710)
[2025.09.30-00.29.45:665][919]LogModuleManager: Shutting down and abandoning module UndoHistory (708)
[2025.09.30-00.29.45:665][919]LogModuleManager: Shutting down and abandoning module XmlParser (706)
[2025.09.30-00.29.45:665][919]LogModuleManager: Shutting down and abandoning module Blutility (704)
[2025.09.30-00.29.45:665][919]LogModuleManager: Shutting down and abandoning module ProjectSettingsViewer (702)
[2025.09.30-00.29.45:665][919]LogModuleManager: Shutting down and abandoning module ProjectTargetPlatformEditor (701)
[2025.09.30-00.29.45:665][919]LogModuleManager: Shutting down and abandoning module EditorSettingsViewer (698)
[2025.09.30-00.29.45:665][919]LogModuleManager: Shutting down and abandoning module InternationalizationSettings (697)
[2025.09.30-00.29.45:665][919]LogModuleManager: Shutting down and abandoning module SettingsEditor (694)
[2025.09.30-00.29.45:665][919]LogModuleManager: Shutting down and abandoning module ProjectLauncher (692)
[2025.09.30-00.29.45:665][919]LogModuleManager: Shutting down and abandoning module SessionFrontend (690)
[2025.09.30-00.29.45:665][919]LogModuleManager: Shutting down and abandoning module ProfilerClient (688)
[2025.09.30-00.29.45:665][919]LogModuleManager: Shutting down and abandoning module DeviceManager (686)
[2025.09.30-00.29.45:665][919]LogModuleManager: Shutting down and abandoning module TargetDeviceServices (685)
[2025.09.30-00.29.45:698][919]LogModuleManager: Shutting down and abandoning module AutomationController (682)
[2025.09.30-00.29.45:698][919]LogModuleManager: Shutting down and abandoning module AutomationWindow (680)
[2025.09.30-00.29.45:698][919]LogModuleManager: Shutting down and abandoning module Layers (678)
[2025.09.30-00.29.45:698][919]LogModuleManager: Shutting down and abandoning module ComponentVisualizers (676)
[2025.09.30-00.29.45:698][919]LogModuleManager: Shutting down and abandoning module DetailCustomizations (674)
[2025.09.30-00.29.45:698][919]LogModuleManager: Shutting down and abandoning module PackagesDialog (672)
[2025.09.30-00.29.45:698][919]LogModuleManager: Shutting down and abandoning module AnimationBlueprintEditor (670)
[2025.09.30-00.29.45:698][919]LogModuleManager: Shutting down and abandoning module Persona (668)
[2025.09.30-00.29.45:698][919]LogModuleManager: Shutting down and abandoning module AdvancedPreviewScene (667)
[2025.09.30-00.29.45:698][919]LogModuleManager: Shutting down and abandoning module AnimGraph (665)
[2025.09.30-00.29.45:698][919]LogModuleManager: Shutting down and abandoning module Kismet (662)
[2025.09.30-00.29.45:705][919]LogModuleManager: Shutting down and abandoning module KismetWidgets (661)
[2025.09.30-00.29.45:705][919]LogModuleManager: Shutting down and abandoning module GraphEditor (658)
[2025.09.30-00.29.45:705][919]LogModuleManager: Shutting down and abandoning module StructViewer (656)
[2025.09.30-00.29.45:705][919]LogModuleManager: Shutting down and abandoning module ClassViewer (654)
[2025.09.30-00.29.45:706][919]LogModuleManager: Shutting down and abandoning module Toolbox (652)
[2025.09.30-00.29.45:706][919]LogModuleManager: Shutting down and abandoning module ModuleUI (650)
[2025.09.30-00.29.45:706][919]LogModuleManager: Shutting down and abandoning module OutputLog (648)
[2025.09.30-00.29.45:706][919]LogModuleManager: Shutting down and abandoning module GammaUI (646)
[2025.09.30-00.29.45:706][919]LogModuleManager: Shutting down and abandoning module Documentation (644)
[2025.09.30-00.29.45:706][919]LogModuleManager: Shutting down and abandoning module LiveCoding (642)
[2025.09.30-00.29.45:707][919]LogModuleManager: Shutting down and abandoning module LevelSequence (640)
[2025.09.30-00.29.45:707][919]LogModuleManager: Shutting down and abandoning module MovieSceneTracks (638)
[2025.09.30-00.29.45:707][919]LogModuleManager: Shutting down and abandoning module MovieScene (636)
[2025.09.30-00.29.45:707][919]LogModuleManager: Shutting down and abandoning module StreamingPauseRendering (634)
[2025.09.30-00.29.45:707][919]LogModuleManager: Shutting down and abandoning module LauncherPlatform (632)
[2025.09.30-00.29.45:707][919]LogModuleManager: Shutting down and abandoning module AnalyticsET (630)
[2025.09.30-00.29.45:707][919]LogModuleManager: Shutting down and abandoning module PortalServices (628)
[2025.09.30-00.29.45:707][919]LogModuleManager: Shutting down and abandoning module PortalRpc (626)
[2025.09.30-00.29.45:707][919]LogModuleManager: Shutting down and abandoning module MessagingRpc (624)
[2025.09.30-00.29.45:707][919]LogModuleManager: Shutting down and abandoning module AudioMixerXAudio2 (622)
[2025.09.30-00.29.45:707][919]LogModuleManager: Shutting down and abandoning module AudioMixerCore (621)
[2025.09.30-00.29.45:707][919]LogModuleManager: Shutting down and abandoning module AIModule (618)
[2025.09.30-00.29.45:707][919]LogModuleManager: Shutting down and abandoning module GameplayDebugger (617)
[2025.09.30-00.29.45:707][919]LogModuleManager: Shutting down and abandoning module AITestSuite (615)
[2025.09.30-00.29.45:707][919]LogModuleManager: Shutting down and abandoning module NavigationSystem (613)
[2025.09.30-00.29.45:707][919]LogModuleManager: Shutting down and abandoning module ImageWriteQueue (610)
[2025.09.30-00.29.45:710][919]LogModuleManager: Shutting down and abandoning module ProfilerService (608)
[2025.09.30-00.29.45:864][919]LogModuleManager: Shutting down and abandoning module TaskGraph (606)
[2025.09.30-00.29.45:864][919]LogModuleManager: Shutting down and abandoning module AudioSynesthesiaEditor (604)
[2025.09.30-00.29.45:864][919]LogModuleManager: Shutting down and abandoning module OculusEditor (602)
[2025.09.30-00.29.45:865][919]LogModuleManager: Shutting down and abandoning module OculusInput (600)
[2025.09.30-00.29.45:865][919]LogModuleManager: Shutting down and abandoning module ContentBrowserFileDataSource (598)
[2025.09.30-00.29.45:865][919]LogModuleManager: Shutting down and abandoning module ContentBrowserClassDataSource (596)
[2025.09.30-00.29.45:865][919]LogModuleManager: Shutting down and abandoning module ContentBrowserAssetDataSource (594)
[2025.09.30-00.29.45:865][919]LogModuleManager: Shutting down and abandoning module CollectionManager (593)
[2025.09.30-00.29.45:865][919]LogModuleManager: Shutting down and abandoning module LightPropagationVolumeEditor (590)
[2025.09.30-00.29.45:865][919]LogModuleManager: Shutting down and abandoning module TakeSequencer (588)
[2025.09.30-00.29.45:865][919]LogModuleManager: Shutting down and abandoning module TakeMovieScene (586)
[2025.09.30-00.29.45:865][919]LogModuleManager: Shutting down and abandoning module SynthesisEditor (584)
[2025.09.30-00.29.45:865][919]LogModuleManager: Shutting down and abandoning module Synthesis (582)
[2025.09.30-00.29.45:865][919]LogModuleManager: Shutting down and abandoning module ProceduralMeshComponentEditor (580)
[2025.09.30-00.29.45:865][919]LogModuleManager: Shutting down and abandoning module ProceduralMeshComponent (578)
[2025.09.30-00.29.45:865][919]LogModuleManager: Shutting down and abandoning module OpenXREditor (576)
[2025.09.30-00.29.45:865][919]LogModuleManager: Shutting down and abandoning module MobilePatchingUtils (574)
[2025.09.30-00.29.45:865][919]LogModuleManager: Shutting down and abandoning module ScreenshotTools (572)
[2025.09.30-00.29.45:865][919]LogModuleManager: Shutting down and abandoning module GooglePAD (570)
[2025.09.30-00.29.45:865][919]LogModuleManager: Shutting down and abandoning module EditableMesh (568)
[2025.09.30-00.29.45:865][919]LogModuleManager: Shutting down and abandoning module CustomMeshComponent (566)
[2025.09.30-00.29.45:865][919]LogModuleManager: Shutting down and abandoning module CableComponent (564)
[2025.09.30-00.29.45:865][919]LogModuleManager: Shutting down and abandoning module AssetTags (562)
[2025.09.30-00.29.45:865][919]LogModuleManager: Shutting down and abandoning module AudioCapture (560)
[2025.09.30-00.29.45:865][919]LogModuleManager: Shutting down and abandoning module AudioCaptureRtAudio (559)
[2025.09.30-00.29.45:865][919]LogModuleManager: Shutting down and abandoning module ArchVisCharacter (556)
[2025.09.30-00.29.45:865][919]LogModuleManager: Shutting down and abandoning module AppleImageUtilsBlueprintSupport (554)
[2025.09.30-00.29.45:865][919]LogModuleManager: Shutting down and abandoning module AppleImageUtils (552)
[2025.09.30-00.29.45:865][919]LogModuleManager: Shutting down and abandoning module AndroidPermission (550)
[2025.09.30-00.29.45:865][919]LogModuleManager: Shutting down and abandoning module ActorLayerUtilitiesEditor (548)
[2025.09.30-00.29.45:865][919]LogModuleManager: Shutting down and abandoning module ActorLayerUtilities (546)
[2025.09.30-00.29.45:865][919]LogModuleManager: Shutting down and abandoning module TemplateSequence (544)
[2025.09.30-00.29.45:865][919]LogModuleManager: Shutting down and abandoning module MediaCompositing (542)
[2025.09.30-00.29.45:865][919]LogModuleManager: Shutting down and abandoning module ImgMedia (540)
[2025.09.30-00.29.45:865][919]LogModuleManager: Shutting down and abandoning module MagicLeapSharedWorld (538)
[2025.09.30-00.29.45:865][919]LogModuleManager: Shutting down and abandoning module MagicLeapLightEstimation (536)
[2025.09.30-00.29.45:865][919]LogModuleManager: Shutting down and abandoning module MagicLeapHelperVulkan (534)
[2025.09.30-00.29.45:865][919]LogModuleManager: Shutting down and abandoning module MagicLeapHelperOpenGL (532)
[2025.09.30-00.29.45:865][919]LogModuleManager: Shutting down and abandoning module MagicLeapAudio (530)
[2025.09.30-00.29.45:865][919]LogModuleManager: Shutting down and abandoning module VariantManagerContentEditor (528)
[2025.09.30-00.29.45:865][919]LogModuleManager: Shutting down and abandoning module NiagaraEditorWidgets (526)
[2025.09.30-00.29.45:865][919]LogModuleManager: Shutting down and abandoning module MotoSynthEditor (524)
[2025.09.30-00.29.45:865][919]LogModuleManager: Shutting down and abandoning module MotoSynth (522)
[2025.09.30-00.29.45:865][919]LogModuleManager: Shutting down and abandoning module OpenImageDenoise (520)
[2025.09.30-00.29.45:865][919]LogOpenImageDenoise: OIDN shutting down
[2025.09.30-00.29.45:865][919]LogModuleManager: Shutting down and abandoning module DatasmithContentEditor (518)
[2025.09.30-00.29.45:865][919]LogModuleManager: Shutting down and abandoning module MeshConversion (516)
[2025.09.30-00.29.45:865][919]LogModuleManager: Shutting down and abandoning module DynamicMesh (514)
[2025.09.30-00.29.45:865][919]LogModuleManager: Shutting down and abandoning module GeometryAlgorithms (512)
[2025.09.30-00.29.45:865][919]LogModuleManager: Shutting down and abandoning module GeometricObjects (510)
[2025.09.30-00.29.45:865][919]LogModuleManager: Shutting down and abandoning module GeometryCollectionTracks (508)
[2025.09.30-00.29.45:865][919]LogModuleManager: Shutting down and abandoning module GeometryCollectionSequencer (507)
[2025.09.30-00.29.45:865][919]LogModuleManager: Shutting down and abandoning module GeometryCollectionEditor (504)
[2025.09.30-00.29.45:865][919]LogModuleManager: Shutting down and abandoning module GeometryCacheTracks (502)
[2025.09.30-00.29.45:865][919]LogModuleManager: Shutting down and abandoning module GeometryCacheStreamer (500)
[2025.09.30-00.29.45:865][919]LogModuleManager: Shutting down and abandoning module GeometryCacheSequencer (498)
[2025.09.30-00.29.45:865][919]LogModuleManager: Shutting down and abandoning module ChaosSolverEditor (496)
[2025.09.30-00.29.45:865][919]LogModuleManager: Shutting down and abandoning module ChaosNiagara (494)
[2025.09.30-00.29.45:865][919]LogModuleManager: Shutting down and abandoning module MobileLauncherProfileWizard (492)
[2025.09.30-00.29.45:866][919]LogModuleManager: Shutting down and abandoning module FractureEditor (490)
[2025.09.30-00.29.45:866][919]LogModuleManager: Shutting down and abandoning module FieldSystemEngine (489)
[2025.09.30-00.29.45:866][919]LogModuleManager: Shutting down and abandoning module PluginBrowser (486)
[2025.09.30-00.29.45:866][919]LogModuleManager: Shutting down and abandoning module SpeedTreeImporter (484)
[2025.09.30-00.29.45:866][919]LogModuleManager: Shutting down and abandoning module ChaosClothEditor (482)
[2025.09.30-00.29.45:866][919]LogModuleManager: Shutting down and abandoning module AlembicImporter (480)
[2025.09.30-00.29.45:866][919]LogModuleManager: Shutting down and abandoning module AlembicLibrary (479)
[2025.09.30-00.29.45:866][919]LogModuleManager: Shutting down and abandoning module GeometryCache (478)
[2025.09.30-00.29.45:866][919]LogModuleManager: Shutting down and abandoning module GeometryCacheEd (477)
[2025.09.30-00.29.45:866][919]LogModuleManager: Shutting down and abandoning module MaterialAnalyzer (472)
[2025.09.30-00.29.45:866][919]LogModuleManager: Shutting down and abandoning module BackChannel (470)
[2025.09.30-00.29.45:866][919]LogModuleManager: Shutting down and abandoning module AutomationUtilsEditor (468)
[2025.09.30-00.29.45:866][919]LogModuleManager: Shutting down and abandoning module AutomationUtils (466)
[2025.09.30-00.29.45:866][919]LogModuleManager: Shutting down and abandoning module CurveEditorTools (464)
[2025.09.30-00.29.45:866][919]LogModuleManager: Shutting down and abandoning module CryptoKeysOpenSSL (462)
[2025.09.30-00.29.45:866][919]LogModuleManager: Shutting down and abandoning module CryptoKeys (460)
[2025.09.30-00.29.45:866][919]LogModuleManager: Shutting down and abandoning module OodleNetworkHandlerComponent (458)
[2025.09.30-00.29.45:866][919]LogModuleManager: Shutting down and abandoning module VisualStudioCodeSourceCodeAccess (456)
[2025.09.30-00.29.45:866][919]LogModuleManager: Shutting down and abandoning module VisualStudioSourceCodeAccess (454)
[2025.09.30-00.29.45:866][919]LogModuleManager: Shutting down and abandoning module UObjectPlugin (452)
[2025.09.30-00.29.45:866][919]LogModuleManager: Shutting down and abandoning module PerforceSourceControl (450)
[2025.09.30-00.29.45:866][919]LogModuleManager: Shutting down and abandoning module SubversionSourceControl (448)
[2025.09.30-00.29.45:866][919]LogModuleManager: Shutting down and abandoning module RiderSourceCodeAccess (446)
[2025.09.30-00.29.45:866][919]LogModuleManager: Shutting down and abandoning module PluginUtils (444)
[2025.09.30-00.29.45:866][919]LogModuleManager: Shutting down and abandoning module PlasticSourceControl (442)
[2025.09.30-00.29.45:866][919]LogModuleManager: Shutting down and abandoning module GitSourceControl (440)
[2025.09.30-00.29.45:866][919]LogModuleManager: Shutting down and abandoning module SourceControl (439)
[2025.09.30-00.29.45:866][919]LogModuleManager: Shutting down and abandoning module CLionSourceCodeAccess (436)
[2025.09.30-00.29.45:866][919]LogModuleManager: Shutting down and abandoning module AnimationSharingEd (434)
[2025.09.30-00.29.45:866][919]LogModuleManager: Shutting down and abandoning module LiveLinkSequencer (432)
[2025.09.30-00.29.45:866][919]LogModuleManager: Shutting down and abandoning module LiveLinkMovieScene (430)
[2025.09.30-00.29.45:866][919]LogModuleManager: Shutting down and abandoning module LiveLinkGraphNode (428)
[2025.09.30-00.29.45:866][919]LogModuleManager: Shutting down and abandoning module LiveLinkEditor (426)
[2025.09.30-00.29.45:866][919]LogModuleManager: Shutting down and abandoning module LiveLinkComponents (424)
[2025.09.30-00.29.45:866][919]LogModuleManager: Shutting down and abandoning module LiveLink (422)
[2025.09.30-00.29.46:733][919]LogModuleManager: Shutting down and abandoning module PaperTiledImporter (420)
[2025.09.30-00.29.46:733][919]LogModuleManager: Shutting down and abandoning module PaperSpriteSheetImporter (418)
[2025.09.30-00.29.46:733][919]LogModuleManager: Shutting down and abandoning module Paper2DEditor (416)
[2025.09.30-00.29.46:733][919]LogModuleManager: Shutting down and abandoning module MeshPaintingToolset (414)
[2025.09.30-00.29.46:733][919]LogModuleManager: Shutting down and abandoning module MeshPaintEditorMode (412)
[2025.09.30-00.29.46:733][919]LogModuleManager: Shutting down and abandoning module LightPropagationVolumeRuntime (410)
[2025.09.30-00.29.46:733][919]LogModuleManager: Shutting down and abandoning module SoundFields (408)
[2025.09.30-00.29.46:733][919]LogModuleManager: Shutting down and abandoning module PhysXVehiclesEditor (406)
[2025.09.30-00.29.46:733][919]LogModuleManager: Shutting down and abandoning module SignificanceManager (402)
[2025.09.30-00.29.46:733][919]LogModuleManager: Shutting down and abandoning module RuntimePhysXCooking (400)
[2025.09.30-00.29.46:733][919]LogModuleManager: Shutting down and abandoning module PropertyAccessEditor (398)
[2025.09.30-00.29.46:733][919]LogModuleManager: Shutting down and abandoning module LocationServicesBPLibrary (396)
[2025.09.30-00.29.46:733][919]LogModuleManager: Shutting down and abandoning module AudioSynesthesia (394)
[2025.09.30-00.29.46:733][919]LogModuleManager: Shutting down and abandoning module AudioSynesthesiaCore (392)
[2025.09.30-00.29.46:733][919]LogModuleManager: Shutting down and abandoning module ActorSequence (390)
[2025.09.30-00.29.46:733][919]LogModuleManager: Shutting down and abandoning module UdpMessaging (388)
[2025.09.30-00.29.46:834][919]LogModuleManager: Shutting down and abandoning module TcpMessaging (386)
[2025.09.30-00.29.46:934][919]LogModuleManager: Shutting down and abandoning module ImgMediaEngine (384)
[2025.09.30-00.29.46:934][919]LogModuleManager: Shutting down and abandoning module MagicLeapARPin (382)
[2025.09.30-00.29.46:934][919]LogModuleManager: Shutting down and abandoning module MagicLeapHandMeshing (380)
[2025.09.30-00.29.46:934][919]LogModuleManager: Shutting down and abandoning module MagicLeapSecureStorage (378)
[2025.09.30-00.29.46:934][919]LogModuleManager: Shutting down and abandoning module MagicLeapPrivileges (376)
[2025.09.30-00.29.46:934][919]LogModuleManager: Shutting down and abandoning module MagicLeapPlanes (374)
[2025.09.30-00.29.46:934][919]LogMagicLeapPlanes: Planes tracker already destroyed.
[2025.09.30-00.29.46:934][919]LogModuleManager: Shutting down and abandoning module MagicLeapImageTracker (372)
[2025.09.30-00.29.46:934][919]LogModuleManager: Shutting down and abandoning module MagicLeapIdentity (370)
[2025.09.30-00.29.46:934][919]LogModuleManager: Shutting down and abandoning module MagicLeapHandTracking (368)
[2025.09.30-00.29.46:934][919]LogModuleManager: Shutting down and abandoning module MagicLeapEyeTracker (366)
[2025.09.30-00.29.46:934][919]LogModuleManager: Shutting down and abandoning module MagicLeapController (364)
[2025.09.30-00.29.46:934][919]LogModuleManager: Shutting down and abandoning module MagicLeapARPinImpl (362)
[2025.09.30-00.29.46:934][919]LogModuleManager: Shutting down and abandoning module MagicLeapAR (360)
[2025.09.30-00.29.46:934][919]LogModuleManager: Shutting down and abandoning module NiagaraAnimNotifies (358)
[2025.09.30-00.29.46:934][919]LogModuleManager: Shutting down and abandoning module Niagara (356)
[2025.09.30-00.29.46:934][919]LogModuleManager: Shutting down and abandoning module SignalProcessing (355)
[2025.09.30-00.29.46:934][919]LogModuleManager: Shutting down and abandoning module NiagaraEditor (353)
[2025.09.30-00.29.46:934][919]LogModuleManager: Shutting down and abandoning module NiagaraCore (350)
[2025.09.30-00.29.46:934][919]LogModuleManager: Shutting down and abandoning module PythonScriptPlugin (348)
[2025.09.30-00.29.46:934][919]LogModuleManager: Shutting down and abandoning module GameplayTagsEditor (346)
[2025.09.30-00.29.46:934][919]LogModuleManager: Shutting down and abandoning module FacialAnimationEditor (344)
[2025.09.30-00.29.46:934][919]LogModuleManager: Shutting down and abandoning module FacialAnimation (342)
[2025.09.30-00.29.46:934][919]LogModuleManager: Shutting down and abandoning module DataValidation (340)
[2025.09.30-00.29.46:934][919]LogModuleManager: Shutting down and abandoning module AssetManagerEditor (338)
[2025.09.30-00.29.46:934][919]LogModuleManager: Shutting down and abandoning module LevelEditor (337)
[2025.09.30-00.29.46:935][919]LogModuleManager: Shutting down and abandoning module PixelInspectorModule (336)
[2025.09.30-00.29.46:935][919]LogModuleManager: Shutting down and abandoning module CommonMenuExtensions (334)
[2025.09.30-00.29.46:935][919]LogModuleManager: Shutting down and abandoning module MainFrame (332)
[2025.09.30-00.29.46:935][919]LogModuleManager: Shutting down and abandoning module HotReload (331)
[2025.09.30-00.29.46:935][919]LogModuleManager: Shutting down and abandoning module ToolMenus (327)
[2025.09.30-00.29.46:935][919]LogModuleManager: Shutting down and abandoning module ContentBrowser (325)
[2025.09.30-00.29.46:935][919]LogModuleManager: Shutting down and abandoning module ContentBrowserData (324)
[2025.09.30-00.29.46:935][919]LogModuleManager: Shutting down and abandoning module TreeMap (321)
[2025.09.30-00.29.46:935][919]LogModuleManager: Shutting down and abandoning module PropertyAccessNode (318)
[2025.09.30-00.29.46:935][919]LogModuleManager: Shutting down and abandoning module AnimationSharing (316)
[2025.09.30-00.29.46:935][919]LogModuleManager: Shutting down and abandoning module GameplayCameras (314)
[2025.09.30-00.29.46:935][919]LogModuleManager: Shutting down and abandoning module EnvironmentQueryEditor (312)
[2025.09.30-00.29.46:935][919]LogModuleManager: Shutting down and abandoning module Paper2D (310)
[2025.09.30-00.29.46:935][919]LogModuleManager: Shutting down and abandoning module WindowsMoviePlayer (308)
[2025.09.30-00.29.46:936][919]LogModuleManager: Shutting down and abandoning module WebMMoviePlayer (306)
[2025.09.30-00.29.46:936][919]LogModuleManager: Shutting down and abandoning module NetworkReplayStreaming (304)
[2025.09.30-00.29.46:936][919]LogModuleManager: Shutting down and abandoning module PacketHandler (302)
[2025.09.30-00.29.46:936][919]LogModuleManager: Shutting down and abandoning module ClothingSystemEditor (300)
[2025.09.30-00.29.46:936][919]LogModuleManager: Shutting down and abandoning module ClothingSystemRuntimeNv (298)
[2025.09.30-00.29.46:936][919]LogModuleManager: Shutting down and abandoning module MediaAssets (296)
[2025.09.30-00.29.46:936][919]LogModuleManager: Shutting down and abandoning module Overlay (294)
[2025.09.30-00.29.46:936][919]LogModuleManager: Shutting down and abandoning module OverlayEditor (293)
[2025.09.30-00.29.46:936][919]LogModuleManager: Shutting down and abandoning module VREditor (290)
[2025.09.30-00.29.46:936][919]LogModuleManager: Shutting down and abandoning module StringTableEditor (288)
[2025.09.30-00.29.46:936][919]LogModuleManager: Shutting down and abandoning module GameplayTasksEditor (286)
[2025.09.30-00.29.46:936][919]LogModuleManager: Shutting down and abandoning module BehaviorTreeEditor (284)
[2025.09.30-00.29.46:936][919]LogModuleManager: Shutting down and abandoning module FunctionalTesting (282)
[2025.09.30-00.29.46:936][919]LogModuleManager: Shutting down and abandoning module CollisionAnalyzer (280)
[2025.09.30-00.29.46:936][919]LogModuleManager: Shutting down and abandoning module WorkspaceMenuStructure (279)
[2025.09.30-00.29.46:936][919]LogModuleManager: Shutting down and abandoning module UMG (276)
[2025.09.30-00.29.46:936][919]LogModuleManager: Shutting down and abandoning module UMGEditor (275)
[2025.09.30-00.29.46:936][919]LogModuleManager: Shutting down and abandoning module MessageLog (273)
[2025.09.30-00.29.46:936][919]LogModuleManager: Shutting down and abandoning module SlateReflector (268)
[2025.09.30-00.29.46:936][919]LogModuleManager: Shutting down and abandoning module Slate (266)
[2025.09.30-00.29.46:936][919]LogModuleManager: Shutting down and abandoning module SlateCore (264)
[2025.09.30-00.29.46:937][919]LogModuleManager: Shutting down and abandoning module LandscapeEditorUtilities (262)
[2025.09.30-00.29.46:937][919]LogModuleManager: Shutting down and abandoning module UnrealEd (260)
[2025.09.30-00.29.46:937][919]LogModuleManager: Shutting down and abandoning module MRMesh (258)
[2025.09.30-00.29.46:937][919]LogModuleManager: Shutting down and abandoning module SourceCodeAccess (256)
[2025.09.30-00.29.46:937][919]LogModuleManager: Shutting down and abandoning module HeadMountedDisplay (254)
[2025.09.30-00.29.46:937][919]LogModuleManager: Shutting down and abandoning module XAudio2 (252)
[2025.09.30-00.29.46:937][919]LogModuleManager: Shutting down and abandoning module Networking (250)
[2025.09.30-00.29.46:937][919]LogModuleManager: Shutting down and abandoning module Core (248)
[2025.09.30-00.29.46:937][919]LogModuleManager: Shutting down and abandoning module MaterialEditor (246)
[2025.09.30-00.29.46:937][919]LogModuleManager: Shutting down and abandoning module MovieSceneTools (244)
[2025.09.30-00.29.46:937][919]LogModuleManager: Shutting down and abandoning module CurveEditor (243)
[2025.09.30-00.29.46:937][919]LogModuleManager: Shutting down and abandoning module Sequencer (241)
[2025.09.30-00.29.46:937][919]LogModuleManager: Shutting down and abandoning module EditorStyle (240)
[2025.09.30-00.29.46:938][919]LogModuleManager: Shutting down and abandoning module KismetCompiler (236)
[2025.09.30-00.29.46:938][919]LogModuleManager: Shutting down and abandoning module MeshBuilder (234)
[2025.09.30-00.29.46:938][919]LogModuleManager: Shutting down and abandoning module MeshUtilities (232)
[2025.09.30-00.29.46:938][919]LogModuleManager: Shutting down and abandoning module MeshMergeUtilities (231)
[2025.09.30-00.29.46:938][919]LogModuleManager: Shutting down and abandoning module MeshReductionInterface (230)
[2025.09.30-00.29.46:938][919]LogModuleManager: Shutting down and abandoning module MeshBoneReduction (229)
[2025.09.30-00.29.46:938][919]LogModuleManager: Shutting down and abandoning module SkeletalMeshReduction (227)
[2025.09.30-00.29.46:938][919]LogModuleManager: Shutting down and abandoning module ProxyLODMeshReduction (225)
[2025.09.30-00.29.46:938][919]LogModuleManager: Shutting down and abandoning module QuadricMeshReduction (223)
[2025.09.30-00.29.46:938][919]LogModuleManager: Shutting down and abandoning module MaterialBaking (219)
[2025.09.30-00.29.46:938][919]LogModuleManager: Shutting down and abandoning module NullInstallBundleManager (214)
[2025.09.30-00.29.46:938][919]LogModuleManager: Shutting down and abandoning module DerivedDataCache (212)
[2025.09.30-00.29.46:938][919]LogModuleManager: Shutting down and abandoning module TargetPlatform (210)
[2025.09.30-00.29.46:938][919]LogModuleManager: Shutting down and abandoning module VulkanShaderFormat (209)
[2025.09.30-00.29.46:938][919]LogModuleManager: Shutting down and abandoning module ShaderFormatVectorVM (207)
[2025.09.30-00.29.46:938][919]LogModuleManager: Shutting down and abandoning module ShaderFormatOpenGL (205)
[2025.09.30-00.29.46:938][919]LogModuleManager: Shutting down and abandoning module ShaderFormatD3D (203)
[2025.09.30-00.29.46:938][919]LogModuleManager: Shutting down and abandoning module MetalShaderFormat (201)
[2025.09.30-00.29.46:938][919]LogModuleManager: Shutting down and abandoning module TextureFormatOodle (199)
[2025.09.30-00.29.46:938][919]LogModuleManager: Shutting down and abandoning module TextureFormatUncompressed (197)
[2025.09.30-00.29.46:938][919]LogModuleManager: Shutting down and abandoning module TextureFormatPVR (195)
[2025.09.30-00.29.46:938][919]LogModuleManager: Shutting down and abandoning module TextureFormatETC2 (193)
[2025.09.30-00.29.46:938][919]LogModuleManager: Shutting down and abandoning module TextureFormatDXT (191)
[2025.09.30-00.29.46:938][919]LogModuleManager: Shutting down and abandoning module TextureFormatIntelISPCTexComp (189)
[2025.09.30-00.29.46:938][919]LogModuleManager: Shutting down and abandoning module TextureFormatASTC (187)
[2025.09.30-00.29.46:938][919]LogModuleManager: Shutting down and abandoning module ImageWrapper (186)
[2025.09.30-00.29.46:938][919]LogModuleManager: Shutting down and abandoning module AudioFormatOpus (183)
[2025.09.30-00.29.46:938][919]LogModuleManager: Shutting down and abandoning module AudioFormatOgg (181)
[2025.09.30-00.29.46:938][919]LogModuleManager: Shutting down and abandoning module AudioFormatADPCM (179)
[2025.09.30-00.29.46:938][919]LogModuleManager: Shutting down and abandoning module WindowsServerTargetPlatform (177)
[2025.09.30-00.29.46:938][919]LogModuleManager: Shutting down and abandoning module WindowsClientTargetPlatform (175)
[2025.09.30-00.29.46:938][919]LogModuleManager: Shutting down and abandoning module WindowsTargetPlatform (173)
[2025.09.30-00.29.46:938][919]LogModuleManager: Shutting down and abandoning module WindowsNoEditorTargetPlatform (171)
[2025.09.30-00.29.46:938][919]LogModuleManager: Shutting down and abandoning module TVOSTargetPlatform (169)
[2025.09.30-00.29.46:939][919]LogModuleManager: Shutting down and abandoning module MacServerTargetPlatform (167)
[2025.09.30-00.29.46:939][919]LogModuleManager: Shutting down and abandoning module MacClientTargetPlatform (165)
[2025.09.30-00.29.46:939][919]LogModuleManager: Shutting down and abandoning module MacTargetPlatform (163)
[2025.09.30-00.29.46:939][919]LogModuleManager: Shutting down and abandoning module MacNoEditorTargetPlatform (161)
[2025.09.30-00.29.46:939][919]LogModuleManager: Shutting down and abandoning module LuminTargetPlatform (159)
[2025.09.30-00.29.46:939][919]LogModuleManager: Shutting down and abandoning module LinuxAArch64ServerTargetPlatform (157)
[2025.09.30-00.29.46:939][919]LogModuleManager: Shutting down and abandoning module LinuxAArch64ClientTargetPlatform (155)
[2025.09.30-00.29.46:939][919]LogModuleManager: Shutting down and abandoning module LinuxAArch64NoEditorTargetPlatform (153)
[2025.09.30-00.29.46:939][919]LogModuleManager: Shutting down and abandoning module LinuxServerTargetPlatform (151)
[2025.09.30-00.29.46:940][919]LogModuleManager: Shutting down and abandoning module LinuxClientTargetPlatform (149)
[2025.09.30-00.29.46:940][919]LogModuleManager: Shutting down and abandoning module LinuxNoEditorTargetPlatform (147)
[2025.09.30-00.29.46:940][919]LogModuleManager: Shutting down and abandoning module LinuxTargetPlatform (145)
[2025.09.30-00.29.46:940][919]LogModuleManager: Shutting down and abandoning module Messaging (143)
[2025.09.30-00.29.46:940][919]LogModuleManager: Shutting down and abandoning module IOSTargetPlatform (141)
[2025.09.30-00.29.46:940][919]LogModuleManager: Shutting down and abandoning module AndroidTargetPlatform (139)
[2025.09.30-00.29.46:943][919]LogModuleManager: Shutting down and abandoning module AllDesktopTargetPlatform (137)
[2025.09.30-00.29.46:943][919]LogModuleManager: Shutting down and abandoning module D3D11RHI (134)
[2025.09.30-00.29.46:943][919]LogModuleManager: Shutting down and abandoning module InputCore (132)
[2025.09.30-00.29.46:943][919]LogModuleManager: Shutting down and abandoning module Settings (130)
[2025.09.30-00.29.46:943][919]LogModuleManager: Shutting down and abandoning module DirectoryWatcher (128)
[2025.09.30-00.29.46:943][919]LogModuleManager: Shutting down and abandoning module PhysXCooking (126)
[2025.09.30-00.29.46:943][919]LogModuleManager: Shutting down and abandoning module Chaos (124)
[2025.09.30-00.29.46:943][919]LogModuleManager: Shutting down and abandoning module WindowsPlatformFeatures (122)
[2025.09.30-00.29.46:943][919]LogModuleManager: Shutting down and abandoning module GameplayMediaEncoder (121)
[2025.09.30-00.29.46:943][919]LogModuleManager: Shutting down and abandoning module AVEncoder (120)
[2025.09.30-00.29.46:943][919]LogModuleManager: Shutting down and abandoning module SteamVRInputDevice (116)
[2025.09.30-00.29.46:943][919]LogModuleManager: Shutting down and abandoning module SteamVRInput (114)
[2025.09.30-00.29.46:943][919]LogModuleManager: Shutting down and abandoning module SteamVR (112)
[2025.09.30-00.29.46:943][919]LogHMD: Freeing OpenVRDLLHandle.
[2025.09.30-00.29.46:943][919]LogModuleManager: Shutting down and abandoning module OculusHMD (110)
[2025.09.30-00.29.46:943][919]LogModuleManager: Shutting down and abandoning module OpenXRHandTracking (108)
[2025.09.30-00.29.46:943][919]LogSlate: Slate User Destroyed.  User Index 0, Is Virtual User: 0
[2025.09.30-00.29.46:943][919]LogModuleManager: Shutting down and abandoning module OpenXREyeTracker (106)
[2025.09.30-00.29.46:943][919]LogModuleManager: Shutting down and abandoning module OpenXRAR (104)
[2025.09.30-00.29.46:943][919]LogModuleManager: Shutting down and abandoning module AugmentedReality (103)
[2025.09.30-00.29.46:943][919]LogModuleManager: Shutting down and abandoning module OpenXRHMD (100)
[2025.09.30-00.29.46:943][919]LogModuleManager: Shutting down and abandoning module ExampleDeviceProfileSelector (98)
[2025.09.30-00.29.46:943][919]LogModuleManager: Shutting down and abandoning module ChunkDownloader (96)
[2025.09.30-00.29.46:943][919]LogModuleManager: Shutting down and abandoning module LauncherChunkInstaller (94)
[2025.09.30-00.29.46:943][919]LogModuleManager: Shutting down and abandoning module OnlineBlueprintSupport (92)
[2025.09.30-00.29.46:943][919]LogModuleManager: Shutting down and abandoning module OnlineSubsystem (88)
[2025.09.30-00.29.46:944][919]LogModuleManager: Shutting down and abandoning module XMPP (83)
[2025.09.30-00.29.46:944][919]LogModuleManager: Shutting down and abandoning module WebSockets (82)
[2025.09.30-00.29.46:954][919]LogModuleManager: Shutting down and abandoning module HTTP (79)
[2025.09.30-00.29.46:954][919]LogHttp: Display: Http module shutting down, but needs to wait on 1 outstanding Http requests:
[2025.09.30-00.29.46:954][919]LogHttp: Display: 	verb=[POST] url=[https://datarouter.ol.epicgames.com/datarouter/api/v1/public/data?SessionID=%7B20D8F668-4BAB-DD36-A23F-53A16EF9EC1E%7D&AppID=UEEditor.Rocket.Release&AppVersion=4.27.2-18319896%2B%2B%2BUE4%2BRelease-4.27&UserID=ff613de04445e87a751d3d88f719c9ab%7C92b915b8b6964a98a670edb4ad65aabd%7C0d465c27-dae1-41ae-b75e-4ea01e26faf1&AppEnvironment=datacollector-binary&UploadType=eteventstream] refs=[1] status=Processing
[2025.09.30-00.29.46:954][919]LogHttp: Display: cleaning up 1 outstanding Http requests.
[2025.09.30-00.29.46:982][919]LogModuleManager: Shutting down and abandoning module SSL (78)
[2025.09.30-00.29.46:983][919]LogModuleManager: Shutting down and abandoning module WmfMedia (74)
[2025.09.30-00.29.46:984][919]LogModuleManager: Shutting down and abandoning module Media (73)
[2025.09.30-00.29.46:985][919]LogModuleManager: Shutting down and abandoning module MediaInfo (72)
[2025.09.30-00.29.46:985][919]LogModuleManager: Shutting down and abandoning module ExrReaderGpu (68)
[2025.09.30-00.29.46:985][919]LogModuleManager: Shutting down and abandoning module MLSDK (66)
[2025.09.30-00.29.46:985][919]LogModuleManager: Shutting down and abandoning module MagicLeap (64)
[2025.09.30-00.29.46:985][919]LogModuleManager: Shutting down and abandoning module VariantManagerContent (62)
[2025.09.30-00.29.46:985][919]LogModuleManager: Shutting down and abandoning module NiagaraVertexFactories (60)
[2025.09.30-00.29.46:985][919]LogModuleManager: Shutting down and abandoning module NiagaraShader (58)
[2025.09.30-00.29.46:985][919]LogModuleManager: Shutting down and abandoning module DatasmithContent (56)
[2025.09.30-00.29.46:985][919]LogModuleManager: Shutting down and abandoning module ChaosCloth (54)
[2025.09.30-00.29.46:985][919]LogModuleManager: Shutting down and abandoning module PixWinPlugin (52)
[2025.09.30-00.29.46:985][919]LogModuleManager: Shutting down and abandoning module AISupportModule (50)
[2025.09.30-00.29.46:985][919]LogModuleManager: Shutting down and abandoning module DesktopPlatform (48)
[2025.09.30-00.29.46:985][919]LogModuleManager: Shutting down and abandoning module PythonScriptPluginPreload (46)
[2025.09.30-00.29.46:985][919]LogModuleManager: Shutting down and abandoning module PlatformCryptoOpenSSL (44)
[2025.09.30-00.29.46:985][919]LogModuleManager: Shutting down and abandoning module PlatformCryptoTypes (42)
[2025.09.30-00.29.46:985][919]LogModuleManager: Shutting down and abandoning module PlatformCrypto (40)
[2025.09.30-00.29.46:985][919]LogModuleManager: Shutting down and abandoning module OodleDataCompressionFormat (38)
[2025.09.30-00.29.46:985][919]LogModuleManager: Shutting down and abandoning module XGEController (36)
[2025.09.30-00.29.46:985][919]LogModuleManager: Shutting down and abandoning module AnimationModifiers (34)
[2025.09.30-00.29.46:985][919]LogModuleManager: Shutting down and abandoning module AudioEditor (32)
[2025.09.30-00.29.46:986][919]LogModuleManager: Shutting down and abandoning module PropertyEditor (31)
[2025.09.30-00.29.46:986][919]LogModuleManager: Shutting down and abandoning module TextureCompressor (28)
[2025.09.30-00.29.46:986][919]LogModuleManager: Shutting down and abandoning module RenderCore (26)
[2025.09.30-00.29.46:986][919]LogModuleManager: Shutting down and abandoning module Landscape (24)
[2025.09.30-00.29.46:986][919]LogModuleManager: Shutting down and abandoning module SlateRHIRenderer (22)
[2025.09.30-00.29.46:986][919]LogModuleManager: Shutting down and abandoning module AnimGraphRuntime (20)
[2025.09.30-00.29.46:986][919]LogModuleManager: Shutting down and abandoning module Renderer (18)
[2025.09.30-00.29.46:986][919]LogModuleManager: Shutting down and abandoning module Engine (16)
[2025.09.30-00.29.46:986][919]LogModuleManager: Shutting down and abandoning module CoreUObject (14)
[2025.09.30-00.29.46:986][919]LogModuleManager: Shutting down and abandoning module NetworkFile (12)
[2025.09.30-00.29.46:986][919]LogModuleManager: Shutting down and abandoning module CookedIterativeFile (10)
[2025.09.30-00.29.46:986][919]LogModuleManager: Shutting down and abandoning module StreamingFile (8)
[2025.09.30-00.29.46:986][919]LogModuleManager: Shutting down and abandoning module SandboxFile (6)
[2025.09.30-00.29.46:986][919]LogModuleManager: Shutting down and abandoning module PakFile (4)
[2025.09.30-00.29.46:987][919]LogModuleManager: Shutting down and abandoning module RSA (3)
[2025.09.30-00.29.46:987][919]LogContentStreaming: Display: There are 1 unreleased StreamingManagers
[2025.09.30-00.29.47:003][919]LogD3D11RHI: Shutdown
[2025.09.30-00.29.47:003][919]LogD3D11RHI: CleanupD3DDevice
[2025.09.30-00.29.47:005][919]LogExit: Exiting.
[2025.09.30-00.29.47:013][919]Log file closed, 09/29/25 18:29:47
